performance,metric,DataSet,method,perturb,DEG,Ncontrol,Nimputed,Nstimulated,seed
0.6117,pearson_distance,Wessels,WitnessCell,DOT1L+GFI1,100,371,133,133,1
0.226,mse,Wessels,WitnessCell,DOT1L+GFI1,100,371,133,133,1
2.6222,edistance,Wessels,WitnessCell,DOT1L+GFI1,100,371,133,133,1
0.9956,sym_kldiv,Wessels,WitnessCell,DOT1L+GFI1,100,371,133,133,1
81.4808,wasserstein,Wessels,WitnessCell,DOT1L+GFI1,100,371,133,133,1
0.0,common_degs,Wessels,WitnessCell,DOT1L+GFI1,100,371,133,133,1
0.5597,pearson_distance,Wessels,WitnessCell,DOT1L+GFI1,5000,371,133,133,1
0.0065,mse,Wessels,WitnessCell,DOT1L+GFI1,5000,371,133,133,1
1.3994,edistance,Wessels,WitnessCell,DOT1L+GFI1,5000,371,133,133,1
40.6017,sym_kldiv,Wessels,WitnessCell,DOT1L+GFI1,5000,371,133,133,1
0.873,pearson_distance,Wessels,WitnessCell,DOT1L+IKZF1,100,371,100,100,1
0.0114,mse,Wessels,WitnessCell,DOT1L+IKZF1,100,371,100,100,1
0.2451,edistance,Wessels,WitnessCell,DOT1L+IKZF1,100,371,100,100,1
43.4887,sym_kldiv,Wessels,WitnessCell,DOT1L+IKZF1,100,371,100,100,1
35.7431,wasserstein,Wessels,WitnessCell,DOT1L+IKZF1,100,371,100,100,1
0.0,common_degs,Wessels,WitnessCell,DOT1L+IKZF1,100,371,100,100,1
0.5212,pearson_distance,Wessels,WitnessCell,DOT1L+IKZF1,5000,371,100,100,1
0.003,mse,Wessels,WitnessCell,DOT1L+IKZF1,5000,371,100,100,1
0.8692,edistance,Wessels,WitnessCell,DOT1L+IKZF1,5000,371,100,100,1
40.976,sym_kldiv,Wessels,WitnessCell,DOT1L+IKZF1,5000,371,100,100,1
0.4346,pearson_distance,Wessels,WitnessCell,DOT1L+INTS1,100,371,543,543,1
0.0501,mse,Wessels,WitnessCell,DOT1L+INTS1,100,371,543,543,1
0.725,edistance,Wessels,WitnessCell,DOT1L+INTS1,100,371,543,543,1
0.4491,sym_kldiv,Wessels,WitnessCell,DOT1L+INTS1,100,371,543,543,1
50.3859,wasserstein,Wessels,WitnessCell,DOT1L+INTS1,100,371,543,543,1
0.0,common_degs,Wessels,WitnessCell,DOT1L+INTS1,100,371,543,543,1
0.2974,pearson_distance,Wessels,WitnessCell,DOT1L+INTS1,5000,371,543,543,1
0.0037,mse,Wessels,WitnessCell,DOT1L+INTS1,5000,371,543,543,1
0.7827,edistance,Wessels,WitnessCell,DOT1L+INTS1,5000,371,543,543,1
39.2295,sym_kldiv,Wessels,WitnessCell,DOT1L+INTS1,5000,371,543,543,1
0.87,pearson_distance,Wessels,WitnessCell,EP300+GFI1,100,371,111,111,1
0.0424,mse,Wessels,WitnessCell,EP300+GFI1,100,371,111,111,1
0.6648,edistance,Wessels,WitnessCell,EP300+GFI1,100,371,111,111,1
40.8906,sym_kldiv,Wessels,WitnessCell,EP300+GFI1,100,371,111,111,1
69.8054,wasserstein,Wessels,WitnessCell,EP300+GFI1,100,371,111,111,1
0.0,common_degs,Wessels,WitnessCell,EP300+GFI1,100,371,111,111,1
0.7957,pearson_distance,Wessels,WitnessCell,EP300+GFI1,5000,371,111,111,1
0.0036,mse,Wessels,WitnessCell,EP300+GFI1,5000,371,111,111,1
0.9133,edistance,Wessels,WitnessCell,EP300+GFI1,5000,371,111,111,1
40.6297,sym_kldiv,Wessels,WitnessCell,EP300+GFI1,5000,371,111,111,1
0.9376,pearson_distance,Wessels,WitnessCell,EP300+IKZF1,100,371,63,63,1
0.0134,mse,Wessels,WitnessCell,EP300+IKZF1,100,371,63,63,1
0.3535,edistance,Wessels,WitnessCell,EP300+IKZF1,100,371,63,63,1
44.1881,sym_kldiv,Wessels,WitnessCell,EP300+IKZF1,100,371,63,63,1
40.8419,wasserstein,Wessels,WitnessCell,EP300+IKZF1,100,371,63,63,1
0.0,common_degs,Wessels,WitnessCell,EP300+IKZF1,100,371,63,63,1
0.7505,pearson_distance,Wessels,WitnessCell,EP300+IKZF1,5000,371,63,63,1
0.004,mse,Wessels,WitnessCell,EP300+IKZF1,5000,371,63,63,1
1.2447,edistance,Wessels,WitnessCell,EP300+IKZF1,5000,371,63,63,1
41.549,sym_kldiv,Wessels,WitnessCell,EP300+IKZF1,5000,371,63,63,1
0.9463,pearson_distance,Wessels,WitnessCell,EP300+INTS1,100,371,160,160,1
0.0163,mse,Wessels,WitnessCell,EP300+INTS1,100,371,160,160,1
0.3123,edistance,Wessels,WitnessCell,EP300+INTS1,100,371,160,160,1
0.4224,sym_kldiv,Wessels,WitnessCell,EP300+INTS1,100,371,160,160,1
64.3013,wasserstein,Wessels,WitnessCell,EP300+INTS1,100,371,160,160,1
0.0,common_degs,Wessels,WitnessCell,EP300+INTS1,100,371,160,160,1
0.8333,pearson_distance,Wessels,WitnessCell,EP300+INTS1,5000,371,160,160,1
0.0027,mse,Wessels,WitnessCell,EP300+INTS1,5000,371,160,160,1
0.6947,edistance,Wessels,WitnessCell,EP300+INTS1,5000,371,160,160,1
40.6148,sym_kldiv,Wessels,WitnessCell,EP300+INTS1,5000,371,160,160,1
0.9505,pearson_distance,Wessels,WitnessCell,FLI1+GFI1,100,371,89,89,1
0.0807,mse,Wessels,WitnessCell,FLI1+GFI1,100,371,89,89,1
1.1514,edistance,Wessels,WitnessCell,FLI1+GFI1,100,371,89,89,1
0.7329,sym_kldiv,Wessels,WitnessCell,FLI1+GFI1,100,371,89,89,1
70.9304,wasserstein,Wessels,WitnessCell,FLI1+GFI1,100,371,89,89,1
0.0,common_degs,Wessels,WitnessCell,FLI1+GFI1,100,371,89,89,1
0.8509,pearson_distance,Wessels,WitnessCell,FLI1+GFI1,5000,371,89,89,1
0.0044,mse,Wessels,WitnessCell,FLI1+GFI1,5000,371,89,89,1
1.1262,edistance,Wessels,WitnessCell,FLI1+GFI1,5000,371,89,89,1
41.3744,sym_kldiv,Wessels,WitnessCell,FLI1+GFI1,5000,371,89,89,1
0.9693,pearson_distance,Wessels,WitnessCell,FLI1+IKZF1,100,371,106,106,1
0.0139,mse,Wessels,WitnessCell,FLI1+IKZF1,100,371,106,106,1
0.3102,edistance,Wessels,WitnessCell,FLI1+IKZF1,100,371,106,106,1
0.4435,sym_kldiv,Wessels,WitnessCell,FLI1+IKZF1,100,371,106,106,1
55.6913,wasserstein,Wessels,WitnessCell,FLI1+IKZF1,100,371,106,106,1
0.0,common_degs,Wessels,WitnessCell,FLI1+IKZF1,100,371,106,106,1
0.8692,pearson_distance,Wessels,WitnessCell,FLI1+IKZF1,5000,371,106,106,1
0.0023,mse,Wessels,WitnessCell,FLI1+IKZF1,5000,371,106,106,1
0.7194,edistance,Wessels,WitnessCell,FLI1+IKZF1,5000,371,106,106,1
41.0274,sym_kldiv,Wessels,WitnessCell,FLI1+IKZF1,5000,371,106,106,1
0.903,pearson_distance,Wessels,WitnessCell,FLI1+INTS1,100,371,322,322,1
0.0286,mse,Wessels,WitnessCell,FLI1+INTS1,100,371,322,322,1
0.4516,edistance,Wessels,WitnessCell,FLI1+INTS1,100,371,322,322,1
0.4981,sym_kldiv,Wessels,WitnessCell,FLI1+INTS1,100,371,322,322,1
52.3543,wasserstein,Wessels,WitnessCell,FLI1+INTS1,100,371,322,322,1
0.0,common_degs,Wessels,WitnessCell,FLI1+INTS1,100,371,322,322,1
0.8343,pearson_distance,Wessels,WitnessCell,FLI1+INTS1,5000,371,322,322,1
0.0026,mse,Wessels,WitnessCell,FLI1+INTS1,5000,371,322,322,1
0.6171,edistance,Wessels,WitnessCell,FLI1+INTS1,5000,371,322,322,1
39.7001,sym_kldiv,Wessels,WitnessCell,FLI1+INTS1,5000,371,322,322,1
0.6219,pearson_distance,Wessels,WitnessCell,GATA2+GFI1,100,371,140,140,1
0.2522,mse,Wessels,WitnessCell,GATA2+GFI1,100,371,140,140,1
2.9978,edistance,Wessels,WitnessCell,GATA2+GFI1,100,371,140,140,1
1.1069,sym_kldiv,Wessels,WitnessCell,GATA2+GFI1,100,371,140,140,1
82.3066,wasserstein,Wessels,WitnessCell,GATA2+GFI1,100,371,140,140,1
0.0,common_degs,Wessels,WitnessCell,GATA2+GFI1,100,371,140,140,1
0.5079,pearson_distance,Wessels,WitnessCell,GATA2+GFI1,5000,371,140,140,1
0.007,mse,Wessels,WitnessCell,GATA2+GFI1,5000,371,140,140,1
1.4888,edistance,Wessels,WitnessCell,GATA2+GFI1,5000,371,140,140,1
40.9059,sym_kldiv,Wessels,WitnessCell,GATA2+GFI1,5000,371,140,140,1
0.8184,pearson_distance,Wessels,WitnessCell,GATA2+IKZF1,100,371,137,137,1
0.0128,mse,Wessels,WitnessCell,GATA2+IKZF1,100,371,137,137,1
0.2519,edistance,Wessels,WitnessCell,GATA2+IKZF1,100,371,137,137,1
41.6276,sym_kldiv,Wessels,WitnessCell,GATA2+IKZF1,100,371,137,137,1
40.2275,wasserstein,Wessels,WitnessCell,GATA2+IKZF1,100,371,137,137,1
0.0,common_degs,Wessels,WitnessCell,GATA2+IKZF1,100,371,137,137,1
0.5751,pearson_distance,Wessels,WitnessCell,GATA2+IKZF1,5000,371,137,137,1
0.0018,mse,Wessels,WitnessCell,GATA2+IKZF1,5000,371,137,137,1
0.5791,edistance,Wessels,WitnessCell,GATA2+IKZF1,5000,371,137,137,1
40.3764,sym_kldiv,Wessels,WitnessCell,GATA2+IKZF1,5000,371,137,137,1
0.2156,pearson_distance,Wessels,WitnessCell,GATA2+INTS1,100,371,502,502,1
0.0347,mse,Wessels,WitnessCell,GATA2+INTS1,100,371,502,502,1
0.5134,edistance,Wessels,WitnessCell,GATA2+INTS1,100,371,502,502,1
0.3274,sym_kldiv,Wessels,WitnessCell,GATA2+INTS1,100,371,502,502,1
47.2253,wasserstein,Wessels,WitnessCell,GATA2+INTS1,100,371,502,502,1
0.0,common_degs,Wessels,WitnessCell,GATA2+INTS1,100,371,502,502,1
0.193,pearson_distance,Wessels,WitnessCell,GATA2+INTS1,5000,371,502,502,1
0.0027,mse,Wessels,WitnessCell,GATA2+INTS1,5000,371,502,502,1
0.6035,edistance,Wessels,WitnessCell,GATA2+INTS1,5000,371,502,502,1
39.2662,sym_kldiv,Wessels,WitnessCell,GATA2+INTS1,5000,371,502,502,1
0.513,pearson_distance,Wessels,WitnessCell,GFI1+GSE1,100,371,65,65,1
0.3492,mse,Wessels,WitnessCell,GFI1+GSE1,100,371,65,65,1
4.2526,edistance,Wessels,WitnessCell,GFI1+GSE1,100,371,65,65,1
43.5505,sym_kldiv,Wessels,WitnessCell,GFI1+GSE1,100,371,65,65,1
85.9755,wasserstein,Wessels,WitnessCell,GFI1+GSE1,100,371,65,65,1
0.0,common_degs,Wessels,WitnessCell,GFI1+GSE1,100,371,65,65,1
0.4269,pearson_distance,Wessels,WitnessCell,GFI1+GSE1,5000,371,65,65,1
0.0109,mse,Wessels,WitnessCell,GFI1+GSE1,5000,371,65,65,1
2.4211,edistance,Wessels,WitnessCell,GFI1+GSE1,5000,371,65,65,1
41.7267,sym_kldiv,Wessels,WitnessCell,GFI1+GSE1,5000,371,65,65,1
0.7638,pearson_distance,Wessels,WitnessCell,GFI1+HDAC3,100,371,167,167,1
0.2945,mse,Wessels,WitnessCell,GFI1+HDAC3,100,371,167,167,1
3.4702,edistance,Wessels,WitnessCell,GFI1+HDAC3,100,371,167,167,1
1.1336,sym_kldiv,Wessels,WitnessCell,GFI1+HDAC3,100,371,167,167,1
84.3444,wasserstein,Wessels,WitnessCell,GFI1+HDAC3,100,371,167,167,1
0.0,common_degs,Wessels,WitnessCell,GFI1+HDAC3,100,371,167,167,1
0.674,pearson_distance,Wessels,WitnessCell,GFI1+HDAC3,5000,371,167,167,1
0.008,mse,Wessels,WitnessCell,GFI1+HDAC3,5000,371,167,167,1
1.6615,edistance,Wessels,WitnessCell,GFI1+HDAC3,5000,371,167,167,1
40.4632,sym_kldiv,Wessels,WitnessCell,GFI1+HDAC3,5000,371,167,167,1
0.9538,pearson_distance,Wessels,WitnessCell,GFI1+KDM1A,100,371,62,62,1
0.0936,mse,Wessels,WitnessCell,GFI1+KDM1A,100,371,62,62,1
1.4382,edistance,Wessels,WitnessCell,GFI1+KDM1A,100,371,62,62,1
42.9796,sym_kldiv,Wessels,WitnessCell,GFI1+KDM1A,100,371,62,62,1
57.2766,wasserstein,Wessels,WitnessCell,GFI1+KDM1A,100,371,62,62,1
0.0,common_degs,Wessels,WitnessCell,GFI1+KDM1A,100,371,62,62,1
0.8574,pearson_distance,Wessels,WitnessCell,GFI1+KDM1A,5000,371,62,62,1
0.0046,mse,Wessels,WitnessCell,GFI1+KDM1A,5000,371,62,62,1
1.3199,edistance,Wessels,WitnessCell,GFI1+KDM1A,5000,371,62,62,1
42.0002,sym_kldiv,Wessels,WitnessCell,GFI1+KDM1A,5000,371,62,62,1
0.8331,pearson_distance,Wessels,WitnessCell,GFI1+MED24,100,371,124,124,1
0.1348,mse,Wessels,WitnessCell,GFI1+MED24,100,371,124,124,1
1.6401,edistance,Wessels,WitnessCell,GFI1+MED24,100,371,124,124,1
0.6013,sym_kldiv,Wessels,WitnessCell,GFI1+MED24,100,371,124,124,1
80.0371,wasserstein,Wessels,WitnessCell,GFI1+MED24,100,371,124,124,1
0.0,common_degs,Wessels,WitnessCell,GFI1+MED24,100,371,124,124,1
0.672,pearson_distance,Wessels,WitnessCell,GFI1+MED24,5000,371,124,124,1
0.0063,mse,Wessels,WitnessCell,GFI1+MED24,5000,371,124,124,1
1.3616,edistance,Wessels,WitnessCell,GFI1+MED24,5000,371,124,124,1
40.8021,sym_kldiv,Wessels,WitnessCell,GFI1+MED24,5000,371,124,124,1
0.5932,pearson_distance,Wessels,WitnessCell,GFI1+RCOR1,100,371,76,76,1
0.1829,mse,Wessels,WitnessCell,GFI1+RCOR1,100,371,76,76,1
2.4342,edistance,Wessels,WitnessCell,GFI1+RCOR1,100,371,76,76,1
43.8625,sym_kldiv,Wessels,WitnessCell,GFI1+RCOR1,100,371,76,76,1
63.5414,wasserstein,Wessels,WitnessCell,GFI1+RCOR1,100,371,76,76,1
0.0,common_degs,Wessels,WitnessCell,GFI1+RCOR1,100,371,76,76,1
0.5038,pearson_distance,Wessels,WitnessCell,GFI1+RCOR1,5000,371,76,76,1
0.0064,mse,Wessels,WitnessCell,GFI1+RCOR1,5000,371,76,76,1
1.5526,edistance,Wessels,WitnessCell,GFI1+RCOR1,5000,371,76,76,1
41.535,sym_kldiv,Wessels,WitnessCell,GFI1+RCOR1,5000,371,76,76,1
0.661,pearson_distance,Wessels,WitnessCell,GFI1+RING1,100,371,151,151,1
0.2027,mse,Wessels,WitnessCell,GFI1+RING1,100,371,151,151,1
2.3986,edistance,Wessels,WitnessCell,GFI1+RING1,100,371,151,151,1
0.8962,sym_kldiv,Wessels,WitnessCell,GFI1+RING1,100,371,151,151,1
81.2545,wasserstein,Wessels,WitnessCell,GFI1+RING1,100,371,151,151,1
0.0,common_degs,Wessels,WitnessCell,GFI1+RING1,100,371,151,151,1
0.576,pearson_distance,Wessels,WitnessCell,GFI1+RING1,5000,371,151,151,1
0.0059,mse,Wessels,WitnessCell,GFI1+RING1,5000,371,151,151,1
1.2723,edistance,Wessels,WitnessCell,GFI1+RING1,5000,371,151,151,1
40.5348,sym_kldiv,Wessels,WitnessCell,GFI1+RING1,5000,371,151,151,1
0.5951,pearson_distance,Wessels,WitnessCell,GFI1+SMARCD1,100,371,143,143,1
0.16,mse,Wessels,WitnessCell,GFI1+SMARCD1,100,371,143,143,1
1.9394,edistance,Wessels,WitnessCell,GFI1+SMARCD1,100,371,143,143,1
1.3192,sym_kldiv,Wessels,WitnessCell,GFI1+SMARCD1,100,371,143,143,1
70.4464,wasserstein,Wessels,WitnessCell,GFI1+SMARCD1,100,371,143,143,1
0.0,common_degs,Wessels,WitnessCell,GFI1+SMARCD1,100,371,143,143,1
0.604,pearson_distance,Wessels,WitnessCell,GFI1+SMARCD1,5000,371,143,143,1
0.0051,mse,Wessels,WitnessCell,GFI1+SMARCD1,5000,371,143,143,1
1.1226,edistance,Wessels,WitnessCell,GFI1+SMARCD1,5000,371,143,143,1
40.4556,sym_kldiv,Wessels,WitnessCell,GFI1+SMARCD1,5000,371,143,143,1
0.6062,pearson_distance,Wessels,WitnessCell,GSE1+IKZF1,100,371,72,72,1
0.0897,mse,Wessels,WitnessCell,GSE1+IKZF1,100,371,72,72,1
1.4025,edistance,Wessels,WitnessCell,GSE1+IKZF1,100,371,72,72,1
44.4623,sym_kldiv,Wessels,WitnessCell,GSE1+IKZF1,100,371,72,72,1
44.5448,wasserstein,Wessels,WitnessCell,GSE1+IKZF1,100,371,72,72,1
0.0,common_degs,Wessels,WitnessCell,GSE1+IKZF1,100,371,72,72,1
0.4659,pearson_distance,Wessels,WitnessCell,GSE1+IKZF1,5000,371,72,72,1
0.0052,mse,Wessels,WitnessCell,GSE1+IKZF1,5000,371,72,72,1
1.3598,edistance,Wessels,WitnessCell,GSE1+IKZF1,5000,371,72,72,1
41.3458,sym_kldiv,Wessels,WitnessCell,GSE1+IKZF1,5000,371,72,72,1
0.2905,pearson_distance,Wessels,WitnessCell,GSE1+INTS1,100,371,381,381,1
0.2177,mse,Wessels,WitnessCell,GSE1+INTS1,100,371,381,381,1
2.629,edistance,Wessels,WitnessCell,GSE1+INTS1,100,371,381,381,1
0.7017,sym_kldiv,Wessels,WitnessCell,GSE1+INTS1,100,371,381,381,1
74.0719,wasserstein,Wessels,WitnessCell,GSE1+INTS1,100,371,381,381,1
0.0,common_degs,Wessels,WitnessCell,GSE1+INTS1,100,371,381,381,1
0.3597,pearson_distance,Wessels,WitnessCell,GSE1+INTS1,5000,371,381,381,1
0.0067,mse,Wessels,WitnessCell,GSE1+INTS1,5000,371,381,381,1
1.3034,edistance,Wessels,WitnessCell,GSE1+INTS1,5000,371,381,381,1
39.5342,sym_kldiv,Wessels,WitnessCell,GSE1+INTS1,5000,371,381,381,1
0.9109,pearson_distance,Wessels,WitnessCell,HDAC3+IKZF1,100,371,87,87,1
0.0144,mse,Wessels,WitnessCell,HDAC3+IKZF1,100,371,87,87,1
0.3245,edistance,Wessels,WitnessCell,HDAC3+IKZF1,100,371,87,87,1
42.8096,sym_kldiv,Wessels,WitnessCell,HDAC3+IKZF1,100,371,87,87,1
37.9093,wasserstein,Wessels,WitnessCell,HDAC3+IKZF1,100,371,87,87,1
0.0,common_degs,Wessels,WitnessCell,HDAC3+IKZF1,100,371,87,87,1
0.6498,pearson_distance,Wessels,WitnessCell,HDAC3+IKZF1,5000,371,87,87,1
0.0031,mse,Wessels,WitnessCell,HDAC3+IKZF1,5000,371,87,87,1
0.9562,edistance,Wessels,WitnessCell,HDAC3+IKZF1,5000,371,87,87,1
41.2707,sym_kldiv,Wessels,WitnessCell,HDAC3+IKZF1,5000,371,87,87,1
0.7708,pearson_distance,Wessels,WitnessCell,HDAC3+INTS1,100,371,600,600,1
0.0362,mse,Wessels,WitnessCell,HDAC3+INTS1,100,371,600,600,1
0.5238,edistance,Wessels,WitnessCell,HDAC3+INTS1,100,371,600,600,1
0.3607,sym_kldiv,Wessels,WitnessCell,HDAC3+INTS1,100,371,600,600,1
51.2966,wasserstein,Wessels,WitnessCell,HDAC3+INTS1,100,371,600,600,1
0.0,common_degs,Wessels,WitnessCell,HDAC3+INTS1,100,371,600,600,1
0.6554,pearson_distance,Wessels,WitnessCell,HDAC3+INTS1,5000,371,600,600,1
0.0029,mse,Wessels,WitnessCell,HDAC3+INTS1,5000,371,600,600,1
0.6411,edistance,Wessels,WitnessCell,HDAC3+INTS1,5000,371,600,600,1
39.0134,sym_kldiv,Wessels,WitnessCell,HDAC3+INTS1,5000,371,600,600,1
0.9675,pearson_distance,Wessels,WitnessCell,IKZF1+KDM1A,100,371,153,153,1
0.0201,mse,Wessels,WitnessCell,IKZF1+KDM1A,100,371,153,153,1
0.3539,edistance,Wessels,WitnessCell,IKZF1+KDM1A,100,371,153,153,1
0.5392,sym_kldiv,Wessels,WitnessCell,IKZF1+KDM1A,100,371,153,153,1
54.5339,wasserstein,Wessels,WitnessCell,IKZF1+KDM1A,100,371,153,153,1
0.0,common_degs,Wessels,WitnessCell,IKZF1+KDM1A,100,371,153,153,1
0.8993,pearson_distance,Wessels,WitnessCell,IKZF1+KDM1A,5000,371,153,153,1
0.0023,mse,Wessels,WitnessCell,IKZF1+KDM1A,5000,371,153,153,1
0.6329,edistance,Wessels,WitnessCell,IKZF1+KDM1A,5000,371,153,153,1
40.4913,sym_kldiv,Wessels,WitnessCell,IKZF1+KDM1A,5000,371,153,153,1
0.8949,pearson_distance,Wessels,WitnessCell,IKZF1+MED24,100,371,94,94,1
0.1025,mse,Wessels,WitnessCell,IKZF1+MED24,100,371,94,94,1
1.3466,edistance,Wessels,WitnessCell,IKZF1+MED24,100,371,94,94,1
0.5746,sym_kldiv,Wessels,WitnessCell,IKZF1+MED24,100,371,94,94,1
73.5952,wasserstein,Wessels,WitnessCell,IKZF1+MED24,100,371,94,94,1
0.0,common_degs,Wessels,WitnessCell,IKZF1+MED24,100,371,94,94,1
0.6533,pearson_distance,Wessels,WitnessCell,IKZF1+MED24,5000,371,94,94,1
0.0067,mse,Wessels,WitnessCell,IKZF1+MED24,5000,371,94,94,1
1.5031,edistance,Wessels,WitnessCell,IKZF1+MED24,5000,371,94,94,1
41.1229,sym_kldiv,Wessels,WitnessCell,IKZF1+MED24,5000,371,94,94,1
0.8176,pearson_distance,Wessels,WitnessCell,IKZF1+RCOR1,100,371,54,54,1
0.0074,mse,Wessels,WitnessCell,IKZF1+RCOR1,100,371,54,54,1
0.3068,edistance,Wessels,WitnessCell,IKZF1+RCOR1,100,371,54,54,1
45.6993,sym_kldiv,Wessels,WitnessCell,IKZF1+RCOR1,100,371,54,54,1
10.4873,wasserstein,Wessels,WitnessCell,IKZF1+RCOR1,100,371,54,54,1
0.0,common_degs,Wessels,WitnessCell,IKZF1+RCOR1,100,371,54,54,1
0.3549,pearson_distance,Wessels,WitnessCell,IKZF1+RCOR1,5000,371,54,54,1
0.0043,mse,Wessels,WitnessCell,IKZF1+RCOR1,5000,371,54,54,1
1.3313,edistance,Wessels,WitnessCell,IKZF1+RCOR1,5000,371,54,54,1
41.9927,sym_kldiv,Wessels,WitnessCell,IKZF1+RCOR1,5000,371,54,54,1
0.9211,pearson_distance,Wessels,WitnessCell,IKZF1+SMARCD1,100,371,135,135,1
0.0148,mse,Wessels,WitnessCell,IKZF1+SMARCD1,100,371,135,135,1
0.2676,edistance,Wessels,WitnessCell,IKZF1+SMARCD1,100,371,135,135,1
0.2713,sym_kldiv,Wessels,WitnessCell,IKZF1+SMARCD1,100,371,135,135,1
50.2268,wasserstein,Wessels,WitnessCell,IKZF1+SMARCD1,100,371,135,135,1
0.0,common_degs,Wessels,WitnessCell,IKZF1+SMARCD1,100,371,135,135,1
0.7562,pearson_distance,Wessels,WitnessCell,IKZF1+SMARCD1,5000,371,135,135,1
0.002,mse,Wessels,WitnessCell,IKZF1+SMARCD1,5000,371,135,135,1
0.6085,edistance,Wessels,WitnessCell,IKZF1+SMARCD1,5000,371,135,135,1
40.46,sym_kldiv,Wessels,WitnessCell,IKZF1+SMARCD1,5000,371,135,135,1
0.9153,pearson_distance,Wessels,WitnessCell,INTS1+KDM1A,100,371,432,432,1
0.0581,mse,Wessels,WitnessCell,INTS1+KDM1A,100,371,432,432,1
0.8591,edistance,Wessels,WitnessCell,INTS1+KDM1A,100,371,432,432,1
0.6882,sym_kldiv,Wessels,WitnessCell,INTS1+KDM1A,100,371,432,432,1
54.7632,wasserstein,Wessels,WitnessCell,INTS1+KDM1A,100,371,432,432,1
0.0,common_degs,Wessels,WitnessCell,INTS1+KDM1A,100,371,432,432,1
0.8438,pearson_distance,Wessels,WitnessCell,INTS1+KDM1A,5000,371,432,432,1
0.0036,mse,Wessels,WitnessCell,INTS1+KDM1A,5000,371,432,432,1
0.7558,edistance,Wessels,WitnessCell,INTS1+KDM1A,5000,371,432,432,1
39.6387,sym_kldiv,Wessels,WitnessCell,INTS1+KDM1A,5000,371,432,432,1
0.8498,pearson_distance,Wessels,WitnessCell,INTS1+MED24,100,371,284,284,1
0.13,mse,Wessels,WitnessCell,INTS1+MED24,100,371,284,284,1
1.585,edistance,Wessels,WitnessCell,INTS1+MED24,100,371,284,284,1
0.7164,sym_kldiv,Wessels,WitnessCell,INTS1+MED24,100,371,284,284,1
73.0647,wasserstein,Wessels,WitnessCell,INTS1+MED24,100,371,284,284,1
0.0,common_degs,Wessels,WitnessCell,INTS1+MED24,100,371,284,284,1
0.6737,pearson_distance,Wessels,WitnessCell,INTS1+MED24,5000,371,284,284,1
0.0066,mse,Wessels,WitnessCell,INTS1+MED24,5000,371,284,284,1
1.2925,edistance,Wessels,WitnessCell,INTS1+MED24,5000,371,284,284,1
40.1721,sym_kldiv,Wessels,WitnessCell,INTS1+MED24,5000,371,284,284,1
0.7835,pearson_distance,Wessels,WitnessCell,INTS1+MYB,100,371,101,101,1
0.1702,mse,Wessels,WitnessCell,INTS1+MYB,100,371,101,101,1
1.9678,edistance,Wessels,WitnessCell,INTS1+MYB,100,371,101,101,1
1.0749,sym_kldiv,Wessels,WitnessCell,INTS1+MYB,100,371,101,101,1
92.2138,wasserstein,Wessels,WitnessCell,INTS1+MYB,100,371,101,101,1
0.0,common_degs,Wessels,WitnessCell,INTS1+MYB,100,371,101,101,1
0.6216,pearson_distance,Wessels,WitnessCell,INTS1+MYB,5000,371,101,101,1
0.008,mse,Wessels,WitnessCell,INTS1+MYB,5000,371,101,101,1
1.7365,edistance,Wessels,WitnessCell,INTS1+MYB,5000,371,101,101,1
41.2747,sym_kldiv,Wessels,WitnessCell,INTS1+MYB,5000,371,101,101,1
0.4475,pearson_distance,Wessels,WitnessCell,INTS1+RCOR1,100,371,450,450,1
0.0247,mse,Wessels,WitnessCell,INTS1+RCOR1,100,371,450,450,1
0.3953,edistance,Wessels,WitnessCell,INTS1+RCOR1,100,371,450,450,1
0.354,sym_kldiv,Wessels,WitnessCell,INTS1+RCOR1,100,371,450,450,1
43.5316,wasserstein,Wessels,WitnessCell,INTS1+RCOR1,100,371,450,450,1
0.0,common_degs,Wessels,WitnessCell,INTS1+RCOR1,100,371,450,450,1
0.3492,pearson_distance,Wessels,WitnessCell,INTS1+RCOR1,5000,371,450,450,1
0.0028,mse,Wessels,WitnessCell,INTS1+RCOR1,5000,371,450,450,1
0.6171,edistance,Wessels,WitnessCell,INTS1+RCOR1,5000,371,450,450,1
39.3672,sym_kldiv,Wessels,WitnessCell,INTS1+RCOR1,5000,371,450,450,1
0.4303,pearson_distance,Wessels,WitnessCell,INTS1+RING1,100,371,498,498,1
0.046,mse,Wessels,WitnessCell,INTS1+RING1,100,371,498,498,1
0.6964,edistance,Wessels,WitnessCell,INTS1+RING1,100,371,498,498,1
0.588,sym_kldiv,Wessels,WitnessCell,INTS1+RING1,100,371,498,498,1
44.1367,wasserstein,Wessels,WitnessCell,INTS1+RING1,100,371,498,498,1
0.0,common_degs,Wessels,WitnessCell,INTS1+RING1,100,371,498,498,1
0.3756,pearson_distance,Wessels,WitnessCell,INTS1+RING1,5000,371,498,498,1
0.0031,mse,Wessels,WitnessCell,INTS1+RING1,5000,371,498,498,1
0.687,edistance,Wessels,WitnessCell,INTS1+RING1,5000,371,498,498,1
39.2396,sym_kldiv,Wessels,WitnessCell,INTS1+RING1,5000,371,498,498,1
0.8758,pearson_distance,Wessels,WitnessCell,INTS1+SMARCD1,100,371,664,664,1
0.0126,mse,Wessels,WitnessCell,INTS1+SMARCD1,100,371,664,664,1
0.2152,edistance,Wessels,WitnessCell,INTS1+SMARCD1,100,371,664,664,1
0.3098,sym_kldiv,Wessels,WitnessCell,INTS1+SMARCD1,100,371,664,664,1
40.4568,wasserstein,Wessels,WitnessCell,INTS1+SMARCD1,100,371,664,664,1
0.0,common_degs,Wessels,WitnessCell,INTS1+SMARCD1,100,371,664,664,1
0.5843,pearson_distance,Wessels,WitnessCell,INTS1+SMARCD1,5000,371,664,664,1
0.0027,mse,Wessels,WitnessCell,INTS1+SMARCD1,5000,371,664,664,1
0.5783,edistance,Wessels,WitnessCell,INTS1+SMARCD1,5000,371,664,664,1
39.1474,sym_kldiv,Wessels,WitnessCell,INTS1+SMARCD1,5000,371,664,664,1
0.6327,pearson_distance,Wessels,WitnessCell,INTS1+SSRP1,100,371,317,317,1
0.0277,mse,Wessels,WitnessCell,INTS1+SSRP1,100,371,317,317,1
0.4408,edistance,Wessels,WitnessCell,INTS1+SSRP1,100,371,317,317,1
0.3229,sym_kldiv,Wessels,WitnessCell,INTS1+SSRP1,100,371,317,317,1
46.4171,wasserstein,Wessels,WitnessCell,INTS1+SSRP1,100,371,317,317,1
0.0,common_degs,Wessels,WitnessCell,INTS1+SSRP1,100,371,317,317,1
0.4703,pearson_distance,Wessels,WitnessCell,INTS1+SSRP1,5000,371,317,317,1
0.003,mse,Wessels,WitnessCell,INTS1+SSRP1,5000,371,317,317,1
0.6733,edistance,Wessels,WitnessCell,INTS1+SSRP1,5000,371,317,317,1
39.554,sym_kldiv,Wessels,WitnessCell,INTS1+SSRP1,5000,371,317,317,1
0.9577,pearson_distance,Wessels,WitnessCell,MED13L+MED16,100,371,148,148,1
0.0141,mse,Wessels,WitnessCell,MED13L+MED16,100,371,148,148,1
0.295,edistance,Wessels,WitnessCell,MED13L+MED16,100,371,148,148,1
0.2105,sym_kldiv,Wessels,WitnessCell,MED13L+MED16,100,371,148,148,1
62.8573,wasserstein,Wessels,WitnessCell,MED13L+MED16,100,371,148,148,1
0.0,common_degs,Wessels,WitnessCell,MED13L+MED16,100,371,148,148,1
0.7933,pearson_distance,Wessels,WitnessCell,MED13L+MED16,5000,371,148,148,1
0.0026,mse,Wessels,WitnessCell,MED13L+MED16,5000,371,148,148,1
0.7317,edistance,Wessels,WitnessCell,MED13L+MED16,5000,371,148,148,1
40.8193,sym_kldiv,Wessels,WitnessCell,MED13L+MED16,5000,371,148,148,1
0.9575,pearson_distance,Wessels,WitnessCell,MED13L+MED19,100,371,77,77,1
0.0421,mse,Wessels,WitnessCell,MED13L+MED19,100,371,77,77,1
0.6733,edistance,Wessels,WitnessCell,MED13L+MED19,100,371,77,77,1
42.482,sym_kldiv,Wessels,WitnessCell,MED13L+MED19,100,371,77,77,1
63.5695,wasserstein,Wessels,WitnessCell,MED13L+MED19,100,371,77,77,1
0.0,common_degs,Wessels,WitnessCell,MED13L+MED19,100,371,77,77,1
0.8106,pearson_distance,Wessels,WitnessCell,MED13L+MED19,5000,371,77,77,1
0.004,mse,Wessels,WitnessCell,MED13L+MED19,5000,371,77,77,1
1.1698,edistance,Wessels,WitnessCell,MED13L+MED19,5000,371,77,77,1
41.418,sym_kldiv,Wessels,WitnessCell,MED13L+MED19,5000,371,77,77,1
0.9534,pearson_distance,Wessels,WitnessCell,MED13L+MED22,100,371,90,90,1
0.0228,mse,Wessels,WitnessCell,MED13L+MED22,100,371,90,90,1
0.4162,edistance,Wessels,WitnessCell,MED13L+MED22,100,371,90,90,1
40.7614,sym_kldiv,Wessels,WitnessCell,MED13L+MED22,100,371,90,90,1
61.6931,wasserstein,Wessels,WitnessCell,MED13L+MED22,100,371,90,90,1
0.0,common_degs,Wessels,WitnessCell,MED13L+MED22,100,371,90,90,1
0.7927,pearson_distance,Wessels,WitnessCell,MED13L+MED22,5000,371,90,90,1
0.0031,mse,Wessels,WitnessCell,MED13L+MED22,5000,371,90,90,1
0.9831,edistance,Wessels,WitnessCell,MED13L+MED22,5000,371,90,90,1
41.3531,sym_kldiv,Wessels,WitnessCell,MED13L+MED22,5000,371,90,90,1
0.8992,pearson_distance,Wessels,WitnessCell,MED13L+MED24,100,371,92,92,1
0.1408,mse,Wessels,WitnessCell,MED13L+MED24,100,371,92,92,1
1.7543,edistance,Wessels,WitnessCell,MED13L+MED24,100,371,92,92,1
0.7539,sym_kldiv,Wessels,WitnessCell,MED13L+MED24,100,371,92,92,1
77.6577,wasserstein,Wessels,WitnessCell,MED13L+MED24,100,371,92,92,1
0.0,common_degs,Wessels,WitnessCell,MED13L+MED24,100,371,92,92,1
0.6407,pearson_distance,Wessels,WitnessCell,MED13L+MED24,5000,371,92,92,1
0.0085,mse,Wessels,WitnessCell,MED13L+MED24,5000,371,92,92,1
1.8506,edistance,Wessels,WitnessCell,MED13L+MED24,5000,371,92,92,1
41.1996,sym_kldiv,Wessels,WitnessCell,MED13L+MED24,5000,371,92,92,1
0.939,pearson_distance,Wessels,WitnessCell,MED14+MED19,100,371,63,63,1
0.0924,mse,Wessels,WitnessCell,MED14+MED19,100,371,63,63,1
1.4098,edistance,Wessels,WitnessCell,MED14+MED19,100,371,63,63,1
41.1582,sym_kldiv,Wessels,WitnessCell,MED14+MED19,100,371,63,63,1
72.3162,wasserstein,Wessels,WitnessCell,MED14+MED19,100,371,63,63,1
0.0,common_degs,Wessels,WitnessCell,MED14+MED19,100,371,63,63,1
0.7969,pearson_distance,Wessels,WitnessCell,MED14+MED19,5000,371,63,63,1
0.0066,mse,Wessels,WitnessCell,MED14+MED19,5000,371,63,63,1
1.7614,edistance,Wessels,WitnessCell,MED14+MED19,5000,371,63,63,1
41.9628,sym_kldiv,Wessels,WitnessCell,MED14+MED19,5000,371,63,63,1
0.9454,pearson_distance,Wessels,WitnessCell,MED14+MED22,100,371,63,63,1
0.0719,mse,Wessels,WitnessCell,MED14+MED22,100,371,63,63,1
1.113,edistance,Wessels,WitnessCell,MED14+MED22,100,371,63,63,1
41.1559,sym_kldiv,Wessels,WitnessCell,MED14+MED22,100,371,63,63,1
66.7705,wasserstein,Wessels,WitnessCell,MED14+MED22,100,371,63,63,1
0.0,common_degs,Wessels,WitnessCell,MED14+MED22,100,371,63,63,1
0.7681,pearson_distance,Wessels,WitnessCell,MED14+MED22,5000,371,63,63,1
0.0064,mse,Wessels,WitnessCell,MED14+MED22,5000,371,63,63,1
1.7049,edistance,Wessels,WitnessCell,MED14+MED22,5000,371,63,63,1
41.7348,sym_kldiv,Wessels,WitnessCell,MED14+MED22,5000,371,63,63,1
0.8299,pearson_distance,Wessels,WitnessCell,MED14+MED24,100,371,68,68,1
0.177,mse,Wessels,WitnessCell,MED14+MED24,100,371,68,68,1
2.2457,edistance,Wessels,WitnessCell,MED14+MED24,100,371,68,68,1
41.1425,sym_kldiv,Wessels,WitnessCell,MED14+MED24,100,371,68,68,1
80.374,wasserstein,Wessels,WitnessCell,MED14+MED24,100,371,68,68,1
0.0,common_degs,Wessels,WitnessCell,MED14+MED24,100,371,68,68,1
0.603,pearson_distance,Wessels,WitnessCell,MED14+MED24,5000,371,68,68,1
0.0107,mse,Wessels,WitnessCell,MED14+MED24,5000,371,68,68,1
2.3126,edistance,Wessels,WitnessCell,MED14+MED24,5000,371,68,68,1
41.6917,sym_kldiv,Wessels,WitnessCell,MED14+MED24,5000,371,68,68,1
0.7966,pearson_distance,Wessels,WitnessCell,SUPT5H+SUPT6H,100,371,123,123,1
0.025,mse,Wessels,WitnessCell,SUPT5H+SUPT6H,100,371,123,123,1
0.4335,edistance,Wessels,WitnessCell,SUPT5H+SUPT6H,100,371,123,123,1
41.6352,sym_kldiv,Wessels,WitnessCell,SUPT5H+SUPT6H,100,371,123,123,1
55.8871,wasserstein,Wessels,WitnessCell,SUPT5H+SUPT6H,100,371,123,123,1
0.0,common_degs,Wessels,WitnessCell,SUPT5H+SUPT6H,100,371,123,123,1
0.6328,pearson_distance,Wessels,WitnessCell,SUPT5H+SUPT6H,5000,371,123,123,1
0.0029,mse,Wessels,WitnessCell,SUPT5H+SUPT6H,5000,371,123,123,1
0.7844,edistance,Wessels,WitnessCell,SUPT5H+SUPT6H,5000,371,123,123,1
40.7814,sym_kldiv,Wessels,WitnessCell,SUPT5H+SUPT6H,5000,371,123,123,1
0.9346,pearson_distance,Wessels,WitnessCell,SUPT16H+SUPT5H,100,371,87,87,1
0.0243,mse,Wessels,WitnessCell,SUPT16H+SUPT5H,100,371,87,87,1
0.4583,edistance,Wessels,WitnessCell,SUPT16H+SUPT5H,100,371,87,87,1
40.8025,sym_kldiv,Wessels,WitnessCell,SUPT16H+SUPT5H,100,371,87,87,1
62.7831,wasserstein,Wessels,WitnessCell,SUPT16H+SUPT5H,100,371,87,87,1
0.0,common_degs,Wessels,WitnessCell,SUPT16H+SUPT5H,100,371,87,87,1
0.7703,pearson_distance,Wessels,WitnessCell,SUPT16H+SUPT5H,5000,371,87,87,1
0.0043,mse,Wessels,WitnessCell,SUPT16H+SUPT5H,5000,371,87,87,1
1.1619,edistance,Wessels,WitnessCell,SUPT16H+SUPT5H,5000,371,87,87,1
41.3258,sym_kldiv,Wessels,WitnessCell,SUPT16H+SUPT5H,5000,371,87,87,1
0.974,pearson_distance,Wessels,WitnessCell,DOT1L+EP300,100,371,126,126,1
0.0074,mse,Wessels,WitnessCell,DOT1L+EP300,100,371,126,126,1
0.224,edistance,Wessels,WitnessCell,DOT1L+EP300,100,371,126,126,1
0.3086,sym_kldiv,Wessels,WitnessCell,DOT1L+EP300,100,371,126,126,1
64.7434,wasserstein,Wessels,WitnessCell,DOT1L+EP300,100,371,126,126,1
0.0,common_degs,Wessels,WitnessCell,DOT1L+EP300,100,371,126,126,1
0.8687,pearson_distance,Wessels,WitnessCell,DOT1L+EP300,5000,371,126,126,1
0.0019,mse,Wessels,WitnessCell,DOT1L+EP300,5000,371,126,126,1
0.6001,edistance,Wessels,WitnessCell,DOT1L+EP300,5000,371,126,126,1
40.6733,sym_kldiv,Wessels,WitnessCell,DOT1L+EP300,5000,371,126,126,1
0.9772,pearson_distance,Wessels,WitnessCell,DOT1L+FLI1,100,371,155,155,1
0.0102,mse,Wessels,WitnessCell,DOT1L+FLI1,100,371,155,155,1
0.2254,edistance,Wessels,WitnessCell,DOT1L+FLI1,100,371,155,155,1
0.5572,sym_kldiv,Wessels,WitnessCell,DOT1L+FLI1,100,371,155,155,1
55.9414,wasserstein,Wessels,WitnessCell,DOT1L+FLI1,100,371,155,155,1
0.0,common_degs,Wessels,WitnessCell,DOT1L+FLI1,100,371,155,155,1
0.894,pearson_distance,Wessels,WitnessCell,DOT1L+FLI1,5000,371,155,155,1
0.0016,mse,Wessels,WitnessCell,DOT1L+FLI1,5000,371,155,155,1
0.5147,edistance,Wessels,WitnessCell,DOT1L+FLI1,5000,371,155,155,1
40.6046,sym_kldiv,Wessels,WitnessCell,DOT1L+FLI1,5000,371,155,155,1
0.9801,pearson_distance,Wessels,WitnessCell,DOT1L+KDM1A,100,371,142,142,1
0.0444,mse,Wessels,WitnessCell,DOT1L+KDM1A,100,371,142,142,1
0.7142,edistance,Wessels,WitnessCell,DOT1L+KDM1A,100,371,142,142,1
0.657,sym_kldiv,Wessels,WitnessCell,DOT1L+KDM1A,100,371,142,142,1
65.955,wasserstein,Wessels,WitnessCell,DOT1L+KDM1A,100,371,142,142,1
0.0,common_degs,Wessels,WitnessCell,DOT1L+KDM1A,100,371,142,142,1
0.936,pearson_distance,Wessels,WitnessCell,DOT1L+KDM1A,5000,371,142,142,1
0.0022,mse,Wessels,WitnessCell,DOT1L+KDM1A,5000,371,142,142,1
0.6264,edistance,Wessels,WitnessCell,DOT1L+KDM1A,5000,371,142,142,1
40.8642,sym_kldiv,Wessels,WitnessCell,DOT1L+KDM1A,5000,371,142,142,1
0.8996,pearson_distance,Wessels,WitnessCell,DOT1L+MED24,100,371,199,199,1
0.0986,mse,Wessels,WitnessCell,DOT1L+MED24,100,371,199,199,1
1.1857,edistance,Wessels,WitnessCell,DOT1L+MED24,100,371,199,199,1
0.5843,sym_kldiv,Wessels,WitnessCell,DOT1L+MED24,100,371,199,199,1
73.7619,wasserstein,Wessels,WitnessCell,DOT1L+MED24,100,371,199,199,1
0.0,common_degs,Wessels,WitnessCell,DOT1L+MED24,100,371,199,199,1
0.7135,pearson_distance,Wessels,WitnessCell,DOT1L+MED24,5000,371,199,199,1
0.0052,mse,Wessels,WitnessCell,DOT1L+MED24,5000,371,199,199,1
1.1295,edistance,Wessels,WitnessCell,DOT1L+MED24,5000,371,199,199,1
40.361,sym_kldiv,Wessels,WitnessCell,DOT1L+MED24,5000,371,199,199,1
0.9353,pearson_distance,Wessels,WitnessCell,DOT1L+RCOR1,100,371,139,139,1
0.0048,mse,Wessels,WitnessCell,DOT1L+RCOR1,100,371,139,139,1
0.139,edistance,Wessels,WitnessCell,DOT1L+RCOR1,100,371,139,139,1
41.7241,sym_kldiv,Wessels,WitnessCell,DOT1L+RCOR1,100,371,139,139,1
37.8693,wasserstein,Wessels,WitnessCell,DOT1L+RCOR1,100,371,139,139,1
0.0,common_degs,Wessels,WitnessCell,DOT1L+RCOR1,100,371,139,139,1
0.6736,pearson_distance,Wessels,WitnessCell,DOT1L+RCOR1,5000,371,139,139,1
0.0016,mse,Wessels,WitnessCell,DOT1L+RCOR1,5000,371,139,139,1
0.5241,edistance,Wessels,WitnessCell,DOT1L+RCOR1,5000,371,139,139,1
40.5268,sym_kldiv,Wessels,WitnessCell,DOT1L+RCOR1,5000,371,139,139,1
0.9672,pearson_distance,Wessels,WitnessCell,DOT1L+SMARCD1,100,371,133,133,1
0.0092,mse,Wessels,WitnessCell,DOT1L+SMARCD1,100,371,133,133,1
0.1893,edistance,Wessels,WitnessCell,DOT1L+SMARCD1,100,371,133,133,1
0.1709,sym_kldiv,Wessels,WitnessCell,DOT1L+SMARCD1,100,371,133,133,1
55.2274,wasserstein,Wessels,WitnessCell,DOT1L+SMARCD1,100,371,133,133,1
0.0,common_degs,Wessels,WitnessCell,DOT1L+SMARCD1,100,371,133,133,1
0.8068,pearson_distance,Wessels,WitnessCell,DOT1L+SMARCD1,5000,371,133,133,1
0.0017,mse,Wessels,WitnessCell,DOT1L+SMARCD1,5000,371,133,133,1
0.5513,edistance,Wessels,WitnessCell,DOT1L+SMARCD1,5000,371,133,133,1
40.5732,sym_kldiv,Wessels,WitnessCell,DOT1L+SMARCD1,5000,371,133,133,1
0.9722,pearson_distance,Wessels,WitnessCell,EP300+GATA2,100,371,117,117,1
0.0063,mse,Wessels,WitnessCell,EP300+GATA2,100,371,117,117,1
0.2387,edistance,Wessels,WitnessCell,EP300+GATA2,100,371,117,117,1
40.8333,sym_kldiv,Wessels,WitnessCell,EP300+GATA2,100,371,117,117,1
67.5245,wasserstein,Wessels,WitnessCell,EP300+GATA2,100,371,117,117,1
0.0,common_degs,Wessels,WitnessCell,EP300+GATA2,100,371,117,117,1
0.8728,pearson_distance,Wessels,WitnessCell,EP300+GATA2,5000,371,117,117,1
0.0016,mse,Wessels,WitnessCell,EP300+GATA2,5000,371,117,117,1
0.5601,edistance,Wessels,WitnessCell,EP300+GATA2,5000,371,117,117,1
40.7149,sym_kldiv,Wessels,WitnessCell,EP300+GATA2,5000,371,117,117,1
0.9282,pearson_distance,Wessels,WitnessCell,EP300+GSE1,100,371,54,54,1
0.0169,mse,Wessels,WitnessCell,EP300+GSE1,100,371,54,54,1
0.3956,edistance,Wessels,WitnessCell,EP300+GSE1,100,371,54,54,1
44.5532,sym_kldiv,Wessels,WitnessCell,EP300+GSE1,100,371,54,54,1
35.7848,wasserstein,Wessels,WitnessCell,EP300+GSE1,100,371,54,54,1
0.0,common_degs,Wessels,WitnessCell,EP300+GSE1,100,371,54,54,1
0.6752,pearson_distance,Wessels,WitnessCell,EP300+GSE1,5000,371,54,54,1
0.005,mse,Wessels,WitnessCell,EP300+GSE1,5000,371,54,54,1
1.445,edistance,Wessels,WitnessCell,EP300+GSE1,5000,371,54,54,1
41.5495,sym_kldiv,Wessels,WitnessCell,EP300+GSE1,5000,371,54,54,1
0.9455,pearson_distance,Wessels,WitnessCell,EP300+MED24,100,371,171,171,1
0.036,mse,Wessels,WitnessCell,EP300+MED24,100,371,171,171,1
0.557,edistance,Wessels,WitnessCell,EP300+MED24,100,371,171,171,1
0.3779,sym_kldiv,Wessels,WitnessCell,EP300+MED24,100,371,171,171,1
70.2337,wasserstein,Wessels,WitnessCell,EP300+MED24,100,371,171,171,1
0.0,common_degs,Wessels,WitnessCell,EP300+MED24,100,371,171,171,1
0.8563,pearson_distance,Wessels,WitnessCell,EP300+MED24,5000,371,171,171,1
0.003,mse,Wessels,WitnessCell,EP300+MED24,5000,371,171,171,1
0.8332,edistance,Wessels,WitnessCell,EP300+MED24,5000,371,171,171,1
40.6949,sym_kldiv,Wessels,WitnessCell,EP300+MED24,5000,371,171,171,1
0.8292,pearson_distance,Wessels,WitnessCell,EP300+MYB,100,371,68,68,1
0.1171,mse,Wessels,WitnessCell,EP300+MYB,100,371,68,68,1
1.5466,edistance,Wessels,WitnessCell,EP300+MYB,100,371,68,68,1
41.7047,sym_kldiv,Wessels,WitnessCell,EP300+MYB,100,371,68,68,1
82.5894,wasserstein,Wessels,WitnessCell,EP300+MYB,100,371,68,68,1
0.0,common_degs,Wessels,WitnessCell,EP300+MYB,100,371,68,68,1
0.6697,pearson_distance,Wessels,WitnessCell,EP300+MYB,5000,371,68,68,1
0.008,mse,Wessels,WitnessCell,EP300+MYB,5000,371,68,68,1
1.8912,edistance,Wessels,WitnessCell,EP300+MYB,5000,371,68,68,1
41.8587,sym_kldiv,Wessels,WitnessCell,EP300+MYB,5000,371,68,68,1
0.9737,pearson_distance,Wessels,WitnessCell,EP300+SSRP1,100,371,74,74,1
0.01,mse,Wessels,WitnessCell,EP300+SSRP1,100,371,74,74,1
0.3856,edistance,Wessels,WitnessCell,EP300+SSRP1,100,371,74,74,1
42.2992,sym_kldiv,Wessels,WitnessCell,EP300+SSRP1,100,371,74,74,1
61.5946,wasserstein,Wessels,WitnessCell,EP300+SSRP1,100,371,74,74,1
0.0,common_degs,Wessels,WitnessCell,EP300+SSRP1,100,371,74,74,1
0.8471,pearson_distance,Wessels,WitnessCell,EP300+SSRP1,5000,371,74,74,1
0.0027,mse,Wessels,WitnessCell,EP300+SSRP1,5000,371,74,74,1
0.8794,edistance,Wessels,WitnessCell,EP300+SSRP1,5000,371,74,74,1
41.4568,sym_kldiv,Wessels,WitnessCell,EP300+SSRP1,5000,371,74,74,1
0.9481,pearson_distance,Wessels,WitnessCell,FLI1+MED24,100,371,260,260,1
0.042,mse,Wessels,WitnessCell,FLI1+MED24,100,371,260,260,1
0.6254,edistance,Wessels,WitnessCell,FLI1+MED24,100,371,260,260,1
0.3264,sym_kldiv,Wessels,WitnessCell,FLI1+MED24,100,371,260,260,1
72.805,wasserstein,Wessels,WitnessCell,FLI1+MED24,100,371,260,260,1
0.0,common_degs,Wessels,WitnessCell,FLI1+MED24,100,371,260,260,1
0.85,pearson_distance,Wessels,WitnessCell,FLI1+MED24,5000,371,260,260,1
0.0035,mse,Wessels,WitnessCell,FLI1+MED24,5000,371,260,260,1
0.8231,edistance,Wessels,WitnessCell,FLI1+MED24,5000,371,260,260,1
40.3065,sym_kldiv,Wessels,WitnessCell,FLI1+MED24,5000,371,260,260,1
0.7816,pearson_distance,Wessels,WitnessCell,GATA2+SSRP1,100,371,54,54,1
0.0068,mse,Wessels,WitnessCell,GATA2+SSRP1,100,371,54,54,1
0.2879,edistance,Wessels,WitnessCell,GATA2+SSRP1,100,371,54,54,1
45.3688,sym_kldiv,Wessels,WitnessCell,GATA2+SSRP1,100,371,54,54,1
9.7585,wasserstein,Wessels,WitnessCell,GATA2+SSRP1,100,371,54,54,1
0.0,common_degs,Wessels,WitnessCell,GATA2+SSRP1,100,371,54,54,1
0.3755,pearson_distance,Wessels,WitnessCell,GATA2+SSRP1,5000,371,54,54,1
0.0035,mse,Wessels,WitnessCell,GATA2+SSRP1,5000,371,54,54,1
1.176,edistance,Wessels,WitnessCell,GATA2+SSRP1,5000,371,54,54,1
41.6133,sym_kldiv,Wessels,WitnessCell,GATA2+SSRP1,5000,371,54,54,1
0.8573,pearson_distance,Wessels,WitnessCell,HDAC3+MED24,100,371,126,126,1
0.1026,mse,Wessels,WitnessCell,HDAC3+MED24,100,371,126,126,1
1.313,edistance,Wessels,WitnessCell,HDAC3+MED24,100,371,126,126,1
41.2735,sym_kldiv,Wessels,WitnessCell,HDAC3+MED24,100,371,126,126,1
68.7086,wasserstein,Wessels,WitnessCell,HDAC3+MED24,100,371,126,126,1
0.0,common_degs,Wessels,WitnessCell,HDAC3+MED24,100,371,126,126,1
0.6242,pearson_distance,Wessels,WitnessCell,HDAC3+MED24,5000,371,126,126,1
0.0071,mse,Wessels,WitnessCell,HDAC3+MED24,5000,371,126,126,1
1.4661,edistance,Wessels,WitnessCell,HDAC3+MED24,5000,371,126,126,1
40.7899,sym_kldiv,Wessels,WitnessCell,HDAC3+MED24,5000,371,126,126,1
0.9841,pearson_distance,Wessels,WitnessCell,KDM1A+RING1,100,371,98,98,1
0.0177,mse,Wessels,WitnessCell,KDM1A+RING1,100,371,98,98,1
0.3432,edistance,Wessels,WitnessCell,KDM1A+RING1,100,371,98,98,1
0.4955,sym_kldiv,Wessels,WitnessCell,KDM1A+RING1,100,371,98,98,1
58.5068,wasserstein,Wessels,WitnessCell,KDM1A+RING1,100,371,98,98,1
0.0,common_degs,Wessels,WitnessCell,KDM1A+RING1,100,371,98,98,1
0.9129,pearson_distance,Wessels,WitnessCell,KDM1A+RING1,5000,371,98,98,1
0.0021,mse,Wessels,WitnessCell,KDM1A+RING1,5000,371,98,98,1
0.6759,edistance,Wessels,WitnessCell,KDM1A+RING1,5000,371,98,98,1
40.8879,sym_kldiv,Wessels,WitnessCell,KDM1A+RING1,5000,371,98,98,1
0.948,pearson_distance,Wessels,WitnessCell,SMARCA5+SMARCD1,100,371,150,150,1
0.0133,mse,Wessels,WitnessCell,SMARCA5+SMARCD1,100,371,150,150,1
0.2433,edistance,Wessels,WitnessCell,SMARCA5+SMARCD1,100,371,150,150,1
0.4378,sym_kldiv,Wessels,WitnessCell,SMARCA5+SMARCD1,100,371,150,150,1
51.6719,wasserstein,Wessels,WitnessCell,SMARCA5+SMARCD1,100,371,150,150,1
0.0,common_degs,Wessels,WitnessCell,SMARCA5+SMARCD1,100,371,150,150,1
0.7452,pearson_distance,Wessels,WitnessCell,SMARCA5+SMARCD1,5000,371,150,150,1
0.0031,mse,Wessels,WitnessCell,SMARCA5+SMARCD1,5000,371,150,150,1
0.8264,edistance,Wessels,WitnessCell,SMARCA5+SMARCD1,5000,371,150,150,1
40.6244,sym_kldiv,Wessels,WitnessCell,SMARCA5+SMARCD1,5000,371,150,150,1
0.9298,pearson_distance,Wessels,WitnessCell,SMARCD1+SSRP1,100,371,65,65,1
0.0129,mse,Wessels,WitnessCell,SMARCD1+SSRP1,100,371,65,65,1
0.3175,edistance,Wessels,WitnessCell,SMARCD1+SSRP1,100,371,65,65,1
44.1204,sym_kldiv,Wessels,WitnessCell,SMARCD1+SSRP1,100,371,65,65,1
36.3705,wasserstein,Wessels,WitnessCell,SMARCD1+SSRP1,100,371,65,65,1
0.0,common_degs,Wessels,WitnessCell,SMARCD1+SSRP1,100,371,65,65,1
0.6669,pearson_distance,Wessels,WitnessCell,SMARCD1+SSRP1,5000,371,65,65,1
0.0029,mse,Wessels,WitnessCell,SMARCD1+SSRP1,5000,371,65,65,1
0.9827,edistance,Wessels,WitnessCell,SMARCD1+SSRP1,5000,371,65,65,1
41.3903,sym_kldiv,Wessels,WitnessCell,SMARCD1+SSRP1,5000,371,65,65,1
0.4991,pearson_distance,Wessels,WitnessCell,GFI1,100,371,71,71,1
0.2239,mse,Wessels,WitnessCell,GFI1,100,371,71,71,1
2.7269,edistance,Wessels,WitnessCell,GFI1,100,371,71,71,1
43.9584,sym_kldiv,Wessels,WitnessCell,GFI1,100,371,71,71,1
74.8748,wasserstein,Wessels,WitnessCell,GFI1,100,371,71,71,1
0.0,common_degs,Wessels,WitnessCell,GFI1,100,371,71,71,1
0.3699,pearson_distance,Wessels,WitnessCell,GFI1,5000,371,71,71,1
0.0077,mse,Wessels,WitnessCell,GFI1,5000,371,71,71,1
1.7592,edistance,Wessels,WitnessCell,GFI1,5000,371,71,71,1
41.8746,sym_kldiv,Wessels,WitnessCell,GFI1,5000,371,71,71,1
-0.234,pearson_distance,Wessels,WitnessCell,INTS1,100,371,232,232,1
0.0499,mse,Wessels,WitnessCell,INTS1,100,371,232,232,1
0.7311,edistance,Wessels,WitnessCell,INTS1,100,371,232,232,1
0.4664,sym_kldiv,Wessels,WitnessCell,INTS1,100,371,232,232,1
49.3035,wasserstein,Wessels,WitnessCell,INTS1,100,371,232,232,1
0.0,common_degs,Wessels,WitnessCell,INTS1,100,371,232,232,1
0.0113,pearson_distance,Wessels,WitnessCell,INTS1,5000,371,232,232,1
0.0027,mse,Wessels,WitnessCell,INTS1,5000,371,232,232,1
0.6607,edistance,Wessels,WitnessCell,INTS1,5000,371,232,232,1
39.8207,sym_kldiv,Wessels,WitnessCell,INTS1,5000,371,232,232,1
0.3015,pearson_distance,Wessels,WitnessCell,GFI1+INTS1,100,371,256,256,1
0.3084,mse,Wessels,WitnessCell,GFI1+INTS1,100,371,256,256,1
3.6461,edistance,Wessels,WitnessCell,GFI1+INTS1,100,371,256,256,1
0.9362,sym_kldiv,Wessels,WitnessCell,GFI1+INTS1,100,371,256,256,1
83.1117,wasserstein,Wessels,WitnessCell,GFI1+INTS1,100,371,256,256,1
0.0,common_degs,Wessels,WitnessCell,GFI1+INTS1,100,371,256,256,1
0.3499,pearson_distance,Wessels,WitnessCell,GFI1+INTS1,5000,371,256,256,1
0.0087,mse,Wessels,WitnessCell,GFI1+INTS1,5000,371,256,256,1
1.783,edistance,Wessels,WitnessCell,GFI1+INTS1,5000,371,256,256,1
39.8267,sym_kldiv,Wessels,WitnessCell,GFI1+INTS1,5000,371,256,256,1
0.3449,pearson_distance,Wessels,WitnessCell,IKZF1+INTS1,100,371,473,473,1
0.0365,mse,Wessels,WitnessCell,IKZF1+INTS1,100,371,473,473,1
0.5482,edistance,Wessels,WitnessCell,IKZF1+INTS1,100,371,473,473,1
0.3484,sym_kldiv,Wessels,WitnessCell,IKZF1+INTS1,100,371,473,473,1
46.1146,wasserstein,Wessels,WitnessCell,IKZF1+INTS1,100,371,473,473,1
0.0,common_degs,Wessels,WitnessCell,IKZF1+INTS1,100,371,473,473,1
0.2563,pearson_distance,Wessels,WitnessCell,IKZF1+INTS1,5000,371,473,473,1
0.0043,mse,Wessels,WitnessCell,IKZF1+INTS1,5000,371,473,473,1
0.9153,edistance,Wessels,WitnessCell,IKZF1+INTS1,5000,371,473,473,1
39.55,sym_kldiv,Wessels,WitnessCell,IKZF1+INTS1,5000,371,473,473,1
0.8706,pearson_distance,Wessels,WitnessCell,MED13L+MED14,100,371,77,77,1
0.1591,mse,Wessels,WitnessCell,MED13L+MED14,100,371,77,77,1
2.0119,edistance,Wessels,WitnessCell,MED13L+MED14,100,371,77,77,1
0.7993,sym_kldiv,Wessels,WitnessCell,MED13L+MED14,100,371,77,77,1
78.0592,wasserstein,Wessels,WitnessCell,MED13L+MED14,100,371,77,77,1
0.0,common_degs,Wessels,WitnessCell,MED13L+MED14,100,371,77,77,1
0.6447,pearson_distance,Wessels,WitnessCell,MED13L+MED14,5000,371,77,77,1
0.0088,mse,Wessels,WitnessCell,MED13L+MED14,5000,371,77,77,1
1.9624,edistance,Wessels,WitnessCell,MED13L+MED14,5000,371,77,77,1
41.4737,sym_kldiv,Wessels,WitnessCell,MED13L+MED14,5000,371,77,77,1
0.8857,pearson_distance,Wessels,WitnessCell,DOT1L+IKZF1,100,371,100,100,2
0.0104,mse,Wessels,WitnessCell,DOT1L+IKZF1,100,371,100,100,2
0.2368,edistance,Wessels,WitnessCell,DOT1L+IKZF1,100,371,100,100,2
43.5726,sym_kldiv,Wessels,WitnessCell,DOT1L+IKZF1,100,371,100,100,2
35.5969,wasserstein,Wessels,WitnessCell,DOT1L+IKZF1,100,371,100,100,2
0.0,common_degs,Wessels,WitnessCell,DOT1L+IKZF1,100,371,100,100,2
0.5723,pearson_distance,Wessels,WitnessCell,DOT1L+IKZF1,5000,371,100,100,2
0.0029,mse,Wessels,WitnessCell,DOT1L+IKZF1,5000,371,100,100,2
0.8529,edistance,Wessels,WitnessCell,DOT1L+IKZF1,5000,371,100,100,2
40.979,sym_kldiv,Wessels,WitnessCell,DOT1L+IKZF1,5000,371,100,100,2
0.9395,pearson_distance,Wessels,WitnessCell,DOT1L+RCOR1,100,371,139,139,2
0.0061,mse,Wessels,WitnessCell,DOT1L+RCOR1,100,371,139,139,2
0.1638,edistance,Wessels,WitnessCell,DOT1L+RCOR1,100,371,139,139,2
41.7201,sym_kldiv,Wessels,WitnessCell,DOT1L+RCOR1,100,371,139,139,2
39.0044,wasserstein,Wessels,WitnessCell,DOT1L+RCOR1,100,371,139,139,2
0.0,common_degs,Wessels,WitnessCell,DOT1L+RCOR1,100,371,139,139,2
0.6788,pearson_distance,Wessels,WitnessCell,DOT1L+RCOR1,5000,371,139,139,2
0.002,mse,Wessels,WitnessCell,DOT1L+RCOR1,5000,371,139,139,2
0.6091,edistance,Wessels,WitnessCell,DOT1L+RCOR1,5000,371,139,139,2
40.5109,sym_kldiv,Wessels,WitnessCell,DOT1L+RCOR1,5000,371,139,139,2
0.9504,pearson_distance,Wessels,WitnessCell,EP300+IKZF1,100,371,63,63,2
0.0103,mse,Wessels,WitnessCell,EP300+IKZF1,100,371,63,63,2
0.3023,edistance,Wessels,WitnessCell,EP300+IKZF1,100,371,63,63,2
44.3161,sym_kldiv,Wessels,WitnessCell,EP300+IKZF1,100,371,63,63,2
40.1276,wasserstein,Wessels,WitnessCell,EP300+IKZF1,100,371,63,63,2
0.0,common_degs,Wessels,WitnessCell,EP300+IKZF1,100,371,63,63,2
0.7634,pearson_distance,Wessels,WitnessCell,EP300+IKZF1,5000,371,63,63,2
0.0034,mse,Wessels,WitnessCell,EP300+IKZF1,5000,371,63,63,2
1.1289,edistance,Wessels,WitnessCell,EP300+IKZF1,5000,371,63,63,2
41.5534,sym_kldiv,Wessels,WitnessCell,EP300+IKZF1,5000,371,63,63,2
0.9491,pearson_distance,Wessels,WitnessCell,EP300+RCOR1,100,371,83,83,2
0.027,mse,Wessels,WitnessCell,EP300+RCOR1,100,371,83,83,2
0.6169,edistance,Wessels,WitnessCell,EP300+RCOR1,100,371,83,83,2
41.121,sym_kldiv,Wessels,WitnessCell,EP300+RCOR1,100,371,83,83,2
64.8472,wasserstein,Wessels,WitnessCell,EP300+RCOR1,100,371,83,83,2
0.0,common_degs,Wessels,WitnessCell,EP300+RCOR1,100,371,83,83,2
0.8419,pearson_distance,Wessels,WitnessCell,EP300+RCOR1,5000,371,83,83,2
0.0028,mse,Wessels,WitnessCell,EP300+RCOR1,5000,371,83,83,2
0.8717,edistance,Wessels,WitnessCell,EP300+RCOR1,5000,371,83,83,2
41.4177,sym_kldiv,Wessels,WitnessCell,EP300+RCOR1,5000,371,83,83,2
0.9738,pearson_distance,Wessels,WitnessCell,FLI1+IKZF1,100,371,106,106,2
0.0112,mse,Wessels,WitnessCell,FLI1+IKZF1,100,371,106,106,2
0.2702,edistance,Wessels,WitnessCell,FLI1+IKZF1,100,371,106,106,2
0.3748,sym_kldiv,Wessels,WitnessCell,FLI1+IKZF1,100,371,106,106,2
56.1096,wasserstein,Wessels,WitnessCell,FLI1+IKZF1,100,371,106,106,2
0.0,common_degs,Wessels,WitnessCell,FLI1+IKZF1,100,371,106,106,2
0.882,pearson_distance,Wessels,WitnessCell,FLI1+IKZF1,5000,371,106,106,2
0.0022,mse,Wessels,WitnessCell,FLI1+IKZF1,5000,371,106,106,2
0.6947,edistance,Wessels,WitnessCell,FLI1+IKZF1,5000,371,106,106,2
41.0328,sym_kldiv,Wessels,WitnessCell,FLI1+IKZF1,5000,371,106,106,2
0.9814,pearson_distance,Wessels,WitnessCell,FLI1+RCOR1,100,371,208,208,2
0.0146,mse,Wessels,WitnessCell,FLI1+RCOR1,100,371,208,208,2
0.2633,edistance,Wessels,WitnessCell,FLI1+RCOR1,100,371,208,208,2
0.2716,sym_kldiv,Wessels,WitnessCell,FLI1+RCOR1,100,371,208,208,2
65.0867,wasserstein,Wessels,WitnessCell,FLI1+RCOR1,100,371,208,208,2
0.0,common_degs,Wessels,WitnessCell,FLI1+RCOR1,100,371,208,208,2
0.9147,pearson_distance,Wessels,WitnessCell,FLI1+RCOR1,5000,371,208,208,2
0.0016,mse,Wessels,WitnessCell,FLI1+RCOR1,5000,371,208,208,2
0.4594,edistance,Wessels,WitnessCell,FLI1+RCOR1,5000,371,208,208,2
40.2415,sym_kldiv,Wessels,WitnessCell,FLI1+RCOR1,5000,371,208,208,2
0.8675,pearson_distance,Wessels,WitnessCell,GATA2+IKZF1,100,371,137,137,2
0.0099,mse,Wessels,WitnessCell,GATA2+IKZF1,100,371,137,137,2
0.2128,edistance,Wessels,WitnessCell,GATA2+IKZF1,100,371,137,137,2
41.6258,sym_kldiv,Wessels,WitnessCell,GATA2+IKZF1,100,371,137,137,2
40.0714,wasserstein,Wessels,WitnessCell,GATA2+IKZF1,100,371,137,137,2
0.0,common_degs,Wessels,WitnessCell,GATA2+IKZF1,100,371,137,137,2
0.595,pearson_distance,Wessels,WitnessCell,GATA2+IKZF1,5000,371,137,137,2
0.002,mse,Wessels,WitnessCell,GATA2+IKZF1,5000,371,137,137,2
0.6197,edistance,Wessels,WitnessCell,GATA2+IKZF1,5000,371,137,137,2
40.355,sym_kldiv,Wessels,WitnessCell,GATA2+IKZF1,5000,371,137,137,2
0.8995,pearson_distance,Wessels,WitnessCell,GATA2+RCOR1,100,371,158,158,2
0.0066,mse,Wessels,WitnessCell,GATA2+RCOR1,100,371,158,158,2
0.1672,edistance,Wessels,WitnessCell,GATA2+RCOR1,100,371,158,158,2
42.3119,sym_kldiv,Wessels,WitnessCell,GATA2+RCOR1,100,371,158,158,2
38.7115,wasserstein,Wessels,WitnessCell,GATA2+RCOR1,100,371,158,158,2
0.0,common_degs,Wessels,WitnessCell,GATA2+RCOR1,100,371,158,158,2
0.6552,pearson_distance,Wessels,WitnessCell,GATA2+RCOR1,5000,371,158,158,2
0.0017,mse,Wessels,WitnessCell,GATA2+RCOR1,5000,371,158,158,2
0.5201,edistance,Wessels,WitnessCell,GATA2+RCOR1,5000,371,158,158,2
40.3343,sym_kldiv,Wessels,WitnessCell,GATA2+RCOR1,5000,371,158,158,2
0.9664,pearson_distance,Wessels,WitnessCell,GFI1+RCOR1,100,371,76,76,2
0.0173,mse,Wessels,WitnessCell,GFI1+RCOR1,100,371,76,76,2
0.3966,edistance,Wessels,WitnessCell,GFI1+RCOR1,100,371,76,76,2
43.7796,sym_kldiv,Wessels,WitnessCell,GFI1+RCOR1,100,371,76,76,2
46.7192,wasserstein,Wessels,WitnessCell,GFI1+RCOR1,100,371,76,76,2
0.0,common_degs,Wessels,WitnessCell,GFI1+RCOR1,100,371,76,76,2
0.8394,pearson_distance,Wessels,WitnessCell,GFI1+RCOR1,5000,371,76,76,2
0.0028,mse,Wessels,WitnessCell,GFI1+RCOR1,5000,371,76,76,2
0.8943,edistance,Wessels,WitnessCell,GFI1+RCOR1,5000,371,76,76,2
41.5189,sym_kldiv,Wessels,WitnessCell,GFI1+RCOR1,5000,371,76,76,2
0.9452,pearson_distance,Wessels,WitnessCell,GSE1+IKZF1,100,371,72,72,2
0.0145,mse,Wessels,WitnessCell,GSE1+IKZF1,100,371,72,72,2
0.353,edistance,Wessels,WitnessCell,GSE1+IKZF1,100,371,72,72,2
44.4555,sym_kldiv,Wessels,WitnessCell,GSE1+IKZF1,100,371,72,72,2
36.1428,wasserstein,Wessels,WitnessCell,GSE1+IKZF1,100,371,72,72,2
0.0,common_degs,Wessels,WitnessCell,GSE1+IKZF1,100,371,72,72,2
0.7314,pearson_distance,Wessels,WitnessCell,GSE1+IKZF1,5000,371,72,72,2
0.0033,mse,Wessels,WitnessCell,GSE1+IKZF1,5000,371,72,72,2
1.0176,edistance,Wessels,WitnessCell,GSE1+IKZF1,5000,371,72,72,2
41.3242,sym_kldiv,Wessels,WitnessCell,GSE1+IKZF1,5000,371,72,72,2
0.9659,pearson_distance,Wessels,WitnessCell,GSE1+RCOR1,100,371,109,109,2
0.0114,mse,Wessels,WitnessCell,GSE1+RCOR1,100,371,109,109,2
0.259,edistance,Wessels,WitnessCell,GSE1+RCOR1,100,371,109,109,2
43.142,sym_kldiv,Wessels,WitnessCell,GSE1+RCOR1,100,371,109,109,2
41.1028,wasserstein,Wessels,WitnessCell,GSE1+RCOR1,100,371,109,109,2
0.0,common_degs,Wessels,WitnessCell,GSE1+RCOR1,100,371,109,109,2
0.7771,pearson_distance,Wessels,WitnessCell,GSE1+RCOR1,5000,371,109,109,2
0.0026,mse,Wessels,WitnessCell,GSE1+RCOR1,5000,371,109,109,2
0.7613,edistance,Wessels,WitnessCell,GSE1+RCOR1,5000,371,109,109,2
41.019,sym_kldiv,Wessels,WitnessCell,GSE1+RCOR1,5000,371,109,109,2
0.9156,pearson_distance,Wessels,WitnessCell,HDAC3+IKZF1,100,371,87,87,2
0.0138,mse,Wessels,WitnessCell,HDAC3+IKZF1,100,371,87,87,2
0.3172,edistance,Wessels,WitnessCell,HDAC3+IKZF1,100,371,87,87,2
42.6979,sym_kldiv,Wessels,WitnessCell,HDAC3+IKZF1,100,371,87,87,2
38.8702,wasserstein,Wessels,WitnessCell,HDAC3+IKZF1,100,371,87,87,2
0.0,common_degs,Wessels,WitnessCell,HDAC3+IKZF1,100,371,87,87,2
0.6144,pearson_distance,Wessels,WitnessCell,HDAC3+IKZF1,5000,371,87,87,2
0.0037,mse,Wessels,WitnessCell,HDAC3+IKZF1,5000,371,87,87,2
1.0638,edistance,Wessels,WitnessCell,HDAC3+IKZF1,5000,371,87,87,2
41.2507,sym_kldiv,Wessels,WitnessCell,HDAC3+IKZF1,5000,371,87,87,2
0.4714,pearson_distance,Wessels,WitnessCell,IKZF1+INTS1,100,371,473,473,2
0.0324,mse,Wessels,WitnessCell,IKZF1+INTS1,100,371,473,473,2
0.4931,edistance,Wessels,WitnessCell,IKZF1+INTS1,100,371,473,473,2
0.3446,sym_kldiv,Wessels,WitnessCell,IKZF1+INTS1,100,371,473,473,2
45.77,wasserstein,Wessels,WitnessCell,IKZF1+INTS1,100,371,473,473,2
0.0,common_degs,Wessels,WitnessCell,IKZF1+INTS1,100,371,473,473,2
0.304,pearson_distance,Wessels,WitnessCell,IKZF1+INTS1,5000,371,473,473,2
0.0047,mse,Wessels,WitnessCell,IKZF1+INTS1,5000,371,473,473,2
0.9962,edistance,Wessels,WitnessCell,IKZF1+INTS1,5000,371,473,473,2
39.5483,sym_kldiv,Wessels,WitnessCell,IKZF1+INTS1,5000,371,473,473,2
0.9666,pearson_distance,Wessels,WitnessCell,IKZF1+KDM1A,100,371,153,153,2
0.0213,mse,Wessels,WitnessCell,IKZF1+KDM1A,100,371,153,153,2
0.3687,edistance,Wessels,WitnessCell,IKZF1+KDM1A,100,371,153,153,2
0.5763,sym_kldiv,Wessels,WitnessCell,IKZF1+KDM1A,100,371,153,153,2
54.9189,wasserstein,Wessels,WitnessCell,IKZF1+KDM1A,100,371,153,153,2
0.0,common_degs,Wessels,WitnessCell,IKZF1+KDM1A,100,371,153,153,2
0.9007,pearson_distance,Wessels,WitnessCell,IKZF1+KDM1A,5000,371,153,153,2
0.0022,mse,Wessels,WitnessCell,IKZF1+KDM1A,5000,371,153,153,2
0.6161,edistance,Wessels,WitnessCell,IKZF1+KDM1A,5000,371,153,153,2
40.5,sym_kldiv,Wessels,WitnessCell,IKZF1+KDM1A,5000,371,153,153,2
0.9759,pearson_distance,Wessels,WitnessCell,IKZF1+MED24,100,371,94,94,2
0.0138,mse,Wessels,WitnessCell,IKZF1+MED24,100,371,94,94,2
0.3341,edistance,Wessels,WitnessCell,IKZF1+MED24,100,371,94,94,2
0.2554,sym_kldiv,Wessels,WitnessCell,IKZF1+MED24,100,371,94,94,2
65.3419,wasserstein,Wessels,WitnessCell,IKZF1+MED24,100,371,94,94,2
0.0,common_degs,Wessels,WitnessCell,IKZF1+MED24,100,371,94,94,2
0.898,pearson_distance,Wessels,WitnessCell,IKZF1+MED24,5000,371,94,94,2
0.0024,mse,Wessels,WitnessCell,IKZF1+MED24,5000,371,94,94,2
0.8126,edistance,Wessels,WitnessCell,IKZF1+MED24,5000,371,94,94,2
41.0942,sym_kldiv,Wessels,WitnessCell,IKZF1+MED24,5000,371,94,94,2
0.9115,pearson_distance,Wessels,WitnessCell,IKZF1+SMARCD1,100,371,135,135,2
0.016,mse,Wessels,WitnessCell,IKZF1+SMARCD1,100,371,135,135,2
0.286,edistance,Wessels,WitnessCell,IKZF1+SMARCD1,100,371,135,135,2
0.2937,sym_kldiv,Wessels,WitnessCell,IKZF1+SMARCD1,100,371,135,135,2
50.1223,wasserstein,Wessels,WitnessCell,IKZF1+SMARCD1,100,371,135,135,2
0.0,common_degs,Wessels,WitnessCell,IKZF1+SMARCD1,100,371,135,135,2
0.751,pearson_distance,Wessels,WitnessCell,IKZF1+SMARCD1,5000,371,135,135,2
0.0022,mse,Wessels,WitnessCell,IKZF1+SMARCD1,5000,371,135,135,2
0.6534,edistance,Wessels,WitnessCell,IKZF1+SMARCD1,5000,371,135,135,2
40.4713,sym_kldiv,Wessels,WitnessCell,IKZF1+SMARCD1,5000,371,135,135,2
0.3333,pearson_distance,Wessels,WitnessCell,INTS1+RCOR1,100,371,450,450,2
0.0373,mse,Wessels,WitnessCell,INTS1+RCOR1,100,371,450,450,2
0.5842,edistance,Wessels,WitnessCell,INTS1+RCOR1,100,371,450,450,2
0.3944,sym_kldiv,Wessels,WitnessCell,INTS1+RCOR1,100,371,450,450,2
45.121,wasserstein,Wessels,WitnessCell,INTS1+RCOR1,100,371,450,450,2
0.0,common_degs,Wessels,WitnessCell,INTS1+RCOR1,100,371,450,450,2
0.3064,pearson_distance,Wessels,WitnessCell,INTS1+RCOR1,5000,371,450,450,2
0.0045,mse,Wessels,WitnessCell,INTS1+RCOR1,5000,371,450,450,2
0.9355,edistance,Wessels,WitnessCell,INTS1+RCOR1,5000,371,450,450,2
39.379,sym_kldiv,Wessels,WitnessCell,INTS1+RCOR1,5000,371,450,450,2
0.9689,pearson_distance,Wessels,WitnessCell,KDM1A+RCOR1,100,371,54,54,2
0.03,mse,Wessels,WitnessCell,KDM1A+RCOR1,100,371,54,54,2
0.6054,edistance,Wessels,WitnessCell,KDM1A+RCOR1,100,371,54,54,2
44.1854,sym_kldiv,Wessels,WitnessCell,KDM1A+RCOR1,100,371,54,54,2
51.124,wasserstein,Wessels,WitnessCell,KDM1A+RCOR1,100,371,54,54,2
0.0,common_degs,Wessels,WitnessCell,KDM1A+RCOR1,100,371,54,54,2
0.8585,pearson_distance,Wessels,WitnessCell,KDM1A+RCOR1,5000,371,54,54,2
0.0037,mse,Wessels,WitnessCell,KDM1A+RCOR1,5000,371,54,54,2
1.2035,edistance,Wessels,WitnessCell,KDM1A+RCOR1,5000,371,54,54,2
42.1814,sym_kldiv,Wessels,WitnessCell,KDM1A+RCOR1,5000,371,54,54,2
0.9393,pearson_distance,Wessels,WitnessCell,MED13L+MED14,100,371,77,77,2
0.0931,mse,Wessels,WitnessCell,MED13L+MED14,100,371,77,77,2
1.3223,edistance,Wessels,WitnessCell,MED13L+MED14,100,371,77,77,2
0.5912,sym_kldiv,Wessels,WitnessCell,MED13L+MED14,100,371,77,77,2
69.8452,wasserstein,Wessels,WitnessCell,MED13L+MED14,100,371,77,77,2
0.0,common_degs,Wessels,WitnessCell,MED13L+MED14,100,371,77,77,2
0.7631,pearson_distance,Wessels,WitnessCell,MED13L+MED14,5000,371,77,77,2
0.0063,mse,Wessels,WitnessCell,MED13L+MED14,5000,371,77,77,2
1.5555,edistance,Wessels,WitnessCell,MED13L+MED14,5000,371,77,77,2
41.4829,sym_kldiv,Wessels,WitnessCell,MED13L+MED14,5000,371,77,77,2
0.96,pearson_distance,Wessels,WitnessCell,MED13L+MED19,100,371,77,77,2
0.0614,mse,Wessels,WitnessCell,MED13L+MED19,100,371,77,77,2
0.8933,edistance,Wessels,WitnessCell,MED13L+MED19,100,371,77,77,2
42.345,sym_kldiv,Wessels,WitnessCell,MED13L+MED19,100,371,77,77,2
65.5294,wasserstein,Wessels,WitnessCell,MED13L+MED19,100,371,77,77,2
0.0,common_degs,Wessels,WitnessCell,MED13L+MED19,100,371,77,77,2
0.7466,pearson_distance,Wessels,WitnessCell,MED13L+MED19,5000,371,77,77,2
0.0051,mse,Wessels,WitnessCell,MED13L+MED19,5000,371,77,77,2
1.3424,edistance,Wessels,WitnessCell,MED13L+MED19,5000,371,77,77,2
41.4087,sym_kldiv,Wessels,WitnessCell,MED13L+MED19,5000,371,77,77,2
0.9847,pearson_distance,Wessels,WitnessCell,MED13L+MED24,100,371,92,92,2
0.017,mse,Wessels,WitnessCell,MED13L+MED24,100,371,92,92,2
0.3756,edistance,Wessels,WitnessCell,MED13L+MED24,100,371,92,92,2
0.3142,sym_kldiv,Wessels,WitnessCell,MED13L+MED24,100,371,92,92,2
63.753,wasserstein,Wessels,WitnessCell,MED13L+MED24,100,371,92,92,2
0.0,common_degs,Wessels,WitnessCell,MED13L+MED24,100,371,92,92,2
0.8962,pearson_distance,Wessels,WitnessCell,MED13L+MED24,5000,371,92,92,2
0.0028,mse,Wessels,WitnessCell,MED13L+MED24,5000,371,92,92,2
0.9783,edistance,Wessels,WitnessCell,MED13L+MED24,5000,371,92,92,2
41.1898,sym_kldiv,Wessels,WitnessCell,MED13L+MED24,5000,371,92,92,2
0.9405,pearson_distance,Wessels,WitnessCell,MED14+MED22,100,371,63,63,2
0.0808,mse,Wessels,WitnessCell,MED14+MED22,100,371,63,63,2
1.2099,edistance,Wessels,WitnessCell,MED14+MED22,100,371,63,63,2
41.2191,sym_kldiv,Wessels,WitnessCell,MED14+MED22,100,371,63,63,2
67.6088,wasserstein,Wessels,WitnessCell,MED14+MED22,100,371,63,63,2
0.0,common_degs,Wessels,WitnessCell,MED14+MED22,100,371,63,63,2
0.7389,pearson_distance,Wessels,WitnessCell,MED14+MED22,5000,371,63,63,2
0.0069,mse,Wessels,WitnessCell,MED14+MED22,5000,371,63,63,2
1.779,edistance,Wessels,WitnessCell,MED14+MED22,5000,371,63,63,2
41.7316,sym_kldiv,Wessels,WitnessCell,MED14+MED22,5000,371,63,63,2
0.9612,pearson_distance,Wessels,WitnessCell,MED16+MED19,100,371,95,95,2
0.0596,mse,Wessels,WitnessCell,MED16+MED19,100,371,95,95,2
0.869,edistance,Wessels,WitnessCell,MED16+MED19,100,371,95,95,2
0.4828,sym_kldiv,Wessels,WitnessCell,MED16+MED19,100,371,95,95,2
69.2336,wasserstein,Wessels,WitnessCell,MED16+MED19,100,371,95,95,2
0.0,common_degs,Wessels,WitnessCell,MED16+MED19,100,371,95,95,2
0.7612,pearson_distance,Wessels,WitnessCell,MED16+MED19,5000,371,95,95,2
0.0052,mse,Wessels,WitnessCell,MED16+MED19,5000,371,95,95,2
1.3042,edistance,Wessels,WitnessCell,MED16+MED19,5000,371,95,95,2
41.0227,sym_kldiv,Wessels,WitnessCell,MED16+MED19,5000,371,95,95,2
0.9836,pearson_distance,Wessels,WitnessCell,MED16+MED24,100,371,181,181,2
0.0158,mse,Wessels,WitnessCell,MED16+MED24,100,371,181,181,2
0.2844,edistance,Wessels,WitnessCell,MED16+MED24,100,371,181,181,2
0.2254,sym_kldiv,Wessels,WitnessCell,MED16+MED24,100,371,181,181,2
57.6629,wasserstein,Wessels,WitnessCell,MED16+MED24,100,371,181,181,2
0.0,common_degs,Wessels,WitnessCell,MED16+MED24,100,371,181,181,2
0.9036,pearson_distance,Wessels,WitnessCell,MED16+MED24,5000,371,181,181,2
0.0026,mse,Wessels,WitnessCell,MED16+MED24,5000,371,181,181,2
0.7278,edistance,Wessels,WitnessCell,MED16+MED24,5000,371,181,181,2
40.5322,sym_kldiv,Wessels,WitnessCell,MED16+MED24,5000,371,181,181,2
0.9538,pearson_distance,Wessels,WitnessCell,MED19+MED22,100,371,72,72,2
0.0696,mse,Wessels,WitnessCell,MED19+MED22,100,371,72,72,2
1.0489,edistance,Wessels,WitnessCell,MED19+MED22,100,371,72,72,2
0.6554,sym_kldiv,Wessels,WitnessCell,MED19+MED22,100,371,72,72,2
68.6555,wasserstein,Wessels,WitnessCell,MED19+MED22,100,371,72,72,2
0.0,common_degs,Wessels,WitnessCell,MED19+MED22,100,371,72,72,2
0.7724,pearson_distance,Wessels,WitnessCell,MED19+MED22,5000,371,72,72,2
0.0054,mse,Wessels,WitnessCell,MED19+MED22,5000,371,72,72,2
1.4467,edistance,Wessels,WitnessCell,MED19+MED22,5000,371,72,72,2
41.5858,sym_kldiv,Wessels,WitnessCell,MED19+MED22,5000,371,72,72,2
0.9876,pearson_distance,Wessels,WitnessCell,MED22+MED24,100,371,160,160,2
0.0082,mse,Wessels,WitnessCell,MED22+MED24,100,371,160,160,2
0.2194,edistance,Wessels,WitnessCell,MED22+MED24,100,371,160,160,2
0.2149,sym_kldiv,Wessels,WitnessCell,MED22+MED24,100,371,160,160,2
66.4115,wasserstein,Wessels,WitnessCell,MED22+MED24,100,371,160,160,2
0.0,common_degs,Wessels,WitnessCell,MED22+MED24,100,371,160,160,2
0.9295,pearson_distance,Wessels,WitnessCell,MED22+MED24,5000,371,160,160,2
0.0016,mse,Wessels,WitnessCell,MED22+MED24,5000,371,160,160,2
0.6501,edistance,Wessels,WitnessCell,MED22+MED24,5000,371,160,160,2
40.7991,sym_kldiv,Wessels,WitnessCell,MED22+MED24,5000,371,160,160,2
0.9852,pearson_distance,Wessels,WitnessCell,MED24+RCOR1,100,371,120,120,2
0.0072,mse,Wessels,WitnessCell,MED24+RCOR1,100,371,120,120,2
0.2182,edistance,Wessels,WitnessCell,MED24+RCOR1,100,371,120,120,2
41.3337,sym_kldiv,Wessels,WitnessCell,MED24+RCOR1,100,371,120,120,2
62.7955,wasserstein,Wessels,WitnessCell,MED24+RCOR1,100,371,120,120,2
0.0,common_degs,Wessels,WitnessCell,MED24+RCOR1,100,371,120,120,2
0.9184,pearson_distance,Wessels,WitnessCell,MED24+RCOR1,5000,371,120,120,2
0.0019,mse,Wessels,WitnessCell,MED24+RCOR1,5000,371,120,120,2
0.6933,edistance,Wessels,WitnessCell,MED24+RCOR1,5000,371,120,120,2
40.7929,sym_kldiv,Wessels,WitnessCell,MED24+RCOR1,5000,371,120,120,2
0.8391,pearson_distance,Wessels,WitnessCell,RCOR1+RING1,100,371,74,74,2
0.0097,mse,Wessels,WitnessCell,RCOR1+RING1,100,371,74,74,2
0.2653,edistance,Wessels,WitnessCell,RCOR1+RING1,100,371,74,74,2
44.8549,sym_kldiv,Wessels,WitnessCell,RCOR1+RING1,100,371,74,74,2
21.1496,wasserstein,Wessels,WitnessCell,RCOR1+RING1,100,371,74,74,2
0.0,common_degs,Wessels,WitnessCell,RCOR1+RING1,100,371,74,74,2
0.5553,pearson_distance,Wessels,WitnessCell,RCOR1+RING1,5000,371,74,74,2
0.0032,mse,Wessels,WitnessCell,RCOR1+RING1,5000,371,74,74,2
0.9743,edistance,Wessels,WitnessCell,RCOR1+RING1,5000,371,74,74,2
41.3925,sym_kldiv,Wessels,WitnessCell,RCOR1+RING1,5000,371,74,74,2
0.9347,pearson_distance,Wessels,WitnessCell,RCOR1+SMARCD1,100,371,95,95,2
0.0099,mse,Wessels,WitnessCell,RCOR1+SMARCD1,100,371,95,95,2
0.2496,edistance,Wessels,WitnessCell,RCOR1+SMARCD1,100,371,95,95,2
42.1257,sym_kldiv,Wessels,WitnessCell,RCOR1+SMARCD1,100,371,95,95,2
42.3947,wasserstein,Wessels,WitnessCell,RCOR1+SMARCD1,100,371,95,95,2
0.0,common_degs,Wessels,WitnessCell,RCOR1+SMARCD1,100,371,95,95,2
0.6967,pearson_distance,Wessels,WitnessCell,RCOR1+SMARCD1,5000,371,95,95,2
0.0027,mse,Wessels,WitnessCell,RCOR1+SMARCD1,5000,371,95,95,2
0.8229,edistance,Wessels,WitnessCell,RCOR1+SMARCD1,5000,371,95,95,2
40.9337,sym_kldiv,Wessels,WitnessCell,RCOR1+SMARCD1,5000,371,95,95,2
0.9113,pearson_distance,Wessels,WitnessCell,SUPT5H+SUPT6H,100,371,123,123,2
0.0117,mse,Wessels,WitnessCell,SUPT5H+SUPT6H,100,371,123,123,2
0.2674,edistance,Wessels,WitnessCell,SUPT5H+SUPT6H,100,371,123,123,2
41.6724,sym_kldiv,Wessels,WitnessCell,SUPT5H+SUPT6H,100,371,123,123,2
54.581,wasserstein,Wessels,WitnessCell,SUPT5H+SUPT6H,100,371,123,123,2
0.0,common_degs,Wessels,WitnessCell,SUPT5H+SUPT6H,100,371,123,123,2
0.7005,pearson_distance,Wessels,WitnessCell,SUPT5H+SUPT6H,5000,371,123,123,2
0.0025,mse,Wessels,WitnessCell,SUPT5H+SUPT6H,5000,371,123,123,2
0.7251,edistance,Wessels,WitnessCell,SUPT5H+SUPT6H,5000,371,123,123,2
40.8003,sym_kldiv,Wessels,WitnessCell,SUPT5H+SUPT6H,5000,371,123,123,2
0.9723,pearson_distance,Wessels,WitnessCell,DOT1L+GSE1,100,371,85,85,2
0.0155,mse,Wessels,WitnessCell,DOT1L+GSE1,100,371,85,85,2
0.3665,edistance,Wessels,WitnessCell,DOT1L+GSE1,100,371,85,85,2
42.882,sym_kldiv,Wessels,WitnessCell,DOT1L+GSE1,100,371,85,85,2
43.7382,wasserstein,Wessels,WitnessCell,DOT1L+GSE1,100,371,85,85,2
0.0,common_degs,Wessels,WitnessCell,DOT1L+GSE1,100,371,85,85,2
0.828,pearson_distance,Wessels,WitnessCell,DOT1L+GSE1,5000,371,85,85,2
0.0021,mse,Wessels,WitnessCell,DOT1L+GSE1,5000,371,85,85,2
0.7587,edistance,Wessels,WitnessCell,DOT1L+GSE1,5000,371,85,85,2
41.0289,sym_kldiv,Wessels,WitnessCell,DOT1L+GSE1,5000,371,85,85,2
0.9767,pearson_distance,Wessels,WitnessCell,DOT1L+KDM1A,100,371,142,142,2
0.0587,mse,Wessels,WitnessCell,DOT1L+KDM1A,100,371,142,142,2
0.8845,edistance,Wessels,WitnessCell,DOT1L+KDM1A,100,371,142,142,2
0.7094,sym_kldiv,Wessels,WitnessCell,DOT1L+KDM1A,100,371,142,142,2
67.5547,wasserstein,Wessels,WitnessCell,DOT1L+KDM1A,100,371,142,142,2
0.0,common_degs,Wessels,WitnessCell,DOT1L+KDM1A,100,371,142,142,2
0.9338,pearson_distance,Wessels,WitnessCell,DOT1L+KDM1A,5000,371,142,142,2
0.0025,mse,Wessels,WitnessCell,DOT1L+KDM1A,5000,371,142,142,2
0.6838,edistance,Wessels,WitnessCell,DOT1L+KDM1A,5000,371,142,142,2
40.8564,sym_kldiv,Wessels,WitnessCell,DOT1L+KDM1A,5000,371,142,142,2
0.9736,pearson_distance,Wessels,WitnessCell,EP300+HDAC3,100,371,167,167,2
0.0097,mse,Wessels,WitnessCell,EP300+HDAC3,100,371,167,167,2
0.2094,edistance,Wessels,WitnessCell,EP300+HDAC3,100,371,167,167,2
40.0878,sym_kldiv,Wessels,WitnessCell,EP300+HDAC3,100,371,167,167,2
45.924,wasserstein,Wessels,WitnessCell,EP300+HDAC3,100,371,167,167,2
0.0,common_degs,Wessels,WitnessCell,EP300+HDAC3,100,371,167,167,2
0.8354,pearson_distance,Wessels,WitnessCell,EP300+HDAC3,5000,371,167,167,2
0.0017,mse,Wessels,WitnessCell,EP300+HDAC3,5000,371,167,167,2
0.506,edistance,Wessels,WitnessCell,EP300+HDAC3,5000,371,167,167,2
40.464,sym_kldiv,Wessels,WitnessCell,EP300+HDAC3,5000,371,167,167,2
0.9691,pearson_distance,Wessels,WitnessCell,EP300+RING1,100,371,120,120,2
0.0106,mse,Wessels,WitnessCell,EP300+RING1,100,371,120,120,2
0.3478,edistance,Wessels,WitnessCell,EP300+RING1,100,371,120,120,2
0.3423,sym_kldiv,Wessels,WitnessCell,EP300+RING1,100,371,120,120,2
64.5941,wasserstein,Wessels,WitnessCell,EP300+RING1,100,371,120,120,2
0.0,common_degs,Wessels,WitnessCell,EP300+RING1,100,371,120,120,2
0.8601,pearson_distance,Wessels,WitnessCell,EP300+RING1,5000,371,120,120,2
0.002,mse,Wessels,WitnessCell,EP300+RING1,5000,371,120,120,2
0.6176,edistance,Wessels,WitnessCell,EP300+RING1,5000,371,120,120,2
40.7771,sym_kldiv,Wessels,WitnessCell,EP300+RING1,5000,371,120,120,2
0.9559,pearson_distance,Wessels,WitnessCell,EP300+SSRP1,100,371,74,74,2
0.0202,mse,Wessels,WitnessCell,EP300+SSRP1,100,371,74,74,2
0.5527,edistance,Wessels,WitnessCell,EP300+SSRP1,100,371,74,74,2
42.4819,sym_kldiv,Wessels,WitnessCell,EP300+SSRP1,100,371,74,74,2
61.6066,wasserstein,Wessels,WitnessCell,EP300+SSRP1,100,371,74,74,2
0.0,common_degs,Wessels,WitnessCell,EP300+SSRP1,100,371,74,74,2
0.8111,pearson_distance,Wessels,WitnessCell,EP300+SSRP1,5000,371,74,74,2
0.003,mse,Wessels,WitnessCell,EP300+SSRP1,5000,371,74,74,2
0.9426,edistance,Wessels,WitnessCell,EP300+SSRP1,5000,371,74,74,2
41.4856,sym_kldiv,Wessels,WitnessCell,EP300+SSRP1,5000,371,74,74,2
0.962,pearson_distance,Wessels,WitnessCell,FLI1+SMARCD1,100,371,187,187,2
0.0183,mse,Wessels,WitnessCell,FLI1+SMARCD1,100,371,187,187,2
0.3128,edistance,Wessels,WitnessCell,FLI1+SMARCD1,100,371,187,187,2
0.2911,sym_kldiv,Wessels,WitnessCell,FLI1+SMARCD1,100,371,187,187,2
66.7038,wasserstein,Wessels,WitnessCell,FLI1+SMARCD1,100,371,187,187,2
0.0,common_degs,Wessels,WitnessCell,FLI1+SMARCD1,100,371,187,187,2
0.912,pearson_distance,Wessels,WitnessCell,FLI1+SMARCD1,5000,371,187,187,2
0.0015,mse,Wessels,WitnessCell,FLI1+SMARCD1,5000,371,187,187,2
0.4536,edistance,Wessels,WitnessCell,FLI1+SMARCD1,5000,371,187,187,2
40.5022,sym_kldiv,Wessels,WitnessCell,FLI1+SMARCD1,5000,371,187,187,2
0.9795,pearson_distance,Wessels,WitnessCell,GATA2+GSE1,100,371,146,146,2
0.014,mse,Wessels,WitnessCell,GATA2+GSE1,100,371,146,146,2
0.2804,edistance,Wessels,WitnessCell,GATA2+GSE1,100,371,146,146,2
0.3822,sym_kldiv,Wessels,WitnessCell,GATA2+GSE1,100,371,146,146,2
54.4077,wasserstein,Wessels,WitnessCell,GATA2+GSE1,100,371,146,146,2
0.0,common_degs,Wessels,WitnessCell,GATA2+GSE1,100,371,146,146,2
0.8545,pearson_distance,Wessels,WitnessCell,GATA2+GSE1,5000,371,146,146,2
0.0016,mse,Wessels,WitnessCell,GATA2+GSE1,5000,371,146,146,2
0.4894,edistance,Wessels,WitnessCell,GATA2+GSE1,5000,371,146,146,2
40.578,sym_kldiv,Wessels,WitnessCell,GATA2+GSE1,5000,371,146,146,2
0.9882,pearson_distance,Wessels,WitnessCell,GATA2+KDM1A,100,371,182,182,2
0.0172,mse,Wessels,WitnessCell,GATA2+KDM1A,100,371,182,182,2
0.3502,edistance,Wessels,WitnessCell,GATA2+KDM1A,100,371,182,182,2
0.4839,sym_kldiv,Wessels,WitnessCell,GATA2+KDM1A,100,371,182,182,2
60.3699,wasserstein,Wessels,WitnessCell,GATA2+KDM1A,100,371,182,182,2
0.0,common_degs,Wessels,WitnessCell,GATA2+KDM1A,100,371,182,182,2
0.9355,pearson_distance,Wessels,WitnessCell,GATA2+KDM1A,5000,371,182,182,2
0.0014,mse,Wessels,WitnessCell,GATA2+KDM1A,5000,371,182,182,2
0.4333,edistance,Wessels,WitnessCell,GATA2+KDM1A,5000,371,182,182,2
40.4802,sym_kldiv,Wessels,WitnessCell,GATA2+KDM1A,5000,371,182,182,2
0.9898,pearson_distance,Wessels,WitnessCell,GATA2+MED24,100,371,215,215,2
0.0113,mse,Wessels,WitnessCell,GATA2+MED24,100,371,215,215,2
0.2386,edistance,Wessels,WitnessCell,GATA2+MED24,100,371,215,215,2
0.1974,sym_kldiv,Wessels,WitnessCell,GATA2+MED24,100,371,215,215,2
61.4919,wasserstein,Wessels,WitnessCell,GATA2+MED24,100,371,215,215,2
0.0,common_degs,Wessels,WitnessCell,GATA2+MED24,100,371,215,215,2
0.9449,pearson_distance,Wessels,WitnessCell,GATA2+MED24,5000,371,215,215,2
0.0012,mse,Wessels,WitnessCell,GATA2+MED24,5000,371,215,215,2
0.4449,edistance,Wessels,WitnessCell,GATA2+MED24,5000,371,215,215,2
40.2434,sym_kldiv,Wessels,WitnessCell,GATA2+MED24,5000,371,215,215,2
0.8923,pearson_distance,Wessels,WitnessCell,GATA2+RING1,100,371,167,167,2
0.0079,mse,Wessels,WitnessCell,GATA2+RING1,100,371,167,167,2
0.1867,edistance,Wessels,WitnessCell,GATA2+RING1,100,371,167,167,2
40.6691,sym_kldiv,Wessels,WitnessCell,GATA2+RING1,100,371,167,167,2
33.4498,wasserstein,Wessels,WitnessCell,GATA2+RING1,100,371,167,167,2
0.0,common_degs,Wessels,WitnessCell,GATA2+RING1,100,371,167,167,2
0.6374,pearson_distance,Wessels,WitnessCell,GATA2+RING1,5000,371,167,167,2
0.0015,mse,Wessels,WitnessCell,GATA2+RING1,5000,371,167,167,2
0.4718,edistance,Wessels,WitnessCell,GATA2+RING1,5000,371,167,167,2
40.1872,sym_kldiv,Wessels,WitnessCell,GATA2+RING1,5000,371,167,167,2
0.969,pearson_distance,Wessels,WitnessCell,GATA2+SMARCD1,100,371,204,204,2
0.0039,mse,Wessels,WitnessCell,GATA2+SMARCD1,100,371,204,204,2
0.1011,edistance,Wessels,WitnessCell,GATA2+SMARCD1,100,371,204,204,2
0.2034,sym_kldiv,Wessels,WitnessCell,GATA2+SMARCD1,100,371,204,204,2
46.9425,wasserstein,Wessels,WitnessCell,GATA2+SMARCD1,100,371,204,204,2
0.0,common_degs,Wessels,WitnessCell,GATA2+SMARCD1,100,371,204,204,2
0.8285,pearson_distance,Wessels,WitnessCell,GATA2+SMARCD1,5000,371,204,204,2
0.001,mse,Wessels,WitnessCell,GATA2+SMARCD1,5000,371,204,204,2
0.3426,edistance,Wessels,WitnessCell,GATA2+SMARCD1,5000,371,204,204,2
40.1769,sym_kldiv,Wessels,WitnessCell,GATA2+SMARCD1,5000,371,204,204,2
0.9764,pearson_distance,Wessels,WitnessCell,GFI1+GSE1,100,371,65,65,2
0.0288,mse,Wessels,WitnessCell,GFI1+GSE1,100,371,65,65,2
0.5825,edistance,Wessels,WitnessCell,GFI1+GSE1,100,371,65,65,2
43.5778,sym_kldiv,Wessels,WitnessCell,GFI1+GSE1,100,371,65,65,2
52.6339,wasserstein,Wessels,WitnessCell,GFI1+GSE1,100,371,65,65,2
0.0,common_degs,Wessels,WitnessCell,GFI1+GSE1,100,371,65,65,2
0.8713,pearson_distance,Wessels,WitnessCell,GFI1+GSE1,5000,371,65,65,2
0.0032,mse,Wessels,WitnessCell,GFI1+GSE1,5000,371,65,65,2
1.0159,edistance,Wessels,WitnessCell,GFI1+GSE1,5000,371,65,65,2
41.6806,sym_kldiv,Wessels,WitnessCell,GFI1+GSE1,5000,371,65,65,2
0.9688,pearson_distance,Wessels,WitnessCell,GFI1+HDAC3,100,371,167,167,2
0.073,mse,Wessels,WitnessCell,GFI1+HDAC3,100,371,167,167,2
1.1089,edistance,Wessels,WitnessCell,GFI1+HDAC3,100,371,167,167,2
0.7279,sym_kldiv,Wessels,WitnessCell,GFI1+HDAC3,100,371,167,167,2
61.441,wasserstein,Wessels,WitnessCell,GFI1+HDAC3,100,371,167,167,2
0.0,common_degs,Wessels,WitnessCell,GFI1+HDAC3,100,371,167,167,2
0.9097,pearson_distance,Wessels,WitnessCell,GFI1+HDAC3,5000,371,167,167,2
0.0027,mse,Wessels,WitnessCell,GFI1+HDAC3,5000,371,167,167,2
0.7064,edistance,Wessels,WitnessCell,GFI1+HDAC3,5000,371,167,167,2
40.4526,sym_kldiv,Wessels,WitnessCell,GFI1+HDAC3,5000,371,167,167,2
0.985,pearson_distance,Wessels,WitnessCell,GFI1+RING1,100,371,151,151,2
0.0114,mse,Wessels,WitnessCell,GFI1+RING1,100,371,151,151,2
0.2903,edistance,Wessels,WitnessCell,GFI1+RING1,100,371,151,151,2
0.5183,sym_kldiv,Wessels,WitnessCell,GFI1+RING1,100,371,151,151,2
61.2082,wasserstein,Wessels,WitnessCell,GFI1+RING1,100,371,151,151,2
0.0,common_degs,Wessels,WitnessCell,GFI1+RING1,100,371,151,151,2
0.9124,pearson_distance,Wessels,WitnessCell,GFI1+RING1,5000,371,151,151,2
0.0015,mse,Wessels,WitnessCell,GFI1+RING1,5000,371,151,151,2
0.492,edistance,Wessels,WitnessCell,GFI1+RING1,5000,371,151,151,2
40.5325,sym_kldiv,Wessels,WitnessCell,GFI1+RING1,5000,371,151,151,2
0.9569,pearson_distance,Wessels,WitnessCell,GSE1+HDAC3,100,371,135,135,2
0.0466,mse,Wessels,WitnessCell,GSE1+HDAC3,100,371,135,135,2
0.7408,edistance,Wessels,WitnessCell,GSE1+HDAC3,100,371,135,135,2
41.6762,sym_kldiv,Wessels,WitnessCell,GSE1+HDAC3,100,371,135,135,2
52.6933,wasserstein,Wessels,WitnessCell,GSE1+HDAC3,100,371,135,135,2
0.0,common_degs,Wessels,WitnessCell,GSE1+HDAC3,100,371,135,135,2
0.8623,pearson_distance,Wessels,WitnessCell,GSE1+HDAC3,5000,371,135,135,2
0.0025,mse,Wessels,WitnessCell,GSE1+HDAC3,5000,371,135,135,2
0.6911,edistance,Wessels,WitnessCell,GSE1+HDAC3,5000,371,135,135,2
40.8905,sym_kldiv,Wessels,WitnessCell,GSE1+HDAC3,5000,371,135,135,2
0.9811,pearson_distance,Wessels,WitnessCell,GSE1+KDM1A,100,371,95,95,2
0.0187,mse,Wessels,WitnessCell,GSE1+KDM1A,100,371,95,95,2
0.3354,edistance,Wessels,WitnessCell,GSE1+KDM1A,100,371,95,95,2
40.4289,sym_kldiv,Wessels,WitnessCell,GSE1+KDM1A,100,371,95,95,2
56.8366,wasserstein,Wessels,WitnessCell,GSE1+KDM1A,100,371,95,95,2
0.0,common_degs,Wessels,WitnessCell,GSE1+KDM1A,100,371,95,95,2
0.9156,pearson_distance,Wessels,WitnessCell,GSE1+KDM1A,5000,371,95,95,2
0.0024,mse,Wessels,WitnessCell,GSE1+KDM1A,5000,371,95,95,2
0.7419,edistance,Wessels,WitnessCell,GSE1+KDM1A,5000,371,95,95,2
41.1378,sym_kldiv,Wessels,WitnessCell,GSE1+KDM1A,5000,371,95,95,2
0.5003,pearson_distance,Wessels,WitnessCell,INTS1+RING1,100,371,498,498,2
0.0454,mse,Wessels,WitnessCell,INTS1+RING1,100,371,498,498,2
0.6978,edistance,Wessels,WitnessCell,INTS1+RING1,100,371,498,498,2
0.5908,sym_kldiv,Wessels,WitnessCell,INTS1+RING1,100,371,498,498,2
44.0429,wasserstein,Wessels,WitnessCell,INTS1+RING1,100,371,498,498,2
0.0,common_degs,Wessels,WitnessCell,INTS1+RING1,100,371,498,498,2
0.3783,pearson_distance,Wessels,WitnessCell,INTS1+RING1,5000,371,498,498,2
0.0038,mse,Wessels,WitnessCell,INTS1+RING1,5000,371,498,498,2
0.8158,edistance,Wessels,WitnessCell,INTS1+RING1,5000,371,498,498,2
39.2398,sym_kldiv,Wessels,WitnessCell,INTS1+RING1,5000,371,498,498,2
0.7366,pearson_distance,Wessels,WitnessCell,INTS1+SSRP1,100,371,317,317,2
0.0214,mse,Wessels,WitnessCell,INTS1+SSRP1,100,371,317,317,2
0.3541,edistance,Wessels,WitnessCell,INTS1+SSRP1,100,371,317,317,2
0.3072,sym_kldiv,Wessels,WitnessCell,INTS1+SSRP1,100,371,317,317,2
45.47,wasserstein,Wessels,WitnessCell,INTS1+SSRP1,100,371,317,317,2
0.0,common_degs,Wessels,WitnessCell,INTS1+SSRP1,100,371,317,317,2
0.5244,pearson_distance,Wessels,WitnessCell,INTS1+SSRP1,5000,371,317,317,2
0.0028,mse,Wessels,WitnessCell,INTS1+SSRP1,5000,371,317,317,2
0.6377,edistance,Wessels,WitnessCell,INTS1+SSRP1,5000,371,317,317,2
39.563,sym_kldiv,Wessels,WitnessCell,INTS1+SSRP1,5000,371,317,317,2
0.9844,pearson_distance,Wessels,WitnessCell,MED24+RING1,100,371,125,125,2
0.0152,mse,Wessels,WitnessCell,MED24+RING1,100,371,125,125,2
0.3314,edistance,Wessels,WitnessCell,MED24+RING1,100,371,125,125,2
0.2455,sym_kldiv,Wessels,WitnessCell,MED24+RING1,100,371,125,125,2
63.1137,wasserstein,Wessels,WitnessCell,MED24+RING1,100,371,125,125,2
0.0,common_degs,Wessels,WitnessCell,MED24+RING1,100,371,125,125,2
0.9235,pearson_distance,Wessels,WitnessCell,MED24+RING1,5000,371,125,125,2
0.0019,mse,Wessels,WitnessCell,MED24+RING1,5000,371,125,125,2
0.6408,edistance,Wessels,WitnessCell,MED24+RING1,5000,371,125,125,2
40.8215,sym_kldiv,Wessels,WitnessCell,MED24+RING1,5000,371,125,125,2
0.9761,pearson_distance,Wessels,WitnessCell,MED24+SSRP1,100,371,108,108,2
0.0181,mse,Wessels,WitnessCell,MED24+SSRP1,100,371,108,108,2
0.3519,edistance,Wessels,WitnessCell,MED24+SSRP1,100,371,108,108,2
0.3048,sym_kldiv,Wessels,WitnessCell,MED24+SSRP1,100,371,108,108,2
63.3707,wasserstein,Wessels,WitnessCell,MED24+SSRP1,100,371,108,108,2
0.0,common_degs,Wessels,WitnessCell,MED24+SSRP1,100,371,108,108,2
0.8968,pearson_distance,Wessels,WitnessCell,MED24+SSRP1,5000,371,108,108,2
0.0025,mse,Wessels,WitnessCell,MED24+SSRP1,5000,371,108,108,2
0.8208,edistance,Wessels,WitnessCell,MED24+SSRP1,5000,371,108,108,2
40.9124,sym_kldiv,Wessels,WitnessCell,MED24+SSRP1,5000,371,108,108,2
0.1833,pearson_distance,Wessels,WitnessCell,RCOR1,100,371,50,50,2
0.0077,mse,Wessels,WitnessCell,RCOR1,100,371,50,50,2
0.5449,edistance,Wessels,WitnessCell,RCOR1,100,371,50,50,2
45.8921,sym_kldiv,Wessels,WitnessCell,RCOR1,100,371,50,50,2
4.9764,wasserstein,Wessels,WitnessCell,RCOR1,100,371,50,50,2
0.0,common_degs,Wessels,WitnessCell,RCOR1,100,371,50,50,2
0.3073,pearson_distance,Wessels,WitnessCell,RCOR1,5000,371,50,50,2
0.0036,mse,Wessels,WitnessCell,RCOR1,5000,371,50,50,2
1.2225,edistance,Wessels,WitnessCell,RCOR1,5000,371,50,50,2
42.0156,sym_kldiv,Wessels,WitnessCell,RCOR1,5000,371,50,50,2
0.7998,pearson_distance,Wessels,WitnessCell,IKZF1+RCOR1,100,371,54,54,2
0.0074,mse,Wessels,WitnessCell,IKZF1+RCOR1,100,371,54,54,2
0.3065,edistance,Wessels,WitnessCell,IKZF1+RCOR1,100,371,54,54,2
45.6761,sym_kldiv,Wessels,WitnessCell,IKZF1+RCOR1,100,371,54,54,2
10.5919,wasserstein,Wessels,WitnessCell,IKZF1+RCOR1,100,371,54,54,2
0.0,common_degs,Wessels,WitnessCell,IKZF1+RCOR1,100,371,54,54,2
0.3557,pearson_distance,Wessels,WitnessCell,IKZF1+RCOR1,5000,371,54,54,2
0.0056,mse,Wessels,WitnessCell,IKZF1+RCOR1,5000,371,54,54,2
1.558,edistance,Wessels,WitnessCell,IKZF1+RCOR1,5000,371,54,54,2
41.9924,sym_kldiv,Wessels,WitnessCell,IKZF1+RCOR1,5000,371,54,54,2
0.9353,pearson_distance,Wessels,WitnessCell,MED13L+MED16,100,371,148,148,2
0.0301,mse,Wessels,WitnessCell,MED13L+MED16,100,371,148,148,2
0.4771,edistance,Wessels,WitnessCell,MED13L+MED16,100,371,148,148,2
0.274,sym_kldiv,Wessels,WitnessCell,MED13L+MED16,100,371,148,148,2
64.3457,wasserstein,Wessels,WitnessCell,MED13L+MED16,100,371,148,148,2
0.0,common_degs,Wessels,WitnessCell,MED13L+MED16,100,371,148,148,2
0.7261,pearson_distance,Wessels,WitnessCell,MED13L+MED16,5000,371,148,148,2
0.0032,mse,Wessels,WitnessCell,MED13L+MED16,5000,371,148,148,2
0.8337,edistance,Wessels,WitnessCell,MED13L+MED16,5000,371,148,148,2
40.8162,sym_kldiv,Wessels,WitnessCell,MED13L+MED16,5000,371,148,148,2
0.9074,pearson_distance,Wessels,WitnessCell,MED13L+MED22,100,371,90,90,2
0.0495,mse,Wessels,WitnessCell,MED13L+MED22,100,371,90,90,2
0.7125,edistance,Wessels,WitnessCell,MED13L+MED22,100,371,90,90,2
40.9079,sym_kldiv,Wessels,WitnessCell,MED13L+MED22,100,371,90,90,2
65.3992,wasserstein,Wessels,WitnessCell,MED13L+MED22,100,371,90,90,2
0.0,common_degs,Wessels,WitnessCell,MED13L+MED22,100,371,90,90,2
0.6941,pearson_distance,Wessels,WitnessCell,MED13L+MED22,5000,371,90,90,2
0.0043,mse,Wessels,WitnessCell,MED13L+MED22,5000,371,90,90,2
1.1596,edistance,Wessels,WitnessCell,MED13L+MED22,5000,371,90,90,2
41.3479,sym_kldiv,Wessels,WitnessCell,MED13L+MED22,5000,371,90,90,2
0.9313,pearson_distance,Wessels,WitnessCell,MED16+MED22,100,371,93,93,2
0.0782,mse,Wessels,WitnessCell,MED16+MED22,100,371,93,93,2
1.0831,edistance,Wessels,WitnessCell,MED16+MED22,100,371,93,93,2
0.5049,sym_kldiv,Wessels,WitnessCell,MED16+MED22,100,371,93,93,2
72.0298,wasserstein,Wessels,WitnessCell,MED16+MED22,100,371,93,93,2
0.0,common_degs,Wessels,WitnessCell,MED16+MED22,100,371,93,93,2
0.73,pearson_distance,Wessels,WitnessCell,MED16+MED22,5000,371,93,93,2
0.0053,mse,Wessels,WitnessCell,MED16+MED22,5000,371,93,93,2
1.3329,edistance,Wessels,WitnessCell,MED16+MED22,5000,371,93,93,2
41.3054,sym_kldiv,Wessels,WitnessCell,MED16+MED22,5000,371,93,93,2
0.849,pearson_distance,Wessels,WitnessCell,DOT1L+FLI1,100,371,155,155,3
0.086,mse,Wessels,WitnessCell,DOT1L+FLI1,100,371,155,155,3
1.1005,edistance,Wessels,WitnessCell,DOT1L+FLI1,100,371,155,155,3
0.7692,sym_kldiv,Wessels,WitnessCell,DOT1L+FLI1,100,371,155,155,3
65.0063,wasserstein,Wessels,WitnessCell,DOT1L+FLI1,100,371,155,155,3
0.0,common_degs,Wessels,WitnessCell,DOT1L+FLI1,100,371,155,155,3
0.6511,pearson_distance,Wessels,WitnessCell,DOT1L+FLI1,5000,371,155,155,3
0.0045,mse,Wessels,WitnessCell,DOT1L+FLI1,5000,371,155,155,3
0.9996,edistance,Wessels,WitnessCell,DOT1L+FLI1,5000,371,155,155,3
40.6242,sym_kldiv,Wessels,WitnessCell,DOT1L+FLI1,5000,371,155,155,3
0.8758,pearson_distance,Wessels,WitnessCell,DOT1L+IKZF1,100,371,100,100,3
0.0115,mse,Wessels,WitnessCell,DOT1L+IKZF1,100,371,100,100,3
0.2519,edistance,Wessels,WitnessCell,DOT1L+IKZF1,100,371,100,100,3
43.4855,sym_kldiv,Wessels,WitnessCell,DOT1L+IKZF1,100,371,100,100,3
36.4891,wasserstein,Wessels,WitnessCell,DOT1L+IKZF1,100,371,100,100,3
0.0,common_degs,Wessels,WitnessCell,DOT1L+IKZF1,100,371,100,100,3
0.5807,pearson_distance,Wessels,WitnessCell,DOT1L+IKZF1,5000,371,100,100,3
0.0028,mse,Wessels,WitnessCell,DOT1L+IKZF1,5000,371,100,100,3
0.8238,edistance,Wessels,WitnessCell,DOT1L+IKZF1,5000,371,100,100,3
40.9832,sym_kldiv,Wessels,WitnessCell,DOT1L+IKZF1,5000,371,100,100,3
0.7053,pearson_distance,Wessels,WitnessCell,DOT1L+KDM1A,100,371,142,142,3
0.3323,mse,Wessels,WitnessCell,DOT1L+KDM1A,100,371,142,142,3
3.7529,edistance,Wessels,WitnessCell,DOT1L+KDM1A,100,371,142,142,3
1.2883,sym_kldiv,Wessels,WitnessCell,DOT1L+KDM1A,100,371,142,142,3
95.0956,wasserstein,Wessels,WitnessCell,DOT1L+KDM1A,100,371,142,142,3
0.0,common_degs,Wessels,WitnessCell,DOT1L+KDM1A,100,371,142,142,3
0.6483,pearson_distance,Wessels,WitnessCell,DOT1L+KDM1A,5000,371,142,142,3
0.0097,mse,Wessels,WitnessCell,DOT1L+KDM1A,5000,371,142,142,3
1.9412,edistance,Wessels,WitnessCell,DOT1L+KDM1A,5000,371,142,142,3
40.8573,sym_kldiv,Wessels,WitnessCell,DOT1L+KDM1A,5000,371,142,142,3
0.8701,pearson_distance,Wessels,WitnessCell,DOT1L+RING1,100,371,117,117,3
0.0138,mse,Wessels,WitnessCell,DOT1L+RING1,100,371,117,117,3
0.2742,edistance,Wessels,WitnessCell,DOT1L+RING1,100,371,117,117,3
41.3032,sym_kldiv,Wessels,WitnessCell,DOT1L+RING1,100,371,117,117,3
48.1317,wasserstein,Wessels,WitnessCell,DOT1L+RING1,100,371,117,117,3
0.0,common_degs,Wessels,WitnessCell,DOT1L+RING1,100,371,117,117,3
0.6682,pearson_distance,Wessels,WitnessCell,DOT1L+RING1,5000,371,117,117,3
0.0022,mse,Wessels,WitnessCell,DOT1L+RING1,5000,371,117,117,3
0.6634,edistance,Wessels,WitnessCell,DOT1L+RING1,5000,371,117,117,3
40.5367,sym_kldiv,Wessels,WitnessCell,DOT1L+RING1,5000,371,117,117,3
0.9476,pearson_distance,Wessels,WitnessCell,EP300+FLI1,100,371,104,104,3
0.0227,mse,Wessels,WitnessCell,EP300+FLI1,100,371,104,104,3
0.4975,edistance,Wessels,WitnessCell,EP300+FLI1,100,371,104,104,3
0.3878,sym_kldiv,Wessels,WitnessCell,EP300+FLI1,100,371,104,104,3
65.3137,wasserstein,Wessels,WitnessCell,EP300+FLI1,100,371,104,104,3
0.0,common_degs,Wessels,WitnessCell,EP300+FLI1,100,371,104,104,3
0.8318,pearson_distance,Wessels,WitnessCell,EP300+FLI1,5000,371,104,104,3
0.0031,mse,Wessels,WitnessCell,EP300+FLI1,5000,371,104,104,3
0.8904,edistance,Wessels,WitnessCell,EP300+FLI1,5000,371,104,104,3
41.071,sym_kldiv,Wessels,WitnessCell,EP300+FLI1,5000,371,104,104,3
0.9457,pearson_distance,Wessels,WitnessCell,EP300+IKZF1,100,371,63,63,3
0.012,mse,Wessels,WitnessCell,EP300+IKZF1,100,371,63,63,3
0.3292,edistance,Wessels,WitnessCell,EP300+IKZF1,100,371,63,63,3
44.406,sym_kldiv,Wessels,WitnessCell,EP300+IKZF1,100,371,63,63,3
41.2658,wasserstein,Wessels,WitnessCell,EP300+IKZF1,100,371,63,63,3
0.0,common_degs,Wessels,WitnessCell,EP300+IKZF1,100,371,63,63,3
0.7616,pearson_distance,Wessels,WitnessCell,EP300+IKZF1,5000,371,63,63,3
0.0036,mse,Wessels,WitnessCell,EP300+IKZF1,5000,371,63,63,3
1.1744,edistance,Wessels,WitnessCell,EP300+IKZF1,5000,371,63,63,3
41.5688,sym_kldiv,Wessels,WitnessCell,EP300+IKZF1,5000,371,63,63,3
0.939,pearson_distance,Wessels,WitnessCell,EP300+KDM1A,100,371,74,74,3
0.0261,mse,Wessels,WitnessCell,EP300+KDM1A,100,371,74,74,3
0.4938,edistance,Wessels,WitnessCell,EP300+KDM1A,100,371,74,74,3
1.2421,sym_kldiv,Wessels,WitnessCell,EP300+KDM1A,100,371,74,74,3
62.3828,wasserstein,Wessels,WitnessCell,EP300+KDM1A,100,371,74,74,3
0.0,common_degs,Wessels,WitnessCell,EP300+KDM1A,100,371,74,74,3
0.8,pearson_distance,Wessels,WitnessCell,EP300+KDM1A,5000,371,74,74,3
0.0037,mse,Wessels,WitnessCell,EP300+KDM1A,5000,371,74,74,3
1.083,edistance,Wessels,WitnessCell,EP300+KDM1A,5000,371,74,74,3
41.4378,sym_kldiv,Wessels,WitnessCell,EP300+KDM1A,5000,371,74,74,3
0.9686,pearson_distance,Wessels,WitnessCell,EP300+RING1,100,371,120,120,3
0.0088,mse,Wessels,WitnessCell,EP300+RING1,100,371,120,120,3
0.2971,edistance,Wessels,WitnessCell,EP300+RING1,100,371,120,120,3
0.2921,sym_kldiv,Wessels,WitnessCell,EP300+RING1,100,371,120,120,3
63.5321,wasserstein,Wessels,WitnessCell,EP300+RING1,100,371,120,120,3
0.0,common_degs,Wessels,WitnessCell,EP300+RING1,100,371,120,120,3
0.869,pearson_distance,Wessels,WitnessCell,EP300+RING1,5000,371,120,120,3
0.0021,mse,Wessels,WitnessCell,EP300+RING1,5000,371,120,120,3
0.64,edistance,Wessels,WitnessCell,EP300+RING1,5000,371,120,120,3
40.7831,sym_kldiv,Wessels,WitnessCell,EP300+RING1,5000,371,120,120,3
0.7483,pearson_distance,Wessels,WitnessCell,FLI1+GATA2,100,371,222,222,3
0.085,mse,Wessels,WitnessCell,FLI1+GATA2,100,371,222,222,3
1.0985,edistance,Wessels,WitnessCell,FLI1+GATA2,100,371,222,222,3
0.5923,sym_kldiv,Wessels,WitnessCell,FLI1+GATA2,100,371,222,222,3
66.8555,wasserstein,Wessels,WitnessCell,FLI1+GATA2,100,371,222,222,3
0.0,common_degs,Wessels,WitnessCell,FLI1+GATA2,100,371,222,222,3
0.6191,pearson_distance,Wessels,WitnessCell,FLI1+GATA2,5000,371,222,222,3
0.004,mse,Wessels,WitnessCell,FLI1+GATA2,5000,371,222,222,3
0.8539,edistance,Wessels,WitnessCell,FLI1+GATA2,5000,371,222,222,3
40.1531,sym_kldiv,Wessels,WitnessCell,FLI1+GATA2,5000,371,222,222,3
0.7839,pearson_distance,Wessels,WitnessCell,FLI1+GFI1,100,371,89,89,3
0.2306,mse,Wessels,WitnessCell,FLI1+GFI1,100,371,89,89,3
2.7434,edistance,Wessels,WitnessCell,FLI1+GFI1,100,371,89,89,3
0.9966,sym_kldiv,Wessels,WitnessCell,FLI1+GFI1,100,371,89,89,3
85.7979,wasserstein,Wessels,WitnessCell,FLI1+GFI1,100,371,89,89,3
0.0,common_degs,Wessels,WitnessCell,FLI1+GFI1,100,371,89,89,3
0.6265,pearson_distance,Wessels,WitnessCell,FLI1+GFI1,5000,371,89,89,3
0.0095,mse,Wessels,WitnessCell,FLI1+GFI1,5000,371,89,89,3
2.0172,edistance,Wessels,WitnessCell,FLI1+GFI1,5000,371,89,89,3
41.3876,sym_kldiv,Wessels,WitnessCell,FLI1+GFI1,5000,371,89,89,3
0.9111,pearson_distance,Wessels,WitnessCell,FLI1+GSE1,100,371,118,118,3
0.0737,mse,Wessels,WitnessCell,FLI1+GSE1,100,371,118,118,3
1.0405,edistance,Wessels,WitnessCell,FLI1+GSE1,100,371,118,118,3
41.4202,sym_kldiv,Wessels,WitnessCell,FLI1+GSE1,100,371,118,118,3
65.9412,wasserstein,Wessels,WitnessCell,FLI1+GSE1,100,371,118,118,3
0.0,common_degs,Wessels,WitnessCell,FLI1+GSE1,100,371,118,118,3
0.6624,pearson_distance,Wessels,WitnessCell,FLI1+GSE1,5000,371,118,118,3
0.0061,mse,Wessels,WitnessCell,FLI1+GSE1,5000,371,118,118,3
1.3435,edistance,Wessels,WitnessCell,FLI1+GSE1,5000,371,118,118,3
40.8659,sym_kldiv,Wessels,WitnessCell,FLI1+GSE1,5000,371,118,118,3
0.6957,pearson_distance,Wessels,WitnessCell,FLI1+HDAC3,100,371,172,172,3
0.1262,mse,Wessels,WitnessCell,FLI1+HDAC3,100,371,172,172,3
1.6342,edistance,Wessels,WitnessCell,FLI1+HDAC3,100,371,172,172,3
0.6908,sym_kldiv,Wessels,WitnessCell,FLI1+HDAC3,100,371,172,172,3
65.3537,wasserstein,Wessels,WitnessCell,FLI1+HDAC3,100,371,172,172,3
0.0,common_degs,Wessels,WitnessCell,FLI1+HDAC3,100,371,172,172,3
0.6437,pearson_distance,Wessels,WitnessCell,FLI1+HDAC3,5000,371,172,172,3
0.0053,mse,Wessels,WitnessCell,FLI1+HDAC3,5000,371,172,172,3
1.1378,edistance,Wessels,WitnessCell,FLI1+HDAC3,5000,371,172,172,3
40.4571,sym_kldiv,Wessels,WitnessCell,FLI1+HDAC3,5000,371,172,172,3
0.3289,pearson_distance,Wessels,WitnessCell,FLI1+INTS1,100,371,322,322,3
0.1145,mse,Wessels,WitnessCell,FLI1+INTS1,100,371,322,322,3
1.4938,edistance,Wessels,WitnessCell,FLI1+INTS1,100,371,322,322,3
0.6906,sym_kldiv,Wessels,WitnessCell,FLI1+INTS1,100,371,322,322,3
61.5866,wasserstein,Wessels,WitnessCell,FLI1+INTS1,100,371,322,322,3
0.0,common_degs,Wessels,WitnessCell,FLI1+INTS1,100,371,322,322,3
0.5031,pearson_distance,Wessels,WitnessCell,FLI1+INTS1,5000,371,322,322,3
0.0042,mse,Wessels,WitnessCell,FLI1+INTS1,5000,371,322,322,3
0.8683,edistance,Wessels,WitnessCell,FLI1+INTS1,5000,371,322,322,3
39.7026,sym_kldiv,Wessels,WitnessCell,FLI1+INTS1,5000,371,322,322,3
0.9677,pearson_distance,Wessels,WitnessCell,FLI1+MED24,100,371,260,260,3
0.0209,mse,Wessels,WitnessCell,FLI1+MED24,100,371,260,260,3
0.3607,edistance,Wessels,WitnessCell,FLI1+MED24,100,371,260,260,3
0.2444,sym_kldiv,Wessels,WitnessCell,FLI1+MED24,100,371,260,260,3
71.0062,wasserstein,Wessels,WitnessCell,FLI1+MED24,100,371,260,260,3
0.0,common_degs,Wessels,WitnessCell,FLI1+MED24,100,371,260,260,3
0.8775,pearson_distance,Wessels,WitnessCell,FLI1+MED24,5000,371,260,260,3
0.0031,mse,Wessels,WitnessCell,FLI1+MED24,5000,371,260,260,3
0.7511,edistance,Wessels,WitnessCell,FLI1+MED24,5000,371,260,260,3
40.302,sym_kldiv,Wessels,WitnessCell,FLI1+MED24,5000,371,260,260,3
0.8236,pearson_distance,Wessels,WitnessCell,FLI1+RCOR1,100,371,208,208,3
0.0546,mse,Wessels,WitnessCell,FLI1+RCOR1,100,371,208,208,3
0.7369,edistance,Wessels,WitnessCell,FLI1+RCOR1,100,371,208,208,3
0.3814,sym_kldiv,Wessels,WitnessCell,FLI1+RCOR1,100,371,208,208,3
68.899,wasserstein,Wessels,WitnessCell,FLI1+RCOR1,100,371,208,208,3
0.0,common_degs,Wessels,WitnessCell,FLI1+RCOR1,100,371,208,208,3
0.6897,pearson_distance,Wessels,WitnessCell,FLI1+RCOR1,5000,371,208,208,3
0.0031,mse,Wessels,WitnessCell,FLI1+RCOR1,5000,371,208,208,3
0.7067,edistance,Wessels,WitnessCell,FLI1+RCOR1,5000,371,208,208,3
40.2393,sym_kldiv,Wessels,WitnessCell,FLI1+RCOR1,5000,371,208,208,3
0.8592,pearson_distance,Wessels,WitnessCell,FLI1+SMARCD1,100,371,187,187,3
0.0659,mse,Wessels,WitnessCell,FLI1+SMARCD1,100,371,187,187,3
0.8644,edistance,Wessels,WitnessCell,FLI1+SMARCD1,100,371,187,187,3
0.432,sym_kldiv,Wessels,WitnessCell,FLI1+SMARCD1,100,371,187,187,3
72.462,wasserstein,Wessels,WitnessCell,FLI1+SMARCD1,100,371,187,187,3
0.0,common_degs,Wessels,WitnessCell,FLI1+SMARCD1,100,371,187,187,3
0.7197,pearson_distance,Wessels,WitnessCell,FLI1+SMARCD1,5000,371,187,187,3
0.004,mse,Wessels,WitnessCell,FLI1+SMARCD1,5000,371,187,187,3
0.8768,edistance,Wessels,WitnessCell,FLI1+SMARCD1,5000,371,187,187,3
40.5014,sym_kldiv,Wessels,WitnessCell,FLI1+SMARCD1,5000,371,187,187,3
0.842,pearson_distance,Wessels,WitnessCell,FLI1+SSRP1,100,371,109,109,3
0.0833,mse,Wessels,WitnessCell,FLI1+SSRP1,100,371,109,109,3
1.1001,edistance,Wessels,WitnessCell,FLI1+SSRP1,100,371,109,109,3
0.4657,sym_kldiv,Wessels,WitnessCell,FLI1+SSRP1,100,371,109,109,3
69.9544,wasserstein,Wessels,WitnessCell,FLI1+SSRP1,100,371,109,109,3
0.0,common_degs,Wessels,WitnessCell,FLI1+SSRP1,100,371,109,109,3
0.6437,pearson_distance,Wessels,WitnessCell,FLI1+SSRP1,5000,371,109,109,3
0.0051,mse,Wessels,WitnessCell,FLI1+SSRP1,5000,371,109,109,3
1.1884,edistance,Wessels,WitnessCell,FLI1+SSRP1,5000,371,109,109,3
41.124,sym_kldiv,Wessels,WitnessCell,FLI1+SSRP1,5000,371,109,109,3
0.8605,pearson_distance,Wessels,WitnessCell,GATA2+IKZF1,100,371,137,137,3
0.0113,mse,Wessels,WitnessCell,GATA2+IKZF1,100,371,137,137,3
0.2382,edistance,Wessels,WitnessCell,GATA2+IKZF1,100,371,137,137,3
41.6521,sym_kldiv,Wessels,WitnessCell,GATA2+IKZF1,100,371,137,137,3
39.359,wasserstein,Wessels,WitnessCell,GATA2+IKZF1,100,371,137,137,3
0.0,common_degs,Wessels,WitnessCell,GATA2+IKZF1,100,371,137,137,3
0.6219,pearson_distance,Wessels,WitnessCell,GATA2+IKZF1,5000,371,137,137,3
0.0022,mse,Wessels,WitnessCell,GATA2+IKZF1,5000,371,137,137,3
0.6452,edistance,Wessels,WitnessCell,GATA2+IKZF1,5000,371,137,137,3
40.3853,sym_kldiv,Wessels,WitnessCell,GATA2+IKZF1,5000,371,137,137,3
0.7049,pearson_distance,Wessels,WitnessCell,GATA2+KDM1A,100,371,182,182,3
0.2241,mse,Wessels,WitnessCell,GATA2+KDM1A,100,371,182,182,3
2.6598,edistance,Wessels,WitnessCell,GATA2+KDM1A,100,371,182,182,3
0.95,sym_kldiv,Wessels,WitnessCell,GATA2+KDM1A,100,371,182,182,3
81.8748,wasserstein,Wessels,WitnessCell,GATA2+KDM1A,100,371,182,182,3
0.0,common_degs,Wessels,WitnessCell,GATA2+KDM1A,100,371,182,182,3
0.6387,pearson_distance,Wessels,WitnessCell,GATA2+KDM1A,5000,371,182,182,3
0.0066,mse,Wessels,WitnessCell,GATA2+KDM1A,5000,371,182,182,3
1.3582,edistance,Wessels,WitnessCell,GATA2+KDM1A,5000,371,182,182,3
40.4823,sym_kldiv,Wessels,WitnessCell,GATA2+KDM1A,5000,371,182,182,3
0.7197,pearson_distance,Wessels,WitnessCell,GATA2+RING1,100,371,167,167,3
0.0126,mse,Wessels,WitnessCell,GATA2+RING1,100,371,167,167,3
0.254,edistance,Wessels,WitnessCell,GATA2+RING1,100,371,167,167,3
40.7195,sym_kldiv,Wessels,WitnessCell,GATA2+RING1,100,371,167,167,3
34.3058,wasserstein,Wessels,WitnessCell,GATA2+RING1,100,371,167,167,3
0.0,common_degs,Wessels,WitnessCell,GATA2+RING1,100,371,167,167,3
0.4355,pearson_distance,Wessels,WitnessCell,GATA2+RING1,5000,371,167,167,3
0.0028,mse,Wessels,WitnessCell,GATA2+RING1,5000,371,167,167,3
0.7245,edistance,Wessels,WitnessCell,GATA2+RING1,5000,371,167,167,3
40.1918,sym_kldiv,Wessels,WitnessCell,GATA2+RING1,5000,371,167,167,3
0.6074,pearson_distance,Wessels,WitnessCell,GFI1+KDM1A,100,371,62,62,3
0.3987,mse,Wessels,WitnessCell,GFI1+KDM1A,100,371,62,62,3
4.8573,edistance,Wessels,WitnessCell,GFI1+KDM1A,100,371,62,62,3
42.8809,sym_kldiv,Wessels,WitnessCell,GFI1+KDM1A,100,371,62,62,3
89.6705,wasserstein,Wessels,WitnessCell,GFI1+KDM1A,100,371,62,62,3
0.0,common_degs,Wessels,WitnessCell,GFI1+KDM1A,100,371,62,62,3
0.5321,pearson_distance,Wessels,WitnessCell,GFI1+KDM1A,5000,371,62,62,3
0.0126,mse,Wessels,WitnessCell,GFI1+KDM1A,5000,371,62,62,3
2.7656,edistance,Wessels,WitnessCell,GFI1+KDM1A,5000,371,62,62,3
41.9886,sym_kldiv,Wessels,WitnessCell,GFI1+KDM1A,5000,371,62,62,3
0.7221,pearson_distance,Wessels,WitnessCell,GFI1+RING1,100,371,151,151,3
0.1615,mse,Wessels,WitnessCell,GFI1+RING1,100,371,151,151,3
2.0006,edistance,Wessels,WitnessCell,GFI1+RING1,100,371,151,151,3
0.8491,sym_kldiv,Wessels,WitnessCell,GFI1+RING1,100,371,151,151,3
76.9866,wasserstein,Wessels,WitnessCell,GFI1+RING1,100,371,151,151,3
0.0,common_degs,Wessels,WitnessCell,GFI1+RING1,100,371,151,151,3
0.6106,pearson_distance,Wessels,WitnessCell,GFI1+RING1,5000,371,151,151,3
0.006,mse,Wessels,WitnessCell,GFI1+RING1,5000,371,151,151,3
1.3231,edistance,Wessels,WitnessCell,GFI1+RING1,5000,371,151,151,3
40.5372,sym_kldiv,Wessels,WitnessCell,GFI1+RING1,5000,371,151,151,3
0.96,pearson_distance,Wessels,WitnessCell,GSE1+IKZF1,100,371,72,72,3
0.0128,mse,Wessels,WitnessCell,GSE1+IKZF1,100,371,72,72,3
0.3255,edistance,Wessels,WitnessCell,GSE1+IKZF1,100,371,72,72,3
44.4813,sym_kldiv,Wessels,WitnessCell,GSE1+IKZF1,100,371,72,72,3
35.8466,wasserstein,Wessels,WitnessCell,GSE1+IKZF1,100,371,72,72,3
0.0,common_degs,Wessels,WitnessCell,GSE1+IKZF1,100,371,72,72,3
0.7636,pearson_distance,Wessels,WitnessCell,GSE1+IKZF1,5000,371,72,72,3
0.0032,mse,Wessels,WitnessCell,GSE1+IKZF1,5000,371,72,72,3
0.9942,edistance,Wessels,WitnessCell,GSE1+IKZF1,5000,371,72,72,3
41.3336,sym_kldiv,Wessels,WitnessCell,GSE1+IKZF1,5000,371,72,72,3
0.9603,pearson_distance,Wessels,WitnessCell,GSE1+KDM1A,100,371,95,95,3
0.0514,mse,Wessels,WitnessCell,GSE1+KDM1A,100,371,95,95,3
0.7951,edistance,Wessels,WitnessCell,GSE1+KDM1A,100,371,95,95,3
40.3331,sym_kldiv,Wessels,WitnessCell,GSE1+KDM1A,100,371,95,95,3
60.189,wasserstein,Wessels,WitnessCell,GSE1+KDM1A,100,371,95,95,3
0.0,common_degs,Wessels,WitnessCell,GSE1+KDM1A,100,371,95,95,3
0.8383,pearson_distance,Wessels,WitnessCell,GSE1+KDM1A,5000,371,95,95,3
0.0034,mse,Wessels,WitnessCell,GSE1+KDM1A,5000,371,95,95,3
0.9298,edistance,Wessels,WitnessCell,GSE1+KDM1A,5000,371,95,95,3
41.1328,sym_kldiv,Wessels,WitnessCell,GSE1+KDM1A,5000,371,95,95,3
0.95,pearson_distance,Wessels,WitnessCell,GSE1+RING1,100,371,112,112,3
0.0254,mse,Wessels,WitnessCell,GSE1+RING1,100,371,112,112,3
0.4555,edistance,Wessels,WitnessCell,GSE1+RING1,100,371,112,112,3
41.5917,sym_kldiv,Wessels,WitnessCell,GSE1+RING1,100,371,112,112,3
51.0205,wasserstein,Wessels,WitnessCell,GSE1+RING1,100,371,112,112,3
0.0,common_degs,Wessels,WitnessCell,GSE1+RING1,100,371,112,112,3
0.8181,pearson_distance,Wessels,WitnessCell,GSE1+RING1,5000,371,112,112,3
0.0026,mse,Wessels,WitnessCell,GSE1+RING1,5000,371,112,112,3
0.7564,edistance,Wessels,WitnessCell,GSE1+RING1,5000,371,112,112,3
40.7809,sym_kldiv,Wessels,WitnessCell,GSE1+RING1,5000,371,112,112,3
0.9036,pearson_distance,Wessels,WitnessCell,HDAC3+IKZF1,100,371,87,87,3
0.0158,mse,Wessels,WitnessCell,HDAC3+IKZF1,100,371,87,87,3
0.3465,edistance,Wessels,WitnessCell,HDAC3+IKZF1,100,371,87,87,3
42.8411,sym_kldiv,Wessels,WitnessCell,HDAC3+IKZF1,100,371,87,87,3
38.417,wasserstein,Wessels,WitnessCell,HDAC3+IKZF1,100,371,87,87,3
0.0,common_degs,Wessels,WitnessCell,HDAC3+IKZF1,100,371,87,87,3
0.5719,pearson_distance,Wessels,WitnessCell,HDAC3+IKZF1,5000,371,87,87,3
0.0042,mse,Wessels,WitnessCell,HDAC3+IKZF1,5000,371,87,87,3
1.1715,edistance,Wessels,WitnessCell,HDAC3+IKZF1,5000,371,87,87,3
41.2683,sym_kldiv,Wessels,WitnessCell,HDAC3+IKZF1,5000,371,87,87,3
0.8088,pearson_distance,Wessels,WitnessCell,HDAC3+KDM1A,100,371,90,90,3
0.3028,mse,Wessels,WitnessCell,HDAC3+KDM1A,100,371,90,90,3
3.6063,edistance,Wessels,WitnessCell,HDAC3+KDM1A,100,371,90,90,3
1.2954,sym_kldiv,Wessels,WitnessCell,HDAC3+KDM1A,100,371,90,90,3
87.3474,wasserstein,Wessels,WitnessCell,HDAC3+KDM1A,100,371,90,90,3
0.0,common_degs,Wessels,WitnessCell,HDAC3+KDM1A,100,371,90,90,3
0.7243,pearson_distance,Wessels,WitnessCell,HDAC3+KDM1A,5000,371,90,90,3
0.0094,mse,Wessels,WitnessCell,HDAC3+KDM1A,5000,371,90,90,3
2.0412,edistance,Wessels,WitnessCell,HDAC3+KDM1A,5000,371,90,90,3
41.3536,sym_kldiv,Wessels,WitnessCell,HDAC3+KDM1A,5000,371,90,90,3
0.8983,pearson_distance,Wessels,WitnessCell,HDAC3+RING1,100,371,152,152,3
0.018,mse,Wessels,WitnessCell,HDAC3+RING1,100,371,152,152,3
0.3211,edistance,Wessels,WitnessCell,HDAC3+RING1,100,371,152,152,3
0.3203,sym_kldiv,Wessels,WitnessCell,HDAC3+RING1,100,371,152,152,3
49.4917,wasserstein,Wessels,WitnessCell,HDAC3+RING1,100,371,152,152,3
0.0,common_degs,Wessels,WitnessCell,HDAC3+RING1,100,371,152,152,3
0.7534,pearson_distance,Wessels,WitnessCell,HDAC3+RING1,5000,371,152,152,3
0.0024,mse,Wessels,WitnessCell,HDAC3+RING1,5000,371,152,152,3
0.6644,edistance,Wessels,WitnessCell,HDAC3+RING1,5000,371,152,152,3
40.2903,sym_kldiv,Wessels,WitnessCell,HDAC3+RING1,5000,371,152,152,3
0.828,pearson_distance,Wessels,WitnessCell,IKZF1+INTS1,100,371,473,473,3
0.0104,mse,Wessels,WitnessCell,IKZF1+INTS1,100,371,473,473,3
0.1794,edistance,Wessels,WitnessCell,IKZF1+INTS1,100,371,473,473,3
0.2379,sym_kldiv,Wessels,WitnessCell,IKZF1+INTS1,100,371,473,473,3
43.2595,wasserstein,Wessels,WitnessCell,IKZF1+INTS1,100,371,473,473,3
0.0,common_degs,Wessels,WitnessCell,IKZF1+INTS1,100,371,473,473,3
0.6184,pearson_distance,Wessels,WitnessCell,IKZF1+INTS1,5000,371,473,473,3
0.0018,mse,Wessels,WitnessCell,IKZF1+INTS1,5000,371,473,473,3
0.4467,edistance,Wessels,WitnessCell,IKZF1+INTS1,5000,371,473,473,3
39.5484,sym_kldiv,Wessels,WitnessCell,IKZF1+INTS1,5000,371,473,473,3
0.9838,pearson_distance,Wessels,WitnessCell,IKZF1+MED24,100,371,94,94,3
0.0089,mse,Wessels,WitnessCell,IKZF1+MED24,100,371,94,94,3
0.2634,edistance,Wessels,WitnessCell,IKZF1+MED24,100,371,94,94,3
0.2193,sym_kldiv,Wessels,WitnessCell,IKZF1+MED24,100,371,94,94,3
63.7299,wasserstein,Wessels,WitnessCell,IKZF1+MED24,100,371,94,94,3
0.0,common_degs,Wessels,WitnessCell,IKZF1+MED24,100,371,94,94,3
0.9063,pearson_distance,Wessels,WitnessCell,IKZF1+MED24,5000,371,94,94,3
0.0024,mse,Wessels,WitnessCell,IKZF1+MED24,5000,371,94,94,3
0.8194,edistance,Wessels,WitnessCell,IKZF1+MED24,5000,371,94,94,3
41.101,sym_kldiv,Wessels,WitnessCell,IKZF1+MED24,5000,371,94,94,3
0.8745,pearson_distance,Wessels,WitnessCell,IKZF1+RCOR1,100,371,54,54,3
0.0052,mse,Wessels,WitnessCell,IKZF1+RCOR1,100,371,54,54,3
0.241,edistance,Wessels,WitnessCell,IKZF1+RCOR1,100,371,54,54,3
45.6943,sym_kldiv,Wessels,WitnessCell,IKZF1+RCOR1,100,371,54,54,3
10.2843,wasserstein,Wessels,WitnessCell,IKZF1+RCOR1,100,371,54,54,3
0.0,common_degs,Wessels,WitnessCell,IKZF1+RCOR1,100,371,54,54,3
0.3654,pearson_distance,Wessels,WitnessCell,IKZF1+RCOR1,5000,371,54,54,3
0.0047,mse,Wessels,WitnessCell,IKZF1+RCOR1,5000,371,54,54,3
1.4104,edistance,Wessels,WitnessCell,IKZF1+RCOR1,5000,371,54,54,3
41.9808,sym_kldiv,Wessels,WitnessCell,IKZF1+RCOR1,5000,371,54,54,3
0.9137,pearson_distance,Wessels,WitnessCell,IKZF1+SMARCD1,100,371,135,135,3
0.016,mse,Wessels,WitnessCell,IKZF1+SMARCD1,100,371,135,135,3
0.289,edistance,Wessels,WitnessCell,IKZF1+SMARCD1,100,371,135,135,3
0.2835,sym_kldiv,Wessels,WitnessCell,IKZF1+SMARCD1,100,371,135,135,3
50.4215,wasserstein,Wessels,WitnessCell,IKZF1+SMARCD1,100,371,135,135,3
0.0,common_degs,Wessels,WitnessCell,IKZF1+SMARCD1,100,371,135,135,3
0.7589,pearson_distance,Wessels,WitnessCell,IKZF1+SMARCD1,5000,371,135,135,3
0.0024,mse,Wessels,WitnessCell,IKZF1+SMARCD1,5000,371,135,135,3
0.692,edistance,Wessels,WitnessCell,IKZF1+SMARCD1,5000,371,135,135,3
40.451,sym_kldiv,Wessels,WitnessCell,IKZF1+SMARCD1,5000,371,135,135,3
0.7053,pearson_distance,Wessels,WitnessCell,INTS1+KDM1A,100,371,432,432,3
0.2761,mse,Wessels,WitnessCell,INTS1+KDM1A,100,371,432,432,3
3.3729,edistance,Wessels,WitnessCell,INTS1+KDM1A,100,371,432,432,3
1.179,sym_kldiv,Wessels,WitnessCell,INTS1+KDM1A,100,371,432,432,3
77.6402,wasserstein,Wessels,WitnessCell,INTS1+KDM1A,100,371,432,432,3
0.0,common_degs,Wessels,WitnessCell,INTS1+KDM1A,100,371,432,432,3
0.6414,pearson_distance,Wessels,WitnessCell,INTS1+KDM1A,5000,371,432,432,3
0.0072,mse,Wessels,WitnessCell,INTS1+KDM1A,5000,371,432,432,3
1.3965,edistance,Wessels,WitnessCell,INTS1+KDM1A,5000,371,432,432,3
39.635,sym_kldiv,Wessels,WitnessCell,INTS1+KDM1A,5000,371,432,432,3
0.7163,pearson_distance,Wessels,WitnessCell,INTS1+RING1,100,371,498,498,3
0.0299,mse,Wessels,WitnessCell,INTS1+RING1,100,371,498,498,3
0.4767,edistance,Wessels,WitnessCell,INTS1+RING1,100,371,498,498,3
0.5491,sym_kldiv,Wessels,WitnessCell,INTS1+RING1,100,371,498,498,3
42.5835,wasserstein,Wessels,WitnessCell,INTS1+RING1,100,371,498,498,3
0.0,common_degs,Wessels,WitnessCell,INTS1+RING1,100,371,498,498,3
0.5255,pearson_distance,Wessels,WitnessCell,INTS1+RING1,5000,371,498,498,3
0.0025,mse,Wessels,WitnessCell,INTS1+RING1,5000,371,498,498,3
0.5839,edistance,Wessels,WitnessCell,INTS1+RING1,5000,371,498,498,3
39.2292,sym_kldiv,Wessels,WitnessCell,INTS1+RING1,5000,371,498,498,3
0.9409,pearson_distance,Wessels,WitnessCell,KDM1A+MED24,100,371,108,108,3
0.0628,mse,Wessels,WitnessCell,KDM1A+MED24,100,371,108,108,3
0.9276,edistance,Wessels,WitnessCell,KDM1A+MED24,100,371,108,108,3
0.4757,sym_kldiv,Wessels,WitnessCell,KDM1A+MED24,100,371,108,108,3
68.9169,wasserstein,Wessels,WitnessCell,KDM1A+MED24,100,371,108,108,3
0.0,common_degs,Wessels,WitnessCell,KDM1A+MED24,100,371,108,108,3
0.8852,pearson_distance,Wessels,WitnessCell,KDM1A+MED24,5000,371,108,108,3
0.0039,mse,Wessels,WitnessCell,KDM1A+MED24,5000,371,108,108,3
1.0201,edistance,Wessels,WitnessCell,KDM1A+MED24,5000,371,108,108,3
41.0347,sym_kldiv,Wessels,WitnessCell,KDM1A+MED24,5000,371,108,108,3
0.7905,pearson_distance,Wessels,WitnessCell,KDM1A+RCOR1,100,371,54,54,3
0.2082,mse,Wessels,WitnessCell,KDM1A+RCOR1,100,371,54,54,3
2.6723,edistance,Wessels,WitnessCell,KDM1A+RCOR1,100,371,54,54,3
44.4409,sym_kldiv,Wessels,WitnessCell,KDM1A+RCOR1,100,371,54,54,3
71.1495,wasserstein,Wessels,WitnessCell,KDM1A+RCOR1,100,371,54,54,3
0.0,common_degs,Wessels,WitnessCell,KDM1A+RCOR1,100,371,54,54,3
0.6112,pearson_distance,Wessels,WitnessCell,KDM1A+RCOR1,5000,371,54,54,3
0.0086,mse,Wessels,WitnessCell,KDM1A+RCOR1,5000,371,54,54,3
2.057,edistance,Wessels,WitnessCell,KDM1A+RCOR1,5000,371,54,54,3
42.1572,sym_kldiv,Wessels,WitnessCell,KDM1A+RCOR1,5000,371,54,54,3
0.6018,pearson_distance,Wessels,WitnessCell,KDM1A+SMARCD1,100,371,196,196,3
0.1772,mse,Wessels,WitnessCell,KDM1A+SMARCD1,100,371,196,196,3
2.1661,edistance,Wessels,WitnessCell,KDM1A+SMARCD1,100,371,196,196,3
0.7954,sym_kldiv,Wessels,WitnessCell,KDM1A+SMARCD1,100,371,196,196,3
76.196,wasserstein,Wessels,WitnessCell,KDM1A+SMARCD1,100,371,196,196,3
0.0,common_degs,Wessels,WitnessCell,KDM1A+SMARCD1,100,371,196,196,3
0.6787,pearson_distance,Wessels,WitnessCell,KDM1A+SMARCD1,5000,371,196,196,3
0.0059,mse,Wessels,WitnessCell,KDM1A+SMARCD1,5000,371,196,196,3
1.2404,edistance,Wessels,WitnessCell,KDM1A+SMARCD1,5000,371,196,196,3
40.3433,sym_kldiv,Wessels,WitnessCell,KDM1A+SMARCD1,5000,371,196,196,3
0.9813,pearson_distance,Wessels,WitnessCell,MED24+RING1,100,371,125,125,3
0.0118,mse,Wessels,WitnessCell,MED24+RING1,100,371,125,125,3
0.274,edistance,Wessels,WitnessCell,MED24+RING1,100,371,125,125,3
0.2172,sym_kldiv,Wessels,WitnessCell,MED24+RING1,100,371,125,125,3
62.4774,wasserstein,Wessels,WitnessCell,MED24+RING1,100,371,125,125,3
0.0,common_degs,Wessels,WitnessCell,MED24+RING1,100,371,125,125,3
0.9236,pearson_distance,Wessels,WitnessCell,MED24+RING1,5000,371,125,125,3
0.002,mse,Wessels,WitnessCell,MED24+RING1,5000,371,125,125,3
0.6656,edistance,Wessels,WitnessCell,MED24+RING1,5000,371,125,125,3
40.8054,sym_kldiv,Wessels,WitnessCell,MED24+RING1,5000,371,125,125,3
0.7342,pearson_distance,Wessels,WitnessCell,RCOR1+RING1,100,371,74,74,3
0.0129,mse,Wessels,WitnessCell,RCOR1+RING1,100,371,74,74,3
0.3323,edistance,Wessels,WitnessCell,RCOR1+RING1,100,371,74,74,3
44.7898,sym_kldiv,Wessels,WitnessCell,RCOR1+RING1,100,371,74,74,3
21.9471,wasserstein,Wessels,WitnessCell,RCOR1+RING1,100,371,74,74,3
0.0,common_degs,Wessels,WitnessCell,RCOR1+RING1,100,371,74,74,3
0.4685,pearson_distance,Wessels,WitnessCell,RCOR1+RING1,5000,371,74,74,3
0.0036,mse,Wessels,WitnessCell,RCOR1+RING1,5000,371,74,74,3
1.0515,edistance,Wessels,WitnessCell,RCOR1+RING1,5000,371,74,74,3
41.3821,sym_kldiv,Wessels,WitnessCell,RCOR1+RING1,5000,371,74,74,3
0.9132,pearson_distance,Wessels,WitnessCell,RING1+SMARCD1,100,371,122,122,3
0.0145,mse,Wessels,WitnessCell,RING1+SMARCD1,100,371,122,122,3
0.2829,edistance,Wessels,WitnessCell,RING1+SMARCD1,100,371,122,122,3
40.448,sym_kldiv,Wessels,WitnessCell,RING1+SMARCD1,100,371,122,122,3
45.973,wasserstein,Wessels,WitnessCell,RING1+SMARCD1,100,371,122,122,3
0.0,common_degs,Wessels,WitnessCell,RING1+SMARCD1,100,371,122,122,3
0.7474,pearson_distance,Wessels,WitnessCell,RING1+SMARCD1,5000,371,122,122,3
0.0026,mse,Wessels,WitnessCell,RING1+SMARCD1,5000,371,122,122,3
0.7417,edistance,Wessels,WitnessCell,RING1+SMARCD1,5000,371,122,122,3
40.5229,sym_kldiv,Wessels,WitnessCell,RING1+SMARCD1,5000,371,122,122,3
0.881,pearson_distance,Wessels,WitnessCell,SUPT5H+SUPT6H,100,371,123,123,3
0.0182,mse,Wessels,WitnessCell,SUPT5H+SUPT6H,100,371,123,123,3
0.3562,edistance,Wessels,WitnessCell,SUPT5H+SUPT6H,100,371,123,123,3
41.4754,sym_kldiv,Wessels,WitnessCell,SUPT5H+SUPT6H,100,371,123,123,3
54.6874,wasserstein,Wessels,WitnessCell,SUPT5H+SUPT6H,100,371,123,123,3
0.0,common_degs,Wessels,WitnessCell,SUPT5H+SUPT6H,100,371,123,123,3
0.7083,pearson_distance,Wessels,WitnessCell,SUPT5H+SUPT6H,5000,371,123,123,3
0.0034,mse,Wessels,WitnessCell,SUPT5H+SUPT6H,5000,371,123,123,3
0.882,edistance,Wessels,WitnessCell,SUPT5H+SUPT6H,5000,371,123,123,3
40.7924,sym_kldiv,Wessels,WitnessCell,SUPT5H+SUPT6H,5000,371,123,123,3
0.9441,pearson_distance,Wessels,WitnessCell,SUPT16H+SUPT5H,100,371,87,87,3
0.0272,mse,Wessels,WitnessCell,SUPT16H+SUPT5H,100,371,87,87,3
0.4843,edistance,Wessels,WitnessCell,SUPT16H+SUPT5H,100,371,87,87,3
41.2722,sym_kldiv,Wessels,WitnessCell,SUPT16H+SUPT5H,100,371,87,87,3
62.2101,wasserstein,Wessels,WitnessCell,SUPT16H+SUPT5H,100,371,87,87,3
0.0,common_degs,Wessels,WitnessCell,SUPT16H+SUPT5H,100,371,87,87,3
0.7913,pearson_distance,Wessels,WitnessCell,SUPT16H+SUPT5H,5000,371,87,87,3
0.0047,mse,Wessels,WitnessCell,SUPT16H+SUPT5H,5000,371,87,87,3
1.2512,edistance,Wessels,WitnessCell,SUPT16H+SUPT5H,5000,371,87,87,3
41.3287,sym_kldiv,Wessels,WitnessCell,SUPT16H+SUPT5H,5000,371,87,87,3
0.9637,pearson_distance,Wessels,WitnessCell,DOT1L+EP300,100,371,126,126,3
0.0124,mse,Wessels,WitnessCell,DOT1L+EP300,100,371,126,126,3
0.3005,edistance,Wessels,WitnessCell,DOT1L+EP300,100,371,126,126,3
0.3618,sym_kldiv,Wessels,WitnessCell,DOT1L+EP300,100,371,126,126,3
65.458,wasserstein,Wessels,WitnessCell,DOT1L+EP300,100,371,126,126,3
0.0,common_degs,Wessels,WitnessCell,DOT1L+EP300,100,371,126,126,3
0.8401,pearson_distance,Wessels,WitnessCell,DOT1L+EP300,5000,371,126,126,3
0.0018,mse,Wessels,WitnessCell,DOT1L+EP300,5000,371,126,126,3
0.5846,edistance,Wessels,WitnessCell,DOT1L+EP300,5000,371,126,126,3
40.6709,sym_kldiv,Wessels,WitnessCell,DOT1L+EP300,5000,371,126,126,3
0.9729,pearson_distance,Wessels,WitnessCell,DOT1L+GSE1,100,371,85,85,3
0.0144,mse,Wessels,WitnessCell,DOT1L+GSE1,100,371,85,85,3
0.3363,edistance,Wessels,WitnessCell,DOT1L+GSE1,100,371,85,85,3
42.8805,sym_kldiv,Wessels,WitnessCell,DOT1L+GSE1,100,371,85,85,3
43.0702,wasserstein,Wessels,WitnessCell,DOT1L+GSE1,100,371,85,85,3
0.0,common_degs,Wessels,WitnessCell,DOT1L+GSE1,100,371,85,85,3
0.8296,pearson_distance,Wessels,WitnessCell,DOT1L+GSE1,5000,371,85,85,3
0.002,mse,Wessels,WitnessCell,DOT1L+GSE1,5000,371,85,85,3
0.7254,edistance,Wessels,WitnessCell,DOT1L+GSE1,5000,371,85,85,3
41.0551,sym_kldiv,Wessels,WitnessCell,DOT1L+GSE1,5000,371,85,85,3
0.9645,pearson_distance,Wessels,WitnessCell,DOT1L+SMARCD1,100,371,133,133,3
0.0117,mse,Wessels,WitnessCell,DOT1L+SMARCD1,100,371,133,133,3
0.2136,edistance,Wessels,WitnessCell,DOT1L+SMARCD1,100,371,133,133,3
0.1709,sym_kldiv,Wessels,WitnessCell,DOT1L+SMARCD1,100,371,133,133,3
55.4043,wasserstein,Wessels,WitnessCell,DOT1L+SMARCD1,100,371,133,133,3
0.0,common_degs,Wessels,WitnessCell,DOT1L+SMARCD1,100,371,133,133,3
0.7774,pearson_distance,Wessels,WitnessCell,DOT1L+SMARCD1,5000,371,133,133,3
0.0019,mse,Wessels,WitnessCell,DOT1L+SMARCD1,5000,371,133,133,3
0.5778,edistance,Wessels,WitnessCell,DOT1L+SMARCD1,5000,371,133,133,3
40.5536,sym_kldiv,Wessels,WitnessCell,DOT1L+SMARCD1,5000,371,133,133,3
0.8908,pearson_distance,Wessels,WitnessCell,EP300+GFI1,100,371,111,111,3
0.0362,mse,Wessels,WitnessCell,EP300+GFI1,100,371,111,111,3
0.6027,edistance,Wessels,WitnessCell,EP300+GFI1,100,371,111,111,3
41.4759,sym_kldiv,Wessels,WitnessCell,EP300+GFI1,100,371,111,111,3
70.0982,wasserstein,Wessels,WitnessCell,EP300+GFI1,100,371,111,111,3
0.0,common_degs,Wessels,WitnessCell,EP300+GFI1,100,371,111,111,3
0.8115,pearson_distance,Wessels,WitnessCell,EP300+GFI1,5000,371,111,111,3
0.0032,mse,Wessels,WitnessCell,EP300+GFI1,5000,371,111,111,3
0.843,edistance,Wessels,WitnessCell,EP300+GFI1,5000,371,111,111,3
40.6509,sym_kldiv,Wessels,WitnessCell,EP300+GFI1,5000,371,111,111,3
0.7059,pearson_distance,Wessels,WitnessCell,GATA2+GFI1,100,371,140,140,3
0.2224,mse,Wessels,WitnessCell,GATA2+GFI1,100,371,140,140,3
2.6711,edistance,Wessels,WitnessCell,GATA2+GFI1,100,371,140,140,3
0.9899,sym_kldiv,Wessels,WitnessCell,GATA2+GFI1,100,371,140,140,3
79.0486,wasserstein,Wessels,WitnessCell,GATA2+GFI1,100,371,140,140,3
0.0,common_degs,Wessels,WitnessCell,GATA2+GFI1,100,371,140,140,3
0.5439,pearson_distance,Wessels,WitnessCell,GATA2+GFI1,5000,371,140,140,3
0.0067,mse,Wessels,WitnessCell,GATA2+GFI1,5000,371,140,140,3
1.4378,edistance,Wessels,WitnessCell,GATA2+GFI1,5000,371,140,140,3
40.9179,sym_kldiv,Wessels,WitnessCell,GATA2+GFI1,5000,371,140,140,3
0.9824,pearson_distance,Wessels,WitnessCell,GATA2+GSE1,100,371,146,146,3
0.0117,mse,Wessels,WitnessCell,GATA2+GSE1,100,371,146,146,3
0.2534,edistance,Wessels,WitnessCell,GATA2+GSE1,100,371,146,146,3
0.3841,sym_kldiv,Wessels,WitnessCell,GATA2+GSE1,100,371,146,146,3
54.0958,wasserstein,Wessels,WitnessCell,GATA2+GSE1,100,371,146,146,3
0.0,common_degs,Wessels,WitnessCell,GATA2+GSE1,100,371,146,146,3
0.8631,pearson_distance,Wessels,WitnessCell,GATA2+GSE1,5000,371,146,146,3
0.0015,mse,Wessels,WitnessCell,GATA2+GSE1,5000,371,146,146,3
0.475,edistance,Wessels,WitnessCell,GATA2+GSE1,5000,371,146,146,3
40.5693,sym_kldiv,Wessels,WitnessCell,GATA2+GSE1,5000,371,146,146,3
0.944,pearson_distance,Wessels,WitnessCell,GATA2+HDAC3,100,371,196,196,3
0.0072,mse,Wessels,WitnessCell,GATA2+HDAC3,100,371,196,196,3
0.156,edistance,Wessels,WitnessCell,GATA2+HDAC3,100,371,196,196,3
0.2383,sym_kldiv,Wessels,WitnessCell,GATA2+HDAC3,100,371,196,196,3
47.1531,wasserstein,Wessels,WitnessCell,GATA2+HDAC3,100,371,196,196,3
0.0,common_degs,Wessels,WitnessCell,GATA2+HDAC3,100,371,196,196,3
0.8066,pearson_distance,Wessels,WitnessCell,GATA2+HDAC3,5000,371,196,196,3
0.0012,mse,Wessels,WitnessCell,GATA2+HDAC3,5000,371,196,196,3
0.4005,edistance,Wessels,WitnessCell,GATA2+HDAC3,5000,371,196,196,3
40.1082,sym_kldiv,Wessels,WitnessCell,GATA2+HDAC3,5000,371,196,196,3
0.9389,pearson_distance,Wessels,WitnessCell,GATA2+RCOR1,100,371,158,158,3
0.0036,mse,Wessels,WitnessCell,GATA2+RCOR1,100,371,158,158,3
0.1163,edistance,Wessels,WitnessCell,GATA2+RCOR1,100,371,158,158,3
42.2965,sym_kldiv,Wessels,WitnessCell,GATA2+RCOR1,100,371,158,158,3
38.2064,wasserstein,Wessels,WitnessCell,GATA2+RCOR1,100,371,158,158,3
0.0,common_degs,Wessels,WitnessCell,GATA2+RCOR1,100,371,158,158,3
0.6452,pearson_distance,Wessels,WitnessCell,GATA2+RCOR1,5000,371,158,158,3
0.0013,mse,Wessels,WitnessCell,GATA2+RCOR1,5000,371,158,158,3
0.4308,edistance,Wessels,WitnessCell,GATA2+RCOR1,5000,371,158,158,3
40.3368,sym_kldiv,Wessels,WitnessCell,GATA2+RCOR1,5000,371,158,158,3
0.7575,pearson_distance,Wessels,WitnessCell,GFI1+INTS1,100,371,256,256,3
0.2172,mse,Wessels,WitnessCell,GFI1+INTS1,100,371,256,256,3
2.6642,edistance,Wessels,WitnessCell,GFI1+INTS1,100,371,256,256,3
0.8594,sym_kldiv,Wessels,WitnessCell,GFI1+INTS1,100,371,256,256,3
73.602,wasserstein,Wessels,WitnessCell,GFI1+INTS1,100,371,256,256,3
0.0,common_degs,Wessels,WitnessCell,GFI1+INTS1,100,371,256,256,3
0.5703,pearson_distance,Wessels,WitnessCell,GFI1+INTS1,5000,371,256,256,3
0.006,mse,Wessels,WitnessCell,GFI1+INTS1,5000,371,256,256,3
1.2673,edistance,Wessels,WitnessCell,GFI1+INTS1,5000,371,256,256,3
39.8114,sym_kldiv,Wessels,WitnessCell,GFI1+INTS1,5000,371,256,256,3
0.6852,pearson_distance,Wessels,WitnessCell,GFI1+SMARCD1,100,371,143,143,3
0.1306,mse,Wessels,WitnessCell,GFI1+SMARCD1,100,371,143,143,3
1.6234,edistance,Wessels,WitnessCell,GFI1+SMARCD1,100,371,143,143,3
1.3543,sym_kldiv,Wessels,WitnessCell,GFI1+SMARCD1,100,371,143,143,3
67.1681,wasserstein,Wessels,WitnessCell,GFI1+SMARCD1,100,371,143,143,3
0.0,common_degs,Wessels,WitnessCell,GFI1+SMARCD1,100,371,143,143,3
0.6493,pearson_distance,Wessels,WitnessCell,GFI1+SMARCD1,5000,371,143,143,3
0.0048,mse,Wessels,WitnessCell,GFI1+SMARCD1,5000,371,143,143,3
1.0844,edistance,Wessels,WitnessCell,GFI1+SMARCD1,5000,371,143,143,3
40.4709,sym_kldiv,Wessels,WitnessCell,GFI1+SMARCD1,5000,371,143,143,3
0.957,pearson_distance,Wessels,WitnessCell,HDAC3+INTS1,100,371,600,600,3
0.0084,mse,Wessels,WitnessCell,HDAC3+INTS1,100,371,600,600,3
0.1492,edistance,Wessels,WitnessCell,HDAC3+INTS1,100,371,600,600,3
0.2612,sym_kldiv,Wessels,WitnessCell,HDAC3+INTS1,100,371,600,600,3
47.9367,wasserstein,Wessels,WitnessCell,HDAC3+INTS1,100,371,600,600,3
0.0,common_degs,Wessels,WitnessCell,HDAC3+INTS1,100,371,600,600,3
0.8799,pearson_distance,Wessels,WitnessCell,HDAC3+INTS1,5000,371,600,600,3
0.001,mse,Wessels,WitnessCell,HDAC3+INTS1,5000,371,600,600,3
0.2779,edistance,Wessels,WitnessCell,HDAC3+INTS1,5000,371,600,600,3
39.0154,sym_kldiv,Wessels,WitnessCell,HDAC3+INTS1,5000,371,600,600,3
0.9746,pearson_distance,Wessels,WitnessCell,INTS1+MED24,100,371,284,284,3
0.0336,mse,Wessels,WitnessCell,INTS1+MED24,100,371,284,284,3
0.4962,edistance,Wessels,WitnessCell,INTS1+MED24,100,371,284,284,3
0.3866,sym_kldiv,Wessels,WitnessCell,INTS1+MED24,100,371,284,284,3
62.5796,wasserstein,Wessels,WitnessCell,INTS1+MED24,100,371,284,284,3
0.0,common_degs,Wessels,WitnessCell,INTS1+MED24,100,371,284,284,3
0.9191,pearson_distance,Wessels,WitnessCell,INTS1+MED24,5000,371,284,284,3
0.0021,mse,Wessels,WitnessCell,INTS1+MED24,5000,371,284,284,3
0.5343,edistance,Wessels,WitnessCell,INTS1+MED24,5000,371,284,284,3
40.1586,sym_kldiv,Wessels,WitnessCell,INTS1+MED24,5000,371,284,284,3
0.9037,pearson_distance,Wessels,WitnessCell,INTS1+RCOR1,100,371,450,450,3
0.0046,mse,Wessels,WitnessCell,INTS1+RCOR1,100,371,450,450,3
0.1059,edistance,Wessels,WitnessCell,INTS1+RCOR1,100,371,450,450,3
0.2793,sym_kldiv,Wessels,WitnessCell,INTS1+RCOR1,100,371,450,450,3
41.22,wasserstein,Wessels,WitnessCell,INTS1+RCOR1,100,371,450,450,3
0.0,common_degs,Wessels,WitnessCell,INTS1+RCOR1,100,371,450,450,3
0.717,pearson_distance,Wessels,WitnessCell,INTS1+RCOR1,5000,371,450,450,3
0.0009,mse,Wessels,WitnessCell,INTS1+RCOR1,5000,371,450,450,3
0.256,edistance,Wessels,WitnessCell,INTS1+RCOR1,5000,371,450,450,3
39.361,sym_kldiv,Wessels,WitnessCell,INTS1+RCOR1,5000,371,450,450,3
0.9617,pearson_distance,Wessels,WitnessCell,INTS1+SMARCD1,100,371,664,664,3
0.0049,mse,Wessels,WitnessCell,INTS1+SMARCD1,100,371,664,664,3
0.0956,edistance,Wessels,WitnessCell,INTS1+SMARCD1,100,371,664,664,3
0.2801,sym_kldiv,Wessels,WitnessCell,INTS1+SMARCD1,100,371,664,664,3
39.5012,wasserstein,Wessels,WitnessCell,INTS1+SMARCD1,100,371,664,664,3
0.0,common_degs,Wessels,WitnessCell,INTS1+SMARCD1,100,371,664,664,3
0.7944,pearson_distance,Wessels,WitnessCell,INTS1+SMARCD1,5000,371,664,664,3
0.0009,mse,Wessels,WitnessCell,INTS1+SMARCD1,5000,371,664,664,3
0.2356,edistance,Wessels,WitnessCell,INTS1+SMARCD1,5000,371,664,664,3
39.1482,sym_kldiv,Wessels,WitnessCell,INTS1+SMARCD1,5000,371,664,664,3
0.9864,pearson_distance,Wessels,WitnessCell,MED16+MED24,100,371,181,181,3
0.0357,mse,Wessels,WitnessCell,MED16+MED24,100,371,181,181,3
0.5216,edistance,Wessels,WitnessCell,MED16+MED24,100,371,181,181,3
0.2909,sym_kldiv,Wessels,WitnessCell,MED16+MED24,100,371,181,181,3
59.1733,wasserstein,Wessels,WitnessCell,MED16+MED24,100,371,181,181,3
0.0,common_degs,Wessels,WitnessCell,MED16+MED24,100,371,181,181,3
0.9111,pearson_distance,Wessels,WitnessCell,MED16+MED24,5000,371,181,181,3
0.0039,mse,Wessels,WitnessCell,MED16+MED24,5000,371,181,181,3
0.9553,edistance,Wessels,WitnessCell,MED16+MED24,5000,371,181,181,3
40.5418,sym_kldiv,Wessels,WitnessCell,MED16+MED24,5000,371,181,181,3
0.9826,pearson_distance,Wessels,WitnessCell,MED19+MED24,100,371,136,136,3
0.0128,mse,Wessels,WitnessCell,MED19+MED24,100,371,136,136,3
0.2639,edistance,Wessels,WitnessCell,MED19+MED24,100,371,136,136,3
0.2662,sym_kldiv,Wessels,WitnessCell,MED19+MED24,100,371,136,136,3
58.2378,wasserstein,Wessels,WitnessCell,MED19+MED24,100,371,136,136,3
0.0,common_degs,Wessels,WitnessCell,MED19+MED24,100,371,136,136,3
0.9182,pearson_distance,Wessels,WitnessCell,MED19+MED24,5000,371,136,136,3
0.0023,mse,Wessels,WitnessCell,MED19+MED24,5000,371,136,136,3
0.8086,edistance,Wessels,WitnessCell,MED19+MED24,5000,371,136,136,3
41.014,sym_kldiv,Wessels,WitnessCell,MED19+MED24,5000,371,136,136,3
0.9829,pearson_distance,Wessels,WitnessCell,MED24+RCOR1,100,371,120,120,3
0.0114,mse,Wessels,WitnessCell,MED24+RCOR1,100,371,120,120,3
0.2744,edistance,Wessels,WitnessCell,MED24+RCOR1,100,371,120,120,3
41.1841,sym_kldiv,Wessels,WitnessCell,MED24+RCOR1,100,371,120,120,3
63.1033,wasserstein,Wessels,WitnessCell,MED24+RCOR1,100,371,120,120,3
0.0,common_degs,Wessels,WitnessCell,MED24+RCOR1,100,371,120,120,3
0.9035,pearson_distance,Wessels,WitnessCell,MED24+RCOR1,5000,371,120,120,3
0.002,mse,Wessels,WitnessCell,MED24+RCOR1,5000,371,120,120,3
0.6977,edistance,Wessels,WitnessCell,MED24+RCOR1,5000,371,120,120,3
40.7928,sym_kldiv,Wessels,WitnessCell,MED24+RCOR1,5000,371,120,120,3
-0.6069,pearson_distance,Wessels,WitnessCell,ATXN7L3,100,371,53,53,3
0.0759,mse,Wessels,WitnessCell,ATXN7L3,100,371,53,53,3
1.5965,edistance,Wessels,WitnessCell,ATXN7L3,100,371,53,53,3
45.2311,sym_kldiv,Wessels,WitnessCell,ATXN7L3,100,371,53,53,3
28.384,wasserstein,Wessels,WitnessCell,ATXN7L3,100,371,53,53,3
0.0,common_degs,Wessels,WitnessCell,ATXN7L3,100,371,53,53,3
-0.2704,pearson_distance,Wessels,WitnessCell,ATXN7L3,5000,371,53,53,3
0.0081,mse,Wessels,WitnessCell,ATXN7L3,5000,371,53,53,3
2.0614,edistance,Wessels,WitnessCell,ATXN7L3,5000,371,53,53,3
41.9606,sym_kldiv,Wessels,WitnessCell,ATXN7L3,5000,371,53,53,3
0.6268,pearson_distance,Wessels,WitnessCell,FLI1,100,371,189,189,3
0.1009,mse,Wessels,WitnessCell,FLI1,100,371,189,189,3
1.2705,edistance,Wessels,WitnessCell,FLI1,100,371,189,189,3
40.5619,sym_kldiv,Wessels,WitnessCell,FLI1,100,371,189,189,3
71.1531,wasserstein,Wessels,WitnessCell,FLI1,100,371,189,189,3
0.0,common_degs,Wessels,WitnessCell,FLI1,100,371,189,189,3
0.5224,pearson_distance,Wessels,WitnessCell,FLI1,5000,371,189,189,3
0.004,mse,Wessels,WitnessCell,FLI1,5000,371,189,189,3
0.8803,edistance,Wessels,WitnessCell,FLI1,5000,371,189,189,3
40.5165,sym_kldiv,Wessels,WitnessCell,FLI1,5000,371,189,189,3
0.1025,pearson_distance,Wessels,WitnessCell,RING1,100,371,67,67,3
0.0276,mse,Wessels,WitnessCell,RING1,100,371,67,67,3
0.6581,edistance,Wessels,WitnessCell,RING1,100,371,67,67,3
44.4975,sym_kldiv,Wessels,WitnessCell,RING1,100,371,67,67,3
22.8443,wasserstein,Wessels,WitnessCell,RING1,100,371,67,67,3
0.0,common_degs,Wessels,WitnessCell,RING1,100,371,67,67,3
0.0068,pearson_distance,Wessels,WitnessCell,RING1,5000,371,67,67,3
0.0048,mse,Wessels,WitnessCell,RING1,5000,371,67,67,3
1.3798,edistance,Wessels,WitnessCell,RING1,5000,371,67,67,3
41.1977,sym_kldiv,Wessels,WitnessCell,RING1,5000,371,67,67,3
0.8598,pearson_distance,Wessels,WitnessCell,FLI1+IKZF1,100,371,106,106,3
0.0712,mse,Wessels,WitnessCell,FLI1+IKZF1,100,371,106,106,3
1.0016,edistance,Wessels,WitnessCell,FLI1+IKZF1,100,371,106,106,3
0.6125,sym_kldiv,Wessels,WitnessCell,FLI1+IKZF1,100,371,106,106,3
62.319,wasserstein,Wessels,WitnessCell,FLI1+IKZF1,100,371,106,106,3
0.0,common_degs,Wessels,WitnessCell,FLI1+IKZF1,100,371,106,106,3
0.6728,pearson_distance,Wessels,WitnessCell,FLI1+IKZF1,5000,371,106,106,3
0.0051,mse,Wessels,WitnessCell,FLI1+IKZF1,5000,371,106,106,3
1.2114,edistance,Wessels,WitnessCell,FLI1+IKZF1,5000,371,106,106,3
41.0425,sym_kldiv,Wessels,WitnessCell,FLI1+IKZF1,5000,371,106,106,3
0.789,pearson_distance,Wessels,WitnessCell,FLI1+KDM1A,100,371,154,154,3
0.1864,mse,Wessels,WitnessCell,FLI1+KDM1A,100,371,154,154,3
2.2283,edistance,Wessels,WitnessCell,FLI1+KDM1A,100,371,154,154,3
0.8049,sym_kldiv,Wessels,WitnessCell,FLI1+KDM1A,100,371,154,154,3
80.3037,wasserstein,Wessels,WitnessCell,FLI1+KDM1A,100,371,154,154,3
0.0,common_degs,Wessels,WitnessCell,FLI1+KDM1A,100,371,154,154,3
0.6797,pearson_distance,Wessels,WitnessCell,FLI1+KDM1A,5000,371,154,154,3
0.0073,mse,Wessels,WitnessCell,FLI1+KDM1A,5000,371,154,154,3
1.5179,edistance,Wessels,WitnessCell,FLI1+KDM1A,5000,371,154,154,3
40.7475,sym_kldiv,Wessels,WitnessCell,FLI1+KDM1A,5000,371,154,154,3
0.7555,pearson_distance,Wessels,WitnessCell,FLI1+RING1,100,371,167,167,3
0.0924,mse,Wessels,WitnessCell,FLI1+RING1,100,371,167,167,3
1.1758,edistance,Wessels,WitnessCell,FLI1+RING1,100,371,167,167,3
0.6543,sym_kldiv,Wessels,WitnessCell,FLI1+RING1,100,371,167,167,3
70.9275,wasserstein,Wessels,WitnessCell,FLI1+RING1,100,371,167,167,3
0.0,common_degs,Wessels,WitnessCell,FLI1+RING1,100,371,167,167,3
0.6305,pearson_distance,Wessels,WitnessCell,FLI1+RING1,5000,371,167,167,3
0.0053,mse,Wessels,WitnessCell,FLI1+RING1,5000,371,167,167,3
1.1389,edistance,Wessels,WitnessCell,FLI1+RING1,5000,371,167,167,3
40.383,sym_kldiv,Wessels,WitnessCell,FLI1+RING1,5000,371,167,167,3
0.71,pearson_distance,Wessels,WitnessCell,IKZF1+KDM1A,100,371,153,153,3
0.1858,mse,Wessels,WitnessCell,IKZF1+KDM1A,100,371,153,153,3
2.3099,edistance,Wessels,WitnessCell,IKZF1+KDM1A,100,371,153,153,3
1.0063,sym_kldiv,Wessels,WitnessCell,IKZF1+KDM1A,100,371,153,153,3
72.7679,wasserstein,Wessels,WitnessCell,IKZF1+KDM1A,100,371,153,153,3
0.0,common_degs,Wessels,WitnessCell,IKZF1+KDM1A,100,371,153,153,3
0.6298,pearson_distance,Wessels,WitnessCell,IKZF1+KDM1A,5000,371,153,153,3
0.0069,mse,Wessels,WitnessCell,IKZF1+KDM1A,5000,371,153,153,3
1.4702,edistance,Wessels,WitnessCell,IKZF1+KDM1A,5000,371,153,153,3
40.5059,sym_kldiv,Wessels,WitnessCell,IKZF1+KDM1A,5000,371,153,153,3
0.665,pearson_distance,Wessels,WitnessCell,KDM1A+RING1,100,371,98,98,3
0.2296,mse,Wessels,WitnessCell,KDM1A+RING1,100,371,98,98,3
2.7589,edistance,Wessels,WitnessCell,KDM1A+RING1,100,371,98,98,3
1.0584,sym_kldiv,Wessels,WitnessCell,KDM1A+RING1,100,371,98,98,3
81.1509,wasserstein,Wessels,WitnessCell,KDM1A+RING1,100,371,98,98,3
0.0,common_degs,Wessels,WitnessCell,KDM1A+RING1,100,371,98,98,3
0.6213,pearson_distance,Wessels,WitnessCell,KDM1A+RING1,5000,371,98,98,3
0.0078,mse,Wessels,WitnessCell,KDM1A+RING1,5000,371,98,98,3
1.7178,edistance,Wessels,WitnessCell,KDM1A+RING1,5000,371,98,98,3
40.9147,sym_kldiv,Wessels,WitnessCell,KDM1A+RING1,5000,371,98,98,3
