DataSet,seed,perturb,subgroup,DEG,method,cor,mse
Norman,1,AHR+FEV,combo_seen1,100,WitnessCell,0.8800615194141727,0.14620092514462424
Norman,1,AHR+FEV,combo_seen1,100,factorized_only,0.8800615194141727,0.14620092514462424
Norman,1,AHR+FEV,combo_seen1,5000,WitnessCell,0.7503554888521411,0.006207686279703578
Norman,1,AHR+FEV,combo_seen1,5000,factorized_only,0.7503554888521411,0.006207686279703578
Norman,1,AHR+KLF1,combo_seen1,100,WitnessCell,0.46719540190324904,0.09231318101377972
Norman,1,AHR+KLF1,combo_seen1,100,factorized_only,0.46719540190324904,0.09231318101377972
Norman,1,AHR+KLF1,combo_seen1,5000,WitnessCell,0.27105204252642806,0.00605242960731736
Norman,1,AHR+KLF1,combo_seen1,5000,factorized_only,0.27105204252642806,0.00605242960731736
Norman,1,BAK1+BCL2L11,combo_seen1,100,WitnessCell,0.5882152047518759,0.0030316147979197335
Norman,1,BAK1+BCL2L11,combo_seen1,100,factorized_only,0.5882152047518759,0.0030316147979197335
Norman,1,BAK1+BCL2L11,combo_seen1,5000,WitnessCell,0.07474088619826527,0.0013246672864470625
Norman,1,BAK1+BCL2L11,combo_seen1,5000,factorized_only,0.07474088619826527,0.0013246672864470625
Norman,1,BAK1+KLF1,combo_seen1,100,WitnessCell,0.2712729291521808,0.08818650391749205
Norman,1,BAK1+KLF1,combo_seen1,100,factorized_only,0.2712729291521808,0.08818650391749205
Norman,1,BAK1+KLF1,combo_seen1,5000,WitnessCell,0.0910214631491861,0.0033393309544851456
Norman,1,BAK1+KLF1,combo_seen1,5000,factorized_only,0.0910214631491861,0.0033393309544851456
Norman,1,BCL2L11+TGFBR2,combo_seen1,100,WitnessCell,0.9238335641904094,0.003348362398685249
Norman,1,BCL2L11+TGFBR2,combo_seen1,100,factorized_only,0.9230113540076563,0.0030362084600808296
Norman,1,BCL2L11+TGFBR2,combo_seen1,5000,WitnessCell,0.5514578393861469,0.0009302431263266737
Norman,1,BCL2L11+TGFBR2,combo_seen1,5000,factorized_only,0.571160989273358,0.000793058105595267
Norman,1,CBFA2T3+FEV,combo_seen1,100,WitnessCell,0.7882227019973886,0.27802379150070666
Norman,1,CBFA2T3+FEV,combo_seen1,100,factorized_only,0.7882227019973886,0.27802379150070666
Norman,1,CBFA2T3+FEV,combo_seen1,5000,WitnessCell,0.640655566912268,0.01204172533051929
Norman,1,CBFA2T3+FEV,combo_seen1,5000,factorized_only,0.640655566912268,0.01204172533051929
Norman,1,CBL+PTPN9,combo_seen1,100,WitnessCell,0.9494996575068352,0.022343401669494767
Norman,1,CBL+PTPN9,combo_seen1,100,factorized_only,0.9222684427272397,0.03516821255185058
Norman,1,CBL+PTPN9,combo_seen1,5000,WitnessCell,0.8776746251543888,0.0011331355992651897
Norman,1,CBL+PTPN9,combo_seen1,5000,factorized_only,0.8383876634811843,0.00148701529114814
Norman,1,CBL+TGFBR2,combo_seen1,100,WitnessCell,0.8016270110989505,0.05187890715401069
Norman,1,CBL+TGFBR2,combo_seen1,100,factorized_only,0.8025803799276556,0.054660332131233044
Norman,1,CBL+TGFBR2,combo_seen1,5000,WitnessCell,0.687615306192959,0.0018725932111287673
Norman,1,CBL+TGFBR2,combo_seen1,5000,factorized_only,0.6670595294054921,0.0019805451097897817
Norman,1,CBL+UBASH3A,combo_seen1,100,WitnessCell,0.8664952397045108,0.03527354270909691
Norman,1,CBL+UBASH3A,combo_seen1,100,factorized_only,0.8664952397045108,0.03527354270909691
Norman,1,CBL+UBASH3A,combo_seen1,5000,WitnessCell,0.5961730785806866,0.0030469935875337795
Norman,1,CBL+UBASH3A,combo_seen1,5000,factorized_only,0.5961730785806866,0.0030469935875337795
Norman,1,CBL+UBASH3B,combo_seen1,100,WitnessCell,0.9636961539926225,0.09068356650291431
Norman,1,CBL+UBASH3B,combo_seen1,100,factorized_only,0.9374818737802436,0.10069132925032034
Norman,1,CBL+UBASH3B,combo_seen1,5000,WitnessCell,0.9037512025133494,0.0028408471139259516
Norman,1,CBL+UBASH3B,combo_seen1,5000,factorized_only,0.8612723364237769,0.0030776021381846244
Norman,1,CDKN1A+CDKN1B,combo_seen1,100,WitnessCell,0.9796192702134309,0.005364882353742623
Norman,1,CDKN1A+CDKN1B,combo_seen1,100,factorized_only,0.9796192702134309,0.005364882353742623
Norman,1,CDKN1A+CDKN1B,combo_seen1,5000,WitnessCell,0.9079293129352579,0.001106475362505742
Norman,1,CDKN1A+CDKN1B,combo_seen1,5000,factorized_only,0.9079293129352579,0.001106475362505742
Norman,1,CDKN1A+CDKN1C,combo_seen1,100,WitnessCell,0.9795552278723236,0.006092770155610316
Norman,1,CDKN1A+CDKN1C,combo_seen1,100,factorized_only,0.9795552278723236,0.006092770155610316
Norman,1,CDKN1A+CDKN1C,combo_seen1,5000,WitnessCell,0.905746276058197,0.0011883103671282997
Norman,1,CDKN1A+CDKN1C,combo_seen1,5000,factorized_only,0.905746276058197,0.0011883103671282997
Norman,1,CEBPA+KLF1,combo_seen1,100,WitnessCell,0.9834057567550181,0.017449918024355048
Norman,1,CEBPA+KLF1,combo_seen1,100,factorized_only,0.9819907803151519,0.017332174804230497
Norman,1,CEBPA+KLF1,combo_seen1,5000,WitnessCell,0.941073678354003,0.0029783944367939136
Norman,1,CEBPA+KLF1,combo_seen1,5000,factorized_only,0.9350359502393364,0.0031969332558727218
Norman,1,CEBPB+PTPN12,combo_seen1,100,WitnessCell,0.8637749143490661,0.04853411128147771
Norman,1,CEBPB+PTPN12,combo_seen1,100,factorized_only,0.8793658243204907,0.04304094693646044
Norman,1,CEBPB+PTPN12,combo_seen1,5000,WitnessCell,0.7855381490767892,0.0034273417957827036
Norman,1,CEBPB+PTPN12,combo_seen1,5000,factorized_only,0.8023113692323509,0.003339108402047464
Norman,1,CEBPE+CNN1,combo_seen1,100,WitnessCell,0.812639116156883,0.03667833872005057
Norman,1,CEBPE+CNN1,combo_seen1,100,factorized_only,0.812639116156883,0.03667833872005057
Norman,1,CEBPE+CNN1,combo_seen1,5000,WitnessCell,0.6789647744949685,0.002156930314961344
Norman,1,CEBPE+CNN1,combo_seen1,5000,factorized_only,0.6789647744949685,0.002156930314961344
Norman,1,CEBPE+ETS2,combo_seen1,100,WitnessCell,0.5141619089587629,0.17863406168087573
Norman,1,CEBPE+ETS2,combo_seen1,100,factorized_only,0.5141619089587629,0.17863406168087573
Norman,1,CEBPE+ETS2,combo_seen1,5000,WitnessCell,0.500704648202911,0.0060669723641434015
Norman,1,CEBPE+ETS2,combo_seen1,5000,factorized_only,0.500704648202911,0.0060669723641434015
Norman,1,CEBPE+KLF1,combo_seen1,100,WitnessCell,0.3745035505485967,0.06688985965459533
Norman,1,CEBPE+KLF1,combo_seen1,100,factorized_only,0.3745035505485967,0.06688985965459533
Norman,1,CEBPE+KLF1,combo_seen1,5000,WitnessCell,0.13565104297895703,0.005182025169265791
Norman,1,CEBPE+KLF1,combo_seen1,5000,factorized_only,0.13565104297895703,0.005182025169265791
Norman,1,CEBPE+PTPN12,combo_seen1,100,WitnessCell,0.8343504600894437,0.023214524465430503
Norman,1,CEBPE+PTPN12,combo_seen1,100,factorized_only,0.8343504600894437,0.023214524465430503
Norman,1,CEBPE+PTPN12,combo_seen1,5000,WitnessCell,0.6979479948393211,0.0017412431914940385
Norman,1,CEBPE+PTPN12,combo_seen1,5000,factorized_only,0.6979479948393211,0.0017412431914940385
Norman,1,CEBPE+RUNX1T1,combo_seen1,100,WitnessCell,0.530143779037015,0.06983076621184883
Norman,1,CEBPE+RUNX1T1,combo_seen1,100,factorized_only,0.530143779037015,0.06983076621184883
Norman,1,CEBPE+RUNX1T1,combo_seen1,5000,WitnessCell,0.5603454831454491,0.0027571748071165652
Norman,1,CEBPE+RUNX1T1,combo_seen1,5000,factorized_only,0.5603454831454491,0.0027571748071165652
Norman,1,CEBPE+SET,combo_seen1,100,WitnessCell,0.5592456099064912,0.07737140509106992
Norman,1,CEBPE+SET,combo_seen1,100,factorized_only,0.5592456099064912,0.07737140509106992
Norman,1,CEBPE+SET,combo_seen1,5000,WitnessCell,0.5351604420747379,0.0035348501254159792
Norman,1,CEBPE+SET,combo_seen1,5000,factorized_only,0.5351604420747379,0.0035348501254159792
Norman,1,CLDN6+KLF1,combo_seen1,100,WitnessCell,0.8795006291224357,0.06796992601409717
Norman,1,CLDN6+KLF1,combo_seen1,100,factorized_only,0.8795006291224357,0.06796992601409717
Norman,1,CLDN6+KLF1,combo_seen1,5000,WitnessCell,0.7529370674866798,0.0036200453963336223
Norman,1,CLDN6+KLF1,combo_seen1,5000,factorized_only,0.7529370674866798,0.0036200453963336223
Norman,1,CNN1+MAPK1,combo_seen1,100,WitnessCell,0.9500602795737925,0.00958161577153768
Norman,1,CNN1+MAPK1,combo_seen1,100,factorized_only,0.944211803866448,0.01689565380794302
Norman,1,CNN1+MAPK1,combo_seen1,5000,WitnessCell,0.8827769110674175,0.0008252349920769441
Norman,1,CNN1+MAPK1,combo_seen1,5000,factorized_only,0.8773758624757965,0.001384887181036978
Norman,1,CNN1+UBASH3A,combo_seen1,100,WitnessCell,0.7988190648897194,0.21030412530838885
Norman,1,CNN1+UBASH3A,combo_seen1,100,factorized_only,0.7988190648897194,0.21030412530838885
Norman,1,CNN1+UBASH3A,combo_seen1,5000,WitnessCell,0.6586134185129149,0.006477616479237609
Norman,1,CNN1+UBASH3A,combo_seen1,5000,factorized_only,0.6586134185129149,0.006477616479237609
Norman,1,CNN1+UBASH3B,combo_seen1,100,WitnessCell,0.9306060068184395,0.164125734723983
Norman,1,CNN1+UBASH3B,combo_seen1,100,factorized_only,0.9026712356115625,0.1784358107851089
Norman,1,CNN1+UBASH3B,combo_seen1,5000,WitnessCell,0.8618900170054399,0.004521532168026697
Norman,1,CNN1+UBASH3B,combo_seen1,5000,factorized_only,0.8104625101545111,0.004892264403120443
Norman,1,COL2A1+KLF1,combo_seen1,100,WitnessCell,0.8519713102178106,0.04403430810510057
Norman,1,COL2A1+KLF1,combo_seen1,100,factorized_only,0.8519713102178106,0.04403430810510057
Norman,1,COL2A1+KLF1,combo_seen1,5000,WitnessCell,0.6715320082960583,0.0034909978732455527
Norman,1,COL2A1+KLF1,combo_seen1,5000,factorized_only,0.6715320082960583,0.0034909978732455527
Norman,1,DLX2+SNAI1,combo_seen1,100,WitnessCell,0.6130577981644807,0.10487361559305518
Norman,1,DLX2+SNAI1,combo_seen1,100,factorized_only,0.6130577981644807,0.10487361559305518
Norman,1,DLX2+SNAI1,combo_seen1,5000,WitnessCell,0.6757029413453401,0.004796537733683656
Norman,1,DLX2+SNAI1,combo_seen1,5000,factorized_only,0.6757029413453401,0.004796537733683656
Norman,1,DLX2+ZBTB10,combo_seen1,100,WitnessCell,0.9171532599961695,0.08889121856627752
Norman,1,DLX2+ZBTB10,combo_seen1,100,factorized_only,0.9171532599961695,0.08889121856627752
Norman,1,DLX2+ZBTB10,combo_seen1,5000,WitnessCell,0.8342512104101325,0.00629840598887635
Norman,1,DLX2+ZBTB10,combo_seen1,5000,factorized_only,0.8342512104101325,0.00629840598887635
Norman,1,DUSP9+ETS2,combo_seen1,100,WitnessCell,0.8190767870480071,0.0529054569033506
Norman,1,DUSP9+ETS2,combo_seen1,100,factorized_only,0.8190767870480071,0.0529054569033506
Norman,1,DUSP9+ETS2,combo_seen1,5000,WitnessCell,0.6297522646452153,0.0024785585480159656
Norman,1,DUSP9+ETS2,combo_seen1,5000,factorized_only,0.6297522646452153,0.0024785585480159656
Norman,1,DUSP9+KLF1,combo_seen1,100,WitnessCell,0.7147109043917652,0.2178266399408467
Norman,1,DUSP9+KLF1,combo_seen1,100,factorized_only,0.7147109043917652,0.2178266399408467
Norman,1,DUSP9+KLF1,combo_seen1,5000,WitnessCell,0.5279569062909509,0.006427543446109121
Norman,1,DUSP9+KLF1,combo_seen1,5000,factorized_only,0.5279569062909509,0.006427543446109121
Norman,1,ETS2+IGDCC3,combo_seen1,100,WitnessCell,0.8961482762350247,0.017014495681641834
Norman,1,ETS2+IGDCC3,combo_seen1,100,factorized_only,0.8973958742862542,0.020392191531978507
Norman,1,ETS2+IGDCC3,combo_seen1,5000,WitnessCell,0.7724601052052568,0.0016879172137215278
Norman,1,ETS2+IGDCC3,combo_seen1,5000,factorized_only,0.7818223478588839,0.0019732707378843925
Norman,1,ETS2+IKZF3,combo_seen1,100,WitnessCell,0.9865039543840722,0.012387459967334142
Norman,1,ETS2+IKZF3,combo_seen1,100,factorized_only,0.9785047194563617,0.01885447304668691
Norman,1,ETS2+IKZF3,combo_seen1,5000,WitnessCell,0.9326216396647439,0.001470043093445841
Norman,1,ETS2+IKZF3,combo_seen1,5000,factorized_only,0.9246972366349526,0.001712760100434371
Norman,1,ETS2+MAP7D1,combo_seen1,100,WitnessCell,0.550138409301236,0.08148782961287317
Norman,1,ETS2+MAP7D1,combo_seen1,100,factorized_only,0.550138409301236,0.08148782961287317
Norman,1,ETS2+MAP7D1,combo_seen1,5000,WitnessCell,0.5189764299894738,0.0029388361336065935
Norman,1,ETS2+MAP7D1,combo_seen1,5000,factorized_only,0.5189764299894738,0.0029388361336065935
Norman,1,ETS2+MAPK1,combo_seen1,100,WitnessCell,0.9803343259411054,0.0737596298453131
Norman,1,ETS2+MAPK1,combo_seen1,100,factorized_only,0.9836158107688794,0.048567358771769244
Norman,1,ETS2+MAPK1,combo_seen1,5000,WitnessCell,0.9391480786066635,0.0024628960157440437
Norman,1,ETS2+MAPK1,combo_seen1,5000,factorized_only,0.9335392886387184,0.0018242783440937736
Norman,1,ETS2+PRTG,combo_seen1,100,WitnessCell,0.9201148770834507,0.015836109466651187
Norman,1,ETS2+PRTG,combo_seen1,100,factorized_only,0.9211763929053932,0.018911496017922646
Norman,1,ETS2+PRTG,combo_seen1,5000,WitnessCell,0.8365155576414242,0.0013310519732715386
Norman,1,ETS2+PRTG,combo_seen1,5000,factorized_only,0.8389704680551354,0.0016111455215134303
Norman,1,ETS2+TGFBR2,combo_seen1,100,WitnessCell,0.06461669904748199,0.05007512148648548
Norman,1,ETS2+TGFBR2,combo_seen1,100,factorized_only,-0.018505904378116125,0.05248153527578423
Norman,1,ETS2+TGFBR2,combo_seen1,5000,WitnessCell,0.1475957454876522,0.0024260776175218683
Norman,1,ETS2+TGFBR2,combo_seen1,5000,factorized_only,0.10732650027392185,0.002371066960689285
Norman,1,FEV+ISL2,combo_seen1,100,WitnessCell,0.6350491504114827,0.22525880614299626
Norman,1,FEV+ISL2,combo_seen1,100,factorized_only,0.6350491504114827,0.22525880614299626
Norman,1,FEV+ISL2,combo_seen1,5000,WitnessCell,0.5269222359722394,0.00864762781267763
Norman,1,FEV+ISL2,combo_seen1,5000,factorized_only,0.5269222359722394,0.00864762781267763
Norman,1,FEV+MAP7D1,combo_seen1,100,WitnessCell,0.6567569408272625,0.14942914063676896
Norman,1,FEV+MAP7D1,combo_seen1,100,factorized_only,0.6567569408272625,0.14942914063676896
Norman,1,FEV+MAP7D1,combo_seen1,5000,WitnessCell,0.5639473223373748,0.0053563216263585655
Norman,1,FEV+MAP7D1,combo_seen1,5000,factorized_only,0.5639473223373748,0.0053563216263585655
Norman,1,FOSB+PTPN12,combo_seen1,100,WitnessCell,0.6107402862088424,0.032997712241127984
Norman,1,FOSB+PTPN12,combo_seen1,100,factorized_only,0.665969886697807,0.02839090138886683
Norman,1,FOSB+PTPN12,combo_seen1,5000,WitnessCell,0.4661061075244804,0.0025311376418346997
Norman,1,FOSB+PTPN12,combo_seen1,5000,factorized_only,0.5086942335581629,0.002352700666834399
Norman,1,FOXA1+KLF1,combo_seen1,100,WitnessCell,0.655823859853725,0.06703032124690975
Norman,1,FOXA1+KLF1,combo_seen1,100,factorized_only,0.6251430429463475,0.07241843601589583
Norman,1,FOXA1+KLF1,combo_seen1,5000,WitnessCell,0.5689896609352386,0.0033820330799823233
Norman,1,FOXA1+KLF1,combo_seen1,5000,factorized_only,0.5408567406121196,0.0034700533376833547
Norman,1,IRF1+SET,combo_seen1,100,WitnessCell,0.8477074781350826,0.08128242206243845
Norman,1,IRF1+SET,combo_seen1,100,factorized_only,0.8477074781350826,0.08128242206243845
Norman,1,IRF1+SET,combo_seen1,5000,WitnessCell,0.7554456211595223,0.004295941778049753
Norman,1,IRF1+SET,combo_seen1,5000,factorized_only,0.7554456211595223,0.004295941778049753
Norman,1,KLF1+MAP2K6,combo_seen1,100,WitnessCell,0.37212824467029354,0.08261411463359583
Norman,1,KLF1+MAP2K6,combo_seen1,100,factorized_only,0.28553889330749305,0.08766194819285883
Norman,1,KLF1+MAP2K6,combo_seen1,5000,WitnessCell,0.23496818000558878,0.0027745269127795453
Norman,1,KLF1+MAP2K6,combo_seen1,5000,factorized_only,0.21405969943101305,0.002955535641025706
Norman,1,KLF1+TGFBR2,combo_seen1,100,WitnessCell,0.5515993234143911,0.08199849198826593
Norman,1,KLF1+TGFBR2,combo_seen1,100,factorized_only,0.5696547374110658,0.08183375763602437
Norman,1,KLF1+TGFBR2,combo_seen1,5000,WitnessCell,0.3328722918025744,0.0031341959829150365
Norman,1,KLF1+TGFBR2,combo_seen1,5000,factorized_only,0.34711190243445716,0.0029629269641439386
Norman,1,OSR2+PTPN12,combo_seen1,100,WitnessCell,0.7963704638311946,0.01942355264338463
Norman,1,OSR2+PTPN12,combo_seen1,100,factorized_only,0.7826519585501182,0.02107486978913089
Norman,1,OSR2+PTPN12,combo_seen1,5000,WitnessCell,0.6449952175521344,0.0020560746197203633
Norman,1,OSR2+PTPN12,combo_seen1,5000,factorized_only,0.63164768620455,0.002444766342982759
Norman,1,PTPN12+PTPN9,combo_seen1,100,WitnessCell,0.9088182837804356,0.035850438287949954
Norman,1,PTPN12+PTPN9,combo_seen1,100,factorized_only,0.8806508726063563,0.04876154619678576
Norman,1,PTPN12+PTPN9,combo_seen1,5000,WitnessCell,0.8428867714014555,0.0015391533055026385
Norman,1,PTPN12+PTPN9,combo_seen1,5000,factorized_only,0.8103407707781592,0.0018325862201690568
Norman,1,PTPN12+SAMD1,combo_seen1,100,WitnessCell,0.9425406371194683,0.03134966715251796
Norman,1,PTPN12+SAMD1,combo_seen1,100,factorized_only,0.9352353821738849,0.03741995585046941
Norman,1,PTPN12+SAMD1,combo_seen1,5000,WitnessCell,0.8723445536733587,0.0016034432218497497
Norman,1,PTPN12+SAMD1,combo_seen1,5000,factorized_only,0.8583977916346202,0.0017582009663590875
Norman,1,PTPN12+SNAI1,combo_seen1,100,WitnessCell,0.7081034354887287,0.0309358404572148
Norman,1,PTPN12+SNAI1,combo_seen1,100,factorized_only,0.7081034354887287,0.0309358404572148
Norman,1,PTPN12+SNAI1,combo_seen1,5000,WitnessCell,0.6246748798513115,0.002416263281907891
Norman,1,PTPN12+SNAI1,combo_seen1,5000,factorized_only,0.6246748798513115,0.002416263281907891
Norman,1,PTPN12+UBASH3A,combo_seen1,100,WitnessCell,0.7557436654464336,0.12992332210298524
Norman,1,PTPN12+UBASH3A,combo_seen1,100,factorized_only,0.7557436654464336,0.12992332210298524
Norman,1,PTPN12+UBASH3A,combo_seen1,5000,WitnessCell,0.6652121144844914,0.00406580913861989
Norman,1,PTPN12+UBASH3A,combo_seen1,5000,factorized_only,0.6652121144844914,0.00406580913861989
Norman,1,PTPN12+UBASH3B,combo_seen1,100,WitnessCell,0.9474071043930395,0.05249814842958456
Norman,1,PTPN12+UBASH3B,combo_seen1,100,factorized_only,0.9216507725792814,0.06156585963031139
Norman,1,PTPN12+UBASH3B,combo_seen1,5000,WitnessCell,0.8747982722175093,0.0018040737123434854
Norman,1,PTPN12+UBASH3B,combo_seen1,5000,factorized_only,0.8310804363999337,0.0020948892602234803
Norman,1,PTPN12+ZBTB10,combo_seen1,100,WitnessCell,0.9390003168117306,0.01756654058110811
Norman,1,PTPN12+ZBTB10,combo_seen1,100,factorized_only,0.9390003168117306,0.01756654058110811
Norman,1,PTPN12+ZBTB10,combo_seen1,5000,WitnessCell,0.8787661939979238,0.0022576772278747347
Norman,1,PTPN12+ZBTB10,combo_seen1,5000,factorized_only,0.8787661939979238,0.0022576772278747347
Norman,1,PTPN12+ZBTB25,combo_seen1,100,WitnessCell,0.9593143126015549,0.03948308715574553
Norman,1,PTPN12+ZBTB25,combo_seen1,100,factorized_only,0.9505716591852748,0.0516900722368187
Norman,1,PTPN12+ZBTB25,combo_seen1,5000,WitnessCell,0.8745596114067902,0.001683265670818067
Norman,1,PTPN12+ZBTB25,combo_seen1,5000,factorized_only,0.8678993391276798,0.0018771875231241473
Norman,1,RHOXF2+SET,combo_seen1,100,WitnessCell,0.8302339458509242,0.06717955811819903
Norman,1,RHOXF2+SET,combo_seen1,100,factorized_only,0.8363619187843447,0.06504900185187416
Norman,1,RHOXF2+SET,combo_seen1,5000,WitnessCell,0.75013761635162,0.003811732517045179
Norman,1,RHOXF2+SET,combo_seen1,5000,factorized_only,0.7495356191679108,0.003895137804385524
Norman,1,BAK1+TMSB4X,combo_seen2,100,WitnessCell,0.9877906028805484,0.003107241983729442
Norman,1,BAK1+TMSB4X,combo_seen2,100,factorized_only,0.9877906028805484,0.003107241983729442
Norman,1,BAK1+TMSB4X,combo_seen2,5000,WitnessCell,0.8431391835503389,0.0004005887253798525
Norman,1,BAK1+TMSB4X,combo_seen2,5000,factorized_only,0.8431391835503389,0.0004005887253798525
Norman,1,BPGM+SAMD1,combo_seen2,100,WitnessCell,0.9851849303974572,0.005873034547083472
Norman,1,BPGM+SAMD1,combo_seen2,100,factorized_only,0.9806959102272236,0.006766619910737006
Norman,1,BPGM+SAMD1,combo_seen2,5000,WitnessCell,0.9448320882231306,0.0007113547617602835
Norman,1,BPGM+SAMD1,combo_seen2,5000,factorized_only,0.9356095218413031,0.0007516737863141691
Norman,1,CEBPA+CEBPB,combo_seen2,100,WitnessCell,0.9947143827085257,0.017826811235671678
Norman,1,CEBPA+CEBPB,combo_seen2,100,factorized_only,0.9921346285596095,0.013811120144740101
Norman,1,CEBPA+CEBPB,combo_seen2,5000,WitnessCell,0.9332080874846872,0.005752345987792346
Norman,1,CEBPA+CEBPB,combo_seen2,5000,factorized_only,0.9258068277424999,0.006125546522594294
Norman,1,CEBPA+CEBPE,combo_seen2,100,WitnessCell,0.9881305408597261,0.013952428610324152
Norman,1,CEBPA+CEBPE,combo_seen2,100,factorized_only,0.988348395976558,0.013941165130526186
Norman,1,CEBPA+CEBPE,combo_seen2,5000,WitnessCell,0.9583032855458382,0.0020840481664446283
Norman,1,CEBPA+CEBPE,combo_seen2,5000,factorized_only,0.956602282012984,0.0021670348323420486
Norman,1,CEBPA+JUN,combo_seen2,100,WitnessCell,0.9888142826324339,0.02562419544384566
Norman,1,CEBPA+JUN,combo_seen2,100,factorized_only,0.9862946670057541,0.035850015087140086
Norman,1,CEBPA+JUN,combo_seen2,5000,WitnessCell,0.9288701860824036,0.004281731330476926
Norman,1,CEBPA+JUN,combo_seen2,5000,factorized_only,0.9208275649169706,0.004759748368831835
Norman,1,CEBPB+CEBPE,combo_seen2,100,WitnessCell,0.9761479143979401,0.030856030761768148
Norman,1,CEBPB+CEBPE,combo_seen2,100,factorized_only,0.9708657507908872,0.036936347002197084
Norman,1,CEBPB+CEBPE,combo_seen2,5000,WitnessCell,0.9174290650489961,0.002334761406055951
Norman,1,CEBPB+CEBPE,combo_seen2,5000,factorized_only,0.8984885728553432,0.0027831317714061797
Norman,1,CEBPB+LYL1,combo_seen2,100,WitnessCell,0.9107331817165516,0.025284609319373687
Norman,1,CEBPB+LYL1,combo_seen2,100,factorized_only,0.9288064117825743,0.020776811587144107
Norman,1,CEBPB+LYL1,combo_seen2,5000,WitnessCell,0.8404772475854858,0.0021521333969547352
Norman,1,CEBPB+LYL1,combo_seen2,5000,factorized_only,0.8592229386092268,0.0020313357561299768
Norman,1,CEBPE+FOSB,combo_seen2,100,WitnessCell,0.974077165566199,0.11273221616199
Norman,1,CEBPE+FOSB,combo_seen2,100,factorized_only,0.9559337102399571,0.13238553968577624
Norman,1,CEBPE+FOSB,combo_seen2,5000,WitnessCell,0.9228841168993754,0.004529209067829677
Norman,1,CEBPE+FOSB,combo_seen2,5000,factorized_only,0.8820665768427933,0.0052256786731827145
Norman,1,CEBPE+SPI1,combo_seen2,100,WitnessCell,0.9397388871818827,0.17616521977828817
Norman,1,CEBPE+SPI1,combo_seen2,100,factorized_only,0.9413992636904959,0.14812998388952325
Norman,1,CEBPE+SPI1,combo_seen2,5000,WitnessCell,0.8439470868272663,0.008102013896094157
Norman,1,CEBPE+SPI1,combo_seen2,5000,factorized_only,0.8464996596825831,0.007381872415703994
Norman,1,DUSP9+IGDCC3,combo_seen2,100,WitnessCell,0.9482963749473874,0.06059075969888533
Norman,1,DUSP9+IGDCC3,combo_seen2,100,factorized_only,0.9444018405905866,0.05966573841375365
Norman,1,DUSP9+IGDCC3,combo_seen2,5000,WitnessCell,0.846663385994617,0.002592694413828476
Norman,1,DUSP9+IGDCC3,combo_seen2,5000,factorized_only,0.8214992645199579,0.0027727845831857904
Norman,1,DUSP9+PRTG,combo_seen2,100,WitnessCell,0.9592133029900596,0.0644060813406967
Norman,1,DUSP9+PRTG,combo_seen2,100,factorized_only,0.9640415008857535,0.05436447436511331
Norman,1,DUSP9+PRTG,combo_seen2,5000,WitnessCell,0.8697815861383333,0.002583607170203424
Norman,1,DUSP9+PRTG,combo_seen2,5000,factorized_only,0.8660806893286405,0.0024415803853224294
Norman,1,FOXA1+FOXA3,combo_seen2,100,WitnessCell,0.9847159366940603,0.0054413230475063926
Norman,1,FOXA1+FOXA3,combo_seen2,100,factorized_only,0.9799470400907451,0.00950499085053069
Norman,1,FOXA1+FOXA3,combo_seen2,5000,WitnessCell,0.9384524347156565,0.0007871847463077712
Norman,1,FOXA1+FOXA3,combo_seen2,5000,factorized_only,0.9155711463648437,0.0010814012093660747
Norman,1,FOXL2+ZNF318,combo_seen2,100,WitnessCell,0.9617492241700837,0.0054306346145918645
Norman,1,FOXL2+ZNF318,combo_seen2,100,factorized_only,0.9521791772402612,0.005592654982431433
Norman,1,FOXL2+ZNF318,combo_seen2,5000,WitnessCell,0.8886478439594834,0.0008281904795558837
Norman,1,FOXL2+ZNF318,combo_seen2,5000,factorized_only,0.8766938099586481,0.0007501448185929055
Norman,1,IKZF3+MAPK1,combo_seen2,100,WitnessCell,0.9846641294297843,0.007026512334379084
Norman,1,IKZF3+MAPK1,combo_seen2,100,factorized_only,0.9615983708868733,0.022713935136376005
Norman,1,IKZF3+MAPK1,combo_seen2,5000,WitnessCell,0.9428252377718375,0.0009504878008397419
Norman,1,IKZF3+MAPK1,combo_seen2,5000,factorized_only,0.9194344539591786,0.0019420990334867735
Norman,1,MAPK1+PRTG,combo_seen2,100,WitnessCell,0.9273379429424031,0.010859871729879471
Norman,1,MAPK1+PRTG,combo_seen2,100,factorized_only,0.9190577234182478,0.016931379849310847
Norman,1,MAPK1+PRTG,combo_seen2,5000,WitnessCell,0.8517341516618914,0.0010590222047043166
Norman,1,MAPK1+PRTG,combo_seen2,5000,factorized_only,0.8276454639093721,0.0019242207345852777
Norman,1,UBASH3A+UBASH3B,combo_seen2,100,WitnessCell,0.9791247715275644,0.003365279662776276
Norman,1,UBASH3A+UBASH3B,combo_seen2,100,factorized_only,0.9563933995161006,0.006026440543539704
Norman,1,UBASH3A+UBASH3B,combo_seen2,5000,WitnessCell,0.9122964384247729,0.0003346558422785555
Norman,1,UBASH3A+UBASH3B,combo_seen2,5000,factorized_only,0.8892957278841694,0.000427344371652996
Norman,1,UBASH3B+ZBTB25,combo_seen2,100,WitnessCell,0.9903506757184022,0.010109209039791399
Norman,1,UBASH3B+ZBTB25,combo_seen2,100,factorized_only,0.9763981332806734,0.022937675528381423
Norman,1,UBASH3B+ZBTB25,combo_seen2,5000,WitnessCell,0.9456061984980841,0.0006749734368328255
Norman,1,UBASH3B+ZBTB25,combo_seen2,5000,factorized_only,0.9145920455295153,0.0010291401190805972
Norman,1,ARID1A,unseen_single,100,WitnessCell,0.7717863338242675,0.08951589303124166
Norman,1,ARID1A,unseen_single,100,factorized_only,0.7717863338242675,0.08951589303124166
Norman,1,ARID1A,unseen_single,5000,WitnessCell,0.6432835914939407,0.003666425379388488
Norman,1,ARID1A,unseen_single,5000,factorized_only,0.6432835914939407,0.003666425379388488
Norman,1,BCL2L11,unseen_single,100,WitnessCell,0.8334925649805541,0.0015337716117819538
Norman,1,BCL2L11,unseen_single,100,factorized_only,0.8334925649805541,0.0015337716117819538
Norman,1,BCL2L11,unseen_single,5000,WitnessCell,0.2611302897675418,0.0007713028085291105
Norman,1,BCL2L11,unseen_single,5000,factorized_only,0.2611302897675418,0.0007713028085291105
Norman,1,BCORL1,unseen_single,100,WitnessCell,0.42911735627273306,0.01603669908068223
Norman,1,BCORL1,unseen_single,100,factorized_only,0.42911735627273306,0.01603669908068223
Norman,1,BCORL1,unseen_single,5000,WitnessCell,0.40529591694811357,0.0009289054622127829
Norman,1,BCORL1,unseen_single,5000,factorized_only,0.40529591694811357,0.0009289054622127829
Norman,1,CBL,unseen_single,100,WitnessCell,0.5788556706374822,0.029689655213661504
Norman,1,CBL,unseen_single,100,factorized_only,0.5788556706374822,0.029689655213661504
Norman,1,CBL,unseen_single,5000,WitnessCell,0.5212256111245385,0.00105376356515739
Norman,1,CBL,unseen_single,5000,factorized_only,0.5212256111245385,0.00105376356515739
Norman,1,CDKN1B,unseen_single,100,WitnessCell,0.9072398210467331,0.017080864451451707
Norman,1,CDKN1B,unseen_single,100,factorized_only,0.9072398210467331,0.017080864451451707
Norman,1,CDKN1B,unseen_single,5000,WitnessCell,0.7830914207661949,0.0008798169314912389
Norman,1,CDKN1B,unseen_single,5000,factorized_only,0.7830914207661949,0.0008798169314912389
Norman,1,CDKN1C,unseen_single,100,WitnessCell,0.8797552095730365,0.023254399707906673
Norman,1,CDKN1C,unseen_single,100,factorized_only,0.8797552095730365,0.023254399707906673
Norman,1,CDKN1C,unseen_single,5000,WitnessCell,0.778048607922103,0.00133448409320247
Norman,1,CDKN1C,unseen_single,5000,factorized_only,0.778048607922103,0.00133448409320247
Norman,1,CELF2,unseen_single,100,WitnessCell,0.4153367550863194,0.029894719159366822
Norman,1,CELF2,unseen_single,100,factorized_only,0.4153367550863194,0.029894719159366822
Norman,1,CELF2,unseen_single,5000,WitnessCell,0.3941490120895855,0.0012271401463762577
Norman,1,CELF2,unseen_single,5000,factorized_only,0.3941490120895855,0.0012271401463762577
Norman,1,CKS1B,unseen_single,100,WitnessCell,0.803488767367629,0.06034792908122312
Norman,1,CKS1B,unseen_single,100,factorized_only,0.803488767367629,0.06034792908122312
Norman,1,CKS1B,unseen_single,5000,WitnessCell,0.5842239690104464,0.0022597751149109934
Norman,1,CKS1B,unseen_single,5000,factorized_only,0.5842239690104464,0.0022597751149109934
Norman,1,CNN1,unseen_single,100,WitnessCell,0.659149648172207,0.07005006640321253
Norman,1,CNN1,unseen_single,100,factorized_only,0.659149648172207,0.07005006640321253
Norman,1,CNN1,unseen_single,5000,WitnessCell,0.4969471288707082,0.0020500392242526083
Norman,1,CNN1,unseen_single,5000,factorized_only,0.4969471288707082,0.0020500392242526083
Norman,1,DLX2,unseen_single,100,WitnessCell,0.49880475450213146,0.043092004938426284
Norman,1,DLX2,unseen_single,100,factorized_only,0.49880475450213146,0.043092004938426284
Norman,1,DLX2,unseen_single,5000,WitnessCell,0.5730734346422462,0.001417319558091372
Norman,1,DLX2,unseen_single,5000,factorized_only,0.5730734346422462,0.001417319558091372
Norman,1,ETS2,unseen_single,100,WitnessCell,0.07593228070973301,0.07892786504382608
Norman,1,ETS2,unseen_single,100,factorized_only,0.07593228070973301,0.07892786504382608
Norman,1,ETS2,unseen_single,5000,WitnessCell,0.2528170873965359,0.002527380656310994
Norman,1,ETS2,unseen_single,5000,factorized_only,0.2528170873965359,0.002527380656310994
Norman,1,FEV,unseen_single,100,WitnessCell,0.5630033055711019,0.13876253930623905
Norman,1,FEV,unseen_single,100,factorized_only,0.5630033055711019,0.13876253930623905
Norman,1,FEV,unseen_single,5000,WitnessCell,0.3245209497844558,0.004771874997423238
Norman,1,FEV,unseen_single,5000,factorized_only,0.3245209497844558,0.004771874997423238
Norman,1,HES7,unseen_single,100,WitnessCell,0.833624437132439,0.15938822976484335
Norman,1,HES7,unseen_single,100,factorized_only,0.833624437132439,0.15938822976484335
Norman,1,HES7,unseen_single,5000,WitnessCell,0.7073797284264827,0.007543147826111532
Norman,1,HES7,unseen_single,5000,factorized_only,0.7073797284264827,0.007543147826111532
Norman,1,KLF1,unseen_single,100,WitnessCell,0.2744609481809269,0.09760302268737635
Norman,1,KLF1,unseen_single,100,factorized_only,0.2744609481809269,0.09760302268737635
Norman,1,KLF1,unseen_single,5000,WitnessCell,0.03226304149671671,0.0036307221735452913
Norman,1,KLF1,unseen_single,5000,factorized_only,0.03226304149671671,0.0036307221735452913
Norman,1,NIT1,unseen_single,100,WitnessCell,0.6253895144395253,0.07916510905218815
Norman,1,NIT1,unseen_single,100,factorized_only,0.6253895144395253,0.07916510905218815
Norman,1,NIT1,unseen_single,5000,WitnessCell,0.5222878214095236,0.0037535162610105935
Norman,1,NIT1,unseen_single,5000,factorized_only,0.5222878214095236,0.0037535162610105935
Norman,1,PTPN12,unseen_single,100,WitnessCell,0.7071712714953543,0.026816694835741638
Norman,1,PTPN12,unseen_single,100,factorized_only,0.7071712714953543,0.026816694835741638
Norman,1,PTPN12,unseen_single,5000,WitnessCell,0.5843140254965163,0.0011299251113430224
Norman,1,PTPN12,unseen_single,5000,factorized_only,0.5843140254965163,0.0011299251113430224
Norman,1,PTPN13,unseen_single,100,WitnessCell,0.605840454624658,0.038243017351976966
Norman,1,PTPN13,unseen_single,100,factorized_only,0.605840454624658,0.038243017351976966
Norman,1,PTPN13,unseen_single,5000,WitnessCell,0.5223286673724087,0.0014090045437249099
Norman,1,PTPN13,unseen_single,5000,factorized_only,0.5223286673724087,0.0014090045437249099
Norman,1,RREB1,unseen_single,100,WitnessCell,0.6547360438449221,0.02488703075888328
Norman,1,RREB1,unseen_single,100,factorized_only,0.6547360438449221,0.02488703075888328
Norman,1,RREB1,unseen_single,5000,WitnessCell,0.5903823732201833,0.001194918856080318
Norman,1,RREB1,unseen_single,5000,factorized_only,0.5903823732201833,0.001194918856080318
Norman,1,RUNX1T1,unseen_single,100,WitnessCell,0.15041066617603008,0.013194591834443796
Norman,1,RUNX1T1,unseen_single,100,factorized_only,0.15041066617603008,0.013194591834443796
Norman,1,RUNX1T1,unseen_single,5000,WitnessCell,0.3549744146682801,0.000700913225753775
Norman,1,RUNX1T1,unseen_single,5000,factorized_only,0.3549744146682801,0.000700913225753775
Norman,1,SET,unseen_single,100,WitnessCell,0.5954258583246643,0.10072408549461169
Norman,1,SET,unseen_single,100,factorized_only,0.5954258583246643,0.10072408549461169
Norman,1,SET,unseen_single,5000,WitnessCell,0.48697254637616383,0.003726452663148826
Norman,1,SET,unseen_single,5000,factorized_only,0.48697254637616383,0.003726452663148826
Norman,1,CBL+CNN1,combo_seen0,100,WitnessCell,0.7626850870009171,0.2406091791252328
Norman,1,CBL+CNN1,combo_seen0,100,factorized_only,0.7626850870009171,0.2406091791252328
Norman,1,CBL+CNN1,combo_seen0,5000,WitnessCell,0.6256217544166245,0.0068478974103063335
Norman,1,CBL+CNN1,combo_seen0,5000,factorized_only,0.6256217544166245,0.0068478974103063335
Norman,1,CBL+PTPN12,combo_seen0,100,WitnessCell,0.7285600811727619,0.11476990881632762
Norman,1,CBL+PTPN12,combo_seen0,100,factorized_only,0.7285600811727619,0.11476990881632762
Norman,1,CBL+PTPN12,combo_seen0,5000,WitnessCell,0.5993546444373622,0.003858743696522251
Norman,1,CBL+PTPN12,combo_seen0,5000,factorized_only,0.5993546444373622,0.003858743696522251
Norman,1,CDKN1B+CDKN1C,combo_seen0,100,WitnessCell,0.9284151134853603,0.01955183308554611
Norman,1,CDKN1B+CDKN1C,combo_seen0,100,factorized_only,0.9284151134853603,0.01955183308554611
Norman,1,CDKN1B+CDKN1C,combo_seen0,5000,WitnessCell,0.7831476854694891,0.002157757805195458
Norman,1,CDKN1B+CDKN1C,combo_seen0,5000,factorized_only,0.7831476854694891,0.002157757805195458
Norman,1,CNN1+ETS2,combo_seen0,100,WitnessCell,0.81042846492339,0.023000892380308783
Norman,1,CNN1+ETS2,combo_seen0,100,factorized_only,0.81042846492339,0.023000892380308783
Norman,1,CNN1+ETS2,combo_seen0,5000,WitnessCell,0.6551245885409651,0.00162349278726278
Norman,1,CNN1+ETS2,combo_seen0,5000,factorized_only,0.6551245885409651,0.00162349278726278
Norman,1,KLF1+SET,combo_seen0,100,WitnessCell,0.5350529817054441,0.11432455156335941
Norman,1,KLF1+SET,combo_seen0,100,factorized_only,0.5350529817054441,0.11432455156335941
Norman,1,KLF1+SET,combo_seen0,5000,WitnessCell,0.3540011303791754,0.00514458276539403
Norman,1,KLF1+SET,combo_seen0,5000,factorized_only,0.3540011303791754,0.00514458276539403
Norman,2,BAK1+BCL2L11,combo_seen1,100,WitnessCell,0.5567074865062526,0.00384941398683733
Norman,2,BAK1+BCL2L11,combo_seen1,100,factorized_only,0.4945442818256931,0.004247086760417637
Norman,2,BAK1+BCL2L11,combo_seen1,5000,WitnessCell,-0.006115838403350383,0.001465469464759154
Norman,2,BAK1+BCL2L11,combo_seen1,5000,factorized_only,-0.025924933391622298,0.0015840223734713448
Norman,2,BAK1+KLF1,combo_seen1,100,WitnessCell,0.9595981201272831,0.007185662979152672
Norman,2,BAK1+KLF1,combo_seen1,100,factorized_only,0.9576601805057472,0.012294582658022352
Norman,2,BAK1+KLF1,combo_seen1,5000,WitnessCell,0.8582441414984553,0.0007534238057308838
Norman,2,BAK1+KLF1,combo_seen1,5000,factorized_only,0.8569729532688084,0.0009799809567567826
Norman,2,BAK1+TMSB4X,combo_seen1,100,WitnessCell,0.9631508519948634,0.0038537903698019414
Norman,2,BAK1+TMSB4X,combo_seen1,100,factorized_only,0.9631508519948634,0.0038537903698019414
Norman,2,BAK1+TMSB4X,combo_seen1,5000,WitnessCell,0.7527530973187299,0.0010580671134589063
Norman,2,BAK1+TMSB4X,combo_seen1,5000,factorized_only,0.7527530973187299,0.0010580671134589063
Norman,2,BPGM+SAMD1,combo_seen1,100,WitnessCell,0.9314757675541019,0.02775189724596199
Norman,2,BPGM+SAMD1,combo_seen1,100,factorized_only,0.9321062443356559,0.02763772143311514
Norman,2,BPGM+SAMD1,combo_seen1,5000,WitnessCell,0.8466236536437155,0.001585999956079164
Norman,2,BPGM+SAMD1,combo_seen1,5000,factorized_only,0.8364661982667178,0.0017216930249748374
Norman,2,BPGM+ZBTB1,combo_seen1,100,WitnessCell,0.9408654037999277,0.018281288975545647
Norman,2,BPGM+ZBTB1,combo_seen1,100,factorized_only,0.9453422188622044,0.01744363188508937
Norman,2,BPGM+ZBTB1,combo_seen1,5000,WitnessCell,0.8856816785917212,0.0010476388620167959
Norman,2,BPGM+ZBTB1,combo_seen1,5000,factorized_only,0.8890358385977345,0.0010793145593706536
Norman,2,CBFA2T3+POU3F2,combo_seen1,100,WitnessCell,0.884835712099712,0.029907650638399747
Norman,2,CBFA2T3+POU3F2,combo_seen1,100,factorized_only,0.884835712099712,0.029907650638399747
Norman,2,CBFA2T3+POU3F2,combo_seen1,5000,WitnessCell,0.7514401166547034,0.0023840897241668487
Norman,2,CBFA2T3+POU3F2,combo_seen1,5000,factorized_only,0.7514401166547034,0.0023840897241668487
Norman,2,CBL+CNN1,combo_seen1,100,WitnessCell,0.8339106305456656,0.21908856602066887
Norman,2,CBL+CNN1,combo_seen1,100,factorized_only,0.8339106305456656,0.21908856602066887
Norman,2,CBL+CNN1,combo_seen1,5000,WitnessCell,0.6864866817858998,0.006242242714564331
Norman,2,CBL+CNN1,combo_seen1,5000,factorized_only,0.6864866817858998,0.006242242714564331
Norman,2,CBL+UBASH3A,combo_seen1,100,WitnessCell,0.9701946340046954,0.018014633183290128
Norman,2,CBL+UBASH3A,combo_seen1,100,factorized_only,0.9701946340046954,0.018014633183290128
Norman,2,CBL+UBASH3A,combo_seen1,5000,WitnessCell,0.7107289964790853,0.00233964473180589
Norman,2,CBL+UBASH3A,combo_seen1,5000,factorized_only,0.7107289964790853,0.00233964473180589
Norman,2,CEBPA+CEBPE,combo_seen1,100,WitnessCell,0.99113191653267,0.01183839712339358
Norman,2,CEBPA+CEBPE,combo_seen1,100,factorized_only,0.9893877370231327,0.02923803864286164
Norman,2,CEBPA+CEBPE,combo_seen1,5000,WitnessCell,0.9666200950070718,0.0016030754634492276
Norman,2,CEBPA+CEBPE,combo_seen1,5000,factorized_only,0.9626139392422162,0.00285879070331908
Norman,2,CEBPA+JUN,combo_seen1,100,WitnessCell,0.9917935142108184,0.015613525311335546
Norman,2,CEBPA+JUN,combo_seen1,100,factorized_only,0.993039460759081,0.007253434287683161
Norman,2,CEBPA+JUN,combo_seen1,5000,WitnessCell,0.944504431419714,0.0034128716875905366
Norman,2,CEBPA+JUN,combo_seen1,5000,factorized_only,0.9430391348590373,0.0036372406543297786
Norman,2,CEBPB+CEBPE,combo_seen1,100,WitnessCell,0.9585451179094406,0.062048803415512506
Norman,2,CEBPB+CEBPE,combo_seen1,100,factorized_only,0.9655321903388201,0.031235330777262434
Norman,2,CEBPB+CEBPE,combo_seen1,5000,WitnessCell,0.8876823828905637,0.00349046637669112
Norman,2,CEBPB+CEBPE,combo_seen1,5000,factorized_only,0.8975214618472923,0.0027788021580687607
Norman,2,CEBPB+JUN,combo_seen1,100,WitnessCell,0.968143287804459,0.027783862849753517
Norman,2,CEBPB+JUN,combo_seen1,100,factorized_only,0.965948140662365,0.01605020620258583
Norman,2,CEBPB+JUN,combo_seen1,5000,WitnessCell,0.8624550957003466,0.004023477810060566
Norman,2,CEBPB+JUN,combo_seen1,5000,factorized_only,0.8532596663825335,0.004138454985517146
Norman,2,CEBPE+ETS2,combo_seen1,100,WitnessCell,0.8881153900329418,0.0788324081411637
Norman,2,CEBPE+ETS2,combo_seen1,100,factorized_only,0.9053758196842906,0.05546211964420499
Norman,2,CEBPE+ETS2,combo_seen1,5000,WitnessCell,0.8112280457372955,0.002895806781269187
Norman,2,CEBPE+ETS2,combo_seen1,5000,factorized_only,0.8288582133376964,0.0024534401830058326
Norman,2,CEBPE+FOSB,combo_seen1,100,WitnessCell,0.9416584381751648,0.14669810195796162
Norman,2,CEBPE+FOSB,combo_seen1,100,factorized_only,0.9397254455011301,0.13105871609029907
Norman,2,CEBPE+FOSB,combo_seen1,5000,WitnessCell,0.8704927744504689,0.005944789700735458
Norman,2,CEBPE+FOSB,combo_seen1,5000,factorized_only,0.870748885780941,0.005347475219214953
Norman,2,CEBPE+KLF1,combo_seen1,100,WitnessCell,0.8841992383686406,0.015540531995974615
Norman,2,CEBPE+KLF1,combo_seen1,100,factorized_only,0.8528345439295587,0.0256891416371269
Norman,2,CEBPE+KLF1,combo_seen1,5000,WitnessCell,0.7822214386366342,0.0010328474769409125
Norman,2,CEBPE+KLF1,combo_seen1,5000,factorized_only,0.7569834694399622,0.0014750837251010197
Norman,2,CEBPE+PTPN12,combo_seen1,100,WitnessCell,0.7828953284095349,0.028265435612847237
Norman,2,CEBPE+PTPN12,combo_seen1,100,factorized_only,0.8153318100695567,0.02659837704768175
Norman,2,CEBPE+PTPN12,combo_seen1,5000,WitnessCell,0.6687648082799963,0.001769423362500894
Norman,2,CEBPE+PTPN12,combo_seen1,5000,factorized_only,0.7032850531846958,0.0018255772381976297
Norman,2,CEBPE+RUNX1T1,combo_seen1,100,WitnessCell,0.8528593047903066,0.03773339999835088
Norman,2,CEBPE+RUNX1T1,combo_seen1,100,factorized_only,0.8528593047903066,0.03773339999835088
Norman,2,CEBPE+RUNX1T1,combo_seen1,5000,WitnessCell,0.7274652613150434,0.0014636644631812188
Norman,2,CEBPE+RUNX1T1,combo_seen1,5000,factorized_only,0.7274652613150434,0.0014636644631812188
Norman,2,CEBPE+SET,combo_seen1,100,WitnessCell,0.893522046032154,0.029082810121192165
Norman,2,CEBPE+SET,combo_seen1,100,factorized_only,0.879682957123712,0.0362162380422592
Norman,2,CEBPE+SET,combo_seen1,5000,WitnessCell,0.8327590300690896,0.0020473021426689695
Norman,2,CEBPE+SET,combo_seen1,5000,factorized_only,0.8222229353936618,0.0025044626262189017
Norman,2,CEBPE+ZC3HAV1,combo_seen1,100,WitnessCell,0.8058482289053666,0.01950585267342956
Norman,2,CEBPE+ZC3HAV1,combo_seen1,100,factorized_only,0.8058482289053666,0.01950585267342956
Norman,2,CEBPE+ZC3HAV1,combo_seen1,5000,WitnessCell,0.6408710701001407,0.0011053042083011644
Norman,2,CEBPE+ZC3HAV1,combo_seen1,5000,factorized_only,0.6408710701001407,0.0011053042083011644
Norman,2,CNN1+ETS2,combo_seen1,100,WitnessCell,0.7028943806717458,0.0297214096308548
Norman,2,CNN1+ETS2,combo_seen1,100,factorized_only,0.6089258804188727,0.046036797250913544
Norman,2,CNN1+ETS2,combo_seen1,5000,WitnessCell,0.6478689131636058,0.0013745668969784575
Norman,2,CNN1+ETS2,combo_seen1,5000,factorized_only,0.5792753603772518,0.0022455596160666507
Norman,2,CNN1+MAPK1,combo_seen1,100,WitnessCell,0.9508259569794909,0.00908624056671761
Norman,2,CNN1+MAPK1,combo_seen1,100,factorized_only,0.9386975771008396,0.024470220198517488
Norman,2,CNN1+MAPK1,combo_seen1,5000,WitnessCell,0.8890890619955318,0.0006972505866350749
Norman,2,CNN1+MAPK1,combo_seen1,5000,factorized_only,0.882141137244151,0.0015185646072780582
Norman,2,CNN1+UBASH3B,combo_seen1,100,WitnessCell,0.954763112067449,0.12912981914871172
Norman,2,CNN1+UBASH3B,combo_seen1,100,factorized_only,0.9250149027625999,0.1594684992822642
Norman,2,CNN1+UBASH3B,combo_seen1,5000,WitnessCell,0.9052428015758733,0.003612526571502034
Norman,2,CNN1+UBASH3B,combo_seen1,5000,factorized_only,0.8422979917126862,0.004424449715727049
Norman,2,DUSP9+IGDCC3,combo_seen1,100,WitnessCell,0.9739605414551321,0.024055117851840536
Norman,2,DUSP9+IGDCC3,combo_seen1,100,factorized_only,0.9730444145356456,0.01629840989738322
Norman,2,DUSP9+IGDCC3,combo_seen1,5000,WitnessCell,0.9315316800500268,0.0012211702841373926
Norman,2,DUSP9+IGDCC3,combo_seen1,5000,factorized_only,0.9247175731879644,0.001191908101798553
Norman,2,ETS2+IGDCC3,combo_seen1,100,WitnessCell,0.6125069368148107,0.03740664868497241
Norman,2,ETS2+IGDCC3,combo_seen1,100,factorized_only,0.5169742748838909,0.050159207581267254
Norman,2,ETS2+IGDCC3,combo_seen1,5000,WitnessCell,0.4927450915348124,0.0020260801975855542
Norman,2,ETS2+IGDCC3,combo_seen1,5000,factorized_only,0.428037106047151,0.0029774278765606873
Norman,2,FOXA1+FOXA3,combo_seen1,100,WitnessCell,0.9758739752418167,0.014029770280417892
Norman,2,FOXA1+FOXA3,combo_seen1,100,factorized_only,0.9687786818539315,0.018512664081553165
Norman,2,FOXA1+FOXA3,combo_seen1,5000,WitnessCell,0.9195037579556736,0.0010405483635489174
Norman,2,FOXA1+FOXA3,combo_seen1,5000,factorized_only,0.8994706460057629,0.0012905451439987482
Norman,2,FOXA1+FOXF1,combo_seen1,100,WitnessCell,0.9708280609821911,0.02069035189468738
Norman,2,FOXA1+FOXF1,combo_seen1,100,factorized_only,0.9708280609821911,0.02069035189468738
Norman,2,FOXA1+FOXF1,combo_seen1,5000,WitnessCell,0.8714531228346928,0.001343928848621705
Norman,2,FOXA1+FOXF1,combo_seen1,5000,factorized_only,0.8714531228346928,0.001343928848621705
Norman,2,FOXA1+HOXB9,combo_seen1,100,WitnessCell,0.964912013375492,0.020234644859106917
Norman,2,FOXA1+HOXB9,combo_seen1,100,factorized_only,0.9521361727085613,0.02696817659273153
Norman,2,FOXA1+HOXB9,combo_seen1,5000,WitnessCell,0.9175382526060994,0.0012705502697188766
Norman,2,FOXA1+HOXB9,combo_seen1,5000,factorized_only,0.8855890341874539,0.0016926455049673791
Norman,2,FOXA1+KLF1,combo_seen1,100,WitnessCell,0.865734966643332,0.026167697243321904
Norman,2,FOXA1+KLF1,combo_seen1,100,factorized_only,0.8596355035723026,0.027669720571740268
Norman,2,FOXA1+KLF1,combo_seen1,5000,WitnessCell,0.8158702809593628,0.001405662241416777
Norman,2,FOXA1+KLF1,combo_seen1,5000,factorized_only,0.8240692103378441,0.0013435051612359628
Norman,2,FOXA3+FOXL2,combo_seen1,100,WitnessCell,0.9613921395145837,0.038582916248155734
Norman,2,FOXA3+FOXL2,combo_seen1,100,factorized_only,0.9532857287383879,0.0464068106014396
Norman,2,FOXA3+FOXL2,combo_seen1,5000,WitnessCell,0.8642440678289564,0.0028853273973890926
Norman,2,FOXA3+FOXL2,combo_seen1,5000,factorized_only,0.8325966717801084,0.003404235804583324
Norman,2,FOXF1+FOXL2,combo_seen1,100,WitnessCell,0.9513004578243611,0.057968601104948496
Norman,2,FOXF1+FOXL2,combo_seen1,100,factorized_only,0.9513004578243611,0.057968601104948496
Norman,2,FOXF1+FOXL2,combo_seen1,5000,WitnessCell,0.8540362604737288,0.0032519030941783513
Norman,2,FOXF1+FOXL2,combo_seen1,5000,factorized_only,0.8540362604737288,0.0032519030941783513
Norman,2,FOXL2+HOXB9,combo_seen1,100,WitnessCell,0.9614749411023268,0.028667578036764976
Norman,2,FOXL2+HOXB9,combo_seen1,100,factorized_only,0.9535782348606219,0.03295711318274041
Norman,2,FOXL2+HOXB9,combo_seen1,5000,WitnessCell,0.882336607821828,0.0027029521369812135
Norman,2,FOXL2+HOXB9,combo_seen1,5000,factorized_only,0.8645335336745364,0.003036487556787296
Norman,2,FOXL2+MEIS1,combo_seen1,100,WitnessCell,0.9332187934986177,0.030721419966059812
Norman,2,FOXL2+MEIS1,combo_seen1,100,factorized_only,0.9332187934986177,0.030721419966059812
Norman,2,FOXL2+MEIS1,combo_seen1,5000,WitnessCell,0.8278846267766641,0.0019160233952826599
Norman,2,FOXL2+MEIS1,combo_seen1,5000,factorized_only,0.8278846267766641,0.0019160233952826599
Norman,2,FOXL2+ZNF318,combo_seen1,100,WitnessCell,0.9229663427476278,0.011091943818674439
Norman,2,FOXL2+ZNF318,combo_seen1,100,factorized_only,0.9229663427476278,0.011091943818674439
Norman,2,FOXL2+ZNF318,combo_seen1,5000,WitnessCell,0.8236790898212155,0.0009397169719810897
Norman,2,FOXL2+ZNF318,combo_seen1,5000,factorized_only,0.8236790898212155,0.0009397169719810897
Norman,2,IGDCC3+MAPK1,combo_seen1,100,WitnessCell,0.8110393651021188,0.022617340306297855
Norman,2,IGDCC3+MAPK1,combo_seen1,100,factorized_only,0.7905611320618743,0.03470556356578501
Norman,2,IGDCC3+MAPK1,combo_seen1,5000,WitnessCell,0.6455041624339555,0.0020325062162669695
Norman,2,IGDCC3+MAPK1,combo_seen1,5000,factorized_only,0.6406304477048755,0.0033027947446936943
Norman,2,IGDCC3+PRTG,combo_seen1,100,WitnessCell,0.970854720648874,0.007226976939715148
Norman,2,IGDCC3+PRTG,combo_seen1,100,factorized_only,0.9683953194983933,0.00728669944783137
Norman,2,IGDCC3+PRTG,combo_seen1,5000,WitnessCell,0.9106742022000198,0.0007630836417881324
Norman,2,IGDCC3+PRTG,combo_seen1,5000,factorized_only,0.9043722333299806,0.0008451089584485434
Norman,2,IGDCC3+TGFBR2,combo_seen1,100,WitnessCell,0.9384505325056688,0.03645568017131647
Norman,2,IGDCC3+TGFBR2,combo_seen1,100,factorized_only,0.9410728245234489,0.040144290065054565
Norman,2,IGDCC3+TGFBR2,combo_seen1,5000,WitnessCell,0.8025505673015505,0.0014073823412645225
Norman,2,IGDCC3+TGFBR2,combo_seen1,5000,factorized_only,0.7459339052352633,0.0016390125988971268
Norman,2,IGDCC3+ZBTB25,combo_seen1,100,WitnessCell,0.9606650725872982,0.05434442644464612
Norman,2,IGDCC3+ZBTB25,combo_seen1,100,factorized_only,0.9490764894692871,0.06458204632474372
Norman,2,IGDCC3+ZBTB25,combo_seen1,5000,WitnessCell,0.8779572707464696,0.0024254882058177495
Norman,2,IGDCC3+ZBTB25,combo_seen1,5000,factorized_only,0.8538965382888636,0.0027545155500153487
Norman,2,KIF18B+KIF2C,combo_seen1,100,WitnessCell,0.9189090453340282,0.0015371426433113736
Norman,2,KIF18B+KIF2C,combo_seen1,100,factorized_only,0.9189090453340282,0.0015371426433113736
Norman,2,KIF18B+KIF2C,combo_seen1,5000,WitnessCell,0.5642510593406241,0.001406981691160061
Norman,2,KIF18B+KIF2C,combo_seen1,5000,factorized_only,0.5642510593406241,0.001406981691160061
Norman,2,MAP2K6+SPI1,combo_seen1,100,WitnessCell,0.7570324789314251,0.02203799946502683
Norman,2,MAP2K6+SPI1,combo_seen1,100,factorized_only,0.7570324789314251,0.02203799946502683
Norman,2,MAP2K6+SPI1,combo_seen1,5000,WitnessCell,0.6065154627238153,0.0017780104632855128
Norman,2,MAP2K6+SPI1,combo_seen1,5000,factorized_only,0.6065154627238153,0.0017780104632855128
Norman,2,PTPN12+UBASH3A,combo_seen1,100,WitnessCell,0.9891850558867668,0.02593289279765788
Norman,2,PTPN12+UBASH3A,combo_seen1,100,factorized_only,0.9792646661562173,0.027546319224389323
Norman,2,PTPN12+UBASH3A,combo_seen1,5000,WitnessCell,0.9474363257302845,0.0011295727437152744
Norman,2,PTPN12+UBASH3A,combo_seen1,5000,factorized_only,0.9111438354120307,0.0013658155607577877
Norman,2,UBASH3A+UBASH3B,combo_seen1,100,WitnessCell,0.9762745340869387,0.006934610775425569
Norman,2,UBASH3A+UBASH3B,combo_seen1,100,factorized_only,0.97355328262221,0.004847950998021438
Norman,2,UBASH3A+UBASH3B,combo_seen1,5000,WitnessCell,0.9377909934304288,0.00047728101749251815
Norman,2,UBASH3A+UBASH3B,combo_seen1,5000,factorized_only,0.9289620153727367,0.00045166870931946017
Norman,2,CBFA2T3+FEV,combo_seen2,100,WitnessCell,0.9074374769638182,0.12277262307955017
Norman,2,CBFA2T3+FEV,combo_seen2,100,factorized_only,0.891368293907553,0.13438778384654906
Norman,2,CBFA2T3+FEV,combo_seen2,5000,WitnessCell,0.8754412407951369,0.006054474954971926
Norman,2,CBFA2T3+FEV,combo_seen2,5000,factorized_only,0.8492038154987496,0.006857572406311963
Norman,2,CBFA2T3+PRDM1,combo_seen2,100,WitnessCell,0.9513752818735275,0.026777187071249854
Norman,2,CBFA2T3+PRDM1,combo_seen2,100,factorized_only,0.9513752818735275,0.026777187071249854
Norman,2,CBFA2T3+PRDM1,combo_seen2,5000,WitnessCell,0.8774207153315327,0.0028485576886185604
Norman,2,CBFA2T3+PRDM1,combo_seen2,5000,factorized_only,0.8774207153315327,0.0028485576886185604
Norman,2,CBL+TGFBR2,combo_seen2,100,WitnessCell,0.8093200467859155,0.04941313924249509
Norman,2,CBL+TGFBR2,combo_seen2,100,factorized_only,0.826319673624517,0.05052310159707685
Norman,2,CBL+TGFBR2,combo_seen2,5000,WitnessCell,0.7027181855755158,0.001781964499828199
Norman,2,CBL+TGFBR2,combo_seen2,5000,factorized_only,0.7000452230140835,0.001846464453320334
Norman,2,CEBPB+FOSB,combo_seen2,100,WitnessCell,0.967350441690606,0.051160175406035534
Norman,2,CEBPB+FOSB,combo_seen2,100,factorized_only,0.9745990870791914,0.019652346645390416
Norman,2,CEBPB+FOSB,combo_seen2,5000,WitnessCell,0.884899130690418,0.004319719892584385
Norman,2,CEBPB+FOSB,combo_seen2,5000,factorized_only,0.8976375899722749,0.0032879684916929386
Norman,2,CLDN6+KLF1,combo_seen2,100,WitnessCell,0.9592287504121172,0.018968095204948087
Norman,2,CLDN6+KLF1,combo_seen2,100,factorized_only,0.9606747345055022,0.020825235955718675
Norman,2,CLDN6+KLF1,combo_seen2,5000,WitnessCell,0.8955015476268792,0.0015682764519588548
Norman,2,CLDN6+KLF1,combo_seen2,5000,factorized_only,0.9085037154560862,0.001478831999909967
Norman,2,DLX2+SNAI1,combo_seen2,100,WitnessCell,0.9459848668574167,0.017026145686304523
Norman,2,DLX2+SNAI1,combo_seen2,100,factorized_only,0.9214845730947524,0.024047086085114647
Norman,2,DLX2+SNAI1,combo_seen2,5000,WitnessCell,0.9119857806723901,0.001511632954154897
Norman,2,DLX2+SNAI1,combo_seen2,5000,factorized_only,0.8762047313129128,0.0020352739273368802
Norman,2,ETS2+MAPK1,combo_seen2,100,WitnessCell,0.9641250961397602,0.029354707862777513
Norman,2,ETS2+MAPK1,combo_seen2,100,factorized_only,0.9761645669095247,0.021437219548464562
Norman,2,ETS2+MAPK1,combo_seen2,5000,WitnessCell,0.9229041014811223,0.001718027084085092
Norman,2,ETS2+MAPK1,combo_seen2,5000,factorized_only,0.9529705541037982,0.001222270206247405
Norman,2,FEV+ISL2,combo_seen2,100,WitnessCell,0.9817496091626773,0.025913861847940433
Norman,2,FEV+ISL2,combo_seen2,100,factorized_only,0.976401761330204,0.030520888825567444
Norman,2,FEV+ISL2,combo_seen2,5000,WitnessCell,0.9379085797208151,0.0018373880221132833
Norman,2,FEV+ISL2,combo_seen2,5000,factorized_only,0.9128002024085737,0.0023461695172154805
Norman,2,FOSB+OSR2,combo_seen2,100,WitnessCell,0.9640284958588271,0.022213729802204388
Norman,2,FOSB+OSR2,combo_seen2,100,factorized_only,0.9718006636344366,0.01359304750022889
Norman,2,FOSB+OSR2,combo_seen2,5000,WitnessCell,0.917706827277825,0.0014306952733235526
Norman,2,FOSB+OSR2,combo_seen2,5000,factorized_only,0.9348482031105553,0.0010888729049566758
Norman,2,FOSB+PTPN12,combo_seen2,100,WitnessCell,0.9536677616679202,0.004614445683081842
Norman,2,FOSB+PTPN12,combo_seen2,100,factorized_only,0.9348651382237284,0.007481120917950491
Norman,2,FOSB+PTPN12,combo_seen2,5000,WitnessCell,0.8062910760794775,0.0006638620991243108
Norman,2,FOSB+PTPN12,combo_seen2,5000,factorized_only,0.7574778724355764,0.0013203936890830502
Norman,2,FOSB+UBASH3B,combo_seen2,100,WitnessCell,0.9652112166683198,0.0024287233280888497
Norman,2,FOSB+UBASH3B,combo_seen2,100,factorized_only,0.9427894018236705,0.006785692573142641
Norman,2,FOSB+UBASH3B,combo_seen2,5000,WitnessCell,0.8684601970085222,0.0004388377812286448
Norman,2,FOSB+UBASH3B,combo_seen2,5000,factorized_only,0.859358393321037,0.0007486744903178209
Norman,2,FOXA3+FOXF1,combo_seen2,100,WitnessCell,0.978841238367798,0.004745761540550033
Norman,2,FOXA3+FOXF1,combo_seen2,100,factorized_only,0.9717503804146393,0.00700519410952054
Norman,2,FOXA3+FOXF1,combo_seen2,5000,WitnessCell,0.9055276369413027,0.0008748660820044364
Norman,2,FOXA3+FOXF1,combo_seen2,5000,factorized_only,0.8804399390434103,0.0010932644767907781
Norman,2,FOXF1+HOXB9,combo_seen2,100,WitnessCell,0.9781550690451395,0.009279993311919843
Norman,2,FOXF1+HOXB9,combo_seen2,100,factorized_only,0.9675413278190689,0.013267415270065776
Norman,2,FOXF1+HOXB9,combo_seen2,5000,WitnessCell,0.9219099027916244,0.0009598075997635678
Norman,2,FOXF1+HOXB9,combo_seen2,5000,factorized_only,0.8944240005511341,0.0012656092044087998
Norman,2,HOXC13+ZC3HAV1,combo_seen2,100,WitnessCell,0.9576270639315564,0.010701510583643959
Norman,2,HOXC13+ZC3HAV1,combo_seen2,100,factorized_only,0.9576270639315564,0.010701510583643959
Norman,2,HOXC13+ZC3HAV1,combo_seen2,5000,WitnessCell,0.8826520708967964,0.0012153948728011177
Norman,2,HOXC13+ZC3HAV1,combo_seen2,5000,factorized_only,0.8826520708967964,0.0012153948728011177
Norman,2,IRF1+SET,combo_seen2,100,WitnessCell,0.83753118171581,0.1190446340338995
Norman,2,IRF1+SET,combo_seen2,100,factorized_only,0.8336667593766479,0.12192928852270278
Norman,2,IRF1+SET,combo_seen2,5000,WitnessCell,0.7283213142156785,0.004738758108020148
Norman,2,IRF1+SET,combo_seen2,5000,factorized_only,0.7134401050225241,0.005089432912954513
Norman,2,KLF1+SET,combo_seen2,100,WitnessCell,0.9096165104285922,0.027930437794926734
Norman,2,KLF1+SET,combo_seen2,100,factorized_only,0.9396708642522286,0.0221291961476896
Norman,2,KLF1+SET,combo_seen2,5000,WitnessCell,0.8542956896090179,0.0014243422042710618
Norman,2,KLF1+SET,combo_seen2,5000,factorized_only,0.8812045474716532,0.0015153995959395804
Norman,2,MAP2K3+MAP2K6,combo_seen2,100,WitnessCell,0.8966833969966508,0.006888842585148741
Norman,2,MAP2K3+MAP2K6,combo_seen2,100,factorized_only,0.9071218259715279,0.00483757115101298
Norman,2,MAP2K3+MAP2K6,combo_seen2,5000,WitnessCell,0.6859999948049431,0.0005916566838018843
Norman,2,MAP2K3+MAP2K6,combo_seen2,5000,factorized_only,0.7080861174417393,0.000598658421241042
Norman,2,PTPN12+ZBTB10,combo_seen2,100,WitnessCell,0.9688724625731794,0.00961549054676112
Norman,2,PTPN12+ZBTB10,combo_seen2,100,factorized_only,0.965020414500152,0.012780721920629129
Norman,2,PTPN12+ZBTB10,combo_seen2,5000,WitnessCell,0.8981962124096486,0.0017218661959691535
Norman,2,PTPN12+ZBTB10,combo_seen2,5000,factorized_only,0.9017990671678443,0.0018540870571355252
Norman,2,SGK1+TBX2,combo_seen2,100,WitnessCell,0.9912932854687155,0.003252965995342573
Norman,2,SGK1+TBX2,combo_seen2,100,factorized_only,0.9871309116044374,0.00660602053607715
Norman,2,SGK1+TBX2,combo_seen2,5000,WitnessCell,0.9518222006709736,0.0005916136717038208
Norman,2,SGK1+TBX2,combo_seen2,5000,factorized_only,0.9440379973512893,0.0008388380843032966
Norman,2,SGK1+TBX3,combo_seen2,100,WitnessCell,0.9865700184580682,0.00732936207089115
Norman,2,SGK1+TBX3,combo_seen2,100,factorized_only,0.9790184454131511,0.010655484171281123
Norman,2,SGK1+TBX3,combo_seen2,5000,WitnessCell,0.9417822675363012,0.0007138008536856106
Norman,2,SGK1+TBX3,combo_seen2,5000,factorized_only,0.9285226650333326,0.0010267718136570724
Norman,2,BAK1,unseen_single,100,WitnessCell,0.4503488266299937,0.0056723420070070585
Norman,2,BAK1,unseen_single,100,factorized_only,0.4503488266299937,0.0056723420070070585
Norman,2,BAK1,unseen_single,5000,WitnessCell,-0.012972240207409528,0.0009473735911666738
Norman,2,BAK1,unseen_single,5000,factorized_only,-0.012972240207409528,0.0009473735911666738
Norman,2,BPGM,unseen_single,100,WitnessCell,0.7293552643489606,0.04761886622226987
Norman,2,BPGM,unseen_single,100,factorized_only,0.7293552643489606,0.04761886622226987
Norman,2,BPGM,unseen_single,5000,WitnessCell,0.5789850668804374,0.0015090694222689915
Norman,2,BPGM,unseen_single,5000,factorized_only,0.5789850668804374,0.0015090694222689915
Norman,2,CEBPE,unseen_single,100,WitnessCell,0.7773894234240154,0.15807557423408217
Norman,2,CEBPE,unseen_single,100,factorized_only,0.7773894234240154,0.15807557423408217
Norman,2,CEBPE,unseen_single,5000,WitnessCell,0.7261168975124994,0.005111536930689028
Norman,2,CEBPE,unseen_single,5000,factorized_only,0.7261168975124994,0.005111536930689028
Norman,2,CNN1,unseen_single,100,WitnessCell,0.7582156364844606,0.06379930582888027
Norman,2,CNN1,unseen_single,100,factorized_only,0.7582156364844606,0.06379930582888027
Norman,2,CNN1,unseen_single,5000,WitnessCell,0.5903493080182446,0.0018188987178995098
Norman,2,CNN1,unseen_single,5000,factorized_only,0.5903493080182446,0.0018188987178995098
Norman,2,COL1A1,unseen_single,100,WitnessCell,0.7984498932832077,0.09029906309482548
Norman,2,COL1A1,unseen_single,100,factorized_only,0.7984498932832077,0.09029906309482548
Norman,2,COL1A1,unseen_single,5000,WitnessCell,0.696379934846426,0.003255537197280629
Norman,2,COL1A1,unseen_single,5000,factorized_only,0.696379934846426,0.003255537197280629
Norman,2,FOXA1,unseen_single,100,WitnessCell,0.740305562743587,0.01491653991233607
Norman,2,FOXA1,unseen_single,100,factorized_only,0.740305562743587,0.01491653991233607
Norman,2,FOXA1,unseen_single,5000,WitnessCell,0.6812765212183152,0.0006468249219721882
Norman,2,FOXA1,unseen_single,5000,factorized_only,0.6812765212183152,0.0006468249219721882
Norman,2,FOXL2,unseen_single,100,WitnessCell,0.8526612294070656,0.022852550684079462
Norman,2,FOXL2,unseen_single,100,factorized_only,0.8526612294070656,0.022852550684079462
Norman,2,FOXL2,unseen_single,5000,WitnessCell,0.7780120509472419,0.0010720304427442907
Norman,2,FOXL2,unseen_single,5000,factorized_only,0.7780120509472419,0.0010720304427442907
Norman,2,HES7,unseen_single,100,WitnessCell,0.8249225044773887,0.16247552431416729
Norman,2,HES7,unseen_single,100,factorized_only,0.8249225044773887,0.16247552431416729
Norman,2,HES7,unseen_single,5000,WitnessCell,0.7012666645457,0.007753604776043299
Norman,2,HES7,unseen_single,5000,factorized_only,0.7012666645457,0.007753604776043299
Norman,2,HNF4A,unseen_single,100,WitnessCell,0.6685462149965309,0.07051902600203187
Norman,2,HNF4A,unseen_single,100,factorized_only,0.6685462149965309,0.07051902600203187
Norman,2,HNF4A,unseen_single,5000,WitnessCell,0.6254526220273071,0.003271614204743759
Norman,2,HNF4A,unseen_single,5000,factorized_only,0.6254526220273071,0.003271614204743759
Norman,2,HOXA13,unseen_single,100,WitnessCell,0.9118950800018201,0.11310318056923262
Norman,2,HOXA13,unseen_single,100,factorized_only,0.9118950800018201,0.11310318056923262
Norman,2,HOXA13,unseen_single,5000,WitnessCell,0.8485137237383773,0.005045697464574944
Norman,2,HOXA13,unseen_single,5000,factorized_only,0.8485137237383773,0.005045697464574944
Norman,2,IGDCC3,unseen_single,100,WitnessCell,0.8111019122384604,0.052376344476277543
Norman,2,IGDCC3,unseen_single,100,factorized_only,0.8111019122384604,0.052376344476277543
Norman,2,IGDCC3,unseen_single,5000,WitnessCell,0.6459017513208943,0.0018554871830542513
Norman,2,IGDCC3,unseen_single,5000,factorized_only,0.6459017513208943,0.0018554871830542513
Norman,2,JUN,unseen_single,100,WitnessCell,0.7832943933919002,0.0429188958927422
Norman,2,JUN,unseen_single,100,factorized_only,0.7832943933919002,0.0429188958927422
Norman,2,JUN,unseen_single,5000,WitnessCell,0.6310237943021689,0.001937177513522393
Norman,2,JUN,unseen_single,5000,factorized_only,0.6310237943021689,0.001937177513522393
Norman,2,KIF2C,unseen_single,100,WitnessCell,0.8809783876503967,0.0028610235421840024
Norman,2,KIF2C,unseen_single,100,factorized_only,0.8809783876503967,0.0028610235421840024
Norman,2,KIF2C,unseen_single,5000,WitnessCell,0.6595349723704558,0.00026861207311800134
Norman,2,KIF2C,unseen_single,5000,factorized_only,0.6595349723704558,0.00026861207311800134
Norman,2,NCL,unseen_single,100,WitnessCell,0.8256551261448521,0.002885280224597761
Norman,2,NCL,unseen_single,100,factorized_only,0.8256551261448521,0.002885280224597761
Norman,2,NCL,unseen_single,5000,WitnessCell,0.44990468900727926,0.0008133255971938798
Norman,2,NCL,unseen_single,5000,factorized_only,0.44990468900727926,0.0008133255971938798
Norman,2,POU3F2,unseen_single,100,WitnessCell,0.8547202055746188,0.018867509393857482
Norman,2,POU3F2,unseen_single,100,factorized_only,0.8547202055746188,0.018867509393857482
Norman,2,POU3F2,unseen_single,5000,WitnessCell,0.7326919467347383,0.0008732341636909812
Norman,2,POU3F2,unseen_single,5000,factorized_only,0.7326919467347383,0.0008732341636909812
Norman,2,PTPN13,unseen_single,100,WitnessCell,0.5808586336313291,0.04064957499858294
Norman,2,PTPN13,unseen_single,100,factorized_only,0.5808586336313291,0.04064957499858294
Norman,2,PTPN13,unseen_single,5000,WitnessCell,0.4788030837011625,0.0014750346969408274
Norman,2,PTPN13,unseen_single,5000,factorized_only,0.4788030837011625,0.0014750346969408274
Norman,2,RREB1,unseen_single,100,WitnessCell,0.643933648178067,0.02618437998364944
Norman,2,RREB1,unseen_single,100,factorized_only,0.643933648178067,0.02618437998364944
Norman,2,RREB1,unseen_single,5000,WitnessCell,0.5557864132090755,0.001239616626094023
Norman,2,RREB1,unseen_single,5000,factorized_only,0.5557864132090755,0.001239616626094023
Norman,2,SLC4A1,unseen_single,100,WitnessCell,0.03718816409334217,0.09352701909281379
Norman,2,SLC4A1,unseen_single,100,factorized_only,0.03718816409334217,0.09352701909281379
Norman,2,SLC4A1,unseen_single,5000,WitnessCell,0.2251832782498458,0.002859355875986525
Norman,2,SLC4A1,unseen_single,5000,factorized_only,0.2251832782498458,0.002859355875986525
Norman,2,SPI1,unseen_single,100,WitnessCell,0.8847935814901444,0.10217862160473754
Norman,2,SPI1,unseen_single,100,factorized_only,0.8847935814901444,0.10217862160473754
Norman,2,SPI1,unseen_single,5000,WitnessCell,0.8092564340134648,0.00431937939299083
Norman,2,SPI1,unseen_single,5000,factorized_only,0.8092564340134648,0.00431937939299083
Norman,2,UBASH3A,unseen_single,100,WitnessCell,0.8830590453560829,0.0021215577296919788
Norman,2,UBASH3A,unseen_single,100,factorized_only,0.8830590453560829,0.0021215577296919788
Norman,2,UBASH3A,unseen_single,5000,WitnessCell,0.7229736341596121,0.00038274738145113306
Norman,2,UBASH3A,unseen_single,5000,factorized_only,0.7229736341596121,0.00038274738145113306
Norman,2,CEBPE+CNN1,combo_seen0,100,WitnessCell,0.8160617440239653,0.03678831552337811
Norman,2,CEBPE+CNN1,combo_seen0,100,factorized_only,0.8160617440239653,0.03678831552337811
Norman,2,CEBPE+CNN1,combo_seen0,5000,WitnessCell,0.675888758547444,0.002108823507782021
Norman,2,CEBPE+CNN1,combo_seen0,5000,factorized_only,0.675888758547444,0.002108823507782021
Norman,2,CEBPE+SPI1,combo_seen0,100,WitnessCell,0.8897094841852158,0.3052119600481504
Norman,2,CEBPE+SPI1,combo_seen0,100,factorized_only,0.8897094841852158,0.3052119600481504
Norman,2,CEBPE+SPI1,combo_seen0,5000,WitnessCell,0.8038747469544386,0.012147013511756195
Norman,2,CEBPE+SPI1,combo_seen0,5000,factorized_only,0.8038747469544386,0.012147013511756195
Norman,2,CNN1+UBASH3A,combo_seen0,100,WitnessCell,0.9139116463990811,0.13970171568613288
Norman,2,CNN1+UBASH3A,combo_seen0,100,factorized_only,0.9139116463990811,0.13970171568613288
Norman,2,CNN1+UBASH3A,combo_seen0,5000,WitnessCell,0.791577999137588,0.004696984538218363
Norman,2,CNN1+UBASH3A,combo_seen0,5000,factorized_only,0.791577999137588,0.004696984538218363
Norman,2,FOXA1+FOXL2,combo_seen0,100,WitnessCell,0.9348532211412588,0.036315317756712505
Norman,2,FOXA1+FOXL2,combo_seen0,100,factorized_only,0.9348532211412588,0.036315317756712505
Norman,2,FOXA1+FOXL2,combo_seen0,5000,WitnessCell,0.8010978239532226,0.002155988251409926
Norman,2,FOXA1+FOXL2,combo_seen0,5000,factorized_only,0.8010978239532226,0.002155988251409926
Norman,2,FOXL2+POU3F2,combo_seen0,100,WitnessCell,0.9392698747327104,0.05980075399320636
Norman,2,FOXL2+POU3F2,combo_seen0,100,factorized_only,0.9392698747327104,0.05980075399320636
Norman,2,FOXL2+POU3F2,combo_seen0,5000,WitnessCell,0.8368191699405702,0.0030547785507708957
Norman,2,FOXL2+POU3F2,combo_seen0,5000,factorized_only,0.8368191699405702,0.0030547785507708957
Norman,3,AHR+FEV,combo_seen1,100,WitnessCell,0.6614327637802245,0.2504146423656467
Norman,3,AHR+FEV,combo_seen1,100,factorized_only,0.6614327637802245,0.2504146423656467
Norman,3,AHR+FEV,combo_seen1,5000,WitnessCell,0.5468690829415201,0.009376950731873394
Norman,3,AHR+FEV,combo_seen1,5000,factorized_only,0.5468690829415201,0.009376950731873394
Norman,3,AHR+KLF1,combo_seen1,100,WitnessCell,0.9265402141820006,0.022104375599241256
Norman,3,AHR+KLF1,combo_seen1,100,factorized_only,0.9526272183055303,0.013280722823316504
Norman,3,AHR+KLF1,combo_seen1,5000,WitnessCell,0.7643880046040137,0.001515983068572523
Norman,3,AHR+KLF1,combo_seen1,5000,factorized_only,0.8220216581762844,0.0011823045312810304
Norman,3,CBL+CNN1,combo_seen1,100,WitnessCell,0.9562544184830276,0.11507383818559959
Norman,3,CBL+CNN1,combo_seen1,100,factorized_only,0.9321520086167498,0.16493675036260702
Norman,3,CBL+CNN1,combo_seen1,5000,WitnessCell,0.8704420672016662,0.003444232310650043
Norman,3,CBL+CNN1,combo_seen1,5000,factorized_only,0.8053793798882686,0.00468072786240498
Norman,3,CBL+UBASH3B,combo_seen1,100,WitnessCell,0.9656502981531053,0.0447616758396898
Norman,3,CBL+UBASH3B,combo_seen1,100,factorized_only,0.9237261502517938,0.07935147499496206
Norman,3,CBL+UBASH3B,combo_seen1,5000,WitnessCell,0.9105599494878072,0.0017523464273663837
Norman,3,CBL+UBASH3B,combo_seen1,5000,factorized_only,0.8610171798543871,0.0025965860774768185
Norman,3,CDKN1A+CDKN1B,combo_seen1,100,WitnessCell,0.9803027427389742,0.008497694249812426
Norman,3,CDKN1A+CDKN1B,combo_seen1,100,factorized_only,0.9803112995579055,0.005230327180048622
Norman,3,CDKN1A+CDKN1B,combo_seen1,5000,WitnessCell,0.9043648645819025,0.0009160853130431299
Norman,3,CDKN1A+CDKN1B,combo_seen1,5000,factorized_only,0.9147487687530872,0.0008446797450183889
Norman,3,CDKN1A+CDKN1C,combo_seen1,100,WitnessCell,0.9766833039120044,0.007678129419475262
Norman,3,CDKN1A+CDKN1C,combo_seen1,100,factorized_only,0.9728269782715581,0.007793733495801927
Norman,3,CDKN1A+CDKN1C,combo_seen1,5000,WitnessCell,0.9054546922885054,0.0009865523846955674
Norman,3,CDKN1A+CDKN1C,combo_seen1,5000,factorized_only,0.9042583607423399,0.0011273053840764875
Norman,3,CEBPA+CEBPB,combo_seen1,100,WitnessCell,0.9917412276033546,0.005592221959017079
Norman,3,CEBPA+CEBPB,combo_seen1,100,factorized_only,0.9934726367688268,0.006120550159665573
Norman,3,CEBPA+CEBPB,combo_seen1,5000,WitnessCell,0.9353018298314296,0.0031194806544499734
Norman,3,CEBPA+CEBPB,combo_seen1,5000,factorized_only,0.9285328148664407,0.003467705477657128
Norman,3,CEBPB+CEBPE,combo_seen1,100,WitnessCell,0.9702786066723544,0.06754973116046487
Norman,3,CEBPB+CEBPE,combo_seen1,100,factorized_only,0.9855416827501674,0.01814868309151978
Norman,3,CEBPB+CEBPE,combo_seen1,5000,WitnessCell,0.9164591165742288,0.0035135169820228584
Norman,3,CEBPB+CEBPE,combo_seen1,5000,factorized_only,0.9345932154803681,0.0018368335519442238
Norman,3,CEBPB+FOSB,combo_seen1,100,WitnessCell,0.9720859107094877,0.11127933835463809
Norman,3,CEBPB+FOSB,combo_seen1,100,factorized_only,0.9617584585406264,0.11628983745857266
Norman,3,CEBPB+FOSB,combo_seen1,5000,WitnessCell,0.8949085619398485,0.006113535406574951
Norman,3,CEBPB+FOSB,combo_seen1,5000,factorized_only,0.8760460947305643,0.006416331708616168
Norman,3,CEBPB+JUN,combo_seen1,100,WitnessCell,0.9680427227149261,0.03952184900884847
Norman,3,CEBPB+JUN,combo_seen1,100,factorized_only,0.9045648791461475,0.05833781655820994
Norman,3,CEBPB+JUN,combo_seen1,5000,WitnessCell,0.8226250495020481,0.005332783620138456
Norman,3,CEBPB+JUN,combo_seen1,5000,factorized_only,0.7728441796153208,0.006364773793165495
Norman,3,CEBPB+LYL1,combo_seen1,100,WitnessCell,0.8000545075647518,0.04842058830059233
Norman,3,CEBPB+LYL1,combo_seen1,100,factorized_only,0.8000545075647518,0.04842058830059233
Norman,3,CEBPB+LYL1,combo_seen1,5000,WitnessCell,0.7105657799643966,0.0021385029554281667
Norman,3,CEBPB+LYL1,combo_seen1,5000,factorized_only,0.7105657799643966,0.0021385029554281667
Norman,3,CEBPB+MAPK1,combo_seen1,100,WitnessCell,0.9561488148354742,0.03509318242050583
Norman,3,CEBPB+MAPK1,combo_seen1,100,factorized_only,0.9655523355672664,0.020159036307063168
Norman,3,CEBPB+MAPK1,combo_seen1,5000,WitnessCell,0.9091212639794382,0.0014486705932715406
Norman,3,CEBPB+MAPK1,combo_seen1,5000,factorized_only,0.9166079530897877,0.0012310147475594702
Norman,3,CEBPB+OSR2,combo_seen1,100,WitnessCell,0.9609240908384373,0.05413898939633881
Norman,3,CEBPB+OSR2,combo_seen1,100,factorized_only,0.9469209898019058,0.06119079462239647
Norman,3,CEBPB+OSR2,combo_seen1,5000,WitnessCell,0.9188610170417818,0.002495836362619281
Norman,3,CEBPB+OSR2,combo_seen1,5000,factorized_only,0.8934160948006202,0.002797016991568428
Norman,3,CEBPB+PTPN12,combo_seen1,100,WitnessCell,0.8071732486047518,0.03622988903554904
Norman,3,CEBPB+PTPN12,combo_seen1,100,factorized_only,0.8494567389330067,0.030682498678941173
Norman,3,CEBPB+PTPN12,combo_seen1,5000,WitnessCell,0.6938792188463244,0.001949440058599237
Norman,3,CEBPB+PTPN12,combo_seen1,5000,factorized_only,0.7351803274228063,0.0017967364219009937
Norman,3,CEBPE+CNN1,combo_seen1,100,WitnessCell,0.8450558874910914,0.028087994735595444
Norman,3,CEBPE+CNN1,combo_seen1,100,factorized_only,0.8130452183455369,0.05617788370044093
Norman,3,CEBPE+CNN1,combo_seen1,5000,WitnessCell,0.7810817827039134,0.0017358454439791056
Norman,3,CEBPE+CNN1,combo_seen1,5000,factorized_only,0.75278535788555,0.004254215331365711
Norman,3,CLDN6+KLF1,combo_seen1,100,WitnessCell,0.8873671644653,0.0851545962223738
Norman,3,CLDN6+KLF1,combo_seen1,100,factorized_only,0.8887327577043757,0.07555091617186777
Norman,3,CLDN6+KLF1,combo_seen1,5000,WitnessCell,0.8007453257512493,0.003204950359441928
Norman,3,CLDN6+KLF1,combo_seen1,5000,factorized_only,0.8264302369589805,0.0028213511061061206
Norman,3,CNN1+ETS2,combo_seen1,100,WitnessCell,0.5749706117849432,0.05111369725076883
Norman,3,CNN1+ETS2,combo_seen1,100,factorized_only,0.5850142386889611,0.047228322775820064
Norman,3,CNN1+ETS2,combo_seen1,5000,WitnessCell,0.5370553166302607,0.0026748890701079617
Norman,3,CNN1+ETS2,combo_seen1,5000,factorized_only,0.5526921058883246,0.002388866258494193
Norman,3,CNN1+MAPK1,combo_seen1,100,WitnessCell,0.9543055026357787,0.00853454873713261
Norman,3,CNN1+MAPK1,combo_seen1,100,factorized_only,0.9427689486990818,0.018184755559177045
Norman,3,CNN1+MAPK1,combo_seen1,5000,WitnessCell,0.8932866944727431,0.0007658093370848419
Norman,3,CNN1+MAPK1,combo_seen1,5000,factorized_only,0.8767072335499871,0.0014489491498883267
Norman,3,CNN1+UBASH3A,combo_seen1,100,WitnessCell,0.9428798665193107,0.11119578900693444
Norman,3,CNN1+UBASH3A,combo_seen1,100,factorized_only,0.7770060799404158,0.21762445039588443
Norman,3,CNN1+UBASH3A,combo_seen1,5000,WitnessCell,0.8403282707718086,0.003742299532886927
Norman,3,CNN1+UBASH3A,combo_seen1,5000,factorized_only,0.6422703109154134,0.006633279248474997
Norman,3,DUSP9+ETS2,combo_seen1,100,WitnessCell,0.25461562384243275,0.13835694965365425
Norman,3,DUSP9+ETS2,combo_seen1,100,factorized_only,0.22512356657586463,0.14150385090548137
Norman,3,DUSP9+ETS2,combo_seen1,5000,WitnessCell,0.2181870782211204,0.005650372128151704
Norman,3,DUSP9+ETS2,combo_seen1,5000,factorized_only,0.20513811125507742,0.005506152528876555
Norman,3,DUSP9+IGDCC3,combo_seen1,100,WitnessCell,0.9456129919807479,0.07152724543761817
Norman,3,DUSP9+IGDCC3,combo_seen1,100,factorized_only,0.9398573580555787,0.06565417173240509
Norman,3,DUSP9+IGDCC3,combo_seen1,5000,WitnessCell,0.8423874627746235,0.002800989049430236
Norman,3,DUSP9+IGDCC3,combo_seen1,5000,factorized_only,0.8138301837306736,0.002867421639978897
Norman,3,DUSP9+KLF1,combo_seen1,100,WitnessCell,0.844726792247769,0.14222422035199883
Norman,3,DUSP9+KLF1,combo_seen1,100,factorized_only,0.8468206725130673,0.13096696506024347
Norman,3,DUSP9+KLF1,combo_seen1,5000,WitnessCell,0.7548232480414228,0.004441026779551381
Norman,3,DUSP9+KLF1,combo_seen1,5000,factorized_only,0.762409058187088,0.00417922612645845
Norman,3,DUSP9+MAPK1,combo_seen1,100,WitnessCell,0.5507103422270537,0.046774453666853386
Norman,3,DUSP9+MAPK1,combo_seen1,100,factorized_only,0.5484600130735962,0.056065671287955234
Norman,3,DUSP9+MAPK1,combo_seen1,5000,WitnessCell,0.4518189434429236,0.003103140456413541
Norman,3,DUSP9+MAPK1,combo_seen1,5000,factorized_only,0.45081652134894207,0.004371914259490524
Norman,3,DUSP9+PRTG,combo_seen1,100,WitnessCell,0.9617903168110634,0.07358167029019158
Norman,3,DUSP9+PRTG,combo_seen1,100,factorized_only,0.963689263400209,0.05951475527513806
Norman,3,DUSP9+PRTG,combo_seen1,5000,WitnessCell,0.8700399356677876,0.0027540007026621554
Norman,3,DUSP9+PRTG,combo_seen1,5000,factorized_only,0.8623043953214863,0.0025167285226491013
Norman,3,DUSP9+SNAI1,combo_seen1,100,WitnessCell,0.9352767732258381,0.1317201333447044
Norman,3,DUSP9+SNAI1,combo_seen1,100,factorized_only,0.9386531319214917,0.12988239204757043
Norman,3,DUSP9+SNAI1,combo_seen1,5000,WitnessCell,0.8282673474258732,0.006215063436914443
Norman,3,DUSP9+SNAI1,combo_seen1,5000,factorized_only,0.827136092479903,0.006284401405491114
Norman,3,ETS2+IKZF3,combo_seen1,100,WitnessCell,0.38489926313397255,0.30493961154865873
Norman,3,ETS2+IKZF3,combo_seen1,100,factorized_only,0.34559711035132373,0.31583326778788323
Norman,3,ETS2+IKZF3,combo_seen1,5000,WitnessCell,0.432827551833508,0.008713728737618788
Norman,3,ETS2+IKZF3,combo_seen1,5000,factorized_only,0.40622093806994997,0.008935271007258968
Norman,3,FOSB+IKZF3,combo_seen1,100,WitnessCell,0.5378056344119987,0.14506329654969974
Norman,3,FOSB+IKZF3,combo_seen1,100,factorized_only,0.4809799982216673,0.15662531494428056
Norman,3,FOSB+IKZF3,combo_seen1,5000,WitnessCell,0.5527690685835284,0.004465294029816172
Norman,3,FOSB+IKZF3,combo_seen1,5000,factorized_only,0.5158033480230987,0.004805861430443893
Norman,3,FOSB+UBASH3B,combo_seen1,100,WitnessCell,0.8934993044528831,0.01359704248916728
Norman,3,FOSB+UBASH3B,combo_seen1,100,factorized_only,0.8913096739904931,0.013536790374895961
Norman,3,FOSB+UBASH3B,combo_seen1,5000,WitnessCell,0.7904794959781747,0.0013688350212264873
Norman,3,FOSB+UBASH3B,combo_seen1,5000,factorized_only,0.7909471382476295,0.0013859238191295876
Norman,3,FOXA1+HOXB9,combo_seen1,100,WitnessCell,0.9347138535258069,0.05179151932393058
Norman,3,FOXA1+HOXB9,combo_seen1,100,factorized_only,0.9347138535258069,0.05179151932393058
Norman,3,FOXA1+HOXB9,combo_seen1,5000,WitnessCell,0.8383335836504265,0.002553580166068894
Norman,3,FOXA1+HOXB9,combo_seen1,5000,factorized_only,0.8383335836504265,0.002553580166068894
Norman,3,FOXA3+HOXB9,combo_seen1,100,WitnessCell,0.9848185013538165,0.024588180044567906
Norman,3,FOXA3+HOXB9,combo_seen1,100,factorized_only,0.9760556556977089,0.031975353765098934
Norman,3,FOXA3+HOXB9,combo_seen1,5000,WitnessCell,0.9262301342216618,0.0016951195817455772
Norman,3,FOXA3+HOXB9,combo_seen1,5000,factorized_only,0.8949944351271145,0.0021844076247845706
Norman,3,FOXF1+HOXB9,combo_seen1,100,WitnessCell,0.9673530820773389,0.02716345036156588
Norman,3,FOXF1+HOXB9,combo_seen1,100,factorized_only,0.9521208328981893,0.03568164735675166
Norman,3,FOXF1+HOXB9,combo_seen1,5000,WitnessCell,0.8802064990054159,0.001758866711941139
Norman,3,FOXF1+HOXB9,combo_seen1,5000,factorized_only,0.845476471720931,0.002139838079793458
Norman,3,FOXL2+HOXB9,combo_seen1,100,WitnessCell,0.9219484179679235,0.05551055649873526
Norman,3,FOXL2+HOXB9,combo_seen1,100,factorized_only,0.9219484179679235,0.05551055649873526
Norman,3,FOXL2+HOXB9,combo_seen1,5000,WitnessCell,0.8318680047896073,0.00404993851593333
Norman,3,FOXL2+HOXB9,combo_seen1,5000,factorized_only,0.8318680047896073,0.00404993851593333
Norman,3,IKZF3+MAP2K3,combo_seen1,100,WitnessCell,0.6119475147723495,0.22256149824250127
Norman,3,IKZF3+MAP2K3,combo_seen1,100,factorized_only,0.6119475147723495,0.22256149824250127
Norman,3,IKZF3+MAP2K3,combo_seen1,5000,WitnessCell,0.5015126365963538,0.005771589674198678
Norman,3,IKZF3+MAP2K3,combo_seen1,5000,factorized_only,0.5015126365963538,0.005771589674198678
Norman,3,IKZF3+MAPK1,combo_seen1,100,WitnessCell,0.4548654939178395,0.19312546044661405
Norman,3,IKZF3+MAPK1,combo_seen1,100,factorized_only,0.4968551421075851,0.1903065335928932
Norman,3,IKZF3+MAPK1,combo_seen1,5000,WitnessCell,0.5355039760801198,0.005745414376494045
Norman,3,IKZF3+MAPK1,combo_seen1,5000,factorized_only,0.5465528761370455,0.006219924749720718
Norman,3,KLF1+MAP2K6,combo_seen1,100,WitnessCell,0.9216747119878966,0.014055901633989813
Norman,3,KLF1+MAP2K6,combo_seen1,100,factorized_only,0.9413048685654097,0.009843425388009983
Norman,3,KLF1+MAP2K6,combo_seen1,5000,WitnessCell,0.7138030402632591,0.0014368193500508828
Norman,3,KLF1+MAP2K6,combo_seen1,5000,factorized_only,0.7701123859379589,0.0012215724017505534
Norman,3,MAP2K3+MAP2K6,combo_seen1,100,WitnessCell,-0.5719595627521884,0.09984603751831045
Norman,3,MAP2K3+MAP2K6,combo_seen1,100,factorized_only,-0.5719595627521884,0.09984603751831045
Norman,3,MAP2K3+MAP2K6,combo_seen1,5000,WitnessCell,-0.5068061251506821,0.004487605937887779
Norman,3,MAP2K3+MAP2K6,combo_seen1,5000,factorized_only,-0.5068061251506821,0.004487605937887779
Norman,3,MAP2K3+SLC38A2,combo_seen1,100,WitnessCell,-0.612608372175294,0.1354409591950218
Norman,3,MAP2K3+SLC38A2,combo_seen1,100,factorized_only,-0.612608372175294,0.1354409591950218
Norman,3,MAP2K3+SLC38A2,combo_seen1,5000,WitnessCell,-0.5740669013477359,0.0055634545579873445
Norman,3,MAP2K3+SLC38A2,combo_seen1,5000,factorized_only,-0.5740669013477359,0.0055634545579873445
Norman,3,MAP2K6+SPI1,combo_seen1,100,WitnessCell,0.9127522961816008,0.04195457465951495
Norman,3,MAP2K6+SPI1,combo_seen1,100,factorized_only,0.9127522961816008,0.04195457465951495
Norman,3,MAP2K6+SPI1,combo_seen1,5000,WitnessCell,0.7854527300561982,0.0051015455188970155
Norman,3,MAP2K6+SPI1,combo_seen1,5000,factorized_only,0.7854527300561982,0.0051015455188970155
Norman,3,OSR2+UBASH3B,combo_seen1,100,WitnessCell,0.870120370876751,0.02114989403342757
Norman,3,OSR2+UBASH3B,combo_seen1,100,factorized_only,0.8586883836984638,0.023202074419970364
Norman,3,OSR2+UBASH3B,combo_seen1,5000,WitnessCell,0.7547238487310608,0.002036616898123146
Norman,3,OSR2+UBASH3B,combo_seen1,5000,factorized_only,0.7415254891685977,0.002313663519149473
Norman,3,PLK4+STIL,combo_seen1,100,WitnessCell,0.9364731908537123,0.003435122664624319
Norman,3,PLK4+STIL,combo_seen1,100,factorized_only,0.9364731908537123,0.003435122664624319
Norman,3,PLK4+STIL,combo_seen1,5000,WitnessCell,0.7168450114349239,0.0016942751605087806
Norman,3,PLK4+STIL,combo_seen1,5000,factorized_only,0.7168450114349239,0.0016942751605087806
Norman,3,PTPN9+UBASH3B,combo_seen1,100,WitnessCell,0.7756757226298951,0.07729218019654495
Norman,3,PTPN9+UBASH3B,combo_seen1,100,factorized_only,0.7756757226298951,0.07729218019654495
Norman,3,PTPN9+UBASH3B,combo_seen1,5000,WitnessCell,0.7077447770160576,0.0029348287600836067
Norman,3,PTPN9+UBASH3B,combo_seen1,5000,factorized_only,0.7077447770160576,0.0029348287600836067
Norman,3,PTPN12+UBASH3B,combo_seen1,100,WitnessCell,0.9650476052377787,0.038310026631975296
Norman,3,PTPN12+UBASH3B,combo_seen1,100,factorized_only,0.9372386265059984,0.04841231713167111
Norman,3,PTPN12+UBASH3B,combo_seen1,5000,WitnessCell,0.9118296378919274,0.0013496437354665433
Norman,3,PTPN12+UBASH3B,combo_seen1,5000,factorized_only,0.8435815023315563,0.001858128750263215
Norman,3,RHOXF2+SET,combo_seen1,100,WitnessCell,0.9282841737067484,0.04421885388351995
Norman,3,RHOXF2+SET,combo_seen1,100,factorized_only,0.9173105378045407,0.039616044112077906
Norman,3,RHOXF2+SET,combo_seen1,5000,WitnessCell,0.8290662743191426,0.0027200611158135473
Norman,3,RHOXF2+SET,combo_seen1,5000,factorized_only,0.8052173327763623,0.003031463441583361
Norman,3,RHOXF2+ZBTB25,combo_seen1,100,WitnessCell,0.9492042560338321,0.03157574551930921
Norman,3,RHOXF2+ZBTB25,combo_seen1,100,factorized_only,0.9332701170482643,0.060804827750192005
Norman,3,RHOXF2+ZBTB25,combo_seen1,5000,WitnessCell,0.8537911994054791,0.0018475828177024968
Norman,3,RHOXF2+ZBTB25,combo_seen1,5000,factorized_only,0.8170830044491009,0.0025121436792553053
Norman,3,SAMD1+UBASH3B,combo_seen1,100,WitnessCell,0.978429517721328,0.015650916687341043
Norman,3,SAMD1+UBASH3B,combo_seen1,100,factorized_only,0.957570495608633,0.02604384082693881
Norman,3,SAMD1+UBASH3B,combo_seen1,5000,WitnessCell,0.9058751176049895,0.0011694745204803084
Norman,3,SAMD1+UBASH3B,combo_seen1,5000,factorized_only,0.8843880346288592,0.001431502141912065
Norman,3,SNAI1+UBASH3B,combo_seen1,100,WitnessCell,0.9190014295082051,0.009202346416927198
Norman,3,SNAI1+UBASH3B,combo_seen1,100,factorized_only,0.9298527338261378,0.008231663287576976
Norman,3,SNAI1+UBASH3B,combo_seen1,5000,WitnessCell,0.8039091155120348,0.0015990331957514276
Norman,3,SNAI1+UBASH3B,combo_seen1,5000,factorized_only,0.824553852918989,0.001426971324948353
Norman,3,UBASH3A+UBASH3B,combo_seen1,100,WitnessCell,0.9290122197152306,0.013516952125026483
Norman,3,UBASH3A+UBASH3B,combo_seen1,100,factorized_only,0.7896583392987541,0.021934588013958586
Norman,3,UBASH3A+UBASH3B,combo_seen1,5000,WitnessCell,0.8418075811896172,0.0011951307726217255
Norman,3,UBASH3A+UBASH3B,combo_seen1,5000,factorized_only,0.7253519117903756,0.0010770861020054344
Norman,3,UBASH3B+ZBTB25,combo_seen1,100,WitnessCell,0.9583648876265594,0.020502337864362192
Norman,3,UBASH3B+ZBTB25,combo_seen1,100,factorized_only,0.9411441251245715,0.042555616266990295
Norman,3,UBASH3B+ZBTB25,combo_seen1,5000,WitnessCell,0.8833767086540648,0.0012636734685195171
Norman,3,UBASH3B+ZBTB25,combo_seen1,5000,factorized_only,0.863298570013363,0.0015704467466392785
Norman,3,BAK1+BCL2L11,combo_seen2,100,WitnessCell,0.6098373482759443,0.002787069780193817
Norman,3,BAK1+BCL2L11,combo_seen2,100,factorized_only,0.5658788763371891,0.0029627595253050435
Norman,3,BAK1+BCL2L11,combo_seen2,5000,WitnessCell,0.018304945593859673,0.0012084492920191848
Norman,3,BAK1+BCL2L11,combo_seen2,5000,factorized_only,0.04516795362981201,0.0011681056373481578
Norman,3,BCL2L11+TGFBR2,combo_seen2,100,WitnessCell,0.9024368055451805,0.003541335267690302
Norman,3,BCL2L11+TGFBR2,combo_seen2,100,factorized_only,0.8620556657661218,0.004744954840801823
Norman,3,BCL2L11+TGFBR2,combo_seen2,5000,WitnessCell,0.5265404203264205,0.0007468341186445953
Norman,3,BCL2L11+TGFBR2,combo_seen2,5000,factorized_only,0.502844582887432,0.0007102707222617124
Norman,3,CBL+PTPN9,combo_seen2,100,WitnessCell,0.9574819231688558,0.013578861534305518
Norman,3,CBL+PTPN9,combo_seen2,100,factorized_only,0.9430951703550008,0.02658757700687561
Norman,3,CBL+PTPN9,combo_seen2,5000,WitnessCell,0.8922414788508384,0.0010068668267311175
Norman,3,CBL+PTPN9,combo_seen2,5000,factorized_only,0.8574994219798501,0.0013158873302474624
Norman,3,CEBPA+CEBPE,combo_seen2,100,WitnessCell,0.9819674566652224,0.03127014955840994
Norman,3,CEBPA+CEBPE,combo_seen2,100,factorized_only,0.9896585473024759,0.05852630842523963
Norman,3,CEBPA+CEBPE,combo_seen2,5000,WitnessCell,0.9527821375416428,0.002912627318921704
Norman,3,CEBPA+CEBPE,combo_seen2,5000,factorized_only,0.960372379729758,0.005527607013801344
Norman,3,CEBPA+ZC3HAV1,combo_seen2,100,WitnessCell,0.9849959252453395,0.01745301279934036
Norman,3,CEBPA+ZC3HAV1,combo_seen2,100,factorized_only,0.9910594311561084,0.011903269983964168
Norman,3,CEBPA+ZC3HAV1,combo_seen2,5000,WitnessCell,0.9473626183934897,0.0019451827485725854
Norman,3,CEBPA+ZC3HAV1,combo_seen2,5000,factorized_only,0.9469463016923552,0.0019866158715666224
Norman,3,CEBPE+FOSB,combo_seen2,100,WitnessCell,0.9697331018838439,0.06185447144525922
Norman,3,CEBPE+FOSB,combo_seen2,100,factorized_only,0.9848604067339531,0.016739770633765198
Norman,3,CEBPE+FOSB,combo_seen2,5000,WitnessCell,0.9092477539035199,0.0033040702892265217
Norman,3,CEBPE+FOSB,combo_seen2,5000,factorized_only,0.9393039186136757,0.001750741733152267
Norman,3,CEBPE+KLF1,combo_seen2,100,WitnessCell,0.9228906128265952,0.012568442362477103
Norman,3,CEBPE+KLF1,combo_seen2,100,factorized_only,0.8854016481241841,0.030348393793127988
Norman,3,CEBPE+KLF1,combo_seen2,5000,WitnessCell,0.8030581919125164,0.001271292389065501
Norman,3,CEBPE+KLF1,combo_seen2,5000,factorized_only,0.7074497214401809,0.00398267711282478
Norman,3,CEBPE+PTPN12,combo_seen2,100,WitnessCell,0.9726722189981568,0.004164056856538207
Norman,3,CEBPE+PTPN12,combo_seen2,100,factorized_only,0.9436928879537754,0.04016129227441785
Norman,3,CEBPE+PTPN12,combo_seen2,5000,WitnessCell,0.9111547692030035,0.0005004972694744924
Norman,3,CEBPE+PTPN12,combo_seen2,5000,factorized_only,0.86505987332131,0.0029907234536053866
Norman,3,CEBPE+SPI1,combo_seen2,100,WitnessCell,0.9739310819408507,0.08780391140330296
Norman,3,CEBPE+SPI1,combo_seen2,100,factorized_only,0.9818614376756375,0.03275759428726658
Norman,3,CEBPE+SPI1,combo_seen2,5000,WitnessCell,0.9200495782247095,0.004521537357550216
Norman,3,CEBPE+SPI1,combo_seen2,5000,factorized_only,0.939753980829074,0.0028397100193427276
Norman,3,COL2A1+KLF1,combo_seen2,100,WitnessCell,0.9469206914671977,0.01687900243803998
Norman,3,COL2A1+KLF1,combo_seen2,100,factorized_only,0.9426715203797156,0.015360723741918804
Norman,3,COL2A1+KLF1,combo_seen2,5000,WitnessCell,0.8479525320650281,0.0014847595944842216
Norman,3,COL2A1+KLF1,combo_seen2,5000,factorized_only,0.8593495485070707,0.0014983728415415073
Norman,3,ETS2+IGDCC3,combo_seen2,100,WitnessCell,0.929076552105851,0.00871771511171049
Norman,3,ETS2+IGDCC3,combo_seen2,100,factorized_only,0.9479696377278234,0.008507229718888051
Norman,3,ETS2+IGDCC3,combo_seen2,5000,WitnessCell,0.77962030362948,0.0012597483815191693
Norman,3,ETS2+IGDCC3,combo_seen2,5000,factorized_only,0.8348086257016096,0.0011714768904295906
Norman,3,ETS2+PRTG,combo_seen2,100,WitnessCell,0.9275651647957177,0.010866918539910085
Norman,3,ETS2+PRTG,combo_seen2,100,factorized_only,0.9474760574559011,0.008550887982229926
Norman,3,ETS2+PRTG,combo_seen2,5000,WitnessCell,0.7907923501195689,0.001280365631401752
Norman,3,ETS2+PRTG,combo_seen2,5000,factorized_only,0.8447085445829176,0.001097606944922844
Norman,3,FOXA1+FOXA3,combo_seen2,100,WitnessCell,0.9696839295077289,0.017851926287849592
Norman,3,FOXA1+FOXA3,combo_seen2,100,factorized_only,0.9666286345201608,0.021174646280886358
Norman,3,FOXA1+FOXA3,combo_seen2,5000,WitnessCell,0.901681597985509,0.0012409477507214477
Norman,3,FOXA1+FOXA3,combo_seen2,5000,factorized_only,0.8932076087324888,0.001355020958458006
Norman,3,FOXA1+FOXF1,combo_seen2,100,WitnessCell,0.9738409045982366,0.016127884052251875
Norman,3,FOXA1+FOXF1,combo_seen2,100,factorized_only,0.9700758832352923,0.020643435315026912
Norman,3,FOXA1+FOXF1,combo_seen2,5000,WitnessCell,0.8804467852018868,0.0011494792611354183
Norman,3,FOXA1+FOXF1,combo_seen2,5000,factorized_only,0.8610146138134962,0.0013448639753316169
Norman,3,FOXA1+KLF1,combo_seen2,100,WitnessCell,0.8372040208007742,0.032806918376834006
Norman,3,FOXA1+KLF1,combo_seen2,100,factorized_only,0.882826590953638,0.023272465855057715
Norman,3,FOXA1+KLF1,combo_seen2,5000,WitnessCell,0.7581891539511103,0.0017693528240903984
Norman,3,FOXA1+KLF1,combo_seen2,5000,factorized_only,0.8344001333451534,0.0012551155969305879
Norman,3,FOXF1+FOXL2,combo_seen2,100,WitnessCell,0.9700505464630607,0.043284620665446506
Norman,3,FOXF1+FOXL2,combo_seen2,100,factorized_only,0.9571835167404997,0.05220102788325132
Norman,3,FOXF1+FOXL2,combo_seen2,5000,WitnessCell,0.895158671250084,0.0025216652307202027
Norman,3,FOXF1+FOXL2,combo_seen2,5000,factorized_only,0.8619617071760595,0.002974097377798509
Norman,3,KLF1+TGFBR2,combo_seen2,100,WitnessCell,0.9804916651036633,0.006585367781997641
Norman,3,KLF1+TGFBR2,combo_seen2,100,factorized_only,0.9894323315603699,0.0033281830237547627
Norman,3,KLF1+TGFBR2,combo_seen2,5000,WitnessCell,0.8925678247873609,0.0006165653028626113
Norman,3,KLF1+TGFBR2,combo_seen2,5000,factorized_only,0.9196482721363967,0.00046656451628440026
Norman,3,SAMD1+ZBTB1,combo_seen2,100,WitnessCell,0.9921473685759319,0.003916870766542415
Norman,3,SAMD1+ZBTB1,combo_seen2,100,factorized_only,0.9878819987871702,0.006287494457015758
Norman,3,SAMD1+ZBTB1,combo_seen2,5000,WitnessCell,0.9495411460510044,0.0007537018209700689
Norman,3,SAMD1+ZBTB1,combo_seen2,5000,factorized_only,0.940267168899739,0.0008503821318586052
Norman,3,SGK1+TBX3,combo_seen2,100,WitnessCell,0.9713259790841976,0.020087497988881268
Norman,3,SGK1+TBX3,combo_seen2,100,factorized_only,0.9407579252453098,0.029646064336670455
Norman,3,SGK1+TBX3,combo_seen2,5000,WitnessCell,0.9211472312966422,0.0008923222702167859
Norman,3,SGK1+TBX3,combo_seen2,5000,factorized_only,0.8834673636872951,0.00134733282878158
Norman,3,AHR,unseen_single,100,WitnessCell,0.8023098584440013,0.032254067584321866
Norman,3,AHR,unseen_single,100,factorized_only,0.8023098584440013,0.032254067584321866
Norman,3,AHR,unseen_single,5000,WitnessCell,0.6868150432084036,0.0011609421521889096
Norman,3,AHR,unseen_single,5000,factorized_only,0.6868150432084036,0.0011609421521889096
Norman,3,ATL1,unseen_single,100,WitnessCell,0.6980466390168322,0.084723476405326
Norman,3,ATL1,unseen_single,100,factorized_only,0.6980466390168322,0.084723476405326
Norman,3,ATL1,unseen_single,5000,WitnessCell,0.6532035291071903,0.002934737897745639
Norman,3,ATL1,unseen_single,5000,factorized_only,0.6532035291071903,0.002934737897745639
Norman,3,CDKN1A,unseen_single,100,WitnessCell,0.931547814324724,0.02714641023191079
Norman,3,CDKN1A,unseen_single,100,factorized_only,0.931547814324724,0.02714641023191079
Norman,3,CDKN1A,unseen_single,5000,WitnessCell,0.8408006363784004,0.0011122966412145956
Norman,3,CDKN1A,unseen_single,5000,factorized_only,0.8408006363784004,0.0011122966412145956
Norman,3,CEBPB,unseen_single,100,WitnessCell,0.8760439786847427,0.10435957544986256
Norman,3,CEBPB,unseen_single,100,factorized_only,0.8760439786847427,0.10435957544986256
Norman,3,CEBPB,unseen_single,5000,WitnessCell,0.8093370697108236,0.003536018665584534
Norman,3,CEBPB,unseen_single,5000,factorized_only,0.8093370697108236,0.003536018665584534
Norman,3,CLDN6,unseen_single,100,WitnessCell,0.8306974156340945,0.09047528921020609
Norman,3,CLDN6,unseen_single,100,factorized_only,0.8306974156340945,0.09047528921020609
Norman,3,CLDN6,unseen_single,5000,WitnessCell,0.6893388945086804,0.00283510787747909
Norman,3,CLDN6,unseen_single,5000,factorized_only,0.6893388945086804,0.00283510787747909
Norman,3,CNN1,unseen_single,100,WitnessCell,0.6070529912234227,0.07444972770469387
Norman,3,CNN1,unseen_single,100,factorized_only,0.6070529912234227,0.07444972770469387
Norman,3,CNN1,unseen_single,5000,WitnessCell,0.4616234131349399,0.0021399429002590172
Norman,3,CNN1,unseen_single,5000,factorized_only,0.4616234131349399,0.0021399429002590172
Norman,3,CNNM4,unseen_single,100,WitnessCell,0.4564438287834498,0.04606712322102327
Norman,3,CNNM4,unseen_single,100,factorized_only,0.4564438287834498,0.04606712322102327
Norman,3,CNNM4,unseen_single,5000,WitnessCell,0.4262220817356863,0.0013240764002727015
Norman,3,CNNM4,unseen_single,5000,factorized_only,0.4262220817356863,0.0013240764002727015
Norman,3,COL1A1,unseen_single,100,WitnessCell,0.8563010303921033,0.08893582409683937
Norman,3,COL1A1,unseen_single,100,factorized_only,0.8563010303921033,0.08893582409683937
Norman,3,COL1A1,unseen_single,5000,WitnessCell,0.7222665919971805,0.0032249132988124637
Norman,3,COL1A1,unseen_single,5000,factorized_only,0.7222665919971805,0.0032249132988124637
Norman,3,CSRNP1,unseen_single,100,WitnessCell,-0.47177274453773665,0.02758885940166226
Norman,3,CSRNP1,unseen_single,100,factorized_only,-0.47177274453773665,0.02758885940166226
Norman,3,CSRNP1,unseen_single,5000,WitnessCell,-0.3327380454881945,0.001729626358162281
Norman,3,CSRNP1,unseen_single,5000,factorized_only,-0.3327380454881945,0.001729626358162281
Norman,3,DUSP9,unseen_single,100,WitnessCell,0.7243183983693343,0.13687905445721846
Norman,3,DUSP9,unseen_single,100,factorized_only,0.7243183983693343,0.13687905445721846
Norman,3,DUSP9,unseen_single,5000,WitnessCell,0.5614990701211773,0.004140928887190516
Norman,3,DUSP9,unseen_single,5000,factorized_only,0.5614990701211773,0.004140928887190516
Norman,3,HK2,unseen_single,100,WitnessCell,0.8247653531825677,0.00508010351242698
Norman,3,HK2,unseen_single,100,factorized_only,0.8247653531825677,0.00508010351242698
Norman,3,HK2,unseen_single,5000,WitnessCell,0.613807049413802,0.00055503565784855
Norman,3,HK2,unseen_single,5000,factorized_only,0.613807049413802,0.00055503565784855
Norman,3,HNF4A,unseen_single,100,WitnessCell,0.7342939737450536,0.0630974903320249
Norman,3,HNF4A,unseen_single,100,factorized_only,0.7342939737450536,0.0630974903320249
Norman,3,HNF4A,unseen_single,5000,WitnessCell,0.6704818344911887,0.002986707326839273
Norman,3,HNF4A,unseen_single,5000,factorized_only,0.6704818344911887,0.002986707326839273
Norman,3,HOXB9,unseen_single,100,WitnessCell,0.8882774265709091,0.018005032902625034
Norman,3,HOXB9,unseen_single,100,factorized_only,0.8882774265709091,0.018005032902625034
Norman,3,HOXB9,unseen_single,5000,WitnessCell,0.8251719607327141,0.0007706125619858368
Norman,3,HOXB9,unseen_single,5000,factorized_only,0.8251719607327141,0.0007706125619858368
Norman,3,IKZF3,unseen_single,100,WitnessCell,0.7677168533698365,0.2763653532576956
Norman,3,IKZF3,unseen_single,100,factorized_only,0.7677168533698365,0.2763653532576956
Norman,3,IKZF3,unseen_single,5000,WitnessCell,0.6675193294640752,0.007429283586592034
Norman,3,IKZF3,unseen_single,5000,factorized_only,0.6675193294640752,0.007429283586592034
Norman,3,MAP2K6,unseen_single,100,WitnessCell,-0.6184553358900959,0.04322893985356625
Norman,3,MAP2K6,unseen_single,100,factorized_only,-0.6184553358900959,0.04322893985356625
Norman,3,MAP2K6,unseen_single,5000,WitnessCell,-0.48259725375088924,0.001831459685587103
Norman,3,MAP2K6,unseen_single,5000,factorized_only,-0.48259725375088924,0.001831459685587103
Norman,3,PLK4,unseen_single,100,WitnessCell,0.8607471357215352,0.0017789602798979102
Norman,3,PLK4,unseen_single,100,factorized_only,0.8607471357215352,0.0017789602798979102
Norman,3,PLK4,unseen_single,5000,WitnessCell,0.549617067444685,0.0008504941891388791
Norman,3,PLK4,unseen_single,5000,factorized_only,0.549617067444685,0.0008504941891388791
Norman,3,PTPN13,unseen_single,100,WitnessCell,0.605745815297432,0.03965156044942107
Norman,3,PTPN13,unseen_single,100,factorized_only,0.605745815297432,0.03965156044942107
Norman,3,PTPN13,unseen_single,5000,WitnessCell,0.523555972358698,0.0013658365643976337
Norman,3,PTPN13,unseen_single,5000,factorized_only,0.523555972358698,0.0013658365643976337
Norman,3,RHOXF2,unseen_single,100,WitnessCell,0.7483646872988213,0.07589226606684024
Norman,3,RHOXF2,unseen_single,100,factorized_only,0.7483646872988213,0.07589226606684024
Norman,3,RHOXF2,unseen_single,5000,WitnessCell,0.586496363164231,0.0030299083581761606
Norman,3,RHOXF2,unseen_single,5000,factorized_only,0.586496363164231,0.0030299083581761606
Norman,3,SLC38A2,unseen_single,100,WitnessCell,-0.07872339217988794,0.0155845820628675
Norman,3,SLC38A2,unseen_single,100,factorized_only,-0.07872339217988794,0.0155845820628675
Norman,3,SLC38A2,unseen_single,5000,WitnessCell,-0.20711531875866473,0.0013707472623967958
Norman,3,SLC38A2,unseen_single,5000,factorized_only,-0.20711531875866473,0.0013707472623967958
Norman,3,UBASH3B,unseen_single,100,WitnessCell,0.7012519885244325,0.011570934708675772
Norman,3,UBASH3B,unseen_single,100,factorized_only,0.7012519885244325,0.011570934708675772
Norman,3,UBASH3B,unseen_single,5000,WitnessCell,0.6466261072522045,0.0006609215534954692
Norman,3,UBASH3B,unseen_single,5000,factorized_only,0.6466261072522045,0.0006609215534954692
Norman,3,CNN1+UBASH3B,combo_seen0,100,WitnessCell,0.6768620381591166,0.24828633014627755
Norman,3,CNN1+UBASH3B,combo_seen0,100,factorized_only,0.6768620381591166,0.24828633014627755
Norman,3,CNN1+UBASH3B,combo_seen0,5000,WitnessCell,0.5731670014471266,0.007258617517486367
Norman,3,CNN1+UBASH3B,combo_seen0,5000,factorized_only,0.5731670014471266,0.007258617517486367
Norman,3,IKZF3+MAP2K6,combo_seen0,100,WitnessCell,0.6789869936793785,0.19456496247321248
Norman,3,IKZF3+MAP2K6,combo_seen0,100,factorized_only,0.6789869936793785,0.19456496247321248
Norman,3,IKZF3+MAP2K6,combo_seen0,5000,WitnessCell,0.5624524567578784,0.005302825332967712
Norman,3,IKZF3+MAP2K6,combo_seen0,5000,factorized_only,0.5624524567578784,0.005302825332967712
Replogle_exp6,1,AHCYL1+FDPS,combo_seen1,100,WitnessCell,0.9274869826542274,0.0016830718701857919
Replogle_exp6,1,AHCYL1+FDPS,combo_seen1,100,factorized_only,0.9274869826542274,0.0016830718701857919
Replogle_exp6,1,AHCYL1+FDPS,combo_seen1,5000,WitnessCell,0.49807506396823376,0.0008057989309005121
Replogle_exp6,1,AHCYL1+FDPS,combo_seen1,5000,factorized_only,0.49807506396823376,0.0008057989309005121
Replogle_exp6,1,ATM+FDPS,combo_seen1,100,WitnessCell,0.9866812330104394,0.0012132596443596307
Replogle_exp6,1,ATM+FDPS,combo_seen1,100,factorized_only,0.9866812330104394,0.0012132596443596307
Replogle_exp6,1,ATM+FDPS,combo_seen1,5000,WitnessCell,0.5110459894436722,0.0011003081079626492
Replogle_exp6,1,ATM+FDPS,combo_seen1,5000,factorized_only,0.5110459894436722,0.0011003081079626492
Replogle_exp6,1,ATR+FDPS,combo_seen1,100,WitnessCell,0.9366378262781024,0.005144120947143997
Replogle_exp6,1,ATR+FDPS,combo_seen1,100,factorized_only,0.9366378262781024,0.005144120947143997
Replogle_exp6,1,ATR+FDPS,combo_seen1,5000,WitnessCell,0.7795874453553525,0.0009730703818329364
Replogle_exp6,1,ATR+FDPS,combo_seen1,5000,factorized_only,0.7795874453553525,0.0009730703818329364
Replogle_exp6,1,ETAA1+FDPS,combo_seen1,100,WitnessCell,0.8391148069588801,0.008961270038850198
Replogle_exp6,1,ETAA1+FDPS,combo_seen1,100,factorized_only,0.8391148069588801,0.008961270038850198
Replogle_exp6,1,ETAA1+FDPS,combo_seen1,5000,WitnessCell,0.45500151619551005,0.0009863850516866766
Replogle_exp6,1,ETAA1+FDPS,combo_seen1,5000,factorized_only,0.45500151619551005,0.0009863850516866766
Replogle_exp6,1,ETAA1+TOPBP1,combo_seen1,100,WitnessCell,0.7129511229257033,0.001171462238595296
Replogle_exp6,1,ETAA1+TOPBP1,combo_seen1,100,factorized_only,0.7129511229257033,0.001171462238595296
Replogle_exp6,1,ETAA1+TOPBP1,combo_seen1,5000,WitnessCell,0.296709438581456,0.0006694895170255327
Replogle_exp6,1,ETAA1+TOPBP1,combo_seen1,5000,factorized_only,0.296709438581456,0.0006694895170255327
Replogle_exp6,1,FDPS+IDI1,combo_seen1,100,WitnessCell,0.9683336473104596,0.012186065724222601
Replogle_exp6,1,FDPS+IDI1,combo_seen1,100,factorized_only,0.9683336473104596,0.012186065724222601
Replogle_exp6,1,FDPS+IDI1,combo_seen1,5000,WitnessCell,0.7907233703896882,0.001500342865813013
Replogle_exp6,1,FDPS+IDI1,combo_seen1,5000,factorized_only,0.7907233703896882,0.001500342865813013
Replogle_exp6,1,FDPS+LIG4,combo_seen1,100,WitnessCell,0.8575237983660725,0.004825988659590593
Replogle_exp6,1,FDPS+LIG4,combo_seen1,100,factorized_only,0.8575237983660725,0.004825988659590593
Replogle_exp6,1,FDPS+LIG4,combo_seen1,5000,WitnessCell,0.4636756220134612,0.0009310872528618706
Replogle_exp6,1,FDPS+LIG4,combo_seen1,5000,factorized_only,0.4636756220134612,0.0009310872528618706
Replogle_exp6,1,FDPS+MVD,combo_seen1,100,WitnessCell,0.9635652493982675,0.01695916225865908
Replogle_exp6,1,FDPS+MVD,combo_seen1,100,factorized_only,0.9635652493982675,0.01695916225865908
Replogle_exp6,1,FDPS+MVD,combo_seen1,5000,WitnessCell,0.8534324959640327,0.0018264927064088057
Replogle_exp6,1,FDPS+MVD,combo_seen1,5000,factorized_only,0.8534324959640327,0.0018264927064088057
Replogle_exp6,1,FDPS+NHEJ1,combo_seen1,100,WitnessCell,0.9427083473863583,0.0016797626044888383
Replogle_exp6,1,FDPS+NHEJ1,combo_seen1,100,factorized_only,0.9427083473863583,0.0016797626044888383
Replogle_exp6,1,FDPS+NHEJ1,combo_seen1,5000,WitnessCell,0.43395516433744763,0.0010546514839415429
Replogle_exp6,1,FDPS+NHEJ1,combo_seen1,5000,factorized_only,0.43395516433744763,0.0010546514839415429
Replogle_exp6,1,FDPS+PMVK,combo_seen1,100,WitnessCell,0.6729291403583558,0.009278479148329036
Replogle_exp6,1,FDPS+PMVK,combo_seen1,100,factorized_only,0.6729291403583558,0.009278479148329036
Replogle_exp6,1,FDPS+PMVK,combo_seen1,5000,WitnessCell,0.3451071861917855,0.0014426574846966194
Replogle_exp6,1,FDPS+PMVK,combo_seen1,5000,factorized_only,0.3451071861917855,0.0014426574846966194
Replogle_exp6,1,FDPS+PRKDC,combo_seen1,100,WitnessCell,0.9429969043825295,0.0033234567182803794
Replogle_exp6,1,FDPS+PRKDC,combo_seen1,100,factorized_only,0.9429969043825295,0.0033234567182803794
Replogle_exp6,1,FDPS+PRKDC,combo_seen1,5000,WitnessCell,0.6062276638786643,0.0009478064413467143
Replogle_exp6,1,FDPS+PRKDC,combo_seen1,5000,factorized_only,0.6062276638786643,0.0009478064413467143
Replogle_exp6,1,FDPS+RAD1,combo_seen1,100,WitnessCell,0.9254470614326356,0.0019776380100806046
Replogle_exp6,1,FDPS+RAD1,combo_seen1,100,factorized_only,0.9254470614326356,0.0019776380100806046
Replogle_exp6,1,FDPS+RAD1,combo_seen1,5000,WitnessCell,0.46635864606057303,0.0008680579612897371
Replogle_exp6,1,FDPS+RAD1,combo_seen1,5000,factorized_only,0.46635864606057303,0.0008680579612897371
Replogle_exp6,1,FDPS+RAD9A,combo_seen1,100,WitnessCell,0.8734475439671959,0.007221195402172357
Replogle_exp6,1,FDPS+RAD9A,combo_seen1,100,factorized_only,0.8734475439671959,0.007221195402172357
Replogle_exp6,1,FDPS+RAD9A,combo_seen1,5000,WitnessCell,0.6970431262609871,0.0007926592853395575
Replogle_exp6,1,FDPS+RAD9A,combo_seen1,5000,factorized_only,0.6970431262609871,0.0007926592853395575
Replogle_exp6,1,FDPS+RAD17,combo_seen1,100,WitnessCell,0.8823719965298491,0.004526130057451303
Replogle_exp6,1,FDPS+RAD17,combo_seen1,100,factorized_only,0.8823719965298491,0.004526130057451303
Replogle_exp6,1,FDPS+RAD17,combo_seen1,5000,WitnessCell,0.5591303270201464,0.0007218499852938856
Replogle_exp6,1,FDPS+RAD17,combo_seen1,5000,factorized_only,0.5591303270201464,0.0007218499852938856
Replogle_exp6,1,FDPS+RRM1,combo_seen1,100,WitnessCell,0.9538540400714639,0.011276990108114247
Replogle_exp6,1,FDPS+RRM1,combo_seen1,100,factorized_only,0.9538540400714639,0.011276990108114247
Replogle_exp6,1,FDPS+RRM1,combo_seen1,5000,WitnessCell,0.8260232940009299,0.0008178826361368088
Replogle_exp6,1,FDPS+RRM1,combo_seen1,5000,factorized_only,0.8260232940009299,0.0008178826361368088
Replogle_exp6,1,FDPS+RRM2B,combo_seen1,100,WitnessCell,0.868388839214279,0.01260616045104926
Replogle_exp6,1,FDPS+RRM2B,combo_seen1,100,factorized_only,0.868388839214279,0.01260616045104926
Replogle_exp6,1,FDPS+RRM2B,combo_seen1,5000,WitnessCell,0.5142934854750855,0.0010628146724655867
Replogle_exp6,1,FDPS+RRM2B,combo_seen1,5000,factorized_only,0.5142934854750855,0.0010628146724655867
Replogle_exp6,1,FDPS+SQLE,combo_seen1,100,WitnessCell,0.9853286405306085,0.007615298318955594
Replogle_exp6,1,FDPS+SQLE,combo_seen1,100,factorized_only,0.9853286405306085,0.007615298318955594
Replogle_exp6,1,FDPS+SQLE,combo_seen1,5000,WitnessCell,0.9266444605597242,0.0007902952067666163
Replogle_exp6,1,FDPS+SQLE,combo_seen1,5000,factorized_only,0.9266444605597242,0.0007902952067666163
Replogle_exp6,1,FDPS+SREBF1,combo_seen1,100,WitnessCell,0.9664608286352531,0.005177309039047282
Replogle_exp6,1,FDPS+SREBF1,combo_seen1,100,factorized_only,0.9664608286352531,0.005177309039047282
Replogle_exp6,1,FDPS+SREBF1,combo_seen1,5000,WitnessCell,0.8189314106133228,0.0007575864463595933
Replogle_exp6,1,FDPS+SREBF1,combo_seen1,5000,factorized_only,0.8189314106133228,0.0007575864463595933
Replogle_exp6,1,FDPS+SREBF2,combo_seen1,100,WitnessCell,0.9352846608761887,0.0037070683422031504
Replogle_exp6,1,FDPS+SREBF2,combo_seen1,100,factorized_only,0.9352846608761887,0.0037070683422031504
Replogle_exp6,1,FDPS+SREBF2,combo_seen1,5000,WitnessCell,0.7006151274511482,0.00045824471377812017
Replogle_exp6,1,FDPS+SREBF2,combo_seen1,5000,factorized_only,0.7006151274511482,0.00045824471377812017
Replogle_exp6,1,FDPS+XRCC5,combo_seen1,100,WitnessCell,0.9764920430983672,0.005854668184471844
Replogle_exp6,1,FDPS+XRCC5,combo_seen1,100,factorized_only,0.9764920430983672,0.005854668184471844
Replogle_exp6,1,FDPS+XRCC5,combo_seen1,5000,WitnessCell,0.8248725777652376,0.0016583486713711792
Replogle_exp6,1,FDPS+XRCC5,combo_seen1,5000,factorized_only,0.8248725777652376,0.0016583486713711792
Replogle_exp6,1,FDPS+XRCC6,combo_seen1,100,WitnessCell,0.9859006148073848,0.0055942750712670965
Replogle_exp6,1,FDPS+XRCC6,combo_seen1,100,factorized_only,0.9859006148073848,0.0055942750712670965
Replogle_exp6,1,FDPS+XRCC6,combo_seen1,5000,WitnessCell,0.9037432835066567,0.0013597585573653205
Replogle_exp6,1,FDPS+XRCC6,combo_seen1,5000,factorized_only,0.9037432835066567,0.0013597585573653205
Replogle_exp6,1,HMGCR+SREBF1,combo_seen1,100,WitnessCell,0.8632846766101516,0.01913717569590198
Replogle_exp6,1,HMGCR+SREBF1,combo_seen1,100,factorized_only,0.8632846766101516,0.01913717569590198
Replogle_exp6,1,HMGCR+SREBF1,combo_seen1,5000,WitnessCell,0.706082106299351,0.0013839988363169124
Replogle_exp6,1,HMGCR+SREBF1,combo_seen1,5000,factorized_only,0.706082106299351,0.0013839988363169124
Replogle_exp6,1,HMGCR+SREBF2,combo_seen1,100,WitnessCell,0.8407435957726302,0.006784604909438616
Replogle_exp6,1,HMGCR+SREBF2,combo_seen1,100,factorized_only,0.8407435957726302,0.006784604909438616
Replogle_exp6,1,HMGCR+SREBF2,combo_seen1,5000,WitnessCell,0.5400964258432479,0.0008446414064475025
Replogle_exp6,1,HMGCR+SREBF2,combo_seen1,5000,factorized_only,0.5400964258432479,0.0008446414064475025
Replogle_exp6,1,HUS1+IDI1,combo_seen1,100,WitnessCell,0.8647125644732584,0.018230702389744197
Replogle_exp6,1,HUS1+IDI1,combo_seen1,100,factorized_only,0.8647125644732584,0.018230702389744197
Replogle_exp6,1,HUS1+IDI1,combo_seen1,5000,WitnessCell,0.6314461931249113,0.0016384807124844613
Replogle_exp6,1,HUS1+IDI1,combo_seen1,5000,factorized_only,0.6314461931249113,0.0016384807124844613
Replogle_exp6,1,HUS1+MVD,combo_seen1,100,WitnessCell,0.9288170136397225,0.01791449309337039
Replogle_exp6,1,HUS1+MVD,combo_seen1,100,factorized_only,0.9288170136397225,0.01791449309337039
Replogle_exp6,1,HUS1+MVD,combo_seen1,5000,WitnessCell,0.7844065486248308,0.0019891384040090264
Replogle_exp6,1,HUS1+MVD,combo_seen1,5000,factorized_only,0.7844065486248308,0.0019891384040090264
Replogle_exp6,1,HUS1+PMVK,combo_seen1,100,WitnessCell,0.4277813585472408,0.013940345933576726
Replogle_exp6,1,HUS1+PMVK,combo_seen1,100,factorized_only,0.4277813585472408,0.013940345933576726
Replogle_exp6,1,HUS1+PMVK,combo_seen1,5000,WitnessCell,0.3278300725102211,0.000984155586765821
Replogle_exp6,1,HUS1+PMVK,combo_seen1,5000,factorized_only,0.3278300725102211,0.000984155586765821
Replogle_exp6,1,HUS1+RRM1,combo_seen1,100,WitnessCell,0.924763690091213,0.01003101459335316
Replogle_exp6,1,HUS1+RRM1,combo_seen1,100,factorized_only,0.924763690091213,0.01003101459335316
Replogle_exp6,1,HUS1+RRM1,combo_seen1,5000,WitnessCell,0.7849107144778164,0.0007003975730683678
Replogle_exp6,1,HUS1+RRM1,combo_seen1,5000,factorized_only,0.7849107144778164,0.0007003975730683678
Replogle_exp6,1,HUS1+SQLE,combo_seen1,100,WitnessCell,0.9861689933383403,0.00493443297262006
Replogle_exp6,1,HUS1+SQLE,combo_seen1,100,factorized_only,0.9861689933383403,0.00493443297262006
Replogle_exp6,1,HUS1+SQLE,combo_seen1,5000,WitnessCell,0.9232283120307619,0.0007017085151951729
Replogle_exp6,1,HUS1+SQLE,combo_seen1,5000,factorized_only,0.9232283120307619,0.0007017085151951729
Replogle_exp6,1,HUS1+SREBF1,combo_seen1,100,WitnessCell,0.9546992613574258,0.003775339722632888
Replogle_exp6,1,HUS1+SREBF1,combo_seen1,100,factorized_only,0.9546992613574258,0.003775339722632888
Replogle_exp6,1,HUS1+SREBF1,combo_seen1,5000,WitnessCell,0.7767230229816517,0.000735577780055107
Replogle_exp6,1,HUS1+SREBF1,combo_seen1,5000,factorized_only,0.7767230229816517,0.000735577780055107
Replogle_exp6,1,HUS1+SREBF2,combo_seen1,100,WitnessCell,0.9257101757027546,0.001451353923200549
Replogle_exp6,1,HUS1+SREBF2,combo_seen1,100,factorized_only,0.9257101757027546,0.001451353923200549
Replogle_exp6,1,HUS1+SREBF2,combo_seen1,5000,WitnessCell,0.6506358805660417,0.0003534465931092436
Replogle_exp6,1,HUS1+SREBF2,combo_seen1,5000,factorized_only,0.6506358805660417,0.0003534465931092436
Replogle_exp6,1,CHEK1,unseen_single,100,WitnessCell,0.6643524399030882,0.0009458339029801669
Replogle_exp6,1,CHEK1,unseen_single,100,factorized_only,0.6643524399030882,0.0009458339029801669
Replogle_exp6,1,CHEK1,unseen_single,5000,WitnessCell,0.212583978580861,0.0007960678982720125
Replogle_exp6,1,CHEK1,unseen_single,5000,factorized_only,0.212583978580861,0.0007960678982720125
Replogle_exp6,1,FDPS,unseen_single,100,WitnessCell,0.9111662878348613,0.011175586612734578
Replogle_exp6,1,FDPS,unseen_single,100,factorized_only,0.9111662878348613,0.011175586612734578
Replogle_exp6,1,FDPS,unseen_single,5000,WitnessCell,0.7464918067813607,0.000604318199664007
Replogle_exp6,1,FDPS,unseen_single,5000,factorized_only,0.7464918067813607,0.000604318199664007
Replogle_exp6,1,HMGCR,unseen_single,100,WitnessCell,0.28478294156090084,0.012408640824520483
Replogle_exp6,1,HMGCR,unseen_single,100,factorized_only,0.28478294156090084,0.012408640824520483
Replogle_exp6,1,HMGCR,unseen_single,5000,WitnessCell,0.21612693196103472,0.0007972754237337833
Replogle_exp6,1,HMGCR,unseen_single,5000,factorized_only,0.21612693196103472,0.0007972754237337833
Replogle_exp6,1,HSPE1,unseen_single,100,WitnessCell,0.631444186309813,0.1868418363962595
Replogle_exp6,1,HSPE1,unseen_single,100,factorized_only,0.631444186309813,0.1868418363962595
Replogle_exp6,1,HSPE1,unseen_single,5000,WitnessCell,0.5555944478864665,0.008185142979496898
Replogle_exp6,1,HSPE1,unseen_single,5000,factorized_only,0.5555944478864665,0.008185142979496898
Replogle_exp6,1,HUS1,unseen_single,100,WitnessCell,0.5773427238367319,0.0028673150583007284
Replogle_exp6,1,HUS1,unseen_single,100,factorized_only,0.5773427238367319,0.0028673150583007284
Replogle_exp6,1,HUS1,unseen_single,5000,WitnessCell,0.4583645289939116,0.00016442072884062156
Replogle_exp6,1,HUS1,unseen_single,5000,factorized_only,0.4583645289939116,0.00016442072884062156
Replogle_exp6,1,MTOR,unseen_single,100,WitnessCell,0.35227225677100077,0.12290029964730287
Replogle_exp6,1,MTOR,unseen_single,100,factorized_only,0.35227225677100077,0.12290029964730287
Replogle_exp6,1,MTOR,unseen_single,5000,WitnessCell,0.34774286212090283,0.005371673848080497
Replogle_exp6,1,MTOR,unseen_single,5000,factorized_only,0.34774286212090283,0.005371673848080497
Replogle_exp6,1,TOPBP1,unseen_single,100,WitnessCell,0.6871830968210341,0.00119850848842776
Replogle_exp6,1,TOPBP1,unseen_single,100,factorized_only,0.6871830968210341,0.00119850848842776
Replogle_exp6,1,TOPBP1,unseen_single,5000,WitnessCell,0.36665799950936107,0.00022003146744402357
Replogle_exp6,1,TOPBP1,unseen_single,5000,factorized_only,0.36665799950936107,0.00022003146744402357
Replogle_exp6,1,CHEK1+FDPS,combo_seen0,100,WitnessCell,0.9499544183650416,0.001951680675939802
Replogle_exp6,1,CHEK1+FDPS,combo_seen0,100,factorized_only,0.9499544183650416,0.001951680675939802
Replogle_exp6,1,CHEK1+FDPS,combo_seen0,5000,WitnessCell,0.45443943519731295,0.001340506208632694
Replogle_exp6,1,CHEK1+FDPS,combo_seen0,5000,factorized_only,0.45443943519731295,0.001340506208632694
Replogle_exp6,1,FDPS+HMGCR,combo_seen0,100,WitnessCell,0.5150554659506466,0.016982010702139044
Replogle_exp6,1,FDPS+HMGCR,combo_seen0,100,factorized_only,0.5150554659506466,0.016982010702139044
Replogle_exp6,1,FDPS+HMGCR,combo_seen0,5000,WitnessCell,0.33619208726363664,0.0014969646104577544
Replogle_exp6,1,FDPS+HMGCR,combo_seen0,5000,factorized_only,0.33619208726363664,0.0014969646104577544
Replogle_exp6,1,FDPS+HUS1,combo_seen0,100,WitnessCell,0.8306343922538733,0.013610864583212574
Replogle_exp6,1,FDPS+HUS1,combo_seen0,100,factorized_only,0.8306343922538733,0.013610864583212574
Replogle_exp6,1,FDPS+HUS1,combo_seen0,5000,WitnessCell,0.6286814230660035,0.0008200875076347684
Replogle_exp6,1,FDPS+HUS1,combo_seen0,5000,factorized_only,0.6286814230660035,0.0008200875076347684
Replogle_exp6,1,FDPS+TOPBP1,combo_seen0,100,WitnessCell,0.9352065758939361,0.0012654382243475462
Replogle_exp6,1,FDPS+TOPBP1,combo_seen0,100,factorized_only,0.9352065758939361,0.0012654382243475462
Replogle_exp6,1,FDPS+TOPBP1,combo_seen0,5000,WitnessCell,0.5364818704974793,0.0007175744003524516
Replogle_exp6,1,FDPS+TOPBP1,combo_seen0,5000,factorized_only,0.5364818704974793,0.0007175744003524516
Replogle_exp6,1,HMGCR+HUS1,combo_seen0,100,WitnessCell,0.3239621898253504,0.017155491951828406
Replogle_exp6,1,HMGCR+HUS1,combo_seen0,100,factorized_only,0.3239621898253504,0.017155491951828406
Replogle_exp6,1,HMGCR+HUS1,combo_seen0,5000,WitnessCell,0.25981127371140067,0.0012055210971958232
Replogle_exp6,1,HMGCR+HUS1,combo_seen0,5000,factorized_only,0.25981127371140067,0.0012055210971958232
Replogle_exp6,2,AHCYL1+FDPS,combo_seen1,100,WitnessCell,0.9049223735919563,0.003200068760481269
Replogle_exp6,2,AHCYL1+FDPS,combo_seen1,100,factorized_only,0.9049223735919563,0.003200068760481269
Replogle_exp6,2,AHCYL1+FDPS,combo_seen1,5000,WitnessCell,0.4662153498175272,0.0007626793057184694
Replogle_exp6,2,AHCYL1+FDPS,combo_seen1,5000,factorized_only,0.4662153498175272,0.0007626793057184694
Replogle_exp6,2,ATM+FDPS,combo_seen1,100,WitnessCell,0.9529600269512288,0.003566744683448553
Replogle_exp6,2,ATM+FDPS,combo_seen1,100,factorized_only,0.9529600269512288,0.003566744683448553
Replogle_exp6,2,ATM+FDPS,combo_seen1,5000,WitnessCell,0.4824028013483901,0.0011029108630188557
Replogle_exp6,2,ATM+FDPS,combo_seen1,5000,factorized_only,0.4824028013483901,0.0011029108630188557
Replogle_exp6,2,ATR+FDPS,combo_seen1,100,WitnessCell,0.9433245672659106,0.004080383772545516
Replogle_exp6,2,ATR+FDPS,combo_seen1,100,factorized_only,0.9433245672659106,0.004080383772545516
Replogle_exp6,2,ATR+FDPS,combo_seen1,5000,WitnessCell,0.7814157491930799,0.000811960644461113
Replogle_exp6,2,ATR+FDPS,combo_seen1,5000,factorized_only,0.7814157491930799,0.000811960644461113
Replogle_exp6,2,CHEK1+FDPS,combo_seen1,100,WitnessCell,0.9563495533350483,0.003022501085626002
Replogle_exp6,2,CHEK1+FDPS,combo_seen1,100,factorized_only,0.9563495533350483,0.003022501085626002
Replogle_exp6,2,CHEK1+FDPS,combo_seen1,5000,WitnessCell,0.4275022323268163,0.0014026699419838818
Replogle_exp6,2,CHEK1+FDPS,combo_seen1,5000,factorized_only,0.4275022323268163,0.0014026699419838818
Replogle_exp6,2,ETAA1+FDPS,combo_seen1,100,WitnessCell,0.8381346197172896,0.011870524513113713
Replogle_exp6,2,ETAA1+FDPS,combo_seen1,100,factorized_only,0.8381346197172896,0.011870524513113713
Replogle_exp6,2,ETAA1+FDPS,combo_seen1,5000,WitnessCell,0.4016212209181028,0.0010168035401691903
Replogle_exp6,2,ETAA1+FDPS,combo_seen1,5000,factorized_only,0.4016212209181028,0.0010168035401691903
Replogle_exp6,2,FDPS+HMGCR,combo_seen1,100,WitnessCell,0.48227770180072554,0.01262090514395711
Replogle_exp6,2,FDPS+HMGCR,combo_seen1,100,factorized_only,0.48227770180072554,0.01262090514395711
Replogle_exp6,2,FDPS+HMGCR,combo_seen1,5000,WitnessCell,0.31296556997742564,0.0008564984067463124
Replogle_exp6,2,FDPS+HMGCR,combo_seen1,5000,factorized_only,0.31296556997742564,0.0008564984067463124
Replogle_exp6,2,FDPS+HUS1,combo_seen1,100,WitnessCell,0.8658384285927342,0.016320068237207445
Replogle_exp6,2,FDPS+HUS1,combo_seen1,100,factorized_only,0.8671013692752602,0.016707815226749665
Replogle_exp6,2,FDPS+HUS1,combo_seen1,5000,WitnessCell,0.699458300431381,0.0007018341138267841
Replogle_exp6,2,FDPS+HUS1,combo_seen1,5000,factorized_only,0.6899840431922617,0.0007141215059487048
Replogle_exp6,2,FDPS+IDI1,combo_seen1,100,WitnessCell,0.9656774445740222,0.003363591293659162
Replogle_exp6,2,FDPS+IDI1,combo_seen1,100,factorized_only,0.9656774445740222,0.003363591293659162
Replogle_exp6,2,FDPS+IDI1,combo_seen1,5000,WitnessCell,0.7662595562340442,0.0010257368857719325
Replogle_exp6,2,FDPS+IDI1,combo_seen1,5000,factorized_only,0.7662595562340442,0.0010257368857719325
Replogle_exp6,2,FDPS+LIG4,combo_seen1,100,WitnessCell,0.86495289568299,0.006821763492883246
Replogle_exp6,2,FDPS+LIG4,combo_seen1,100,factorized_only,0.86495289568299,0.006821763492883246
Replogle_exp6,2,FDPS+LIG4,combo_seen1,5000,WitnessCell,0.40515259578297774,0.0009617017532886816
Replogle_exp6,2,FDPS+LIG4,combo_seen1,5000,factorized_only,0.40515259578297774,0.0009617017532886816
Replogle_exp6,2,FDPS+MVD,combo_seen1,100,WitnessCell,0.8490368851355485,0.047900057193966034
Replogle_exp6,2,FDPS+MVD,combo_seen1,100,factorized_only,0.8490368851355485,0.047900057193966034
Replogle_exp6,2,FDPS+MVD,combo_seen1,5000,WitnessCell,0.592000296513204,0.00217564314471621
Replogle_exp6,2,FDPS+MVD,combo_seen1,5000,factorized_only,0.592000296513204,0.00217564314471621
Replogle_exp6,2,FDPS+NHEJ1,combo_seen1,100,WitnessCell,0.9704083216712077,0.0038325833976983054
Replogle_exp6,2,FDPS+NHEJ1,combo_seen1,100,factorized_only,0.9704083216712077,0.0038325833976983054
Replogle_exp6,2,FDPS+NHEJ1,combo_seen1,5000,WitnessCell,0.3841852620911652,0.0009287313921834011
Replogle_exp6,2,FDPS+NHEJ1,combo_seen1,5000,factorized_only,0.3841852620911652,0.0009287313921834011
Replogle_exp6,2,FDPS+PRKDC,combo_seen1,100,WitnessCell,0.9295750304923818,0.006940606204159879
Replogle_exp6,2,FDPS+PRKDC,combo_seen1,100,factorized_only,0.9295750304923818,0.006940606204159879
Replogle_exp6,2,FDPS+PRKDC,combo_seen1,5000,WitnessCell,0.537442794934094,0.0009897950333154642
Replogle_exp6,2,FDPS+PRKDC,combo_seen1,5000,factorized_only,0.537442794934094,0.0009897950333154642
Replogle_exp6,2,FDPS+RAD1,combo_seen1,100,WitnessCell,0.9091775921323205,0.0032280985468091656
Replogle_exp6,2,FDPS+RAD1,combo_seen1,100,factorized_only,0.9091775921323205,0.0032280985468091656
Replogle_exp6,2,FDPS+RAD1,combo_seen1,5000,WitnessCell,0.45091534290422913,0.0007759266661420464
Replogle_exp6,2,FDPS+RAD1,combo_seen1,5000,factorized_only,0.45091534290422913,0.0007759266661420464
Replogle_exp6,2,FDPS+RAD9A,combo_seen1,100,WitnessCell,0.9016692949922767,0.006949913836326455
Replogle_exp6,2,FDPS+RAD9A,combo_seen1,100,factorized_only,0.9016692949922767,0.006949913836326455
Replogle_exp6,2,FDPS+RAD9A,combo_seen1,5000,WitnessCell,0.7180770367376705,0.0006731193624571167
Replogle_exp6,2,FDPS+RAD9A,combo_seen1,5000,factorized_only,0.7180770367376705,0.0006731193624571167
Replogle_exp6,2,FDPS+RRM1,combo_seen1,100,WitnessCell,0.955755648080214,0.00279655031190402
Replogle_exp6,2,FDPS+RRM1,combo_seen1,100,factorized_only,0.955755648080214,0.00279655031190402
Replogle_exp6,2,FDPS+RRM1,combo_seen1,5000,WitnessCell,0.8033312058857605,0.0005303743691260098
Replogle_exp6,2,FDPS+RRM1,combo_seen1,5000,factorized_only,0.8033312058857605,0.0005303743691260098
Replogle_exp6,2,FDPS+RRM2B,combo_seen1,100,WitnessCell,0.8577095388411567,0.01653317181152503
Replogle_exp6,2,FDPS+RRM2B,combo_seen1,100,factorized_only,0.8577095388411567,0.01653317181152503
Replogle_exp6,2,FDPS+RRM2B,combo_seen1,5000,WitnessCell,0.4634879845556014,0.0011103532482169432
Replogle_exp6,2,FDPS+RRM2B,combo_seen1,5000,factorized_only,0.4634879845556014,0.0011103532482169432
Replogle_exp6,2,FDPS+SQLE,combo_seen1,100,WitnessCell,0.9800886351261777,0.00361684477539882
Replogle_exp6,2,FDPS+SQLE,combo_seen1,100,factorized_only,0.9746206673128317,0.004694148679647019
Replogle_exp6,2,FDPS+SQLE,combo_seen1,5000,WitnessCell,0.9267423498198245,0.00047259890053462107
Replogle_exp6,2,FDPS+SQLE,combo_seen1,5000,factorized_only,0.9083274451264733,0.0005938536886551677
Replogle_exp6,2,FDPS+SREBF1,combo_seen1,100,WitnessCell,0.957055637547396,0.003013952345118242
Replogle_exp6,2,FDPS+SREBF1,combo_seen1,100,factorized_only,0.952288748407603,0.003229430388778332
Replogle_exp6,2,FDPS+SREBF1,combo_seen1,5000,WitnessCell,0.8200252023278143,0.0005357371663316956
Replogle_exp6,2,FDPS+SREBF1,combo_seen1,5000,factorized_only,0.7937529302194974,0.0006168474896023732
Replogle_exp6,2,FDPS+TOPBP1,combo_seen1,100,WitnessCell,0.9328639091187108,0.002465381206852329
Replogle_exp6,2,FDPS+TOPBP1,combo_seen1,100,factorized_only,0.9328639091187108,0.002465381206852329
Replogle_exp6,2,FDPS+TOPBP1,combo_seen1,5000,WitnessCell,0.5272697431391039,0.000609044319110657
Replogle_exp6,2,FDPS+TOPBP1,combo_seen1,5000,factorized_only,0.5272697431391039,0.000609044319110657
Replogle_exp6,2,FDPS+XRCC6,combo_seen1,100,WitnessCell,0.9800536524584526,0.01998366211233813
Replogle_exp6,2,FDPS+XRCC6,combo_seen1,100,factorized_only,0.9800536524584526,0.01998366211233813
Replogle_exp6,2,FDPS+XRCC6,combo_seen1,5000,WitnessCell,0.8824454447907788,0.0015241173277290385
Replogle_exp6,2,FDPS+XRCC6,combo_seen1,5000,factorized_only,0.8824454447907788,0.0015241173277290385
Replogle_exp6,2,HMGCR+SREBF2,combo_seen1,100,WitnessCell,0.5622097101878034,0.007757014518620392
Replogle_exp6,2,HMGCR+SREBF2,combo_seen1,100,factorized_only,0.5622097101878034,0.007757014518620392
Replogle_exp6,2,HMGCR+SREBF2,combo_seen1,5000,WitnessCell,0.34738944225743923,0.0008299882025064879
Replogle_exp6,2,HMGCR+SREBF2,combo_seen1,5000,factorized_only,0.34738944225743923,0.0008299882025064879
Replogle_exp6,2,HUS1+PMVK,combo_seen1,100,WitnessCell,0.5696435317306882,0.007513259730117655
Replogle_exp6,2,HUS1+PMVK,combo_seen1,100,factorized_only,0.6011278466908314,0.007013587510725363
Replogle_exp6,2,HUS1+PMVK,combo_seen1,5000,WitnessCell,0.500136767581982,0.00040526939496497266
Replogle_exp6,2,HUS1+PMVK,combo_seen1,5000,factorized_only,0.5219311829754727,0.000392359300655962
Replogle_exp6,2,HUS1+SREBF2,combo_seen1,100,WitnessCell,0.38012900279498807,0.01013435283559332
Replogle_exp6,2,HUS1+SREBF2,combo_seen1,100,factorized_only,0.3881778008331542,0.010000179252050932
Replogle_exp6,2,HUS1+SREBF2,combo_seen1,5000,WitnessCell,0.3605848924902116,0.0005224630748761912
Replogle_exp6,2,HUS1+SREBF2,combo_seen1,5000,factorized_only,0.3714913287899782,0.0005258449061535875
Replogle_exp6,2,ETAA1+TOPBP1,combo_seen2,100,WitnessCell,0.7767094198023506,0.0008226457605452473
Replogle_exp6,2,ETAA1+TOPBP1,combo_seen2,100,factorized_only,0.7767094198023506,0.0008226457605452473
Replogle_exp6,2,ETAA1+TOPBP1,combo_seen2,5000,WitnessCell,0.2731310678249435,0.0006542106584408511
Replogle_exp6,2,ETAA1+TOPBP1,combo_seen2,5000,factorized_only,0.2731310678249435,0.0006542106584408511
Replogle_exp6,2,HUS1+RRM1,combo_seen2,100,WitnessCell,0.9533276062853212,0.0030210324747344548
Replogle_exp6,2,HUS1+RRM1,combo_seen2,100,factorized_only,0.9558780303845544,0.002819334430722305
Replogle_exp6,2,HUS1+RRM1,combo_seen2,5000,WitnessCell,0.7855147865092703,0.0005073272813711507
Replogle_exp6,2,HUS1+RRM1,combo_seen2,5000,factorized_only,0.7849369032331933,0.0005137879014482315
Replogle_exp6,2,FDPS,unseen_single,100,WitnessCell,0.9370422885776512,0.013775536587317061
Replogle_exp6,2,FDPS,unseen_single,100,factorized_only,0.9370422885776512,0.013775536587317061
Replogle_exp6,2,FDPS,unseen_single,5000,WitnessCell,0.7719629599988482,0.0006507994517659753
Replogle_exp6,2,FDPS,unseen_single,5000,factorized_only,0.7719629599988482,0.0006507994517659753
Replogle_exp6,2,HSPE1,unseen_single,100,WitnessCell,0.6191293316022495,0.20486409992967036
Replogle_exp6,2,HSPE1,unseen_single,100,factorized_only,0.6191293316022495,0.20486409992967036
Replogle_exp6,2,HSPE1,unseen_single,5000,WitnessCell,0.4850582201207308,0.008943697232396276
Replogle_exp6,2,HSPE1,unseen_single,5000,factorized_only,0.4850582201207308,0.008943697232396276
Replogle_exp6,2,MTOR,unseen_single,100,WitnessCell,0.4187702699411273,0.12303278731266762
Replogle_exp6,2,MTOR,unseen_single,100,factorized_only,0.4187702699411273,0.12303278731266762
Replogle_exp6,2,MTOR,unseen_single,5000,WitnessCell,0.39077222825596825,0.0053859727330040205
Replogle_exp6,2,MTOR,unseen_single,5000,factorized_only,0.39077222825596825,0.0053859727330040205
Replogle_exp6,2,PMVK,unseen_single,100,WitnessCell,0.3460090957152524,0.006231071153137586
Replogle_exp6,2,PMVK,unseen_single,100,factorized_only,0.3460090957152524,0.006231071153137586
Replogle_exp6,2,PMVK,unseen_single,5000,WitnessCell,0.22041858194989133,0.0004854673773809602
Replogle_exp6,2,PMVK,unseen_single,5000,factorized_only,0.22041858194989133,0.0004854673773809602
Replogle_exp6,2,RAD17,unseen_single,100,WitnessCell,0.514376247271683,0.0011037122234253704
Replogle_exp6,2,RAD17,unseen_single,100,factorized_only,0.514376247271683,0.0011037122234253704
Replogle_exp6,2,RAD17,unseen_single,5000,WitnessCell,0.28860671534199545,0.00031505322360623274
Replogle_exp6,2,RAD17,unseen_single,5000,factorized_only,0.28860671534199545,0.00031505322360623274
Replogle_exp6,2,SREBF2,unseen_single,100,WitnessCell,0.3730407713006487,0.009798090922090514
Replogle_exp6,2,SREBF2,unseen_single,100,factorized_only,0.3730407713006487,0.009798090922090514
Replogle_exp6,2,SREBF2,unseen_single,5000,WitnessCell,0.1471776908681127,0.0004983941412771095
Replogle_exp6,2,SREBF2,unseen_single,5000,factorized_only,0.1471776908681127,0.0004983941412771095
Replogle_exp6,2,XRCC5,unseen_single,100,WitnessCell,0.937139970031807,0.06006792232787567
Replogle_exp6,2,XRCC5,unseen_single,100,factorized_only,0.937139970031807,0.06006792232787567
Replogle_exp6,2,XRCC5,unseen_single,5000,WitnessCell,0.795074038616788,0.0028179127314078107
Replogle_exp6,2,XRCC5,unseen_single,5000,factorized_only,0.795074038616788,0.0028179127314078107
Replogle_exp6,2,FDPS+PMVK,combo_seen0,100,WitnessCell,0.6533387348469256,0.009570692052054559
Replogle_exp6,2,FDPS+PMVK,combo_seen0,100,factorized_only,0.6533387348469256,0.009570692052054559
Replogle_exp6,2,FDPS+PMVK,combo_seen0,5000,WitnessCell,0.3198955415769424,0.0008512082099336579
Replogle_exp6,2,FDPS+PMVK,combo_seen0,5000,factorized_only,0.3198955415769424,0.0008512082099336579
Replogle_exp6,2,FDPS+RAD17,combo_seen0,100,WitnessCell,0.9072692634771699,0.004228020925682453
Replogle_exp6,2,FDPS+RAD17,combo_seen0,100,factorized_only,0.9072692634771699,0.004228020925682453
Replogle_exp6,2,FDPS+RAD17,combo_seen0,5000,WitnessCell,0.6765652255598136,0.0004912675476307568
Replogle_exp6,2,FDPS+RAD17,combo_seen0,5000,factorized_only,0.6765652255598136,0.0004912675476307568
Replogle_exp6,2,FDPS+SREBF2,combo_seen0,100,WitnessCell,0.7104319234736696,0.012640866919596906
Replogle_exp6,2,FDPS+SREBF2,combo_seen0,100,factorized_only,0.7104319234736696,0.012640866919596906
Replogle_exp6,2,FDPS+SREBF2,combo_seen0,5000,WitnessCell,0.48535848578347973,0.0007040877173518737
Replogle_exp6,2,FDPS+SREBF2,combo_seen0,5000,factorized_only,0.48535848578347973,0.0007040877173518737
Replogle_exp6,2,FDPS+XRCC5,combo_seen0,100,WitnessCell,0.9337821001759438,0.030906517077617917
Replogle_exp6,2,FDPS+XRCC5,combo_seen0,100,factorized_only,0.9337821001759438,0.030906517077617917
Replogle_exp6,2,FDPS+XRCC5,combo_seen0,5000,WitnessCell,0.6815009523161396,0.0019900443897909468
Replogle_exp6,2,FDPS+XRCC5,combo_seen0,5000,factorized_only,0.6815009523161396,0.0019900443897909468
Replogle_exp6,3,ATM+FDPS,combo_seen1,100,WitnessCell,0.9700075107914126,0.0030735104846469565
Replogle_exp6,3,ATM+FDPS,combo_seen1,100,factorized_only,0.9700075107914126,0.0030735104846469565
Replogle_exp6,3,ATM+FDPS,combo_seen1,5000,WitnessCell,0.492449254105594,0.0011061528882285198
Replogle_exp6,3,ATM+FDPS,combo_seen1,5000,factorized_only,0.492449254105594,0.0011061528882285198
Replogle_exp6,3,CHEK1+FDPS,combo_seen1,100,WitnessCell,0.9417757457657213,0.0033579593923892355
Replogle_exp6,3,CHEK1+FDPS,combo_seen1,100,factorized_only,0.9417757457657213,0.0033579593923892355
Replogle_exp6,3,CHEK1+FDPS,combo_seen1,5000,WitnessCell,0.492312377623453,0.001231085726898495
Replogle_exp6,3,CHEK1+FDPS,combo_seen1,5000,factorized_only,0.492312377623453,0.001231085726898495
Replogle_exp6,3,ETAA1+FDPS,combo_seen1,100,WitnessCell,0.8551754317531398,0.010066271496193853
Replogle_exp6,3,ETAA1+FDPS,combo_seen1,100,factorized_only,0.823260350413283,0.010802925102951378
Replogle_exp6,3,ETAA1+FDPS,combo_seen1,5000,WitnessCell,0.48703875222301135,0.0009034083189733723
Replogle_exp6,3,ETAA1+FDPS,combo_seen1,5000,factorized_only,0.43415211122045866,0.0009969094996084146
Replogle_exp6,3,FDPS+HMGCR,combo_seen1,100,WitnessCell,0.8522559476573854,0.0041607745909363085
Replogle_exp6,3,FDPS+HMGCR,combo_seen1,100,factorized_only,0.8443419186411124,0.004397196303787344
Replogle_exp6,3,FDPS+HMGCR,combo_seen1,5000,WitnessCell,0.6483408458416177,0.00039622812822232614
Replogle_exp6,3,FDPS+HMGCR,combo_seen1,5000,factorized_only,0.6241812243545793,0.0004578124106345622
Replogle_exp6,3,FDPS+HUS1,combo_seen1,100,WitnessCell,0.905710043844194,0.012595966587988151
Replogle_exp6,3,FDPS+HUS1,combo_seen1,100,factorized_only,0.8780533655986096,0.014437475992992475
Replogle_exp6,3,FDPS+HUS1,combo_seen1,5000,WitnessCell,0.7803675125937402,0.0005671265375501089
Replogle_exp6,3,FDPS+HUS1,combo_seen1,5000,factorized_only,0.720308568394624,0.0006533925604546818
Replogle_exp6,3,FDPS+IDI1,combo_seen1,100,WitnessCell,0.897961455163367,0.014308266866475593
Replogle_exp6,3,FDPS+IDI1,combo_seen1,100,factorized_only,0.897961455163367,0.014308266866475593
Replogle_exp6,3,FDPS+IDI1,combo_seen1,5000,WitnessCell,0.6754059489848769,0.0008333951239583897
Replogle_exp6,3,FDPS+IDI1,combo_seen1,5000,factorized_only,0.6754059489848769,0.0008333951239583897
Replogle_exp6,3,FDPS+LIG4,combo_seen1,100,WitnessCell,0.8151182308636403,0.006515478729070791
Replogle_exp6,3,FDPS+LIG4,combo_seen1,100,factorized_only,0.8151182308636403,0.006515478729070791
Replogle_exp6,3,FDPS+LIG4,combo_seen1,5000,WitnessCell,0.42178130634244004,0.0009650964186176463
Replogle_exp6,3,FDPS+LIG4,combo_seen1,5000,factorized_only,0.42178130634244004,0.0009650964186176463
Replogle_exp6,3,FDPS+MVD,combo_seen1,100,WitnessCell,0.9502342937206248,0.009726158886807912
Replogle_exp6,3,FDPS+MVD,combo_seen1,100,factorized_only,0.9504933471727564,0.009494720369003222
Replogle_exp6,3,FDPS+MVD,combo_seen1,5000,WitnessCell,0.8411101511413044,0.0011747564201350976
Replogle_exp6,3,FDPS+MVD,combo_seen1,5000,factorized_only,0.8263850098968198,0.0014126579225274237
Replogle_exp6,3,FDPS+NHEJ1,combo_seen1,100,WitnessCell,0.9605262128853745,0.003504237088670047
Replogle_exp6,3,FDPS+NHEJ1,combo_seen1,100,factorized_only,0.9605262128853745,0.003504237088670047
Replogle_exp6,3,FDPS+NHEJ1,combo_seen1,5000,WitnessCell,0.37822130694779676,0.0009764356289508043
Replogle_exp6,3,FDPS+NHEJ1,combo_seen1,5000,factorized_only,0.37822130694779676,0.0009764356289508043
Replogle_exp6,3,FDPS+PMVK,combo_seen1,100,WitnessCell,0.8654448361222639,0.004126832385272166
Replogle_exp6,3,FDPS+PMVK,combo_seen1,100,factorized_only,0.8536352688604217,0.004304947436526405
Replogle_exp6,3,FDPS+PMVK,combo_seen1,5000,WitnessCell,0.5555494861221058,0.0005040087187646997
Replogle_exp6,3,FDPS+PMVK,combo_seen1,5000,factorized_only,0.5213998953385485,0.0006044429314993853
Replogle_exp6,3,FDPS+PRKDC,combo_seen1,100,WitnessCell,0.93081407259212,0.00622127181287172
Replogle_exp6,3,FDPS+PRKDC,combo_seen1,100,factorized_only,0.93081407259212,0.00622127181287172
Replogle_exp6,3,FDPS+PRKDC,combo_seen1,5000,WitnessCell,0.5247706827835367,0.0010536899266276433
Replogle_exp6,3,FDPS+PRKDC,combo_seen1,5000,factorized_only,0.5247706827835367,0.0010536899266276433
Replogle_exp6,3,FDPS+RAD9A,combo_seen1,100,WitnessCell,0.91131290016755,0.0059276231504714035
Replogle_exp6,3,FDPS+RAD9A,combo_seen1,100,factorized_only,0.91131290016755,0.0059276231504714035
Replogle_exp6,3,FDPS+RAD9A,combo_seen1,5000,WitnessCell,0.7271172703967362,0.0006726334751906894
Replogle_exp6,3,FDPS+RAD9A,combo_seen1,5000,factorized_only,0.7271172703967362,0.0006726334751906894
Replogle_exp6,3,FDPS+RAD17,combo_seen1,100,WitnessCell,0.899039211185434,0.005019822865267284
Replogle_exp6,3,FDPS+RAD17,combo_seen1,100,factorized_only,0.899039211185434,0.005019822865267284
Replogle_exp6,3,FDPS+RAD17,combo_seen1,5000,WitnessCell,0.5798866440024806,0.0006476377323654517
Replogle_exp6,3,FDPS+RAD17,combo_seen1,5000,factorized_only,0.5798866440024806,0.0006476377323654517
Replogle_exp6,3,FDPS+RRM1,combo_seen1,100,WitnessCell,0.96258071771861,0.0022768777288755585
Replogle_exp6,3,FDPS+RRM1,combo_seen1,100,factorized_only,0.9572656733958479,0.0027577410969034243
Replogle_exp6,3,FDPS+RRM1,combo_seen1,5000,WitnessCell,0.8317407341223274,0.0004143259313255423
Replogle_exp6,3,FDPS+RRM1,combo_seen1,5000,factorized_only,0.803259833883648,0.0005473566778555382
Replogle_exp6,3,FDPS+RRM2B,combo_seen1,100,WitnessCell,0.8388189579342004,0.016356946563215357
Replogle_exp6,3,FDPS+RRM2B,combo_seen1,100,factorized_only,0.8388189579342004,0.016356946563215357
Replogle_exp6,3,FDPS+RRM2B,combo_seen1,5000,WitnessCell,0.46845900894666764,0.0011191729832646662
Replogle_exp6,3,FDPS+RRM2B,combo_seen1,5000,factorized_only,0.46845900894666764,0.0011191729832646662
Replogle_exp6,3,FDPS+SQLE,combo_seen1,100,WitnessCell,0.9729461843118492,0.005009773169035238
Replogle_exp6,3,FDPS+SQLE,combo_seen1,100,factorized_only,0.9729461843118492,0.005009773169035238
Replogle_exp6,3,FDPS+SQLE,combo_seen1,5000,WitnessCell,0.9068404220318721,0.0006601972893411188
Replogle_exp6,3,FDPS+SQLE,combo_seen1,5000,factorized_only,0.9068404220318721,0.0006601972893411188
Replogle_exp6,3,FDPS+SREBF1,combo_seen1,100,WitnessCell,0.9536486553038875,0.0037952204003620475
Replogle_exp6,3,FDPS+SREBF1,combo_seen1,100,factorized_only,0.9502672626997931,0.0035472446200377145
Replogle_exp6,3,FDPS+SREBF1,combo_seen1,5000,WitnessCell,0.8151504276728087,0.0006123315734105697
Replogle_exp6,3,FDPS+SREBF1,combo_seen1,5000,factorized_only,0.7866811185704203,0.0006758853096562605
Replogle_exp6,3,FDPS+SREBF2,combo_seen1,100,WitnessCell,0.6904439996629743,0.01304954624229409
Replogle_exp6,3,FDPS+SREBF2,combo_seen1,100,factorized_only,0.6904439996629743,0.01304954624229409
Replogle_exp6,3,FDPS+SREBF2,combo_seen1,5000,WitnessCell,0.44799341607700716,0.0008838204642444941
Replogle_exp6,3,FDPS+SREBF2,combo_seen1,5000,factorized_only,0.44799341607700716,0.0008838204642444941
Replogle_exp6,3,FDPS+TOPBP1,combo_seen1,100,WitnessCell,0.9226374765726414,0.002131037269771734
Replogle_exp6,3,FDPS+TOPBP1,combo_seen1,100,factorized_only,0.9351978576758806,0.002240979014976029
Replogle_exp6,3,FDPS+TOPBP1,combo_seen1,5000,WitnessCell,0.5240019869871066,0.0006429532257801777
Replogle_exp6,3,FDPS+TOPBP1,combo_seen1,5000,factorized_only,0.4978117681088613,0.000678043073915528
Replogle_exp6,3,FDPS+XRCC5,combo_seen1,100,WitnessCell,0.9646630698216025,0.005039174070753241
Replogle_exp6,3,FDPS+XRCC5,combo_seen1,100,factorized_only,0.9646630698216025,0.005039174070753241
Replogle_exp6,3,FDPS+XRCC5,combo_seen1,5000,WitnessCell,0.8087431973750154,0.0014438506864069918
Replogle_exp6,3,FDPS+XRCC5,combo_seen1,5000,factorized_only,0.8087431973750154,0.0014438506864069918
Replogle_exp6,3,HMGCR+SREBF2,combo_seen2,100,WitnessCell,0.0068059384954107065,0.01941406806749008
Replogle_exp6,3,HMGCR+SREBF2,combo_seen2,100,factorized_only,0.029169292377633476,0.01887697171908478
Replogle_exp6,3,HMGCR+SREBF2,combo_seen2,5000,WitnessCell,0.21806736948772235,0.0008284501228631086
Replogle_exp6,3,HMGCR+SREBF2,combo_seen2,5000,factorized_only,0.22423805571974606,0.0008798052127714946
Replogle_exp6,3,HUS1+SQLE,combo_seen2,100,WitnessCell,0.9807817354676247,0.005137356773902935
Replogle_exp6,3,HUS1+SQLE,combo_seen2,100,factorized_only,0.9795531575334355,0.005801609764516036
Replogle_exp6,3,HUS1+SQLE,combo_seen2,5000,WitnessCell,0.9013553468180503,0.0005810747504327202
Replogle_exp6,3,HUS1+SQLE,combo_seen2,5000,factorized_only,0.9002243569773247,0.0005836462610345932
Replogle_exp6,3,HUS1+SREBF2,combo_seen2,100,WitnessCell,0.3593878294701171,0.010854718391259894
Replogle_exp6,3,HUS1+SREBF2,combo_seen2,100,factorized_only,0.3692827079471707,0.010685075164815469
Replogle_exp6,3,HUS1+SREBF2,combo_seen2,5000,WitnessCell,0.33512454260848196,0.0005609707151899548
Replogle_exp6,3,HUS1+SREBF2,combo_seen2,5000,factorized_only,0.34622064123928253,0.0005879545730471898
Replogle_exp6,3,AHCYL1,unseen_single,100,WitnessCell,0.7901057832336045,0.0007737707009534273
Replogle_exp6,3,AHCYL1,unseen_single,100,factorized_only,0.7901057832336045,0.0007737707009534273
Replogle_exp6,3,AHCYL1,unseen_single,5000,WitnessCell,0.09226594863922975,0.0006311762878342613
Replogle_exp6,3,AHCYL1,unseen_single,5000,factorized_only,0.09226594863922975,0.0006311762878342613
Replogle_exp6,3,ATR,unseen_single,100,WitnessCell,0.4807046679880975,0.01192407135011004
Replogle_exp6,3,ATR,unseen_single,100,factorized_only,0.4807046679880975,0.01192407135011004
Replogle_exp6,3,ATR,unseen_single,5000,WitnessCell,0.35998902541865224,0.001655744691575305
Replogle_exp6,3,ATR,unseen_single,5000,factorized_only,0.35998902541865224,0.001655744691575305
Replogle_exp6,3,FDPS,unseen_single,100,WitnessCell,0.9096654269173206,0.013025257874984866
Replogle_exp6,3,FDPS,unseen_single,100,factorized_only,0.9096654269173206,0.013025257874984866
Replogle_exp6,3,FDPS,unseen_single,5000,WitnessCell,0.72874801343033,0.0006438347040958398
Replogle_exp6,3,FDPS,unseen_single,5000,factorized_only,0.72874801343033,0.0006438347040958398
Replogle_exp6,3,POLR1D,unseen_single,100,WitnessCell,0.6934558553722258,0.1412230583902505
Replogle_exp6,3,POLR1D,unseen_single,100,factorized_only,0.6934558553722258,0.1412230583902505
Replogle_exp6,3,POLR1D,unseen_single,5000,WitnessCell,0.5142281508978701,0.00590284403480433
Replogle_exp6,3,POLR1D,unseen_single,5000,factorized_only,0.5142281508978701,0.00590284403480433
Replogle_exp6,3,RAD1,unseen_single,100,WitnessCell,0.48570717012444503,0.0031699126035265503
Replogle_exp6,3,RAD1,unseen_single,100,factorized_only,0.48570717012444503,0.0031699126035265503
Replogle_exp6,3,RAD1,unseen_single,5000,WitnessCell,0.21851363718779057,0.0005532112609082704
Replogle_exp6,3,RAD1,unseen_single,5000,factorized_only,0.21851363718779057,0.0005532112609082704
Replogle_exp6,3,RPL15,unseen_single,100,WitnessCell,0.9879147854848058,0.004666740578730718
Replogle_exp6,3,RPL15,unseen_single,100,factorized_only,0.9879147854848058,0.004666740578730718
Replogle_exp6,3,RPL15,unseen_single,5000,WitnessCell,0.4960165637136935,0.001510602620329583
Replogle_exp6,3,RPL15,unseen_single,5000,factorized_only,0.4960165637136935,0.001510602620329583
Replogle_exp6,3,XRCC6,unseen_single,100,WitnessCell,0.808748893480352,0.09381752735972476
Replogle_exp6,3,XRCC6,unseen_single,100,factorized_only,0.808748893480352,0.09381752735972476
Replogle_exp6,3,XRCC6,unseen_single,5000,WitnessCell,0.7455246155765244,0.004352735260812183
Replogle_exp6,3,XRCC6,unseen_single,5000,factorized_only,0.7455246155765244,0.004352735260812183
Replogle_exp6,3,AHCYL1+FDPS,combo_seen0,100,WitnessCell,0.876098588913072,0.002899215766913063
Replogle_exp6,3,AHCYL1+FDPS,combo_seen0,100,factorized_only,0.876098588913072,0.002899215766913063
Replogle_exp6,3,AHCYL1+FDPS,combo_seen0,5000,WitnessCell,0.4188957852603647,0.001055300293772102
Replogle_exp6,3,AHCYL1+FDPS,combo_seen0,5000,factorized_only,0.4188957852603647,0.001055300293772102
Replogle_exp6,3,ATR+FDPS,combo_seen0,100,WitnessCell,0.7191261767657232,0.020714380984836814
Replogle_exp6,3,ATR+FDPS,combo_seen0,100,factorized_only,0.7191261767657232,0.020714380984836814
Replogle_exp6,3,ATR+FDPS,combo_seen0,5000,WitnessCell,0.49256064362465957,0.0012613387612669636
Replogle_exp6,3,ATR+FDPS,combo_seen0,5000,factorized_only,0.49256064362465957,0.0012613387612669636
Replogle_exp6,3,FDPS+RAD1,combo_seen0,100,WitnessCell,0.7890908727665938,0.004718629544953506
Replogle_exp6,3,FDPS+RAD1,combo_seen0,100,factorized_only,0.7890908727665938,0.004718629544953506
Replogle_exp6,3,FDPS+RAD1,combo_seen0,5000,WitnessCell,0.5415758703893613,0.000675509217525515
Replogle_exp6,3,FDPS+RAD1,combo_seen0,5000,factorized_only,0.5415758703893613,0.000675509217525515
Replogle_exp6,3,FDPS+XRCC6,combo_seen0,100,WitnessCell,0.8697280976574601,0.11546573545512023
Replogle_exp6,3,FDPS+XRCC6,combo_seen0,100,factorized_only,0.8697280976574601,0.11546573545512023
Replogle_exp6,3,FDPS+XRCC6,combo_seen0,5000,WitnessCell,0.7111628794729066,0.004210098231787934
Replogle_exp6,3,FDPS+XRCC6,combo_seen0,5000,factorized_only,0.7111628794729066,0.004210098231787934
Schmidt,1,CBY1+LCP2,combo_seen1,100,WitnessCell,-0.17508737311050554,0.01048172340859617
Schmidt,1,CBY1+LCP2,combo_seen1,100,factorized_only,-0.17508737311050554,0.01048172340859617
Schmidt,1,CBY1+LCP2,combo_seen1,5000,WitnessCell,0.08345039843384698,0.00924120453128146
Schmidt,1,CBY1+LCP2,combo_seen1,5000,factorized_only,0.08345039843384698,0.00924120453128146
Schmidt,1,CBY1+PRKD2,combo_seen1,100,WitnessCell,0.07569611486734448,0.008564362667142144
Schmidt,1,CBY1+PRKD2,combo_seen1,100,factorized_only,0.07065044416307217,0.008563463563251376
Schmidt,1,CBY1+PRKD2,combo_seen1,5000,WitnessCell,0.14331504716616755,0.008996254486466897
Schmidt,1,CBY1+PRKD2,combo_seen1,5000,factorized_only,0.14702750423397962,0.009001228864220953
Schmidt,1,CBY1+TRIM21,combo_seen1,100,WitnessCell,-0.5405603036475569,0.022836562160558654
Schmidt,1,CBY1+TRIM21,combo_seen1,100,factorized_only,-0.5162055617595711,0.02241297498933467
Schmidt,1,CBY1+TRIM21,combo_seen1,5000,WitnessCell,0.09193869715434538,0.010842555637965651
Schmidt,1,CBY1+TRIM21,combo_seen1,5000,factorized_only,0.0818102874181199,0.010896664375742833
Schmidt,1,EMP3+JMJD1C,combo_seen1,100,WitnessCell,-0.15995332582315028,0.009523117675268162
Schmidt,1,EMP3+JMJD1C,combo_seen1,100,factorized_only,-0.15029891965895364,0.009468268428949397
Schmidt,1,EMP3+JMJD1C,combo_seen1,5000,WitnessCell,0.3595224650374426,0.00764059994965757
Schmidt,1,EMP3+JMJD1C,combo_seen1,5000,factorized_only,0.358289620244571,0.007722692295997186
Schmidt,1,EMP3+LCP2,combo_seen1,100,WitnessCell,0.9317017638681385,0.015033119704287407
Schmidt,1,EMP3+LCP2,combo_seen1,100,factorized_only,0.9317017638681385,0.015033119704287407
Schmidt,1,EMP3+LCP2,combo_seen1,5000,WitnessCell,0.19425151790481648,0.010409110630653553
Schmidt,1,EMP3+LCP2,combo_seen1,5000,factorized_only,0.19425151790481648,0.010409110630653553
Schmidt,1,EMP3+MAP4K1,combo_seen1,100,WitnessCell,0.25619313678931904,0.011341403450605947
Schmidt,1,EMP3+MAP4K1,combo_seen1,100,factorized_only,0.25619313678931904,0.011341403450605947
Schmidt,1,EMP3+MAP4K1,combo_seen1,5000,WitnessCell,0.34375836190634684,0.009848181999383556
Schmidt,1,EMP3+MAP4K1,combo_seen1,5000,factorized_only,0.34375836190634684,0.009848181999383556
Schmidt,1,EMP3+PRKD2,combo_seen1,100,WitnessCell,0.9671819063314353,0.006043424336798655
Schmidt,1,EMP3+PRKD2,combo_seen1,100,factorized_only,0.9669523557358464,0.006090841393742596
Schmidt,1,EMP3+PRKD2,combo_seen1,5000,WitnessCell,0.24309112154488594,0.007409959055641287
Schmidt,1,EMP3+PRKD2,combo_seen1,5000,factorized_only,0.2532744506806226,0.007355858953749864
Schmidt,1,EMP3+TBX21,combo_seen1,100,WitnessCell,0.933058547375283,0.019764363295217125
Schmidt,1,EMP3+TBX21,combo_seen1,100,factorized_only,0.933058547375283,0.019764363295217125
Schmidt,1,EMP3+TBX21,combo_seen1,5000,WitnessCell,0.6763968423279008,0.008193873078175165
Schmidt,1,EMP3+TBX21,combo_seen1,5000,factorized_only,0.6763968423279008,0.008193873078175165
Schmidt,1,EMP3+TNFRSF1A,combo_seen1,100,WitnessCell,0.9710452835711043,0.005881242670145883
Schmidt,1,EMP3+TNFRSF1A,combo_seen1,100,factorized_only,0.9720013268684395,0.005901742624129917
Schmidt,1,EMP3+TNFRSF1A,combo_seen1,5000,WitnessCell,0.7886499870763236,0.005460931835654291
Schmidt,1,EMP3+TNFRSF1A,combo_seen1,5000,factorized_only,0.7895750325888911,0.00542796164840628
Schmidt,1,EMP3+TNFRSF1B,combo_seen1,100,WitnessCell,0.9714922204515942,0.004732103783026657
Schmidt,1,EMP3+TNFRSF1B,combo_seen1,100,factorized_only,0.9723030191815742,0.004752243211727462
Schmidt,1,EMP3+TNFRSF1B,combo_seen1,5000,WitnessCell,0.8402225635640689,0.003896086762390582
Schmidt,1,EMP3+TNFRSF1B,combo_seen1,5000,factorized_only,0.8363244225725983,0.003962916811181281
Schmidt,1,EMP3+VAV1,combo_seen1,100,WitnessCell,0.9293712138220915,0.009027348746097097
Schmidt,1,EMP3+VAV1,combo_seen1,100,factorized_only,0.9293712138220915,0.009027348746097097
Schmidt,1,EMP3+VAV1,combo_seen1,5000,WitnessCell,0.583783221142546,0.008428169503523856
Schmidt,1,EMP3+VAV1,combo_seen1,5000,factorized_only,0.583783221142546,0.008428169503523856
Schmidt,1,JMJD1C+TRAF3IP2,combo_seen1,100,WitnessCell,0.1164719513457225,0.007015889631489164
Schmidt,1,JMJD1C+TRAF3IP2,combo_seen1,100,factorized_only,0.13424823896575455,0.00681692521599853
Schmidt,1,JMJD1C+TRAF3IP2,combo_seen1,5000,WitnessCell,0.30431396587679704,0.008610429054899974
Schmidt,1,JMJD1C+TRAF3IP2,combo_seen1,5000,factorized_only,0.2999339590351764,0.008726754482219825
Schmidt,1,PRKD2+TRAF3IP2,combo_seen1,100,WitnessCell,-0.00888161239225536,0.010723009674678229
Schmidt,1,PRKD2+TRAF3IP2,combo_seen1,100,factorized_only,0.022339871601254304,0.010717925956489056
Schmidt,1,PRKD2+TRAF3IP2,combo_seen1,5000,WitnessCell,0.2910973915364294,0.00963508630206687
Schmidt,1,PRKD2+TRAF3IP2,combo_seen1,5000,factorized_only,0.2641990457413759,0.009847179002391996
Schmidt,1,TNFRSF1A+TRAF3IP2,combo_seen1,100,WitnessCell,0.9519943671801304,0.004104832080167738
Schmidt,1,TNFRSF1A+TRAF3IP2,combo_seen1,100,factorized_only,0.9499721639859456,0.004119300193606506
Schmidt,1,TNFRSF1A+TRAF3IP2,combo_seen1,5000,WitnessCell,0.6928034171652857,0.006713739681020178
Schmidt,1,TNFRSF1A+TRAF3IP2,combo_seen1,5000,factorized_only,0.6915754615439996,0.00672772919001931
Schmidt,1,TNFRSF1B+TRAF3IP2,combo_seen1,100,WitnessCell,0.9524117518413855,0.00629622813299334
Schmidt,1,TNFRSF1B+TRAF3IP2,combo_seen1,100,factorized_only,0.9520583433360399,0.006179545803724955
Schmidt,1,TNFRSF1B+TRAF3IP2,combo_seen1,5000,WitnessCell,0.68046116233541,0.007612429593627627
Schmidt,1,TNFRSF1B+TRAF3IP2,combo_seen1,5000,factorized_only,0.6815302770697057,0.007488122481438744
Schmidt,1,TNFRSF12A+TRAF3IP2,combo_seen1,100,WitnessCell,0.22273541967660554,0.009132641973579155
Schmidt,1,TNFRSF12A+TRAF3IP2,combo_seen1,100,factorized_only,0.22273541967660554,0.009132641973579155
Schmidt,1,TNFRSF12A+TRAF3IP2,combo_seen1,5000,WitnessCell,0.463873360794777,0.008829838635967927
Schmidt,1,TNFRSF12A+TRAF3IP2,combo_seen1,5000,factorized_only,0.463873360794777,0.008829838635967927
Schmidt,1,TRAF3IP2+TRIM21,combo_seen1,100,WitnessCell,0.14537124852841093,0.007439952333674923
Schmidt,1,TRAF3IP2+TRIM21,combo_seen1,100,factorized_only,0.13335806044778883,0.007462362890859504
Schmidt,1,TRAF3IP2+TRIM21,combo_seen1,5000,WitnessCell,0.24472782854356154,0.00830712679678169
Schmidt,1,TRAF3IP2+TRIM21,combo_seen1,5000,factorized_only,0.23368660399307628,0.008370148613165184
Schmidt,1,TRAF3IP2+VAV1,combo_seen1,100,WitnessCell,0.22291949499394983,0.004818866785601145
Schmidt,1,TRAF3IP2+VAV1,combo_seen1,100,factorized_only,0.22291949499394983,0.004818866785601145
Schmidt,1,TRAF3IP2+VAV1,combo_seen1,5000,WitnessCell,0.5512334239579293,0.007149094132124392
Schmidt,1,TRAF3IP2+VAV1,combo_seen1,5000,factorized_only,0.5512334239579293,0.007149094132124392
Schmidt,1,MGST3+TRIM21,combo_seen2,100,WitnessCell,0.9849158844896265,0.013915801226442804
Schmidt,1,MGST3+TRIM21,combo_seen2,100,factorized_only,0.984984274450136,0.014046583933944283
Schmidt,1,MGST3+TRIM21,combo_seen2,5000,WitnessCell,0.29577304464300613,0.007405741110621
Schmidt,1,MGST3+TRIM21,combo_seen2,5000,factorized_only,0.29632890918739285,0.007398290091127033
Schmidt,1,PRKD2+TNFRSF1B,combo_seen2,100,WitnessCell,0.9658749047341734,0.00584916220599621
Schmidt,1,PRKD2+TNFRSF1B,combo_seen2,100,factorized_only,0.9660574155658278,0.006077326612240858
Schmidt,1,PRKD2+TNFRSF1B,combo_seen2,5000,WitnessCell,0.7883476953266986,0.005329137203939489
Schmidt,1,PRKD2+TNFRSF1B,combo_seen2,5000,factorized_only,0.7832655196643629,0.0054787101938045335
Schmidt,1,ABCB10,unseen_single,100,WitnessCell,0.5469820242026178,0.036322754381310204
Schmidt,1,ABCB10,unseen_single,100,factorized_only,0.5469820242026178,0.036322754381310204
Schmidt,1,ABCB10,unseen_single,5000,WitnessCell,0.3768779471930313,0.0016306846940880395
Schmidt,1,ABCB10,unseen_single,5000,factorized_only,0.3768779471930313,0.0016306846940880395
Schmidt,1,CBY1,unseen_single,100,WitnessCell,0.1747083921511921,0.013603074313781374
Schmidt,1,CBY1,unseen_single,100,factorized_only,0.1747083921511921,0.013603074313781374
Schmidt,1,CBY1,unseen_single,5000,WitnessCell,0.18787628937786285,0.0006887215266471846
Schmidt,1,CBY1,unseen_single,5000,factorized_only,0.18787628937786285,0.0006887215266471846
Schmidt,1,EMP3,unseen_single,100,WitnessCell,0.7555019342155012,0.011778278758425681
Schmidt,1,EMP3,unseen_single,100,factorized_only,0.7555019342155012,0.011778278758425681
Schmidt,1,EMP3,unseen_single,5000,WitnessCell,0.5303113011011624,0.0009110471835791213
Schmidt,1,EMP3,unseen_single,5000,factorized_only,0.5303113011011624,0.0009110471835791213
Schmidt,1,EOMES,unseen_single,100,WitnessCell,0.6462497034994654,0.2312605840201416
Schmidt,1,EOMES,unseen_single,100,factorized_only,0.6462497034994654,0.2312605840201416
Schmidt,1,EOMES,unseen_single,5000,WitnessCell,0.4715631473815083,0.00974063518258383
Schmidt,1,EOMES,unseen_single,5000,factorized_only,0.4715631473815083,0.00974063518258383
Schmidt,1,FOSL1,unseen_single,100,WitnessCell,0.5103793271186811,0.0673467480063786
Schmidt,1,FOSL1,unseen_single,100,factorized_only,0.5103793271186811,0.0673467480063786
Schmidt,1,FOSL1,unseen_single,5000,WitnessCell,0.4939345338683047,0.002690467710112608
Schmidt,1,FOSL1,unseen_single,5000,factorized_only,0.4939345338683047,0.002690467710112608
Schmidt,1,FOXD2,unseen_single,100,WitnessCell,0.5528144866121955,0.08028087444156273
Schmidt,1,FOXD2,unseen_single,100,factorized_only,0.5528144866121955,0.08028087444156273
Schmidt,1,FOXD2,unseen_single,5000,WitnessCell,0.42326856305419147,0.003584128156639519
Schmidt,1,FOXD2,unseen_single,5000,factorized_only,0.42326856305419147,0.003584128156639519
Schmidt,1,IKZF3,unseen_single,100,WitnessCell,0.41304044960613007,0.06176646720744897
Schmidt,1,IKZF3,unseen_single,100,factorized_only,0.41304044960613007,0.06176646720744897
Schmidt,1,IKZF3,unseen_single,5000,WitnessCell,0.13935028045431336,0.0028446991809612035
Schmidt,1,IKZF3,unseen_single,5000,factorized_only,0.13935028045431336,0.0028446991809612035
Schmidt,1,INPPL1,unseen_single,100,WitnessCell,0.14709034814428715,0.07601006773135249
Schmidt,1,INPPL1,unseen_single,100,factorized_only,0.14709034814428715,0.07601006773135249
Schmidt,1,INPPL1,unseen_single,5000,WitnessCell,-0.025797524393017857,0.003296065003913668
Schmidt,1,INPPL1,unseen_single,5000,factorized_only,-0.025797524393017857,0.003296065003913668
Schmidt,1,TRAF3IP2,unseen_single,100,WitnessCell,0.8299220563774063,0.019938894012959788
Schmidt,1,TRAF3IP2,unseen_single,100,factorized_only,0.8299220563774063,0.019938894012959788
Schmidt,1,TRAF3IP2,unseen_single,5000,WitnessCell,0.639088214219536,0.0012525281794131438
Schmidt,1,TRAF3IP2,unseen_single,5000,factorized_only,0.639088214219536,0.0012525281794131438
Schmidt,1,CBY1+EMP3,combo_seen0,100,WitnessCell,0.9868344467097315,0.007665744648472755
Schmidt,1,CBY1+EMP3,combo_seen0,100,factorized_only,0.9868344467097315,0.007665744648472755
Schmidt,1,CBY1+EMP3,combo_seen0,5000,WitnessCell,0.27300053054054485,0.006170325582434805
Schmidt,1,CBY1+EMP3,combo_seen0,5000,factorized_only,0.27300053054054485,0.006170325582434805
Schmidt,1,EMP3+TRAF3IP2,combo_seen0,100,WitnessCell,0.8434094746519403,0.01139275767690355
Schmidt,1,EMP3+TRAF3IP2,combo_seen0,100,factorized_only,0.8434094746519403,0.01139275767690355
Schmidt,1,EMP3+TRAF3IP2,combo_seen0,5000,WitnessCell,0.33630483118463805,0.010046866189933055
Schmidt,1,EMP3+TRAF3IP2,combo_seen0,5000,factorized_only,0.33630483118463805,0.010046866189933055
Schmidt,2,ARHGDIB+TNFRSF1A,combo_seen1,100,WitnessCell,0.9459861013494398,0.023547953661482567
Schmidt,2,ARHGDIB+TNFRSF1A,combo_seen1,100,factorized_only,0.9459861013494398,0.023547953661482567
Schmidt,2,ARHGDIB+TNFRSF1A,combo_seen1,5000,WitnessCell,0.19524517951276496,0.017357942173653707
Schmidt,2,ARHGDIB+TNFRSF1A,combo_seen1,5000,factorized_only,0.19524517951276496,0.017357942173653707
Schmidt,2,CBY1+EMP3,combo_seen1,100,WitnessCell,0.9735845743148167,0.0097112741091232
Schmidt,2,CBY1+EMP3,combo_seen1,100,factorized_only,0.9778580451181337,0.009875929411696675
Schmidt,2,CBY1+EMP3,combo_seen1,5000,WitnessCell,0.28641972420265255,0.005861898319089549
Schmidt,2,CBY1+EMP3,combo_seen1,5000,factorized_only,0.2675228008753583,0.005935186866497515
Schmidt,2,EMP3+LCP2,combo_seen1,100,WitnessCell,0.9738495742829311,0.014206406172231754
Schmidt,2,EMP3+LCP2,combo_seen1,100,factorized_only,0.9738495742829311,0.014206406172231754
Schmidt,2,EMP3+LCP2,combo_seen1,5000,WitnessCell,0.21172262934307945,0.010143373672382066
Schmidt,2,EMP3+LCP2,combo_seen1,5000,factorized_only,0.21172262934307945,0.010143373672382066
Schmidt,2,EMP3+MAP4K1,combo_seen1,100,WitnessCell,0.28214148056650606,0.01137099285307112
Schmidt,2,EMP3+MAP4K1,combo_seen1,100,factorized_only,0.28214148056650606,0.01137099285307112
Schmidt,2,EMP3+MAP4K1,combo_seen1,5000,WitnessCell,0.3011600778268962,0.010218057012506283
Schmidt,2,EMP3+MAP4K1,combo_seen1,5000,factorized_only,0.3011600778268962,0.010218057012506283
Schmidt,2,EMP3+PRKD2,combo_seen1,100,WitnessCell,0.9671226963725484,0.007451231212023231
Schmidt,2,EMP3+PRKD2,combo_seen1,100,factorized_only,0.9684059650859949,0.007513041673461093
Schmidt,2,EMP3+PRKD2,combo_seen1,5000,WitnessCell,0.25516985178105084,0.0071275467115041605
Schmidt,2,EMP3+PRKD2,combo_seen1,5000,factorized_only,0.2615989944085586,0.0071019361723933215
Schmidt,2,EMP3+TBX21,combo_seen1,100,WitnessCell,0.9432783207956422,0.025728902530306148
Schmidt,2,EMP3+TBX21,combo_seen1,100,factorized_only,0.9432783207956422,0.025728902530306148
Schmidt,2,EMP3+TBX21,combo_seen1,5000,WitnessCell,0.6844544782254417,0.008051330849290255
Schmidt,2,EMP3+TBX21,combo_seen1,5000,factorized_only,0.6844544782254417,0.008051330849290255
Schmidt,2,EMP3+TNFRSF1B,combo_seen1,100,WitnessCell,0.9858738946001193,0.00890910377571127
Schmidt,2,EMP3+TNFRSF1B,combo_seen1,100,factorized_only,0.9851524503916417,0.010113827455084944
Schmidt,2,EMP3+TNFRSF1B,combo_seen1,5000,WitnessCell,0.8319957570031946,0.0039418183507893
Schmidt,2,EMP3+TNFRSF1B,combo_seen1,5000,factorized_only,0.8347890167588796,0.003891756012791215
Schmidt,2,EMP3+TRAF3IP2,combo_seen1,100,WitnessCell,0.964564614415441,0.008994480450307034
Schmidt,2,EMP3+TRAF3IP2,combo_seen1,100,factorized_only,0.9630632848397502,0.009068609729163075
Schmidt,2,EMP3+TRAF3IP2,combo_seen1,5000,WitnessCell,0.5471541725663995,0.007781717660674194
Schmidt,2,EMP3+TRAF3IP2,combo_seen1,5000,factorized_only,0.543552118821146,0.0077759094604746126
Schmidt,2,EMP3+VAV1,combo_seen1,100,WitnessCell,0.9265285597153234,0.01347394212487875
Schmidt,2,EMP3+VAV1,combo_seen1,100,factorized_only,0.9265285597153234,0.01347394212487875
Schmidt,2,EMP3+VAV1,combo_seen1,5000,WitnessCell,0.24888468925850338,0.01197453721655998
Schmidt,2,EMP3+VAV1,combo_seen1,5000,factorized_only,0.24888468925850338,0.01197453721655998
Schmidt,2,FOXQ1+TNFRSF1A,combo_seen1,100,WitnessCell,0.31636281407235706,0.02299620602652378
Schmidt,2,FOXQ1+TNFRSF1A,combo_seen1,100,factorized_only,0.31636281407235706,0.02299620602652378
Schmidt,2,FOXQ1+TNFRSF1A,combo_seen1,5000,WitnessCell,0.6184640818730616,0.01307875406888745
Schmidt,2,FOXQ1+TNFRSF1A,combo_seen1,5000,factorized_only,0.6184640818730616,0.01307875406888745
Schmidt,2,JMJD1C+TNFRSF1B,combo_seen1,100,WitnessCell,0.9319799471167218,0.00804775719248841
Schmidt,2,JMJD1C+TNFRSF1B,combo_seen1,100,factorized_only,0.9309141802308696,0.008244511957521421
Schmidt,2,JMJD1C+TNFRSF1B,combo_seen1,5000,WitnessCell,0.704288193101832,0.007701382186515339
Schmidt,2,JMJD1C+TNFRSF1B,combo_seen1,5000,factorized_only,0.7173880395739658,0.007446251047652666
Schmidt,2,JMJD1C+TRAF3IP2,combo_seen1,100,WitnessCell,0.0519781651008801,0.006484227267882428
Schmidt,2,JMJD1C+TRAF3IP2,combo_seen1,100,factorized_only,0.13704304646434867,0.006323033935495111
Schmidt,2,JMJD1C+TRAF3IP2,combo_seen1,5000,WitnessCell,0.25793310647756623,0.008932171151204392
Schmidt,2,JMJD1C+TRAF3IP2,combo_seen1,5000,factorized_only,0.25171460447598826,0.009055403361518126
Schmidt,2,PRKD2+TNFRSF1A,combo_seen1,100,WitnessCell,0.07142833584738797,0.005811350536266794
Schmidt,2,PRKD2+TNFRSF1A,combo_seen1,100,factorized_only,-0.06068981326027285,0.006075060219378437
Schmidt,2,PRKD2+TNFRSF1A,combo_seen1,5000,WitnessCell,0.559349545799514,0.00798805828388923
Schmidt,2,PRKD2+TNFRSF1A,combo_seen1,5000,factorized_only,0.5087479783384334,0.008539440689565827
Schmidt,2,TNFRSF1A+TRAF3IP2,combo_seen1,100,WitnessCell,0.8008350766572685,0.010696841976867748
Schmidt,2,TNFRSF1A+TRAF3IP2,combo_seen1,100,factorized_only,0.8197148392664492,0.010473857977059933
Schmidt,2,TNFRSF1A+TRAF3IP2,combo_seen1,5000,WitnessCell,0.6457737977778526,0.0070702020396979474
Schmidt,2,TNFRSF1A+TRAF3IP2,combo_seen1,5000,factorized_only,0.6553405633276129,0.006888149154372754
Schmidt,2,PRKD2+TRIM21,combo_seen2,100,WitnessCell,0.004256828247612877,0.00630371050398174
Schmidt,2,PRKD2+TRIM21,combo_seen2,100,factorized_only,-0.05562792294381615,0.006321735252205176
Schmidt,2,PRKD2+TRIM21,combo_seen2,5000,WitnessCell,0.17625582956456176,0.008258201332030162
Schmidt,2,PRKD2+TRIM21,combo_seen2,5000,factorized_only,0.16951261048547692,0.008158622967184755
Schmidt,2,TNFRSF12A+TRAF3IP2,combo_seen2,100,WitnessCell,0.23125769973935947,0.00847180392885451
Schmidt,2,TNFRSF12A+TRAF3IP2,combo_seen2,100,factorized_only,0.2205844602069715,0.008259571183763068
Schmidt,2,TNFRSF12A+TRAF3IP2,combo_seen2,5000,WitnessCell,0.4957378650542716,0.008489076762137927
Schmidt,2,TNFRSF12A+TRAF3IP2,combo_seen2,5000,factorized_only,0.5087069333848102,0.008344910878933633
Schmidt,2,TRAF3IP2+VAV1,combo_seen2,100,WitnessCell,0.4288952841622846,0.004221596631556449
Schmidt,2,TRAF3IP2+VAV1,combo_seen2,100,factorized_only,0.5003002806466759,0.003974352041428003
Schmidt,2,TRAF3IP2+VAV1,combo_seen2,5000,WitnessCell,0.5283567448531916,0.00710413705185683
Schmidt,2,TRAF3IP2+VAV1,combo_seen2,5000,factorized_only,0.5573977395574036,0.006808927351716017
Schmidt,2,DEPDC7,unseen_single,100,WitnessCell,0.9459398231978898,0.018362226560787783
Schmidt,2,DEPDC7,unseen_single,100,factorized_only,0.9459398231978898,0.018362226560787783
Schmidt,2,DEPDC7,unseen_single,5000,WitnessCell,0.7022131547898023,0.0011703905410641357
Schmidt,2,DEPDC7,unseen_single,5000,factorized_only,0.7022131547898023,0.0011703905410641357
Schmidt,2,EMP3,unseen_single,100,WitnessCell,0.9278475478171884,0.003370317210909708
Schmidt,2,EMP3,unseen_single,100,factorized_only,0.9278475478171884,0.003370317210909708
Schmidt,2,EMP3,unseen_single,5000,WitnessCell,0.7637365592349088,0.0003053107283977433
Schmidt,2,EMP3,unseen_single,5000,factorized_only,0.7637365592349088,0.0003053107283977433
Schmidt,2,FOSL1,unseen_single,100,WitnessCell,0.2928841517151093,0.08552180725089667
Schmidt,2,FOSL1,unseen_single,100,factorized_only,0.2928841517151093,0.08552180725089667
Schmidt,2,FOSL1,unseen_single,5000,WitnessCell,0.30549979668804295,0.0032443752605152455
Schmidt,2,FOSL1,unseen_single,5000,factorized_only,0.30549979668804295,0.0032443752605152455
Schmidt,2,IKZF3,unseen_single,100,WitnessCell,0.5400358619235319,0.05298766356108588
Schmidt,2,IKZF3,unseen_single,100,factorized_only,0.5400358619235319,0.05298766356108588
Schmidt,2,IKZF3,unseen_single,5000,WitnessCell,0.27357758774363905,0.002391361576302678
Schmidt,2,IKZF3,unseen_single,5000,factorized_only,0.27357758774363905,0.002391361576302678
Schmidt,2,JMJD1C,unseen_single,100,WitnessCell,0.5192071958957768,0.05105780449152616
Schmidt,2,JMJD1C,unseen_single,100,factorized_only,0.5192071958957768,0.05105780449152616
Schmidt,2,JMJD1C,unseen_single,5000,WitnessCell,0.21606610271031612,0.002657116092717229
Schmidt,2,JMJD1C,unseen_single,5000,factorized_only,0.21606610271031612,0.002657116092717229
Schmidt,2,LTBR,unseen_single,100,WitnessCell,0.45881896955510454,0.2710088080674689
Schmidt,2,LTBR,unseen_single,100,factorized_only,0.45881896955510454,0.2710088080674689
Schmidt,2,LTBR,unseen_single,5000,WitnessCell,0.5117014186663488,0.008718625876325124
Schmidt,2,LTBR,unseen_single,5000,factorized_only,0.5117014186663488,0.008718625876325124
Schmidt,2,RELA,unseen_single,100,WitnessCell,0.4833790208072766,0.06569189238504554
Schmidt,2,RELA,unseen_single,100,factorized_only,0.4833790208072766,0.06569189238504554
Schmidt,2,RELA,unseen_single,5000,WitnessCell,0.30650655748445976,0.0023398388673458895
Schmidt,2,RELA,unseen_single,5000,factorized_only,0.30650655748445976,0.0023398388673458895
Schmidt,2,TNFRSF1A,unseen_single,100,WitnessCell,0.6179861916663465,0.16106849906899584
Schmidt,2,TNFRSF1A,unseen_single,100,factorized_only,0.6179861916663465,0.16106849906899584
Schmidt,2,TNFRSF1A,unseen_single,5000,WitnessCell,0.7555691772655859,0.005313083317039312
Schmidt,2,TNFRSF1A,unseen_single,5000,factorized_only,0.7555691772655859,0.005313083317039312
Schmidt,2,WT1,unseen_single,100,WitnessCell,0.5138426937653965,0.06348163439215895
Schmidt,2,WT1,unseen_single,100,factorized_only,0.5138426937653965,0.06348163439215895
Schmidt,2,WT1,unseen_single,5000,WitnessCell,0.41191718417123113,0.0025064744736380804
Schmidt,2,WT1,unseen_single,5000,factorized_only,0.41191718417123113,0.0025064744736380804
Schmidt,2,EMP3+JMJD1C,combo_seen0,100,WitnessCell,-0.16202135390358927,0.009061293674216677
Schmidt,2,EMP3+JMJD1C,combo_seen0,100,factorized_only,-0.16202135390358927,0.009061293674216677
Schmidt,2,EMP3+JMJD1C,combo_seen0,5000,WitnessCell,0.2338479882668499,0.007963756170319929
Schmidt,2,EMP3+JMJD1C,combo_seen0,5000,factorized_only,0.2338479882668499,0.007963756170319929
Schmidt,2,EMP3+TNFRSF1A,combo_seen0,100,WitnessCell,0.904565179360786,0.023646304050401815
Schmidt,2,EMP3+TNFRSF1A,combo_seen0,100,factorized_only,0.904565179360786,0.023646304050401815
Schmidt,2,EMP3+TNFRSF1A,combo_seen0,5000,WitnessCell,0.6740458534313075,0.010383027916727733
Schmidt,2,EMP3+TNFRSF1A,combo_seen0,5000,factorized_only,0.6740458534313075,0.010383027916727733
Schmidt,3,CBY1+EMP3,combo_seen1,100,WitnessCell,0.9820591360919801,0.012451852690237807
Schmidt,3,CBY1+EMP3,combo_seen1,100,factorized_only,0.9820591360919801,0.012451852690237807
Schmidt,3,CBY1+EMP3,combo_seen1,5000,WitnessCell,0.2362287942651727,0.006099300724378749
Schmidt,3,CBY1+EMP3,combo_seen1,5000,factorized_only,0.2362287942651727,0.006099300724378749
Schmidt,3,CBY1+LCP2,combo_seen1,100,WitnessCell,-0.09356170060192603,0.010387429878136038
Schmidt,3,CBY1+LCP2,combo_seen1,100,factorized_only,-0.09356170060192603,0.010387429878136038
Schmidt,3,CBY1+LCP2,combo_seen1,5000,WitnessCell,0.13294723344108897,0.008578109958733511
Schmidt,3,CBY1+LCP2,combo_seen1,5000,factorized_only,0.13294723344108897,0.008578109958733511
Schmidt,3,EMP3+JMJD1C,combo_seen1,100,WitnessCell,-0.14550962269320833,0.008827130296541355
Schmidt,3,EMP3+JMJD1C,combo_seen1,100,factorized_only,-0.14550962269320833,0.008827130296541355
Schmidt,3,EMP3+JMJD1C,combo_seen1,5000,WitnessCell,0.37643030127996147,0.007510331542935654
Schmidt,3,EMP3+JMJD1C,combo_seen1,5000,factorized_only,0.37643030127996147,0.007510331542935654
Schmidt,3,EMP3+MAP4K1,combo_seen1,100,WitnessCell,0.275209884692561,0.011324008855657994
Schmidt,3,EMP3+MAP4K1,combo_seen1,100,factorized_only,0.275209884692561,0.011324008855657994
Schmidt,3,EMP3+MAP4K1,combo_seen1,5000,WitnessCell,0.32326201430942414,0.009944992972958122
Schmidt,3,EMP3+MAP4K1,combo_seen1,5000,factorized_only,0.32326201430942414,0.009944992972958122
Schmidt,3,EMP3+PRKD2,combo_seen1,100,WitnessCell,0.9607146244084922,0.009035720663494378
Schmidt,3,EMP3+PRKD2,combo_seen1,100,factorized_only,0.9600744901446547,0.009075348030971878
Schmidt,3,EMP3+PRKD2,combo_seen1,5000,WitnessCell,0.24854944988430488,0.007191036678232194
Schmidt,3,EMP3+PRKD2,combo_seen1,5000,factorized_only,0.24996769827619733,0.007186096675152291
Schmidt,3,EMP3+TBX21,combo_seen1,100,WitnessCell,0.9576124981378115,0.03349325271468045
Schmidt,3,EMP3+TBX21,combo_seen1,100,factorized_only,0.9576124981378115,0.03349325271468045
Schmidt,3,EMP3+TBX21,combo_seen1,5000,WitnessCell,0.4724891895746465,0.012287050542112809
Schmidt,3,EMP3+TBX21,combo_seen1,5000,factorized_only,0.4724891895746465,0.012287050542112809
Schmidt,3,EMP3+TNFRSF1A,combo_seen1,100,WitnessCell,0.9610110646738617,0.012107098696410069
Schmidt,3,EMP3+TNFRSF1A,combo_seen1,100,factorized_only,0.9613531604372362,0.012167142993091025
Schmidt,3,EMP3+TNFRSF1A,combo_seen1,5000,WitnessCell,0.7828132450423032,0.0055637408144381265
Schmidt,3,EMP3+TNFRSF1A,combo_seen1,5000,factorized_only,0.7826501408457226,0.005568232353218751
Schmidt,3,EMP3+TRAF3IP2,combo_seen1,100,WitnessCell,0.9057844208836682,0.011818070985914636
Schmidt,3,EMP3+TRAF3IP2,combo_seen1,100,factorized_only,0.9053798082587968,0.011814355436970528
Schmidt,3,EMP3+TRAF3IP2,combo_seen1,5000,WitnessCell,0.5082975336438504,0.00807595900700527
Schmidt,3,EMP3+TRAF3IP2,combo_seen1,5000,factorized_only,0.50535442058015,0.008108367283989053
Schmidt,3,EMP3+VAV1,combo_seen1,100,WitnessCell,0.9161169627581625,0.012316285000322107
Schmidt,3,EMP3+VAV1,combo_seen1,100,factorized_only,0.9165172651287621,0.012287381920690734
Schmidt,3,EMP3+VAV1,combo_seen1,5000,WitnessCell,0.5977506928139559,0.008274193117746105
Schmidt,3,EMP3+VAV1,combo_seen1,5000,factorized_only,0.5974353024008153,0.008277346147750048
Schmidt,3,JMJD1C+TNFRSF1B,combo_seen1,100,WitnessCell,0.6434276449298058,0.01817998399638473
Schmidt,3,JMJD1C+TNFRSF1B,combo_seen1,100,factorized_only,0.6434276449298058,0.01817998399638473
Schmidt,3,JMJD1C+TNFRSF1B,combo_seen1,5000,WitnessCell,0.27935211137641347,0.014721691241978066
Schmidt,3,JMJD1C+TNFRSF1B,combo_seen1,5000,factorized_only,0.27935211137641347,0.014721691241978066
Schmidt,3,MGST3+TRIM21,combo_seen1,100,WitnessCell,0.9710941858638922,0.03747384445160094
Schmidt,3,MGST3+TRIM21,combo_seen1,100,factorized_only,0.9709825946700492,0.037493709504363426
Schmidt,3,MGST3+TRIM21,combo_seen1,5000,WitnessCell,0.24123642201928683,0.00746836136744088
Schmidt,3,MGST3+TRIM21,combo_seen1,5000,factorized_only,0.2408415409351488,0.007470514789794885
Schmidt,3,PRKD2+TNFRSF1B,combo_seen1,100,WitnessCell,0.8861681536433219,0.034481220374245
Schmidt,3,PRKD2+TNFRSF1B,combo_seen1,100,factorized_only,0.8844523197336449,0.034565291194043106
Schmidt,3,PRKD2+TNFRSF1B,combo_seen1,5000,WitnessCell,0.6407092654480782,0.010162299041662234
Schmidt,3,PRKD2+TNFRSF1B,combo_seen1,5000,factorized_only,0.6389253048806367,0.010170758212282223
Schmidt,3,TNFRSF1B+TRAF3IP2,combo_seen1,100,WitnessCell,0.9671979661821801,0.00874025217349296
Schmidt,3,TNFRSF1B+TRAF3IP2,combo_seen1,100,factorized_only,0.966605215244175,0.008778335191041377
Schmidt,3,TNFRSF1B+TRAF3IP2,combo_seen1,5000,WitnessCell,0.6323003112965566,0.007436276747574969
Schmidt,3,TNFRSF1B+TRAF3IP2,combo_seen1,5000,factorized_only,0.6326295609120752,0.0074320317941663485
Schmidt,3,TNFRSF12A+TRAF3IP2,combo_seen1,100,WitnessCell,0.26568567072536886,0.00807737628268288
Schmidt,3,TNFRSF12A+TRAF3IP2,combo_seen1,100,factorized_only,0.2648811328705638,0.00806876997382106
Schmidt,3,TNFRSF12A+TRAF3IP2,combo_seen1,5000,WitnessCell,0.5509627959842925,0.007871305657671007
Schmidt,3,TNFRSF12A+TRAF3IP2,combo_seen1,5000,factorized_only,0.5521735239663876,0.007857021360641531
Schmidt,3,PRKD2+VAV1,combo_seen2,100,WitnessCell,0.19074873700911255,0.0036292386048584445
Schmidt,3,PRKD2+VAV1,combo_seen2,100,factorized_only,0.19360036183231358,0.0036126374317138553
Schmidt,3,PRKD2+VAV1,combo_seen2,5000,WitnessCell,0.5649471394538063,0.006258635917971112
Schmidt,3,PRKD2+VAV1,combo_seen2,5000,factorized_only,0.5632511057452677,0.006279901368333172
Schmidt,3,TNFRSF1A+TRAF3IP2,combo_seen2,100,WitnessCell,0.9413936015914052,0.004036940237228971
Schmidt,3,TNFRSF1A+TRAF3IP2,combo_seen2,100,factorized_only,0.940296011497634,0.004080895811073778
Schmidt,3,TNFRSF1A+TRAF3IP2,combo_seen2,5000,WitnessCell,0.7196008558119895,0.005773975453959847
Schmidt,3,TNFRSF1A+TRAF3IP2,combo_seen2,5000,factorized_only,0.7181554642191714,0.005800801520501313
Schmidt,3,TRAF3IP2+TRIM21,combo_seen2,100,WitnessCell,0.44634028935590575,0.005748363270355656
Schmidt,3,TRAF3IP2+TRIM21,combo_seen2,100,factorized_only,0.44758456928179463,0.005738172369190561
Schmidt,3,TRAF3IP2+TRIM21,combo_seen2,5000,WitnessCell,0.37514021251767365,0.0074553844005788945
Schmidt,3,TRAF3IP2+TRIM21,combo_seen2,5000,factorized_only,0.37277303594477457,0.007476890239298552
Schmidt,3,ABCB10,unseen_single,100,WitnessCell,0.5684020690395365,0.035385891192265984
Schmidt,3,ABCB10,unseen_single,100,factorized_only,0.5684020690395365,0.035385891192265984
Schmidt,3,ABCB10,unseen_single,5000,WitnessCell,0.40294813912470345,0.0015580587299747716
Schmidt,3,ABCB10,unseen_single,5000,factorized_only,0.40294813912470345,0.0015580587299747716
Schmidt,3,APOL2,unseen_single,100,WitnessCell,0.9129279573248853,0.034318851328077854
Schmidt,3,APOL2,unseen_single,100,factorized_only,0.9129279573248853,0.034318851328077854
Schmidt,3,APOL2,unseen_single,5000,WitnessCell,0.6464852216793442,0.001243320934216477
Schmidt,3,APOL2,unseen_single,5000,factorized_only,0.6464852216793442,0.001243320934216477
Schmidt,3,EMP3,unseen_single,100,WitnessCell,0.7796380637101107,0.009468308364636652
Schmidt,3,EMP3,unseen_single,100,factorized_only,0.7796380637101107,0.009468308364636652
Schmidt,3,EMP3,unseen_single,5000,WitnessCell,0.5413077887557908,0.000627021483032247
Schmidt,3,EMP3,unseen_single,5000,factorized_only,0.5413077887557908,0.000627021483032247
Schmidt,3,FOSB,unseen_single,100,WitnessCell,0.24590465821998908,0.05255343749433275
Schmidt,3,FOSB,unseen_single,100,factorized_only,0.24590465821998908,0.05255343749433275
Schmidt,3,FOSB,unseen_single,5000,WitnessCell,0.3547188092477258,0.0019765948502967214
Schmidt,3,FOSB,unseen_single,5000,factorized_only,0.3547188092477258,0.0019765948502967214
Schmidt,3,LCP2,unseen_single,100,WitnessCell,0.8423918052331593,0.029594663876770396
Schmidt,3,LCP2,unseen_single,100,factorized_only,0.8423918052331593,0.029594663876770396
Schmidt,3,LCP2,unseen_single,5000,WitnessCell,0.6982265250769687,0.0012510233356007236
Schmidt,3,LCP2,unseen_single,5000,factorized_only,0.6982265250769687,0.0012510233356007236
Schmidt,3,LHX6,unseen_single,100,WitnessCell,0.7612332644979933,0.027926462145577365
Schmidt,3,LHX6,unseen_single,100,factorized_only,0.7612332644979933,0.027926462145577365
Schmidt,3,LHX6,unseen_single,5000,WitnessCell,0.6076920247581964,0.001134552021059692
Schmidt,3,LHX6,unseen_single,5000,factorized_only,0.6076920247581964,0.001134552021059692
Schmidt,3,MGST3,unseen_single,100,WitnessCell,0.8686797549535861,0.029654915030097973
Schmidt,3,MGST3,unseen_single,100,factorized_only,0.8686797549535861,0.029654915030097973
Schmidt,3,MGST3,unseen_single,5000,WitnessCell,0.612025978913852,0.0011682465384046518
Schmidt,3,MGST3,unseen_single,5000,factorized_only,0.612025978913852,0.0011682465384046518
Schmidt,3,TNFRSF1B,unseen_single,100,WitnessCell,0.9051983330058929,0.14304713288364623
Schmidt,3,TNFRSF1B,unseen_single,100,factorized_only,0.9051983330058929,0.14304713288364623
Schmidt,3,TNFRSF1B,unseen_single,5000,WitnessCell,0.9067255535036225,0.004695929861319155
Schmidt,3,TNFRSF1B,unseen_single,5000,factorized_only,0.9067255535036225,0.004695929861319155
Schmidt,3,TNFRSF12A,unseen_single,100,WitnessCell,0.6461005830465696,0.016440825334499573
Schmidt,3,TNFRSF12A,unseen_single,100,factorized_only,0.6461005830465696,0.016440825334499573
Schmidt,3,TNFRSF12A,unseen_single,5000,WitnessCell,0.5796979969337691,0.0007745880099999397
Schmidt,3,TNFRSF12A,unseen_single,5000,factorized_only,0.5796979969337691,0.0007745880099999397
Schmidt,3,EMP3+LCP2,combo_seen0,100,WitnessCell,0.9261460305314037,0.021799694033157714
Schmidt,3,EMP3+LCP2,combo_seen0,100,factorized_only,0.9261460305314037,0.021799694033157714
Schmidt,3,EMP3+LCP2,combo_seen0,5000,WitnessCell,0.2231061436262872,0.009711154612376215
Schmidt,3,EMP3+LCP2,combo_seen0,5000,factorized_only,0.2231061436262872,0.009711154612376215
Schmidt,3,EMP3+TNFRSF1B,combo_seen0,100,WitnessCell,0.9933199294258934,0.01838519071148929
Schmidt,3,EMP3+TNFRSF1B,combo_seen0,100,factorized_only,0.9933199294258934,0.01838519071148929
Schmidt,3,EMP3+TNFRSF1B,combo_seen0,5000,WitnessCell,0.7759160744748761,0.006817987289640585
Schmidt,3,EMP3+TNFRSF1B,combo_seen0,5000,factorized_only,0.7759160744748761,0.006817987289640585
Wessels,1,DOT1L+GFI1,combo_seen1,100,WitnessCell,0.6075732811852774,0.22738867685908118
Wessels,1,DOT1L+GFI1,combo_seen1,100,factorized_only,0.5342830553727794,0.23920711706711134
Wessels,1,DOT1L+GFI1,combo_seen1,5000,WitnessCell,0.5979966922111727,0.00606856153754596
Wessels,1,DOT1L+GFI1,combo_seen1,5000,factorized_only,0.4891205887659497,0.007395022488589879
Wessels,1,DOT1L+IKZF1,combo_seen1,100,WitnessCell,0.8852765128939343,0.010294010148224059
Wessels,1,DOT1L+IKZF1,combo_seen1,100,factorized_only,0.8374215661354668,0.013982040189286879
Wessels,1,DOT1L+IKZF1,combo_seen1,5000,WitnessCell,0.5957920801771396,0.002130904794135595
Wessels,1,DOT1L+IKZF1,combo_seen1,5000,factorized_only,0.5278460204585916,0.0030579965736156362
Wessels,1,DOT1L+INTS1,combo_seen1,100,WitnessCell,0.42437702509242964,0.05094878490303376
Wessels,1,DOT1L+INTS1,combo_seen1,100,factorized_only,0.35933472745680384,0.05619933341845263
Wessels,1,DOT1L+INTS1,combo_seen1,5000,WitnessCell,0.29941368064181484,0.0035764372490639175
Wessels,1,DOT1L+INTS1,combo_seen1,5000,factorized_only,0.2615223374558298,0.0045832076812678015
Wessels,1,EP300+GFI1,combo_seen1,100,WitnessCell,0.8799923530755576,0.03953738228862706
Wessels,1,EP300+GFI1,combo_seen1,100,factorized_only,0.9019422405913974,0.03789677328114494
Wessels,1,EP300+GFI1,combo_seen1,5000,WitnessCell,0.82912576687019,0.0028987648481906872
Wessels,1,EP300+GFI1,combo_seen1,5000,factorized_only,0.8140780478040416,0.004042733990860517
Wessels,1,EP300+IKZF1,combo_seen1,100,WitnessCell,0.9519789496593187,0.01048506944273981
Wessels,1,EP300+IKZF1,combo_seen1,100,factorized_only,0.9240365191335892,0.0218536990759495
Wessels,1,EP300+IKZF1,combo_seen1,5000,WitnessCell,0.8144941157193926,0.0026562389125189627
Wessels,1,EP300+IKZF1,combo_seen1,5000,factorized_only,0.7521572185236718,0.005229640982261361
Wessels,1,EP300+INTS1,combo_seen1,100,WitnessCell,0.9559474475766315,0.013252560291717173
Wessels,1,EP300+INTS1,combo_seen1,100,factorized_only,0.942478665329424,0.024893475865432776
Wessels,1,EP300+INTS1,combo_seen1,5000,WitnessCell,0.8581030481367414,0.002230498026013998
Wessels,1,EP300+INTS1,combo_seen1,5000,factorized_only,0.8098565707308296,0.0041188028334229795
Wessels,1,FLI1+GFI1,combo_seen1,100,WitnessCell,0.95571220680838,0.08290619763950076
Wessels,1,FLI1+GFI1,combo_seen1,100,factorized_only,0.9425867980901378,0.08694441363203889
Wessels,1,FLI1+GFI1,combo_seen1,5000,WitnessCell,0.8933037747765195,0.0035854054694330726
Wessels,1,FLI1+GFI1,combo_seen1,5000,factorized_only,0.8545562694352575,0.004303191001847887
Wessels,1,FLI1+IKZF1,combo_seen1,100,WitnessCell,0.9732000898353486,0.013118888000029973
Wessels,1,FLI1+IKZF1,combo_seen1,100,factorized_only,0.9625404585208004,0.01668686726777172
Wessels,1,FLI1+IKZF1,combo_seen1,5000,WitnessCell,0.9030040711648324,0.0016658784418473779
Wessels,1,FLI1+IKZF1,combo_seen1,5000,factorized_only,0.8702090756906499,0.0024101033603447534
Wessels,1,FLI1+INTS1,combo_seen1,100,WitnessCell,0.9094559120185445,0.026259785880298397
Wessels,1,FLI1+INTS1,combo_seen1,100,factorized_only,0.9106262089751455,0.028173321315891744
Wessels,1,FLI1+INTS1,combo_seen1,5000,WitnessCell,0.8500881292254625,0.002344081020083221
Wessels,1,FLI1+INTS1,combo_seen1,5000,factorized_only,0.8369759595240147,0.002993574676354585
Wessels,1,GATA2+GFI1,combo_seen1,100,WitnessCell,0.6496948587281901,0.2514217565308375
Wessels,1,GATA2+GFI1,combo_seen1,100,factorized_only,0.5275681190387324,0.25764376354189455
Wessels,1,GATA2+GFI1,combo_seen1,5000,WitnessCell,0.5718454456376377,0.006504008364012654
Wessels,1,GATA2+GFI1,combo_seen1,5000,factorized_only,0.5040784888800885,0.0072133508522442685
Wessels,1,GATA2+IKZF1,combo_seen1,100,WitnessCell,0.8485275289637048,0.01097132198370643
Wessels,1,GATA2+IKZF1,combo_seen1,100,factorized_only,0.7867180339092615,0.01712940948335838
Wessels,1,GATA2+IKZF1,combo_seen1,5000,WitnessCell,0.653898878855482,0.0012969288329693635
Wessels,1,GATA2+IKZF1,combo_seen1,5000,factorized_only,0.6110245756779158,0.0023563460780231375
Wessels,1,GATA2+INTS1,combo_seen1,100,WitnessCell,0.2569691769338801,0.03232306946373252
Wessels,1,GATA2+INTS1,combo_seen1,100,factorized_only,0.09839844798395024,0.0466073902307656
Wessels,1,GATA2+INTS1,combo_seen1,5000,WitnessCell,0.2080826940126111,0.002552490815197796
Wessels,1,GATA2+INTS1,combo_seen1,5000,factorized_only,0.14289272288814925,0.004359694543375866
Wessels,1,GFI1+GSE1,combo_seen1,100,WitnessCell,0.5348838197036042,0.34363069304104354
Wessels,1,GFI1+GSE1,combo_seen1,100,factorized_only,0.5348838197036042,0.34363069304104354
Wessels,1,GFI1+GSE1,combo_seen1,5000,WitnessCell,0.493541075467211,0.009711552092641905
Wessels,1,GFI1+GSE1,combo_seen1,5000,factorized_only,0.493541075467211,0.009711552092641905
Wessels,1,GFI1+HDAC3,combo_seen1,100,WitnessCell,0.7894514472638178,0.29122087871447067
Wessels,1,GFI1+HDAC3,combo_seen1,100,factorized_only,0.7587739584407355,0.299636789389556
Wessels,1,GFI1+HDAC3,combo_seen1,5000,WitnessCell,0.7182217808635607,0.007474498586511865
Wessels,1,GFI1+HDAC3,combo_seen1,5000,factorized_only,0.6030586686235944,0.009119952382828445
Wessels,1,GFI1+KDM1A,combo_seen1,100,WitnessCell,0.9715052814050288,0.07413181738062014
Wessels,1,GFI1+KDM1A,combo_seen1,100,factorized_only,0.5274881746359871,0.4624712755379194
Wessels,1,GFI1+KDM1A,combo_seen1,5000,WitnessCell,0.9168737588561752,0.0030744206361374106
Wessels,1,GFI1+KDM1A,combo_seen1,5000,factorized_only,0.5314784717605745,0.0125055981905463
Wessels,1,GFI1+MED24,combo_seen1,100,WitnessCell,0.8423929729013291,0.1326522989483012
Wessels,1,GFI1+MED24,combo_seen1,100,factorized_only,0.8423929729013291,0.1326522989483012
Wessels,1,GFI1+MED24,combo_seen1,5000,WitnessCell,0.7222296149743646,0.005723266491272757
Wessels,1,GFI1+MED24,combo_seen1,5000,factorized_only,0.7222296149743646,0.005723266491272757
Wessels,1,GFI1+RCOR1,combo_seen1,100,WitnessCell,0.62184297100361,0.17666320376846315
Wessels,1,GFI1+RCOR1,combo_seen1,100,factorized_only,0.6485674566710421,0.16939009956509904
Wessels,1,GFI1+RCOR1,combo_seen1,5000,WitnessCell,0.5915831990254338,0.005351242512212701
Wessels,1,GFI1+RCOR1,combo_seen1,5000,factorized_only,0.49930355624227113,0.006648422190821189
Wessels,1,GFI1+RING1,combo_seen1,100,WitnessCell,0.7297164209495974,0.18780537187134227
Wessels,1,GFI1+RING1,combo_seen1,100,factorized_only,0.6872251342157217,0.19130682650705272
Wessels,1,GFI1+RING1,combo_seen1,5000,WitnessCell,0.6589830064410958,0.005141007137813056
Wessels,1,GFI1+RING1,combo_seen1,5000,factorized_only,0.43674071023455935,0.007507230014474849
Wessels,1,GFI1+SMARCD1,combo_seen1,100,WitnessCell,0.582846014128217,0.16333075178767106
Wessels,1,GFI1+SMARCD1,combo_seen1,100,factorized_only,0.5959742063319613,0.15859167904326754
Wessels,1,GFI1+SMARCD1,combo_seen1,5000,WitnessCell,0.6244049336199434,0.004780550969542375
Wessels,1,GFI1+SMARCD1,combo_seen1,5000,factorized_only,0.5719760036694306,0.006216258575660062
Wessels,1,GSE1+IKZF1,combo_seen1,100,WitnessCell,0.5948531104151336,0.09323822064547034
Wessels,1,GSE1+IKZF1,combo_seen1,100,factorized_only,0.5948531104151336,0.09323822064547034
Wessels,1,GSE1+IKZF1,combo_seen1,5000,WitnessCell,0.5220239111563233,0.004215244815028443
Wessels,1,GSE1+IKZF1,combo_seen1,5000,factorized_only,0.5220239111563233,0.004215244815028443
Wessels,1,GSE1+INTS1,combo_seen1,100,WitnessCell,0.282201482419614,0.21894231742850345
Wessels,1,GSE1+INTS1,combo_seen1,100,factorized_only,0.282201482419614,0.21894231742850345
Wessels,1,GSE1+INTS1,combo_seen1,5000,WitnessCell,0.3632656505101802,0.006536729302827649
Wessels,1,GSE1+INTS1,combo_seen1,5000,factorized_only,0.3632656505101802,0.006536729302827649
Wessels,1,HDAC3+IKZF1,combo_seen1,100,WitnessCell,0.9289099628094808,0.01180010041835009
Wessels,1,HDAC3+IKZF1,combo_seen1,100,factorized_only,0.9120575058892734,0.014642845235127357
Wessels,1,HDAC3+IKZF1,combo_seen1,5000,WitnessCell,0.7168663128715823,0.002260770620252364
Wessels,1,HDAC3+IKZF1,combo_seen1,5000,factorized_only,0.5741991972186862,0.0043088439474949424
Wessels,1,HDAC3+INTS1,combo_seen1,100,WitnessCell,0.7609470727660715,0.03807184381444762
Wessels,1,HDAC3+INTS1,combo_seen1,100,factorized_only,0.7423798419394656,0.03977011197859224
Wessels,1,HDAC3+INTS1,combo_seen1,5000,WitnessCell,0.6601491340094601,0.0027776961549152105
Wessels,1,HDAC3+INTS1,combo_seen1,5000,factorized_only,0.5645894630001692,0.004477368681380303
Wessels,1,IKZF1+KDM1A,combo_seen1,100,WitnessCell,0.9680567405590033,0.01990295323864266
Wessels,1,IKZF1+KDM1A,combo_seen1,100,factorized_only,0.5255491160512643,0.26637792672566946
Wessels,1,IKZF1+KDM1A,combo_seen1,5000,WitnessCell,0.917908056198326,0.001796618284947686
Wessels,1,IKZF1+KDM1A,combo_seen1,5000,factorized_only,0.5677442448190857,0.0075282443584803165
Wessels,1,IKZF1+MED24,combo_seen1,100,WitnessCell,0.9135677547320589,0.09533806225214388
Wessels,1,IKZF1+MED24,combo_seen1,100,factorized_only,0.9135677547320589,0.09533806225214388
Wessels,1,IKZF1+MED24,combo_seen1,5000,WitnessCell,0.7244125128539401,0.005833419896506621
Wessels,1,IKZF1+MED24,combo_seen1,5000,factorized_only,0.7244125128539401,0.005833419896506621
Wessels,1,IKZF1+RCOR1,combo_seen1,100,WitnessCell,0.8745517907357773,0.005997676026017651
Wessels,1,IKZF1+RCOR1,combo_seen1,100,factorized_only,0.8156125347495937,0.007306505087532751
Wessels,1,IKZF1+RCOR1,combo_seen1,5000,WitnessCell,0.4490723121298031,0.002809099725667825
Wessels,1,IKZF1+RCOR1,combo_seen1,5000,factorized_only,0.3739209625713255,0.004368925186213308
Wessels,1,IKZF1+SMARCD1,combo_seen1,100,WitnessCell,0.9313497324552786,0.012934112411446437
Wessels,1,IKZF1+SMARCD1,combo_seen1,100,factorized_only,0.9011618331288144,0.01943494814138562
Wessels,1,IKZF1+SMARCD1,combo_seen1,5000,WitnessCell,0.811324203355791,0.0014259969709140108
Wessels,1,IKZF1+SMARCD1,combo_seen1,5000,factorized_only,0.7174117583409411,0.003250664438882366
Wessels,1,INTS1+KDM1A,combo_seen1,100,WitnessCell,0.9153360722967236,0.058706679609463644
Wessels,1,INTS1+KDM1A,combo_seen1,100,factorized_only,0.1945466240068205,0.3796375403615542
Wessels,1,INTS1+KDM1A,combo_seen1,5000,WitnessCell,0.8507289707034834,0.003386041384500708
Wessels,1,INTS1+KDM1A,combo_seen1,5000,factorized_only,0.4072031709857214,0.010124669718317283
Wessels,1,INTS1+MED24,combo_seen1,100,WitnessCell,0.8497072280020438,0.12948810106908618
Wessels,1,INTS1+MED24,combo_seen1,100,factorized_only,0.8497072280020438,0.12948810106908618
Wessels,1,INTS1+MED24,combo_seen1,5000,WitnessCell,0.6942001475485339,0.006363985759679591
Wessels,1,INTS1+MED24,combo_seen1,5000,factorized_only,0.6942001475485339,0.006363985759679591
Wessels,1,INTS1+MYB,combo_seen1,100,WitnessCell,0.8053491072259779,0.16439184425766473
Wessels,1,INTS1+MYB,combo_seen1,100,factorized_only,0.8053491072259779,0.16439184425766473
Wessels,1,INTS1+MYB,combo_seen1,5000,WitnessCell,0.6880627598471415,0.007164110984255568
Wessels,1,INTS1+MYB,combo_seen1,5000,factorized_only,0.6880627598471415,0.007164110984255568
Wessels,1,INTS1+RCOR1,combo_seen1,100,WitnessCell,0.4859915670693936,0.023332887670965297
Wessels,1,INTS1+RCOR1,combo_seen1,100,factorized_only,0.5102435230545845,0.025106017649368435
Wessels,1,INTS1+RCOR1,combo_seen1,5000,WitnessCell,0.3761737456045046,0.0025968596048371487
Wessels,1,INTS1+RCOR1,combo_seen1,5000,factorized_only,0.3453963878088613,0.004069585047816635
Wessels,1,INTS1+RING1,combo_seen1,100,WitnessCell,0.4229828612057728,0.04657807868371199
Wessels,1,INTS1+RING1,combo_seen1,100,factorized_only,0.4765319246526766,0.04366375116364733
Wessels,1,INTS1+RING1,combo_seen1,5000,WitnessCell,0.38269758959171934,0.0030239390769765825
Wessels,1,INTS1+RING1,combo_seen1,5000,factorized_only,0.37664818978616366,0.003797083785783126
Wessels,1,INTS1+SMARCD1,combo_seen1,100,WitnessCell,0.8839592727670715,0.011956521886795643
Wessels,1,INTS1+SMARCD1,combo_seen1,100,factorized_only,0.8689796468277157,0.01655249286847637
Wessels,1,INTS1+SMARCD1,combo_seen1,5000,WitnessCell,0.5976726885252562,0.002538609110578907
Wessels,1,INTS1+SMARCD1,combo_seen1,5000,factorized_only,0.5179652935560528,0.004899401476328548
Wessels,1,INTS1+SSRP1,combo_seen1,100,WitnessCell,0.6535986800806841,0.025737092848349352
Wessels,1,INTS1+SSRP1,combo_seen1,100,factorized_only,0.6040537360513281,0.029133420060100404
Wessels,1,INTS1+SSRP1,combo_seen1,5000,WitnessCell,0.48979557242012894,0.0027831842593870745
Wessels,1,INTS1+SSRP1,combo_seen1,5000,factorized_only,0.4719278422791344,0.0030503972529392987
Wessels,1,MED13L+MED16,combo_seen1,100,WitnessCell,0.9672723656135626,0.011952588829058157
Wessels,1,MED13L+MED16,combo_seen1,100,factorized_only,0.9175457265689467,0.03655405513132006
Wessels,1,MED13L+MED16,combo_seen1,5000,WitnessCell,0.8365972661956076,0.0019802697909514864
Wessels,1,MED13L+MED16,combo_seen1,5000,factorized_only,0.7079748198732254,0.0032088702763217666
Wessels,1,MED13L+MED19,combo_seen1,100,WitnessCell,0.9760673099593062,0.0366537943554512
Wessels,1,MED13L+MED19,combo_seen1,100,factorized_only,0.923906847095151,0.09370740409684679
Wessels,1,MED13L+MED19,combo_seen1,5000,WitnessCell,0.8731461825228866,0.0029807264379204082
Wessels,1,MED13L+MED19,combo_seen1,5000,factorized_only,0.7149676114176287,0.005941110628603146
Wessels,1,MED13L+MED22,combo_seen1,100,WitnessCell,0.9633704800529218,0.01956197678926509
Wessels,1,MED13L+MED22,combo_seen1,100,factorized_only,0.9041064957019967,0.056537943774425
Wessels,1,MED13L+MED22,combo_seen1,5000,WitnessCell,0.8474289883237057,0.002254878315529058
Wessels,1,MED13L+MED22,combo_seen1,5000,factorized_only,0.7159841913922421,0.003908297665672725
Wessels,1,MED13L+MED24,combo_seen1,100,WitnessCell,0.9081036577180637,0.14352504056865
Wessels,1,MED13L+MED24,combo_seen1,100,factorized_only,0.9081036577180637,0.14352504056865
Wessels,1,MED13L+MED24,combo_seen1,5000,WitnessCell,0.7078041225348543,0.007695314072566369
Wessels,1,MED13L+MED24,combo_seen1,5000,factorized_only,0.7078041225348543,0.007695314072566369
Wessels,1,MED14+MED19,combo_seen1,100,WitnessCell,0.9746826691098346,0.0869690389255555
Wessels,1,MED14+MED19,combo_seen1,100,factorized_only,0.8992666669336798,0.17792055769172366
Wessels,1,MED14+MED19,combo_seen1,5000,WitnessCell,0.8722757350002751,0.005544167185712278
Wessels,1,MED14+MED19,combo_seen1,5000,factorized_only,0.6902565287547148,0.010113102111436657
Wessels,1,MED14+MED22,combo_seen1,100,WitnessCell,0.9587391361310442,0.06154867729396172
Wessels,1,MED14+MED22,combo_seen1,100,factorized_only,0.8894310246694345,0.1279476598859786
Wessels,1,MED14+MED22,combo_seen1,5000,WitnessCell,0.839297324300238,0.005167319434393133
Wessels,1,MED14+MED22,combo_seen1,5000,factorized_only,0.6918439558599133,0.00849988604457878
Wessels,1,MED14+MED24,combo_seen1,100,WitnessCell,0.8890829773940717,0.1663292293654008
Wessels,1,MED14+MED24,combo_seen1,100,factorized_only,0.8890829773940717,0.1663292293654008
Wessels,1,MED14+MED24,combo_seen1,5000,WitnessCell,0.7083218123382812,0.009234441887616114
Wessels,1,MED14+MED24,combo_seen1,5000,factorized_only,0.7083218123382812,0.009234441887616114
Wessels,1,SUPT5H+SUPT6H,combo_seen1,100,WitnessCell,0.8418402650040644,0.019958550203500885
Wessels,1,SUPT5H+SUPT6H,combo_seen1,100,factorized_only,0.8418402650040644,0.019958550203500885
Wessels,1,SUPT5H+SUPT6H,combo_seen1,5000,WitnessCell,0.689709072546505,0.0022037997972821047
Wessels,1,SUPT5H+SUPT6H,combo_seen1,5000,factorized_only,0.689709072546505,0.0022037997972821047
Wessels,1,SUPT16H+SUPT5H,combo_seen1,100,WitnessCell,0.9468890176938792,0.01846100372380668
Wessels,1,SUPT16H+SUPT5H,combo_seen1,100,factorized_only,0.9468890176938792,0.01846100372380668
Wessels,1,SUPT16H+SUPT5H,combo_seen1,5000,WitnessCell,0.8041214386869632,0.003414413882060523
Wessels,1,SUPT16H+SUPT5H,combo_seen1,5000,factorized_only,0.8041214386869632,0.003414413882060523
Wessels,1,DOT1L+EP300,combo_seen2,100,WitnessCell,0.9752590812458245,0.006814018735609626
Wessels,1,DOT1L+EP300,combo_seen2,100,factorized_only,0.9593271814125052,0.019344206395655258
Wessels,1,DOT1L+EP300,combo_seen2,5000,WitnessCell,0.9048478834222545,0.0012588382578692767
Wessels,1,DOT1L+EP300,combo_seen2,5000,factorized_only,0.8216930911424238,0.0036550662979113768
Wessels,1,DOT1L+FLI1,combo_seen2,100,WitnessCell,0.9833213602541147,0.008924143974674106
Wessels,1,DOT1L+FLI1,combo_seen2,100,factorized_only,0.9551022472924757,0.017169244124564026
Wessels,1,DOT1L+FLI1,combo_seen2,5000,WitnessCell,0.921749541511728,0.001177738580130837
Wessels,1,DOT1L+FLI1,combo_seen2,5000,factorized_only,0.8327828886573344,0.0028517376839381514
Wessels,1,DOT1L+KDM1A,combo_seen2,100,WitnessCell,0.9855107727384796,0.04256657900249939
Wessels,1,DOT1L+KDM1A,combo_seen2,100,factorized_only,0.5498017482431593,0.3937243691432844
Wessels,1,DOT1L+KDM1A,combo_seen2,5000,WitnessCell,0.9574160276130749,0.0017720562001714143
Wessels,1,DOT1L+KDM1A,combo_seen2,5000,factorized_only,0.5279379986607793,0.01153631799108321
Wessels,1,DOT1L+MED24,combo_seen2,100,WitnessCell,0.9148492258616778,0.09619270194799427
Wessels,1,DOT1L+MED24,combo_seen2,100,factorized_only,0.8647543565814284,0.10141991447966639
Wessels,1,DOT1L+MED24,combo_seen2,5000,WitnessCell,0.753336546229643,0.004846598862282291
Wessels,1,DOT1L+MED24,combo_seen2,5000,factorized_only,0.6354848148925375,0.005992003635410778
Wessels,1,DOT1L+RCOR1,combo_seen2,100,WitnessCell,0.9570657963160706,0.0029190928582923025
Wessels,1,DOT1L+RCOR1,combo_seen2,100,factorized_only,0.9050651793642426,0.007097905797401097
Wessels,1,DOT1L+RCOR1,combo_seen2,5000,WitnessCell,0.7478582466075882,0.0010241954560402328
Wessels,1,DOT1L+RCOR1,combo_seen2,5000,factorized_only,0.5579941791142818,0.003238574798441428
Wessels,1,DOT1L+SMARCD1,combo_seen2,100,WitnessCell,0.9787520331674596,0.007552819482337913
Wessels,1,DOT1L+SMARCD1,combo_seen2,100,factorized_only,0.9474267261774687,0.011728417497635977
Wessels,1,DOT1L+SMARCD1,combo_seen2,5000,WitnessCell,0.8718282080089693,0.0011614580251233584
Wessels,1,DOT1L+SMARCD1,combo_seen2,5000,factorized_only,0.7274350197143775,0.0031488994024493977
Wessels,1,EP300+GATA2,combo_seen2,100,WitnessCell,0.9848607412459028,0.0034364436436724556
Wessels,1,EP300+GATA2,combo_seen2,100,factorized_only,0.9496227843024995,0.02773342547231259
Wessels,1,EP300+GATA2,combo_seen2,5000,WitnessCell,0.9183390367917554,0.000942322723063214
Wessels,1,EP300+GATA2,combo_seen2,5000,factorized_only,0.8447860322708098,0.00366205849011264
Wessels,1,EP300+GSE1,combo_seen2,100,WitnessCell,0.9407455498349141,0.012756341143052734
Wessels,1,EP300+GSE1,combo_seen2,100,factorized_only,0.9326735849823801,0.021270690097907826
Wessels,1,EP300+GSE1,combo_seen2,5000,WitnessCell,0.7268001930215456,0.0038149792564557417
Wessels,1,EP300+GSE1,combo_seen2,5000,factorized_only,0.6975318399050223,0.006175288122843448
Wessels,1,EP300+MED24,combo_seen2,100,WitnessCell,0.9587450404653597,0.03249851792913317
Wessels,1,EP300+MED24,combo_seen2,100,factorized_only,0.955091382814472,0.02569616143772646
Wessels,1,EP300+MED24,combo_seen2,5000,WitnessCell,0.875268860463285,0.0026610083091540685
Wessels,1,EP300+MED24,combo_seen2,5000,factorized_only,0.8359920416793349,0.003839781644961927
Wessels,1,EP300+MYB,combo_seen2,100,WitnessCell,0.835552070957791,0.1132821090352234
Wessels,1,EP300+MYB,combo_seen2,100,factorized_only,0.8348563522154892,0.1031276171325846
Wessels,1,EP300+MYB,combo_seen2,5000,WitnessCell,0.7126770228071203,0.007004216727975784
Wessels,1,EP300+MYB,combo_seen2,5000,factorized_only,0.6871967623034311,0.008235893677512708
Wessels,1,EP300+SSRP1,combo_seen2,100,WitnessCell,0.9866610612002887,0.0063494350581581975
Wessels,1,EP300+SSRP1,combo_seen2,100,factorized_only,0.9774311624623839,0.0110794558924742
Wessels,1,EP300+SSRP1,combo_seen2,5000,WitnessCell,0.8971076318964187,0.0017112800053664685
Wessels,1,EP300+SSRP1,combo_seen2,5000,factorized_only,0.8635663566403032,0.003020855199720627
Wessels,1,FLI1+MED24,combo_seen2,100,WitnessCell,0.950620325359919,0.04058858044425164
Wessels,1,FLI1+MED24,combo_seen2,100,factorized_only,0.9458279580076636,0.04061190485063717
Wessels,1,FLI1+MED24,combo_seen2,5000,WitnessCell,0.8616076176921543,0.0033174511112793654
Wessels,1,FLI1+MED24,combo_seen2,5000,factorized_only,0.8280351736835021,0.004044009959368505
Wessels,1,GATA2+SSRP1,combo_seen2,100,WitnessCell,0.8557627324997389,0.005208554578523587
Wessels,1,GATA2+SSRP1,combo_seen2,100,factorized_only,0.8093456659615068,0.007020816666435554
Wessels,1,GATA2+SSRP1,combo_seen2,5000,WitnessCell,0.5304479861112237,0.0020692488024839435
Wessels,1,GATA2+SSRP1,combo_seen2,5000,factorized_only,0.5334693726497788,0.0029425920336281926
Wessels,1,HDAC3+MED24,combo_seen2,100,WitnessCell,0.8541179091779674,0.10452520278395064
Wessels,1,HDAC3+MED24,combo_seen2,100,factorized_only,0.8268835976127978,0.10393631038038155
Wessels,1,HDAC3+MED24,combo_seen2,5000,WitnessCell,0.6649782577928136,0.006542937739732522
Wessels,1,HDAC3+MED24,combo_seen2,5000,factorized_only,0.6260724632465916,0.007200500712161947
Wessels,1,KDM1A+RING1,combo_seen2,100,WitnessCell,0.9900341597206656,0.013652355316130977
Wessels,1,KDM1A+RING1,combo_seen2,100,factorized_only,0.6651685626358604,0.263946381882416
Wessels,1,KDM1A+RING1,combo_seen2,5000,WitnessCell,0.9491070218453614,0.0013034133622334644
Wessels,1,KDM1A+RING1,combo_seen2,5000,factorized_only,0.42996547344668373,0.010323426260687432
Wessels,1,SMARCA5+SMARCD1,combo_seen2,100,WitnessCell,0.9502647468111577,0.012688361473982583
Wessels,1,SMARCA5+SMARCD1,combo_seen2,100,factorized_only,0.9510838573852439,0.01939652242765858
Wessels,1,SMARCA5+SMARCD1,combo_seen2,5000,WitnessCell,0.7759190800780301,0.0025884404399483143
Wessels,1,SMARCA5+SMARCD1,combo_seen2,5000,factorized_only,0.7390128133469963,0.004362248205006721
Wessels,1,SMARCD1+SSRP1,combo_seen2,100,WitnessCell,0.9577181153466401,0.008468236344888684
Wessels,1,SMARCD1+SSRP1,combo_seen2,100,factorized_only,0.9046941629957878,0.01704373579912321
Wessels,1,SMARCD1+SSRP1,combo_seen2,5000,WitnessCell,0.7598144095231331,0.0018881225370119047
Wessels,1,SMARCD1+SSRP1,combo_seen2,5000,factorized_only,0.67569446976803,0.003747732193845209
Wessels,1,GFI1,unseen_single,100,WitnessCell,0.5893888423914434,0.21840418365222095
Wessels,1,GFI1,unseen_single,100,factorized_only,0.5893888423914434,0.21840418365222095
Wessels,1,GFI1,unseen_single,5000,WitnessCell,0.5291278320676465,0.006690303043792636
Wessels,1,GFI1,unseen_single,5000,factorized_only,0.5291278320676465,0.006690303043792636
Wessels,1,INTS1,unseen_single,100,WitnessCell,-0.2929126653535638,0.049727272130513395
Wessels,1,INTS1,unseen_single,100,factorized_only,-0.2929126653535638,0.049727272130513395
Wessels,1,INTS1,unseen_single,5000,WitnessCell,0.004459134107124981,0.002484504936857141
Wessels,1,INTS1,unseen_single,5000,factorized_only,0.004459134107124981,0.002484504936857141
Wessels,1,GFI1+INTS1,combo_seen0,100,WitnessCell,0.3324271024765796,0.30311663417381135
Wessels,1,GFI1+INTS1,combo_seen0,100,factorized_only,0.3324271024765796,0.30311663417381135
Wessels,1,GFI1+INTS1,combo_seen0,5000,WitnessCell,0.36856875976675546,0.008333094264830464
Wessels,1,GFI1+INTS1,combo_seen0,5000,factorized_only,0.36856875976675546,0.008333094264830464
Wessels,1,IKZF1+INTS1,combo_seen0,100,WitnessCell,0.33643579072574314,0.03628628711030644
Wessels,1,IKZF1+INTS1,combo_seen0,100,factorized_only,0.33643579072574314,0.03628628711030644
Wessels,1,IKZF1+INTS1,combo_seen0,5000,WitnessCell,0.2657115339720987,0.003970400272453481
Wessels,1,IKZF1+INTS1,combo_seen0,5000,factorized_only,0.2657115339720987,0.003970400272453481
Wessels,1,MED13L+MED14,combo_seen0,100,WitnessCell,0.8914215019309072,0.15482577489160015
Wessels,1,MED13L+MED14,combo_seen0,100,factorized_only,0.8914215019309072,0.15482577489160015
Wessels,1,MED13L+MED14,combo_seen0,5000,WitnessCell,0.7266235749813362,0.007830189188217762
Wessels,1,MED13L+MED14,combo_seen0,5000,factorized_only,0.7266235749813362,0.007830189188217762
Wessels,2,DOT1L+IKZF1,combo_seen1,100,WitnessCell,0.9176622657859939,0.007487864204403751
Wessels,2,DOT1L+IKZF1,combo_seen1,100,factorized_only,0.8987773403425275,0.009066634710315716
Wessels,2,DOT1L+IKZF1,combo_seen1,5000,WitnessCell,0.6489761259637051,0.0020819690352552834
Wessels,2,DOT1L+IKZF1,combo_seen1,5000,factorized_only,0.553939617784232,0.0028970279426233213
Wessels,2,DOT1L+RCOR1,combo_seen1,100,WitnessCell,0.9522768785271509,0.00534008470035605
Wessels,2,DOT1L+RCOR1,combo_seen1,100,factorized_only,0.9413075936867132,0.004693894869121219
Wessels,2,DOT1L+RCOR1,combo_seen1,5000,WitnessCell,0.7265830689335459,0.0016187352260077627
Wessels,2,DOT1L+RCOR1,combo_seen1,5000,factorized_only,0.6491491983752381,0.0022763571198924056
Wessels,2,EP300+IKZF1,combo_seen1,100,WitnessCell,0.9584615554285515,0.00872178259834846
Wessels,2,EP300+IKZF1,combo_seen1,100,factorized_only,0.9246501225508018,0.015789614447907042
Wessels,2,EP300+IKZF1,combo_seen1,5000,WitnessCell,0.8217809848942393,0.0021873980584608283
Wessels,2,EP300+IKZF1,combo_seen1,5000,factorized_only,0.7313978931856213,0.004223519014139605
Wessels,2,EP300+RCOR1,combo_seen1,100,WitnessCell,0.9724303247300402,0.019490239854521762
Wessels,2,EP300+RCOR1,combo_seen1,100,factorized_only,0.9761543772420364,0.015009842046574047
Wessels,2,EP300+RCOR1,combo_seen1,5000,WitnessCell,0.898413201577764,0.0018609263665485404
Wessels,2,EP300+RCOR1,combo_seen1,5000,factorized_only,0.8255611689031974,0.0032274259476100945
Wessels,2,FLI1+IKZF1,combo_seen1,100,WitnessCell,0.9796460450610999,0.009687754375099653
Wessels,2,FLI1+IKZF1,combo_seen1,100,factorized_only,0.9689179032297899,0.027066394378447125
Wessels,2,FLI1+IKZF1,combo_seen1,5000,WitnessCell,0.9109322858765987,0.0015580986451805075
Wessels,2,FLI1+IKZF1,combo_seen1,5000,factorized_only,0.8594030842908013,0.002326926702110475
Wessels,2,FLI1+RCOR1,combo_seen1,100,WitnessCell,0.9828352346808864,0.014114616267087059
Wessels,2,FLI1+RCOR1,combo_seen1,100,factorized_only,0.974160607759968,0.007846657570236528
Wessels,2,FLI1+RCOR1,combo_seen1,5000,WitnessCell,0.9314006582219914,0.001289604136328812
Wessels,2,FLI1+RCOR1,combo_seen1,5000,factorized_only,0.9020139836927658,0.0013762519860366525
Wessels,2,GATA2+IKZF1,combo_seen1,100,WitnessCell,0.8882282021623655,0.008151804661721086
Wessels,2,GATA2+IKZF1,combo_seen1,100,factorized_only,0.8753326446926162,0.011115342867303375
Wessels,2,GATA2+IKZF1,combo_seen1,5000,WitnessCell,0.6686393857997319,0.0014470424367046307
Wessels,2,GATA2+IKZF1,combo_seen1,5000,factorized_only,0.6366732063052324,0.002775878007111435
Wessels,2,GATA2+RCOR1,combo_seen1,100,WitnessCell,0.9286772056796845,0.004582698409129083
Wessels,2,GATA2+RCOR1,combo_seen1,100,factorized_only,0.9472118553622595,0.009133010880768597
Wessels,2,GATA2+RCOR1,combo_seen1,5000,WitnessCell,0.7222594150711763,0.0011957866080090347
Wessels,2,GATA2+RCOR1,combo_seen1,5000,factorized_only,0.7342089779191591,0.002286204459762597
Wessels,2,GFI1+RCOR1,combo_seen1,100,WitnessCell,0.9726507677972501,0.014471265196051042
Wessels,2,GFI1+RCOR1,combo_seen1,100,factorized_only,0.9268213609482907,0.04236232751639206
Wessels,2,GFI1+RCOR1,combo_seen1,5000,WitnessCell,0.892658474689838,0.0017608809332547626
Wessels,2,GFI1+RCOR1,combo_seen1,5000,factorized_only,0.7888789785669241,0.003636131124258973
Wessels,2,GSE1+IKZF1,combo_seen1,100,WitnessCell,0.969245659296086,0.008535923821027686
Wessels,2,GSE1+IKZF1,combo_seen1,100,factorized_only,0.9465897076844119,0.019136690668031985
Wessels,2,GSE1+IKZF1,combo_seen1,5000,WitnessCell,0.8054810965158651,0.002110196230283816
Wessels,2,GSE1+IKZF1,combo_seen1,5000,factorized_only,0.7039026848322931,0.003091305339690973
Wessels,2,GSE1+RCOR1,combo_seen1,100,WitnessCell,0.9727991529094141,0.009125226458127323
Wessels,2,GSE1+RCOR1,combo_seen1,100,factorized_only,0.9363542549448588,0.013397412259911866
Wessels,2,GSE1+RCOR1,combo_seen1,5000,WitnessCell,0.8199995687018844,0.0019063752536290486
Wessels,2,GSE1+RCOR1,combo_seen1,5000,factorized_only,0.7410273093211011,0.002509086824861938
Wessels,2,HDAC3+IKZF1,combo_seen1,100,WitnessCell,0.926865592671193,0.01195803676243649
Wessels,2,HDAC3+IKZF1,combo_seen1,100,factorized_only,0.9187303157572347,0.014039163164340472
Wessels,2,HDAC3+IKZF1,combo_seen1,5000,WitnessCell,0.6811349658407851,0.002780255437058043
Wessels,2,HDAC3+IKZF1,combo_seen1,5000,factorized_only,0.5406544624307754,0.004336169158539942
Wessels,2,IKZF1+INTS1,combo_seen1,100,WitnessCell,0.46364382335114673,0.03211410054907725
Wessels,2,IKZF1+INTS1,combo_seen1,100,factorized_only,0.46364382335114673,0.03211410054907725
Wessels,2,IKZF1+INTS1,combo_seen1,5000,WitnessCell,0.2996069538225484,0.004579032925315885
Wessels,2,IKZF1+INTS1,combo_seen1,5000,factorized_only,0.2996069538225484,0.004579032925315885
Wessels,2,IKZF1+KDM1A,combo_seen1,100,WitnessCell,0.9753407184469354,0.01864543977748003
Wessels,2,IKZF1+KDM1A,combo_seen1,100,factorized_only,0.8289355254753071,0.16819037114236973
Wessels,2,IKZF1+KDM1A,combo_seen1,5000,WitnessCell,0.9223453305025473,0.0016767349944611066
Wessels,2,IKZF1+KDM1A,combo_seen1,5000,factorized_only,0.7269037160446896,0.005299471871240927
Wessels,2,IKZF1+MED24,combo_seen1,100,WitnessCell,0.9850521679560994,0.008716629115367474
Wessels,2,IKZF1+MED24,combo_seen1,100,factorized_only,0.9843707464846596,0.011262102955863686
Wessels,2,IKZF1+MED24,combo_seen1,5000,WitnessCell,0.9328184320099312,0.0015294330816320826
Wessels,2,IKZF1+MED24,combo_seen1,5000,factorized_only,0.894307870912225,0.002504171148369707
Wessels,2,IKZF1+SMARCD1,combo_seen1,100,WitnessCell,0.9278257540298872,0.013194374761072061
Wessels,2,IKZF1+SMARCD1,combo_seen1,100,factorized_only,0.907227149200953,0.016651961196441422
Wessels,2,IKZF1+SMARCD1,combo_seen1,5000,WitnessCell,0.7997389826889341,0.0016284602882344263
Wessels,2,IKZF1+SMARCD1,combo_seen1,5000,factorized_only,0.7083832475925782,0.0029931151067148117
Wessels,2,INTS1+RCOR1,combo_seen1,100,WitnessCell,0.33958563584404666,0.0377275983743478
Wessels,2,INTS1+RCOR1,combo_seen1,100,factorized_only,0.33958563584404666,0.0377275983743478
Wessels,2,INTS1+RCOR1,combo_seen1,5000,WitnessCell,0.31771853477023376,0.004376547211135714
Wessels,2,INTS1+RCOR1,combo_seen1,5000,factorized_only,0.31771853477023376,0.004376547211135714
Wessels,2,KDM1A+RCOR1,combo_seen1,100,WitnessCell,0.9822812968798202,0.02201055568189871
Wessels,2,KDM1A+RCOR1,combo_seen1,100,factorized_only,0.8835401430108838,0.16870694923354657
Wessels,2,KDM1A+RCOR1,combo_seen1,5000,WitnessCell,0.9155834987834478,0.002262098482662347
Wessels,2,KDM1A+RCOR1,combo_seen1,5000,factorized_only,0.7429865086694756,0.006501297420545699
Wessels,2,MED13L+MED14,combo_seen1,100,WitnessCell,0.9582287058728765,0.09171279137586598
Wessels,2,MED13L+MED14,combo_seen1,100,factorized_only,0.9371471200803804,0.12862435179201664
Wessels,2,MED13L+MED14,combo_seen1,5000,WitnessCell,0.8197911317636174,0.005328850633475006
Wessels,2,MED13L+MED14,combo_seen1,5000,factorized_only,0.7814068885349486,0.006543456094891531
Wessels,2,MED13L+MED19,combo_seen1,100,WitnessCell,0.9718450775387755,0.05825374799297212
Wessels,2,MED13L+MED19,combo_seen1,100,factorized_only,0.9581144762225735,0.0765139690936669
Wessels,2,MED13L+MED19,combo_seen1,5000,WitnessCell,0.8099763067787932,0.00419280413214939
Wessels,2,MED13L+MED19,combo_seen1,5000,factorized_only,0.7660727487510887,0.0049915042210970754
Wessels,2,MED13L+MED24,combo_seen1,100,WitnessCell,0.9892084029893126,0.015566818763301595
Wessels,2,MED13L+MED24,combo_seen1,100,factorized_only,0.985133851842958,0.024721805516610025
Wessels,2,MED13L+MED24,combo_seen1,5000,WitnessCell,0.9277801436728499,0.0019950322796828362
Wessels,2,MED13L+MED24,combo_seen1,5000,factorized_only,0.8740210439397431,0.0033744312081453913
Wessels,2,MED14+MED22,combo_seen1,100,WitnessCell,0.9678108008327656,0.06494258527226746
Wessels,2,MED14+MED22,combo_seen1,100,factorized_only,0.938410030180983,0.10483122432192142
Wessels,2,MED14+MED22,combo_seen1,5000,WitnessCell,0.815822709040894,0.005516369308544195
Wessels,2,MED14+MED22,combo_seen1,5000,factorized_only,0.7534170996060167,0.007144296071742804
Wessels,2,MED16+MED19,combo_seen1,100,WitnessCell,0.969782403358584,0.06311776156508306
Wessels,2,MED16+MED19,combo_seen1,100,factorized_only,0.9424154942871703,0.0883305053096839
Wessels,2,MED16+MED19,combo_seen1,5000,WitnessCell,0.8152360114186049,0.004465353822620631
Wessels,2,MED16+MED19,combo_seen1,5000,factorized_only,0.7502293736245672,0.005630099836544187
Wessels,2,MED16+MED24,combo_seen1,100,WitnessCell,0.984873533150827,0.01371842807639776
Wessels,2,MED16+MED24,combo_seen1,100,factorized_only,0.9857594907149342,0.009052893809095172
Wessels,2,MED16+MED24,combo_seen1,5000,WitnessCell,0.9193112099437069,0.0021278879703839847
Wessels,2,MED16+MED24,combo_seen1,5000,factorized_only,0.8704757361627035,0.0033114813819916846
Wessels,2,MED19+MED22,combo_seen1,100,WitnessCell,0.9758016167671028,0.06497071282206608
Wessels,2,MED19+MED22,combo_seen1,100,factorized_only,0.9560206423667269,0.08621820027035941
Wessels,2,MED19+MED22,combo_seen1,5000,WitnessCell,0.839260905296911,0.004432470886381582
Wessels,2,MED19+MED22,combo_seen1,5000,factorized_only,0.7884310532702062,0.005436788847912508
Wessels,2,MED22+MED24,combo_seen1,100,WitnessCell,0.9942305614873818,0.004920941100897162
Wessels,2,MED22+MED24,combo_seen1,100,factorized_only,0.9888184771728261,0.011347466103104067
Wessels,2,MED22+MED24,combo_seen1,5000,WitnessCell,0.9519885640501442,0.001104767500392119
Wessels,2,MED22+MED24,combo_seen1,5000,factorized_only,0.8950028798706312,0.0024968240219339437
Wessels,2,MED24+RCOR1,combo_seen1,100,WitnessCell,0.9906703241566448,0.004845781914052471
Wessels,2,MED24+RCOR1,combo_seen1,100,factorized_only,0.9884240976263913,0.006952957046569996
Wessels,2,MED24+RCOR1,combo_seen1,5000,WitnessCell,0.9428097674186212,0.0012361730544223663
Wessels,2,MED24+RCOR1,combo_seen1,5000,factorized_only,0.895864982947314,0.002404078970681233
Wessels,2,RCOR1+RING1,combo_seen1,100,WitnessCell,0.8490613072854226,0.009504322678860666
Wessels,2,RCOR1+RING1,combo_seen1,100,factorized_only,0.8363389934109398,0.008626450670718095
Wessels,2,RCOR1+RING1,combo_seen1,5000,WitnessCell,0.6327780224156809,0.002119678215740148
Wessels,2,RCOR1+RING1,combo_seen1,5000,factorized_only,0.4583671350942007,0.003162824197690374
Wessels,2,RCOR1+SMARCD1,combo_seen1,100,WitnessCell,0.9485643242797301,0.007621748355590323
Wessels,2,RCOR1+SMARCD1,combo_seen1,100,factorized_only,0.9422098841192235,0.00879630622239232
Wessels,2,RCOR1+SMARCD1,combo_seen1,5000,WitnessCell,0.7591301404705353,0.001893601271916451
Wessels,2,RCOR1+SMARCD1,combo_seen1,5000,factorized_only,0.6927363476070887,0.0031174829129368034
Wessels,2,SUPT5H+SUPT6H,combo_seen1,100,WitnessCell,0.907261026592565,0.012154005164486646
Wessels,2,SUPT5H+SUPT6H,combo_seen1,100,factorized_only,0.896143326964119,0.013364585575625008
Wessels,2,SUPT5H+SUPT6H,combo_seen1,5000,WitnessCell,0.7534620383659648,0.0018633118698648617
Wessels,2,SUPT5H+SUPT6H,combo_seen1,5000,factorized_only,0.7385626069382569,0.002175140737644496
Wessels,2,DOT1L+GSE1,combo_seen2,100,WitnessCell,0.981394936098181,0.013141295640200737
Wessels,2,DOT1L+GSE1,combo_seen2,100,factorized_only,0.9304678399413913,0.05535662563355872
Wessels,2,DOT1L+GSE1,combo_seen2,5000,WitnessCell,0.8883078419397407,0.0013356916144641822
Wessels,2,DOT1L+GSE1,combo_seen2,5000,factorized_only,0.6845838672081263,0.003562699495799927
Wessels,2,DOT1L+KDM1A,combo_seen2,100,WitnessCell,0.9847552910733197,0.0554054015603071
Wessels,2,DOT1L+KDM1A,combo_seen2,100,factorized_only,0.7432181586182524,0.3302081217008309
Wessels,2,DOT1L+KDM1A,combo_seen2,5000,WitnessCell,0.9620388685950109,0.0019868723038935347
Wessels,2,DOT1L+KDM1A,combo_seen2,5000,factorized_only,0.6376793103497437,0.009797366280368256
Wessels,2,EP300+HDAC3,combo_seen2,100,WitnessCell,0.9787481398296431,0.009493113836606741
Wessels,2,EP300+HDAC3,combo_seen2,100,factorized_only,0.953476350794307,0.012372072960216585
Wessels,2,EP300+HDAC3,combo_seen2,5000,WitnessCell,0.874344856437945,0.001225577329990598
Wessels,2,EP300+HDAC3,combo_seen2,5000,factorized_only,0.7566752846785658,0.003810858837862439
Wessels,2,EP300+RING1,combo_seen2,100,WitnessCell,0.9785857667099402,0.008867810048004661
Wessels,2,EP300+RING1,combo_seen2,100,factorized_only,0.9499818875666156,0.02918848382461871
Wessels,2,EP300+RING1,combo_seen2,5000,WitnessCell,0.9076118046447978,0.0013602515336836793
Wessels,2,EP300+RING1,combo_seen2,5000,factorized_only,0.7300457474654922,0.0038256719330170682
Wessels,2,EP300+SSRP1,combo_seen2,100,WitnessCell,0.9772048600060509,0.01640659266695973
Wessels,2,EP300+SSRP1,combo_seen2,100,factorized_only,0.9806230192866084,0.010801266149785162
Wessels,2,EP300+SSRP1,combo_seen2,5000,WitnessCell,0.8766736685251838,0.0020192869532408408
Wessels,2,EP300+SSRP1,combo_seen2,5000,factorized_only,0.8418923455890991,0.0028011299270890183
Wessels,2,FLI1+SMARCD1,combo_seen2,100,WitnessCell,0.9614100145932662,0.0183806883215826
Wessels,2,FLI1+SMARCD1,combo_seen2,100,factorized_only,0.9751520711790718,0.014600096160208775
Wessels,2,FLI1+SMARCD1,combo_seen2,5000,WitnessCell,0.929371657279263,0.0011693969868821416
Wessels,2,FLI1+SMARCD1,combo_seen2,5000,factorized_only,0.8608885917751914,0.002262881379718658
Wessels,2,GATA2+GSE1,combo_seen2,100,WitnessCell,0.9877783918027542,0.012296781218540028
Wessels,2,GATA2+GSE1,combo_seen2,100,factorized_only,0.9345138390941206,0.03234895686789841
Wessels,2,GATA2+GSE1,combo_seen2,5000,WitnessCell,0.9075385703396607,0.0010579288485603648
Wessels,2,GATA2+GSE1,combo_seen2,5000,factorized_only,0.7808893526046479,0.002458845999333748
Wessels,2,GATA2+KDM1A,combo_seen2,100,WitnessCell,0.9897266727869521,0.018415482894213926
Wessels,2,GATA2+KDM1A,combo_seen2,100,factorized_only,0.8194041637755477,0.16365299367342512
Wessels,2,GATA2+KDM1A,combo_seen2,5000,WitnessCell,0.9615021551698029,0.0010421051839572166
Wessels,2,GATA2+KDM1A,combo_seen2,5000,factorized_only,0.7512607084197613,0.004898894824510585
Wessels,2,GATA2+MED24,combo_seen2,100,WitnessCell,0.9941735970938675,0.009637723184516835
Wessels,2,GATA2+MED24,combo_seen2,100,factorized_only,0.9886190021605974,0.006530261497951289
Wessels,2,GATA2+MED24,combo_seen2,5000,WitnessCell,0.9656791867336921,0.0008194504121058138
Wessels,2,GATA2+MED24,combo_seen2,5000,factorized_only,0.9170136207438906,0.0019220730007992344
Wessels,2,GATA2+RING1,combo_seen2,100,WitnessCell,0.9103352427621965,0.005737077063310884
Wessels,2,GATA2+RING1,combo_seen2,100,factorized_only,0.9148461746330804,0.004896660645943585
Wessels,2,GATA2+RING1,combo_seen2,5000,WitnessCell,0.7138268812834403,0.0009573436458024288
Wessels,2,GATA2+RING1,combo_seen2,5000,factorized_only,0.5587449139548097,0.0024475138124636035
Wessels,2,GATA2+SMARCD1,combo_seen2,100,WitnessCell,0.9787084148549873,0.002796680804590102
Wessels,2,GATA2+SMARCD1,combo_seen2,100,factorized_only,0.9615873296523284,0.007080754905705926
Wessels,2,GATA2+SMARCD1,combo_seen2,5000,WitnessCell,0.8861270064334218,0.000603383184573595
Wessels,2,GATA2+SMARCD1,combo_seen2,5000,factorized_only,0.7905764612122325,0.002308078371750174
Wessels,2,GFI1+GSE1,combo_seen2,100,WitnessCell,0.9818478813605143,0.023609871884904057
Wessels,2,GFI1+GSE1,combo_seen2,100,factorized_only,0.9375266438381019,0.0896499222318967
Wessels,2,GFI1+GSE1,combo_seen2,5000,WitnessCell,0.9179600109543831,0.0020219895199698667
Wessels,2,GFI1+GSE1,combo_seen2,5000,factorized_only,0.8040600992974004,0.004595906184608914
Wessels,2,GFI1+HDAC3,combo_seen2,100,WitnessCell,0.9727723523715405,0.06810402641230687
Wessels,2,GFI1+HDAC3,combo_seen2,100,factorized_only,0.9204014911384003,0.16835526294289246
Wessels,2,GFI1+HDAC3,combo_seen2,5000,WitnessCell,0.93761604670245,0.002127221653801042
Wessels,2,GFI1+HDAC3,combo_seen2,5000,factorized_only,0.7323057193916057,0.0067139510665968375
Wessels,2,GFI1+RING1,combo_seen2,100,WitnessCell,0.9892676840054508,0.00990873922592076
Wessels,2,GFI1+RING1,combo_seen2,100,factorized_only,0.9352743900411011,0.06212716391696198
Wessels,2,GFI1+RING1,combo_seen2,5000,WitnessCell,0.9435274441630584,0.0009682041813587688
Wessels,2,GFI1+RING1,combo_seen2,5000,factorized_only,0.7657710143994604,0.00371512766723514
Wessels,2,GSE1+HDAC3,combo_seen2,100,WitnessCell,0.9634735501144049,0.040921642302958604
Wessels,2,GSE1+HDAC3,combo_seen2,100,factorized_only,0.9161919174979172,0.09858024303766792
Wessels,2,GSE1+HDAC3,combo_seen2,5000,WitnessCell,0.9094933421567591,0.0017428713884511293
Wessels,2,GSE1+HDAC3,combo_seen2,5000,factorized_only,0.7324903821407914,0.00447822546283742
Wessels,2,GSE1+KDM1A,combo_seen2,100,WitnessCell,0.9886120957321367,0.012018946604675212
Wessels,2,GSE1+KDM1A,combo_seen2,100,factorized_only,0.9357397889728358,0.11471979120323578
Wessels,2,GSE1+KDM1A,combo_seen2,5000,WitnessCell,0.946020429081633,0.0014720283728021323
Wessels,2,GSE1+KDM1A,combo_seen2,5000,factorized_only,0.7730620632255994,0.004636366063151901
Wessels,2,INTS1+RING1,combo_seen2,100,WitnessCell,0.5093048736725774,0.04422295411553418
Wessels,2,INTS1+RING1,combo_seen2,100,factorized_only,0.4867891117431241,0.04387448520471591
Wessels,2,INTS1+RING1,combo_seen2,5000,WitnessCell,0.3931442021405219,0.0035837227170407823
Wessels,2,INTS1+RING1,combo_seen2,5000,factorized_only,0.37096057171513774,0.0037730253679068
Wessels,2,INTS1+SSRP1,combo_seen2,100,WitnessCell,0.7331134529034007,0.02100245446635963
Wessels,2,INTS1+SSRP1,combo_seen2,100,factorized_only,0.5999650737155878,0.03036791396343909
Wessels,2,INTS1+SSRP1,combo_seen2,5000,WitnessCell,0.5415126822015667,0.0025565050043928183
Wessels,2,INTS1+SSRP1,combo_seen2,5000,factorized_only,0.4771573234318167,0.003677344655977089
Wessels,2,MED24+RING1,combo_seen2,100,WitnessCell,0.9903379314275557,0.012746112953266496
Wessels,2,MED24+RING1,combo_seen2,100,factorized_only,0.9730575420377163,0.03554034504623809
Wessels,2,MED24+RING1,combo_seen2,5000,WitnessCell,0.9546224271619869,0.0012813278591041533
Wessels,2,MED24+RING1,combo_seen2,5000,factorized_only,0.8280664414184701,0.004029342438477263
Wessels,2,MED24+SSRP1,combo_seen2,100,WitnessCell,0.9849584904319523,0.013991649348661005
Wessels,2,MED24+SSRP1,combo_seen2,100,factorized_only,0.9880652571526202,0.012455836297695167
Wessels,2,MED24+SSRP1,combo_seen2,5000,WitnessCell,0.9304878830968635,0.001765235852588237
Wessels,2,MED24+SSRP1,combo_seen2,5000,factorized_only,0.9026553012658628,0.002427006768330279
Wessels,2,RCOR1,unseen_single,100,WitnessCell,0.19164250954960732,0.0065262492746937135
Wessels,2,RCOR1,unseen_single,100,factorized_only,0.19164250954960732,0.0065262492746937135
Wessels,2,RCOR1,unseen_single,5000,WitnessCell,0.4267588937608024,0.0021213340369316148
Wessels,2,RCOR1,unseen_single,5000,factorized_only,0.4267588937608024,0.0021213340369316148
Wessels,2,IKZF1+RCOR1,combo_seen0,100,WitnessCell,0.8408187455074911,0.006188017745507863
Wessels,2,IKZF1+RCOR1,combo_seen0,100,factorized_only,0.8408187455074911,0.006188017745507863
Wessels,2,IKZF1+RCOR1,combo_seen0,5000,WitnessCell,0.41987736550696836,0.0042191102484890625
Wessels,2,IKZF1+RCOR1,combo_seen0,5000,factorized_only,0.41987736550696836,0.0042191102484890625
Wessels,2,MED13L+MED16,combo_seen0,100,WitnessCell,0.9502238897279325,0.026609882380490623
Wessels,2,MED13L+MED16,combo_seen0,100,factorized_only,0.9502238897279325,0.026609882380490623
Wessels,2,MED13L+MED16,combo_seen0,5000,WitnessCell,0.7593623303735825,0.0027604316026466993
Wessels,2,MED13L+MED16,combo_seen0,5000,factorized_only,0.7593623303735825,0.0027604316026466993
Wessels,2,MED13L+MED22,combo_seen0,100,WitnessCell,0.9424831569338455,0.043853236010122865
Wessels,2,MED13L+MED22,combo_seen0,100,factorized_only,0.9424831569338455,0.043853236010122865
Wessels,2,MED13L+MED22,combo_seen0,5000,WitnessCell,0.7524705638120425,0.00346090890034067
Wessels,2,MED13L+MED22,combo_seen0,5000,factorized_only,0.7524705638120425,0.00346090890034067
Wessels,2,MED16+MED22,combo_seen0,100,WitnessCell,0.9590056370104442,0.07309236567261682
Wessels,2,MED16+MED22,combo_seen0,100,factorized_only,0.9590056370104442,0.07309236567261682
Wessels,2,MED16+MED22,combo_seen0,5000,WitnessCell,0.7962193541665032,0.0044335868886441684
Wessels,2,MED16+MED22,combo_seen0,5000,factorized_only,0.7962193541665032,0.0044335868886441684
Wessels,3,DOT1L+FLI1,combo_seen1,100,WitnessCell,0.8689308562144896,0.08343603743657234
Wessels,3,DOT1L+FLI1,combo_seen1,100,factorized_only,0.8210646176537838,0.08426008699126765
Wessels,3,DOT1L+FLI1,combo_seen1,5000,WitnessCell,0.7133511530137119,0.0038735993588290803
Wessels,3,DOT1L+FLI1,combo_seen1,5000,factorized_only,0.6338594286028565,0.004835212409405251
Wessels,3,DOT1L+IKZF1,combo_seen1,100,WitnessCell,0.91078606825706,0.007926812378269558
Wessels,3,DOT1L+IKZF1,combo_seen1,100,factorized_only,0.8869658275112045,0.010415458771647174
Wessels,3,DOT1L+IKZF1,combo_seen1,5000,WitnessCell,0.6419010148708194,0.0019648566093939056
Wessels,3,DOT1L+IKZF1,combo_seen1,5000,factorized_only,0.5613447662834223,0.003370517939413812
Wessels,3,DOT1L+KDM1A,combo_seen1,100,WitnessCell,0.6913735188212284,0.3410106954856761
Wessels,3,DOT1L+KDM1A,combo_seen1,100,factorized_only,0.6605908871741226,0.33994998334539944
Wessels,3,DOT1L+KDM1A,combo_seen1,5000,WitnessCell,0.6952054332854194,0.009298718662071158
Wessels,3,DOT1L+KDM1A,combo_seen1,5000,factorized_only,0.6026686732793658,0.010216319134139683
Wessels,3,DOT1L+RING1,combo_seen1,100,WitnessCell,0.8922944107762304,0.011465821720283785
Wessels,3,DOT1L+RING1,combo_seen1,100,factorized_only,0.8590233496702966,0.015452858897946908
Wessels,3,DOT1L+RING1,combo_seen1,5000,WitnessCell,0.7439437657349084,0.0015064654188723932
Wessels,3,DOT1L+RING1,combo_seen1,5000,factorized_only,0.6450681435673263,0.0028678860764396337
Wessels,3,EP300+FLI1,combo_seen1,100,WitnessCell,0.9630347609928124,0.020483414847112965
Wessels,3,EP300+FLI1,combo_seen1,100,factorized_only,0.9419198628523926,0.02383859435022341
Wessels,3,EP300+FLI1,combo_seen1,5000,WitnessCell,0.8735105353727086,0.0023367508111697853
Wessels,3,EP300+FLI1,combo_seen1,5000,factorized_only,0.8284718256752215,0.004235719462195217
Wessels,3,EP300+IKZF1,combo_seen1,100,WitnessCell,0.9590570147884786,0.009124342921305739
Wessels,3,EP300+IKZF1,combo_seen1,100,factorized_only,0.9263025734290987,0.025208427251372
Wessels,3,EP300+IKZF1,combo_seen1,5000,WitnessCell,0.8214482420379501,0.0024163909175902694
Wessels,3,EP300+IKZF1,combo_seen1,5000,factorized_only,0.752690738378938,0.0060250399148707
Wessels,3,EP300+KDM1A,combo_seen1,100,WitnessCell,0.9420410588031096,0.026306558186438265
Wessels,3,EP300+KDM1A,combo_seen1,100,factorized_only,0.9312212056130527,0.02961942716814939
Wessels,3,EP300+KDM1A,combo_seen1,5000,WitnessCell,0.8557539565848488,0.002629819582751822
Wessels,3,EP300+KDM1A,combo_seen1,5000,factorized_only,0.8178215804453675,0.004482099625430668
Wessels,3,EP300+RING1,combo_seen1,100,WitnessCell,0.9760512303053637,0.006626250814998462
Wessels,3,EP300+RING1,combo_seen1,100,factorized_only,0.9591770667708686,0.026801283879254293
Wessels,3,EP300+RING1,combo_seen1,5000,WitnessCell,0.9030285354055138,0.0014558877121985914
Wessels,3,EP300+RING1,combo_seen1,5000,factorized_only,0.8534771782961666,0.003813005676094226
Wessels,3,FLI1+GATA2,combo_seen1,100,WitnessCell,0.7402495929257976,0.08691193392923889
Wessels,3,FLI1+GATA2,combo_seen1,100,factorized_only,0.740002994878946,0.0766331645336934
Wessels,3,FLI1+GATA2,combo_seen1,5000,WitnessCell,0.6453381920148155,0.0037113918661104742
Wessels,3,FLI1+GATA2,combo_seen1,5000,factorized_only,0.6560858677494004,0.0042435635755908524
Wessels,3,FLI1+GFI1,combo_seen1,100,WitnessCell,0.8027226409938318,0.22231263889957645
Wessels,3,FLI1+GFI1,combo_seen1,100,factorized_only,0.8027226409938318,0.22231263889957645
Wessels,3,FLI1+GFI1,combo_seen1,5000,WitnessCell,0.6700969831777704,0.008647185693813583
Wessels,3,FLI1+GFI1,combo_seen1,5000,factorized_only,0.6700969831777704,0.008647185693813583
Wessels,3,FLI1+GSE1,combo_seen1,100,WitnessCell,0.9251498359844239,0.07164254046817906
Wessels,3,FLI1+GSE1,combo_seen1,100,factorized_only,0.920736409854937,0.06545971507393529
Wessels,3,FLI1+GSE1,combo_seen1,5000,WitnessCell,0.6896803879793906,0.005551130727258846
Wessels,3,FLI1+GSE1,combo_seen1,5000,factorized_only,0.6635641967773436,0.006352859184291021
Wessels,3,FLI1+HDAC3,combo_seen1,100,WitnessCell,0.6887660479213632,0.12893137885747388
Wessels,3,FLI1+HDAC3,combo_seen1,100,factorized_only,0.6507489523749806,0.13412172127866528
Wessels,3,FLI1+HDAC3,combo_seen1,5000,WitnessCell,0.6644981736760481,0.005011317619385281
Wessels,3,FLI1+HDAC3,combo_seen1,5000,factorized_only,0.6031644682636141,0.0063607832254047115
Wessels,3,FLI1+INTS1,combo_seen1,100,WitnessCell,0.34724915338252416,0.11175897959298191
Wessels,3,FLI1+INTS1,combo_seen1,100,factorized_only,0.30896455229076,0.11529634649638083
Wessels,3,FLI1+INTS1,combo_seen1,5000,WitnessCell,0.5339384855525521,0.003876850296422184
Wessels,3,FLI1+INTS1,combo_seen1,5000,factorized_only,0.4528554755532769,0.004685711160564652
Wessels,3,FLI1+MED24,combo_seen1,100,WitnessCell,0.9724545023058319,0.018122035717128455
Wessels,3,FLI1+MED24,combo_seen1,100,factorized_only,0.9694204952383699,0.02430782915207328
Wessels,3,FLI1+MED24,combo_seen1,5000,WitnessCell,0.8916105745983561,0.002723318979549825
Wessels,3,FLI1+MED24,combo_seen1,5000,factorized_only,0.8568296770560225,0.004995975697518864
Wessels,3,FLI1+RCOR1,combo_seen1,100,WitnessCell,0.8302361810075896,0.05282245784448756
Wessels,3,FLI1+RCOR1,combo_seen1,100,factorized_only,0.7687697829016549,0.06300315581186702
Wessels,3,FLI1+RCOR1,combo_seen1,5000,WitnessCell,0.723356276797473,0.0027556161558566464
Wessels,3,FLI1+RCOR1,combo_seen1,5000,factorized_only,0.6052248217982743,0.0044032155080125255
Wessels,3,FLI1+SMARCD1,combo_seen1,100,WitnessCell,0.8813905467994106,0.05907515020158516
Wessels,3,FLI1+SMARCD1,combo_seen1,100,factorized_only,0.8806712188347325,0.05228835917859891
Wessels,3,FLI1+SMARCD1,combo_seen1,5000,WitnessCell,0.7566532482438754,0.0034727484938134367
Wessels,3,FLI1+SMARCD1,combo_seen1,5000,factorized_only,0.6878780324568727,0.005029681720871164
Wessels,3,FLI1+SSRP1,combo_seen1,100,WitnessCell,0.8707954709396872,0.07541848317646646
Wessels,3,FLI1+SSRP1,combo_seen1,100,factorized_only,0.8824528965556533,0.062336227858392
Wessels,3,FLI1+SSRP1,combo_seen1,5000,WitnessCell,0.6956792121968767,0.004383203472213939
Wessels,3,FLI1+SSRP1,combo_seen1,5000,factorized_only,0.6781285392988479,0.004800873759953731
Wessels,3,GATA2+IKZF1,combo_seen1,100,WitnessCell,0.8971804471647331,0.007830164700125566
Wessels,3,GATA2+IKZF1,combo_seen1,100,factorized_only,0.882693063898803,0.016110699963545354
Wessels,3,GATA2+IKZF1,combo_seen1,5000,WitnessCell,0.6757289085225006,0.0016107318764572995
Wessels,3,GATA2+IKZF1,combo_seen1,5000,factorized_only,0.6459714811494224,0.003514376370403162
Wessels,3,GATA2+KDM1A,combo_seen1,100,WitnessCell,0.726625327961948,0.22017489551692082
Wessels,3,GATA2+KDM1A,combo_seen1,100,factorized_only,0.722592779768175,0.18611649318763715
Wessels,3,GATA2+KDM1A,combo_seen1,5000,WitnessCell,0.6842968580011477,0.006165078189586491
Wessels,3,GATA2+KDM1A,combo_seen1,5000,factorized_only,0.6807748044816588,0.005932764044066685
Wessels,3,GATA2+RING1,combo_seen1,100,WitnessCell,0.7457254272398142,0.011339857822151961
Wessels,3,GATA2+RING1,combo_seen1,100,factorized_only,0.7291574560182742,0.015638727041370613
Wessels,3,GATA2+RING1,combo_seen1,5000,WitnessCell,0.48187920102168363,0.0023456025139337415
Wessels,3,GATA2+RING1,combo_seen1,5000,factorized_only,0.4599485729010296,0.004682828801405591
Wessels,3,GFI1+KDM1A,combo_seen1,100,WitnessCell,0.69698982683869,0.368556672402365
Wessels,3,GFI1+KDM1A,combo_seen1,100,factorized_only,0.69698982683869,0.368556672402365
Wessels,3,GFI1+KDM1A,combo_seen1,5000,WitnessCell,0.6159532339211001,0.010774524729485053
Wessels,3,GFI1+KDM1A,combo_seen1,5000,factorized_only,0.6159532339211001,0.010774524729485053
Wessels,3,GFI1+RING1,combo_seen1,100,WitnessCell,0.7383712393294894,0.1573489525574169
Wessels,3,GFI1+RING1,combo_seen1,100,factorized_only,0.7383712393294894,0.1573489525574169
Wessels,3,GFI1+RING1,combo_seen1,5000,WitnessCell,0.6386289530898562,0.005499785661808592
Wessels,3,GFI1+RING1,combo_seen1,5000,factorized_only,0.6386289530898562,0.005499785661808592
Wessels,3,GSE1+IKZF1,combo_seen1,100,WitnessCell,0.9654931757137638,0.010581216109978937
Wessels,3,GSE1+IKZF1,combo_seen1,100,factorized_only,0.9563927504723283,0.01551238083970348
Wessels,3,GSE1+IKZF1,combo_seen1,5000,WitnessCell,0.8154894261251756,0.002179151559187423
Wessels,3,GSE1+IKZF1,combo_seen1,5000,factorized_only,0.7552086880058322,0.003536599837255789
Wessels,3,GSE1+KDM1A,combo_seen1,100,WitnessCell,0.9666731423745822,0.0536569313034759
Wessels,3,GSE1+KDM1A,combo_seen1,100,factorized_only,0.9583806532645244,0.04963857804791888
Wessels,3,GSE1+KDM1A,combo_seen1,5000,WitnessCell,0.8885089960937403,0.002598406202190948
Wessels,3,GSE1+KDM1A,combo_seen1,5000,factorized_only,0.8241825619331288,0.0036462178498657323
Wessels,3,GSE1+RING1,combo_seen1,100,WitnessCell,0.957896784246189,0.024203553196266516
Wessels,3,GSE1+RING1,combo_seen1,100,factorized_only,0.9547603003040693,0.02253020025733491
Wessels,3,GSE1+RING1,combo_seen1,5000,WitnessCell,0.855637961456758,0.001990658644854218
Wessels,3,GSE1+RING1,combo_seen1,5000,factorized_only,0.8003295970353494,0.0031097571788807872
Wessels,3,HDAC3+IKZF1,combo_seen1,100,WitnessCell,0.9227399369329811,0.01262281286129741
Wessels,3,HDAC3+IKZF1,combo_seen1,100,factorized_only,0.9065523881420738,0.016905012742393078
Wessels,3,HDAC3+IKZF1,combo_seen1,5000,WitnessCell,0.6335008773926354,0.003238486179778208
Wessels,3,HDAC3+IKZF1,combo_seen1,5000,factorized_only,0.5504585726579635,0.005167717661845876
Wessels,3,HDAC3+KDM1A,combo_seen1,100,WitnessCell,0.8194930500677342,0.31055649929588863
Wessels,3,HDAC3+KDM1A,combo_seen1,100,factorized_only,0.7778485063340286,0.31580640882904415
Wessels,3,HDAC3+KDM1A,combo_seen1,5000,WitnessCell,0.7704169362451211,0.0088449041785352
Wessels,3,HDAC3+KDM1A,combo_seen1,5000,factorized_only,0.6669698687069497,0.010372960657585443
Wessels,3,HDAC3+RING1,combo_seen1,100,WitnessCell,0.906803226306202,0.016466736287949004
Wessels,3,HDAC3+RING1,combo_seen1,100,factorized_only,0.8864684156094981,0.02142342166482142
Wessels,3,HDAC3+RING1,combo_seen1,5000,WitnessCell,0.7991351977825994,0.001785353869101619
Wessels,3,HDAC3+RING1,combo_seen1,5000,factorized_only,0.7121925493026797,0.0034543389971652644
Wessels,3,IKZF1+INTS1,combo_seen1,100,WitnessCell,0.8396767892545398,0.009749315411972475
Wessels,3,IKZF1+INTS1,combo_seen1,100,factorized_only,0.8644153422862212,0.009073458006771694
Wessels,3,IKZF1+INTS1,combo_seen1,5000,WitnessCell,0.6371178159182339,0.0016425141040692722
Wessels,3,IKZF1+INTS1,combo_seen1,5000,factorized_only,0.6781718707112936,0.0017371298332339088
Wessels,3,IKZF1+MED24,combo_seen1,100,WitnessCell,0.9875332956388692,0.006895598856964709
Wessels,3,IKZF1+MED24,combo_seen1,100,factorized_only,0.9871409317475511,0.02112788478740101
Wessels,3,IKZF1+MED24,combo_seen1,5000,WitnessCell,0.9361693802297877,0.0015573912391047295
Wessels,3,IKZF1+MED24,combo_seen1,5000,factorized_only,0.9147178250535679,0.0033504529493701037
Wessels,3,IKZF1+RCOR1,combo_seen1,100,WitnessCell,0.8968773736371133,0.00494860926352189
Wessels,3,IKZF1+RCOR1,combo_seen1,100,factorized_only,0.8657927909831661,0.005442033731974305
Wessels,3,IKZF1+RCOR1,combo_seen1,5000,WitnessCell,0.4396777308439882,0.003307709519457467
Wessels,3,IKZF1+RCOR1,combo_seen1,5000,factorized_only,0.3891851104473754,0.00491709400204366
Wessels,3,IKZF1+SMARCD1,combo_seen1,100,WitnessCell,0.9238817077760496,0.013842919475791672
Wessels,3,IKZF1+SMARCD1,combo_seen1,100,factorized_only,0.9102922194366512,0.020428480122860995
Wessels,3,IKZF1+SMARCD1,combo_seen1,5000,WitnessCell,0.7928923843476706,0.0018671412391177658
Wessels,3,IKZF1+SMARCD1,combo_seen1,5000,factorized_only,0.7310773278228743,0.0036694848487191694
Wessels,3,INTS1+KDM1A,combo_seen1,100,WitnessCell,0.7182076139486988,0.275592907861093
Wessels,3,INTS1+KDM1A,combo_seen1,100,factorized_only,0.6788837065342859,0.2843166701699203
Wessels,3,INTS1+KDM1A,combo_seen1,5000,WitnessCell,0.6565860384472387,0.00707138576976275
Wessels,3,INTS1+KDM1A,combo_seen1,5000,factorized_only,0.5883894692931559,0.007740383247422084
Wessels,3,INTS1+RING1,combo_seen1,100,WitnessCell,0.7345083955015643,0.02849672926540746
Wessels,3,INTS1+RING1,combo_seen1,100,factorized_only,0.8017138050928246,0.0210396322178635
Wessels,3,INTS1+RING1,combo_seen1,5000,WitnessCell,0.5428644885922921,0.002394601099309148
Wessels,3,INTS1+RING1,combo_seen1,5000,factorized_only,0.594566972286412,0.0023465424255294954
Wessels,3,KDM1A+MED24,combo_seen1,100,WitnessCell,0.9463101359101502,0.06024215304936947
Wessels,3,KDM1A+MED24,combo_seen1,100,factorized_only,0.9469347284927303,0.04511142455397739
Wessels,3,KDM1A+MED24,combo_seen1,5000,WitnessCell,0.909193222331564,0.0031886722778008227
Wessels,3,KDM1A+MED24,combo_seen1,5000,factorized_only,0.8915126152769208,0.003966538858142839
Wessels,3,KDM1A+RCOR1,combo_seen1,100,WitnessCell,0.7815637678704739,0.22425287729701718
Wessels,3,KDM1A+RCOR1,combo_seen1,100,factorized_only,0.7983769687649961,0.2057814849441085
Wessels,3,KDM1A+RCOR1,combo_seen1,5000,WitnessCell,0.6924830512481263,0.007633465326717405
Wessels,3,KDM1A+RCOR1,combo_seen1,5000,factorized_only,0.6104974325130574,0.00861424409726762
Wessels,3,KDM1A+SMARCD1,combo_seen1,100,WitnessCell,0.5819310282834615,0.1803671664843154
Wessels,3,KDM1A+SMARCD1,combo_seen1,100,factorized_only,0.5493393185779488,0.17989467880287727
Wessels,3,KDM1A+SMARCD1,combo_seen1,5000,WitnessCell,0.6982425162108223,0.005588577361422202
Wessels,3,KDM1A+SMARCD1,combo_seen1,5000,factorized_only,0.6367027216901789,0.006962236748743535
Wessels,3,MED24+RING1,combo_seen1,100,WitnessCell,0.9874642731625465,0.008221917251544808
Wessels,3,MED24+RING1,combo_seen1,100,factorized_only,0.9826833766086043,0.01984649811478485
Wessels,3,MED24+RING1,combo_seen1,5000,WitnessCell,0.9485349071737633,0.0013487583512284715
Wessels,3,MED24+RING1,combo_seen1,5000,factorized_only,0.9201763045730169,0.0030425670825928197
Wessels,3,RCOR1+RING1,combo_seen1,100,WitnessCell,0.7599593059413308,0.011133127125640652
Wessels,3,RCOR1+RING1,combo_seen1,100,factorized_only,0.7088525802826385,0.014751001816054241
Wessels,3,RCOR1+RING1,combo_seen1,5000,WitnessCell,0.5297531611605291,0.002743409989936048
Wessels,3,RCOR1+RING1,combo_seen1,5000,factorized_only,0.43414762781484584,0.0045573615016921264
Wessels,3,RING1+SMARCD1,combo_seen1,100,WitnessCell,0.9193808555194887,0.013187218469968353
Wessels,3,RING1+SMARCD1,combo_seen1,100,factorized_only,0.9111320718154242,0.02144645318050852
Wessels,3,RING1+SMARCD1,combo_seen1,5000,WitnessCell,0.7895896202576465,0.0018882594399590787
Wessels,3,RING1+SMARCD1,combo_seen1,5000,factorized_only,0.726026031703507,0.003730773678511367
Wessels,3,SUPT5H+SUPT6H,combo_seen1,100,WitnessCell,0.8929550656394308,0.016510488664298776
Wessels,3,SUPT5H+SUPT6H,combo_seen1,100,factorized_only,0.8929550656394308,0.016510488664298776
Wessels,3,SUPT5H+SUPT6H,combo_seen1,5000,WitnessCell,0.7531982318886018,0.0025681123174872253
Wessels,3,SUPT5H+SUPT6H,combo_seen1,5000,factorized_only,0.7531982318886018,0.0025681123174872253
Wessels,3,SUPT16H+SUPT5H,combo_seen1,100,WitnessCell,0.9537782557473358,0.021885503684752682
Wessels,3,SUPT16H+SUPT5H,combo_seen1,100,factorized_only,0.9537782557473358,0.021885503684752682
Wessels,3,SUPT16H+SUPT5H,combo_seen1,5000,WitnessCell,0.8203453528342349,0.003770466941651071
Wessels,3,SUPT16H+SUPT5H,combo_seen1,5000,factorized_only,0.8203453528342349,0.003770466941651071
Wessels,3,DOT1L+EP300,combo_seen2,100,WitnessCell,0.9824237325670825,0.00903844735592603
Wessels,3,DOT1L+EP300,combo_seen2,100,factorized_only,0.9593271814125052,0.019344206395655258
Wessels,3,DOT1L+EP300,combo_seen2,5000,WitnessCell,0.897245056065493,0.0012106125127790501
Wessels,3,DOT1L+EP300,combo_seen2,5000,factorized_only,0.8216930911424238,0.0036550662979113768
Wessels,3,DOT1L+GSE1,combo_seen2,100,WitnessCell,0.9790637325995132,0.014070472747059394
Wessels,3,DOT1L+GSE1,combo_seen2,100,factorized_only,0.9671504720830384,0.015247974949966048
Wessels,3,DOT1L+GSE1,combo_seen2,5000,WitnessCell,0.8941218249849533,0.0012855073403563655
Wessels,3,DOT1L+GSE1,combo_seen2,5000,factorized_only,0.7723467492153185,0.003072813781910939
Wessels,3,DOT1L+SMARCD1,combo_seen2,100,WitnessCell,0.9779816315473295,0.010122106269799933
Wessels,3,DOT1L+SMARCD1,combo_seen2,100,factorized_only,0.9474267261774687,0.011728417497635977
Wessels,3,DOT1L+SMARCD1,combo_seen2,5000,WitnessCell,0.850967002713824,0.0013592555179399084
Wessels,3,DOT1L+SMARCD1,combo_seen2,5000,factorized_only,0.7274350197143775,0.0031488994024493977
Wessels,3,EP300+GFI1,combo_seen2,100,WitnessCell,0.907021225388046,0.031485882315628724
Wessels,3,EP300+GFI1,combo_seen2,100,factorized_only,0.9223659527866419,0.03543360909537456
Wessels,3,EP300+GFI1,combo_seen2,5000,WitnessCell,0.8504715882903294,0.0025004707256408476
Wessels,3,EP300+GFI1,combo_seen2,5000,factorized_only,0.8293396192948403,0.004212830112951564
Wessels,3,GATA2+GFI1,combo_seen2,100,WitnessCell,0.7204952960406068,0.2186494017115736
Wessels,3,GATA2+GFI1,combo_seen2,100,factorized_only,0.7102362124120343,0.18930751866043624
Wessels,3,GATA2+GFI1,combo_seen2,5000,WitnessCell,0.5917027408959457,0.006190060039669091
Wessels,3,GATA2+GFI1,combo_seen2,5000,factorized_only,0.5827672289926967,0.006698152972282791
Wessels,3,GATA2+GSE1,combo_seen2,100,WitnessCell,0.9893621048146624,0.009373721022546749
Wessels,3,GATA2+GSE1,combo_seen2,100,factorized_only,0.9788158035407591,0.008276232872364377
Wessels,3,GATA2+GSE1,combo_seen2,5000,WitnessCell,0.9144753407504571,0.0009866854167044174
Wessels,3,GATA2+GSE1,combo_seen2,5000,factorized_only,0.843138685583118,0.002401913710218505
Wessels,3,GATA2+HDAC3,combo_seen2,100,WitnessCell,0.9639617054985964,0.004624000993788988
Wessels,3,GATA2+HDAC3,combo_seen2,100,factorized_only,0.9266283858848454,0.020278081672806984
Wessels,3,GATA2+HDAC3,combo_seen2,5000,WitnessCell,0.8667312355248563,0.0007643869874868088
Wessels,3,GATA2+HDAC3,combo_seen2,5000,factorized_only,0.7077698159925007,0.0034915303472412675
Wessels,3,GATA2+RCOR1,combo_seen2,100,WitnessCell,0.9540449765206581,0.0028915636403424073
Wessels,3,GATA2+RCOR1,combo_seen2,100,factorized_only,0.9369977529471214,0.008837084155580408
Wessels,3,GATA2+RCOR1,combo_seen2,5000,WitnessCell,0.731257513655616,0.0008210856610760636
Wessels,3,GATA2+RCOR1,combo_seen2,5000,factorized_only,0.6477928220602115,0.0031841668132845118
Wessels,3,GFI1+INTS1,combo_seen2,100,WitnessCell,0.764585118783186,0.21166415940315683
Wessels,3,GFI1+INTS1,combo_seen2,100,factorized_only,0.7340742757447755,0.22095087332890778
Wessels,3,GFI1+INTS1,combo_seen2,5000,WitnessCell,0.6110903409742623,0.005564334262466379
Wessels,3,GFI1+INTS1,combo_seen2,5000,factorized_only,0.5351503729808612,0.006345956118576751
Wessels,3,GFI1+SMARCD1,combo_seen2,100,WitnessCell,0.6924823020394107,0.12935433090796905
Wessels,3,GFI1+SMARCD1,combo_seen2,100,factorized_only,0.6701970983470245,0.13273141977728042
Wessels,3,GFI1+SMARCD1,combo_seen2,5000,WitnessCell,0.6850255255359299,0.004219271284115521
Wessels,3,GFI1+SMARCD1,combo_seen2,5000,factorized_only,0.6190167175406897,0.00596276543718453
Wessels,3,HDAC3+INTS1,combo_seen2,100,WitnessCell,0.9581117973025133,0.00823565001779204
Wessels,3,HDAC3+INTS1,combo_seen2,100,factorized_only,0.9584917430726343,0.00717027837102192
Wessels,3,HDAC3+INTS1,combo_seen2,5000,WitnessCell,0.8935619446914076,0.0008710570117059596
Wessels,3,HDAC3+INTS1,combo_seen2,5000,factorized_only,0.8413551251113532,0.001760492404205332
Wessels,3,INTS1+MED24,combo_seen2,100,WitnessCell,0.9805739902587631,0.03371673803620622
Wessels,3,INTS1+MED24,combo_seen2,100,factorized_only,0.9795548324865178,0.01263741019745459
Wessels,3,INTS1+MED24,combo_seen2,5000,WitnessCell,0.9381984259491823,0.0018166798219123698
Wessels,3,INTS1+MED24,combo_seen2,5000,factorized_only,0.9004188150945167,0.0022590511340797427
Wessels,3,INTS1+RCOR1,combo_seen2,100,WitnessCell,0.9290920467573022,0.0033751912477345486
Wessels,3,INTS1+RCOR1,combo_seen2,100,factorized_only,0.9032252021179369,0.007806777253379464
Wessels,3,INTS1+RCOR1,combo_seen2,5000,WitnessCell,0.7527632599763714,0.0007386515139959248
Wessels,3,INTS1+RCOR1,combo_seen2,5000,factorized_only,0.6506240626419488,0.002241494746178464
Wessels,3,INTS1+SMARCD1,combo_seen2,100,WitnessCell,0.965421465421752,0.004581345273460841
Wessels,3,INTS1+SMARCD1,combo_seen2,100,factorized_only,0.9521735067782912,0.0055569742725338316
Wessels,3,INTS1+SMARCD1,combo_seen2,5000,WitnessCell,0.8185384329385245,0.0007484035128375133
Wessels,3,INTS1+SMARCD1,combo_seen2,5000,factorized_only,0.739740431956043,0.002004494859288787
Wessels,3,MED16+MED24,combo_seen2,100,WitnessCell,0.9879790567307466,0.03463040206793735
Wessels,3,MED16+MED24,combo_seen2,100,factorized_only,0.9856847616577411,0.06127914262431045
Wessels,3,MED16+MED24,combo_seen2,5000,WitnessCell,0.922134072249044,0.003455959220921989
Wessels,3,MED16+MED24,combo_seen2,5000,factorized_only,0.8954352904128591,0.005844824066311483
Wessels,3,MED19+MED24,combo_seen2,100,WitnessCell,0.9848253213486271,0.011427992063321919
Wessels,3,MED19+MED24,combo_seen2,100,factorized_only,0.980013254549697,0.016224257969535808
Wessels,3,MED19+MED24,combo_seen2,5000,WitnessCell,0.9364494683365108,0.0017465518920333064
Wessels,3,MED19+MED24,combo_seen2,5000,factorized_only,0.9077448154594981,0.0033232053510877813
Wessels,3,MED24+RCOR1,combo_seen2,100,WitnessCell,0.9893507908549911,0.00955367342122588
Wessels,3,MED24+RCOR1,combo_seen2,100,factorized_only,0.9808070852630034,0.011897020721292628
Wessels,3,MED24+RCOR1,combo_seen2,5000,WitnessCell,0.9333595523781046,0.0013536076948467996
Wessels,3,MED24+RCOR1,combo_seen2,5000,factorized_only,0.8737443890510115,0.003738029979630341
Wessels,3,ATXN7L3,unseen_single,100,WitnessCell,-0.7704018027881654,0.07936931840696473
Wessels,3,ATXN7L3,unseen_single,100,factorized_only,-0.7704018027881654,0.07936931840696473
Wessels,3,ATXN7L3,unseen_single,5000,WitnessCell,-0.3835631838177365,0.006589421880795025
Wessels,3,ATXN7L3,unseen_single,5000,factorized_only,-0.3835631838177365,0.006589421880795025
Wessels,3,FLI1,unseen_single,100,WitnessCell,0.6894843846753348,0.09361767038628961
Wessels,3,FLI1,unseen_single,100,factorized_only,0.6894843846753348,0.09361767038628961
Wessels,3,FLI1,unseen_single,5000,WitnessCell,0.5997704510703691,0.0035692330405002097
Wessels,3,FLI1,unseen_single,5000,factorized_only,0.5997704510703691,0.0035692330405002097
Wessels,3,RING1,unseen_single,100,WitnessCell,0.15592111359070823,0.02465989921356387
Wessels,3,RING1,unseen_single,100,factorized_only,0.15592111359070823,0.02465989921356387
Wessels,3,RING1,unseen_single,5000,WitnessCell,0.02194245458247124,0.0036678816945998165
Wessels,3,RING1,unseen_single,5000,factorized_only,0.02194245458247124,0.0036678816945998165
Wessels,3,FLI1+IKZF1,combo_seen0,100,WitnessCell,0.8625622319152673,0.07423377690926905
Wessels,3,FLI1+IKZF1,combo_seen0,100,factorized_only,0.8625622319152673,0.07423377690926905
Wessels,3,FLI1+IKZF1,combo_seen0,5000,WitnessCell,0.7128079701414992,0.004402251665025238
Wessels,3,FLI1+IKZF1,combo_seen0,5000,factorized_only,0.7128079701414992,0.004402251665025238
Wessels,3,FLI1+KDM1A,combo_seen0,100,WitnessCell,0.8009747923460446,0.18285018648463341
Wessels,3,FLI1+KDM1A,combo_seen0,100,factorized_only,0.8009747923460446,0.18285018648463341
Wessels,3,FLI1+KDM1A,combo_seen0,5000,WitnessCell,0.7016310314164081,0.006927945093696169
Wessels,3,FLI1+KDM1A,combo_seen0,5000,factorized_only,0.7016310314164081,0.006927945093696169
Wessels,3,FLI1+RING1,combo_seen0,100,WitnessCell,0.7568072053576966,0.09261431781203626
Wessels,3,FLI1+RING1,combo_seen0,100,factorized_only,0.7568072053576966,0.09261431781203626
Wessels,3,FLI1+RING1,combo_seen0,5000,WitnessCell,0.6529552090117345,0.0048256032182175815
Wessels,3,FLI1+RING1,combo_seen0,5000,factorized_only,0.6529552090117345,0.0048256032182175815
Wessels,3,IKZF1+KDM1A,combo_seen0,100,WitnessCell,0.7103602126086093,0.18818786196773785
Wessels,3,IKZF1+KDM1A,combo_seen0,100,factorized_only,0.7103602126086093,0.18818786196773785
Wessels,3,IKZF1+KDM1A,combo_seen0,5000,WitnessCell,0.653633861342601,0.006417337879357622
Wessels,3,IKZF1+KDM1A,combo_seen0,5000,factorized_only,0.653633861342601,0.006417337879357622
Wessels,3,KDM1A+RING1,combo_seen0,100,WitnessCell,0.6983060020885042,0.22350528268852313
Wessels,3,KDM1A+RING1,combo_seen0,100,factorized_only,0.6983060020885042,0.22350528268852313
Wessels,3,KDM1A+RING1,combo_seen0,5000,WitnessCell,0.6630033393210105,0.007008460177885887
Wessels,3,KDM1A+RING1,combo_seen0,5000,factorized_only,0.6630033393210105,0.007008460177885887
