seed,subset_id,selected_local,exact,pure_geometry,adequacy_only
0,0,0;1;2,0.2632689623187534,0.05404878048780489,0.1323876723305072
0,1,0;1;3,0.2146322585107942,0.04975609756097562,0.11306988829119671
0,2,0;1;4,0.257015700420242,0.052549019607843146,0.13696423112125797
0,3,0;1;5,0.2769769248160008,0.05434782608695653,0.1447882522327864
0,4,0;1;6,0.28301316790064407,0.054347826086956534,0.14451088679725935
0,5,0;1;7,0.223463369882747,0.050877192982456146,0.11125551705422466
0,6,0;1;8,0.27180974976931493,0.048682926829268294,0.13462214524729496
0,7,0;1;9,0.25995164407564064,0.04975609756097562,0.14517419327138362
0,8,0;2;3,0.1946561497378112,0.05336956521739131,0.09946741007765947
0,9,0;2;4,0.2941905626920811,0.06287500000000001,0.1230985909777452
0,10,0;2;5,0.3159117292108649,0.06589743589743592,0.1307673414874157
0,11,0;2;6,0.31971277960736405,0.06425000000000002,0.1306135394125187
0,12,0;2;7,0.22627490625138993,0.05434782608695653,0.09874165955565073
0,13,0;2;8,0.27739889537391665,0.06027586206896553,0.11502888233738931
0,14,0;2;9,0.26070848428292237,0.051902439024390255,0.13133166920467654
0,15,0;3;4,0.19252845698561374,0.04956097560975611,0.1038804505810943
0,16,0;3;5,0.21825289378122387,0.05336956521739131,0.11272944557738684
0,17,0;3;6,0.2218966269098544,0.051862745098039224,0.11286581908119026
0,18,0;3;7,0.20203892755459915,0.04975609756097562,0.099078636748934
0,19,0;3;8,0.21983502228469465,0.047745098039215686,0.11189452050204407
0,20,0;3;9,0.20836981045083874,0.04491228070175439,0.11260781925854996
0,21,0;4;5,0.3068830795854183,0.06287500000000001,0.13555198174783975
0,22,0;4;6,0.30775409764615,0.06344827586206897,0.1352270653583035
0,23,0;4;7,0.22530320112958996,0.052549019607843146,0.10200002614313487
0,24,0;4;8,0.29478563787562834,0.05762500000000001,0.12531876349214416
0,25,0;4;9,0.26388374754994987,0.051413043478260874,0.136228503591693
0,26,0;5;6,0.32282343351005083,0.06372413793103449,0.14439435287914026
0,27,0;5;7,0.24684742379808053,0.05404878048780489,0.11035550308606065
0,28,0;5;8,0.32150945315868074,0.059250000000000004,0.13357679071275447
0,29,0;5;9,0.2759724765818817,0.051902439024390255,0.1437438189051068
0,30,0;6;7,0.24761989216156743,0.0533658536585366,0.11018202604952117
0,31,0;6;8,0.32023220138351166,0.05960784313725491,0.13277937376579976
0,32,0;6;9,0.27722158041516465,0.051862745098039224,0.1432867252432147
0,33,0;7;8,0.2526943903496259,0.05043478260869566,0.10888079019767502
0,34,0;7;9,0.2214523940675264,0.04975609756097562,0.11121822712865789
0,35,0;8;9,0.27430136199788435,0.047745098039215686,0.13407338613552447
0,36,1;2;3,0.26201033793626227,0.07619047619047621,0.11561432848838296
0,37,1;2;4,0.312694866023524,0.07025,0.13821579631500705
0,38,1;2;5,0.3289232029874497,0.08171428571428574,0.14468712453008498
0,39,1;2;6,0.3307839536512447,0.07757142857142858,0.14606342797792482
0,40,1;2;7,0.26759728995277865,0.07500000000000001,0.11381005389173195
0,41,1;2;8,0.30574923316429337,0.06013793103448277,0.12955464007110654
0,42,1;2;9,0.3219063157901148,0.07200000000000002,0.14686451094863168
0,43,1;3;4,0.35571809788711284,0.06425,0.179979901346218
0,44,1;3;5,0.3689884556270183,0.07523809523809526,0.18484093292695944
0,45,1;3;6,0.36633870658817236,0.07157142857142859,0.1887128989043107
0,46,1;3;7,0.355745025812096,0.07200000000000001,0.17336164855565156
0,47,1;3;8,0.3228211613478672,0.05475000000000001,0.17519977351905514
0,48,1;3;9,0.3755824388702591,0.06833333333333334,0.1893806050836319
0,49,1;4;5,0.4934693897233464,0.07314285714285715,0.21881255758517476
0,50,1;4;6,0.5010697602773164,0.0745714285714286,0.22162523583699215
0,51,1;4;7,0.39836581094520007,0.06727272727272728,0.1879618975417392
0,52,1;4;8,0.38214594887227404,0.05294117647058824,0.1872217952771081
0,53,1;4;9,0.5151704442131371,0.0702857142857143,0.22267648708975565
0,54,1;5;6,0.5379572924010757,0.08000000000000002,0.2268222097897395
0,55,1;5;7,0.3936551527017367,0.07500000000000001,0.19362703993618874
0,56,1;5;8,0.3716127774261594,0.059310344827586216,0.19221219018555147
0,57,1;5;9,0.5215881853785831,0.07485714285714287,0.22784782334814258
0,58,1;6;7,0.3952512379710354,0.07102564102564103,0.19698964932052704
0,59,1;6;8,0.38391391180127643,0.05728260869565219,0.1948678884160322
0,60,1;6;9,0.5119673280857919,0.07157142857142859,0.2307562868232862
0,61,1;7;8,0.35168407969395715,0.057692307692307696,0.16875689732308746
0,62,1;7;9,0.41128108531351437,0.07200000000000001,0.19822991829117667
0,63,1;8;9,0.38578830777901385,0.05475000000000001,0.1961011052779823
0,64,2;3;4,0.23808409192252317,0.06827586206896553,0.1061463409030841
0,65,2;3;5,0.25332429174092674,0.08375000000000002,0.11337978865661172
0,66,2;3;6,0.25267943238696466,0.07442857142857144,0.11536802227680532
0,67,2;3;7,0.24079271547313652,0.07523809523809526,0.10126787810072349
0,68,2;3;8,0.23606500453360904,0.06062500000000001,0.10592711751710583
0,69,2;3;9,0.2602586287978476,0.06983333333333334,0.11526290064494887
0,70,2;4;5,0.35292507156539243,0.08600000000000002,0.1349829210735999
0,71,2;4;6,0.35128643144529814,0.08400000000000002,0.13630184912809684
0,72,2;4;7,0.2774843999815407,0.07314285714285715,0.10410129132895998
0,73,2;4;8,0.340456084437465,0.06814285714285716,0.11982120977615625
0,74,2;4;9,0.339776074510542,0.0732857142857143,0.13744060441851713
0,75,2;5;6,0.38179756658519415,0.09085714285714287,0.14332962007138353
0,76,2;5;7,0.28175649125187285,0.08171428571428574,0.11105622040648339
0,77,2;5;8,0.34442474860032646,0.07714285714285715,0.12668027742741286
0,78,2;5;9,0.3315098266141543,0.07700000000000003,0.1435039400461553
0,79,2;6;7,0.2755976555587852,0.07282758620689656,0.11255786848270286
0,80,2;6;8,0.33540343279038926,0.068,0.1274073851535501
0,81,2;6;9,0.3199970443883051,0.07025,0.14476111698443603
0,82,2;7;8,0.2902269972443076,0.06758620689655173,0.104352243899171
0,83,2;7;9,0.2741941608997637,0.07485714285714287,0.11373800505343665
0,84,2;8;9,0.3239497713539795,0.06128571428571429,0.12913363132143738
0,85,3;4;5,0.34398335225833804,0.06827586206896552,0.17509806692215357
0,86,3;4;6,0.34548258031048334,0.06725,0.17878647610957846
0,87,3;4;7,0.33717819745778105,0.06425,0.16338960944818964
0,88,3;4;8,0.3072525513250436,0.05088235294117648,0.16577876806966482
0,89,3;4;9,0.34619765283890386,0.0626923076923077,0.17967621739482775
0,90,3;5;6,0.3606000393116914,0.07312500000000001,0.1842970746194316
0,91,3;5;7,0.3455161783346892,0.07619047619047621,0.16848998082929667
0,92,3;5;8,0.3088365138369734,0.061571428571428576,0.1707932299897663
0,93,3;5;9,0.36729961647311654,0.06983333333333334,0.18424993438628295
0,94,3;6;7,0.34257720685069676,0.06725,0.17207127198064587
0,95,3;6;8,0.31481437275513985,0.05421568627450982,0.17446251953861364
0,96,3;6;9,0.3588489624307786,0.06318181818181819,0.18803437829923936
0,97,3;7;8,0.3136626212151676,0.05871428571428573,0.15777924394090936
0,98,3;7;9,0.34628464870720005,0.06833333333333334,0.17331468344686493
0,99,3;8;9,0.3141865258147529,0.05136363636363636,0.17463006038414897
0,100,4;5;6,0.556963766462406,0.0864761904761905,0.2166632905348685
0,101,4;5;7,0.39033216837643053,0.07025,0.18341235930474456
0,102,4;5;8,0.39325282112589366,0.06462500000000002,0.18257143737800835
0,103,4;5;9,0.5135965987057777,0.0732857142857143,0.21781074640017722
0,104,4;6;7,0.39444795784664777,0.07025,0.18655724570595522
0,105,4;6;8,0.403756590630477,0.06462500000000002,0.18516323572192844
0,106,4;6;9,0.5110316053362148,0.0732857142857143,0.22049920544254442
0,107,4;7;8,0.3632025267142823,0.0590909090909091,0.15911836713477362
0,108,4;7;9,0.41106229511276954,0.0702857142857143,0.18804689523750517
0,109,4;8;9,0.40439234724178563,0.05772727272727274,0.18664760282137025
0,110,5;6;7,0.409144955088633,0.07255172413793104,0.191701966518853
0,111,5;6;8,0.4148504618801349,0.06689655172413794,0.1898518911117411
0,112,5;6;9,0.5259969681195542,0.07271428571428573,0.22551863373763434
0,113,5;7;8,0.34831804226829444,0.06471428571428572,0.1646010065663916
0,114,5;7;9,0.3908898082983517,0.07200000000000002,0.19345507010598317
0,115,5;8;9,0.3726959309983087,0.05775000000000001,0.19124642920684404
0,116,6;7;8,0.3536525396451474,0.057934782608695654,0.1674256598410787
0,117,6;7;9,0.3858854373640306,0.06725,0.19677491077334103
0,118,6;8;9,0.3778016622963559,0.05421568627450982,0.19384974764612278
0,119,7;8;9,0.3570677300475792,0.05871428571428573,0.16860609819777406
1,0,0;1;2,0.8207684348787425,0.058461538461538474,0.23349418902304983
1,1,0;1;3,0.8249158491573585,0.064031007751938,0.2362461605621258
1,2,0;1;4,0.8578579700530229,0.05950000000000001,0.23898329103592658
1,3,0;1;5,0.7038357513555933,0.048755760368663595,0.24134924161920135
1,4,0;1;6,0.989416253546217,0.06496124031007752,0.21677538853328848
1,5,0;1;7,1.2303505088649764,0.06833333333333334,0.23970290066670788
1,6,0;1;8,1.1989353921406158,0.06095238095238096,0.24357833538201903
1,7,0;1;9,0.8540331357624991,0.055724137931034486,0.24317138827655016
1,8,0;2;3,0.6067708546363972,0.07286821705426359,0.23505047223943693
1,9,0;2;4,0.8087569979958711,0.07147286821705427,0.23795588559339045
1,10,0;2;5,0.6040830591876282,0.06327272727272729,0.23884511255395072
1,11,0;2;6,0.7699135371889972,0.06233333333333334,0.2132063971691844
1,12,0;2;7,0.775541343806978,0.06806201550387597,0.23721276556580675
1,13,0;2;8,0.7769254027541561,0.06248062015503877,0.24041935567380632
1,14,0;2;9,0.6484716773061288,0.06715151515151517,0.23850132651922704
1,15,0;3;4,0.6438743147204516,0.07333333333333336,0.24046822094013626
1,16,0;3;5,0.661087773284042,0.06535947712418302,0.2414279347487554
1,17,0;3;6,0.7735807584810954,0.06666666666666668,0.21633742950863893
1,18,0;3;7,0.7251271068354594,0.07333333333333336,0.2403145529315274
1,19,0;3;8,0.7935654675344948,0.07009523809523811,0.24340213266490987
1,20,0;3;9,0.8209825123658132,0.07390476190476193,0.2429480329495395
1,21,0;4;5,0.5913218042821783,0.05888888888888891,0.2440813484053763
1,22,0;4;6,0.8471273702285192,0.06682926829268293,0.21895371520309403
1,23,0;4;7,0.8164284972131032,0.06790697674418605,0.24227361333528127
1,24,0;4;8,0.8044604098644589,0.06333333333333334,0.24610105409179361
1,25,0;4;9,0.7000640837841801,0.06675,0.24566386496132475
1,26,0;5;6,0.6622162786705359,0.048962655601659764,0.2211773850232914
1,27,0;5;7,0.6392547842343499,0.058418079096045204,0.2446647916079652
1,28,0;5;8,0.6862166178702356,0.05797619047619049,0.2484420248921624
1,29,0;5;9,0.7132925329575918,0.06496969696969698,0.24802911686148663
1,30,0;6;7,0.9403986930114774,0.06930232558139535,0.2212408184775087
1,31,0;6;8,0.9356238132490297,0.06424242424242425,0.22337527208064936
1,32,0;6;9,0.8204505389503698,0.057375,0.22311841180528635
1,33,0;7;8,1.163727109002604,0.07111111111111112,0.2467286477628335
1,34,0;7;9,0.7789645000390202,0.06700000000000003,0.2461386741680939
1,35,0;8;9,0.8395234347683136,0.06780952380952382,0.2500216659810204
1,36,1;2;3,0.6194765533151072,0.05850931677018635,0.2349841344306649
1,37,1;2;4,0.8953433794582581,0.06073170731707318,0.2374295956754021
1,38,1;2;5,0.6341075803766774,0.050149253731343296,0.2372360901718221
1,39,1;2;6,0.819594332519916,0.059503105590062125,0.21344785326187363
1,40,1;2;7,0.7814792407650776,0.05731707317073172,0.23697369575723212
1,41,1;2;8,0.9196296787882563,0.05304347826086958,0.24008158085137138
1,42,1;2;9,0.6736052533223504,0.05297297297297297,0.23743467927649398
1,43,1;3;4,0.6707469255440568,0.060432432432432445,0.24028652858655225
1,44,1;3;5,0.6694020282554946,0.05223880597014927,0.24015277583825567
1,45,1;3;6,0.7934508915969112,0.06181818181818183,0.21707706530580256
1,46,1;3;7,0.7302958203501094,0.0613793103448276,0.24041371611430773
1,47,1;3;8,0.7767520595029503,0.05686274509803922,0.24355606982579553
1,48,1;3;9,0.8463002703384652,0.05727272727272729,0.24319757765986663
1,49,1;4;5,0.6582693088035587,0.04987551867219918,0.2423762521219917
1,50,1;4;6,0.8883605762266686,0.061513513513513515,0.21917843596307204
1,51,1;4;7,0.8084656023089156,0.05717391304347827,0.2419084722527746
1,52,1;4;8,0.8713753018859567,0.05181347150259068,0.24573617402925088
1,53,1;4;9,0.7393940994181327,0.053271889400921674,0.2453044949167913
1,54,1;5;6,0.7109016382798979,0.04721991701244814,0.2202559612283515
1,55,1;5;7,0.6405374026059328,0.047309236947791176,0.24330520665116054
1,56,1;5;8,0.6934845773061755,0.04539682539682541,0.24695012993874213
1,57,1;5;9,0.7307874168126199,0.05184079601990051,0.2465191829356156
1,58,1;6;7,0.9444318375901404,0.06331034482758621,0.22159827437743312
1,59,1;6;8,0.9751503556081662,0.059172413793103465,0.22383945779671252
1,60,1;6;9,0.8542240355026647,0.05250000000000001,0.223567897265944
1,61,1;7;8,1.353212100462807,0.06323809523809525,0.24662979610533917
1,62,1;7;9,0.7825098871383553,0.05437908496732027,0.2461175077199469
1,63,1;8;9,0.8290379418046656,0.05448275862068967,0.24997142040755915
1,64,2;3;4,0.6245717803003343,0.07636363636363637,0.24010711065873802
1,65,2;3;5,0.6688172044924744,0.07950000000000002,0.2390698246906832
1,66,2;3;6,0.6404265036064734,0.06173913043478263,0.21510698054887084
1,67,2;3;7,0.579920920636191,0.06813793103448278,0.2391882349500066
1,68,2;3;8,0.5847907648754433,0.06687500000000002,0.24187525191403703
1,69,2;3;9,0.690367089058883,0.08190476190476192,0.2386855542880587
1,70,2;4;5,0.6315406004683853,0.06758169934640525,0.24166750928388916
1,71,2;4;6,0.8415544003247463,0.06497297297297298,0.21746890972561078
1,72,2;4;7,0.7666482109248542,0.06772413793103449,0.24114917073201886
1,73,2;4;8,0.8581355305235073,0.06427586206896552,0.24439654379092987
1,74,2;4;9,0.6857960281147358,0.07175000000000001,0.24209547940854695
1,75,2;5;6,0.6470594574149411,0.052105263157894745,0.2170153418548386
1,76,2;5;7,0.5709582174004753,0.06020833333333334,0.2409526350793456
1,77,2;5;8,0.6115758159710183,0.06346153846153847,0.24415444501417616
1,78,2;5;9,0.7371914830534383,0.08450000000000002,0.24160040587634446
1,79,2;6;7,0.7426046001444211,0.05942307692307694,0.2186351102254272
1,80,2;6;8,0.7937487050131657,0.055751295336787576,0.21987458636542148
1,81,2;6;9,0.6998357350824456,0.05365853658536587,0.21745777680350728
1,82,2;7;8,0.7357683400323033,0.06121212121212122,0.24379333805482326
1,83,2;7;9,0.6184531091790304,0.06355555555555556,0.24107611317654795
1,84,2;8;9,0.6514346019047064,0.0672857142857143,0.2446781913876557
1,85,3;4;5,0.65047698856052,0.069281045751634,0.2441920628832633
1,86,3;4;6,0.7735495404744014,0.06731707317073173,0.22053372591329604
1,87,3;4;7,0.5659666075742913,0.06737500000000002,0.24425443526287705
1,88,3;4;8,0.6281901212848644,0.0677241379310345,0.24744481387121323
1,89,3;4;9,0.8108714223737183,0.0778294573643411,0.2469479504298092
1,90,3;5;6,0.6671982551548985,0.054375000000000014,0.22037291486366645
1,91,3;5;7,0.624404353662043,0.062222222222222234,0.24421064598023992
1,92,3;5;8,0.6527493335917716,0.065,0.24728947134606666
1,93,3;5;9,0.7716760981630624,0.08166666666666668,0.2468048468417145
1,94,3;6;7,0.6723270366658227,0.061750000000000006,0.22211671280375564
1,95,3;6;8,0.755940201300062,0.061931034482758635,0.2237644919160143
1,96,3;6;9,0.8801303843111753,0.06108527131782948,0.2236236131406088
1,97,3;7;8,0.7170022331845479,0.0665,0.24754506391240128
1,98,3;7;9,0.7374636830822421,0.06916666666666668,0.24695808821609766
1,99,3;8;9,0.8129945163310466,0.07333333333333335,0.2502489853280913
1,100,4;5;6,0.7160327222865366,0.05311203319502076,0.222446816590438
1,101,4;5;7,0.5216168169728952,0.05658536585365854,0.2457989299549458
1,102,4;5;8,0.6525539778929319,0.06226190476190477,0.2495100699868943
1,103,4;5;9,0.7406189087399643,0.07030303030303031,0.2490135753147456
1,104,4;6;7,0.7837170317732975,0.06147058823529413,0.22357635270670756
1,105,4;6;8,0.8465337608967957,0.05958333333333335,0.22579887889323277
1,106,4;6;9,0.8418056367680992,0.05872549019607844,0.22555923988048507
1,107,4;7;8,0.7527173851846918,0.060000000000000005,0.2490075597461661
1,108,4;7;9,0.6316093505064946,0.06222222222222224,0.24839345133458796
1,109,4;8;9,0.7083999878710459,0.0677241379310345,0.25231307322013236
1,110,5;6;7,0.6011066345542107,0.04643835616438357,0.22530012240566397
1,111,5;6;8,0.7074487648097534,0.04976190476190477,0.22685216007664685
1,112,5;6;9,0.7543464485318125,0.05166666666666667,0.22657123584715513
1,113,5;7;8,0.6192226400849397,0.054803921568627456,0.25031382209920244
1,114,5;7;9,0.6542583470206521,0.06197916666666669,0.24971541935092018
1,115,5;8;9,0.7172863431253074,0.06653846153846155,0.25345671546060977
1,116,6;7;8,0.8922440116837124,0.0623529411764706,0.22824542508982557
1,117,6;7;9,0.7425303283751541,0.053650793650793664,0.2279820884978067
1,118,6;8;9,0.8336267676476861,0.05917241379310345,0.23003511293033654
1,119,7;8;9,0.7714327739790419,0.0645,0.25302112771501445
2,0,0;1;2,0.33784166980117225,0.06392156862745099,0.09891868282703856
2,1,0;1;3,0.35279047457777135,0.06538461538461539,0.0994542528268221
2,2,0;1;4,0.2968341997978526,0.04611295681063124,0.0920275288194805
2,3,0;1;5,0.3084380695388533,0.05672727272727274,0.09904156674770861
2,4,0;1;6,0.3180367652525784,0.050456431535269713,0.0964090452097225
2,5,0;1;7,0.33089419470903514,0.052697095435684654,0.09910697491479498
2,6,0;1;8,0.323022412556325,0.05575000000000001,0.09845183138282305
2,7,0;1;9,0.31637783190797086,0.05690000000000002,0.09596735329762718
2,8,0;2;3,0.3253475322205737,0.06482758620689658,0.0992775425126871
2,9,0;2;4,0.2731633002065718,0.04525252525252526,0.09227701268543699
2,10,0;2;5,0.28812233882173616,0.05637500000000002,0.09851539093903663
2,11,0;2;6,0.3002716617238229,0.051027027027027036,0.09672553074875066
2,12,0;2;7,0.31811986333027065,0.056585365853658545,0.09963739830309207
2,13,0;2;8,0.30160744861762556,0.054583333333333345,0.09877385118025452
2,14,0;2;9,0.29448112516688074,0.052777777777777785,0.09667713418929727
2,15,0;3;4,0.2943603946194391,0.04678082191780823,0.09257512737754214
2,16,0;3;5,0.31179222867674566,0.05712500000000001,0.09904756255746054
2,17,0;3;6,0.31238416204602726,0.05216589861751152,0.09676298303777248
2,18,0;3;7,0.31625303133322713,0.0551152073732719,0.0994625002478176
2,19,0;3;8,0.3140244519579327,0.05854922279792747,0.09881077906542653
2,20,0;3;9,0.3159654974354844,0.05619512195121952,0.09632492542546188
2,21,0;4;5,0.2749857107979179,0.05114754098360656,0.09174441826120035
2,22,0;4;6,0.29673596135321595,0.04785714285714286,0.09079673502598637
2,23,0;4;7,0.2637397725702924,0.044500000000000005,0.09243637806418127
2,24,0;4;8,0.2758827864425404,0.0469178082191781,0.09219906718805292
2,25,0;4;9,0.28553350012233875,0.04907894736842106,0.08946146737714089
2,26,0;5;6,0.28492564618564165,0.05,0.09594673191217766
2,27,0;5;7,0.28386668888284716,0.04903225806451614,0.09868933036653658
2,28,0;5;8,0.2794391814460148,0.05188940092165899,0.09802824441596814
2,29,0;5;9,0.2961086269639556,0.05630434782608697,0.09554933884138836
2,30,0;6;7,0.2913534543163769,0.05102702702702703,0.09689781384595299
2,31,0;6;8,0.3136062095739331,0.049038461538461545,0.09636822288473595
2,32,0;6;9,0.2932553171116536,0.048093385214007786,0.09377182862892525
2,33,0;7;8,0.301020745351182,0.051981566820276506,0.09901782650049976
2,34,0;7;9,0.28476859012107547,0.04528169014084508,0.09703287854814886
2,35,0;8;9,0.2813764486875669,0.05084615384615386,0.09633061146605264
2,36,1;2;3,0.4374281351543331,0.07379310344827587,0.09850567088616317
2,37,1;2;4,0.30805155658382416,0.058913043478260874,0.0911078061642508
2,38,1;2;5,0.3135230955044096,0.06723809523809525,0.0981069990131995
2,39,1;2;6,0.40842759832834497,0.0710344827586207,0.09546690373739167
2,40,1;2;7,0.40834115501748913,0.07178294573643411,0.09838091586909169
2,41,1;2;8,0.40482460877852566,0.0720496894409938,0.09751241105661608
2,42,1;2;9,0.32539660195029285,0.06566666666666668,0.09541758387361726
2,43,1;3;4,0.32671951818148587,0.04896551724137932,0.09181448686848179
2,44,1;3;5,0.3262169628034703,0.058285714285714295,0.09871482239637865
2,45,1;3;6,0.4557570402016935,0.06391304347826088,0.09601570191090873
2,46,1;3;7,0.43077656372345097,0.06217391304347826,0.0986955816165782
2,47,1;3;8,0.4430986253552899,0.06928571428571428,0.09804481790400711
2,48,1;3;9,0.38268504642831336,0.06153846153846154,0.09555703046384434
2,49,1;4;5,0.30701321947602883,0.057212121212121214,0.09131144298499383
2,50,1;4;6,0.3577910354373145,0.06285714285714288,0.08966426765649738
2,51,1;4;7,0.33611907415366066,0.059512195121951224,0.09127509957007708
2,52,1;4;8,0.32734120090596597,0.04956521739130435,0.09103927902097295
2,53,1;4;9,0.3627725188646746,0.05978260869565219,0.08829932953235836
2,54,1;5;6,0.3375629600884806,0.06087500000000001,0.09555166521563745
2,55,1;5;7,0.30192618202634736,0.05787500000000001,0.09828103418661452
2,56,1;5;8,0.32164882964154373,0.05859459459459461,0.0976201444362647
2,57,1;5;9,0.32961990017191634,0.06416666666666668,0.09513979623038152
2,58,1;6;7,0.4271556472805589,0.07025000000000002,0.09565170802400867
2,59,1;6;8,0.47183567725822784,0.06538860103626944,0.09511753886984395
2,60,1;6;9,0.413711123298236,0.06639534883720931,0.09252409348176376
2,61,1;7;8,0.4185913273743398,0.06370731707317073,0.09776795643584131
2,62,1;7;9,0.34664312350048143,0.05967391304347827,0.09578486828787822
2,63,1;8;9,0.3900913933525967,0.06290000000000001,0.09507901402928007
2,64,2;3;4,0.29789883071986933,0.048497854077253225,0.09165988046747535
2,65,2;3;5,0.3035493774922777,0.057714285714285725,0.09810859429788527
2,66,2;3;6,0.4773107227607712,0.0703448275862069,0.09582600364087138
2,67,2;3;7,0.469158914800427,0.07286821705426355,0.09874161409162947
2,68,2;3;8,0.46475386718960854,0.07636363636363637,0.09787614187408246
2,69,2;3;9,0.32607939630699184,0.056601307189542496,0.09577967719836107
2,70,2;4;5,0.267442777353387,0.056666666666666685,0.09083303710628163
2,71,2;4;6,0.3005209355281999,0.05951219512195124,0.08989254503506826
2,72,2;4;7,0.2820999549307688,0.05770000000000001,0.0917540962344346
2,73,2;4;8,0.268119450156855,0.047548638132295734,0.09130295669303569
2,74,2;4;9,0.2869121532754524,0.05604166666666668,0.08898666845753071
2,75,2;5;6,0.30007686640939013,0.05987500000000001,0.09501640336940813
2,76,2;5;7,0.28763195034307854,0.0590344827586207,0.09798018785959772
2,77,2;5;8,0.2858148410947784,0.05686486486486486,0.09710149477397859
2,78,2;5;9,0.29200026879601804,0.06166666666666669,0.09501160246316824
2,79,2;6;7,0.47169736711230653,0.07504761904761906,0.09618817105726084
2,80,2;6;8,0.467794176652206,0.06772413793103449,0.09544771106526675
2,81,2;6;9,0.32034625761462004,0.059757575757575766,0.09324330558018197
2,82,2;7;8,0.4675581246088307,0.07147286821705426,0.09830350014628396
2,83,2;7;9,0.30173336890294633,0.05730769230769232,0.09655081471404056
2,84,2;8;9,0.2980560759162397,0.05479166666666668,0.09580412912437913
2,85,3;4;5,0.2711071595426646,0.04830357142857144,0.0915032996256875
2,86,3;4;6,0.3182959175955062,0.0516205533596838,0.09018400720399808
2,87,3;4;7,0.3039810463394468,0.046385964912280704,0.09182452319849244
2,88,3;4;8,0.29388965030562886,0.046373626373626374,0.09158452137142857
2,89,3;4;9,0.3167265795773391,0.04817120622568094,0.0888488449939042
2,90,3;5;6,0.3083977829683123,0.05245098039215687,0.0955519198263693
2,91,3;5;7,0.2882011137503551,0.04971153846153847,0.09828747684228996
2,92,3;5;8,0.29036179874078727,0.053125,0.09762900691251829
2,93,3;5;9,0.30204698443974887,0.05430232558139536,0.09515001524034916
2,94,3;6;7,0.4975129309216053,0.06899999999999998,0.09600667814760935
2,95,3;6;8,0.5315822180932832,0.06980392156862747,0.0954763796768463
2,96,3;6;9,0.39382043262467537,0.0549122807017544,0.09288091274637517
2,97,3;7;8,0.4885164192470151,0.07137254901960784,0.09812743018652816
2,98,3;7;9,0.34155644430438975,0.04901639344262296,0.09614218490758807
2,99,3;8;9,0.36930058553253053,0.05585253456221199,0.0954404862958898
2,100,4;5;6,0.32158436937291185,0.06162790697674421,0.08933147597169297
2,101,4;5;7,0.27496261339773453,0.05609756097560977,0.09098834636405202
2,102,4;5;8,0.2979776319790284,0.05320574162679427,0.09074741448336489
2,103,4;5;9,0.3083610128271733,0.06166666666666669,0.08801737810410748
2,104,4;6;7,0.315715880068973,0.06195121951219513,0.09005100800745236
2,105,4;6;8,0.3257717878047899,0.05241379310344828,0.08986802694900464
2,106,4;6;9,0.34300927092852174,0.06292682926829268,0.08707495386560975
2,107,4;7;8,0.28360332004154065,0.04743859649122807,0.09151741500793828
2,108,4;7;9,0.3272048773356987,0.05772727272727274,0.08928198873347609
2,109,4;8;9,0.3164990430383634,0.051461538461538475,0.08889480223579525
2,110,5;6;7,0.3013557821352343,0.05987500000000002,0.09518608569418778
2,111,5;6;8,0.3299242612638427,0.05520833333333334,0.09464685444431271
2,112,5;6;9,0.33497117524751885,0.06127906976744188,0.09205747267515182
2,113,5;7;8,0.28738144416390904,0.051705069124423964,0.09734068401350598
2,114,5;7;9,0.2867306966759694,0.05532608695652176,0.09536384416074004
2,115,5;8;9,0.3117765257624372,0.057300000000000025,0.09465536672108664
2,116,6;7;8,0.49110286172904855,0.06703448275862069,0.0956873358224896
2,117,6;7;9,0.3431678555431334,0.06111111111111112,0.09359377574607253
2,118,6;8;9,0.40019516674607225,0.05631336405529955,0.0929983596273127
2,119,7;8;9,0.3177565877150137,0.049180327868852465,0.09614829330156945
3,0,0;1;2,0.5596101298399554,0.06868965517241382,0.13153099064601437
3,1,0;1;3,0.4175137827718815,0.06587570621468929,0.1255940632416282
3,2,0;1;4,0.4685999310084993,0.07176470588235295,0.13442680359207732
3,3,0;1;5,0.5268033896618088,0.06451977401129944,0.13411554171839435
3,4,0;1;6,0.49191505242863653,0.07333333333333335,0.11382775677881196
3,5,0;1;7,0.5533043943431565,0.06313953488372094,0.13079782467447784
3,6,0;1;8,0.41239502684270724,0.06027272727272728,0.13451848620619922
3,7,0;1;9,0.5378576522567016,0.07213793103448277,0.12889642115874822
3,8,0;2;3,0.9261760497617779,0.06787878787878789,0.12398617968844294
3,9,0;2;4,0.46423271757440393,0.06186046511627907,0.1313389653625256
3,10,0;2;5,0.9718882820688808,0.06713178294573646,0.1312120469838894
3,11,0;2;6,0.892669935239307,0.07166666666666667,0.11195617593147889
3,12,0;2;7,0.6999507540376504,0.06766666666666668,0.12865736030679095
3,13,0;2;8,0.4277860144910281,0.05854545454545455,0.13155778630247877
3,14,0;2;9,0.7254928398182567,0.07200000000000001,0.1274582461332002
3,15,0;3;4,0.49020902530755417,0.06266666666666668,0.12599569782123674
3,16,0;3;5,1.3875763940006554,0.10666666666666667,0.12625252323948322
3,17,0;3;6,1.3611364308894616,0.08666666666666668,0.11060735139619493
3,18,0;3;7,0.5920671305212164,0.05833333333333335,0.12455213754805691
3,19,0;3;8,0.3317981292843225,0.04717948717948719,0.12619369707413725
3,20,0;3;9,0.5441620717601611,0.06883720930232559,0.12119462808514957
3,21,0;4;5,0.5900425463463892,0.06011299435028249,0.13471014282651522
3,22,0;4;6,0.563538431265914,0.07333333333333335,0.11414368928742523
3,23,0;4;7,0.4953058779247273,0.061395348837209304,0.13140653771118188
3,24,0;4;8,0.42309861436930135,0.05963636363636364,0.13512833394535062
3,25,0;4;9,0.4622293313440727,0.06979310344827587,0.12891257174537463
3,26,0;5;6,1.4009110068174109,0.08533333333333336,0.11450490303245447
3,27,0;5;7,0.6737510938056497,0.058333333333333334,0.13216318512596972
3,28,0;5;8,0.41450534604593436,0.04593333333333334,0.13511080819886317
3,29,0;5;9,0.6533858815333251,0.06666666666666668,0.1283028097185291
3,30,0;6;7,0.6259075837308563,0.07166666666666668,0.1140226640590041
3,31,0;6;8,0.39496184219052466,0.06235294117647058,0.11473939750237408
3,32,0;6;9,0.6452398853559749,0.07828571428571429,0.10854274581275047
3,33,0;7;8,0.45727676736701406,0.05750000000000002,0.1316581634013727
3,34,0;7;9,0.6118036015395384,0.06650000000000002,0.12503521580437577
3,35,0;8;9,0.39791289128392965,0.05900000000000002,0.12869611128140143
3,36,1;2;3,0.7536100442272081,0.06731707317073171,0.12349767827943983
3,37,1;2;4,0.6417939642475723,0.06912500000000002,0.1308991690435684
3,38,1;2;5,0.6650301666582852,0.05833333333333335,0.13076677277751278
3,39,1;2;6,0.8473523979241314,0.07531034482758622,0.11144601627845739
3,40,1;2;7,0.9142843559542633,0.07410852713178295,0.12819719552344722
3,41,1;2;8,0.7314615483926614,0.069,0.1311092194398062
3,42,1;2;9,0.5957711016639046,0.07062068965517243,0.12760920729238404
3,43,1;3;4,0.4654258666558445,0.06373056994818654,0.12506604526194803
3,44,1;3;5,0.5373013894436824,0.06553672316384182,0.1251430152023849
3,45,1;3;6,0.6708718915198917,0.07016949152542373,0.10952337234781631
3,46,1;3;7,0.7278825524626931,0.061968911917098454,0.12342682302370567
3,47,1;3;8,0.5366706134693358,0.05783132530120484,0.1250778627092375
3,48,1;3;9,0.45035653831240896,0.06290155440414509,0.1210681143900538
3,49,1;4;5,0.5098687224178436,0.055964912280701766,0.13358967867171323
3,50,1;4;6,0.5952809092863615,0.0773793103448276,0.11320876276123129
3,51,1;4;7,0.6868944275341338,0.06732558139534886,0.13029257895857838
3,52,1;4;8,0.635205553605152,0.0682608695652174,0.13400263201103718
3,53,1;4;9,0.5046403439718106,0.07512500000000001,0.12896661507343193
3,54,1;5;6,0.5877701252976799,0.06115384615384616,0.11336011125804123
3,55,1;5;7,0.6242023972986541,0.053271889400921674,0.13082720205858672
3,56,1;5;8,0.4930268782293662,0.047744107744107755,0.13368745123955883
3,57,1;5;9,0.5452849210908999,0.05548387096774195,0.12832196374433685
3,58,1;6;7,0.8240105438385038,0.07531034482758624,0.11286435621616353
3,59,1;6;8,0.6378822575774532,0.07392857142857143,0.113596337355366
3,60,1;6;9,0.5183388043536286,0.07568627450980392,0.10844348660727232
3,61,1;7;8,0.7326507037681214,0.06793478260869566,0.1302969957188193
3,62,1;7;9,0.5791841984994528,0.06625000000000002,0.1250425851477919
3,63,1;8;9,0.45853020438415665,0.06595121951219513,0.12871516775719843
3,64,2;3;4,0.7542537950166197,0.05645833333333333,0.12366641418161237
3,65,2;3;5,0.998359835978119,0.066969696969697,0.1235081712496609
3,66,2;3;6,1.0587584937193468,0.0678787878787879,0.10706089286817344
3,67,2;3;7,0.8966843833852423,0.06424242424242427,0.12155916296796207
3,68,2;3;8,0.6604890100220211,0.05483333333333335,0.12346985398308627
3,69,2;3;9,0.9255351488988208,0.06468750000000001,0.12004207539325809
3,70,2;4;5,0.5345956547848318,0.04830357142857144,0.13063788148456074
3,71,2;4;6,0.7742138763154439,0.06857142857142859,0.1117992713802701
3,72,2;4;7,0.7723286001827822,0.06571428571428574,0.12818138056799658
3,73,2;4;8,0.6261498061708022,0.06454545454545456,0.13090099740684852
3,74,2;4;9,0.6559373349393667,0.06700000000000002,0.12717654160105632
3,75,2;5;6,0.9346648897725696,0.05986928104575165,0.11144567841770986
3,76,2;5;7,0.7713050688036269,0.056413793103448295,0.128717106437786
3,77,2;5;8,0.5059432506498006,0.046014492753623196,0.13078305939574908
3,78,2;5;9,0.7611122165470391,0.05806896551724139,0.12692663930943904
3,79,2;6;7,0.9448960506487156,0.07666666666666669,0.11082970802318322
3,80,2;6;8,0.7422684479171521,0.06974358974358975,0.11175262940175089
3,81,2;6;9,0.895572942697265,0.07161904761904764,0.10676473582443202
3,82,2;7;8,0.8097066486038971,0.0676923076923077,0.1281439237820607
3,83,2;7;9,0.7353212600325685,0.06780952380952382,0.12426577037895771
3,84,2;8;9,0.45891518535788867,0.06206521739130436,0.1272553368889519
3,85,3;4;5,0.648943159021649,0.06011299435028249,0.12555047938708122
3,86,3;4;6,1.2970029492022643,0.07333333333333335,0.10960148935619364
3,87,3;4;7,0.6069897712888797,0.05520833333333335,0.12372487091301959
3,88,3;4;8,0.435136651078758,0.054333333333333345,0.1254785016876774
3,89,3;4;9,1.3323775698210705,0.06979310344827587,0.1209347986596179
3,90,3;5;6,1.4320332969375735,0.08533333333333336,0.11030361398111801
3,91,3;5;7,0.662329377327721,0.057254901960784324,0.12459283464596739
3,92,3;5;8,0.41969727157977404,0.04545454545454547,0.12575254155446136
3,93,3;5;9,0.7102262905913408,0.06696969696969697,0.12090505200067464
3,94,3;6;7,0.7791395075768659,0.0678787878787879,0.10946325781583593
3,95,3;6;8,0.6181698431647115,0.060000000000000005,0.11034867828060818
3,96,3;6;9,1.3998927438015376,0.07885714285714286,0.10524002724127016
3,97,3;7;8,0.6328628200235845,0.05383333333333335,0.12401475353860536
3,98,3;7;9,0.5975499537312949,0.05903448275862071,0.11916572913054826
3,99,3;8;9,0.400835072882115,0.05309236947791164,0.12079043884101287
3,100,4;5;6,0.7187012098821426,0.06074534161490684,0.11368233306528033
3,101,4;5;7,0.5591652416517416,0.049519230769230774,0.13144411561592328
3,102,4;5;8,0.4477236187208189,0.045797101449275374,0.134286666666727
3,103,4;5;9,0.6137115179700448,0.05555555555555556,0.12834213860149885
3,104,4;6;7,0.677029165812583,0.07031250000000001,0.11318919563856664
3,105,4;6;8,0.5869314000684211,0.06974358974358975,0.11391318552497876
3,106,4;6;9,1.2811802304290474,0.08190476190476192,0.10813152707029641
3,107,4;7;8,0.6698094314954497,0.06363636363636366,0.130901002608317
3,108,4;7;9,0.5900415789610346,0.06500000000000002,0.12497973788378319
3,109,4;8;9,0.40889862567067636,0.0648888888888889,0.12874093300089884
3,110,5;6;7,0.6649253742832636,0.06000000000000001,0.11347715262857075
3,111,5;6;8,0.451896615577517,0.049603174603174614,0.11429027026140583
3,112,5;6;9,0.7348543869386632,0.06573643410852714,0.1082656473472576
3,113,5;7;8,0.5004390619088653,0.04583333333333334,0.131684546841191
3,114,5;7;9,0.6633234774729209,0.055034482758620704,0.1253531739114631
3,115,5;8;9,0.4163007626357331,0.04492753623188407,0.12811943724887487
3,116,6;7;8,0.7106993646679499,0.06974358974358975,0.11387238248010473
3,117,6;7;9,0.6091605752727738,0.07161904761904764,0.1077914211586034
3,118,6;8;9,0.4397601263111867,0.0675,0.10848013693129632
3,119,7;8;9,0.46595507861950336,0.060777777777777785,0.12475724717615695
4,0,0;1;2,1.361789175712135,0.04703296703296704,0.5049144042381546
4,1,0;1;3,1.3803412502619488,0.069,0.6012300357532192
4,2,0;1;4,1.4647735095046377,0.08,0.5765784893587973
4,3,0;1;5,1.382291829183813,0.06427860696517414,0.5907860094273373
4,4,0;1;6,1.7325436105523524,0.08816666666666667,0.5901777971642631
4,5,0;1;7,1.5737514650841105,0.06633333333333334,0.6012420945257649
4,6,0;1;8,1.5899633412200314,0.0803921568627451,0.6001180785416463
4,7,0;1;9,1.4133825491905372,0.07093750000000001,0.5916254987453596
4,8,0;2;3,1.17579089886746,0.04671698113207548,0.5085380127854506
4,9,0;2;4,1.2537755357537619,0.04912280701754386,0.49714297995663737
4,10,0;2;5,1.2436287746677217,0.04701886792452831,0.49124584358052525
4,11,0;2;6,1.3315507640287394,0.048750000000000016,0.5063818009582746
4,12,0;2;7,1.3677754480302684,0.04467924528301887,0.5061745853043109
4,13,0;2;8,1.2659411286721376,0.047385892116182576,0.5081938886118914
4,14,0;2;9,1.1784827060637262,0.04738589211618259,0.49817914175173617
4,15,0;3;4,1.3277221897320484,0.0652325581395349,0.5802271858078606
4,16,0;3;5,1.1936454081272125,0.04972762645914398,0.5925862973541431
4,17,0;3;6,1.4003946053772385,0.06848484848484848,0.5944127525805483
4,18,0;3;7,1.353116468934247,0.0582439024390244,0.6024340307876642
4,19,0;3;8,1.3933347770691091,0.06771241830065361,0.6036099857837616
4,20,0;3;9,1.2255703775742472,0.05705357142857144,0.5951745436303659
4,21,0;4;5,1.3360162016522046,0.07674418604651162,0.5640030004119652
4,22,0;4;6,1.3776677421936379,0.07089655172413795,0.5788659414277416
4,23,0;4;7,1.4585263831414574,0.0822857142857143,0.5778755935016672
4,24,0;4;8,1.3667554431169662,0.07454545454545455,0.5800071984768013
4,25,0;4;9,1.3716839826901783,0.07454545454545454,0.570901474010929
4,26,0;5;6,1.3475328211196491,0.05945945945945946,0.5817802521741022
4,27,0;5;7,1.33086038224375,0.07213793103448275,0.5925052598553754
4,28,0;5;8,1.2883723550722426,0.0625945945945946,0.5914889418634741
4,29,0;5;9,1.3614313046996716,0.07333333333333335,0.5828401710991911
4,30,0;6;7,1.5874980394893088,0.06824999999999999,0.5917688789236711
4,31,0;6;8,1.6160134752111126,0.07613793103448277,0.5944064639396853
4,32,0;6;9,1.3688723557281288,0.0638888888888889,0.5847846592517565
4,33,0;7;8,1.4902593447543824,0.06637500000000002,0.6013434281850886
4,34,0;7;9,1.3795672003355515,0.06637499999999999,0.5928312779919224
4,35,0;8;9,1.3233723153685846,0.06731707317073171,0.5941165339471857
4,36,1;2;3,1.2524932184876525,0.045434782608695656,0.5048950659447278
4,37,1;2;4,1.3083069080060978,0.04694339622641511,0.49349588183071436
4,38,1;2;5,1.3060112070562915,0.04608695652173914,0.48907766369905714
4,39,1;2;6,1.40356256661928,0.047341772151898734,0.5026160922795261
4,40,1;2;7,1.3392502159249322,0.04424242424242425,0.504780184384192
4,41,1;2;8,1.3382317585326258,0.046875000000000014,0.5045109145301421
4,42,1;2;9,1.2349584333000603,0.04519855595667871,0.49448670925038496
4,43,1;3;4,1.4037561846927789,0.06467391304347828,0.5764984974051828
4,44,1;3;5,1.2797077914820092,0.04920289855072464,0.590718844077971
4,45,1;3;6,1.468696453214138,0.06769230769230769,0.5904263249361379
4,46,1;3;7,1.3944693174502527,0.05854545454545455,0.6011468160736635
4,47,1;3;8,1.4631571527255764,0.06788888888888889,0.5999627042125667
4,48,1;3;9,1.30110351080048,0.056803278688524604,0.5915512588005246
4,49,1;4;5,1.4032523193895434,0.06159203980099502,0.5620049815878897
4,50,1;4;6,1.4523363535643936,0.06888888888888889,0.5747904780792956
4,51,1;4;7,1.4619006990162926,0.06610169491525425,0.5764372867523505
4,52,1;4;8,1.4433433611498556,0.07254237288135595,0.57625132406883
4,53,1;4;9,1.4307588817674868,0.0646766169154229,0.567134835280882
4,54,1;5;6,1.4305568518974043,0.05681592039800996,0.5797815340353035
4,55,1;5;7,1.3306653275128273,0.054698795180722896,0.5898145719156345
4,56,1;5;8,1.373529964204969,0.059833333333333336,0.5895747345548267
4,57,1;5;9,1.427006008614752,0.06069651741293534,0.5809259725498663
4,58,1;6;7,1.581532506646006,0.06555555555555556,0.5902970061725679
4,59,1;6;8,1.6909536168079873,0.07790849673202616,0.5903851481542202
4,60,1;6;9,1.443918078937174,0.06312500000000001,0.5807507753406133
4,61,1;7;8,1.5114344874936343,0.06517073170731708,0.6000175088273236
4,62,1;7;9,1.370744191104976,0.054923076923076936,0.5915214105062082
4,63,1;8;9,1.3996660354988628,0.06608294930875577,0.5904150499543559
4,64,2;3;4,1.2757084773589054,0.04923913043478262,0.4998993550721193
4,65,2;3;5,1.229706989745535,0.046272727272727285,0.49400392018325245
4,66,2;3;6,1.2986984292272725,0.05022222222222223,0.5092247328833722
4,67,2;3;7,1.1821654126287915,0.04291666666666667,0.5079093984970744
4,68,2;3;8,1.3218231011391968,0.05022222222222223,0.5109670963354659
4,69,2;3;9,1.179205805003373,0.048097560975609764,0.5010033867066805
4,70,2;4;5,1.3765213853020832,0.051638418079096055,0.4793653668132735
4,71,2;4;6,1.3057340928438792,0.05215686274509806,0.49954990635924346
4,72,2;4;7,1.2713984833617127,0.047761194029850754,0.4964907788056211
4,73,2;4;8,1.321000660190929,0.052179487179487186,0.4997438036647743
4,74,2;4;9,1.3221734891979307,0.052179487179487186,0.48967747626574176
4,75,2;5;6,1.3314782940451517,0.05033333333333334,0.4915392415716232
4,76,2;5;7,1.2870675099972482,0.04698795180722893,0.49244065056914615
4,77,2;5;8,1.3117318984899697,0.0502439024390244,0.4935645316685554
4,78,2;5;9,1.3513339041669716,0.050833333333333335,0.48362531259077507
4,79,2;6;7,1.3396080779821036,0.046390041493775944,0.5056636401021384
4,80,2;6;8,1.3977767984753917,0.05279069767441861,0.5091778759774246
4,81,2;6;9,1.2559900211957267,0.05139393939393941,0.4987269017887106
4,82,2;7;8,1.2783718050555763,0.045500000000000006,0.507547569325425
4,83,2;7;9,1.2026494774224186,0.04550000000000001,0.4975200387655114
4,84,2;8;9,1.2491759827012285,0.05139534883720931,0.500546567066838
4,85,3;4;5,1.3525688574662968,0.05404761904761905,0.5665822883428473
4,86,3;4;6,1.4702811095467787,0.06566666666666668,0.5815669792959023
4,87,3;4;7,1.3251757362854844,0.06071428571428572,0.5795399220025167
4,88,3;4;8,1.4668695221771926,0.06750000000000002,0.5828017369032586
4,89,3;4;9,1.373695433937971,0.059102564102564106,0.5736675436171255
4,90,3;5;6,1.3519516124243585,0.05135416666666667,0.5845743634939543
4,91,3;5;7,1.201449659293658,0.04879032258064517,0.5948232847809108
4,92,3;5;8,1.3563849661366925,0.0538888888888889,0.594050014035854
4,93,3;5;9,1.3330909461823386,0.05197740112994352,0.5855088493702681
4,94,3;6;7,1.3891557816379325,0.059791666666666674,0.5934573923946301
4,95,3;6;8,1.5429245510773246,0.07100000000000001,0.5971666880013424
4,96,3;6;9,1.3753874038738938,0.05890909090909092,0.5875836100937676
4,97,3;7;8,1.3791553086891337,0.06088888888888891,0.6028899666007288
4,98,3;7;9,1.2230836586530334,0.051755102040816334,0.5944648641384112
4,99,3;8;9,1.3795046350291755,0.06104575163398694,0.5967572754664292
4,100,4;5;6,1.407523368014163,0.06242424242424244,0.5652848012052673
4,101,4;5;7,1.3755786542393729,0.08958333333333329,0.5656041060295961
4,102,4;5;8,1.4116628279444683,0.0779047619047619,0.5661858589966778
4,103,4;5;9,1.5026169518292996,0.08444444444444447,0.5570628511404526
4,104,4;6;7,1.3712946523753693,0.0690909090909091,0.5778623926676345
4,105,4;6;8,1.507057192580636,0.07314285714285716,0.5810007997272878
4,106,4;6;9,1.4257946750490482,0.06279069767441861,0.5722307184765862
4,107,4;7;8,1.3694617325625753,0.08133333333333334,0.5793407329647813
4,108,4;7;9,1.3945733711008548,0.0813333333333333,0.5702421307931573
4,109,4;8;9,1.4343836915480452,0.07708333333333334,0.5734637334717203
4,110,5;6;7,1.3546337597216753,0.06390243902439026,0.5837536619744847
4,111,5;6;8,1.4581786112747444,0.06482758620689656,0.584562802974141
4,112,5;6;9,1.4484581514587214,0.062325581395348856,0.5747490687195953
4,113,5;7;8,1.305258934193542,0.07614285714285714,0.5937310414500155
4,114,5;7;9,1.3979828291429925,0.08590476190476194,0.5850796746564019
4,115,5;8;9,1.4242766962055313,0.07619047619047621,0.5843808566773285
4,116,6;7;8,1.5820301442843974,0.0736551724137931,0.5933963091290988
4,117,6;7;9,1.3617160477687429,0.060888888888888895,0.5837839217496157
4,118,6;8;9,1.4776017688774274,0.06852713178294575,0.5874612463295623
4,119,7;8;9,1.3258280369152973,0.07342857142857143,0.5933989722511114
5,0,0;1;2,0.8046660892240549,0.05875000000000001,0.26694994977666325
5,1,0;1;3,0.902021617294881,0.06915254237288138,0.23057310105434148
5,2,0;1;4,0.8721695334174953,0.06108695652173913,0.266207390090869
5,3,0;1;5,0.8392203333475953,0.05937500000000001,0.2504592166251278
5,4,0;1;6,0.8713329857075602,0.05853658536585367,0.2640927224274002
5,5,0;1;7,0.7389524732847983,0.05977401129943503,0.26107303280402366
5,6,0;1;8,0.9005301775879662,0.0606217616580311,0.20540661728590026
5,7,0;1;9,0.9114923080431099,0.06179104477611941,0.26644274412650615
5,8,0;2;3,0.9395654916270355,0.06076923076923079,0.2307002157568671
5,9,0;2;4,0.9015673968601754,0.0511520737327189,0.266332125214444
5,10,0;2;5,0.9155026399923756,0.05807692307692309,0.2508942280183639
5,11,0;2;6,0.935100001314682,0.053621621621621623,0.26425274243155344
5,12,0;2;7,0.6698597504187511,0.05977401129943504,0.2609575064969706
5,13,0;2;8,0.9040810586238046,0.05944700460829493,0.20554271529896706
5,14,0;2;9,0.9313058801753857,0.057543859649122814,0.26657160222943066
5,15,0;3;4,0.986036420136587,0.06588235294117649,0.230489898480367
5,16,0;3;5,0.9788802938759386,0.060384615384615384,0.21448026112406407
5,17,0;3;6,1.038597094101708,0.06413793103448276,0.22611366594080767
5,18,0;3;7,0.7897553993680666,0.07027027027027027,0.22627983352385955
5,19,0;3;8,1.0030102891754604,0.0710344827586207,0.20489611544067954
5,20,0;3;9,1.0323407183070885,0.07162162162162163,0.23044221020065506
5,21,0;4;5,0.9157405950105729,0.04721991701244814,0.25027979601872413
5,22,0;4;6,0.9476313634257421,0.05875862068965517,0.26396056581258787
5,23,0;4;7,0.7234718092970795,0.05616279069767443,0.26060310812720683
5,24,0;4;8,0.9594290688576381,0.05746031746031746,0.2054880237238501
5,25,0;4;9,0.9660263150500763,0.05369565217391305,0.2662030143768722
5,26,0;5;6,0.9673889639322322,0.05285714285714286,0.24801891209944563
5,27,0;5;7,0.7193877859776522,0.05653846153846154,0.24474097640822223
5,28,0;5;8,0.9720075747345682,0.05990909090909091,0.1893919263396373
5,29,0;5;9,0.9992954264391547,0.0608955223880597,0.25061603033957613
5,30,0;6;7,0.7884111017289894,0.05878787878787879,0.25834576370713996
5,31,0;6;8,1.0188833971666817,0.06234482758620691,0.20485001762112345
5,32,0;6;9,1.0370702341697295,0.06000000000000001,0.2640422924971274
5,33,0;7;8,0.8226751015982654,0.06868965517241381,0.20229058210899153
5,34,0;7;9,0.8393582784266533,0.06810810810810813,0.26045903801280446
5,35,0;8;9,1.0753580978292308,0.07,0.20546774113376026
5,36,1;2;3,0.8410485076116262,0.08266666666666667,0.23089518889456706
5,37,1;2;4,0.764796061920558,0.05000000000000001,0.2669794651494699
5,38,1;2;5,0.7540839640140509,0.07791666666666666,0.251002798128396
5,39,1;2;6,0.8297315080870977,0.054000000000000006,0.26493660795611207
5,40,1;2;7,0.6983800823352944,0.07777777777777777,0.2616876452358778
5,41,1;2;8,0.8441070332944296,0.06470588235294118,0.20570898847785285
5,42,1;2;9,0.7983508441818941,0.07638095238095237,0.267263831342282
5,43,1;3;4,0.8596656505793356,0.06071428571428572,0.23066765861904914
5,44,1;3;5,0.9131085920034536,0.09180952380952381,0.2141178588121337
5,45,1;3;6,0.9123503221586227,0.06279069767441861,0.22623587864011396
5,46,1;3;7,0.7734522419292862,0.08416666666666665,0.2267414960218057
5,47,1;3;8,0.8900834611399184,0.0693939393939394,0.2050332693884124
5,48,1;3;9,0.9696197510498663,0.09291666666666665,0.2302374444617022
5,49,1;4;5,0.7641332924469257,0.05000000000000002,0.2504032304587827
5,50,1;4;6,0.8174473170787051,0.051714285714285727,0.264631891701683
5,51,1;4;7,0.6669621370900125,0.05000000000000001,0.2613418338398287
5,52,1;4;8,0.8544643312702946,0.04982758620689656,0.20564005048512268
5,53,1;4;9,0.8271052408083639,0.05000000000000002,0.26668243652478546
5,54,1;5;6,0.8129974778825915,0.054242424242424245,0.24820251715963576
5,55,1;5;7,0.738592394295067,0.07638095238095238,0.244956391304463
5,56,1;5;8,0.8876698748361189,0.06361581920903954,0.18900348242901083
5,57,1;5;9,0.899551326538323,0.09111111111111111,0.25107833896546927
5,58,1;6;7,0.7447043436066447,0.055619047619047624,0.2591540410353241
5,59,1;6;8,0.9146566861736383,0.05820689655172414,0.2049788148786042
5,60,1;6;9,0.8658175098711591,0.05488372093023256,0.26454804471369725
5,61,1;7;8,0.7995268822663972,0.06666666666666668,0.2027115315365406
5,62,1;7;9,0.7903269280366156,0.07791666666666665,0.26121671077838987
5,63,1;8;9,0.9407978033518487,0.06380952380952382,0.20527644110712373
5,64,2;3;4,0.8928148907050196,0.052124352331606234,0.23079301324536605
5,65,2;3;5,0.9489545444811456,0.08437499999999999,0.21456123304181596
5,66,2;3;6,0.9819009220032373,0.05903448275862069,0.2264059762712552
5,67,2;3;7,0.689941925981965,0.085,0.22659439854371446
5,68,2;3;8,0.9606394412945655,0.07089655172413795,0.20516925210762582
5,69,2;3;9,0.9317604375135093,0.08241379310344829,0.23036712353762734
5,70,2;4;5,0.8490806723587174,0.046395348837209305,0.25085020170549904
5,71,2;4;6,0.8749007822203323,0.044625000000000005,0.2647893999328402
5,72,2;4;7,0.6193580974998969,0.04884615384615386,0.26122139317855403
5,73,2;4;8,0.8851049161561959,0.046666666666666676,0.2057747715776445
5,74,2;4;9,0.87883197627202,0.04488372093023257,0.2668087231832285
5,75,2;5;6,0.9317434818802952,0.05475862068965518,0.24867393263715815
5,76,2;5;7,0.6508307643502607,0.07942857142857146,0.24516340968368946
5,77,2;5;8,0.9486298887490066,0.06891191709844559,0.18945696518378413
5,78,2;5;9,0.9052606100586711,0.08114285714285716,0.25151925046481005
5,79,2;6;7,0.7129519042516519,0.05561904761904763,0.25902181548350756
5,80,2;6;8,0.9866058065723146,0.05775000000000001,0.20513793218289605
5,81,2;6;9,0.9232806330106256,0.05144827586206897,0.264711277499486
5,82,2;7;8,0.707470098775036,0.07162790697674419,0.20256573563938973
5,83,2;7;9,0.7001072706704262,0.07875,0.26110106077229445
5,84,2;8;9,0.9462068366946782,0.06565217391304348,0.20541423057105318
5,85,3;4;5,0.899085979999179,0.05041474654377882,0.21443355232035438
5,86,3;4;6,0.9439108904997581,0.057103448275862084,0.22643452868986363
5,87,3;4;7,0.6866441821448159,0.05810810810810812,0.22654353153102685
5,88,3;4;8,0.9192181857469708,0.05953488372093025,0.20511819730273162
5,89,3;4;9,0.9312645359971621,0.056216216216216225,0.2303638020270713
5,90,3;5;6,1.0504446309989826,0.060869565217391314,0.20989927362562016
5,91,3;5;7,0.8216943690261055,0.09034482758620689,0.2100741276757754
5,92,3;5;8,1.0297553217561712,0.07416149068322982,0.188711577392993
5,93,3;5;9,1.082304588285195,0.10125,0.2144342981110713
5,94,3;6;7,0.839059922590569,0.06666666666666668,0.22219740925013914
5,95,3;6;8,1.1239903913800573,0.06914285714285716,0.20409239026205644
5,96,3;6;9,1.0712463761368902,0.06551724137931035,0.22599095518498727
5,97,3;7;8,0.8441505840243921,0.08083333333333335,0.20191464681462112
5,98,3;7;9,0.9209900554658281,0.09600000000000002,0.22592089200215068
5,99,3;8;9,1.0657353136581604,0.07931034482758623,0.2047412892988339
5,100,4;5;6,0.8593781568663084,0.04333333333333335,0.2484495770165826
5,101,4;5;7,0.6076855564286013,0.04290000000000001,0.2449008847359919
5,102,4;5;8,0.8921913094637148,0.043920265780730904,0.18946398838738943
5,103,4;5;9,0.8871054325206905,0.047142857142857146,0.2509198977029926
5,104,4;6;7,0.6872638321432725,0.05016666666666667,0.25896557574979595
5,105,4;6;8,0.9442489289185908,0.054303030303030304,0.20516940370600945
5,106,4;6;9,0.9132094513421807,0.05,0.26448621057329447
5,107,4;7;8,0.7151900328889701,0.05304347826086958,0.20258673328070467
5,108,4;7;9,0.6933212746534004,0.05062500000000001,0.2609341080330887
5,109,4;8;9,0.9559689365377694,0.051428571428571435,0.20548379274616452
5,110,5;6;7,0.760999603061789,0.054848484848484855,0.2425427672285877
5,111,5;6;8,1.05393104248858,0.05751351351351352,0.18869009909118362
5,112,5;6;9,0.9902271511797474,0.056363636363636366,0.24875121566780978
5,113,5;7;8,0.8141035761915532,0.07304347826086958,0.18610072462603638
5,114,5;7;9,0.8358072280761867,0.08625000000000001,0.24518234342668324
5,115,5;8;9,1.0561036845684983,0.07214285714285715,0.18951920867940944
5,116,6;7;8,0.8460204313573152,0.06380952380952382,0.20190155559851347
5,117,6;7;9,0.8473079463826715,0.06041666666666669,0.2586532848302481
5,118,6;8;9,1.0824399697352312,0.06114285714285715,0.20476423422020779
5,119,7;8;9,0.8921463541476253,0.07724137931034483,0.2021465263049249
6,0,0;1;2,1.2928027261562192,0.05810810810810812,0.7450567857011294
6,1,0;1;3,1.3244602251952637,0.05638418079096047,0.6321322428489557
6,2,0;1;4,0.7649162530679408,0.054594594594594606,0.3077293430090929
6,3,0;1;5,1.3427732160256645,0.05555555555555555,0.7437428114911983
6,4,0;1;6,1.3942312149620553,0.05480225988700566,0.7496264855751282
6,5,0;1;7,1.3583801213008986,0.055555555555555566,0.7451716736342784
6,6,0;1;8,1.2703252413951025,0.049285714285714294,0.7487217327190206
6,7,0;1;9,1.368038849991058,0.05119617224880384,0.7130554828381283
6,8,0;2;3,1.2681692233721127,0.054302325581395354,0.6367164321000708
6,9,0;2;4,0.6939950660649017,0.05062500000000001,0.30617897937947874
6,10,0;2;5,1.2634618563649747,0.052000000000000005,0.755906238661983
6,11,0;2;6,1.2871472593830233,0.05260869565217392,0.7608017552576335
6,12,0;2;7,1.2500423819781488,0.051500000000000004,0.7565275252783327
6,13,0;2;8,1.2420012212948406,0.045543478260869574,0.7592358119108148
6,14,0;2;9,1.3048890688719486,0.04779069767441861,0.7194661289143524
6,15,0;3;4,0.7552730663020101,0.050116279069767455,0.30444923041128313
6,16,0;3;5,1.3052631035225726,0.05272727272727274,0.637193401378614
6,17,0;3;6,1.3164404451209173,0.05121951219512196,0.6452345250137017
6,18,0;3;7,1.3198107181857666,0.05398692810457517,0.6361173180660185
6,19,0;3;8,1.2404752046955227,0.04686440677966103,0.6431536836034928
6,20,0;3;9,1.3183578554785869,0.05070000000000001,0.6270240764073285
6,21,0;4;5,0.663112343704231,0.049500000000000016,0.3020604517835737
6,22,0;4;6,0.6771174820012942,0.04847826086956522,0.30910106915746793
6,23,0;4;7,0.6714425977728582,0.049000000000000016,0.3076676167056145
6,24,0;4;8,0.6420311439413745,0.043181818181818175,0.30435969786659295
6,25,0;4;9,0.6860659333188398,0.04313953488372094,0.29406933206644137
6,26,0;5;6,1.3375650931638772,0.0496875,0.7619934775269415
6,27,0;5;7,1.3732126443199415,0.05333333333333334,0.7530993712850216
6,28,0;5;8,1.2926261839231608,0.04807692307692309,0.7605595667529578
6,29,0;5;9,1.356215256939763,0.04690909090909092,0.7204464546431528
6,30,0;6;7,1.3500116963337332,0.05122222222222224,0.7593419473714386
6,31,0;6;8,1.2364327666936403,0.04405797101449276,0.7679262116164608
6,32,0;6;9,1.3574308643583362,0.046147859922179,0.7278167298204842
6,33,0;7;8,1.2927660745595477,0.04807692307692308,0.7575373248513583
6,34,0;7;9,1.3738691236578016,0.049281045751634,0.7194908730850993
6,35,0;8;9,1.3065853238734841,0.045777777777777785,0.7252441888793786
6,36,1;2;3,1.220876640010825,0.0607843137254902,0.6301012527332573
6,37,1;2;4,0.7256203888836266,0.056216216216216225,0.30823506411988577
6,38,1;2;5,1.2255418481394036,0.056689655172413804,0.7430001974795647
6,39,1;2;6,1.3014384211601873,0.06,0.7479940935375423
6,40,1;2;7,1.2287655800835897,0.0573793103448276,0.7465370259835433
6,41,1;2;8,1.1900176098113695,0.049051724137931046,0.7465997896283113
6,42,1;2;9,1.2681990457797294,0.05388601036269431,0.711145004160964
6,43,1;3;4,0.7923874470541103,0.07458333333333333,0.3055029360605361
6,44,1;3;5,1.283354965269876,0.06800000000000002,0.6288643664291801
6,45,1;3;6,1.4142068955661855,0.07333333333333333,0.635740949673209
6,46,1;3;7,1.3007038620126157,0.07333333333333335,0.6301415705139696
6,47,1;3;8,1.1726091632417173,0.06011299435028249,0.6333057166589852
6,48,1;3;9,1.318667996747259,0.07790476190476192,0.6191237365487023
6,49,1;4;5,0.6999699878243022,0.06708333333333334,0.30371448493507536
6,50,1;4;6,0.7639660582604374,0.07041666666666668,0.3101557194505416
6,51,1;4;7,0.703957139920343,0.06958333333333334,0.30941732928741456
6,52,1;4;8,0.6684837924867422,0.058378378378378386,0.30541852956539584
6,53,1;4;9,0.7238339628568761,0.06689655172413794,0.29519840269285913
6,54,1;5;6,1.3195211090245251,0.06093023255813955,0.7460966867009807
6,55,1;5;7,1.3610223029993016,0.06838095238095239,0.7414541794904508
6,56,1;5;8,1.2620475515565133,0.060130718954248374,0.7444961878980626
6,57,1;5;9,1.3403762363031726,0.06248275862068967,0.7089115014767025
6,58,1;6;7,1.3334734128940982,0.06212121212121214,0.7473123598710905
6,59,1;6;8,1.224686288843233,0.05134328358208956,0.7505782711522944
6,60,1;6;9,1.383205029584429,0.06575757575757576,0.7151290673174916
6,61,1;7;8,1.262702463118326,0.0623529411764706,0.7453969988289735
6,62,1;7;9,1.357093812101529,0.06937500000000002,0.7110234581040397
6,63,1;8;9,1.269471557012514,0.06013071895424837,0.7120189033898011
6,64,2;3;4,0.7005487487441373,0.0516304347826087,0.3048598255492164
6,65,2;3;5,1.2523372977899152,0.054750000000000014,0.6344466938652086
6,66,2;3;6,1.2418163552018644,0.05987500000000001,0.6404743754391307
6,67,2;3;7,1.2678642751948324,0.05710344827586208,0.6365397185172931
6,68,2;3;8,1.1964773677693648,0.047114624505928855,0.6377646824883784
6,69,2;3;9,1.2992393826012663,0.055326086956521754,0.6223154076897998
6,70,2;4;5,0.595429361675894,0.05050000000000002,0.3038302812880489
6,71,2;4;6,0.6651323920804662,0.05162790697674419,0.30945514104785615
6,72,2;4;7,0.5711237420019828,0.05000000000000002,0.30887949455790004
6,73,2;4;8,0.5783165935354337,0.04285714285714286,0.3040276825290154
6,74,2;4;9,0.6508479462048514,0.04380434782608697,0.29451647027134686
6,75,2;5;6,1.239650156368907,0.053875000000000006,0.7590807154877471
6,76,2;5;7,1.2663402274859543,0.0540952380952381,0.7551377801583494
6,77,2;5;8,1.224651438364691,0.04715151515151515,0.7578391711973032
6,78,2;5;9,1.278162098806505,0.047875,0.7181923252879362
6,79,2;6;7,1.2579462924675493,0.05655172413793104,0.7603318033579943
6,80,2;6;8,1.188031240429908,0.04574712643678162,0.7627659188572794
6,81,2;6;9,1.285281251232792,0.05230769230769232,0.723239542495941
6,82,2;7;8,1.1643472206547671,0.047515151515151524,0.7586688631577673
6,83,2;7;9,1.2791329324003637,0.051586206896551745,0.7205592236444289
6,84,2;8;9,1.2412034126563671,0.0453968253968254,0.7202927915223913
6,85,3;4;5,0.6766764812046862,0.06250000000000001,0.30010260547501644
6,86,3;4;6,0.7293289803483711,0.05793103448275863,0.30716638834606586
6,87,3;4;7,0.6793181329252158,0.06704761904761905,0.30559402108154826
6,88,3;4;8,0.6506078708257897,0.05593023255813954,0.3022234252095486
6,89,3;4;9,0.7159548816215233,0.06437500000000002,0.2918318730900145
6,90,3;5;6,1.238097854218493,0.05737500000000001,0.6405857633166546
6,91,3;5;7,1.3836105766849158,0.06704761904761906,0.6324341072140879
6,92,3;5;8,1.2680907643986823,0.058181818181818196,0.6385114506185323
6,93,3;5;9,1.3591837267022409,0.06242857142857143,0.6223535411540457
6,94,3;6;7,1.2588175433772182,0.061655172413793105,0.6390817606315948
6,95,3;6;8,1.1210672004530093,0.04891666666666667,0.6461977680426113
6,96,3;6;9,1.311926934664255,0.06510344827586209,0.630224522408466
6,97,3;7;8,1.2631038713095337,0.06078431372549021,0.6360983999940956
6,98,3;7;9,1.3872934220670068,0.06965517241379313,0.6217908178450705
6,99,3;8;9,1.2718788433060497,0.05934640522875819,0.6265738867437416
6,100,4;5;6,0.6220077656635286,0.056279069767441875,0.30475127818186937
6,101,4;5;7,0.6760532753209778,0.06222222222222223,0.30378857193183034
6,102,4;5;8,0.6542394828133605,0.05450000000000001,0.3001642422121681
6,103,4;5;9,0.6210896779269587,0.05550000000000001,0.2898665498010957
6,104,4;6;7,0.6274875638774207,0.056969696969696976,0.3101469028427269
6,105,4;6;8,0.5907058884775589,0.046666666666666676,0.30690154706853645
6,106,4;6;9,0.6501334787209367,0.05366459627329195,0.29638041992823216
6,107,4;7;8,0.6561440831376698,0.05600000000000001,0.30483490424666987
6,108,4;7;9,0.6204789222495106,0.06076190476190478,0.29514052109324657
6,109,4;8;9,0.6031211020474829,0.054500000000000014,0.2921509571682583
6,110,5;6;7,1.3243242944421212,0.0587878787878788,0.755780551359463
6,111,5;6;8,1.2238934616016184,0.050049751243781096,0.7629593551061571
6,112,5;6;9,1.3114580921899708,0.053297297297297305,0.7230108507450662
6,113,5;7;8,1.3063259621167544,0.06,0.7539938571767709
6,114,5;7;9,1.405352803248594,0.06190476190476192,0.7160200786068569
6,115,5;8;9,1.307807737300246,0.056333333333333346,0.7201616364063799
6,116,6;7;8,1.2219632488827266,0.05154228855721395,0.7599813909414445
6,117,6;7;9,1.33181145914621,0.05878048780487806,0.7221608936539419
6,118,6;8;9,1.2294415717049099,0.050049751243781096,0.7273437435030253
6,119,7;8;9,1.303623885489435,0.05883333333333335,0.7184421194857088
7,0,0;1;2,0.6668224184272138,0.06872727272727273,0.3422253590652254
7,1,0;1;3,0.6670978993721959,0.07275000000000001,0.34004408652861995
7,2,0;1;4,0.6580727457206822,0.0708139534883721,0.3421890099348985
7,3,0;1;5,0.6768345962676297,0.07581395348837211,0.3420282640733515
7,4,0;1;6,0.6530976436786912,0.05953917050691246,0.3264083775923259
7,5,0;1;7,0.5496495786231198,0.068,0.22591853522394045
7,6,0;1;8,0.657655742927324,0.06767441860465118,0.3158620032381685
7,7,0;1;9,0.6207710398892704,0.0700689655172414,0.34015400600644474
7,8,0;2;3,0.9787403017104799,0.08361904761904762,0.4176075401152993
7,9,0;2;4,0.964609137184984,0.08150000000000002,0.4197870544042288
7,10,0;2;5,0.9697112801203097,0.08228571428571431,0.4194509237628694
7,11,0;2;6,0.9616899460038655,0.07087500000000002,0.4035043563904174
7,12,0;2;7,0.6687165615670148,0.07085714285714287,0.2369855441901986
7,13,0;2;8,0.8577328365067175,0.07257142857142859,0.37378112330115476
7,14,0;2;9,0.9039232465871118,0.07600000000000001,0.4176495198243767
7,15,0;3;4,0.9738607230079037,0.08416666666666668,0.41752894132301716
7,16,0;3;5,0.9857323296273359,0.08380952380952383,0.41729626497731986
7,17,0;3;6,0.969345320614273,0.07103448275862072,0.4018582710779114
7,18,0;3;7,0.6519343024150493,0.07257142857142859,0.23482605895910091
7,19,0;3;8,0.8409268532893105,0.07400000000000001,0.37162220201418783
7,20,0;3;9,0.9319595193140334,0.08000000000000002,0.4155171596655784
7,21,0;4;5,0.9654915809312701,0.08366666666666668,0.4194636366910972
7,22,0;4;6,0.9678822575030523,0.07244186046511628,0.4034300781226666
7,23,0;4;7,0.6557582170661467,0.0690909090909091,0.23697249351504268
7,24,0;4;8,0.8375440645018158,0.07023255813953488,0.373769187678941
7,25,0;4;9,0.8946875236652965,0.08216666666666668,0.417546642660651
7,26,0;5;6,0.9665429563772062,0.07172413793103449,0.4027230307908737
7,27,0;5;7,0.6567986584231126,0.07250000000000001,0.23683806881565408
7,28,0;5;8,0.8390758833187856,0.07114285714285716,0.3736363450255973
7,29,0;5;9,0.9252481442975413,0.08228571428571432,0.41728127535997955
7,30,0;6;7,0.6328373457659446,0.05692307692307694,0.2205939659536442
7,31,0;6;8,0.8103115829017727,0.05843137254901962,0.35737672094811035
7,32,0;6;9,0.9079776818597867,0.07025,0.4010126823485903
7,33,0;7;8,0.6739917636520351,0.06971428571428573,0.23559551171008286
7,34,0;7;9,0.5771037057231883,0.06600000000000002,0.23491949855161035
7,35,0;8;9,0.7673481293559289,0.06725000000000002,0.37171651610698425
7,36,1;2;3,0.6758923128601859,0.0710077519379845,0.34188001389642203
7,37,1;2;4,0.6387590792597928,0.06606060606060607,0.3442354595288282
7,38,1;2;5,0.6678166842183555,0.07209302325581397,0.34396324460182714
7,39,1;2;6,0.6490358523459143,0.06133333333333334,0.3264994411243315
7,40,1;2;7,0.5342987153345915,0.06852713178294575,0.22821484889184732
7,41,1;2;8,0.6448546211673065,0.06812121212121214,0.3177887514067521
7,42,1;2;9,0.599953948763263,0.06387596899224808,0.3420047191189554
7,43,1;3;4,0.6649517918566352,0.0704575163398693,0.34178711830782404
7,44,1;3;5,0.7133678312463397,0.07454545454545455,0.341614997719327
7,45,1;3;6,0.7023911323179446,0.06073170731707318,0.3248799047769685
7,46,1;3;7,0.5326753086125214,0.06868965517241381,0.22586577507265582
7,47,1;3;8,0.6378741248942708,0.06844444444444445,0.3154422667049091
7,48,1;3;9,0.6261652808066263,0.06731034482758622,0.33969322668687785
7,49,1;4;5,0.6887857427739001,0.07064102564102565,0.3439644575395594
7,50,1;4;6,0.661354997977933,0.054821428571428577,0.32645147162174093
7,51,1;4;7,0.5335936356127855,0.0648888888888889,0.22818094938645178
7,52,1;4;8,0.6315845100822959,0.06517073170731709,0.31776353515830413
7,53,1;4;9,0.6277693822589476,0.06549019607843137,0.3418880283373302
7,54,1;5;6,0.7586806373851218,0.07090909090909092,0.3257778868620127
7,55,1;5;7,0.5494583668083755,0.0696969696969697,0.22805027793039304
7,56,1;5;8,0.6480106356411256,0.06833333333333336,0.3176308563760425
7,57,1;5;9,0.6763939299389375,0.07708333333333334,0.3416904751803346
7,58,1;6;7,0.5188134832456118,0.05583333333333333,0.21113133057013408
7,59,1;6;8,0.6194504132642867,0.054937759336099595,0.3001881098577547
7,60,1;6;9,0.6448768459546715,0.05878048780487806,0.32397883869433963
7,61,1;7;8,0.5503977203881315,0.06797385620915035,0.22690766704392906
7,62,1;7;9,0.5303889094051173,0.06363636363636366,0.22603930947786205
7,63,1;8;9,0.6014242222327759,0.062093023255813964,0.31562259462037845
7,64,2;3;4,0.966755671123568,0.08000000000000002,0.4196903067908672
7,65,2;3;5,0.97776568517731,0.08133333333333335,0.41932200521757435
7,66,2;3;6,0.9763233943404268,0.0744761904761905,0.4019639110350876
7,67,2;3;7,0.6885434061054432,0.07833333333333334,0.23707358928639508
7,68,2;3;8,0.8882537839667519,0.08190476190476191,0.37368801989892897
7,69,2;3;9,0.8979245875542233,0.0744761904761905,0.41749870036575054
7,70,2;4;5,0.944263800609447,0.07950000000000002,0.42172357581149583
7,71,2;4;6,0.9394532513261199,0.06690909090909092,0.4035674987917856
7,72,2;4;7,0.6515574399032797,0.0676923076923077,0.23943756517591663
7,73,2;4;8,0.8584884773121234,0.06993939393939395,0.37604958764570007
7,74,2;4;9,0.8616573629528745,0.07366666666666667,0.41968378301513937
7,75,2;5;6,0.9473203370344467,0.07117241379310346,0.4028864216420286
7,76,2;5;7,0.6624185203226909,0.07218750000000002,0.23919263206671323
7,77,2;5;8,0.8616491741501101,0.07214285714285716,0.37580792639295535
7,78,2;5;9,0.8898118490775679,0.07600000000000001,0.4193510900654646
7,79,2;6;7,0.6488883155744659,0.06606896551724138,0.2209150854495522
7,80,2;6;8,0.8548495190843663,0.068375,0.3575189444653152
7,81,2;6;9,0.8631955475614231,0.06468965517241379,0.4010738839576607
7,82,2;7;8,0.6959027315091502,0.07885714285714288,0.23794100566313753
7,83,2;7;9,0.5624176766441041,0.06434108527131785,0.23718475037793219
7,84,2;8;9,0.7715642048870146,0.06675862068965518,0.37379794732969457
7,85,3;4;5,0.9747165735973873,0.08116666666666669,0.4193242606206988
7,86,3;4;6,0.9626517315668085,0.06771241830065361,0.40194546352326943
7,87,3;4;7,0.6549670822822542,0.06974358974358975,0.23700607169396232
7,88,3;4;8,0.8536906890005965,0.07175757575757577,0.3736212483060364
7,89,3;4;9,0.8945814688319239,0.07766666666666669,0.41734961553295297
7,90,3;5;6,0.9942812042114298,0.06906250000000001,0.40115291620099314
7,91,3;5;7,0.666615696056744,0.07281250000000002,0.23691474908788893
7,92,3;5;8,0.8526926348745809,0.07214285714285715,0.37354433391512054
7,93,3;5;9,0.9356808826452327,0.07816666666666668,0.41716435839355054
7,94,3;6;7,0.6552416316089757,0.06434108527131784,0.21930885912197126
7,95,3;6;8,0.8501731820486444,0.06675862068965517,0.35591200257182243
7,96,3;6;9,0.9035760328188077,0.06468965517241382,0.39951383317030376
7,97,3;7;8,0.6948526153759507,0.07885714285714288,0.23559463513441065
7,98,3;7;9,0.5646689377508224,0.0660689655172414,0.23488809630842342
7,99,3;8;9,0.7636548558287675,0.06837500000000002,0.37150423848491554
7,100,4;5;6,0.9570389461645513,0.06872093023255815,0.40282339752276475
7,101,4;5;7,0.65245205840239,0.06818181818181818,0.23921438319740718
7,102,4;5;8,0.847074855883069,0.06714285714285716,0.37582919499067524
7,103,4;5;9,0.8934335797471146,0.07916666666666668,0.4193103964623307
7,104,4;6;7,0.6268608665436723,0.053442622950819675,0.22088750378505426
7,105,4;6;8,0.8257879221904498,0.05565217391304349,0.35749123755561985
7,106,4;6;9,0.8757808171600119,0.06901960784313727,0.4007780900904225
7,107,4;7;8,0.666186237155784,0.06673913043478262,0.23794174894092235
7,108,4;7;9,0.5513928233199783,0.06266666666666668,0.2370947760027483
7,109,4;8;9,0.7556138433357633,0.06476190476190477,0.3737080169679845
7,110,5;6;7,0.6233310296915708,0.05951219512195123,0.22026975803757864
7,111,5;6;8,0.8301435760907431,0.05902173913043479,0.35688062696131895
7,112,5;6;9,0.9475149663918199,0.07090909090909092,0.400249990911414
7,113,5;7;8,0.665715608769347,0.07275862068965519,0.23778635924731495
7,114,5;7;9,0.576354001439517,0.0678787878787879,0.23691539708151865
7,115,5;8;9,0.7704435135102659,0.0662820512820513,0.373531520777339
7,116,6;7;8,0.6527672690207399,0.06551724137931034,0.21935186232812212
7,117,6;7;9,0.5312586926293656,0.051428571428571435,0.2183836852188115
7,118,6;8;9,0.7271537971791409,0.053271889400921674,0.35499128893315934
7,119,7;8;9,0.5701376015030704,0.06551724137931035,0.23577348857188157
8,0,0;1;2,0.6085608450103003,0.06838095238095239,0.08329898241552383
8,1,0;1;3,0.5174783750022084,0.06380952380952383,0.08252885969985303
8,2,0;1;4,0.39739706098796657,0.05866666666666667,0.07458577249003173
8,3,0;1;5,0.48702992279851776,0.06291666666666668,0.07437265864622687
8,4,0;1;6,0.4925612026855164,0.06366666666666668,0.07596304262280046
8,5,0;1;7,0.4449224396283857,0.0643809523809524,0.08165825322272287
8,6,0;1;8,0.5570321239209782,0.06666666666666668,0.08238312352418564
8,7,0;1;9,0.5953846622167958,0.07111111111111112,0.08285544335094006
8,8,0;2;3,0.6444029043964592,0.06200000000000001,0.08234132692720525
8,9,0;2;4,0.4624833455843737,0.05586206896551726,0.07430780126422737
8,10,0;2;5,0.5830174718258897,0.06406250000000001,0.07409646334612616
8,11,0;2;6,0.5703561256712724,0.06234482758620691,0.07568502847921565
8,12,0;2;7,0.44046234448678934,0.06310077519379846,0.08138312516159195
8,13,0;2;8,0.4741675241731976,0.06533333333333334,0.08219345180436519
8,14,0;2;9,0.6800451173360718,0.07041666666666668,0.08258189162658028
8,15,0;3;4,0.452236756517561,0.06000000000000001,0.07357848655944141
8,16,0;3;5,0.60358817791721,0.06704761904761906,0.07332790557239953
8,17,0;3;6,0.5502710499387418,0.062125000000000014,0.07494919979691334
8,18,0;3;7,0.4085229467053863,0.06206896551724139,0.08059003168670192
8,19,0;3;8,0.4293744459619708,0.053818181818181834,0.08202296353476882
8,20,0;3;9,0.6207232050673217,0.06666666666666668,0.08204291849439183
8,21,0;4;5,0.423971027476963,0.06083333333333335,0.06535537316918126
8,22,0;4;6,0.4417628190911552,0.05757142857142859,0.07081385592840761
8,23,0;4;7,0.34647979678721674,0.05814285714285714,0.07266875560298522
8,24,0;4;8,0.28983095231320033,0.05144444444444445,0.07349169283903534
8,25,0;4;9,0.35412101720971906,0.05904761904761906,0.07385957106252444
8,26,0;5;6,0.47036808529466234,0.060689655172413814,0.06681497540821804
8,27,0;5;7,0.403469392592542,0.06187500000000001,0.07418070140344053
8,28,0;5;8,0.464236153971882,0.05602564102564103,0.07319784300853946
8,29,0;5;9,0.5989993259176595,0.06609523809523811,0.07371969341073674
8,30,0;6;7,0.4022914207926413,0.06723809523809525,0.07408444716867
8,31,0;6;8,0.38015128225629125,0.05644444444444445,0.07486972391790901
8,32,0;6;9,0.4872170868672167,0.06819047619047619,0.07527733276863195
8,33,0;7;8,0.4040432302051804,0.057385620915032694,0.0804241811426455
8,34,0;7;9,0.4137412375987816,0.0664761904761905,0.0809529631859511
8,35,0;8;9,0.49210146942290955,0.06350000000000001,0.08184370984893778
8,36,1;2;3,0.6135025682149702,0.061523809523809536,0.12511348670295278
8,37,1;2;4,0.39369477733162095,0.05309523809523811,0.11686330146608595
8,38,1;2;5,0.5381316342184826,0.06323809523809525,0.10917767330265045
8,39,1;2;6,0.5012828114005626,0.0580952380952381,0.11321111901409481
8,40,1;2;7,0.48140105677108974,0.06333333333333335,0.11716515720553067
8,41,1;2;8,0.6314013049651837,0.07333333333333333,0.12293030164079775
8,42,1;2;9,0.7077501068652593,0.06666666666666668,0.12787919160177272
8,43,1;3;4,0.4010618069531967,0.057,0.1127171272622197
8,44,1;3;5,0.503966520835818,0.06444444444444447,0.10596164782805374
8,45,1;3;6,0.47079576008665425,0.05666666666666667,0.10935111763991541
8,46,1;3;7,0.4332477888783733,0.060380952380952396,0.11438035415669576
8,47,1;3;8,0.4799003788321082,0.05866666666666668,0.122703536382299
8,48,1;3;9,0.5794297054782959,0.06291666666666668,0.12474655196256135
8,49,1;4;5,0.34671382143088936,0.05600000000000001,0.09684034303424922
8,50,1;4;6,0.38050815405997046,0.052272727272727276,0.10762399188158395
8,51,1;4;7,0.3366364335707056,0.053076923076923084,0.10498966537113806
8,52,1;4;8,0.2956356471168714,0.05142857142857145,0.11077039466488081
8,53,1;4;9,0.34032247886275946,0.05500000000000001,0.11531357814203677
8,54,1;5;6,0.36637553799711775,0.053846153846153856,0.09364248944167912
8,55,1;5;7,0.41445000940881904,0.0580952380952381,0.10572488198664094
8,56,1;5;8,0.4867814502882623,0.060000000000000005,0.10463245786725123
8,57,1;5;9,0.47249753046153664,0.059809523809523826,0.10757921798281919
8,58,1;6;7,0.399398185897345,0.06266666666666668,0.10211687836937686
8,59,1;6;8,0.38146762901046005,0.05642857142857144,0.10765125491281331
8,60,1;6;9,0.47023423490327093,0.064,0.11197102021421744
8,61,1;7;8,0.45452969502774176,0.062095238095238106,0.11325930866109946
8,62,1;7;9,0.42873989545060104,0.06323809523809526,0.11568735805375222
8,63,1;8;9,0.5110392782451056,0.06380952380952382,0.1228216059030568
8,64,2;3;4,0.449557580346599,0.05586206896551725,0.11231546745202362
8,65,2;3;5,0.6134142656614586,0.06708333333333336,0.10573444396328761
8,66,2;3;6,0.5421449494603148,0.05430051813471502,0.10897227886122828
8,67,2;3;7,0.42795021651937026,0.05844961240310079,0.11407927465353775
8,68,2;3;8,0.4585394631974713,0.05800000000000001,0.12207525480319611
8,69,2;3;9,0.6625113813347134,0.06031250000000002,0.12436369572549821
8,70,2;4;5,0.43163922414077394,0.05793103448275864,0.09655456219523337
8,71,2;4;6,0.4334831020580008,0.05104166666666668,0.10732183075272979
8,72,2;4;7,0.3403615107246277,0.053809523809523814,0.10470096292271952
8,73,2;4;8,0.28355222327664514,0.051412429378531084,0.11021087848263736
8,74,2;4;9,0.35578712921331695,0.05379310344827587,0.1150153772647596
8,75,2;5;6,0.4671778890173589,0.05585492227979275,0.09335469672943135
8,76,2;5;7,0.4294613526709863,0.06077519379844962,0.10544515034574609
8,77,2;5;8,0.4366690243413426,0.06033333333333334,0.10433166410984607
8,78,2;5;9,0.5796444212211861,0.06200000000000001,0.10730407594653465
8,79,2;6;7,0.3980292478775991,0.06030303030303032,0.10183007625425713
8,80,2;6;8,0.3635525453210423,0.055141242937853115,0.10713356038733146
8,81,2;6;9,0.4808291891780424,0.061655172413793105,0.11167580572692481
8,82,2;7;8,0.45684445017578434,0.06266666666666669,0.11286687002287527
8,83,2;7;9,0.4255974031758718,0.060775193798449624,0.11540473155195469
8,84,2;8;9,0.4856328341645944,0.06300000000000001,0.12228106090177626
8,85,3;4;5,0.4151357798961843,0.06190476190476191,0.09340959584012616
8,86,3;4;6,0.4139522795704106,0.05337500000000001,0.1034853620571011
8,87,3;4;7,0.32559295688770296,0.05614285714285716,0.10196277315786373
8,88,3;4;8,0.26673851328243037,0.04836363636363637,0.10995091896815123
8,89,3;4;9,0.3329153219254082,0.05416666666666668,0.11195680304625903
8,90,3;5;6,0.4688754807308809,0.059607843137254916,0.09041910798917502
8,91,3;5;7,0.4030294318551025,0.06361904761904763,0.10284911508505354
8,92,3;5;8,0.4228661403533682,0.05650000000000001,0.10391209308226586
8,93,3;5;9,0.5796547320381642,0.06419047619047621,0.10509232555714826
8,94,3;6;7,0.3642874317876676,0.059724137931034496,0.09924506243934639
8,95,3;6;8,0.31304642099110486,0.04581818181818183,0.10685437136807706
8,96,3;6;9,0.411607022818901,0.05931034482758622,0.10875952440328626
8,97,3;7;8,0.36426006986350595,0.05042857142857145,0.11259537110155118
8,98,3;7;9,0.37367564120665125,0.05875000000000001,0.11351861210539729
8,99,3;8;9,0.40638800893815946,0.05157142857142858,0.12219494194802065
8,100,4;5;6,0.40818962489462884,0.05537500000000001,0.0878178495713898
8,101,4;5;7,0.3227266124109155,0.058142857142857156,0.09333945726093933
8,102,4;5;8,0.25606434450979026,0.04933333333333334,0.09211790111962667
8,103,4;5;9,0.3359525005928477,0.05600000000000001,0.0950374169108931
8,104,4;6;7,0.27802656968244355,0.05514285714285716,0.09630231024461954
8,105,4;6;8,0.260221942894606,0.044322033898305094,0.10176903776307644
8,106,4;6;9,0.3460021234104733,0.05357142857142858,0.1060699945800415
8,107,4;7;8,0.2587264037044056,0.04550000000000001,0.1008659754746857
8,108,4;7;9,0.27785710845100614,0.052142857142857144,0.1032932064815503
8,109,4;8;9,0.2713672035758401,0.04848484848484849,0.11008585154518977
8,110,5;6;7,0.3440806205745458,0.05944827586206898,0.0905384292550947
8,111,5;6;8,0.2855597929286958,0.046582278481012665,0.08930897051251814
8,112,5;6;9,0.39547528920919184,0.05937500000000001,0.09213532877906155
8,113,5;7;8,0.3661098204235729,0.051372549019607854,0.10185221943493566
8,114,5;7;9,0.3615900741081608,0.05806896551724139,0.10395628576294152
8,115,5;8;9,0.3740019309630755,0.052121212121212124,0.10384442676209524
8,116,6;7;8,0.34036427988098417,0.054771241830065376,0.09829403257846231
8,117,6;7;9,0.3932451152876929,0.06495238095238096,0.1006914552500678
8,118,6;8;9,0.3815464089198376,0.05575757575757578,0.10710583671799134
8,119,7;8;9,0.3824304068685498,0.0552857142857143,0.1124667831547398
9,0,0;1;2,0.6604132098327103,0.07100000000000001,0.13681714057257496
9,1,0;1;3,0.6696879411725003,0.07333333333333333,0.1361420270213765
9,2,0;1;4,0.5972934796795288,0.08272727272727273,0.12883487359141663
9,3,0;1;5,0.6136150000443867,0.06562500000000002,0.13920947600772923
9,4,0;1;6,0.5797011110371445,0.08358620689655173,0.12291344095979174
9,5,0;1;7,0.49372413544211824,0.062279792746114004,0.11650704292313217
9,6,0;1;8,0.588310001179853,0.08272727272727273,0.09416198872073714
9,7,0;1;9,0.6239437547521667,0.06663594470046083,0.13925909005714898
9,8,0;2;3,0.8482588829153137,0.061129943502824864,0.1345993595632387
9,9,0;2;4,0.7421641497246574,0.06951219512195123,0.12906893542818232
9,10,0;2;5,0.8211898683770636,0.06362694300518136,0.136839716359994
9,11,0;2;6,0.7953103070499761,0.07121951219512196,0.12360317228578391
9,12,0;2;7,0.7262193082432463,0.06227979274611399,0.11521421051339556
9,13,0;2;8,0.6351070226305713,0.06658536585365854,0.09267773032576201
9,14,0;2;9,0.6169830207355161,0.06128514056224901,0.1372032518196682
9,15,0;3;4,0.7248500500783557,0.08060606060606063,0.12716772826560596
9,16,0;3;5,0.7907621001658331,0.05958333333333335,0.1361639821271285
9,17,0;3;6,0.8037773560295165,0.08696969696969697,0.12289960817389281
9,18,0;3;7,0.6828059367646182,0.05336206896551724,0.11410518683067312
9,19,0;3;8,0.6362406021201881,0.07641379310344829,0.09162996395072151
9,20,0;3;9,0.6169643801511835,0.051313131313131324,0.1365280370544747
9,21,0;4;5,0.7137852397250858,0.07073170731707318,0.1288585153977347
9,22,0;4;6,0.6303615157977579,0.08757575757575758,0.1163562860441045
9,23,0;4;7,0.5840777966613322,0.06577777777777778,0.1099013462524911
9,24,0;4;8,0.5350177316968321,0.08121212121212122,0.08789410990410443
9,25,0;4;9,0.5367458592383494,0.06398340248962656,0.1291957486352561
9,26,0;5;6,0.7214989770574602,0.0677837837837838,0.12317229177463668
9,27,0;5;7,0.7278836133204615,0.060184331797235036,0.11669124039892037
9,28,0;5;8,0.5737523672195245,0.06609756097560976,0.09425438341298642
9,29,0;5;9,0.611432509262097,0.06097014925373136,0.13927223193940916
9,30,0;6;7,0.6204537553060094,0.06092165898617513,0.11619036929165184
9,31,0;6;8,0.543124414298888,0.08697674418604656,0.09387466724675386
9,32,0;6;9,0.5313463678098687,0.059547169811320765,0.12546060775179008
9,33,0;7;8,0.45115185796134943,0.05612903225806452,0.09421633927898919
9,34,0;7;9,0.44203806891487823,0.0565671641791045,0.11725718320661523
9,35,0;8;9,0.49077523108063414,0.06141078838174274,0.09466190712072597
9,36,1;2;3,0.6200533067925007,0.061000000000000006,0.13467906416919453
9,37,1;2;4,0.6175576114275805,0.08,0.13227995393733388
9,38,1;2;5,0.771762677148406,0.09482758620689659,0.14183552593039048
9,39,1;2;6,0.6109079481080555,0.0893103448275862,0.12505197266676127
9,40,1;2;7,0.580501146258532,0.07100000000000001,0.11837508677716962
9,41,1;2;8,0.7518719779689808,0.09833333333333329,0.09620511475883994
9,42,1;2;9,0.7957193275392223,0.11499999999999998,0.14188557683915845
9,43,1;3;4,0.5882650851953364,0.07545454545454544,0.12722107309707642
9,44,1;3;5,0.5852702977773665,0.056875000000000016,0.13658965569221432
9,45,1;3;6,0.5692513982825702,0.07600000000000001,0.12011035990504006
9,46,1;3;7,0.4756835929403457,0.05362068965517243,0.1136344190362796
9,47,1;3;8,0.5388937208668962,0.07098039215686273,0.09147042454080592
9,48,1;3;9,0.5926155547348946,0.056958525345622124,0.13663945589022428
9,49,1;4;5,0.5463179681169196,0.07666666666666666,0.13238398241325672
9,50,1;4;6,0.5654176634239538,0.08687500000000002,0.11675899659287853
9,51,1;4;7,0.42794217732321643,0.06951219512195123,0.1123083440375762
9,52,1;4;8,0.5058575842022406,0.08272727272727273,0.09063794185759286
9,53,1;4;9,0.5536421170902562,0.07926829268292683,0.13242871437053633
9,54,1;5;6,0.5371560180329525,0.07195121951219513,0.12813077690251154
9,55,1;5;7,0.544981189762929,0.07073170731707318,0.12120041443094393
9,56,1;5;8,0.6225495706120319,0.07083333333333335,0.09895769177014985
9,57,1;5;9,0.7736777408275893,0.09468750000000001,0.14544566033217626
9,58,1;6;7,0.4211277235267168,0.06393782383419691,0.11925392145093519
9,59,1;6;8,0.49447860398074217,0.09619047619047619,0.09845412223819922
9,60,1;6;9,0.5450592435735027,0.07450000000000002,0.12854090813866254
9,61,1;7;8,0.5424253354681486,0.06180790960451978,0.09830746886763372
9,62,1;7;9,0.5264586662693638,0.0661139896373057,0.12123272992537393
9,63,1;8;9,0.6455267036322103,0.08620155038759691,0.09899806121590468
9,64,2;3;4,0.6763483677229489,0.061707317073170745,0.12747345358190992
9,65,2;3;5,0.7586598560453778,0.05430051813471504,0.1347001682080488
9,66,2;3;6,0.7705367361894143,0.06341463414634148,0.12131886246335365
9,67,2;3;7,0.6728087280112083,0.05258620689655173,0.11284152519949638
9,68,2;3;8,0.590791210672603,0.05502590673575131,0.09047239990336622
9,69,2;3;9,0.5667696640162027,0.051244979919678725,0.13506197874892648
9,70,2;4;5,1.1120876779166182,0.08812500000000001,0.1323040621502677
9,71,2;4;6,0.7426424372446638,0.07666666666666669,0.11962527504047
9,72,2;4;7,0.9901154321340058,0.08272727272727275,0.11291954825697842
9,73,2;4;8,0.5835656699792501,0.0675609756097561,0.09102349653563807
9,74,2;4;9,0.592916686434882,0.08121951219512197,0.1326383560749208
9,75,2;5;6,0.8495687987293223,0.0726829268292683,0.12531488340088318
9,76,2;5;7,1.1100562179699869,0.08496551724137934,0.11856075050927875
9,77,2;5;8,0.7131838583452331,0.06757763975155279,0.09629728576399108
9,78,2;5;9,0.7804910063411798,0.0985714285714286,0.14189961879309917
9,79,2;6;7,0.7490460263234923,0.06562500000000002,0.11803740668555487
9,80,2;6;8,0.5475024254706923,0.0821875,0.09598397041227946
9,81,2;6;9,0.5930416486602503,0.07707317073170733,0.12762778456428725
9,82,2;7;8,0.6106158132223873,0.060829015544041465,0.09611477356721174
9,83,2;7;9,0.5288463399491661,0.07108808290155443,0.11912517490202429
9,84,2;8;9,0.6752500755551327,0.08441379310344829,0.09670119563921116
9,85,3;4;5,0.6513746573417419,0.06390243902439026,0.1272438248120235
9,86,3;4;6,0.6005903905785095,0.08212121212121211,0.11464454800670401
9,87,3;4;7,0.5178617006309623,0.059791666666666674,0.1081242038279363
9,88,3;4;8,0.5139383135888067,0.07225000000000001,0.08624167858610735
9,89,3;4;9,0.5094508832775625,0.05609958506224067,0.1275799532900168
9,90,3;5;6,0.694814121147437,0.061837837837837854,0.12036647312675261
9,91,3;5;7,0.6687472852892002,0.05211618257261411,0.11381660403417848
9,92,3;5;8,0.5379780637543006,0.05519607843137256,0.09156139757192655
9,93,3;5;9,0.5798936220571479,0.05186567164179105,0.13665119979945972
9,94,3;6;7,0.6002232375337062,0.05560165975103735,0.11330805027141434
9,95,3;6;8,0.5320730322776898,0.07931034482758623,0.09120620139399788
9,96,3;6;9,0.5154865003983288,0.052679245283018886,0.12266147676496095
9,97,3;7;8,0.4138165427415206,0.04472602739726028,0.09145394754416902
9,98,3;7;9,0.4172084512815044,0.04576576576576577,0.11437989308172589
9,99,3;8;9,0.4466602952256652,0.04875,0.09196675902600064
9,100,4;5;6,0.7386178193323287,0.07833333333333335,0.11701176571479208
9,101,4;5;7,1.0134682967282096,0.0866666666666667,0.11248108231115195
9,102,4;5;8,0.5459764564474873,0.0673170731707317,0.09072747462790368
9,103,4;5;9,0.549122798545632,0.07729166666666668,0.1324449763669479
9,104,4;6;7,0.60067265558621,0.07243902439024391,0.11176871495199461
9,105,4;6;8,0.49261851326197703,0.08393939393939398,0.09050625541920122
9,106,4;6;9,0.5297641761851939,0.07104166666666668,0.11916514102561884
9,107,4;7;8,0.3944621865390614,0.05958333333333335,0.09063440901177647
9,108,4;7;9,0.34773240111512177,0.0655299539170507,0.11301056710301358
9,109,4;8;9,0.41772757111741365,0.06608294930875577,0.09111504744545879
9,110,5;6;7,0.7695418713783656,0.06940540540540541,0.11954785024809102
9,111,5;6;8,0.4905575658289347,0.06782608695652176,0.09850914920585908
9,112,5;6;9,0.5476001454158121,0.06960784313725493,0.1288522118321394
9,113,5;7;8,0.6134213871166578,0.06162162162162163,0.09840052561966436
9,114,5;7;9,0.533754397683007,0.07009615384615386,0.12141355448873054
9,115,5;8;9,0.6141804109913684,0.0657843137254902,0.09908807729920047
9,116,6;7;8,0.3689153533712832,0.05826923076923077,0.09802151890413616
9,117,6;7;9,0.37296560733478223,0.06230414746543779,0.12074550727229982
9,118,6;8;9,0.4000760344755522,0.06590673575129534,0.09868301963336545
9,119,7;8;9,0.5176380562773709,0.0599078341013825,0.09880435739254706
10,0,0;1;2,0.4377950310464537,0.053541666666666675,0.17872256489465532
10,1,0;1;3,0.45775104931402355,0.08031250000000001,0.18290799286598075
10,2,0;1;4,0.39288423980927545,0.054553571428571444,0.19091134317920486
10,3,0;1;5,0.3647468158816535,0.0561764705882353,0.1891115067315383
10,4,0;1;6,0.34950060513613923,0.057272727272727295,0.18207450727166205
10,5,0;1;7,0.48061332869955675,0.07887500000000003,0.19053068037876222
10,6,0;1;8,0.3723107118669608,0.04955357142857144,0.19071201098439977
10,7,0;1;9,0.37256871419899096,0.059179104477611946,0.19151182541488232
10,8,0;2;3,0.4452660630245934,0.058536585365853676,0.17811133903793858
10,9,0;2;4,0.42499318901791217,0.051483253588516756,0.1848937191363091
10,10,0;2;5,0.36976349858719637,0.05147058823529413,0.1799637933926318
10,11,0;2;6,0.38244921244365937,0.05032608695652174,0.1783411499269348
10,12,0;2;7,0.5008316942652956,0.059783783783783795,0.1834986773703936
10,13,0;2;8,0.4010587868172456,0.047846889952153124,0.1836857118488209
10,14,0;2;9,0.40440670983155935,0.052164179104477626,0.18521879332554925
10,15,0;3;4,0.4282330983858108,0.06130718954248367,0.18800755615560522
10,16,0;3;5,0.3565339395822614,0.05858695652173915,0.18222982391081627
10,17,0;3;6,0.3836083663253693,0.06586206896551726,0.18416905974096268
10,18,0;3;7,0.5035015285572185,0.08933333333333336,0.1869404319001121
10,19,0;3;8,0.4104353691652375,0.056470588235294134,0.18721506158394466
10,20,0;3;9,0.4141913133739997,0.06918604651162792,0.1880791090094441
10,21,0;4;5,0.3403273825491084,0.04948616600790515,0.19010048247123926
10,22,0;4;6,0.3722387005559409,0.05679487179487182,0.18731125865585407
10,23,0;4;7,0.43176504860504106,0.061333333333333344,0.1948233747974662
10,24,0;4;8,0.40475013442826535,0.053107344632768366,0.19537916372962344
10,25,0;4;9,0.4092276933875164,0.057073170731707326,0.19613587595676055
10,26,0;5;6,0.3416452426171953,0.053369565217391314,0.18145494177920496
10,27,0;5;7,0.36546600243772553,0.05726829268292683,0.1896168528908324
10,28,0;5;8,0.31622806663596104,0.045217391304347834,0.19017132093397998
10,29,0;5;9,0.31842381669951736,0.04600000000000001,0.19105180247315073
10,30,0;6;7,0.3853919102402677,0.06628571428571431,0.18622436497794564
10,31,0;6;8,0.34708827403046427,0.053333333333333344,0.18652587967047696
10,32,0;6;9,0.3554286272024805,0.05857142857142857,0.1874325818489118
10,33,0;7;8,0.431855057340805,0.05822222222222223,0.19393632270403208
10,34,0;7;9,0.4217778624821753,0.07103030303030304,0.1947015990527647
10,35,0;8;9,0.4144182456071577,0.055024390243902446,0.19555732126327696
10,36,1;2;3,0.4492757485252712,0.06333333333333332,0.18407258627294046
10,37,1;2;4,0.5136306895259696,0.06393939393939395,0.1899484428947736
10,38,1;2;5,1.0961100023552337,0.05833333333333334,0.18913564426593238
10,39,1;2;6,0.4364378949244156,0.06281250000000001,0.18402174361678045
10,40,1;2;7,0.5509886043402543,0.06170731707317073,0.1900224961586408
10,41,1;2;8,0.43671811559671003,0.0603030303030303,0.1897326219422779
10,42,1;2;9,0.3687017224824695,0.056666666666666685,0.19145886150524052
10,43,1;3;4,0.4353072496592313,0.06390243902439026,0.19840757596175185
10,44,1;3;5,0.3875468253109086,0.06463414634146342,0.19557633162582372
10,45,1;3;6,0.38606119224138663,0.0675,0.19429563363247587
10,46,1;3;7,0.49328904711944077,0.08484848484848487,0.1980998773959014
10,47,1;3;8,0.40919115658538086,0.05902439024390244,0.19826303230376155
10,48,1;3;9,0.389443037410229,0.06735849056603775,0.19907136032976613
10,49,1;4;5,0.4611608109192237,0.059891891891891896,0.20320192619319236
10,50,1;4;6,0.4250731513868028,0.06606060606060607,0.19704028826415151
10,51,1;4;7,0.4816386089488658,0.06033333333333335,0.20646076848465258
10,52,1;4;8,0.4358423565907973,0.06393939393939395,0.20645134710572555
10,53,1;4;9,0.37894173375127616,0.05485477178423237,0.20717598524736824
10,54,1;5;6,0.38742750441660684,0.058780487804878045,0.1942089920526082
10,55,1;5;7,0.4766398123445799,0.059891891891891896,0.2034985951061538
10,56,1;5;8,0.39251479587496807,0.055027027027027026,0.20428915282843058
10,57,1;5;9,0.31191991076164066,0.0463372093023256,0.20506850651216513
10,58,1;6;7,0.39732879082511485,0.06634146341463415,0.19674562212950683
10,59,1;6;8,0.37920906340502475,0.06242424242424244,0.19691919668589
10,60,1;6;9,0.34273802286503763,0.0628301886792453,0.19775430796931387
10,61,1;7;8,0.4294851722793964,0.05708333333333334,0.20592208857551145
10,62,1;7;9,0.38494193455455633,0.06756218905472638,0.2066905286312617
10,63,1;8;9,0.3813083425499506,0.05228215767634856,0.20746573087098716
10,64,2;3;4,0.4873335490169048,0.06812500000000002,0.19251860833115525
10,65,2;3;5,0.404159327596928,0.06,0.18548690278322919
10,66,2;3;6,0.4554472550310491,0.06793103448275864,0.18989399451833147
10,67,2;3;7,0.505370340036055,0.0675,0.19092199554287229
10,68,2;3;8,0.45422378664438845,0.06468750000000001,0.19119536242460167
10,69,2;3;9,0.4298702650729129,0.059433962264150944,0.19288729155480175
10,70,2;4;5,0.48116710597476975,0.05925465838509319,0.19109289352971998
10,71,2;4;6,0.48787500370743564,0.07161904761904764,0.19253176594131
10,72,2;4;7,0.52989039261038,0.059102564102564106,0.19762987689351919
10,73,2;4;8,0.4943276122411711,0.07291666666666667,0.1975514906249983
10,74,2;4;9,0.416806341098814,0.05253456221198157,0.1994028959857932
10,75,2;5;6,0.3989289869953903,0.05487804878048781,0.18541835566180062
10,76,2;5;7,0.4847090684626271,0.05925465838509318,0.19109181230845634
10,77,2;5;8,0.3992620320272962,0.0551552795031056,0.19117198130236548
10,78,2;5;9,0.3225296787914229,0.04763513513513515,0.19326408155978336
10,79,2;6;7,0.4551876662387744,0.06074534161490684,0.19089751208100159
10,80,2;6;8,0.44792151830815974,0.06933333333333334,0.19123977169272316
10,81,2;6;9,0.3945190375173142,0.057941176470588246,0.19292815918965422
10,82,2;7;8,0.470956173072928,0.0578048780487805,0.19578436847165176
10,83,2;7;9,0.4383292070490165,0.05900497512437813,0.19753187106756315
10,84,2;8;9,0.424383111411452,0.05133640552995392,0.19815015723597534
10,85,3;4;5,0.39281300143140485,0.05896373056994819,0.19703438694544761
10,86,3;4;6,0.45109044415296795,0.07333333333333336,0.20146786872645417
10,87,3;4;7,0.4865526389712994,0.06728682170542637,0.20436683917286663
10,88,3;4;8,0.4664087172380721,0.06952380952380954,0.20510548010849153
10,89,3;4;9,0.4258990777957473,0.060581395348837226,0.20589421721525836
10,90,3;5;6,0.37186792350715303,0.05900000000000001,0.19343597295346415
10,91,3;5;7,0.4095349520462486,0.062146892655367235,0.19679533802808957
10,92,3;5;8,0.3538272958109602,0.05419689119170985,0.1973997129374532
10,93,3;5;9,0.31829357073516185,0.047025316455696214,0.1982857713833869
10,94,3;6;7,0.4500285471688865,0.08083333333333334,0.1999417390089365
10,95,3;6;8,0.425474152832842,0.07083333333333335,0.2007472375718751
10,96,3;6;9,0.39412255767474524,0.07625000000000001,0.20163440778790873
10,97,3;7;8,0.47864763751279027,0.06606060606060607,0.20340057525165212
10,98,3;7;9,0.4550086550311074,0.08433333333333336,0.20419498100032918
10,99,3;8;9,0.4450223088504455,0.059069767441860474,0.20527747152498788
10,100,4;5;6,0.38240003753824897,0.0577401129943503,0.19574081672869748
10,101,4;5;7,0.44446940127252804,0.05733333333333333,0.20501616225871314
10,102,4;5;8,0.3908343755489938,0.05809523809523811,0.2051923804847573
10,103,4;5;9,0.32542281753462976,0.04624584717607974,0.20598637605384085
10,104,4;6;7,0.45006571046565735,0.06310077519379848,0.2031762481392791
10,105,4;6;8,0.45965279931220226,0.07555555555555556,0.20391438655430735
10,106,4;6;9,0.3892111085202411,0.06064102564102566,0.20473543430572927
10,107,4;7;8,0.4663730591340489,0.06031007751937985,0.21174559626029893
10,108,4;7;9,0.4179490116246735,0.058787878787878806,0.21245506314155474
10,109,4;8;9,0.42472406647001815,0.05380952380952382,0.21370147873749074
10,110,5;6;7,0.37121867027750416,0.05595854922279793,0.19549448145332446
10,111,5;6;8,0.3424197212040718,0.05435028248587572,0.19610334206773955
10,112,5;6;9,0.31988956182591866,0.04922535211267607,0.19703786346250496
10,113,5;7;8,0.3766770982574502,0.05230769230769232,0.2047531511687375
10,114,5;7;9,0.3256854974289347,0.050498084291187746,0.20555831548532333
10,115,5;8;9,0.3240346942542644,0.04485049833887044,0.20687962322130118
10,116,6;7;8,0.43244680554127346,0.06424242424242425,0.20220449203910854
10,117,6;7;9,0.4056357799085641,0.07766666666666668,0.20302918521990151
10,118,6;8;9,0.39547223146409394,0.059487179487179506,0.20411996673728974
10,119,7;8;9,0.44879656495527687,0.06143790849673204,0.2115791840903595
11,0,0;1;2,0.34669411278516493,0.052000000000000005,0.13631097840067702
11,1,0;1;3,0.5500964377097157,0.0885714285714286,0.1435055945244368
11,2,0;1;4,0.42289120234214195,0.06275862068965518,0.1429063753102361
11,3,0;1;5,0.4378619808380032,0.06370731707317073,0.14765410596828638
11,4,0;1;6,0.29179830545403496,0.05079245283018869,0.14821503838036476
11,5,0;1;7,0.49143321581155175,0.08542857142857144,0.14731859564512811
11,6,0;1;8,0.3098793229328535,0.05229268292682928,0.14005100337969284
11,7,0;1;9,0.4831756706163164,0.05937500000000001,0.14623592598885787
11,8,0;2;3,0.37896584003282646,0.051917098445595854,0.1326123899750314
11,9,0;2;4,0.339346614890828,0.04596153846153847,0.1346861928792752
11,10,0;2;5,0.3765379602579906,0.0551923076923077,0.13626887443354357
11,11,0;2;6,0.326112991143985,0.04984455958549224,0.13700895076077188
11,12,0;2;7,0.378883274200452,0.0550909090909091,0.1364202661209581
11,13,0;2;8,0.32814240536284534,0.042788461538461546,0.1344835694033908
11,14,0;2;9,0.37614727772909995,0.048108108108108116,0.1356715859047416
11,15,0;3;4,0.40518881533861417,0.0595,0.13902189033151574
11,16,0;3;5,0.7830727096132981,0.07462068965517242,0.14365799564846457
11,17,0;3;6,0.332712409866597,0.05134615384615385,0.14434383740828985
11,18,0;3;7,0.8421858145749928,0.09790476190476191,0.1432256399324201
11,19,0;3;8,0.34910403936310047,0.051917098445595854,0.13631892757639905
11,20,0;3;9,0.5818289425981811,0.05951219512195122,0.14240128792502146
11,21,0;4;5,0.34734756537819467,0.04754098360655738,0.1428640045223624
11,22,0;4;6,0.267152507748927,0.04256809338521402,0.1436125529480067
11,23,0;4;7,0.3690130828186271,0.05800000000000002,0.1429770629508718
11,24,0;4;8,0.30086157593886753,0.04925,0.13794536014396924
11,25,0;4;9,0.41567242874287064,0.05296551724137932,0.14215876430471988
11,26,0;5;6,0.31966918963225494,0.05336405529953917,0.1482725818340136
11,27,0;5;7,0.7861482261432612,0.07775000000000001,0.1472515464785059
11,28,0;5;8,0.3381886210621987,0.04666666666666667,0.14006288981957607
11,29,0;5;9,0.5522896228379542,0.05419354838709678,0.14646017223688768
11,30,0;6;7,0.3111893072875309,0.053333333333333344,0.1479090753981886
11,31,0;6;8,0.3072366245339957,0.0447004608294931,0.1407288660631973
11,32,0;6;9,0.34327441374013185,0.047096774193548394,0.14694080312693023
11,33,0;7;8,0.34147480854405465,0.05281818181818183,0.1402682499762956
11,34,0;7;9,0.5578191862445372,0.05794594594594596,0.1466702052975334
11,35,0;8;9,0.3585661370252714,0.048375000000000015,0.13964746815253662
11,36,1;2;3,0.3518146201741097,0.05629268292682927,0.13725727296698093
11,37,1;2;4,0.35658789697264226,0.05395348837209304,0.1389720633219623
11,38,1;2;5,0.40183484292465,0.06372093023255815,0.14047323072645487
11,39,1;2;6,0.3001419469084601,0.04987551867219918,0.1412505980216745
11,40,1;2;7,0.390011998589269,0.0630232558139535,0.1403555148424913
11,41,1;2;8,0.2919734942662775,0.04270833333333334,0.1388000948807103
11,42,1;2;9,0.41546553022641813,0.06000000000000001,0.138658477851869
11,43,1;3;4,0.40280132104221866,0.06455172413793105,0.14564709951737762
11,44,1;3;5,0.42720542731647543,0.06875,0.15049836136276465
11,45,1;3;6,0.2890315326381709,0.05200000000000001,0.15127584599292207
11,46,1;3;7,0.49362581728383903,0.09276190476190478,0.14964649028909777
11,47,1;3;8,0.30757008172073563,0.053750000000000006,0.14261251576516157
11,48,1;3;9,0.4812358276641192,0.06687500000000002,0.14659759865978234
11,49,1;4;5,0.35572807443406956,0.055000000000000014,0.14892907784372877
11,50,1;4;6,0.3131795294652714,0.05057692307692309,0.14975650996912035
11,51,1;4;7,0.377164394839291,0.06465116279069769,0.1487067115034681
11,52,1;4;8,0.4046711483560059,0.05594771241830067,0.143665350919982
11,53,1;4;9,0.45361244415791624,0.060000000000000005,0.14637152174795037
11,54,1;5;6,0.29627323454408117,0.0511904761904762,0.15465407925682517
11,55,1;5;7,0.4734329100582819,0.0757241379310345,0.15322014003705384
11,56,1;5;8,0.29342548919660805,0.04480263157894737,0.14586051076130058
11,57,1;5;9,0.4561368079832687,0.06562500000000002,0.15051910816469874
11,58,1;6;7,0.3026752992306403,0.05596153846153847,0.15391912737692653
11,59,1;6;8,0.2992522748661103,0.04970954356846474,0.14661939807585314
11,60,1;6;9,0.34047794218583327,0.051363636363636375,0.15098617512254398
11,61,1;7;8,0.30651199647341554,0.05474654377880185,0.14575164658234893
11,62,1;7;9,0.4614507980466782,0.06827586206896552,0.15098357566699197
11,63,1;8;9,0.38243288960448385,0.04926829268292683,0.14393480306492995
11,64,2;3;4,0.34720511493962253,0.052750000000000005,0.1357383545103591
11,65,2;3;5,0.38669164766179775,0.05975,0.13719282409549685
11,66,2;3;6,0.2984572499958583,0.04694444444444445,0.13805188226785098
11,67,2;3;7,0.39834999577351315,0.06313725490196079,0.13692837449338002
11,68,2;3;8,0.32578861460258074,0.04599078341013826,0.13563937473892837
11,69,2;3;9,0.4020347905112034,0.057375000000000016,0.13525861164798517
11,70,2;4;5,0.36152245641008857,0.053636363636363635,0.13875742214386044
11,71,2;4;6,0.2656546030936185,0.04529411764705883,0.13963453265432846
11,72,2;4;7,0.3622097339914777,0.056750000000000016,0.1388771940387487
11,73,2;4;8,0.28481487809229766,0.04365384615384616,0.137839178413245
11,74,2;4;9,0.3669816874730121,0.05514285714285715,0.13741238323423793
11,75,2;5;6,0.2894512588442258,0.05096153846153847,0.14111286205792867
11,76,2;5;7,0.43976865288444456,0.06775000000000002,0.1400997940154128
11,77,2;5;8,0.30536082612457427,0.04388059701492539,0.138646257757381
11,78,2;5;9,0.45054866181585407,0.06375000000000001,0.1386969194327937
11,79,2;6;7,0.29051212512521074,0.050599078341013834,0.14097486065989442
11,80,2;6;8,0.3127497050327238,0.044516129032258066,0.1394841670771328
11,81,2;6;9,0.4800229187104265,0.055499999999999994,0.13933492195545039
11,82,2;7;8,0.31436045590169737,0.047380952380952385,0.13874138920847218
11,83,2;7;9,0.4601170099898534,0.06579310344827588,0.1392426174478875
11,84,2;8;9,0.35148391767013343,0.04517073170731708,0.1374184929642565
11,85,3;4;5,0.35091162157107814,0.054000000000000006,0.14552580570001156
11,86,3;4;6,0.27037486059118954,0.04597510373443983,0.14642031071112677
11,87,3;4;7,0.37851979295953875,0.06515151515151517,0.14513406237602727
11,88,3;4;8,0.29709323247159747,0.05041666666666668,0.14041951778548042
11,89,3;4;9,0.40147331777571343,0.058068965517241396,0.14279014519396444
11,90,3;5;6,0.31367115089434966,0.04990909090909092,0.1512901741520026
11,91,3;5;7,0.7788175461185735,0.08876190476190474,0.1494095338348611
11,92,3;5;8,0.33975563307477225,0.04875000000000001,0.1425725968234316
11,93,3;5;9,0.5879960219865192,0.065875,0.14677736758642343
11,94,3;6;7,0.3204815467557156,0.056458333333333346,0.15028933033980615
11,95,3;6;8,0.31521849180537515,0.04980769230769232,0.14341217366005665
11,96,3;6;9,0.32820614328131803,0.04788381742738591,0.14737001841067426
11,97,3;7;8,0.3514354538958909,0.057708333333333334,0.14231668957974464
11,98,3;7;9,0.6014844387183307,0.07060606060606062,0.1471989398825833
11,99,3;8;9,0.35597194242019903,0.04958525345622121,0.14052177908674013
11,100,4;5;6,0.26583947645147765,0.041857142857142864,0.1495665119691622
11,101,4;5;7,0.3643027622827042,0.05733333333333335,0.14839439845379346
11,102,4;5;8,0.28553302371199396,0.04217391304347827,0.14346247935407958
11,103,4;5;9,0.37142986360973607,0.05413043478260871,0.14639148632166307
11,104,4;6;7,0.2868541630993929,0.04940092165898618,0.14932384661055512
11,105,4;6;8,0.29570877615653723,0.0490810810810811,0.14432774535576598
11,106,4;6;9,0.31790690927469456,0.0506521739130435,0.14705268441980085
11,107,4;7;8,0.3015461474088516,0.051428571428571435,0.14360601028126777
11,108,4;7;9,0.3790601954815858,0.05790849673202615,0.1469678883131885
11,109,4;8;9,0.3806304514114335,0.052137931034482776,0.14204572797691328
11,110,5;6;7,0.31073688955767026,0.052444444444444446,0.15366597940798135
11,111,5;6;8,0.2897150558506937,0.04343283582089552,0.14650593243049304
11,112,5;6;9,0.31529534003116455,0.04809523809523811,0.15109005838773149
11,113,5;7;8,0.347421469272052,0.05003773584905662,0.1455194604411627
11,114,5;7;9,0.6554621419689869,0.07296551724137931,0.1509737259859266
11,115,5;8;9,0.343347888594556,0.045,0.14399763939173998
11,116,6;7;8,0.3135419367048228,0.05211538461538463,0.14637585298987238
11,117,6;7;9,0.32085459335815847,0.05133640552995393,0.1515455192758407
11,118,6;8;9,0.35028620073112815,0.048431372549019615,0.14461614905538608
11,119,7;8;9,0.3500360486315579,0.048879668049792546,0.14453840213881575
12,0,0;1;2,0.21360962964109523,0.06013793103448277,0.04820856374585002
12,1,0;1;3,0.232531473978491,0.05636363636363638,0.04812974187476857
12,2,0;1;4,0.19503970784648222,0.05634146341463416,0.041855192068822364
12,3,0;1;5,0.19726957405153647,0.0542857142857143,0.04797331625362732
12,4,0;1;6,0.19615188006905895,0.06013071895424837,0.04818759800515594
12,5,0;1;7,0.20543671309548983,0.06413793103448277,0.047886871419109495
12,6,0;1;8,0.23349918864027572,0.06242424242424244,0.04801704018438856
12,7,0;1;9,0.17675355621512248,0.04829493087557604,0.04707710863240694
12,8,0;2;3,0.3193449557402227,0.06687500000000002,0.04824437702980713
12,9,0;2;4,0.3358261246359343,0.08375000000000002,0.041998934743650795
12,10,0;2;5,0.3687776330991309,0.08930232558139536,0.048095835750627536
12,11,0;2;6,0.3515175778521231,0.09828571428571432,0.04828753741230289
12,12,0;2;7,0.38572629387657564,0.09923809523809525,0.0480002008877529
12,13,0;2;8,0.25126397435600234,0.07131034482758622,0.048139204362406686
12,14,0;2;9,0.2003806506023187,0.058652849740932655,0.047084179160704585
12,15,0;3;4,0.28720405689282796,0.0675,0.04192114501481592
12,16,0;3;5,0.29790703904768,0.06560975609756098,0.048015611498904445
12,17,0;3;6,0.26796720145291103,0.06818181818181819,0.0482105657576099
12,18,0;3;7,0.30735209513483486,0.07,0.0479232740762482
12,19,0;3;8,0.26324968876456056,0.06363636363636366,0.04807169295693681
12,20,0;3;9,0.21086362884027363,0.05829268292682928,0.0470023685136754
12,21,0;4;5,0.32963944602336015,0.08484848484848487,0.04176054331849213
12,22,0;4;6,0.2808478338097491,0.08484848484848487,0.041903593977649214
12,23,0;4;7,0.3279844698583045,0.08666666666666667,0.041650425654603515
12,24,0;4;8,0.22529679387254586,0.06609756097560976,0.04182163419786456
12,25,0;4;9,0.19697250475391767,0.06487804878048781,0.04083607765515842
12,26,0;5;6,0.3208239207064623,0.09162790697674422,0.04805077890178558
12,27,0;5;7,0.34954234024925956,0.08979310344827587,0.04777170218605746
12,28,0;5;8,0.22924407295785454,0.06000000000000001,0.047928772468253764
12,29,0;5;9,0.20394764637445245,0.0650810810810811,0.046956660723399296
12,30,0;6;7,0.3472143923497441,0.09875,0.047974042667123865
12,31,0;6;8,0.21656960430407443,0.06758620689655173,0.048093464715681336
12,32,0;6;9,0.1779434322920749,0.06320000000000002,0.04700818345949665
12,33,0;7;8,0.24319610737310976,0.07410852713178295,0.047822523459922765
12,34,0;7;9,0.19226077082038226,0.062307692307692314,0.04675896163107389
12,35,0;8;9,0.1827770387412091,0.051618257261410797,0.046894232711025344
12,36,1;2;3,0.2298122361168069,0.06114285714285715,0.04816232038074588
12,37,1;2;4,0.18664986073375717,0.05914285714285716,0.04186631385782396
12,38,1;2;5,0.21067172477770402,0.061517241379310354,0.04800499150010078
12,39,1;2;6,0.1964882223679239,0.06650000000000002,0.04821712303412945
12,40,1;2;7,0.20680520259930874,0.06387500000000002,0.04791963224124378
12,41,1;2;8,0.21021643178948118,0.055750000000000015,0.048019783944093335
12,42,1;2;9,0.1942544313254072,0.05762500000000001,0.04710994778926372
12,43,1;3;4,0.21377381566812473,0.0625,0.04178628715869156
12,44,1;3;5,0.21915734357468736,0.060465116279069774,0.047922771130448925
12,45,1;3;6,0.20759963366832002,0.062285714285714305,0.048138193012787704
12,46,1;3;7,0.22056586000182865,0.05882352941176472,0.04784045829333094
12,47,1;3;8,0.23584153758616605,0.05636363636363638,0.047950441358230275
12,48,1;3;9,0.20586760181474373,0.06046511627906977,0.04702728671231316
12,49,1;4;5,0.18706299151761713,0.060310077519379855,0.04161680907266225
12,50,1;4;6,0.1686792810119785,0.06031007751937986,0.04182199351763691
12,51,1;4;7,0.18116452059119503,0.05823834196891192,0.04151899861903133
12,52,1;4;8,0.1970222956515781,0.05390243902439026,0.04165309241869668
12,53,1;4;9,0.17325475783560518,0.05834482758620691,0.04082070663106451
12,54,1;5;6,0.1811146175322247,0.06242424242424244,0.047978656589367646
12,55,1;5;7,0.19119789907928744,0.05741935483870969,0.047680091945729294
12,56,1;5;8,0.19671425045752655,0.04833333333333334,0.04780356084114918
12,57,1;5;9,0.2054292719729493,0.06262068965517242,0.04697557178465959
12,58,1;6;7,0.21069940494565062,0.06386206896551724,0.04790571421830825
12,59,1;6;8,0.19107260105295515,0.05448275862068966,0.04798950297193162
12,60,1;6;9,0.1671018201058228,0.0594186046511628,0.047016883014483216
12,61,1;7;8,0.2040230706650574,0.059250000000000004,0.047701084075264785
12,62,1;7;9,0.17577923808095847,0.053333333333333344,0.04678583652723797
12,63,1;8;9,0.18277116814009509,0.047302904564315365,0.046887865242403196
12,64,2;3;4,0.28668467646677276,0.0693103448275862,0.04192384288863306
12,65,2;3;5,0.3137007695566236,0.06843750000000001,0.048037770951956896
12,66,2;3;6,0.28484766764892944,0.07295238095238096,0.04823535712565923
12,67,2;3;7,0.31621936945730605,0.06924137931034484,0.04794438151005467
12,68,2;3;8,0.24636422450987733,0.06013793103448276,0.04806708779411726
12,69,2;3;9,0.22187308158184016,0.06262068965517242,0.04703302007825805
12,70,2;4;5,0.3374201500587881,0.09180952380952384,0.04176351027970181
12,71,2;4;6,0.2837731495746697,0.09180952380952381,0.04191811463076607
12,72,2;4;7,0.3293830340063311,0.08648275862068967,0.04165350144678938
12,73,2;4;8,0.2086160025946382,0.06043478260869567,0.04180075855398123
12,74,2;4;9,0.20106652663744712,0.07200000000000001,0.040845509144468675
12,75,2;5;6,0.34768420627841984,0.10166666666666668,0.048077420294074774
12,76,2;5;7,0.364721448443288,0.09075862068965519,0.04779246935197065
12,77,2;5;8,0.22591687355482487,0.05678756476683937,0.04792618379322024
12,78,2;5;9,0.22126562471848882,0.0750344827586207,0.04698601509168453
12,79,2;6;7,0.34458795206385257,0.09942857142857146,0.04800206824261782
12,80,2;6;8,0.20042437769090476,0.06431372549019608,0.048090094256419164
12,81,2;6;9,0.1882989177988373,0.0732051282051282,0.04702647540578784
12,82,2;7;8,0.2222203601600325,0.068625,0.04781511300300825
12,83,2;7;9,0.20013969429527972,0.064,0.046788676844028196
12,84,2;8;9,0.18342480473008788,0.04942528735632185,0.04689576303297043
12,85,3;4;5,0.29619794157366713,0.08416666666666668,0.041682054575446506
12,86,3;4;6,0.2637222332222102,0.08416666666666668,0.041839609094160075
12,87,3;4;7,0.288963408495237,0.06950000000000002,0.04157532360119914
12,88,3;4;8,0.22993547734301134,0.05850000000000001,0.04173240715334486
12,89,3;4;9,0.24491054018359057,0.08416666666666667,0.040762873237576755
12,90,3;5;6,0.2887816546877204,0.08552380952380954,0.047996624180853695
12,91,3;5;7,0.3024826060648988,0.06735751295336789,0.047711814678769844
12,92,3;5;8,0.2298224003973119,0.05357512953367876,0.04785518739253704
12,93,3;5;9,0.24965118323178173,0.08495238095238097,0.04690213996449965
12,94,3;6;7,0.278040361444137,0.07,0.047924604686995935
12,95,3;6;8,0.20614516443676195,0.057254901960784324,0.04802300091804694
12,96,3;6;9,0.23035733298160593,0.08133333333333335,0.04694460913158289
12,97,3;7;8,0.23338035910864263,0.0623529411764706,0.04774765801268607
12,98,3;7;9,0.22850224173230163,0.06230769230769232,0.046706445914971535
12,99,3;8;9,0.1931345168941631,0.05244239631336406,0.046823435770655314
12,100,4;5;6,0.30316749654337133,0.10444444444444445,0.041663340092623
12,101,4;5;7,0.3313665907524226,0.08745098039215687,0.04141204609900267
12,102,4;5;8,0.2063133183429783,0.056836158192090404,0.04157981314504253
12,103,4;5;9,0.22349865188581863,0.09066666666666666,0.0407084585874621
12,104,4;6;7,0.2819510454933744,0.08666666666666668,0.04158276328813981
12,105,4;6;8,0.16774122883524112,0.056836158192090404,0.041697265623187624
12,106,4;6;9,0.22741061692661488,0.09133333333333338,0.04076602005615308
12,107,4;7;8,0.19582962728128586,0.06248704663212436,0.041455599921299435
12,108,4;7;9,0.21721822195363466,0.07,0.04049313107902518
12,109,4;8;9,0.16705104626437978,0.051164658634538174,0.04063581562736703
12,110,5;6;7,0.3194711886261252,0.09348837209302328,0.04776349454653954
12,111,5;6;8,0.18087619747518124,0.055819209039548026,0.04787180843915069
12,112,5;6;9,0.21540945046090293,0.09150000000000004,0.04690744496945895
12,113,5;7;8,0.2023046330784284,0.05778801843317973,0.04760377586242317
12,114,5;7;9,0.217603415848715,0.0712727272727273,0.04665783718888984
12,115,5;8;9,0.1912640546190264,0.05233333333333334,0.04678444788927677
12,116,6;7;8,0.21889526632669148,0.06689655172413794,0.04778301237686146
12,117,6;7;9,0.20827753911241637,0.06980392156862747,0.046712571140864134
12,118,6;8;9,0.1484205994909321,0.049477611940298524,0.046808031033103915
12,119,7;8;9,0.16369063564464437,0.05166666666666667,0.04657247484427776
13,0,0;1;2,0.21481089486027216,0.05064377682403434,0.09819619557688367
13,1,0;1;3,0.24984295311775556,0.06380434782608697,0.10358095811577947
13,2,0;1;4,0.2668678222069089,0.06463276836158194,0.10333895235610219
13,3,0;1;5,0.260268443630285,0.06500000000000002,0.09863391999455451
13,4,0;1;6,0.2585457358810255,0.0673446327683616,0.10196517395476205
13,5,0;1;7,0.22577789529216002,0.050775862068965526,0.0985297854315494
13,6,0;1;8,0.20456286145558994,0.053492822966507196,0.09276769933273483
13,7,0;1;9,0.22675239722773421,0.049122807017543874,0.09921994754418775
13,8,0;2;3,0.22110093651215695,0.04612676056338029,0.10250484748013937
13,9,0;2;4,0.22312550942090245,0.050612244897959194,0.10228262151016519
13,10,0;2;5,0.20223493088080974,0.046400000000000004,0.09510244522871864
13,11,0;2;6,0.1967521589354169,0.04785714285714286,0.09913135848201646
13,12,0;2;7,0.21771927247188066,0.04458536585365855,0.09919052962839536
13,13,0;2;8,0.1949922929640565,0.047683615819209046,0.09135933016889292
13,14,0;2;9,0.21291898248469251,0.04219178082191781,0.0972319105025929
13,15,0;3;4,0.2850714113119214,0.062222222222222234,0.10863789431114099
13,16,0;3;5,0.26540812006559233,0.061847826086956534,0.10060715692447758
13,17,0;3;6,0.248317636326378,0.06318181818181819,0.10503823729176094
13,18,0;3;7,0.2282412738029745,0.0467857142857143,0.10218124415132614
13,19,0;3;8,0.21576939563618208,0.0490677966101695,0.09778251747597042
13,20,0;3;9,0.22623729421250435,0.04892857142857144,0.10182165734483922
13,21,0;4;5,0.2763455806786239,0.06267441860465117,0.10019200978429593
13,22,0;4;6,0.2619663237167188,0.06321951219512195,0.10467957086207182
13,23,0;4;7,0.23191458158978606,0.04948616600790515,0.10199332603226002
13,24,0;4;8,0.2229324348517926,0.05500000000000002,0.09753667934404711
13,25,0;4;9,0.24128602055956505,0.045986842105263166,0.10164124339570045
13,26,0;5;6,0.26120894649879733,0.06476190476190477,0.09862279975900923
13,27,0;5;7,0.21754429030598132,0.04918604651162792,0.09502194590757437
13,28,0;5;8,0.20196474599404496,0.049186046511627925,0.08961081140363882
13,29,0;5;9,0.22931643470029106,0.04939655172413794,0.09594000013766432
13,30,0;6;7,0.20990729696765525,0.04873646209386282,0.10005161419309289
13,31,0;6;8,0.19207098884003604,0.05089494163424126,0.09426182042307443
13,32,0;6;9,0.2161341893650393,0.04773972602739727,0.10075539721717519
13,33,0;7;8,0.19526846189337616,0.044585365853658535,0.09101542645593724
13,34,0;7;9,0.22501552035397204,0.04455223880597015,0.09860593931425113
13,35,0;8;9,0.20852081510392995,0.04354166666666667,0.09143574997177745
13,36,1;2;3,0.25674043566668225,0.07354037267080746,0.09813374355704911
13,37,1;2;4,0.3233332972231417,0.11523809523809525,0.09792197780591724
13,38,1;2;5,0.2968138010119402,0.0916279069767442,0.09376402716310953
13,39,1;2;6,0.3036751747081613,0.10121212121212123,0.09661856987500303
13,40,1;2;7,0.2896503356320562,0.08041379310344829,0.09556353245384844
13,41,1;2;8,0.26759315829358443,0.10291666666666664,0.0873291232682463
13,42,1;2;9,0.20696346876868815,0.05175438596491229,0.09486118749566212
13,43,1;3;4,0.42275002395687716,0.08403100775193799,0.10331163706679718
13,44,1;3;5,0.6643267717668024,0.09350000000000003,0.09890882186577608
13,45,1;3;6,0.6613433365722866,0.10895238095238097,0.10190046870456784
13,46,1;3;7,0.2641229535507978,0.06115384615384616,0.09843562094059805
13,47,1;3;8,0.23052996755029753,0.06944099378881988,0.09276455068674669
13,48,1;3;9,0.21508929706613933,0.05500000000000001,0.09913692171370411
13,49,1;4;5,0.4600698504214288,0.10666666666666669,0.09835810023530073
13,50,1;4;6,0.4454053091654253,0.11123809523809525,0.10163577863749972
13,51,1;4;7,0.3005063988532817,0.08392156862745101,0.09824585886251566
13,52,1;4;8,0.2855154562501011,0.10666666666666669,0.09255580777501754
13,53,1;4;9,0.2361344420083924,0.054912280701754385,0.09898448777188401
13,54,1;5;6,0.7043385970962842,0.11777777777777779,0.09763997783851266
13,55,1;5;7,0.29774319954304707,0.08121212121212121,0.09410427209503952
13,56,1;5;8,0.25679942770716346,0.08310077519379848,0.08805159950996845
13,57,1;5;9,0.2234136413176528,0.05708333333333335,0.09528760060627374
13,58,1;6;7,0.2974744017038744,0.08274509803921569,0.09755817112860686
13,59,1;6;8,0.25820284182610875,0.09121212121212123,0.0912303230888952
13,60,1;6;9,0.2249199959650969,0.05895833333333334,0.0986201310724287
13,61,1;7;8,0.24716363594265345,0.07834482758620691,0.08761796452161921
13,62,1;7;9,0.21707501303134313,0.05346153846153847,0.096206717815195
13,63,1;8;9,0.20419321851741398,0.05365384615384616,0.08883086806822003
13,64,2;3;4,0.2966827231180154,0.07232432432432434,0.10243982039126828
13,65,2;3;5,0.3201230354697951,0.0796273291925466,0.09536120635777545
13,66,2;3;6,0.29887097906741883,0.09121951219512195,0.09912033452294527
13,67,2;3;7,0.31178619288738413,0.06854054054054055,0.09919390488605628
13,68,2;3;8,0.25187158534222454,0.07333333333333333,0.09152895584349455
13,69,2;3;9,0.277996806273389,0.06745945945945947,0.09728739515413305
13,70,2;4;5,0.32273746633430245,0.09227586206896557,0.09479468717981826
13,71,2;4;6,0.32673884368716916,0.10062500000000005,0.09881149533979079
13,72,2;4;7,0.3102545058676797,0.08175000000000003,0.09908917410593165
13,73,2;4;8,0.2821489277141425,0.10323809523809527,0.09135840323291669
13,74,2;4;9,0.2507606037083096,0.05516981132075474,0.09712395424692828
13,75,2;5;6,0.335866299092734,0.09787878787878788,0.09350745562501296
13,76,2;5;7,0.32745025497116553,0.08038095238095239,0.09246508077672255
13,77,2;5;8,0.2668409399727373,0.08038095238095239,0.08432049558744797
13,78,2;5;9,0.259162146755632,0.062383419689119174,0.09180132237612763
13,79,2;6;7,0.30744149080272404,0.08362500000000002,0.09689049575807235
13,80,2;6;8,0.27455733714681324,0.09393939393939395,0.08835084654733491
13,81,2;6;9,0.22731548726706302,0.062211981566820285,0.09611298520902167
13,82,2;7;8,0.2709776591002156,0.07752380952380952,0.08803904175553835
13,83,2;7;9,0.27627298353408425,0.06097297297297298,0.09560115864085751
13,84,2;8;9,0.23427429871584604,0.0609039548022599,0.08696059212715679
13,85,3;4;5,0.4330856981226131,0.07862068965517242,0.10037019539547695
13,86,3;4;6,0.4116764943277626,0.08441379310344829,0.104724409070165
13,87,3;4;7,0.2835454015780818,0.06184331797235025,0.10207524249898575
13,88,3;4;8,0.26159063667567445,0.06919254658385093,0.09780742525017311
13,89,3;4;9,0.2627953858957679,0.05709543568464731,0.1017157908608175
13,90,3;5;6,0.7167786092106958,0.10190476190476191,0.09895558615642175
13,91,3;5;7,0.3175264665611438,0.07175000000000001,0.09528699744189574
13,92,3;5;8,0.2514573718611464,0.0663354037267081,0.08997174787339149
13,93,3;5;9,0.2737668638811396,0.06858695652173914,0.09618519698302033
13,94,3;6;7,0.27681987453560536,0.06715025906735753,0.10001988934733554
13,95,3;6;8,0.24325494737996872,0.07634146341463416,0.09431131178977362
13,96,3;6;9,0.23960836142306693,0.06632124352331607,0.10073565604952311
13,97,3;7;8,0.24143077150259373,0.06216216216216217,0.09112007100931846
13,98,3;7;9,0.28188538999397084,0.06416666666666668,0.09864677533545302
13,99,3;8;9,0.24192162974245113,0.06324324324324325,0.09149885752853991
13,100,4;5;6,0.45412144477484223,0.10533333333333335,0.09833181701897808
13,101,4;5;7,0.30851910494797763,0.08206896551724138,0.09474778270891
13,102,4;5;8,0.27863166790069677,0.08531250000000001,0.0893934969793698
13,103,4;5;9,0.265709228762286,0.05935742971887551,0.09568156247340226
13,104,4;6;7,0.30482917032197326,0.085375,0.09974790832710843
13,105,4;6;8,0.27381676553507855,0.0917241379310345,0.09403790568740009
13,106,4;6;9,0.25292171063972196,0.06158333333333335,0.10059860830365763
13,107,4;7;8,0.2710057250059069,0.08151724137931034,0.09097304473165643
13,108,4;7;9,0.26408741252493084,0.05917012448132781,0.09849529985956301
13,109,4;8;9,0.25041939758997317,0.06017543859649123,0.09138446753870724
13,110,5;6;7,0.31304026237295013,0.0846511627906977,0.09418997928031383
13,111,5;6;8,0.2736857156269424,0.08465116279069769,0.08809179891270663
13,112,5;6;9,0.2456414578540997,0.06384180790960452,0.09529617473136445
13,113,5;7;8,0.26592328291147305,0.07561904761904763,0.0842353681986713
13,114,5;7;9,0.2742081723132469,0.06487804878048782,0.09304151855265258
13,115,5;8;9,0.24248043919302933,0.06082901554404146,0.0857426106407744
13,116,6;7;8,0.26562122473580574,0.08110344827586208,0.08923901299983128
13,117,6;7;9,0.2413770084782993,0.06119815668202766,0.09769601927668221
13,118,6;8;9,0.22817974914665345,0.06458333333333335,0.09040411601890028
13,119,7;8;9,0.2442256163140545,0.06162162162162163,0.0884085223855967
14,0,0;1;2,0.29968932913205976,0.06294871794871797,0.06392253977499004
14,1,0;1;3,0.2898463063603058,0.08000000000000002,0.06322204819952389
14,2,0;1;4,0.3058063530626201,0.05612068965517242,0.06764094970167472
14,3,0;1;5,0.2057078218679108,0.05063380281690142,0.057772031358213675
14,4,0;1;6,0.2753048115904736,0.07866666666666668,0.061305591361968906
14,5,0;1;7,0.2544337675513735,0.05586206896551724,0.058690570129780774
14,6,0;1;8,0.27834160863924284,0.06264705882352943,0.06899931584885428
14,7,0;1;9,0.23803283549572035,0.05714285714285715,0.06928911347510176
14,8,0;2;3,0.2645210047125885,0.05757575757575758,0.06049467002287947
14,9,0;2;4,0.304484533954009,0.04946058091286308,0.07135126356839774
14,10,0;2;5,0.19203934866436229,0.04611295681063124,0.06444308214339839
14,11,0;2;6,0.2293542139011738,0.056969696969696976,0.06691820165864554
14,12,0;2;7,0.2192773504765028,0.04505415162454874,0.06342191785893983
14,13,0;2;8,0.27922719572387844,0.05391705069124425,0.07166364940605405
14,14,0;2;9,0.22691799152311753,0.05258536585365855,0.07188701296932275
14,15,0;3;4,0.28591547760971125,0.05166666666666668,0.06468830022177297
14,16,0;3;5,0.19050901746157745,0.04485436893203884,0.05452990490346528
14,17,0;3;6,0.2524786134754638,0.07616666666666669,0.058059974775679715
14,18,0;3;7,0.23127848755612046,0.0524561403508772,0.05557031106504756
14,19,0;3;8,0.2573977879306178,0.05860696517412936,0.06566802930086008
14,20,0;3;9,0.2267479656249651,0.056825396825396834,0.06577131681077819
14,21,0;4;5,0.21796220824860868,0.04843853820598008,0.06440962946927965
14,22,0;4;6,0.2590611085631535,0.05611111111111112,0.06774155164893875
14,23,0;4;7,0.2459064931948273,0.05261904761904763,0.06479466062831499
14,24,0;4;8,0.2995853975290824,0.0549377593360996,0.0751335437630842
14,25,0;4;9,0.2515488414413909,0.05126436781609195,0.0751638929326875
14,26,0;5;6,0.20564607311971067,0.05049808429118775,0.06496330725359795
14,27,0;5;7,0.21539591345746817,0.04704318936877078,0.06296393985960475
14,28,0;5;8,0.20975415440680373,0.04952702702702704,0.06517492693940666
14,29,0;5;9,0.21913557656065774,0.04670588235294118,0.06550015762000469
14,30,0;6;7,0.2604233482982184,0.05822916666666668,0.06297267586467778
14,31,0;6;8,0.2310027037963341,0.05990049751243783,0.06879756211584144
14,32,0;6;9,0.2398248441589088,0.06266666666666668,0.06911582872098679
14,33,0;7;8,0.22624312381350162,0.05369294605809131,0.06595439229544883
14,34,0;7;9,0.231841123489671,0.05126436781609196,0.06630601930619648
14,35,0;8;9,0.23765719858360637,0.05201492537313434,0.07658772657475893
14,36,1;2;3,0.26386710249445355,0.06042857142857143,0.05846720919338514
14,37,1;2;4,0.31347629210007955,0.052500000000000005,0.0644617967534317
14,38,1;2;5,0.19533161854379266,0.04586206896551725,0.05721797254360211
14,39,1;2;6,0.246006199498766,0.05642857142857144,0.05958982315924926
14,40,1;2;7,0.22741298875958482,0.04448275862068967,0.05622612720481312
14,41,1;2;8,0.2898075660136974,0.054761904761904776,0.06479584760587269
14,42,1;2;9,0.2882311183172873,0.05,0.06434443876324517
14,43,1;3;4,0.2684759407040006,0.05317073170731708,0.0626571189899616
14,44,1;3;5,0.16376565880440352,0.045769230769230784,0.05251711309080198
14,45,1;3;6,0.24002512204005633,0.07316666666666667,0.05605779966079693
14,46,1;3;7,0.21095113106508248,0.050363636363636374,0.0535279706084725
14,47,1;3;8,0.24530429328267167,0.05833333333333335,0.06371194571694744
14,48,1;3;9,0.2600071695826547,0.05317073170731708,0.06352950962975251
14,49,1;4;5,0.20781677956918782,0.04790513833992096,0.057831166356184543
14,50,1;4;6,0.2618613508817135,0.05414634146341464,0.060994597902055185
14,51,1;4;7,0.24157520019637785,0.04940711462450594,0.058170037521967824
14,52,1;4;8,0.2971706747319219,0.05463414634146343,0.06856123628839247
14,53,1;4;9,0.288843710073753,0.04625,0.06806697862080331
14,54,1;5;6,0.20155413446239662,0.0490909090909091,0.05770514907265753
14,55,1;5;7,0.2136610105085107,0.046637931034482764,0.055791076986854184
14,56,1;5;8,0.20380473954156159,0.04875000000000001,0.058546790826526834
14,57,1;5;9,0.20734784008745458,0.04534296028880867,0.058251223602474166
14,58,1;6;7,0.2540083916854182,0.054555555555555565,0.05581498223092708
14,59,1;6;8,0.24063567980571693,0.05755555555555557,0.062100272299272834
14,60,1;6;9,0.2741876196392714,0.05733333333333335,0.06176432615903975
14,61,1;7;8,0.22844432585982877,0.05105769230769232,0.05927293902889911
14,62,1;7;9,0.24268647173478083,0.047351778656126484,0.059173648367076254
14,63,1;8;9,0.2767462688086085,0.04837944664031621,0.06942867483446113
14,64,2;3;4,0.26549213217160356,0.04775,0.06101229966691728
14,65,2;3;5,0.14821860947682153,0.04175609756097562,0.053928896265739115
14,66,2;3;6,0.19381239689362056,0.05216666666666667,0.05614092062276404
14,67,2;3;7,0.17485165615896453,0.03921951219512196,0.052997479570095825
14,68,2;3;8,0.24324703001413941,0.05006896551724139,0.060999686834483605
14,69,2;3;9,0.243297141444525,0.04751219512195122,0.061090607951651756
14,70,2;4;5,0.20231464828138285,0.045079365079365094,0.06463280963076434
14,71,2;4;6,0.24533483852167878,0.046875,0.06716176203869914
14,72,2;4;7,0.22977211734974387,0.04282926829268293,0.0635728006454351
14,73,2;4;8,0.29463245278346617,0.050196078431372554,0.07229846489981281
14,74,2;4;9,0.2873368239097439,0.04436781609195403,0.07261653587894124
14,75,2;5;6,0.1831096274280348,0.044727272727272734,0.0647328396502679
14,76,2;5;7,0.1964997442216763,0.04142857142857144,0.062458968458668794
14,77,2;5;8,0.19841560522568188,0.04558139534883722,0.06519392825676101
14,78,2;5;9,0.1948985160608024,0.04250000000000001,0.06571772015946559
14,79,2;6;7,0.21010238712122586,0.04303030303030304,0.06196763129418276
14,80,2;6;8,0.22688531683814314,0.04868965517241379,0.0676890391509132
14,81,2;6;9,0.24557079065840254,0.05090909090909092,0.0682035913717945
14,82,2;7;8,0.21888595836924848,0.04325581395348838,0.064173062015916
14,83,2;7;9,0.22021487582871596,0.042343750000000006,0.06466538451707808
14,84,2;8;9,0.2715949570252916,0.04620689655172415,0.07309031615365008
14,85,3;4;5,0.18195799947624736,0.04586956521739131,0.05490927730497165
14,86,3;4;6,0.22887216964148782,0.05098039215686275,0.05795066915860748
14,87,3;4;7,0.20929335776572877,0.045396825396825415,0.055350517605371664
14,88,3;4;8,0.26917228157465367,0.05213793103448277,0.06525460583441306
14,89,3;4;9,0.2714797818819784,0.04666666666666667,0.065328512025939
14,90,3;5;6,0.16930451199552393,0.046214689265536735,0.05417641550856011
14,91,3;5;7,0.17735976860952535,0.04243902439024391,0.05237440954331963
14,92,3;5;8,0.17641015027623053,0.04633333333333334,0.055041496898992584
14,93,3;5;9,0.1982779637964892,0.04369863013698632,0.055192595010936076
14,94,3;6;7,0.23494103410343575,0.055968992248062024,0.05241001136921874
14,95,3;6;8,0.20527656974373698,0.05606060606060607,0.0585838227237872
14,96,3;6;9,0.26087139284226335,0.06573643410852714,0.05871672250174015
14,97,3;7;8,0.192854615571136,0.04987500000000001,0.055919514268902466
14,98,3;7;9,0.23558217539537477,0.052843137254901966,0.056238072130315314
14,99,3;8;9,0.2551385203320894,0.05105990783410139,0.06635410073777283
14,100,4;5;6,0.20430446396394697,0.04837209302325582,0.06461653803152174
14,101,4;5;7,0.2156468712905295,0.04571428571428572,0.06254594084998197
14,102,4;5;8,0.21775581655524226,0.04933333333333334,0.06534602261856856
14,103,4;5;9,0.2210911199862034,0.04583333333333334,0.06568374144446304
14,104,4;6;7,0.24294498646285234,0.05103030303030304,0.06232655857956909
14,105,4;6;8,0.24879229115252965,0.05250000000000001,0.06873108314958402
14,106,4;6;9,0.27552653938743477,0.051666666666666666,0.06904522620015167
14,107,4;7;8,0.23682708505136504,0.04988372093023257,0.06570582989057218
14,108,4;7;9,0.24980429441939891,0.048505747126436786,0.06605458883199586
14,109,4;8;9,0.29006815484786774,0.049047619047619055,0.07655774513766508
14,110,5;6;7,0.2029988473519075,0.04642424242424244,0.0630845014310597
14,111,5;6;8,0.20396289936588807,0.049411764705882356,0.06559012323398031
14,112,5;6;9,0.20873963809443513,0.047894736842105275,0.0662312149992803
14,113,5;7;8,0.21063856008898152,0.046060606060606066,0.06361093341661658
14,114,5;7;9,0.2202715433800258,0.04529644268774704,0.06420533925556982
14,115,5;8;9,0.2129935102059012,0.04671936758893281,0.06660704982764343
14,116,6;7;8,0.22494674979243162,0.05379844961240312,0.0635639095901305
14,117,6;7;9,0.2692751444306142,0.05782051282051283,0.06421627308675279
14,118,6;8;9,0.2516102102160469,0.05533333333333335,0.0702487008952215
14,119,7;8;9,0.23202750009188203,0.05102439024390245,0.0673734678948695
15,0,0;1;2,0.3839394070711427,0.056666666666666685,0.0854227716454955
15,1,0;1;3,0.33061562124748844,0.05644444444444445,0.08682774907410337
15,2,0;1;4,0.3692018081127049,0.0511520737327189,0.08667151334932324
15,3,0;1;5,0.38251420200356123,0.052995391705069145,0.08575362375199341
15,4,0;1;6,0.33418930694187476,0.05625000000000001,0.08048447521989055
15,5,0;1;7,0.3590555811067728,0.05461538461538463,0.08771741923610382
15,6,0;1;8,0.34249926537678843,0.05600000000000002,0.0849591847983362
15,7,0;1;9,0.39139596689878686,0.05410138248847928,0.06759938720482017
15,8,0;2;3,0.3844725545446365,0.05539170506912444,0.10571050586004718
15,9,0;2;4,0.4975899028050532,0.05958620689655174,0.10551469944836284
15,10,0;2;5,0.5126175488100388,0.06449612403100775,0.09993343449230582
15,11,0;2;6,0.35931381308291277,0.05487804878048781,0.09125274856860102
15,12,0;2;7,0.37367156053069195,0.05691542288557215,0.10656134191255696
15,13,0;2;8,0.38095418621723687,0.05621621621621622,0.10347543110439736
15,14,0;2;9,0.4159725832204645,0.05722222222222223,0.0682832272546586
15,15,0;3;4,0.3718552613125555,0.05211538461538462,0.10689835303361458
15,16,0;3;5,0.37675334193906457,0.053333333333333344,0.10097883173655198
15,17,0;3;6,0.3348719210145443,0.05585492227979276,0.09274272951503837
15,18,0;3;7,0.30214943616022794,0.05214285714285716,0.10766767808917349
15,19,0;3;8,0.3688026638235481,0.05437788018433181,0.1060163031806539
15,20,0;3;9,0.3299494748172123,0.04953846153846156,0.06970875273135604
15,21,0;4;5,0.48847465937041157,0.0595,0.10118335206576154
15,22,0;4;6,0.35434638199279483,0.049782608695652195,0.09308643410952748
15,23,0;4;7,0.3454414212140763,0.05045643153526973,0.10752780011879409
15,24,0;4;8,0.37043117248507007,0.04982456140350879,0.10468041028162167
15,25,0;4;9,0.38828939751894365,0.04901185770750989,0.07010145915740366
15,26,0;5;6,0.32539503606259046,0.05253886010362696,0.0935028571917543
15,27,0;5;7,0.38106493654961027,0.05463636363636364,0.10137893747498658
15,28,0;5;8,0.3831755532862883,0.053333333333333344,0.098794765449011
15,29,0;5;9,0.4322343199139699,0.05365853658536586,0.06913058009125791
15,30,0;6;7,0.31557207770992174,0.05645833333333334,0.0930771094535942
15,31,0;6;8,0.34865619493183037,0.05762711864406781,0.09072008939938725
15,32,0;6;9,0.34145259998509253,0.05293103448275863,0.0676872742556563
15,33,0;7;8,0.3258931698314833,0.05833333333333335,0.10547317621632349
15,34,0;7;9,0.4032996833855257,0.05590909090909092,0.07034439825369002
15,35,0;8;9,0.3538599973833554,0.055111111111111125,0.06798281161978736
15,36,1;2;3,0.3421846817897184,0.053942307692307706,0.09674206009108476
15,37,1;2;4,0.39583852077900994,0.057250000000000016,0.09627584679787092
15,38,1;2;5,0.40101711725192174,0.05700000000000001,0.09582776654154385
15,39,1;2;6,0.3163701619481568,0.05,0.08998829783992825
15,40,1;2;7,0.3716660491570105,0.05793103448275864,0.09744825222254513
15,41,1;2;8,0.3370941033339987,0.052083333333333336,0.0948821339788639
15,42,1;2;9,0.40430776704694665,0.06186046511627908,0.07100985624368393
15,43,1;3;4,0.3311614641233226,0.050691244239631346,0.09767457933242397
15,44,1;3;5,0.3410974184054959,0.053809523809523814,0.09733852053493253
15,45,1;3;6,0.29653055278041873,0.051818181818181826,0.09177709849407117
15,46,1;3;7,0.30266088133170443,0.052000000000000005,0.09884788286705543
15,47,1;3;8,0.3267184045644611,0.051428571428571435,0.09693208380446328
15,48,1;3;9,0.3290244558546991,0.052173913043478265,0.07240044669398674
15,49,1;4;5,0.39580779455451903,0.05626943005181348,0.09707146361295149
15,50,1;4;6,0.3093165996578184,0.04489626556016599,0.09174168548635331
15,51,1;4;7,0.3541156475692418,0.052916666666666674,0.0983856020592733
15,52,1;4;8,0.3274218082960125,0.04684824902723737,0.09587318300569657
15,53,1;4;9,0.3896259182277363,0.055760869565217405,0.07279256242844837
15,54,1;5;6,0.3075322899702464,0.04714285714285716,0.09220967018700413
15,55,1;5;7,0.36410545452021714,0.05200000000000001,0.09806191479298113
15,56,1;5;8,0.3396235947519269,0.048287671232876715,0.09555775380254566
15,57,1;5;9,0.39733481375605273,0.05395121951219513,0.0726970338477367
15,58,1;6;7,0.3038020901491247,0.051346153846153854,0.0924025649979902
15,59,1;6;8,0.3149258384861217,0.05326923076923078,0.09000498666530851
15,60,1;6;9,0.32382194380197366,0.04987551867219917,0.07133444399733906
15,61,1;7;8,0.31558439590223164,0.05446327683615821,0.09697461959155025
15,62,1;7;9,0.392033843219348,0.05931034482758621,0.07300682180451004
15,63,1;8;9,0.3356316529314151,0.052811059907834114,0.07062487999703518
15,64,2;3;4,0.37267900330776293,0.05144827586206897,0.12110786094976003
15,65,2;3;5,0.3800246055600719,0.055000000000000014,0.11585774826464025
15,66,2;3;6,0.3024388107731538,0.04912500000000001,0.10589652217595666
15,67,2;3;7,0.3260086440645219,0.05259615384615386,0.12162507017987831
15,68,2;3;8,0.36681814105558663,0.051310344827586216,0.12066406154304106
15,69,2;3;9,0.3435807588251027,0.05271929824561405,0.0730707153854463
15,70,2;4;5,0.49373112530222957,0.0632558139534884,0.11545518612547964
15,71,2;4;6,0.343671176368429,0.04662068965517242,0.10573537219175708
15,72,2;4;7,0.37578864162930803,0.0551219512195122,0.12083950382413403
15,73,2;4;8,0.3701804908729922,0.04901960784313726,0.11904181841393062
15,74,2;4;9,0.40533439145128,0.056538461538461544,0.0734340397859809
15,75,2;5;6,0.31973945952101374,0.05166666666666667,0.10641664500811257
15,76,2;5;7,0.39946735877111483,0.05766666666666668,0.11542045521469849
15,77,2;5;8,0.3770514436381963,0.053958333333333344,0.11386088941117478
15,78,2;5;9,0.43324312080187655,0.0585897435897436,0.07258343052343061
15,79,2;6;7,0.31167233644031933,0.0518918918918919,0.10553175631602672
15,80,2;6;8,0.3130283110175501,0.051818181818181826,0.10403489881169269
15,81,2;6;9,0.3321657308153098,0.051562500000000004,0.07126982560200998
15,82,2;7;8,0.3305469169292581,0.05487804878048781,0.11955090899420032
15,83,2;7;9,0.40543729671024487,0.06232558139534886,0.07367311526075024
15,84,2;8;9,0.3497176829988694,0.054222222222222234,0.07122305786175157
15,85,3;4;5,0.37370499767469373,0.052777777777777785,0.11680041070912195
15,86,3;4;6,0.30262510345812893,0.046875,0.10765885323712016
15,87,3;4;7,0.3242273107380424,0.052020725388601044,0.12199230284163104
15,88,3;4;8,0.3589861700471051,0.048846153846153845,0.12137447306870267
15,89,3;4;9,0.3353855696389657,0.04893280632411068,0.07478912763984508
15,90,3;5;6,0.2743943235167588,0.04904761904761906,0.10833464498492265
15,91,3;5;7,0.3303342340887238,0.05380952380952382,0.1161505314556877
15,92,3;5;8,0.36065599440626483,0.05057471264367816,0.1159374529693497
15,93,3;5;9,0.34421993297145576,0.05208333333333334,0.07418920878256619
15,94,3;6;7,0.27788305935003826,0.050967741935483875,0.10684542945958911
15,95,3;6;8,0.3171077606826854,0.05186206896551725,0.1065420382231884
15,96,3;6;9,0.2932437174595149,0.048013698630137,0.07285733979097965
15,97,3;7;8,0.3149731312984946,0.052538860103626954,0.12203773083630894
15,98,3;7;9,0.3232015282393435,0.05177865612648223,0.07501748111573023
15,99,3;8;9,0.33351509699911874,0.05003952569169961,0.07316297020498058
15,100,4;5;6,0.3071749280096379,0.047788461538461544,0.10827865111752964
15,101,4;5;7,0.37822891922192386,0.05428571428571429,0.1159135212735859
15,102,4;5;8,0.3707519621516189,0.04950819672131148,0.11479460468009214
15,103,4;5;9,0.41046208397595285,0.05385365853658538,0.07464986441780622
15,104,4;6;7,0.3053022318959286,0.04755760368663595,0.1068697786020014
15,105,4;6;8,0.31061978359341946,0.04639534883720931,0.10577574929295057
15,106,4;6;9,0.3209979416089289,0.0445977011494253,0.07332713416940406
15,107,4;7;8,0.3235413152076064,0.05014354066985647,0.11988420927564275
15,108,4;7;9,0.3714481992649653,0.053235294117647075,0.07548982404172144
15,109,4;8;9,0.3395932883028191,0.04750988142292491,0.07302817578042793
15,110,5;6;7,0.3244540651269239,0.052000000000000005,0.10790268064510275
15,111,5;6;8,0.2961985038159869,0.05060344827586208,0.10653128653597713
15,112,5;6;9,0.33316255782562687,0.05043103448275864,0.07332561832862812
15,113,5;7;8,0.34359881564688777,0.0538793103448276,0.11411764272784444
15,114,5;7;9,0.4053559997138382,0.055024390243902446,0.074912421616321
15,115,5;8;9,0.3606266031632113,0.05250000000000002,0.07244195558227573
15,116,6;7;8,0.3013251285551572,0.05559322033898306,0.10493668611316403
15,117,6;7;9,0.331423542343045,0.05236842105263159,0.07359375888801178
15,118,6;8;9,0.31461909484641765,0.05198275862068966,0.07108778525868127
15,119,7;8;9,0.34456345758776963,0.05616580310880831,0.07313714093267573
16,0,0;1;2,0.4451373089709641,0.06975609756097564,0.1767330001397514
16,1,0;1;3,0.5063153726818292,0.07783783783783788,0.19174820274930487
16,2,0;1;4,0.48789851250246635,0.06583333333333335,0.19128525070872668
16,3,0;1;5,0.4975203611251312,0.07341463414634149,0.19110504553657298
16,4,0;1;6,0.46618430974372405,0.07000000000000002,0.18150542204511677
16,5,0;1;7,0.5066573826633186,0.07316770186335404,0.1917623224464558
16,6,0;1;8,0.507278695768077,0.07492537313432837,0.19125594338881347
16,7,0;1;9,0.4811633546960576,0.07142857142857142,0.18268232849525243
16,8,0;2;3,0.4729836908622629,0.07440414507772022,0.17803590309760364
16,9,0;2;4,0.796556234950381,0.08031250000000001,0.17756773148427893
16,10,0;2;5,1.1425893223176893,0.09363636363636366,0.1773921712081959
16,11,0;2;6,0.4499264070473575,0.061707317073170745,0.17342001153220843
16,12,0;2;7,0.5214486129287852,0.07316770186335403,0.1780598476237985
16,13,0;2;8,1.1215596581905767,0.10170542635658916,0.17755605117385223
16,14,0;2;9,1.0992224102205859,0.10761904761904763,0.17005019858958065
16,15,0;3;4,0.5761169236997281,0.07245283018867928,0.19265387590355368
16,16,0;3;5,0.6272375917514608,0.09562500000000003,0.19245423116540167
16,17,0;3;6,0.5559092896505013,0.07783783783783785,0.18244723689676934
16,18,0;3;7,0.6041555219534518,0.0931707317073171,0.1931510597752204
16,19,0;3;8,0.6217399077021696,0.096,0.19262496726278044
16,20,0;3;9,0.583957780791635,0.08120000000000004,0.1838456572506293
16,21,0;4;5,0.648692732146969,0.06666666666666667,0.19236649798055763
16,22,0;4;6,0.5798124488756542,0.06583333333333335,0.18214876995789653
16,23,0;4;7,0.5990267799710187,0.06756097560975613,0.19268141717005
16,24,0;4;8,0.8260204118635559,0.07756097560975611,0.1924121220689253
16,25,0;4;9,0.8711994799950357,0.08344827586206896,0.1834203392230926
16,26,0;5;6,0.6593893300200209,0.0734146341463415,0.18193814856159846
16,27,0;5;7,0.6457268002576398,0.09083333333333334,0.19247980595048705
16,28,0;5;8,1.4204550813859664,0.10454545454545458,0.19230837524548333
16,29,0;5;9,1.2976048118358454,0.08937500000000001,0.18319475249582212
16,30,0;6;7,0.5608930830388484,0.07316770186335404,0.18264231876045992
16,31,0;6;8,0.6604531092487613,0.07297297297297298,0.18211272749027005
16,32,0;6;9,0.6501312626355841,0.07142857142857145,0.17783303710010273
16,33,0;7;8,0.6532769963912884,0.08931677018633541,0.19265898420117564
16,34,0;7;9,0.6183882408553564,0.07128205128205128,0.18379530887896336
16,35,0;8;9,1.3394305429524003,0.1052713178294574,0.1833485349325526
16,36,1;2;3,0.43648403178390116,0.06458333333333335,0.1811500498876516
16,37,1;2;4,0.5568678652377056,0.06666666666666668,0.1806452065295483
16,38,1;2;5,0.5287041453055024,0.06458333333333333,0.18039706443310666
16,39,1;2;6,0.5079743554233427,0.06363636363636366,0.1753703227862754
16,40,1;2;7,0.47148604547289086,0.05990384615384616,0.18116625619621823
16,41,1;2;8,0.5462356962128179,0.06571428571428573,0.180625553561162
16,42,1;2;9,0.5196506346643575,0.06800000000000002,0.172562529555411
16,43,1;3;4,0.5071429315100474,0.06645833333333334,0.1964643340786682
16,44,1;3;5,0.5142711506757207,0.0765898617511521,0.19617225168709845
16,45,1;3;6,0.4932358244124828,0.06949152542372883,0.1843859362646967
16,46,1;3;7,0.5242290645815502,0.07740932642487049,0.1969927420703704
16,47,1;3;8,0.5263614347025506,0.0751923076923077,0.1964294905554844
16,48,1;3;9,0.49960235673820114,0.06815789473684213,0.18678215450192437
16,49,1;4;5,0.48775820090171695,0.06666666666666668,0.19607479536846595
16,50,1;4;6,0.5488748204607228,0.07555555555555557,0.1840043584566033
16,51,1;4;7,0.5225434288291104,0.06293785310734465,0.19648570497502482
16,52,1;4;8,0.558894296834457,0.06375000000000003,0.19618909761700934
16,53,1;4;9,0.5397549765374239,0.06309523809523811,0.18629016995860193
16,54,1;5;6,0.5298002815898706,0.07272727272727274,0.1837422443236577
16,55,1;5;7,0.5216942173454908,0.07600000000000003,0.1961867874882644
16,56,1;5;8,0.572788796115837,0.07000000000000002,0.19600092348313872
16,57,1;5;9,0.5398519937240331,0.0628846153846154,0.18596943470212013
16,58,1;6;7,0.5065504740991431,0.06821428571428573,0.1845372825259453
16,59,1;6;8,0.5563315303647199,0.06312500000000001,0.18397190859544466
16,60,1;6;9,0.511454073369301,0.06305084745762712,0.1797037134905755
16,61,1;7;8,0.5395507554448112,0.07036363636363638,0.19645379851066935
16,62,1;7;9,0.5080231249206197,0.06097560975609757,0.1867320399033914
16,63,1;8;9,0.5620715110796468,0.06945454545454548,0.18622650678170571
16,64,2;3;4,0.4838940088381655,0.06057692307692309,0.1940533561444146
16,65,2;3;5,0.5062963119135696,0.07474654377880187,0.19358245438351027
16,66,2;3;6,0.3977084268591576,0.056682027649769595,0.18487900947507652
16,67,2;3;7,0.5087157826274303,0.07222797927461141,0.19482833898083946
16,68,2;3;8,0.5143160721919166,0.07458333333333335,0.19423499133737887
16,69,2;3;9,0.44511595530540093,0.06458333333333335,0.18284412618469548
16,70,2;4;5,0.6138013642519701,0.06341463414634146,0.19360462603247636
16,71,2;4;6,0.5489454550991296,0.06310077519379845,0.1841698749703273
16,72,2;4;7,0.5307269745578249,0.05875647668393783,0.1941682863178666
16,73,2;4;8,0.7189791390398415,0.06634146341463415,0.19388568797697636
16,74,2;4;9,0.8708314483757097,0.07942857142857143,0.18211805556841038
16,75,2;5;6,0.5459916380082036,0.05714285714285716,0.18380294956250454
16,76,2;5;7,0.5537720753376152,0.07600000000000001,0.19368360310911623
16,77,2;5;8,1.2049322125387227,0.09303030303030307,0.19349397236915195
16,78,2;5;9,1.1987533624288331,0.08425000000000002,0.1816618037247157
16,79,2;6;7,0.42591421641220084,0.05196428571428573,0.18492114865657822
16,80,2;6;8,0.5585564826474978,0.059583333333333335,0.18433198674431153
16,81,2;6;9,0.47628800747091876,0.061333333333333344,0.17857408478464565
16,82,2;7;8,0.5637096534550374,0.07566666666666667,0.19436979224737083
16,83,2;7;9,0.5018289594433206,0.06097560975609759,0.18291232710389838
16,84,2;8;9,1.1763996008755286,0.09310344827586209,0.18232059646058985
16,85,3;4;5,0.5781592515095827,0.07471698113207548,0.21100374055772175
16,86,3;4;6,0.5295700222275825,0.06645833333333334,0.1929446099205952
16,87,3;4;7,0.6122600146684587,0.07770833333333335,0.21168663442623412
16,88,3;4;8,0.6238314997391339,0.078125,0.21139133101650043
16,89,3;4;9,0.5565913454694145,0.06766666666666668,0.19704845017492897
16,90,3;5;6,0.563803073284465,0.07658986175115211,0.19256667446651834
16,91,3;5;7,0.6733590679046058,0.11146341463414636,0.2110888703687101
16,92,3;5;8,0.6640704739859201,0.09437837837837838,0.21089184513809725
16,93,3;5;9,0.5983800826868129,0.07298507462686568,0.19649437282049673
16,94,3;6;7,0.5630429883866019,0.07740932642487049,0.1937072745712135
16,95,3;6;8,0.5522535900968617,0.07066666666666668,0.19309975904303428
16,96,3;6;9,0.5571275798916335,0.06815789473684213,0.18818065858623956
16,97,3;7;8,0.6569071357986295,0.09480225988700566,0.21189114953705482
16,98,3;7;9,0.5867409587827047,0.06965517241379311,0.19786104008087324
16,99,3;8;9,0.5916914390905927,0.08008771929824562,0.19725332912780325
16,100,4;5;6,0.5329266416351561,0.06666666666666668,0.19258718715607837
16,101,4;5;7,0.5840767538166657,0.0726829268292683,0.2111335218576217
16,102,4;5;8,0.6837711210075278,0.07170731707317074,0.2109573375964977
16,103,4;5;9,0.6329185388604477,0.06272727272727274,0.19650126503370963
16,104,4;6;7,0.5439755935972911,0.06293785310734465,0.1930404157258082
16,105,4;6;8,0.6347262489973459,0.0632768361581921,0.1927571671734936
16,106,4;6;9,0.5971037144045572,0.06309523809523812,0.18745862522657591
16,107,4;7;8,0.6460827308125201,0.07514124293785311,0.21153430018243538
16,108,4;7;9,0.5863422280384604,0.06195652173913044,0.19708840790916105
16,109,4;8;9,0.8220113097052966,0.07369565217391306,0.1968263177912141
16,110,5;6;7,0.5693059131196889,0.07600000000000001,0.1926513170172391
16,111,5;6;8,0.7161971605616227,0.06458333333333335,0.19247225476686164
16,112,5;6;9,0.6782554500740412,0.06288461538461539,0.18707885662275517
16,113,5;7;8,0.6948097498932474,0.0937888198757764,0.2110261656220439
16,114,5;7;9,0.6300383448057558,0.06725490196078433,0.19652560825388207
16,115,5;8;9,1.4105211129521342,0.08825000000000001,0.19638341030047868
16,116,6;7;8,0.565942236434386,0.06500000000000002,0.19320157344735456
16,117,6;7;9,0.5615011320714679,0.06097560975609757,0.18822709875300853
16,118,6;8;9,0.6855208082524505,0.07046632124352332,0.1876138123215156
16,119,7;8;9,0.6347131660318158,0.07112195121951222,0.19731047195303608
17,0,0;1;2,0.7042760644570103,0.08220689655172415,0.11498778509380929
17,1,0;1;3,0.3313765530116507,0.05108771929824561,0.11570017573269012
17,2,0;1;4,0.6641307087430726,0.08759689922480624,0.11564087414638259
17,3,0;1;5,0.272707480365272,0.05122529644268775,0.11569007762071219
17,4,0;1;6,0.6052897334094421,0.08262499999999999,0.07889040918655718
17,5,0;1;7,0.3051603707891607,0.06419512195121951,0.11572197790923193
17,6,0;1;8,0.5698936487517532,0.07655172413793106,0.11516691639364252
17,7,0;1;9,0.5866936423971505,0.05918181818181818,0.10788264290999197
17,8,0;2;3,0.4156750494913982,0.0549107142857143,0.1346400674420246
17,9,0;2;4,0.7187634588821419,0.08883720930232557,0.13450976959412939
17,10,0;2;5,0.382454899220837,0.05299539170506913,0.13468359948205227
17,11,0;2;6,0.6848952079372477,0.08604651162790698,0.09832049843007437
17,12,0;2;7,0.4380481713872342,0.07166666666666667,0.13470378198588856
17,13,0;2;8,0.6445459114715331,0.07818181818181819,0.13301299545679734
17,14,0;2;9,0.6597349049784395,0.060000000000000005,0.12680486240955774
17,15,0;3;4,0.37809050653770915,0.052918287937743204,0.13520224025089472
17,16,0;3;5,0.36712255603609956,0.05122529644268775,0.13532687615534708
17,17,0;3;6,0.35139311699069425,0.051263537906137205,0.09855639035559013
17,18,0;3;7,0.3720529975165776,0.054545454545454564,0.13536785507448845
17,19,0;3;8,0.3971548400526995,0.054137931034482764,0.13368015578224562
17,20,0;3;9,0.3874567476927213,0.05184905660377359,0.1274779959633152
17,21,0;4;5,0.3683285532174187,0.05631336405529955,0.13512007626105269
17,22,0;4;6,0.6221205905778161,0.08896551724137934,0.09844190913657137
17,23,0;4;7,0.425806233975634,0.07726708074534162,0.135203221482046
17,24,0;4;8,0.597541192185017,0.07931034482758621,0.13346693990452108
17,25,0;4;9,0.5842521156851865,0.06358208955223882,0.12730893958194214
17,26,0;5;6,0.3211484159378578,0.052142857142857144,0.09857469291582709
17,27,0;5;7,0.38381994448949064,0.05990909090909092,0.13538010857521832
17,28,0;5;8,0.3531048696292009,0.056787564766839396,0.1336981006951277
17,29,0;5;9,0.35949086035587013,0.05214285714285715,0.12749500468379835
17,30,0;6;7,0.37562000644470905,0.06865384615384616,0.09858779591808622
17,31,0;6;8,0.5873521741811621,0.07647058823529411,0.09690092264793045
17,32,0;6;9,0.528107509556228,0.05402489626556017,0.0894540513844069
17,33,0;7;8,0.380506633032478,0.06466321243523318,0.13371854962178198
17,34,0;7;9,0.4041644959746211,0.06300000000000001,0.12753225532065585
17,35,0;8;9,0.5711431895431318,0.05596153846153847,0.1258445502624752
17,36,1;2;3,0.3789112178680237,0.05460000000000001,0.11843918287783271
17,37,1;2;4,0.718693332483968,0.09583333333333333,0.11842194513419299
17,38,1;2;5,0.3352665798197324,0.054347826086956534,0.1184435201766276
17,39,1;2;6,0.8981320319634956,0.09343749999999998,0.08113036996325586
17,40,1;2;7,0.3902417667504511,0.06896551724137932,0.11846663106285593
17,41,1;2;8,0.6107865592868165,0.08628571428571431,0.11791417353222333
17,42,1;2;9,0.5849449588657429,0.055961538461538465,0.11069696676393513
17,43,1;3;4,0.36139338765390816,0.055400000000000005,0.11914497486490774
17,44,1;3;5,0.30985790515181966,0.048500000000000015,0.11916216690186092
17,45,1;3;6,0.26378668082246015,0.047625,0.08141325492331102
17,46,1;3;7,0.3167999430686982,0.05395121951219513,0.11919979327439387
17,47,1;3;8,0.3654454838661235,0.05541463414634147,0.11864317692245466
17,48,1;3;9,0.31258407076525263,0.04573333333333335,0.11144171147629545
17,49,1;4;5,0.3045985847126028,0.057441860465116276,0.11913138147477295
17,50,1;4;6,0.6553749966919974,0.09593750000000002,0.08140448140153428
17,51,1;4;7,0.35150074930717445,0.0736434108527132,0.11914490257800592
17,52,1;4;8,0.5894760293855842,0.08571428571428573,0.11859073045923214
17,53,1;4;9,0.5344288875921948,0.05862745098039217,0.11138266971932011
17,54,1;5;6,0.21335272343387346,0.05014925373134328,0.0814028760607422
17,55,1;5;7,0.3136607964566421,0.054603174603174605,0.11917702617707081
17,56,1;5;8,0.3128626450655215,0.057818181818181824,0.11861895887772424
17,57,1;5;9,0.2676992309889775,0.04458333333333334,0.11141973589758042
17,58,1;6;7,0.27279552803222784,0.06696078431372551,0.08141386232353731
17,59,1;6;8,0.5192132462933671,0.07962499999999999,0.08085957275193101
17,60,1;6;9,0.450241673392053,0.05194029850746268,0.07212768811736366
17,61,1;7;8,0.332671910718361,0.06275000000000001,0.11866201821445899
17,62,1;7;9,0.3013840689140569,0.05554545454545455,0.11146140695466993
17,63,1;8;9,0.5097922084128665,0.05336363636363638,0.11090656543906051
17,64,2;3;4,0.4538029782860988,0.0561904761904762,0.1382053150861973
17,65,2;3;5,0.4302099093294443,0.05104651162790699,0.1383109251643145
17,66,2;3;6,0.3702100347019296,0.053055555555555564,0.10103633589099052
17,67,2;3;7,0.4331304371273178,0.058181818181818196,0.13834500967606542
17,68,2;3;8,0.4289181133921098,0.05651162790697676,0.13664488616604722
17,69,2;3;9,0.3828319926336428,0.04780082987551868,0.13050990120618322
17,70,2;4;5,0.4853471601407697,0.05843137254901961,0.13811891807381618
17,71,2;4;6,0.8229492471444235,0.10958333333333337,0.10091556585789516
17,72,2;4;7,0.6056037620241267,0.08761904761904762,0.13821241435710835
17,73,2;4;8,0.6278541885220037,0.0876190476190476,0.1364623060927429
17,74,2;4;9,0.5798974087426523,0.05681592039800995,0.13037460492192476
17,75,2;5;6,0.38099064027156326,0.05440414507772022,0.10105991810968452
17,76,2;5;7,0.4962574035968772,0.05887500000000001,0.13837146465094968
17,77,2;5;8,0.3896059732418535,0.05944827586206898,0.13667783362877833
17,78,2;5;9,0.35247299858322984,0.044523809523809535,0.13054264652660535
17,79,2;6;7,0.5125453145765468,0.085,0.10107163105077624
17,80,2;6;8,0.5990190478939975,0.08325581395348838,0.09937027750331445
17,81,2;6;9,0.5340055159411573,0.053179723502304155,0.09179374154261088
17,82,2;7;8,0.41639909787588325,0.06786206896551725,0.13668972410968294
17,83,2;7;9,0.39820534509685257,0.05609090909090911,0.13057183784525137
17,84,2;8;9,0.5912678689026538,0.05365384615384616,0.12887099614163647
17,85,3;4;5,0.3980666954198336,0.04897560975609757,0.1388360522287626
17,86,3;4;6,0.34060716483060793,0.05056451612903226,0.10119484601276814
17,87,3;4;7,0.4003608151631799,0.05619565217391306,0.13893705015928573
17,88,3;4;8,0.3846481012340154,0.05414634146341464,0.13719222095461148
17,89,3;4;9,0.3530516468809286,0.045507246376811604,0.13110974391689142
17,90,3;5;6,0.31703459800266526,0.04505415162454875,0.10128451852886321
17,91,3;5;7,0.4245968550570587,0.053333333333333344,0.13904348438894823
17,92,3;5;8,0.3787127728930007,0.053333333333333344,0.1373551882878446
17,93,3;5;9,0.3388746590046975,0.047126436781609216,0.13122182782579583
17,94,3;6;7,0.3225068547225324,0.05281250000000001,0.10131252538659768
17,95,3;6;8,0.3272113459354016,0.04909747292418773,0.09961543786705171
17,96,3;6;9,0.3039679042322697,0.04240000000000001,0.0919463433562388
17,97,3;7;8,0.3794132948903793,0.055555555555555566,0.13739252280179462
17,98,3;7;9,0.3402278501638766,0.04947761194029851,0.13127655176378739
17,99,3;8;9,0.38437907448333924,0.048656716417910445,0.12957911595666613
17,100,4;5;6,0.3929799360096238,0.0589637305699482,0.10109888005061665
17,101,4;5;7,0.4863546163506672,0.0637241379310345,0.1388353157989375
17,102,4;5;8,0.35741662128791263,0.05987500000000001,0.13710208310277378
17,103,4;5;9,0.33945009246713503,0.04666666666666667,0.13100844529658306
17,104,4;6;7,0.5412324003775013,0.094375,0.10119631126322909
17,105,4;6;8,0.5420389155141905,0.08482758620689658,0.0994492616454897
17,106,4;6;9,0.4408076418600314,0.052128514056224914,0.0918251762491921
17,107,4;7;8,0.3799611555530683,0.06786206896551726,0.13719206547719226
17,108,4;7;9,0.3881042178398643,0.06068627450980392,0.13111090198232828
17,109,4;8;9,0.5309563955403902,0.05258333333333334,0.12936405666499748
17,110,5;6;7,0.38565529922266967,0.060192307692307705,0.10132457901348371
17,111,5;6;8,0.2898424340614479,0.055207373271889404,0.09963416324133334
17,112,5;6;9,0.271875290016024,0.04018018018018019,0.0919704884388801
17,113,5;7;8,0.38261596233325745,0.0611764705882353,0.1373901164664288
17,114,5;7;9,0.3520657771248938,0.0511904761904762,0.13127512995667076
17,115,5;8;9,0.3412844045007045,0.048333333333333346,0.12958426949343446
17,116,6;7;8,0.32480522725028554,0.06480769230769232,0.09963526020531101
17,117,6;7;9,0.31347789620015853,0.04993333333333334,0.09198464506837983
17,118,6;8;9,0.488969306080308,0.04770833333333333,0.09028555643118061
17,119,7;8;9,0.3636629844729967,0.05261904761904763,0.12961643003154769
18,0,0;1;2,0.23102682178479547,0.05138755980861245,0.11080113049745328
18,1,0;1;3,0.28960841553440964,0.05712418300653596,0.11142914453487796
18,2,0;1;4,0.29037692444075813,0.05490196078431373,0.11097310551327375
18,3,0;1;5,0.23529316474286524,0.0532608695652174,0.09095022277218316
18,4,0;1;6,0.2874187366440603,0.05304347826086957,0.11160137433524306
18,5,0;1;7,0.2651278030912759,0.04931034482758622,0.10957699182544696
18,6,0;1;8,0.28255221301162514,0.05435897435897437,0.11133330803876935
18,7,0;1;9,0.24692546611494842,0.054576271186440685,0.09930989198265078
18,8,0;2;3,0.2338220076445779,0.05900621118012424,0.11137598822228706
18,9,0;2;4,0.2293856341859416,0.05222222222222223,0.11119263972138661
18,10,0;2;5,0.1865553494947507,0.05102439024390244,0.09086335470395208
18,11,0;2;6,0.2355815712508716,0.0501923076923077,0.11145541427933131
18,12,0;2;7,0.2161428383573114,0.046640316205533605,0.10957152219872786
18,13,0;2;8,0.22543241547295473,0.047884615384615394,0.11120207119812965
18,14,0;2;9,0.1946634510438272,0.05409326424870466,0.09930885452828084
18,15,0;3;4,0.28745265203223785,0.05906976744186046,0.11156931550348273
18,16,0;3;5,0.2438052359282922,0.056000000000000015,0.09152138697130045
18,17,0;3;6,0.28987958930313823,0.056689655172413804,0.11209179414956676
18,18,0;3;7,0.259462752191498,0.05346153846153846,0.11009217793220925
18,19,0;3;8,0.2804045381776312,0.05350000000000001,0.11179167461219376
18,20,0;3;9,0.25606277668618554,0.06000000000000001,0.09996416905377449
18,21,0;4;5,0.23288316043784474,0.05325000000000001,0.09108773846198515
18,22,0;4;6,0.292830513142172,0.05953488372093024,0.11167359699482438
18,23,0;4;7,0.2701276029627278,0.055555555555555566,0.10972722167025221
18,24,0;4;8,0.2887843630615274,0.053517241379310354,0.11138203559038161
18,25,0;4;9,0.2433180332071368,0.05793103448275863,0.09953114259645812
18,26,0;5;6,0.23863120838301558,0.05290697674418607,0.0916988850458671
18,27,0;5;7,0.20602500892597453,0.04833333333333334,0.08968025044709625
18,28,0;5;8,0.22645464492452616,0.054625000000000014,0.09138545096445744
18,29,0;5;9,0.24820549913506462,0.06000000000000001,0.09059933573832205
18,30,0;6;7,0.2636655213929214,0.05463414634146342,0.11028183486498504
18,31,0;6;8,0.2904806933143215,0.053250000000000006,0.11198538670545924
18,32,0;6;9,0.24822329159804232,0.05793103448275863,0.10015034738226226
18,33,0;7;8,0.2626053066323318,0.05,0.11009801796495453
18,34,0;7;9,0.21574149270574652,0.053333333333333344,0.09812446540053989
18,35,0;8;9,0.2368291023656841,0.05686274509803923,0.09982838908495767
18,36,1;2;3,0.34871460266814774,0.05908496732026144,0.17776951122760953
18,37,1;2;4,0.35238492807548927,0.05515151515151516,0.17759263619068183
18,38,1;2;5,0.23368691316774481,0.04671936758893282,0.13930528970054723
18,39,1;2;6,0.3112071821098271,0.047984189723320164,0.17753350465348697
18,40,1;2;7,0.336679694429318,0.05073170731707318,0.1759756257014761
18,41,1;2;8,0.35179112373892674,0.05174418604651164,0.17756244782684835
18,42,1;2;9,0.23700857995741836,0.04671698113207548,0.14166328466491993
18,43,1;3;4,0.4413328233028736,0.06333333333333334,0.17792198426782252
18,44,1;3;5,0.29215387776194146,0.051746031746031755,0.13991576419951918
18,45,1;3;6,0.3884461327530009,0.056000000000000015,0.17801955900635358
18,46,1;3;7,0.41291049974204136,0.05818181818181819,0.17645029216041289
18,47,1;3;8,0.440149724508654,0.05883333333333334,0.17812094865707967
18,48,1;3;9,0.2975744843934466,0.05255555555555557,0.142272107493222
18,49,1;4;5,0.29063457708483015,0.04952380952380953,0.13947780347142374
18,50,1;4;6,0.386965197503629,0.05636363636363636,0.17770184396961805
18,51,1;4;7,0.42565521005728424,0.0570909090909091,0.17608873338461598
18,52,1;4;8,0.44599420462545264,0.05716666666666668,0.17771194599343315
18,53,1;4;9,0.29727573401217317,0.05135416666666668,0.1418349381474945
18,54,1;5;6,0.2862549199405118,0.0485,0.13990092440404076
18,55,1;5;7,0.2605680504621974,0.044583333333333336,0.13807648417247537
18,56,1;5;8,0.28800323050375404,0.05302325581395349,0.13978500869341892
18,57,1;5;9,0.2907545898019517,0.0533658536585366,0.1330341081212679
18,58,1;6;7,0.35093357356895283,0.05200000000000002,0.17631173248243706
18,59,1;6;8,0.38989333488585104,0.054883720930232575,0.17798399163749493
18,60,1;6;9,0.29689706689771367,0.05170731707317074,0.1424046728154715
18,61,1;7;8,0.4218480215664544,0.053488372093023255,0.17642737901072258
18,62,1;7;9,0.2652497665640658,0.046931407942238275,0.14043369950317727
18,63,1;8;9,0.29506624749425814,0.05511904761904763,0.14214626618406273
18,64,2;3;4,0.378445505809003,0.0723809523809524,0.17966710707872746
18,65,2;3;5,0.26339027917960145,0.05706521739130436,0.14040650623985762
18,66,2;3;6,0.3151656689391228,0.05316062176165803,0.17926039859086126
18,67,2;3;7,0.3406097739120797,0.05597826086956523,0.17801772093226012
18,68,2;3;8,0.3717691958183831,0.059285714285714296,0.17964791464827976
18,69,2;3;9,0.2695335734921538,0.06075000000000002,0.14288487506250583
18,70,2;4;5,0.253745858732497,0.05053658536585367,0.1402570068723603
18,71,2;4;6,0.31847732556985797,0.054888888888888904,0.1792973862110902
18,72,2;4;7,0.3434594622476269,0.05636363636363638,0.17790933987805266
18,73,2;4;8,0.37624294763300653,0.057000000000000016,0.1795204734566833
18,74,2;4;9,0.2629898012380215,0.05632432432432434,0.14273726967529482
18,75,2;5;6,0.2463867129576345,0.04798418972332016,0.14024594080359065
18,76,2;5;7,0.229567515232255,0.04583333333333334,0.1386312892643879
18,77,2;5;8,0.2507216567344065,0.051274509803921585,0.1402634556887511
18,78,2;5;9,0.27067102894003636,0.05656862745098039,0.133460805816748
18,79,2;6;7,0.3109124665158484,0.049644268774703564,0.1776871862314749
18,80,2;6;8,0.32226838094996413,0.0501923076923077,0.17931617841282174
18,81,2;6;9,0.2557295059175997,0.05216589861751153,0.14291015464951143
18,82,2;7;8,0.352981635881957,0.05383720930232559,0.17801499179888103
18,83,2;7;9,0.23828771117268663,0.04947761194029851,0.14111239322536376
18,84,2;8;9,0.259364474170467,0.05458333333333334,0.14274433964847097
18,85,3;4;5,0.3091984559134287,0.055294117647058834,0.14060645544079686
18,86,3;4;6,0.3862085615734561,0.061395348837209304,0.17944988265079867
18,87,3;4;7,0.4565511240104049,0.0688372093023256,0.17815525470222576
18,88,3;4;8,0.47134025129428236,0.0620952380952381,0.1798088483934073
18,89,3;4;9,0.3176174168192063,0.0587878787878788,0.14308211306215793
18,90,3;5;6,0.28641168351059965,0.05174603174603175,0.1407505064738297
18,91,3;5;7,0.2775848423563773,0.05023809523809525,0.13912616535510278
18,92,3;5;8,0.3043428784549232,0.05562500000000001,0.14082734070548858
18,93,3;5;9,0.32035718492307214,0.06055172413793104,0.1340875978141884
18,94,3;6;7,0.3525930901382486,0.05647058823529413,0.1779893946937528
18,95,3;6;8,0.38774308970052723,0.054750000000000014,0.17968715631360402
18,96,3;6;9,0.2966748903303764,0.05537500000000001,0.14345026165627595
18,97,3;7;8,0.44741906773264223,0.05850000000000002,0.1784515080645169
18,98,3;7;9,0.2868571964610511,0.054009216589861755,0.14160230187628645
18,99,3;8;9,0.3124030577427535,0.057793103448275866,0.14330308570125697
18,100,4;5;6,0.3065694832128415,0.05672727272727274,0.14047340721231547
18,101,4;5;7,0.2911175726149451,0.05361111111111112,0.13879755428895935
18,102,4;5;8,0.3130285318248526,0.056275862068965524,0.14045389959143492
18,103,4;5;9,0.32310432700865194,0.05937500000000001,0.13368997304965627
18,104,4;6;7,0.3776757361303883,0.06692307692307693,0.17785840470528302
18,105,4;6;8,0.40544682735759396,0.06201550387596899,0.1795111128242556
18,106,4;6;9,0.3220556809397228,0.06573643410852714,0.14313456146104017
18,107,4;7;8,0.4603394033056706,0.06434108527131785,0.1781583567165356
18,108,4;7;9,0.30700830147951325,0.0638888888888889,0.14127622483982838
18,109,4;8;9,0.32790045380305566,0.06242424242424243,0.14293220625791572
18,110,5;6;7,0.2773518694313459,0.05195402298850575,0.13908575232878373
18,111,5;6;8,0.3027228884684494,0.05467391304347827,0.14079003460426454
18,112,5;6;9,0.3116965442791857,0.05825581395348838,0.13420763286644588
18,113,5;7;8,0.28848102467009673,0.05305555555555556,0.13916988414021503
18,114,5;7;9,0.29203606400482374,0.05500000000000001,0.13228233027084646
18,115,5;8;9,0.31731153942341017,0.0615686274509804,0.13399091502301738
18,116,6;7;8,0.3761840980703836,0.05913043478260871,0.17824275118250524
18,117,6;7;9,0.2923574412789845,0.060975609756097573,0.141744620074791
18,118,6;8;9,0.31819618966517593,0.0607843137254902,0.14344843954600076
18,119,7;8;9,0.3028756104836897,0.0594818652849741,0.1416479083512099
19,0,0;1;2,0.8641063660428452,0.08212121212121212,0.2189728316364603
19,1,0;1;3,1.4051108962689545,0.08575757575757578,0.21997648824018456
19,2,0;1;4,1.3960126969739557,0.08757575757575758,0.22117284169209664
19,3,0;1;5,1.1440901897673101,0.0866666666666667,0.2191644643674835
19,4,0;1;6,1.3663261589799562,0.08575757575757578,0.22104453491549192
19,5,0;1;7,1.3393513529128884,0.08312500000000002,0.22051335876840686
19,6,0;1;8,0.44676560314078817,0.0625,0.16751765762627382
19,7,0;1;9,1.2856590582526204,0.08812500000000001,0.22011808388422843
19,8,0;2;3,0.8414350018004181,0.07711111111111112,0.23024517356166943
19,9,0;2;4,0.8367024823242195,0.08326797385620917,0.23127739336043593
19,10,0;2;5,0.8691519362210505,0.08424242424242426,0.22892800748753483
19,11,0;2;6,0.8714694274924963,0.08413793103448278,0.23107601984596055
19,12,0;2;7,0.8754571420137934,0.08303030303030304,0.2306309609498956
19,13,0;2;8,0.45946152031165194,0.06111801242236027,0.18217693317976552
19,14,0;2;9,0.8466888832700168,0.08527131782945739,0.2295851108443087
19,15,0;3;4,1.628774542903463,0.09038759689922482,0.23270108523650845
19,16,0;3;5,1.122471033148623,0.08525,0.2298645326005554
19,17,0;3;6,1.4105669541691024,0.08455172413793105,0.2323278389364577
19,18,0;3;7,1.4232988621329317,0.08393939393939397,0.23186000431069556
19,19,0;3;8,0.45306553223349844,0.05671641791044777,0.18399089691856935
19,20,0;3;9,1.1615564240590324,0.0860689655172414,0.22997848401895224
19,21,0;4;5,1.109298545642492,0.09048275862068968,0.23124331680911148
19,22,0;4;6,1.4237798815812646,0.10208333333333333,0.23354819803789126
19,23,0;4;7,1.4014800101813325,0.08812500000000002,0.23316372247215855
19,24,0;4;8,0.4445824586683572,0.06074534161490684,0.1831134964111664
19,25,0;4;9,1.1946367391890216,0.1028571428571429,0.23192515800405183
19,26,0;5;6,1.1211570730251206,0.0869281045751634,0.23112262859544844
19,27,0;5;7,1.1447681449611387,0.0866666666666667,0.23074268185890334
19,28,0;5;8,0.4554995861786296,0.05902702702702703,0.18044864989913237
19,29,0;5;9,1.0984912899575225,0.09048275862068968,0.23124589416438027
19,30,0;6;7,1.3800691706377632,0.08687500000000002,0.23358673728790416
19,31,0;6;8,0.48625655464786394,0.06285714285714288,0.18299902345163707
19,32,0;6;9,1.345863099729932,0.10304761904761905,0.2318122835107843
19,33,0;7;8,0.4704627279910214,0.06024390243902439,0.18245657910102073
19,34,0;7;9,1.1877611200394462,0.08757575757575758,0.23132481295664728
19,35,0;8;9,0.4643925455112609,0.0626923076923077,0.17983121214245412
19,36,1;2;3,1.0786003426008615,0.08666666666666668,0.22149537992275023
19,37,1;2;4,1.072723814567634,0.08895238095238098,0.22268912872238197
19,38,1;2;5,1.0616380795777458,0.09333333333333334,0.22034359083638985
19,39,1;2;6,1.02724086303289,0.0827450980392157,0.22249612186762072
19,40,1;2;7,0.9476224412404974,0.08952380952380955,0.22196059772025162
19,41,1;2;8,0.4637024369836353,0.07166666666666668,0.17024716579907534
19,42,1;2;9,1.0989695787412361,0.08552380952380953,0.22149220070580958
19,43,1;3;4,1.7501129848483652,0.10000000000000003,0.22369156460281212
19,44,1;3;5,1.6155292824166345,0.09180952380952381,0.22100749463985853
19,45,1;3;6,1.6788670606262235,0.08352941176470588,0.22337027477520677
19,46,1;3;7,1.6853607153060008,0.08372093023255815,0.22281618211501625
19,47,1;3;8,0.4625974405411215,0.07333333333333333,0.1716440593715311
19,48,1;3;9,1.6431602655485795,0.08933333333333335,0.2220152974552786
19,49,1;4;5,1.6067931594370082,0.09180952380952384,0.22244163704494246
19,50,1;4;6,1.6678917569476588,0.0875757575757576,0.2247027911748281
19,51,1;4;7,1.6776583475262843,0.08575757575757578,0.22422640148960568
19,52,1;4;8,0.4547314878133976,0.07295238095238096,0.17100981809717364
19,53,1;4;9,1.6523810410905753,0.09238095238095241,0.2235910954204532
19,54,1;5;6,1.5229267932227533,0.08225988700564973,0.2223980843887417
19,55,1;5;7,1.5110943183344774,0.0925714285714286,0.22199360701516105
19,56,1;5;8,0.4491505171294619,0.07352380952380955,0.16850056515137585
19,57,1;5;9,1.6138673513046224,0.08850000000000001,0.22257136945941283
19,58,1;6;7,1.6713509149112622,0.08174418604651164,0.22456761601789252
19,59,1;6;8,0.4712417334266825,0.061581920903954805,0.1708921666914794
19,60,1;6;9,1.5700045511637928,0.08731034482758622,0.22343960562167509
19,61,1;7;8,0.4437777192525229,0.06790697674418605,0.17026963627588312
19,62,1;7;9,1.6439736702923486,0.08196078431372551,0.22290648198058075
19,63,1;8;9,0.4792717160271287,0.06465116279069769,0.1690666108051239
19,64,2;3;4,1.2344948736178853,0.08650000000000002,0.2338741713568552
19,65,2;3;5,1.070529085642726,0.084,0.2306782831612051
19,66,2;3;6,0.9718432200056452,0.07873015873015873,0.23341517329621359
19,67,2;3;7,0.9719367243323058,0.07973856209150329,0.23295777739819556
19,68,2;3;8,0.5789722694583547,0.06153846153846154,0.18637242449228456
19,69,2;3;9,1.074261845523807,0.08333333333333334,0.23097946835649835
19,70,2;4;5,1.0687448332587177,0.09208333333333335,0.23207387355950637
19,71,2;4;6,0.9779125787240861,0.0863448275862069,0.23465013707880797
19,72,2;4;7,0.9591061687750144,0.08812500000000001,0.23426710384595922
19,73,2;4;8,0.5634123901999973,0.06468750000000001,0.18552538664293625
19,74,2;4;9,1.1131681277636991,0.08914285714285716,0.23294965916974936
19,75,2;5;6,1.0266801168020074,0.08384615384615386,0.23187332567973779
19,76,2;5;7,0.9715751105324445,0.09458333333333335,0.23152204463356976
19,77,2;5;8,0.48405928612930704,0.0704761904761905,0.18250384122065794
19,78,2;5;9,1.0784430815998958,0.08761904761904764,0.2320454234546292
19,79,2;6;7,0.9583738355213158,0.08290697674418608,0.23463364187433683
19,80,2;6;8,0.49203342507661296,0.059792746113989645,0.18534038773817335
19,81,2;6;9,1.04442883958021,0.08551724137931037,0.23274329843672228
19,82,2;7;8,0.4857555758143065,0.06790697674418605,0.18480150145390212
19,83,2;7;9,0.9521109651338567,0.08511627906976746,0.2322643161813048
19,84,2;8;9,0.5055338799569704,0.06341085271317831,0.182100545213846
19,85,3;4;5,1.631071584200638,0.09016666666666667,0.23302842946030283
19,86,3;4;6,1.7683056629549367,0.08930232558139536,0.23594936943274256
19,87,3;4;7,1.7733445948903435,0.08575757575757577,0.2355471531057048
19,88,3;4;8,0.6414892396172578,0.07250000000000001,0.1871976603709362
19,89,3;4;9,1.642817357510606,0.0923809523809524,0.2333994601165485
19,90,3;5;6,1.484840822504598,0.07960975609756099,0.2325913285042091
19,91,3;5;7,1.4934234903731816,0.08427586206896553,0.2321953576788043
19,92,3;5;8,0.466955420509091,0.06193939393939395,0.18404571127636998
19,93,3;5;9,1.622819478233834,0.08800000000000002,0.2323287554953194
19,94,3;6;7,1.7681537263603975,0.08275,0.23577389451739744
19,95,3;6;8,0.47167098391320306,0.05710526315789475,0.18708471332663817
19,96,3;6;9,1.4834887459585129,0.08462500000000002,0.23298356328431832
19,97,3;7;8,0.47596672663142975,0.05729166666666668,0.18652442075252468
19,98,3;7;9,1.542723261588317,0.08125,0.23247160898382646
19,99,3;8;9,0.46434917976732715,0.060000000000000005,0.18315011516802193
19,100,4;5;6,1.4682537076740574,0.09032679738562091,0.23424910795873988
19,101,4;5;7,1.4847803385140046,0.09187500000000001,0.23396884706489024
19,102,4;5;8,0.45297131320280937,0.06300000000000001,0.18329828344745136
19,103,4;5;9,1.6237096974772705,0.09600000000000003,0.2342840725967839
19,104,4;6;7,1.7618721115292817,0.09187500000000001,0.23710371584854478
19,105,4;6;8,0.46783949636023847,0.061863354037267095,0.18632158230014123
19,106,4;6;9,1.5075978504632732,0.10285714285714288,0.23513487214820203
19,107,4;7;8,0.4600721146649309,0.06024390243902439,0.18586806174269083
19,108,4;7;9,1.5687759646562212,0.09121212121212124,0.2347183480613903
19,109,4;8;9,0.4766770415109075,0.06496124031007755,0.18292933641848483
19,110,5;6;7,1.4695380010925947,0.08616279069767444,0.2343722456343395
19,111,5;6;8,0.46483971038573524,0.05502040816326531,0.1831239446964936
19,112,5;6;9,1.4466502410843471,0.08884848484848487,0.23426210102320513
19,113,5;7;8,0.4763362755501219,0.06689655172413794,0.18261115295961422
19,114,5;7;9,1.4913137440072641,0.08827586206896554,0.2338770763376879
19,115,5;8;9,0.45303937207495165,0.060121212121212145,0.1822578297218663
19,116,6;7;8,0.46614159874993616,0.05696428571428572,0.18638077189893468
19,117,6;7;9,1.5093260951147405,0.08875000000000002,0.235157042714257
19,118,6;8;9,0.5203455329452731,0.062333333333333345,0.18284747176620453
19,119,7;8;9,0.4480866598821123,0.05729166666666668,0.18223413320974027
20,0,0;1;2,0.28753733917733226,0.04754385964912282,0.0918252784531316
20,1,0;1;3,0.30052299002992233,0.04750000000000001,0.10246528653994275
20,2,0;1;4,0.3077938288735538,0.049122807017543874,0.09874465955350203
20,3,0;1;5,0.2691706498155968,0.041411764705882356,0.09577348791778817
20,4,0;1;6,0.3068933582413109,0.045529411764705895,0.10210027621380406
20,5,0;1;7,0.316860878130434,0.046877470355731234,0.10224026689257062
20,6,0;1;8,0.307656672996182,0.04575342465753425,0.09805177284000872
20,7,0;1;9,0.28340436912830047,0.04750988142292491,0.10259820601538554
20,8,0;2;3,0.27482811800433943,0.05076923076923077,0.09249771931394354
20,9,0;2;4,0.2792782484764744,0.05000000000000001,0.08879949962817757
20,10,0;2;5,0.25382496180110287,0.045964912280701764,0.08585531167487094
20,11,0;2;6,0.28222447147064467,0.0475,0.09224710532501054
20,12,0;2;7,0.2914635806176367,0.046217616580310886,0.09244426718328505
20,13,0;2;8,0.2802370705631527,0.048333333333333346,0.08812698420132742
20,14,0;2;9,0.2540684114203332,0.04881355932203391,0.09270215234201
20,15,0;3;4,0.303829664521309,0.05153846153846155,0.10221747805895222
20,16,0;3;5,0.27871360400928336,0.046,0.09922889045342087
20,17,0;3;6,0.2961344858213979,0.04684210526315791,0.10547848912912006
20,18,0;3;7,0.32106727365068205,0.047142857142857146,0.10553701197541353
20,19,0;3;8,0.3115669902778004,0.05076923076923078,0.10133207015225043
20,20,0;3;9,0.3009312020266115,0.051454545454545475,0.10603071237690863
20,21,0;4;5,0.2665542755557566,0.045438596491228084,0.0955042725540299
20,22,0;4;6,0.2912492481451986,0.047500000000000014,0.10183237139768969
20,23,0;4;7,0.3489318743228016,0.047188940092165906,0.10183080258223873
20,24,0;4;8,0.35628779560100027,0.05000000000000001,0.09762562490613777
20,25,0;4;9,0.3354257664092429,0.050918918918918935,0.1023253344039714
20,26,0;5;6,0.26661192020721475,0.04329411764705882,0.0988306106517797
20,27,0;5;7,0.2810733146140897,0.040547945205479455,0.09904291531829389
20,28,0;5;8,0.2650101040028481,0.042982456140350886,0.09578144754061399
20,29,0;5;9,0.2745648738762283,0.04550000000000001,0.09939255703771714
20,30,0;6;7,0.30758677909038185,0.044504504504504515,0.10514487531357831
20,31,0;6;8,0.29741132760113725,0.044772727272727283,0.10094123847527411
20,32,0;6;9,0.2612820221631563,0.04465116279069768,0.10543617880932364
20,33,0;7;8,0.3588820233540273,0.04718894009216591,0.101404741169883
20,34,0;7;9,0.33774456538853015,0.04621761658031089,0.10570233879194796
20,35,0;8;9,0.35217926836628605,0.05091891891891892,0.10149668664818874
20,36,1;2;3,0.2718464853279686,0.04979253112033197,0.0943312082835355
20,37,1;2;4,0.33977457936228284,0.05555555555555556,0.0904801349434301
20,38,1;2;5,0.24981186368660124,0.042972972972972985,0.08765796205427477
20,39,1;2;6,0.2952659004425317,0.04901185770750988,0.09296827526218118
20,40,1;2;7,0.33716734654736724,0.05381818181818182,0.09427838432031795
20,41,1;2;8,0.33002694507498403,0.053000000000000005,0.08996209442980474
20,42,1;2;9,0.2850961523130279,0.05174418604651163,0.09386878468428676
20,43,1;3;4,0.28720332367531787,0.050230414746543786,0.1012841859034896
20,44,1;3;5,0.258978244566798,0.041265822784810134,0.09850558278928903
20,45,1;3;6,0.2966553486175959,0.04645833333333334,0.10357095125134134
20,46,1;3;7,0.2997490041372172,0.04858208955223882,0.10495290867990797
20,47,1;3;8,0.2864545026450365,0.04795180722891568,0.10076446086234983
20,48,1;3;9,0.2740957606088534,0.04781609195402299,0.10472991017262484
20,49,1;4;5,0.2613387462312089,0.043678160919540236,0.09451529642094073
20,50,1;4;6,0.31141773404550244,0.049912280701754394,0.09981000418300445
20,51,1;4;7,0.3611166574323196,0.05360465116279071,0.10098541204098924
20,52,1;4;8,0.35510138998400825,0.052655367231638425,0.09679740313526869
20,53,1;4;9,0.3137501010056055,0.05296969696969697,0.10079389989194769
20,54,1;5;6,0.27573104756351285,0.0431764705882353,0.09688164327864403
20,55,1;5;7,0.2730461279877813,0.041594684385382066,0.09841156117469788
20,56,1;5;8,0.251730016176285,0.039482200647249194,0.09517080649945944
20,57,1;5;9,0.26998674898546254,0.043455149501661135,0.09804466252355033
20,58,1;6;7,0.3192344922397674,0.04708333333333334,0.10333772222467344
20,59,1;6;8,0.31011033977160707,0.046506849315068495,0.09915057518474939
20,60,1;6;9,0.2718364511318908,0.045416666666666675,0.1036123826763859
20,61,1;7;8,0.35603513384192015,0.05293478260869567,0.10088084805126757
20,62,1;7;9,0.3125180363438273,0.05079365079365081,0.10449477652621851
20,63,1;8;9,0.3035983183529378,0.04965853658536586,0.10030759412832543
20,64,2;3;4,0.2653142220454542,0.056829268292682936,0.09200509325366188
20,65,2;3;5,0.2410887317032977,0.048301886792452835,0.08932432542210687
20,66,2;3;6,0.28480584197010006,0.0543778801843318,0.09430691727910667
20,67,2;3;7,0.2856583860526086,0.050691244239631346,0.09590863541566233
20,68,2;3;8,0.27087230438612087,0.05560975609756099,0.09159564121624895
20,69,2;3;9,0.24928536747843322,0.05233160621761658,0.09536494116284715
20,70,2;4;5,0.2372424506288282,0.048358208955223886,0.08527865636342286
20,71,2;4;6,0.2945588979683359,0.05866666666666667,0.09050249419756105
20,72,2;4;7,0.3410782285439594,0.05475000000000001,0.09187936797024904
20,73,2;4;8,0.33697794997242136,0.05878787878787879,0.08756533174190123
20,74,2;4;9,0.28467952323153184,0.05517241379310345,0.09139084702109494
20,75,2;5;6,0.252817433966904,0.04791044776119403,0.08766402010523719
20,76,2;5;7,0.2587886603784719,0.04414937759336101,0.08939895480702417
20,77,2;5;8,0.2320129677561279,0.04577114427860697,0.08602150678805073
20,78,2;5;9,0.24504006462295563,0.047649769585253465,0.08872173293734058
20,79,2;6;7,0.3073271819450328,0.05000000000000001,0.09425190889353612
20,80,2;6;8,0.2995431599395643,0.05502304147465439,0.08993825624646364
20,81,2;6;9,0.2474072493535462,0.049741379310344835,0.09446491538189083
20,82,2;7;8,0.3354023325956742,0.054482758620689666,0.09183440639127063
20,83,2;7;9,0.2865323223585198,0.050588235294117656,0.09530937652752089
20,84,2;8;9,0.27763373044640327,0.05310344827586207,0.09099654325093266
20,85,3;4;5,0.4721834938061888,0.05800000000000002,0.0987830738752683
20,86,3;4;6,0.410418479200828,0.06310077519379845,0.10399945286140579
20,87,3;4;7,0.37645154944934717,0.05150259067357513,0.10511255835953634
20,88,3;4;8,0.5125084895834497,0.06708333333333333,0.10090854338093783
20,89,3;4;9,0.40364465186869547,0.056137931034482766,0.10470442552220374
20,90,3;5;6,0.3712356159362917,0.052558139534883724,0.10106875968415388
20,91,3;5;7,0.3491813315872158,0.04362068965517242,0.10256442607557936
20,92,3;5;8,0.4899506118407705,0.05866666666666667,0.09930242187995622
20,93,3;5;9,0.3931587197138831,0.05186046511627908,0.10196450572593274
20,94,3;6;7,0.35389298579329914,0.049047619047619055,0.10738878050953003
20,95,3;6;8,0.41361066963596627,0.06220689655172415,0.10318565160145342
20,96,3;6;9,0.3585738653763614,0.05111111111111113,0.10749532813483344
20,97,3;7;8,0.36913851169370165,0.05108808290155441,0.1049326514268413
20,98,3;7;9,0.34722305641133067,0.048847926267281114,0.10827921986722712
20,99,3;8;9,0.4148984033030193,0.0566896551724138,0.10407461025159442
20,100,4;5;6,0.38586055625006616,0.05466666666666668,0.09726229577660335
20,101,4;5;7,0.34001424864333973,0.045000000000000005,0.09853141411932778
20,102,4;5;8,0.46372752214486046,0.05616666666666668,0.09527180457516025
20,103,4;5;9,0.3862600311489238,0.05090909090909092,0.09798003663142946
20,104,4;6;7,0.38799527641188997,0.05166666666666668,0.10359823959767622
20,105,4;6;8,0.5156654955257581,0.06666666666666667,0.09939462319431219
20,106,4;6;9,0.36765351412910885,0.053333333333333344,0.10370244775555648
20,107,4;7;8,0.43517210166367204,0.05490196078431373,0.10091513637109456
20,108,4;7;9,0.3812598442827184,0.05187500000000001,0.1043112755455781
20,109,4;8;9,0.4525678115417181,0.05750000000000001,0.10010643370861266
20,110,5;6;7,0.33682149605982603,0.04620689655172414,0.10088757264938387
20,111,5;6;8,0.3863382229253749,0.05238095238095239,0.0976283680588669
20,112,5;6;9,0.3707293378017574,0.049853658536585375,0.1008472940101788
20,113,5;7;8,0.33661450129289805,0.042982456140350886,0.09936958406454185
20,114,5;7;9,0.3234775694903622,0.04348547717842325,0.10177944996595724
20,115,5;8;9,0.39116339557901336,0.04993939393939395,0.09851762413325711
20,116,6;7;8,0.38707807752652856,0.05000000000000001,0.10326099346336376
20,117,6;7;9,0.3224812983195504,0.04574712643678161,0.10716900150998251
20,118,6;8;9,0.37831381090053134,0.051512195121951224,0.10296524863844786
20,119,7;8;9,0.38309659886697917,0.05187500000000001,0.10414812041613045
21,0,0;1;2,0.9080236754602875,0.068625,0.3029678199698581
21,1,0;1;3,0.8411458591670622,0.05795121951219513,0.30169681386950004
21,2,0;1;4,0.8098776862556367,0.05975000000000001,0.3022783617635492
21,3,0;1;5,0.9959691169535521,0.06386206896551726,0.3021236014999644
21,4,0;1;6,0.6554977856915607,0.05090909090909093,0.28608542391778086
21,5,0;1;7,0.7630724928684449,0.07225000000000002,0.30018253669407113
21,6,0;1;8,1.0063586262032922,0.07241379310344828,0.2980143193297002
21,7,0;1;9,0.956926860286114,0.08457142857142858,0.3038200106477406
21,8,0;2;3,0.8452999922861192,0.06453488372093025,0.30456573304115636
21,9,0;2;4,0.8130116755729972,0.06562500000000002,0.3058673755361859
21,10,0;2;5,0.9076750585624395,0.06313953488372094,0.3056492740762482
21,11,0;2;6,0.5519916174314138,0.05375000000000001,0.28267133077271966
21,12,0;2;7,0.6823844366717811,0.06568627450980394,0.3006805375692836
21,13,0;2;8,0.923789329716026,0.070625,0.29931940912246024
21,14,0;2;9,0.9126568995566711,0.07843750000000002,0.3072999743831814
21,15,0;3;4,0.797669604615262,0.06000000000000001,0.3044144354528512
21,16,0;3;5,0.8474480470194709,0.06104651162790699,0.3045697590936163
21,17,0;3;6,0.5567926004002569,0.051716417910447766,0.2833483818593604
21,18,0;3;7,0.6548827832274989,0.05636363636363638,0.29896032137070483
21,19,0;3;8,0.84841353494484,0.06,0.29791633940723317
21,20,0;3;9,0.8559045678366055,0.06593023255813954,0.30590585641061413
21,21,0;4;5,0.8065656702598403,0.06352941176470589,0.3050482297686272
21,22,0;4;6,0.5849681638727666,0.05047619047619049,0.2888529036078878
21,23,0;4;7,0.6614465622610562,0.06695652173913044,0.29982743323767264
21,24,0;4;8,0.8162081634696627,0.057560975609756114,0.2983309572471874
21,25,0;4;9,0.826389797377746,0.07395348837209303,0.3064238894084271
21,26,0;5;6,0.6603364910657707,0.05365384615384616,0.28937565655622155
21,27,0;5;7,0.5956723150660538,0.06031088082901556,0.2981045564453723
21,28,0;5;8,1.0029917925081586,0.06274509803921569,0.29826126193909963
21,29,0;5;9,0.9262632756390794,0.0687878787878788,0.3064511309285559
21,30,0;6;7,0.6479606283596119,0.04952380952380954,0.28384312533130884
21,31,0;6;8,0.665175360985489,0.05190476190476192,0.28203367274279023
21,32,0;6;9,0.6237848658340693,0.056730769230769244,0.2903260697576215
21,33,0;7;8,0.697458036100534,0.05852534562211982,0.2945481863876057
21,34,0;7;9,0.747546324762779,0.08263565891472871,0.3013455597572203
21,35,0;8;9,0.9359377579271264,0.07255172413793104,0.30010309293274906
21,36,1;2;3,0.8981870535997689,0.05933333333333334,0.4558966537146442
21,37,1;2;4,0.8486892823472142,0.057875,0.4572462827085629
21,38,1;2;5,0.9378882153089203,0.05912500000000002,0.4539636308739646
21,39,1;2;6,0.6193223449793667,0.05236363636363637,0.4267736747938034
21,40,1;2;7,0.7021189261756025,0.05873170731707318,0.45529615980709137
21,41,1;2;8,0.9525166201822162,0.07733333333333335,0.452993137751611
21,42,1;2;9,0.9448463648099987,0.07657142857142858,0.4584166454563051
21,43,1;3;4,0.8484172063021231,0.05815217391304349,0.456733341248175
21,44,1;3;5,0.9079779069767913,0.059,0.45424322770699715
21,45,1;3;6,0.6461557601307604,0.051547169811320764,0.4265447807260626
21,46,1;3;7,0.699171957882142,0.054729241877256335,0.4546185897016391
21,47,1;3;8,0.9086472586711648,0.059347826086956525,0.4524373740775536
21,48,1;3;9,0.9170147983602974,0.06357142857142857,0.45797738629640106
21,49,1;4;5,0.8535835028462249,0.05931034482758623,0.4545277955914941
21,50,1;4;6,0.6530227392540285,0.05111111111111112,0.437046850394537
21,51,1;4;7,0.6904092178643033,0.05705882352941178,0.4550890138189528
21,52,1;4;8,0.8609629391478132,0.05697674418604652,0.45255719547577267
21,53,1;4;9,0.8703611890805267,0.06418604651162792,0.45823658042596843
21,54,1;5;6,0.7223812955446467,0.052857142857142866,0.4356589189387974
21,55,1;5;7,0.6660344166802447,0.05701923076923078,0.45009947907115355
21,56,1;5;8,1.0434648836202278,0.06272727272727273,0.44993736442101107
21,57,1;5;9,0.9772993499667395,0.0641860465116279,0.45557836984378763
21,58,1;6;7,0.6950686411557908,0.05111111111111112,0.43541386325407305
21,59,1;6;8,0.7218183639207982,0.053076923076923084,0.4326999857006103
21,60,1;6;9,0.7080755468830843,0.056,0.43829142253991155
21,61,1;7;8,0.7333539702690348,0.05834196891191712,0.4506685309493451
21,62,1;7;9,0.773178619765106,0.07302325581395348,0.45633690696817775
21,63,1;8;9,0.9831970582433223,0.07657142857142858,0.4540712533413611
21,64,2;3;4,0.8561338548402782,0.06244186046511629,0.4590811073533102
21,65,2;3;5,0.912592516100212,0.06551282051282052,0.45576606254567964
21,66,2;3;6,0.6454712931553693,0.058166666666666686,0.423848895239792
21,67,2;3;7,0.7153118308148213,0.058181818181818196,0.45414457569087197
21,68,2;3;8,0.9126283455021846,0.06327272727272729,0.4521845019680441
21,69,2;3;9,0.9201562300004367,0.06823529411764706,0.46010688590069043
21,70,2;4;5,0.8613833897565922,0.06125000000000001,0.45732177638707266
21,71,2;4;6,0.6459038487585889,0.052380952380952396,0.43012970995576677
21,72,2;4;7,0.7073082264556283,0.06087804878048782,0.4557211304811562
21,73,2;4;8,0.868219468985446,0.06000000000000001,0.45356296160317977
21,74,2;4;9,0.8690981329733717,0.06790697674418607,0.46153550827735423
21,75,2;5;6,0.6342954511300032,0.05854545454545455,0.427553857831896
21,76,2;5;7,0.6324829193600998,0.055415019762845866,0.45047981374528157
21,77,2;5;8,0.9632604556669324,0.06331034482758621,0.4501085194273175
21,78,2;5;9,0.9484768158544913,0.06551724137931035,0.458176742372084
21,79,2;6;7,0.6014949960173388,0.04916666666666668,0.4255768102058161
21,80,2;6;8,0.6195017262304595,0.058,0.4231841329615932
21,81,2;6;9,0.6422511857592634,0.05923076923076925,0.43106462854659194
21,82,2;7;8,0.7007718519938524,0.05863414634146343,0.4501329267149397
21,83,2;7;9,0.7296616437629215,0.06794871794871796,0.45681215770377276
21,84,2;8;9,0.9614763129783843,0.07733333333333334,0.45497284967549
21,85,3;4;5,0.8596380684697693,0.06400000000000002,0.45735103961758355
21,86,3;4;6,0.6565846153228048,0.05517241379310346,0.4298980940502264
21,87,3;4;7,0.6971021880081719,0.05841897233201582,0.45490921158536457
21,88,3;4;8,0.8572860149778883,0.05714285714285715,0.4530537480973477
21,89,3;4;9,0.8648367827320941,0.06581818181818183,0.4609037058436765
21,90,3;5;6,0.6597178071622127,0.05953917050691246,0.42841007510704343
21,91,3;5;7,0.6527274782531731,0.05691699604743085,0.45030277381026723
21,92,3;5;8,0.9196804766016792,0.05906976744186048,0.45035199156821776
21,93,3;5;9,0.9232250146278826,0.06679738562091504,0.45828630390977765
21,94,3;6;7,0.6255761076454527,0.04774774774774776,0.42556998541287816
21,95,3;6;8,0.636752456378784,0.05223880597014927,0.42283722572000765
21,96,3;6;9,0.6697634485135504,0.059170124481327815,0.4308629344545402
21,97,3;7;8,0.7033376084437352,0.053992094861660095,0.44948768134810746
21,98,3;7;9,0.722896986264258,0.060789473684210546,0.4560506597676291
21,99,3;8;9,0.9244877560635409,0.06327272727272729,0.45449254719512566
21,100,4;5;6,0.6629191089892781,0.056111111111111125,0.43878781970304037
21,101,4;5;7,0.6425633535247299,0.060975609756097573,0.45091029837596164
21,102,4;5;8,0.87035045058671,0.05720930232558141,0.45045813769107457
21,103,4;5;9,0.8684205547028429,0.06790697674418607,0.4585692636499895
21,104,4;6;7,0.6324431990391977,0.04750000000000001,0.4355317999141608
21,105,4;6;8,0.656094447076309,0.04916666666666668,0.43336499592265787
21,106,4;6;9,0.6753567352042967,0.056666666666666685,0.44127025105640316
21,107,4;7;8,0.6934319997932854,0.05288537549407116,0.449875716615129
21,108,4;7;9,0.7144174650780161,0.06923076923076923,0.456589984971594
21,109,4;8;9,0.8743611851580458,0.06036363636363637,0.4546787683422611
21,110,5;6;7,0.6635149803727873,0.04857142857142858,0.4327334857103417
21,111,5;6;8,0.7424399005178871,0.05384615384615385,0.4317680696911574
21,112,5;6;9,0.7024478746162952,0.058571428571428594,0.43975304281230726
21,113,5;7;8,0.67699525645963,0.05333333333333335,0.445188394760855
21,114,5;7;9,0.6684532835238841,0.0627777777777778,0.4518184908197894
21,115,5;8;9,0.9903018425598422,0.06193103448275864,0.45176952074885735
21,116,6;7;8,0.705910270779099,0.049523809523809526,0.4303214455751142
21,117,6;7;9,0.6847495935257498,0.05222222222222223,0.436690863530697
21,118,6;8;9,0.7001895119555408,0.05600000000000003,0.43471681090021597
21,119,7;8;9,0.7281492368817093,0.060111111111111115,0.4513324646495855
22,0,0;1;2,0.943118832367914,0.05175000000000001,0.26924191693921784
22,1,0;1;3,0.9730334552591822,0.04676470588235295,0.27475754571874267
22,2,0;1;4,1.148425683355716,0.05318181818181819,0.25050427488892657
22,3,0;1;5,1.053503925603496,0.04681818181818183,0.27508194122888435
22,4,0;1;6,1.1962854029791623,0.04975000000000001,0.2718525682455583
22,5,0;1;7,0.9202618446495336,0.052142857142857144,0.2197577503068383
22,6,0;1;8,1.1615698213706194,0.05318181818181819,0.27170236129587194
22,7,0;1;9,1.233468429238092,0.05642857142857144,0.2505823191249522
22,8,0;2;3,0.716469683217053,0.05102702702702704,0.28054976988349717
22,9,0;2;4,1.0955186014342666,0.06439024390243903,0.2661611962831516
22,10,0;2;5,0.7688511291086202,0.04933333333333334,0.28036351822929473
22,11,0;2;6,0.9186256619472837,0.05375000000000001,0.2790344698912062
22,12,0;2;7,0.7512915151613182,0.05517241379310346,0.22255728773579733
22,13,0;2;8,1.1459012785308014,0.06515151515151517,0.2795543699638058
22,14,0;2;9,1.1251615586566779,0.06013071895424837,0.25629389254762014
22,15,0;3;4,1.068984363092008,0.05232142857142858,0.2694531183458232
22,16,0;3;5,1.1029556676267898,0.04483050847457628,0.2855011806640029
22,17,0;3;6,1.1130798667432389,0.04663594470046084,0.28286075354709483
22,18,0;3;7,0.913699344188206,0.0516304347826087,0.22385829817403774
22,19,0;3;8,0.9287281431176245,0.05301886792452831,0.2824091644627581
22,20,0;3;9,1.1187672818937715,0.05626943005181347,0.26079134445126895
22,21,0;4;5,1.122410285883273,0.04785714285714287,0.2694213967224178
22,22,0;4;6,1.4055449537747018,0.060975609756097573,0.26779370862574947
22,23,0;4;7,1.6213367958539846,0.07093750000000001,0.21622580442868988
22,24,0;4;8,1.572016598219796,0.07999999999999999,0.2667641311473463
22,25,0;4;9,2.269485228693204,0.08379310344827588,0.24413402537609924
22,26,0;5;6,1.1530732405556945,0.04711111111111112,0.2828429523463785
22,27,0;5;7,0.907717635311599,0.050128205128205136,0.22435552531778638
22,28,0;5;8,0.9845931874956104,0.04750000000000001,0.28235950748812766
22,29,0;5;9,1.141270855573,0.05097826086956522,0.26059251223292856
22,30,0;6;7,1.1076382007267025,0.05674418604651164,0.22318538460065823
22,31,0;6;8,1.2398180071481382,0.06333333333333334,0.28230113562575576
22,32,0;6;9,1.4384489868437798,0.060413793103448285,0.25855853691001085
22,33,0;7;8,1.0673872266127442,0.062424242424242424,0.22307836229164754
22,34,0;7;9,1.5908215219928512,0.07180952380952382,0.19975946203204742
22,35,0;8;9,1.5960707733306945,0.0709375,0.2579590411653684
22,36,1;2;3,1.0381159511784979,0.046896551724137946,0.2695186645918539
22,37,1;2;4,1.4271365286987785,0.05157142857142859,0.24726269962581734
22,38,1;2;5,1.1012617442315698,0.04950000000000001,0.2696673065253472
22,39,1;2;6,1.236017851716496,0.05175000000000001,0.2681895506336189
22,40,1;2;7,0.6062206332176105,0.04800000000000001,0.21843470428545955
22,41,1;2;8,1.0022024937655798,0.05111111111111112,0.2688036370140709
22,42,1;2;9,1.580725659628734,0.055238095238095246,0.24595572761447104
22,43,1;3;4,1.3709752853380293,0.0476923076923077,0.2507261209711468
22,44,1;3;5,1.3502609861293486,0.045000000000000005,0.27534365166364083
22,45,1;3;6,0.988168852122383,0.04405529953917051,0.27281987271691993
22,46,1;3;7,0.7550661406072714,0.04437500000000001,0.2200538409446372
22,47,1;3;8,1.0523974459162098,0.04386363636363637,0.2727070517143489
22,48,1;3;9,1.3072350256525833,0.048965517241379326,0.25106360717564025
22,49,1;4;5,1.428169590623583,0.04500000000000001,0.2511192574444516
22,50,1;4;6,1.3709915657556258,0.05065217391304349,0.24952929112604258
22,51,1;4;7,0.8962574842240768,0.04857142857142857,0.20889007883563332
22,52,1;4;8,1.3361996822457867,0.05107142857142859,0.24883644408015823
22,53,1;4;9,1.7375212753922038,0.05551724137931036,0.22633163793638683
22,54,1;5;6,1.0227516007040633,0.046046511627906975,0.2731060702482607
22,55,1;5;7,0.8503437745732906,0.04666666666666667,0.22069742095205683
22,56,1;5;8,1.1596704733526901,0.04464285714285715,0.2729572951217848
22,57,1;5;9,1.3539360007815304,0.04950000000000001,0.25116996493180055
22,58,1;6;7,0.9265862065712774,0.04727272727272727,0.21942211262446365
22,59,1;6;8,1.3872221935952758,0.05358695652173914,0.27284519375618654
22,60,1;6;9,1.5663423224438227,0.05489655172413793,0.2490824211516513
22,61,1;7;8,0.9708505915971453,0.04777777777777779,0.2193883396363265
22,62,1;7;9,0.9568089186694818,0.052380952380952396,0.1963751420576248
22,63,1;8;9,1.464990985220958,0.05576923076923077,0.2488053247628194
22,64,2;3;4,1.135260778421364,0.05124183006535948,0.2664062047366683
22,65,2;3;5,1.109745778615137,0.045490196078431376,0.28062895995537523
22,66,2;3;6,0.718182983218979,0.048108108108108116,0.27963739357926465
22,67,2;3;7,0.5182945586331976,0.04525000000000001,0.22292904658706567
22,68,2;3;8,0.7288186355288311,0.05014925373134329,0.2800305553560901
22,69,2;3;9,1.0414726396165512,0.0510344827586207,0.25666825800369375
22,70,2;4;5,1.1535694478718104,0.048627450980392166,0.2662055196483744
22,71,2;4;6,1.3903135248536722,0.06717241379310346,0.26579525287161987
22,72,2;4;7,0.7500167294058103,0.052275862068965534,0.21574759590939474
22,73,2;4;8,1.1507333153207513,0.06829268292682927,0.2656710705853139
22,74,2;4;9,1.6497973820613117,0.06206896551724139,0.24168628455825253
22,75,2;5;6,0.733680829678343,0.0490909090909091,0.2794604087513099
22,76,2;5;7,0.5430319406448728,0.04816666666666668,0.223322515468582
22,77,2;5;8,0.7860545399036963,0.04854166666666667,0.27985117887886257
22,78,2;5;9,1.0911634996877135,0.05200000000000001,0.25635610893901156
22,79,2;6;7,0.6351762336463872,0.049818181818181824,0.22268402320464256
22,80,2;6;8,1.094720583812087,0.061931034482758635,0.2802155633070715
22,81,2;6;9,1.533155333381425,0.06027586206896553,0.25573600222925685
22,82,2;7;8,0.7402245909679752,0.05275000000000001,0.22285302209944854
22,83,2;7;9,0.7469810859179576,0.05300000000000001,0.19915852469730536
22,84,2;8;9,1.2162539077030525,0.06248275862068965,0.2559470250083876
22,85,3;4;5,1.453846467539714,0.04497175141242939,0.2696792820698187
22,86,3;4;6,1.072393250859005,0.04807017543859649,0.268538122212693
22,87,3;4;7,0.8681937208908824,0.04673913043478262,0.21652663642851935
22,88,3;4;8,1.1115255816230616,0.049852941176470586,0.2677307845148439
22,89,3;4;9,1.40625360158743,0.05459459459459462,0.24458523986026387
22,90,3;5;6,1.0648322737807008,0.04236842105263158,0.28376626827587526
22,91,3;5;7,0.8743529710703611,0.04363636363636364,0.22467637583015243
22,92,3;5;8,1.1142717431599838,0.041418918918918926,0.28340236176638683
22,93,3;5;9,1.4081885765686304,0.04639534883720931,0.2610645326396473
22,94,3;6;7,0.8847060741036257,0.04342105263157896,0.22369090724015642
22,95,3;6;8,0.9893208154942692,0.050701754385964914,0.2836968206712512
22,96,3;6;9,1.1465777362922887,0.0501923076923077,0.2595103485451527
22,97,3;7;8,0.8464571831948624,0.045062240663900424,0.22359772655659138
22,98,3;7;9,0.9308151182201216,0.050588235294117656,0.20029678486301855
22,99,3;8;9,1.1498522136149298,0.05262672811059909,0.25903170520338575
22,100,4;5;6,1.0877601007166549,0.04631578947368423,0.2684746744329074
22,101,4;5;7,0.9123973200534984,0.04640522875816994,0.2170307533448057
22,102,4;5;8,1.17631847793582,0.04529411764705884,0.26762478857472327
22,103,4;5;9,1.4252556262646492,0.049459459459459475,0.2443365226198368
22,104,4;6;7,1.358137150445046,0.05923076923076924,0.2163133096742351
22,105,4;6;8,4.534064863332653,0.0871875,0.268310065668282
22,106,4;6;9,4.881252556263762,0.07862068965517244,0.24363668547435002
22,107,4;7;8,1.3094259528686543,0.0631707317073171,0.2159700999305314
22,108,4;7;9,1.5893491273600497,0.06916666666666668,0.19214258797340034
22,109,4;8;9,4.618132017584084,0.08793103448275863,0.24271805967440663
22,110,5;6;7,0.9011620066265085,0.046545454545454557,0.2241603986472153
22,111,5;6;8,0.9607346016320956,0.04970000000000001,0.2836645250273659
22,112,5;6;9,1.1175168335593075,0.05011627906976745,0.2593050421419649
22,113,5;7;8,0.9017473497586783,0.04604166666666667,0.22403968938976618
22,114,5;7;9,0.9428446192818137,0.05000000000000002,0.20059289309580944
22,115,5;8;9,1.164360843615404,0.04930000000000001,0.2587986597430574
22,116,6;7;8,1.2471553694007553,0.06279069767441862,0.2240886414313747
22,117,6;7;9,1.3937842726327427,0.06046511627906979,0.19987082583082447
22,118,6;8;9,4.581584187021156,0.08171428571428574,0.25929910935609546
22,119,7;8;9,1.3213672358769046,0.06232558139534885,0.19965970716342368
23,0,0;1;2,0.5564525994867172,0.06044444444444445,0.2263534751375682
23,1,0;1;3,0.4996018433010793,0.05708333333333335,0.1640473466463853
23,2,0;1;4,0.5731395034991514,0.07272727272727272,0.21643355187866936
23,3,0;1;5,0.4348190928607648,0.049642857142857155,0.23327053201397163
23,4,0;1;6,0.7014640549913091,0.07200000000000001,0.2134870814396432
23,5,0;1;7,0.6448015289558422,0.06496894409937891,0.2342904504524318
23,6,0;1;8,0.736007097430641,0.07515151515151515,0.24083056670473205
23,7,0;1;9,0.6871167248958566,0.07515151515151516,0.22465299126816654
23,8,0;2;3,0.4881202693216684,0.05260000000000001,0.1691472030781439
23,9,0;2;4,0.40680360406160054,0.05678756476683938,0.21992850208809064
23,10,0;2;5,0.3948695769271935,0.048142292490118574,0.222749920255425
23,11,0;2;6,0.544152499416743,0.05960975609756097,0.2008600065118446
23,12,0;2;7,0.5434400747890855,0.05558823529411765,0.22439229733157215
23,13,0;2;8,0.5667428731072678,0.05911111111111113,0.23026178708360348
23,14,0;2;9,0.5348672676074054,0.0631055900621118,0.21217540698646506
23,15,0;3;4,0.35273235450806195,0.05087557603686636,0.16644564524759714
23,16,0;3;5,0.3135068524120262,0.04230769230769232,0.16007933218066017
23,17,0;3;6,0.470101602144325,0.049754098360655745,0.1382797507984967
23,18,0;3;7,0.4745403848221784,0.053500000000000006,0.16169210116599927
23,19,0;3;8,0.49740441199462665,0.05187500000000001,0.16776278825993668
23,20,0;3;9,0.45489194841517683,0.05343750000000001,0.14987799278813543
23,21,0;4;5,0.3904517034135474,0.04784482758620691,0.21275539255037634
23,22,0;4;6,0.5622036415489761,0.07137254901960785,0.19097276179356365
23,23,0;4;7,0.4967301424949525,0.056269430051813486,0.2143766814906878
23,24,0;4;8,0.5903429475455833,0.07034482758620692,0.22004868649984202
23,25,0;4;9,0.5773588501402838,0.07272727272727272,0.20233192641117848
23,26,0;5;6,0.41171558728527613,0.04685920577617329,0.21671586691183223
23,27,0;5;7,0.4214380398217994,0.04434782608695653,0.235106704679371
23,28,0;5;8,0.4406325641457609,0.04396887159533075,0.23693028574719066
23,29,0;5;9,0.4106389101290538,0.048839285714285724,0.22307909912831053
23,30,0;6;7,0.5914325029784226,0.052500000000000005,0.21444636863467897
23,31,0;6;8,0.7231551499300861,0.06937931034482758,0.21589124022467324
23,32,0;6;9,0.6929295424572877,0.07410852713178295,0.2137829659985408
23,33,0;7;8,0.6491730305858321,0.06024844720496894,0.23840760251829612
23,34,0;7;9,0.5956844990000065,0.05744444444444445,0.2217903077346826
23,35,0;8;9,0.7089391316578554,0.07224806201550386,0.22768920103417645
23,36,1;2;3,0.4951737411182524,0.06307692307692309,0.16864143190197284
23,37,1;2;4,0.42460407162014563,0.07069767441860465,0.22204504346970333
23,38,1;2;5,0.4197839608446146,0.06484848484848486,0.22524577168942034
23,39,1;2;6,0.5615414154509859,0.06993939393939394,0.20533401403104184
23,40,1;2;7,0.5763982322484441,0.07364341085271318,0.22612861500280096
23,41,1;2;8,0.5701484056630954,0.05854166666666667,0.2322165532695165
23,42,1;2;9,0.5388414466341611,0.07131782945736434,0.21637803885860035
23,43,1;3;4,0.36647201810652563,0.07162790697674419,0.16623437671100472
23,44,1;3;5,0.31606228900581135,0.0492982456140351,0.1607128592712102
23,45,1;3;6,0.49861491670566727,0.06433333333333334,0.14102491937000328
23,46,1;3;7,0.5030851044519913,0.07658914728682172,0.16158940959036572
23,47,1;3;8,0.5107465010058311,0.05800000000000002,0.1681603952257938
23,48,1;3;9,0.46787432862743034,0.06474358974358974,0.15275408501412985
23,49,1;4;5,0.4161202534097803,0.06371794871794872,0.21599547398343744
23,50,1;4;6,0.5693645039460243,0.08342857142857144,0.19627229517631772
23,51,1;4;7,0.5137855719639389,0.07733333333333335,0.216849366748245
23,52,1;4;8,0.5791115288211061,0.07379844961240312,0.22271212661462994
23,53,1;4;9,0.5756146249458867,0.08250000000000002,0.20740987693639468
23,54,1;5;6,0.43659726292993795,0.0613658536585366,0.22064344554053938
23,55,1;5;7,0.45274517365486533,0.06034883720930233,0.2371628067066122
23,56,1;5;8,0.449943387941086,0.04754863813229573,0.2394346264793311
23,57,1;5;9,0.4238166332467297,0.06104651162790699,0.22665887478159155
23,58,1;6;7,0.6211633066450648,0.0693793103448276,0.2184389790544187
23,59,1;6;8,0.71732008314689,0.07186206896551725,0.21997018113466826
23,60,1;6;9,0.6903542098648069,0.08266666666666668,0.21752163648028064
23,61,1;7;8,0.6529624490372266,0.06434782608695652,0.24029635817740122
23,62,1;7;9,0.6098663691873792,0.07162790697674419,0.22539250893116183
23,63,1;8;9,0.6966046811358638,0.07441860465116279,0.23130397603755481
23,64,2;3;4,0.36911575269931995,0.06281250000000002,0.17284005784370668
23,65,2;3;5,0.3610828239939279,0.05004784688995217,0.16686662708551844
23,66,2;3;6,0.5285434107633123,0.06413793103448277,0.14516483092339233
23,67,2;3;7,0.542686701711405,0.07344827586206898,0.1688086398583588
23,68,2;3;8,0.5929412875202178,0.0596969696969697,0.1749887989363444
23,69,2;3;9,0.4850636919221736,0.06279069767441861,0.15706906045376534
23,70,2;4;5,0.42743815230145954,0.06418300653594772,0.2214411592496836
23,71,2;4;6,0.41778342033879046,0.07250000000000001,0.19977929676885087
23,72,2;4;7,0.4363364123095504,0.07062500000000001,0.22336944450478663
23,73,2;4;8,0.44049478971072387,0.05882352941176471,0.22911123197763142
23,74,2;4;9,0.40820677300572283,0.07009523809523811,0.21141569200620886
23,75,2;5;6,0.4086848707923778,0.06156097560975611,0.21155848468054578
23,76,2;5;7,0.44159426882644204,0.06197674418604653,0.22993497193819457
23,77,2;5;8,0.4315560955363032,0.04700389105058367,0.23153716953495207
23,78,2;5;9,0.39552072554941886,0.05988372093023257,0.21796469318220396
23,79,2;6;7,0.5505100571608033,0.06827586206896552,0.20937096406791278
23,80,2;6;8,0.6051364346444641,0.06262068965517242,0.21066446889615761
23,81,2;6;9,0.5670514146042722,0.07352380952380953,0.20874045150654807
23,82,2;7;8,0.5967097039318905,0.059006211180124245,0.23336544386725536
23,83,2;7;9,0.5263463735610712,0.06837209302325582,0.2170270057119631
23,84,2;8;9,0.5673305074795025,0.06465116279069769,0.22291823083745438
23,85,3;4;5,0.338965745389064,0.04918660287081341,0.16446347683894916
23,86,3;4;6,0.37313725241941864,0.06848484848484851,0.1428037916593337
23,87,3;4;7,0.3702321485716382,0.07,0.1663986412618848
23,88,3;4;8,0.3923395930158801,0.05875862068965519,0.17241976391341393
23,89,3;4;9,0.36465335099233737,0.06403100775193798,0.15469989907480702
23,90,3;5;6,0.308821311170468,0.04700389105058367,0.14569623345046512
23,91,3;5;7,0.3409937091013717,0.049377990430622014,0.16396239252257042
23,92,3;5;8,0.35156953759532605,0.04217898832684826,0.16578326945640307
23,93,3;5;9,0.30370136222706046,0.045614035087719315,0.15241193185765606
23,94,3;6;7,0.4637665538003224,0.0604878048780488,0.14346966756181173
23,95,3;6;8,0.5447341983541889,0.05903448275862069,0.14493949449596313
23,96,3;6;9,0.4953175209698726,0.06356589147286824,0.14316750035629897
23,97,3;7;8,0.524837718338705,0.055652173913043494,0.1676048664595814
23,98,3;7;9,0.43991470315144887,0.05910256410256412,0.1514443261650233
23,99,3;8;9,0.4976962974322925,0.06,0.15743241591954088
23,100,4;5;6,0.41187937353683945,0.062259887005649724,0.2021994731081428
23,101,4;5;7,0.44682424843481067,0.061960784313725495,0.22046343985842037
23,102,4;5;8,0.43466020538854533,0.04789699570815452,0.22187354379499846
23,103,4;5;9,0.4051239522432903,0.060641025641025664,0.20864657310058635
23,104,4;6;7,0.49333451764751124,0.06848484848484851,0.20001932672764705
23,105,4;6;8,0.6001540799828411,0.0763809523809524,0.20113523405811667
23,106,4;6;9,0.6022720995195188,0.08444444444444445,0.19943040313634952
23,107,4;7;8,0.518564001191029,0.05863354037267082,0.2236990815585351
23,108,4;7;9,0.5030929991165086,0.06728682170542637,0.2077277195054618
23,109,4;8;9,0.6070476038695627,0.07466666666666667,0.21347772811277876
23,110,5;6;7,0.4399858244041419,0.05911111111111112,0.22514655557554927
23,111,5;6;8,0.45302699564430876,0.04741935483870968,0.22669231322631195
23,112,5;6;9,0.42827529537662984,0.06023809523809524,0.22456643418117767
23,113,5;7;8,0.46974405286378235,0.046779661016949164,0.24420063352624777
23,114,5;7;9,0.42507701205033127,0.058181818181818196,0.23036735799700192
23,115,5;8;9,0.4417955994290838,0.04888888888888889,0.23353686255980238
23,116,6;7;8,0.620172338634745,0.055853658536585374,0.22453072162672708
23,117,6;7;9,0.6009824525968017,0.06589147286821706,0.22245211229586992
23,118,6;8;9,0.7418167407333831,0.07583333333333334,0.22421156402711945
23,119,7;8;9,0.613371948079402,0.05923076923076923,0.23265384669531763
24,0,0;1;2,0.6425856117018773,0.08700000000000002,0.1902490437383626
24,1,0;1;3,0.46837323456420515,0.06812500000000002,0.18167842380170204
24,2,0;1;4,0.6526643878667299,0.08250000000000002,0.188452750549924
24,3,0;1;5,0.6529140009776226,0.09314285714285714,0.1838395077320084
24,4,0;1;6,0.549193128715324,0.07771428571428574,0.1749064058268039
24,5,0;1;7,0.6078278650010468,0.07034482758620692,0.17028090868430995
24,6,0;1;8,0.5725816118561589,0.09161904761904766,0.1856097042814442
24,7,0;1;9,0.5951197857672775,0.08386206896551726,0.18953591929179792
24,8,0;2;3,0.4699767270103817,0.06465116279069769,0.18902071139085228
24,9,0;2;4,0.6572884174006495,0.07875000000000001,0.19441456439118404
24,10,0;2;5,0.648908670985392,0.08883333333333335,0.1840787359310141
24,11,0;2;6,0.5610670034733786,0.07630434782608697,0.1784678799632884
24,12,0;2;7,0.6104426587990932,0.07058139534883723,0.17755858871472704
24,13,0;2;8,0.5817285860564265,0.08950000000000001,0.1929797504974816
24,14,0;2;9,0.6021550808653675,0.08267441860465118,0.19640176882369298
24,15,0;3;4,0.5211727442683237,0.06916666666666668,0.18610590274145364
24,16,0;3;5,0.46373143165934183,0.07193798449612404,0.1756089178750671
24,17,0;3;6,0.42854933710561455,0.06250000000000001,0.169935242505853
24,18,0;3;7,0.49381965957092255,0.060000000000000005,0.17491773011602563
24,19,0;3;8,0.4066592329939129,0.06744186046511629,0.1843466418915988
24,20,0;3;9,0.43335184229699586,0.06321243523316063,0.187751201821611
24,21,0;4;5,0.6583574170679054,0.09000000000000002,0.18291570627637577
24,22,0;4;6,0.6048087757193646,0.08448275862068966,0.1769399484914943
24,23,0;4;7,0.6384896397544428,0.06000000000000001,0.17559589497330078
24,24,0;4;8,0.5684831741794321,0.08333333333333334,0.1901208157928333
24,25,0;4;9,0.613547179715866,0.07891891891891893,0.194647799792249
24,26,0;5;6,0.5658493140201529,0.10628571428571433,0.1687918468545781
24,27,0;5;7,0.611195117752551,0.07019607843137257,0.164419359094931
24,28,0;5;8,0.5763926646642274,0.11111111111111112,0.17912036806718834
24,29,0;5;9,0.6099878252074151,0.09960784313725493,0.1835005507054025
24,30,0;6;7,0.5289438263273563,0.05440414507772022,0.15906053287767402
24,31,0;6;8,0.46821481139016285,0.09961904761904766,0.17378992605215762
24,32,0;6;9,0.5707865574007989,0.08800000000000001,0.17807621485333883
24,33,0;7;8,0.5499022692043177,0.06939393939393941,0.17285396522002283
24,34,0;7;9,0.5687238652186238,0.06541666666666668,0.176838357920098
24,35,0;8;9,0.5270179818700269,0.0984848484848485,0.19176447864705295
24,36,1;2;3,0.7470053964388417,0.08031250000000001,0.18324572307794185
24,37,1;2;4,0.9407023148325848,0.07833333333333334,0.20723897734563718
24,38,1;2;5,0.9475941694523747,0.08895238095238098,0.20374754406589937
24,39,1;2;6,0.5619040448096592,0.06930232558139536,0.19417817966578976
24,40,1;2;7,0.7772563117954675,0.08573643410852715,0.18393505063793328
24,41,1;2;8,0.7562612229196781,0.09200000000000003,0.2054476486885472
24,42,1;2;9,0.6082322461138622,0.08480620155038761,0.20809107743844651
24,43,1;3;4,0.7408516170587871,0.06812500000000002,0.18138909528129066
24,44,1;3;5,0.7338652522275958,0.07818181818181819,0.1768895975726682
24,45,1;3;6,0.42151334657506984,0.056875,0.1680027703018992
24,46,1;3;7,0.7194445730624974,0.07636363636363638,0.17031895130617591
24,47,1;3;8,0.658144886026548,0.07818181818181819,0.17861016436987615
24,48,1;3;9,0.5096842139837117,0.07000000000000003,0.18231188644831542
24,49,1;4;5,0.9469599213179709,0.08285714285714287,0.20220166806484513
24,50,1;4;6,0.5742906212529084,0.07000000000000002,0.19285936584671204
24,51,1;4;7,0.7673871497208871,0.06235294117647059,0.18285410956922704
24,52,1;4;8,0.7482799092414778,0.07980952380952382,0.2033799462440875
24,53,1;4;9,0.6060741583709386,0.07150326797385623,0.20728479892137777
24,54,1;5;6,0.5764071199887684,0.07814285714285715,0.18677330770286266
24,55,1;5;7,0.771987121733998,0.07696551724137933,0.1778285552891824
24,56,1;5;8,0.7517486271800649,0.09708333333333335,0.1986726508071171
24,57,1;5;9,0.6320612206505724,0.08800000000000001,0.20204789305485285
24,58,1;6;7,0.49737649034997256,0.05182692307692309,0.1689557276958602
24,59,1;6;8,0.47250482236461305,0.07642857142857144,0.18965717204642454
24,60,1;6;9,0.5524867033128449,0.07037500000000002,0.19304674481493114
24,61,1;7;8,0.7016193906025089,0.0772093023255814,0.17921004481596556
24,62,1;7;9,0.5760413550851066,0.07275000000000002,0.18312730333855354
24,63,1;8;9,0.560305496096273,0.0902325581395349,0.20372465813830654
24,64,2;3;4,0.734994413348017,0.06558139534883722,0.18730766930647283
24,65,2;3;5,0.7382835878386074,0.072875,0.17710984288091008
24,66,2;3;6,0.43007553168011425,0.05402985074626867,0.1715676858998953
24,67,2;3;7,0.7222914018497131,0.07587500000000001,0.17758972249577681
24,68,2;3;8,0.6696592344847501,0.07487500000000001,0.18596684481342596
24,69,2;3;9,0.5016619469837753,0.0669607843137255,0.18914205888324004
24,70,2;4;5,0.9331555110932883,0.07883333333333337,0.20174648225879221
24,71,2;4;6,0.5802777824468268,0.06714285714285716,0.19563836454362374
24,72,2;4;7,0.7663809219189524,0.06271739130434784,0.18905155019636516
24,73,2;4;8,0.7502396630833446,0.07783333333333334,0.20915518849131837
24,74,2;4;9,0.6054907014982862,0.06923913043478264,0.21306495726140282
24,75,2;5;6,0.5722374254964471,0.07563636363636365,0.18801226007792862
24,76,2;5;7,0.7787154531509662,0.07512500000000003,0.17804659186705385
24,77,2;5;8,0.7634758781363928,0.09161904761904761,0.19889626308213698
24,78,2;5;9,0.6195674416050434,0.08325000000000002,0.20202445553784748
24,79,2;6;7,0.5052207764883668,0.0532806324110672,0.1725231044522235
24,80,2;6;8,0.484800237378186,0.07636363636363638,0.19312249593133898
24,81,2;6;9,0.5676746905808479,0.07174603174603178,0.1964396845571359
24,82,2;7;8,0.7092237222137379,0.07613793103448277,0.1864988095043149
24,83,2;7;9,0.5689909973367717,0.07250000000000001,0.1899731481196457
24,84,2;8;9,0.5537718401735203,0.08717241379310346,0.21044301168504143
24,85,3;4;5,0.7295148936107791,0.06868965517241381,0.1758736162930563
24,86,3;4;6,0.4767308287508664,0.05782608695652175,0.16999748467539744
24,87,3;4;7,0.7356461850725065,0.06013071895424837,0.17554160989694592
24,88,3;4;8,0.658931904852594,0.06496551724137932,0.18306367272892926
24,89,3;4;9,0.5291315426312256,0.05894736842105264,0.18744670620859455
24,90,3;5;6,0.42949724404982487,0.06464864864864865,0.16189826882863817
24,91,3;5;7,0.7199937957589295,0.07087500000000002,0.16447459133643627
24,92,3;5;8,0.6686827831498963,0.0796969696969697,0.1721386713368715
24,93,3;5;9,0.5308157190430715,0.07281105990783412,0.1763025932493052
24,94,3;6;7,0.4652552524395243,0.04967741935483872,0.15902410019779534
24,95,3;6;8,0.382696256290692,0.06108108108108108,0.16691439365347882
24,96,3;6;9,0.4509736306093899,0.05898617511520738,0.17098091491890632
24,97,3;7;8,0.6634001130483169,0.07181818181818182,0.17286199458962603
24,98,3;7;9,0.5667241903146703,0.06691891891891893,0.1766228330073858
24,99,3;8;9,0.5042755194492816,0.07351351351351353,0.18454667882398512
24,100,4;5;6,0.5846245934645231,0.07900000000000001,0.18715631267557853
24,101,4;5;7,0.7692344229708306,0.06032608695652175,0.17744327774920837
24,102,4;5;8,0.7536692532149207,0.08361904761904762,0.1975886893399983
24,103,4;5;9,0.6193510276761462,0.07619565217391307,0.20180458090951892
24,104,4;6;7,0.5354679175368139,0.04646551724137932,0.17161809255544933
24,105,4;6;8,0.4741846125813965,0.07300000000000001,0.19136064978655348
24,106,4;6;9,0.579145926249707,0.0734615384615385,0.1950871651336574
24,107,4;7;8,0.6971301946775939,0.06013071895424839,0.18455906917731663
24,108,4;7;9,0.5859957943538617,0.051785714285714296,0.18864673022583656
24,109,4;8;9,0.5335211192065198,0.07372549019607844,0.20892942981758056
24,110,5;6;7,0.5090049029602692,0.05619512195121953,0.1630301415737327
24,111,5;6;8,0.48225503773288414,0.10019047619047622,0.18367814628750445
24,112,5;6;9,0.5633119752020761,0.08537499999999999,0.18697640337513438
24,113,5;7;8,0.7126131256840686,0.07751937984496125,0.17293564734732017
24,114,5;7;9,0.5982758873989499,0.07245098039215689,0.17732709959251214
24,115,5;8;9,0.5809707415948069,0.10496124031007754,0.19737753506940497
24,116,6;7;8,0.44451800426352156,0.056222222222222236,0.16787062409779985
24,117,6;7;9,0.5170129634701465,0.0551152073732719,0.17199421582390673
24,118,6;8;9,0.48136183996429427,0.08441379310344829,0.19193966871918028
24,119,7;8;9,0.5547467020478588,0.0731707317073171,0.1853155646552332
25,0,0;1;2,0.2755811556164795,0.07276190476190478,0.10533187742518033
25,1,0;1;3,0.2668375808971044,0.06579310344827588,0.10750024242131674
25,2,0;1;4,0.2586081699755209,0.07550000000000001,0.10772033573426333
25,3,0;1;5,0.281196430645023,0.0740952380952381,0.10712754422086765
25,4,0;1;6,0.2774386058622529,0.06666666666666668,0.10746624388850529
25,5,0;1;7,0.2714819243293153,0.0782857142857143,0.10574003105386501
25,6,0;1;8,0.2631784774370675,0.06775193798449614,0.10235640702655502
25,7,0;1;9,0.25865362651946444,0.07193798449612404,0.10326321106345843
25,8,0;2;3,0.26427460238518846,0.06843750000000001,0.10531104236573903
25,9,0;2;4,0.2637661284940051,0.07714285714285715,0.10544212615088414
25,10,0;2;5,0.2803752352910341,0.07047619047619048,0.10493266847017399
25,11,0;2;6,0.2741421847630817,0.06666666666666668,0.10526405697607255
25,12,0;2;7,0.2546395879148049,0.07283333333333335,0.1048444906237766
25,13,0;2;8,0.25843979830338526,0.0668217054263566,0.10016400150034567
25,14,0;2;9,0.2535307252536241,0.07030303030303033,0.10184856857564076
25,15,0;3;4,0.2632122764977186,0.07885714285714289,0.10751024326834845
25,16,0;3;5,0.2699227141632451,0.06358620689655174,0.10694199024788885
25,17,0;3;6,0.2925959749247059,0.08057142857142859,0.10728127996749331
25,18,0;3;7,0.2652786068284591,0.07483333333333334,0.10561706318758732
25,19,0;3;8,0.2718991453691776,0.07705426356589148,0.10215784372318627
25,20,0;3;9,0.26688189163338516,0.07848484848484849,0.10306562209300865
25,21,0;4;5,0.2702217057862651,0.07771428571428572,0.10713686274096919
25,22,0;4;6,0.269769561015946,0.08076190476190478,0.10747552410884245
25,23,0;4;7,0.2745120787988538,0.0888888888888889,0.10579782725589912
25,24,0;4;8,0.25828779416744185,0.08190476190476192,0.10236317244212886
25,25,0;4;9,0.2545089057242881,0.08590476190476193,0.10326740040596392
25,26,0;5;6,0.28845050522333426,0.06727272727272728,0.10709919469148038
25,27,0;5;7,0.2716957055700737,0.07828571428571429,0.10524907444480831
25,28,0;5;8,0.27163947844724645,0.06727272727272728,0.10190798040804461
25,29,0;5;9,0.26773146056696323,0.07147286821705427,0.10273282957300703
25,30,0;6;7,0.27497476230761464,0.08076190476190478,0.10557806491806741
25,31,0;6;8,0.29731894501322453,0.08333333333333334,0.1020788804640542
25,32,0;6;9,0.29266787102552555,0.08590476190476193,0.1030457562435232
25,33,0;7;8,0.2638834459903773,0.08076190476190477,0.10046958561108986
25,34,0;7;9,0.2591133129226272,0.08458333333333334,0.1022168600212022
25,35,0;8;9,0.3017399985757455,0.09333333333333337,0.0979415881158976
25,36,1;2;3,0.2532777451529283,0.06217054263565893,0.1063238566946966
25,37,1;2;4,0.2518346208937275,0.07104761904761905,0.10655184268461593
25,38,1;2;5,0.2716463503345972,0.06958333333333334,0.10614513558777446
25,39,1;2;6,0.2597612732663077,0.06232558139534884,0.10639009431923208
25,40,1;2;7,0.2535489209736831,0.0695,0.10585149237752936
25,41,1;2;8,0.2533507334356929,0.06117647058823531,0.10087552567319262
25,42,1;2;9,0.24466557302216807,0.06386206896551724,0.10294452823084509
25,43,1;3;4,0.2385696852498283,0.061550387596899236,0.1087128686157299
25,44,1;3;5,0.2569932762276298,0.05903448275862071,0.1082885503188368
25,45,1;3;6,0.26596816447486893,0.06303030303030305,0.10854157706084959
25,46,1;3;7,0.2518234635931524,0.0623529411764706,0.1067333380160343
25,47,1;3;8,0.2383797013537586,0.0542857142857143,0.10301174509690053
25,48,1;3;9,0.2320626977032575,0.05625000000000001,0.10425144408703199
25,49,1;4;5,0.25443202311917024,0.07238095238095239,0.10853578783532813
25,50,1;4;6,0.2442967063864974,0.06234482758620691,0.10879061416059634
25,51,1;4;7,0.2553126758743919,0.07428571428571429,0.10698074335072423
25,52,1;4;8,0.2374570308502315,0.06457516339869283,0.10326098316771572
25,53,1;4;9,0.2288841679460953,0.06732026143790852,0.1044967717958114
25,54,1;5;6,0.2663641430282767,0.059724137931034496,0.10851361545335436
25,55,1;5;7,0.2645092435134062,0.07250000000000001,0.10656230183331318
25,56,1;5;8,0.2586603582345237,0.06317241379310345,0.1028066426009493
25,57,1;5;9,0.2508349506911087,0.06627450980392158,0.10411800188950651
25,58,1;6;7,0.2573737161693673,0.06441379310344829,0.10680688098190683
25,59,1;6;8,0.24696942191519722,0.05312500000000001,0.10296756587373447
25,60,1;6;9,0.24130921204351286,0.05622222222222223,0.10434582236894253
25,61,1;7;8,0.2552118663965572,0.06620689655172415,0.10128313748423116
25,62,1;7;9,0.24557143683441066,0.06945736434108529,0.10338478415769407
25,63,1;8;9,0.2594974980577586,0.06696969696969698,0.09881473901477686
25,64,2;3;4,0.24752665851183567,0.07,0.10643506329848501
25,65,2;3;5,0.26188871034121597,0.06514285714285716,0.1060947058706901
25,66,2;3;6,0.25869964057065187,0.06511627906976744,0.10634144472036744
25,67,2;3;7,0.23533633788604488,0.06102564102564102,0.10583860982354781
25,68,2;3;8,0.23914660866464676,0.06341463414634148,0.10082242192562169
25,69,2;3;9,0.23363209134547414,0.06341463414634148,0.10283896883458642
25,70,2;4;5,0.2640006778551337,0.07555555555555557,0.106253393109781
25,71,2;4;6,0.2496479014380455,0.06697674418604652,0.10650026518376139
25,72,2;4;7,0.2511714384697571,0.07333333333333335,0.10595906646652975
25,73,2;4;8,0.2480570239049416,0.07151515151515153,0.10098393943871084
25,74,2;4;9,0.24156138231767277,0.07333333333333335,0.10302426585568875
25,75,2;5;6,0.2692184190300763,0.06372093023255815,0.10631164257499211
25,76,2;5;7,0.25283465520322707,0.069,0.10565998134948952
25,77,2;5;8,0.2601218067562573,0.06545454545454546,0.1006109126896071
25,78,2;5;9,0.252415547876459,0.06727272727272729,0.10269929262215863
25,79,2;6;7,0.2399041000636537,0.06290909090909091,0.10590398445249735
25,80,2;6;8,0.24181809531691484,0.056041666666666684,0.1007650407333272
25,81,2;6;9,0.23652708269266443,0.058555555555555555,0.10292339702764955
25,82,2;7;8,0.23600008678097195,0.06111111111111113,0.10038514848585939
25,83,2;7;9,0.22884978104117118,0.06444444444444446,0.10273111680195021
25,84,2;8;9,0.25590269814306144,0.06969696969696972,0.09740394637139027
25,85,3;4;5,0.2536124921529693,0.06742857142857145,0.10829818603812155
25,86,3;4;6,0.2583526339652397,0.07390476190476192,0.10855143128816398
25,87,3;4;7,0.25359271431244135,0.07333333333333333,0.10679171163627142
25,88,3;4;8,0.2391690967869235,0.07151515151515153,0.10302034579785221
25,89,3;4;9,0.2357419324551036,0.07317829457364343,0.10425654593266764
25,90,3;5;6,0.2688687852855106,0.06275862068965518,0.10828848624333763
25,91,3;5;7,0.24998642249934291,0.06145454545454547,0.10641023037681946
25,92,3;5;8,0.24619192772219933,0.05837837837837839,0.10258188831283244
25,93,3;5;9,0.24197910911365947,0.06000000000000002,0.10389513632356855
25,94,3;6;7,0.2652754464935406,0.07350000000000001,0.10665460810287103
25,95,3;6;8,0.26130750746842435,0.06967320261437909,0.10274210390079147
25,96,3;6;9,0.25648228930558054,0.07158620689655174,0.10412071766654969
25,97,3;7;8,0.24040475417124618,0.06333333333333335,0.10112832893083551
25,98,3;7;9,0.23301610713235654,0.06470588235294118,0.10320763004703991
25,99,3;8;9,0.2647503271498939,0.0778787878787879,0.09858591202578694
25,100,4;5;6,0.25896622544852876,0.0684848484848485,0.10852256842933354
25,101,4;5;7,0.26224148514861856,0.07714285714285715,0.10661899430833695
25,102,4;5;8,0.25436840821124435,0.07193798449612404,0.10281408876841094
25,103,4;5;9,0.24730658265745895,0.07484848484848486,0.1041223713009197
25,104,4;6;7,0.25924860470620537,0.07771428571428574,0.10686441906179786
25,105,4;6;8,0.24008592237524126,0.0684967320261438,0.10297542047592718
25,106,4;6;9,0.2361607737941614,0.07214285714285716,0.10434997462408704
25,107,4;7;8,0.2549977281903434,0.07666666666666669,0.10133931471596788
25,108,4;7;9,0.24547166412055826,0.07942857142857145,0.10342492092978874
25,109,4;8;9,0.25729700832073127,0.08361904761904763,0.09881740656101612
25,110,5;6;7,0.257147865028167,0.065875,0.10663035336050451
25,111,5;6;8,0.25664882905068415,0.05611940298507463,0.10273646721987355
25,112,5;6;9,0.2534914208190729,0.06054054054054055,0.10412061769283493
25,113,5;7;8,0.2539848227183299,0.06650000000000002,0.10092680000303814
25,114,5;7;9,0.245528990936389,0.07020689655172416,0.10307132766718831
25,115,5;8;9,0.26867538059900115,0.07060606060606063,0.09842206619953428
25,116,6;7;8,0.2485168730499751,0.06763636363636365,0.10107860735179061
25,117,6;7;9,0.24250896207473527,0.0702857142857143,0.10329588413646587
25,118,6;8;9,0.2847667236654081,0.08150000000000002,0.09855884134303455
25,119,7;8;9,0.25995503884902765,0.07904761904761906,0.0977721296654312
26,0,0;1;2,0.6591621612035,0.07961904761904763,0.10421699471647293
26,1,0;1;3,0.8041620597793026,0.07090909090909094,0.10594212748131374
26,2,0;1;4,0.6169035450299577,0.07687500000000003,0.10497219721186607
26,3,0;1;5,0.6605583565021708,0.07751937984496125,0.1058036754311784
26,4,0;1;6,0.6025771667676499,0.06093750000000002,0.10601252681552359
26,5,0;1;7,0.6061633343917835,0.07904761904761906,0.10575201483515184
26,6,0;1;8,0.4675562402391686,0.0736551724137931,0.10578971932440692
26,7,0;1;9,0.7149479412496023,0.07833333333333334,0.1043826997113235
26,8,0;2;3,0.6720508219469917,0.0688372093023256,0.10503324025949207
26,9,0;2;4,0.5118073919178643,0.08285714285714287,0.10414289814283917
26,10,0;2;5,0.5491552101012106,0.0770542635658915,0.10498907297210323
26,11,0;2;6,0.6159098903958274,0.07083333333333335,0.10518918318668256
26,12,0;2;7,0.6203790533244727,0.07961904761904764,0.10490751675564947
26,13,0;2;8,0.4242911754193093,0.07581395348837211,0.10495998483663813
26,14,0;2;9,0.6635868627973803,0.07428571428571429,0.1049475691952381
26,15,0;3;4,0.6439985765304198,0.06951219512195123,0.10590496009668407
26,16,0;3;5,0.6855737180961821,0.06755555555555556,0.10674520354041787
26,17,0;3;6,0.6311058001803732,0.06124137931034484,0.10694553230965012
26,18,0;3;7,0.6141813497104767,0.06375000000000001,0.10668070559444731
26,19,0;3;8,0.48495790467217265,0.06125000000000001,0.1067199556642176
26,20,0;3;9,0.7191981637174177,0.06731034482758622,0.10522777266460212
26,21,0;4;5,0.6213193380747268,0.07348837209302328,0.10587774993155598
26,22,0;4;6,0.47375618319730367,0.06434108527131782,0.10597834861691623
26,23,0;4;7,0.4767029338244768,0.0757241379310345,0.10574684415606421
26,24,0;4;8,0.4903684490940676,0.07363636363636367,0.10576363074831342
26,25,0;4;9,0.5535750389850731,0.07310344827586208,0.10434693354669904
26,26,0;5;6,0.489523479423406,0.05833333333333334,0.10681879484278888
26,27,0;5;7,0.5131467357241395,0.07442424242424245,0.10657181886942145
26,28,0;5;8,0.48470782472030294,0.07627906976744188,0.10659737737427812
26,29,0;5;9,0.6138848614464247,0.07381818181818182,0.10519163921846378
26,30,0;6;7,0.5902781964217103,0.06071428571428572,0.10675371170531761
26,31,0;6;8,0.42625749254412487,0.05775000000000001,0.10679344444301242
26,32,0;6;9,0.6189511801747454,0.056551724137931046,0.1053936305074739
26,33,0;7;8,0.3940028674936094,0.07448275862068968,0.10658130560906048
26,34,0;7;9,0.6264542779885486,0.07600000000000001,0.10512561571722251
26,35,0;8;9,0.46012204332469575,0.07137500000000002,0.105163255649382
26,36,1;2;3,0.7169786238424006,0.07580952380952383,0.10411826699019769
26,37,1;2;4,0.5357364114116843,0.08121212121212124,0.10322135671402571
26,38,1;2;5,0.5840102575965024,0.08780952380952381,0.10405594313552861
26,39,1;2;6,0.6229748496546249,0.0704761904761905,0.10426360256289524
26,40,1;2;7,0.638695748075378,0.09333333333333335,0.10397660171242927
26,41,1;2;8,0.4563842961293971,0.08750000000000002,0.10403993506561947
26,42,1;2;9,0.6669533665388797,0.0780952380952381,0.10400168749489377
26,43,1;3;4,0.7031482259016008,0.07666666666666669,0.10492125240732364
26,44,1;3;5,0.8457977434281003,0.09180952380952381,0.10575226564024987
26,45,1;3;6,0.639702620607397,0.069,0.10595928219830483
26,46,1;3;7,0.64469058996022,0.08209523809523811,0.10569777532302164
26,47,1;3;8,0.5530856603028809,0.08372093023255817,0.10573806074091022
26,48,1;3;9,0.8612591060343386,0.09041666666666667,0.10426499449736185
26,49,1;4;5,0.6210736003550652,0.07484848484848486,0.10492704926243072
26,50,1;4;6,0.4897304323585053,0.06048780487804879,0.10498942179241921
26,51,1;4;7,0.49649927060552995,0.08393939393939394,0.1047607903615827
26,52,1;4;8,0.5391737510565882,0.0828125,0.10477899069982735
26,53,1;4;9,0.6122471036882797,0.08121212121212124,0.10337862934559487
26,54,1;5;6,0.48460840688349077,0.06310077519379846,0.10582055447764024
26,55,1;5;7,0.5268092349356173,0.09166666666666667,0.1055788525334691
26,56,1;5;8,0.5090227427906799,0.0906666666666667,0.10560408898379482
26,57,1;5;9,0.7496868901246672,0.09352380952380954,0.10421291104972238
26,58,1;6;7,0.6032056786083378,0.07161904761904762,0.10576605258700783
26,59,1;6;8,0.42679458429857653,0.06593103448275864,0.10580638761092684
26,60,1;6;9,0.6223763584864315,0.058181818181818196,0.10442274203027924
26,61,1;7;8,0.4225713796968342,0.09390476190476192,0.10559808413944939
26,62,1;7;9,0.650220383668241,0.08495238095238097,0.10415598410740347
26,63,1;8;9,0.5368046826063405,0.08682170542635659,0.10419664673555976
26,64,2;3;4,0.5835816409402403,0.07043478260869566,0.10403496951150451
26,65,2;3;5,0.6486551929994561,0.07114285714285716,0.10488054592821613
26,66,2;3;6,0.6803505413873346,0.07161904761904764,0.10507960253706299
26,67,2;3;7,0.7036821065556019,0.07500000000000002,0.10479032885402377
26,68,2;3;8,0.5070760049051175,0.07058823529411766,0.10485160069749919
26,69,2;3;9,0.7090075444858706,0.06718750000000002,0.1048269655114249
26,70,2;4;5,0.49622512947999875,0.07255172413793105,0.10409340499303894
26,71,2;4;6,0.5382521159150869,0.0730232558139535,0.10419009010605787
26,72,2;4;7,0.5597489009202696,0.08790697674418607,0.10393219467688856
26,73,2;4;8,0.5074261160043164,0.08093750000000002,0.10397450443226285
26,74,2;4;9,0.5204086322579997,0.07117241379310346,0.10394944128078536
26,75,2;5;6,0.5357597275258132,0.0675968992248062,0.10503561271169826
26,76,2;5;7,0.6364774557366841,0.091,0.10476511758763303
26,77,2;5;8,0.48660919739836794,0.09009523809523812,0.10481333140739407
26,78,2;5;9,0.5779677876942209,0.07342857142857144,0.1047934271833604
26,79,2;6;7,0.6590992702037207,0.07561904761904764,0.10494456798996873
26,80,2;6;8,0.48224805340150223,0.07209302325581397,0.10500652187579063
26,81,2;6;9,0.6136048800270284,0.056744186046511644,0.10499310486246387
26,82,2;7;8,0.5122318009040181,0.09638095238095241,0.10476996301508962
26,83,2;7;9,0.6391039904076575,0.07600000000000001,0.10472572462440644
26,84,2;8;9,0.4324726267937908,0.07111111111111112,0.10476566417887839
26,85,3;4;5,0.6455551814645982,0.0677837837837838,0.1058230716093839
26,86,3;4;6,0.5495301785526611,0.064,0.10592201551745292
26,87,3;4;7,0.5466210414388724,0.07156756756756757,0.10568877869883259
26,88,3;4;8,0.5945113286453946,0.07243902439024394,0.10570888307112238
26,89,3;4;9,0.650378835540143,0.07018633540372672,0.1042204379815364
26,90,3;5;6,0.537866561446619,0.064,0.1067618309648067
26,91,3;5;7,0.6102391166263097,0.07672727272727274,0.10651429453678365
26,92,3;5;8,0.5431850216983338,0.07903448275862071,0.10654200224479612
26,93,3;5;9,0.8377188200097191,0.085,0.10506474368135901
26,94,3;6;7,0.6507677615841174,0.07200000000000001,0.10669449937901028
26,95,3;6;8,0.4810022417898662,0.06737500000000002,0.10673649779193596
26,96,3;6;9,0.6643000330168217,0.060413793103448285,0.10526673139770559
26,97,3;7;8,0.48329555108433697,0.08013793103448276,0.10652369781401379
26,98,3;7;9,0.7220217991618598,0.0735714285714286,0.1049952420898524
26,99,3;8;9,0.5825347052300601,0.07575000000000001,0.105036297808299
26,100,4;5;6,0.4537429862688823,0.053000000000000005,0.1058944964119901
26,101,4;5;7,0.46240213007451814,0.0709375,0.1056668244456901
26,102,4;5;8,0.4884395833405985,0.07363636363636365,0.10568148396392582
26,103,4;5;9,0.5536069297217074,0.07137500000000002,0.10428647639679346
26,104,4;6;7,0.5088702350985536,0.06522222222222224,0.10576057758898763
26,105,4;6;8,0.4583610338713008,0.0578048780487805,0.10578034572691741
26,106,4;6;9,0.5066535099379907,0.052857142857142866,0.10438690734346406
26,107,4;7;8,0.48346320720287705,0.08636363636363636,0.10559606997218282
26,108,4;7;9,0.5528340415325341,0.07887500000000003,0.10414844172307924
26,109,4;8;9,0.5757383352494013,0.08090909090909092,0.10416899281364328
26,110,5;6;7,0.5117836140149364,0.06569696969696971,0.10658602583533106
26,111,5;6;8,0.47302057576175327,0.06790697674418605,0.10661367526556809
26,112,5;6;9,0.5154972127646676,0.05266666666666668,0.10523103096597539
26,113,5;7;8,0.461519191298218,0.09300000000000003,0.10641780042146044
26,114,5;7;9,0.6566121426790541,0.0810909090909091,0.10497879179720898
26,115,5;8;9,0.5200406919800511,0.07986206896551726,0.10500643698655612
26,116,6;7;8,0.4544820503145163,0.07089655172413795,0.10659526672684196
26,117,6;7;9,0.6252908128749712,0.05875000000000001,0.10516005889159546
26,118,6;8;9,0.4532978307456711,0.05458333333333335,0.10520260268610601
26,119,7;8;9,0.5030297040713664,0.08262068965517241,0.10498495209482006
27,0,0;1;2,0.5887680296071092,0.07537500000000001,0.10417215980836839
27,1,0;1;3,0.5737843269393388,0.06372093023255815,0.1072723891475663
27,2,0;1;4,0.6079866818996398,0.07023255813953491,0.10780438354296097
27,3,0;1;5,0.6417344738272772,0.07656250000000002,0.10790555306767874
27,4,0;1;6,0.5383660764230203,0.0624418604651163,0.09977231756589242
27,5,0;1;7,0.4906774572565669,0.06737500000000002,0.10784067852623634
27,6,0;1;8,0.5498432512034938,0.06970588235294119,0.10416703394045208
27,7,0;1;9,0.5634340073701157,0.0573529411764706,0.10759230077018098
27,8,0;2;3,0.5984764883839767,0.06759689922480622,0.10550220034578402
27,9,0;2;4,0.6018730369407879,0.0717241379310345,0.10618797017121351
27,10,0;2;5,0.6138976487085195,0.07545454545454547,0.10624906982808596
27,11,0;2;6,0.5344878846334344,0.06662068965517243,0.09875984125503745
27,12,0;2;7,0.5170122461154768,0.07484848484848486,0.1061105715311881
27,13,0;2;8,0.5084353655701646,0.06770186335403727,0.10316350712795762
27,14,0;2;9,0.5266195123955026,0.05664864864864866,0.10581374559889968
27,15,0;3;4,0.6417592311031262,0.07375000000000002,0.109955492785167
27,16,0;3;5,0.6212159344570242,0.06727272727272729,0.10991228984925515
27,17,0;3;6,0.5821672277465153,0.06914285714285716,0.10165538879523511
27,18,0;3;7,0.5298419695312568,0.06914728682170544,0.10976281635809963
27,19,0;3;8,0.5797794192677475,0.0636024844720497,0.10690255872152696
27,20,0;3;9,0.6040442398481729,0.059254658385093174,0.10963520416140853
27,21,0;4;5,0.7361216021279816,0.07272727272727274,0.11059057828436603
27,22,0;4;6,0.7206363211756766,0.07352380952380953,0.10242574156991435
27,23,0;4;7,0.5234204768379671,0.07062068965517242,0.11040750014658499
27,24,0;4;8,0.7573013493696905,0.06956521739130436,0.10738568207732233
27,25,0;4;9,0.7891030779544259,0.06422360248447208,0.11035880949087766
27,26,0;5;6,0.6431046753849803,0.064375,0.10247218017651417
27,27,0;5;7,0.5145260748784336,0.06727272727272728,0.11040010340151087
27,28,0;5;8,0.6875385406871651,0.07500000000000001,0.10752559766949496
27,29,0;5;9,0.6996644803138887,0.06333333333333335,0.11036041206437344
27,30,0;6;7,0.4726066999805681,0.06635658914728683,0.10225095467079887
27,31,0;6;8,0.6577203598288427,0.06536585365853659,0.09935530891130143
27,32,0;6;9,0.6873177731457303,0.057317073170731724,0.10219028392977518
27,33,0;7;8,0.3974355995086847,0.06270270270270271,0.10727314806050477
27,34,0;7;9,0.44801912383109627,0.052238805970149266,0.11014594908922114
27,35,0;8;9,0.7852591413562766,0.07,0.107495063988136
27,36,1;2;3,0.6323817798499973,0.06509803921568628,0.10413849397495228
27,37,1;2;4,0.5789199586155621,0.06857142857142859,0.10453550656804038
27,38,1;2;5,0.6501770183254408,0.07829457364341086,0.10467866361613776
27,39,1;2;6,0.5185683439196486,0.060000000000000005,0.09710241509606743
27,40,1;2;7,0.5088324212176611,0.06784313725490196,0.1045961671270056
27,41,1;2;8,0.5354573396433759,0.06619565217391306,0.10099038886350782
27,42,1;2;9,0.5555447575029986,0.05756097560975611,0.10395329601422322
27,43,1;3;4,0.5815549281734617,0.06372093023255816,0.10715873536448986
27,44,1;3;5,0.68118535566428,0.0666666666666667,0.10731274381731559
27,45,1;3;6,0.5332436455804602,0.05615819209039549,0.09907701421000505
27,46,1;3;7,0.5049611402660388,0.06039215686274511,0.10726983687816939
27,47,1;3;8,0.6153529118833247,0.057823834196891195,0.10367433513924283
27,48,1;3;9,0.6498699527999064,0.05626943005181348,0.10688196963385316
27,49,1;4;5,0.6470779687551613,0.06837209302325584,0.10773712029847288
27,50,1;4;6,0.5551413892745185,0.06107317073170732,0.09961273858616887
27,51,1;4;7,0.5016621467508947,0.06412698412698414,0.10766997365560482
27,52,1;4;8,0.5065832996167057,0.057391304347826105,0.10405231448585305
27,53,1;4;9,0.58796484502711,0.05407942238267147,0.10742586714863361
27,54,1;5;6,0.5931844848216526,0.06065359477124183,0.09982505260865479
27,55,1;5;7,0.5102794306377235,0.06511627906976745,0.10784589558485194
27,56,1;5;8,0.8897131485281744,0.08279069767441861,0.10423586628745671
27,57,1;5;9,0.9086638769896016,0.07209302325581396,0.10757706818254587
27,58,1;6;7,0.45757619940015465,0.05732558139534885,0.09971249678237332
27,59,1;6;8,0.5148679001036719,0.05526970954356847,0.09607715282727154
27,60,1;6;9,0.5626653550259435,0.048688524590163935,0.09942944265029256
27,61,1;7;8,0.3760202548890458,0.056585365853658545,0.1041317209691996
27,62,1;7;9,0.4385632188829589,0.04944444444444446,0.10749072366102576
27,63,1;8;9,0.9614673267186843,0.07411764705882354,0.10417176098865147
27,64,2;3;4,0.5952200238916473,0.06527131782945737,0.1057239204330257
27,65,2;3;5,0.716982241639916,0.07333333333333335,0.105857175278267
27,66,2;3;6,0.5346208676742594,0.061523809523809536,0.09844026558647079
27,67,2;3;7,0.6189179768961177,0.07333333333333335,0.1057003980899176
27,68,2;3;8,0.6249273546762318,0.06323809523809526,0.10302216815354988
27,69,2;3;9,0.6477607325962489,0.061523809523809536,0.10531429911397867
27,70,2;4;5,0.5987752077943036,0.06784313725490196,0.10644280606591683
27,71,2;4;6,0.5357743909708148,0.06250000000000001,0.09887613863036786
27,72,2;4;7,0.5259124414357231,0.06666666666666668,0.10631316091314184
27,73,2;4;8,0.47899013248806965,0.057202072538860116,0.10327132454552754
27,74,2;4;9,0.5197592180327585,0.053463414634146354,0.10592343739473753
27,75,2;5;6,0.535560673010519,0.06050000000000001,0.09898991590841014
27,76,2;5;7,0.6017434731675603,0.07555555555555557,0.10641814981874227
27,77,2;5;8,0.6186911917901909,0.07500000000000001,0.10374489580808471
27,78,2;5;9,0.6365447965448181,0.06571428571428573,0.10602598495937614
27,79,2;6;7,0.47528729160464345,0.06571428571428574,0.09883325224688926
27,80,2;6;8,0.43231151900502773,0.05586206896551726,0.09615575331987339
27,81,2;6;9,0.46894225793997035,0.04950000000000001,0.09845601356809346
27,82,2;7;8,0.48883900257695495,0.06971428571428573,0.10355738456893483
27,83,2;7;9,0.5362504439332343,0.06050000000000001,0.1058656557258284
27,84,2;8;9,0.6160401480502997,0.06704761904761906,0.10336640408945139
27,85,3;4;5,0.6183095395977445,0.06545454545454547,0.10988481383035484
27,86,3;4;6,0.5854599615208073,0.06800000000000002,0.10163174338651534
27,87,3;4;7,0.5306618920360926,0.06697674418604653,0.10973981124066598
27,88,3;4;8,0.5609936485075436,0.06012422360248448,0.10683951026138817
27,89,3;4;9,0.6071777801395193,0.05925465838509318,0.10965159411306417
27,90,3;5;6,0.5564805491130375,0.05866666666666668,0.10173224304695695
27,91,3;5;7,0.5981135099488457,0.0688888888888889,0.10976880751145394
27,92,3;5;8,0.6764095425180969,0.06457142857142859,0.10726461409785676
27,93,3;5;9,0.704625188108244,0.06285714285714286,0.10969471935142629
27,94,3;6;7,0.4816871952722247,0.06291666666666668,0.10152497041073796
27,95,3;6;8,0.5144383868983413,0.057272727272727274,0.09900747375275973
27,96,3;6;9,0.5542697050984374,0.05454545454545455,0.101423075414027
27,97,3;7;8,0.49694336314846216,0.06033333333333335,0.10705268362022612
27,98,3;7;9,0.5480131647225777,0.05800000000000001,0.10951369639578118
27,99,3;8;9,0.7107809272425921,0.06708333333333334,0.10711572843943415
27,100,4;5;6,0.6470258993247086,0.06193103448275863,0.10246491453227813
27,101,4;5;7,0.5170586828999651,0.0623529411764706,0.11038270107390807
27,102,4;5;8,0.6541237044430005,0.06338983050847458,0.10750504068876084
27,103,4;5;9,0.703873229019945,0.058983050847457634,0.11040901192666211
27,104,4;6;7,0.48052939513993914,0.06317241379310347,0.10224309574938427
27,105,4;6;8,0.651804469818063,0.06054054054054055,0.09935135753754977
27,106,4;6;9,0.6920552557368149,0.05621621621621622,0.10225012231148525
27,107,4;7;8,0.3880924819385061,0.05381818181818183,0.1072499438749655
27,108,4;7;9,0.45682704804577634,0.05026315789473684,0.11019892124298092
27,109,4;8;9,0.7462067351113529,0.06440476190476192,0.10735985676976409
27,110,5;6;7,0.4702030703143619,0.057142857142857155,0.10233115045340563
27,111,5;6;8,0.5789884305012281,0.05909090909090911,0.09983561701269972
27,112,5;6;9,0.6192182451369665,0.052868217054263575,0.10235702521125999
27,113,5;7;8,0.4702512277410229,0.06571428571428573,0.10768533325228051
27,114,5;7;9,0.5316231897286411,0.058333333333333334,0.11024964939801446
27,115,5;8;9,0.9597157551005533,0.08000000000000002,0.10780287124291234
27,116,6;7;8,0.351054399029779,0.054344827586206915,0.09953867482795331
27,117,6;7;9,0.41526662317506235,0.0477124183006536,0.10210155029229546
27,118,6;8;9,0.6542061913197084,0.05969696969696972,0.09964014023548212
27,119,7;8;9,0.48788634151643145,0.06150000000000001,0.10754729379642478
28,0,0;1;2,0.2341285600419595,0.05526315789473686,0.08625136651586064
28,1,0;1;3,0.20342433111958252,0.060000000000000005,0.08458778680684367
28,2,0;1;4,0.22455850097129276,0.057211538461538466,0.08254362770375825
28,3,0;1;5,0.2354398905243346,0.06035714285714287,0.0863468113561736
28,4,0;1;6,0.24219931739670114,0.062146892655367235,0.08651675935571652
28,5,0;1;7,0.23953701507770037,0.05591836734693878,0.08646817907947024
28,6,0;1;8,0.2384883415799621,0.061463414634146354,0.08653048702214836
28,7,0;1;9,0.22574640445753485,0.06708074534161493,0.08626201301205275
28,8,0;2;3,0.19766322113868662,0.0505,0.08451306535352932
28,9,0;2;4,0.22139126929091324,0.054626865671641794,0.08253426349404125
28,10,0;2;5,0.2325556430652822,0.054109589041095904,0.08632461715806458
28,11,0;2;6,0.23228075058167735,0.05526315789473685,0.08642681996001468
28,12,0;2;7,0.2342639766184736,0.04623529411764707,0.08638687521792318
28,13,0;2;8,0.23290924761171636,0.04905882352941177,0.08643178062198702
28,14,0;2;9,0.22022322662371002,0.058070175438596494,0.0861805006789802
28,15,0;3;4,0.23240784378590518,0.06187500000000001,0.08143420168211582
28,16,0;3;5,0.22350406377859666,0.05396226415094339,0.08458067129418423
28,17,0;3;6,0.22460219516598895,0.05888888888888889,0.0847520661942672
28,18,0;3;7,0.28077365795061493,0.051102040816326535,0.08473595040188187
28,19,0;3;8,0.25155920381410996,0.06146341463414634,0.08474846360763971
28,20,0;3;9,0.2850701454903819,0.08380952380952382,0.0844852704824666
28,21,0;4;5,0.26405919827762553,0.057410714285714294,0.08264986811711614
28,22,0;4;6,0.24535131310524372,0.057211538461538466,0.08275237374418869
28,23,0;4;7,0.2830177163877689,0.05050000000000001,0.08271304507192134
28,24,0;4;8,0.2810587973968314,0.05588235294117648,0.08272986525282501
28,25,0;4;9,0.2533158574367545,0.06656250000000001,0.08253233884842769
28,26,0;5;6,0.2438543390205035,0.05711191335740073,0.08654296553887394
28,27,0;5;7,0.28268950767914686,0.05361403508771931,0.08650281545732424
28,28,0;5;8,0.2800746904257373,0.05644268774703558,0.08654772785489227
28,29,0;5;9,0.23610558333720427,0.05990430622009571,0.08642001385885945
28,30,0;6;7,0.2580191828504754,0.05591836734693878,0.0866668818809769
28,31,0;6;8,0.258974845307379,0.061463414634146354,0.08672843113577594
28,32,0;6;9,0.24605707268889865,0.06708074534161491,0.08646105233321477
28,33,0;7;8,0.30378006558406595,0.058,0.08669060965309322
28,34,0;7;9,0.30971569519981645,0.05840000000000001,0.08642476823544654
28,35,0;8;9,0.2783064493071239,0.06846153846153846,0.08646677759339358
28,36,1;2;3,0.20692168142227088,0.050705394190871375,0.08474230030342694
28,37,1;2;4,0.2375666562681396,0.05218390804597702,0.0825430875303904
28,38,1;2;5,0.24292654185341014,0.05491803278688526,0.08630482972403677
28,39,1;2;6,0.2370245021871782,0.05394736842105265,0.08642197989302904
28,40,1;2;7,0.24695414613551375,0.04790697674418606,0.08638114052488906
28,41,1;2;8,0.24684674285818714,0.05075812274368232,0.08644401369826765
28,42,1;2;9,0.2354537918786121,0.05543568464730291,0.08616182412198958
28,43,1;3;4,0.19596095604098515,0.052442396313364066,0.08189989465547554
28,44,1;3;5,0.21246838628686326,0.05477178423236515,0.08488751844426781
28,45,1;3;6,0.20124344545707284,0.05336405529953917,0.08534490533468642
28,46,1;3;7,0.22117898831781097,0.048943661971831,0.08530688428713458
28,47,1;3;8,0.21143449914134466,0.056497695852534564,0.08534599150648238
28,48,1;3;9,0.20869664195087148,0.06237837837837838,0.08490580363898502
28,49,1;4;5,0.2649062986119029,0.0608974358974359,0.08272211975248042
28,50,1;4;6,0.22699563181724564,0.054838709677419356,0.08294758665229907
28,51,1;4;7,0.2637956660719543,0.05317073170731708,0.08290195827329486
28,52,1;4;8,0.26423269553201634,0.05625000000000001,0.08292746631220949
28,53,1;4;9,0.25232415066626473,0.060551724137931036,0.08265405311056262
28,54,1;5;6,0.2355020277269298,0.0586842105263158,0.08661196288856027
28,55,1;5;7,0.2798385953385617,0.05870000000000001,0.08656425200405254
28,56,1;5;8,0.2762843074887535,0.06145454545454546,0.0866239250246968
28,57,1;5;9,0.2662549611117704,0.0643137254901961,0.08649346183414318
28,58,1;6;7,0.23521856108811415,0.05630901287553648,0.08688622170372905
28,59,1;6;8,0.235059785991467,0.05948186528497411,0.08695367712022514
28,60,1;6;9,0.2273183604890311,0.06302702702702703,0.08659544782429104
28,61,1;7;8,0.2798090652426587,0.06043478260869566,0.08690069239193714
28,62,1;7;9,0.2777686712730639,0.061111111111111116,0.08654994273250714
28,63,1;8;9,0.2713943358425989,0.06930232558139536,0.08660579479221064
28,64,2;3;4,0.20254225380408034,0.04708333333333333,0.08160020303328958
28,65,2;3;5,0.2259593357564311,0.049696969696969705,0.08469944245109462
28,66,2;3;6,0.2147598244702345,0.047388059701492555,0.08490563800797506
28,67,2;3;7,0.22428303276408634,0.044923076923076934,0.08488668038703293
28,68,2;3;8,0.21857530487140678,0.04702702702702703,0.08489603237382283
28,69,2;3;9,0.2105756193106603,0.051547169811320764,0.0845607482993905
28,70,2;4;5,0.2394313974731554,0.052528301886792465,0.0826530325110296
28,71,2;4;6,0.24156571195049892,0.05335820895522389,0.08273898106614169
28,72,2;4;7,0.24593289252721398,0.0446846846846847,0.08269979838076097
28,73,2;4;8,0.25104427414356595,0.045969230769230776,0.08271940093136357
28,74,2;4;9,0.22913764398552783,0.05405622489959841,0.08249587955569646
28,75,2;5;6,0.24558681153768622,0.05308219178082192,0.08648716697446407
28,76,2;5;7,0.25542181326954305,0.04861538461538462,0.08644924855874106
28,77,2;5;8,0.2554655222965203,0.0504983388704319,0.08649073723046191
28,78,2;5;9,0.23596201540982914,0.0548679245283019,0.0863388345291041
28,79,2;6;7,0.2483570434759329,0.048815789473684215,0.08656683779154656
28,80,2;6;8,0.2483868631379867,0.051250000000000004,0.08662582677381049
28,81,2;6;9,0.2383364375386702,0.05783333333333335,0.08634445774982039
28,82,2;7;8,0.26026220735957073,0.04788235294117647,0.08659131359050286
28,83,2;7;9,0.2531658948861352,0.0493421052631579,0.08631155426813415
28,84,2;8;9,0.24837125661812165,0.05208333333333335,0.08634917841245512
28,85,3;4;5,0.22397134366329402,0.05178423236514524,0.08178593531196576
28,86,3;4;6,0.21619560315009526,0.04785714285714286,0.08211605653976231
28,87,3;4;7,0.24481881196075797,0.04462093862815886,0.08209675609318924
28,88,3;4;8,0.23887423533469204,0.051705069124423984,0.08211371862228192
28,89,3;4;9,0.23644866015011667,0.06358620689655174,0.08174860699404748
28,90,3;5;6,0.22305594733236236,0.04846846846846848,0.0850787744772008
28,91,3;5;7,0.24404068177784377,0.04750769230769231,0.08506350242923759
28,92,3;5;8,0.23748735380555147,0.05201492537313433,0.08506752079345198
28,93,3;5;9,0.21528727064948483,0.055083333333333345,0.08494507225945065
28,94,3;6;7,0.24145844370441114,0.04967509025270758,0.08552057657301887
28,95,3;6;8,0.24277330737188557,0.05600000000000001,0.08554893074316866
28,96,3;6;9,0.22996113001352686,0.05951219512195122,0.0851070544600009
28,97,3;7;8,0.2673999395918708,0.0511913357400722,0.08552135111441071
28,98,3;7;9,0.28560999154394734,0.05183673469387756,0.08509515971434753
28,99,3;8;9,0.25590282613911775,0.06333333333333334,0.08509881520557601
28,100,4;5;6,0.24729361786930076,0.0550197628458498,0.08294630201493668
28,101,4;5;7,0.31238301390545126,0.05404878048780489,0.08291037591900964
28,102,4;5;8,0.31097163662691496,0.056162790697674436,0.08292926396981518
28,103,4;5;9,0.26626980374161446,0.05973856209150328,0.08280890399110089
28,104,4;6;7,0.2507713269844421,0.050830039525691706,0.08313562110194322
28,105,4;6;8,0.25023689226274126,0.05170506912442398,0.08316468820936429
28,106,4;6;9,0.2371844285760709,0.056994818652849756,0.08288651168513418
28,107,4;7;8,0.32751551639297927,0.05333333333333334,0.08315331511259175
28,108,4;7;9,0.31266350751213173,0.05337209302325582,0.08285647160026686
28,109,4;8;9,0.3011686329625108,0.06093023255813955,0.0828735421428234
28,110,5;6;7,0.24985749737904442,0.05473684210526317,0.08677697671119987
28,111,5;6;8,0.25469367044192415,0.0548616600790514,0.08683501781732836
28,112,5;6;9,0.22579021982548433,0.05762845849802372,0.0867081537835995
28,113,5;7;8,0.32335761551208214,0.056878048780487814,0.08679904994782518
28,114,5;7;9,0.29222980528046333,0.056878048780487814,0.08667293085418745
28,115,5;8;9,0.27939146276089655,0.0610909090909091,0.08671237881099586
28,116,6;7;8,0.2670935252887677,0.05724137931034485,0.08712940048931642
28,117,6;7;9,0.26152720303931903,0.058214285714285725,0.08677229081494955
28,118,6;8;9,0.2595538609069656,0.06333333333333335,0.0868265321687573
28,119,7;8;9,0.3332842931705484,0.06254545454545456,0.08679365112549237
29,0,0;1;2,0.2718193037525765,0.046034482758620696,0.11984290659746444
29,1,0;1;3,0.28669984061829995,0.044903846153846155,0.11486793732625951
29,2,0;1;4,0.25770940974568707,0.04482213438735179,0.11993002281983284
29,3,0;1;5,0.24544580544659583,0.050363636363636374,0.11589405471527468
29,4,0;1;6,0.23906115946170875,0.04671641791044777,0.12047762049365601
29,5,0;1;7,0.2996570464079442,0.05182692307692308,0.1167659140036343
29,6,0;1;8,0.26720763285477045,0.051111111111111114,0.11234491064622273
29,7,0;1;9,0.27818381380905643,0.05095238095238096,0.11673271123869047
29,8,0;2;3,0.5382160249130041,0.06606060606060607,0.11567548103053113
29,9,0;2;4,0.5418893232222116,0.07213793103448278,0.12164956854002812
29,10,0;2;5,0.26376538124396354,0.05595854922279794,0.11706271920266399
29,11,0;2;6,0.24857908213700536,0.05216589861751152,0.12397210771427178
29,12,0;2;7,0.5529305666196218,0.07333333333333336,0.12022657176283692
29,13,0;2;8,0.35018209066129413,0.057500000000000016,0.11410848876445187
29,14,0;2;9,0.403692136838649,0.05948275862068967,0.117297857839353
29,15,0;3;4,0.5355854006656235,0.06593103448275864,0.1152921119280696
29,16,0;3;5,0.24685346348943335,0.05055555555555556,0.11413746763426919
29,17,0;3;6,0.2563770033277397,0.05194029850746269,0.1158516533820037
29,18,0;3;7,0.5450798706708473,0.06727272727272729,0.11242524922819541
29,19,0;3;8,0.35331551868401867,0.05291666666666667,0.1099035360186157
29,20,0;3;9,0.40390521767151466,0.054654377880184346,0.11320206597481815
29,21,0;4;5,0.27551012982829937,0.05600000000000001,0.11654807219424007
29,22,0;4;6,0.2674379606288992,0.05236514522821578,0.12200548417768936
29,23,0;4;7,0.5423081512573478,0.07137500000000002,0.11835182939383493
29,24,0;4;8,0.3605097455134191,0.05710526315789474,0.11338775313185481
29,25,0;4;9,0.4014084150188291,0.05880952380952382,0.11713551272119935
29,26,0;5;6,0.23786674937661617,0.05372549019607844,0.1173913965214268
29,27,0;5;7,0.277005015561855,0.06011111111111113,0.11391749440263138
29,28,0;5;8,0.27501230018934963,0.057966101694915256,0.11127749429980736
29,29,0;5;9,0.2763482953023376,0.055573122529644275,0.11417257635399874
29,30,0;6;7,0.2561636791720596,0.056218905472636825,0.12061758160790939
29,31,0;6;8,0.23835418306396705,0.0517543859649123,0.11443134682915901
29,32,0;6;9,0.25703106828184086,0.05164179104477612,0.11771498302235757
29,33,0;7;8,0.36946087272564854,0.06208333333333335,0.11087030520851505
29,34,0;7;9,0.3978150240603978,0.06388888888888891,0.11415870038114885
29,35,0;8;9,0.3626870585698183,0.06101382488479264,0.11143351570975094
29,36,1;2;3,0.267052862091146,0.04384615384615386,0.12319445832804139
29,37,1;2;4,0.2661552012208256,0.04918660287081341,0.1306199810226474
29,38,1;2;5,0.24241674181853268,0.04697095435684649,0.1238689117761959
29,39,1;2;6,0.2469218418438525,0.04803827751196174,0.12998669588143547
29,40,1;2;7,0.27413128389762176,0.04794871794871797,0.12727528112674089
29,41,1;2;8,0.24580867063200754,0.04649122807017546,0.12206652015493592
29,42,1;2;9,0.2509698566543736,0.047173913043478274,0.12715113110237827
29,43,1;3;4,0.2877525867917964,0.04653846153846154,0.12333703129361923
29,44,1;3;5,0.2768205431367889,0.04444444444444445,0.12175257122674621
29,45,1;3;6,0.25719597398638394,0.045345622119815666,0.12292017357916975
29,46,1;3;7,0.3022378109272299,0.0444186046511628,0.11993379290807626
29,47,1;3;8,0.29601174808050523,0.04451612903225807,0.11787016643630444
29,48,1;3;9,0.27833671974787555,0.04539682539682541,0.12167439362387707
29,49,1;4;5,0.28881321444820873,0.055454545454545465,0.12411100618576604
29,50,1;4;6,0.29891553202244103,0.06118918918918921,0.13055398375777272
29,51,1;4;7,0.2824744937975551,0.05375609756097562,0.12780738204383785
29,52,1;4;8,0.2773735550064695,0.05307017543859649,0.12245139090073344
29,53,1;4;9,0.28630508445357533,0.06009615384615385,0.12789835116004455
29,54,1;5;6,0.27032515956667724,0.05692307692307694,0.12373729633433092
29,55,1;5;7,0.2851096293129209,0.055555555555555566,0.12084077892678882
29,56,1;5;8,0.30898822080544075,0.05812500000000001,0.11862270704369213
29,57,1;5;9,0.29449636005381497,0.05800829875518673,0.12225257201383677
29,58,1;6;7,0.2653865430023538,0.054470046082949315,0.12716841639787219
29,59,1;6;8,0.24944822451634846,0.05365384615384616,0.12150254215611685
29,60,1;6;9,0.28574787170494437,0.06,0.12685827841202732
29,61,1;7;8,0.2923014200234361,0.05354838709677421,0.11888584974402014
29,62,1;7;9,0.27898824811351236,0.05437500000000001,0.12421635480121102
29,63,1;8;9,0.28653444267354955,0.056774193548387114,0.12088258316834041
29,64,2;3;4,0.690900105232427,0.07069767441860464,0.12391873277980897
29,65,2;3;5,0.3372723515586284,0.062325581395348856,0.12300232113121384
29,66,2;3;6,0.3166971416455706,0.06046511627906977,0.1243136362861362
29,67,2;3;7,0.6872043850959138,0.06833333333333334,0.12136353205650667
29,68,2;3;8,0.46491177631345615,0.06303030303030303,0.11895269525323159
29,69,2;3;9,0.4139516041805855,0.05461538461538462,0.12202846528002731
29,70,2;4;5,0.4252178411295141,0.08200000000000002,0.12473382684827017
29,71,2;4;6,0.33149765177836715,0.07228758169934643,0.13172862168975533
29,72,2;4;7,0.7542162484089141,0.08685714285714288,0.12905121076026177
29,73,2;4;8,0.5332417380227663,0.08104575163398693,0.12313042225689622
29,74,2;4;9,0.477247328794366,0.0730232558139535,0.12760859509309208
29,75,2;5;6,0.3541235833255691,0.08171428571428571,0.12524528455678333
29,76,2;5;7,0.4279315334386101,0.07705426356589148,0.12233836574429081
29,77,2;5;8,0.47244194698887676,0.08876190476190476,0.11973046216323963
29,78,2;5;9,0.3877061054184721,0.06820000000000002,0.12254932466903687
29,79,2;6;7,0.34866205513227994,0.07209302325581397,0.13014706173213475
29,80,2;6;8,0.3391048637598699,0.08000000000000002,0.12308062391786441
29,81,2;6;9,0.3229016831487471,0.06674418604651164,0.12710373120970003
29,82,2;7;8,0.5225056928428333,0.07636363636363638,0.12040837334636283
29,83,2;7;9,0.4693322953307147,0.069,0.12446390076585938
29,84,2;8;9,0.4525012980257649,0.07,0.1211167422230056
29,85,3;4;5,0.3427740813945892,0.05822222222222224,0.12267958977995738
29,86,3;4;6,0.31085236718669174,0.057500000000000016,0.12385948725480457
29,87,3;4;7,0.6936807748338367,0.06951724137931037,0.12093073152299008
29,88,3;4;8,0.5087921956416877,0.06049751243781096,0.11882518862713588
29,89,3;4;9,0.4262168516655853,0.05861751152073734,0.12229572744314114
29,90,3;5;6,0.31405862004034096,0.06248062015503876,0.1231139776815822
29,91,3;5;7,0.330528479549946,0.058461538461538474,0.12030057161337805
29,92,3;5;8,0.3530241162005421,0.062325581395348835,0.1187519697332241
29,93,3;5;9,0.2950384238959932,0.05131578947368422,0.12137969332970044
29,94,3;6;7,0.32071578388443756,0.05950000000000001,0.12153889131167415
29,95,3;6;8,0.3119401383116954,0.06013793103448278,0.11904041715647667
29,96,3;6;9,0.3012610714593492,0.05365384615384615,0.12215156717433207
29,97,3;7;8,0.4677774153956922,0.05951219512195123,0.11615632577142529
29,98,3;7;9,0.4032583101209063,0.05489655172413793,0.11924377266265783
29,99,3;8;9,0.38813224921755207,0.054423076923076935,0.11814205980866146
29,100,4;5;6,0.3392659028974616,0.08096551724137932,0.12477730269538784
29,101,4;5;7,0.4307409994651396,0.08000000000000002,0.1218960781053144
29,102,4;5;8,0.5995998600343588,0.10183333333333339,0.11958201666375752
29,103,4;5;9,0.4405369755363814,0.07941463414634148,0.12283655096312009
29,104,4;6;7,0.3312295330312335,0.07325000000000001,0.12876060151751628
29,105,4;6;8,0.3234169658616536,0.07908496732026143,0.12267410303224227
29,106,4;6;9,0.3581855674461913,0.07925000000000001,0.12744085735241772
29,107,4;7;8,0.5475831103577709,0.07955555555555557,0.12005723641100244
29,108,4;7;9,0.47508062897489994,0.07525000000000001,0.12479842505988943
29,109,4;8;9,0.47769362221538775,0.07841269841269843,0.12145498624046369
29,110,5;6;7,0.34608541982456953,0.07720930232558142,0.1226147046193719
29,111,5;6;8,0.3490658144273122,0.08708333333333333,0.11990685778885082
29,112,5;6;9,0.33160431726264383,0.07418604651162791,0.12277311627229709
29,113,5;7;8,0.4354932595083011,0.08139534883720932,0.11706603217150106
29,114,5;7;9,0.3910544265214008,0.07272727272727275,0.11992803970195406
29,115,5;8;9,0.41500768231732343,0.07910256410256411,0.1187360890247931
29,116,6;7;8,0.3318324580960473,0.07324137931034484,0.12027185332571419
29,117,6;7;9,0.3192831078554399,0.06925000000000002,0.12444520867460677
29,118,6;8;9,0.31452223671059937,0.07093023255813954,0.12090543737686055
29,119,7;8;9,0.4667445840187076,0.07434482758620692,0.11829409955080705
