i,j,component,pair_type,component_status,unsupported_truth,seed,seen_category,train_edges,global_nullity,endpoint_degree_sum,null_projection,regularized_variance,cosine,nmse,catastrophic
2,9,0,cross,unwitnessed,0,0,seen2,380,4,12,0.0,0.3620940524716474,0.9977612812116513,0.004525945428472416,0
3,10,0,cross,unwitnessed,0,0,seen2,380,4,12,3.8518598887744717e-32,0.3620940524716616,0.9975389248045916,0.005000175295507128,0
2,3,0,within,unwitnessed,1,0,seen2,380,4,12,0.14285714285714293,285.9784459998442,0.34743141827724444,0.9152116563372917,1
9,10,0,within,unwitnessed,1,0,seen2,380,4,12,0.14285714285714274,285.9784459998443,0.05338857255675328,1.0128882370849244,1
16,23,1,cross,witnessed,0,0,seen2,380,4,12,0.0,0.3620915080874599,0.9979666169667399,0.004171153049557102,0
17,24,1,cross,witnessed,0,0,seen2,380,4,12,0.0,0.36209150808745993,0.9964777974019081,0.007673552296434003,0
16,17,1,within,witnessed,0,0,seen2,380,4,12,0.0,1.619553253141607,0.9995797294807071,0.0008448419006474225,0
23,24,1,within,witnessed,0,0,seen2,380,4,12,0.0,1.5119498956815591,0.9996423279784048,0.0007153517675886623,0
30,37,2,cross,unwitnessed,0,0,seen2,380,4,12,0.0,0.3620940524716616,0.9980073383784351,0.004022125908483597,0
31,38,2,cross,unwitnessed,0,0,seen2,380,4,12,1.3866695599588098e-32,0.3620940524716474,0.9977776909297048,0.004439679896524146,0
30,31,2,within,unwitnessed,1,0,seen2,380,4,12,0.14285714285714293,285.97844599987144,0.1258340979934316,0.9863732819456958,1
37,38,2,within,unwitnessed,1,0,seen2,380,4,12,0.14285714285714288,285.9784459998714,0.34573220345254785,0.9138560772669551,1
44,51,3,cross,witnessed,0,0,seen2,380,4,12,0.0,0.3620915080874598,0.9975281664720661,0.005002532057658551,0
45,52,3,cross,witnessed,0,0,seen2,380,4,12,0.0,0.36209150808745993,0.9969771007592669,0.006329245730515978,0
44,45,3,within,witnessed,0,0,seen2,380,4,12,0.0,1.6195532531416075,0.9995228461672806,0.0009635651094368417,0
51,52,3,within,witnessed,0,0,seen2,380,4,12,0.0,1.5119498956815591,0.9995059091199028,0.0009892395119773904,0
58,65,4,cross,witnessed,0,0,seen2,380,4,12,0.0,0.36209150808745993,0.9977268221001715,0.004828228894154364,0
59,66,4,cross,witnessed,0,0,seen2,380,4,12,0.0,0.3620915080874598,0.9975004575172736,0.005016175852716375,0
58,59,4,within,witnessed,0,0,seen2,380,4,12,0.0,1.619553253141608,0.9995152533120794,0.0010071018534886214,0
65,66,4,within,witnessed,0,0,seen2,380,4,12,0.0,1.51194989568156,0.9995492484408188,0.0009360729747668171,0
72,79,5,cross,unwitnessed,0,0,seen2,380,4,12,3.8518598887744717e-32,0.3620940524716332,0.9978732179038555,0.004270930880096149,0
73,80,5,cross,unwitnessed,0,0,seen2,380,4,12,0.0,0.3620940524716332,0.9981180677617533,0.0038207595405674514,0
72,73,5,within,unwitnessed,1,0,seen2,380,4,12,0.14285714285714274,285.97844599961695,0.33324194909012633,0.9123180646415637,1
79,80,5,within,unwitnessed,1,0,seen2,380,4,12,0.14285714285714288,285.978445999617,0.08453710601207903,1.0005539236267027,1
86,93,6,cross,unwitnessed,0,0,seen2,380,4,12,1.5407439555097887e-33,0.3620940524716616,0.9974397471562794,0.005119958332047972,0
87,94,6,cross,unwitnessed,0,0,seen2,380,4,12,2.465190328815662e-32,0.3620940524716474,0.9977889890195824,0.0044795915449183,0
86,87,6,within,unwitnessed,1,0,seen2,380,4,12,0.14285714285714293,285.97844599987144,0.12195154988597882,0.9912589065804652,1
93,94,6,within,unwitnessed,1,0,seen2,380,4,12,0.14285714285714288,285.9784459998714,0.3707541273925287,0.8882432994041899,1
100,107,7,cross,witnessed,0,0,seen2,380,4,12,0.0,0.36209150808745993,0.9977837145655127,0.004457578423638821,0
101,108,7,cross,witnessed,0,0,seen2,380,4,12,0.0,0.36209150808745993,0.9968584764312524,0.006315445448666154,0
100,101,7,within,witnessed,0,0,seen2,380,4,12,0.0,1.619553253141608,0.9994276566624261,0.0011556805508634329,0
107,108,7,within,witnessed,0,0,seen2,380,4,12,0.0,1.5119498956815591,0.9995284473527367,0.0009538579181525796,0
2,9,0,cross,unwitnessed,0,1,seen2,380,4,12,0.0,0.3620940524716474,0.9972551352659588,0.005538655315186698,0
3,10,0,cross,unwitnessed,0,1,seen2,380,4,12,3.8518598887744717e-32,0.3620940524716616,0.9972905721895965,0.0055264968610162155,0
2,3,0,within,unwitnessed,1,1,seen2,380,4,12,0.14285714285714293,285.9784459998442,0.3899867320093271,0.8971351706764942,1
9,10,0,within,unwitnessed,1,1,seen2,380,4,12,0.14285714285714274,285.9784459998443,0.26482015759415417,0.9387020175317794,1
16,23,1,cross,witnessed,0,1,seen2,380,4,12,0.0,0.3620915080874599,0.9981574071057392,0.0037203409215655096,0
17,24,1,cross,witnessed,0,1,seen2,380,4,12,0.0,0.36209150808745993,0.9977999926800396,0.0044143609822314646,0
16,17,1,within,witnessed,0,1,seen2,380,4,12,0.0,1.619553253141607,0.9994713669304459,0.0010573265539044363,0
23,24,1,within,witnessed,0,1,seen2,380,4,12,0.0,1.5119498956815591,0.9996334025957098,0.0007413304944985634,0
30,37,2,cross,unwitnessed,0,1,seen2,380,4,12,0.0,0.3620940524716616,0.9975475195329575,0.004900415108474897,0
31,38,2,cross,unwitnessed,0,1,seen2,380,4,12,1.3866695599588098e-32,0.3620940524716474,0.997582980458545,0.004902746625178615,0
30,31,2,within,unwitnessed,1,1,seen2,380,4,12,0.14285714285714293,285.97844599987144,0.20441867530130167,0.9584594503097114,1
37,38,2,within,unwitnessed,1,1,seen2,380,4,12,0.14285714285714288,285.9784459998714,-0.009122585127035126,1.0533620233590273,1
44,51,3,cross,unwitnessed,0,1,seen2,380,4,12,3.8518598887744717e-32,0.3620940524716616,0.9978698343697585,0.004309710324217393,0
45,52,3,cross,unwitnessed,0,1,seen2,380,4,12,0.0,0.3620940524716474,0.9984706350555311,0.003056957825340781,0
44,45,3,within,unwitnessed,1,1,seen2,380,4,12,0.14285714285714274,285.97844599987144,0.3460340262976479,0.9048532332317503,1
51,52,3,within,unwitnessed,1,1,seen2,380,4,12,0.14285714285714288,285.9784459998714,0.09471561553161832,0.999029166049885,1
58,65,4,cross,witnessed,0,1,seen2,380,4,12,0.0,0.36209150808745993,0.9972276662981412,0.005639957347628056,0
59,66,4,cross,witnessed,0,1,seen2,380,4,12,0.0,0.3620915080874598,0.998426329619532,0.0032351517388139114,0
58,59,4,within,witnessed,0,1,seen2,380,4,12,0.0,1.619553253141608,0.9996656429092762,0.0006696518682752324,0
65,66,4,within,witnessed,0,1,seen2,380,4,12,0.0,1.51194989568156,0.9995851901658015,0.0008429141427654604,0
72,79,5,cross,witnessed,0,1,seen2,380,4,12,0.0,0.3620915080874598,0.9975390224611367,0.005091953195032643,0
73,80,5,cross,witnessed,0,1,seen2,380,4,12,0.0,0.3620915080874598,0.9980601162977685,0.0039784213470193865,0
72,73,5,within,witnessed,0,1,seen2,380,4,12,0.0,1.6195532531416061,0.9995476386278328,0.0009052187743753674,0
79,80,5,within,witnessed,0,1,seen2,380,4,12,0.0,1.5119498956815585,0.9995972875780024,0.0008121523741752472,0
86,93,6,cross,witnessed,0,1,seen2,380,4,12,0.0,0.36209150808746,0.996941610683741,0.006244483509314929,0
87,94,6,cross,witnessed,0,1,seen2,380,4,12,0.0,0.36209150808746,0.9982968023219466,0.0034151527616788097,0
86,87,6,within,witnessed,0,1,seen2,380,4,12,0.0,1.619553253141608,0.9997134244130881,0.0005917004335224431,0
93,94,6,within,witnessed,0,1,seen2,380,4,12,0.0,1.5119498956815596,0.9997898362646522,0.0004220087891721678,0
100,107,7,cross,unwitnessed,0,1,seen2,380,4,12,1.2480026039629288e-31,0.3620940524716616,0.9980703035109341,0.0038581679360192938,0
101,108,7,cross,unwitnessed,0,1,seen2,380,4,12,2.465190328815662e-32,0.3620940524716474,0.997818462410212,0.004370459038573048,0
100,101,7,within,unwitnessed,1,1,seen2,380,4,12,0.14285714285714274,285.97844599987144,0.11384969512788808,0.9923196019045538,1
107,108,7,within,unwitnessed,1,1,seen2,380,4,12,0.14285714285714288,285.9784459998714,0.06866646724044786,1.011415503804185,1
2,9,0,cross,unwitnessed,0,2,seen2,380,4,12,0.0,0.3620940524716474,0.9969971487817795,0.00622058940790057,0
3,10,0,cross,unwitnessed,0,2,seen2,380,4,12,3.8518598887744717e-32,0.3620940524716616,0.998101463138395,0.003982797655153096,0
2,3,0,within,unwitnessed,1,2,seen2,380,4,12,0.14285714285714293,285.9784459998442,0.17099313166220348,0.9711500933996997,1
9,10,0,within,unwitnessed,1,2,seen2,380,4,12,0.14285714285714274,285.9784459998443,0.2068744624378524,0.9572701890670606,1
16,23,1,cross,witnessed,0,2,seen2,380,4,12,0.0,0.3620915080874599,0.9984278611703388,0.003156627399036649,0
17,24,1,cross,witnessed,0,2,seen2,380,4,12,0.0,0.36209150808745993,0.9976101231521054,0.004901862676976325,0
16,17,1,within,witnessed,0,2,seen2,380,4,12,0.0,1.619553253141607,0.9996358970418937,0.0007281268989389374,0
23,24,1,within,witnessed,0,2,seen2,380,4,12,0.0,1.5119498956815591,0.9996842481520557,0.0006430596533777807,0
30,37,2,cross,unwitnessed,0,2,seen2,380,4,12,0.0,0.3620940524716616,0.998132772097863,0.004185431478800846,0
31,38,2,cross,unwitnessed,0,2,seen2,380,4,12,1.3866695599588098e-32,0.3620940524716474,0.9972244024184201,0.005646999975016324,0
30,31,2,within,unwitnessed,1,2,seen2,380,4,12,0.14285714285714293,285.97844599987144,0.16273981008296015,0.9746802724752242,1
37,38,2,within,unwitnessed,1,2,seen2,380,4,12,0.14285714285714288,285.9784459998714,-0.08239700493042067,1.0850839743287424,1
44,51,3,cross,witnessed,0,2,seen2,380,4,12,0.0,0.3620915080874598,0.9977553197747295,0.00481676282872581,0
45,52,3,cross,witnessed,0,2,seen2,380,4,12,0.0,0.36209150808745993,0.9983596625280181,0.0034580074977100263,0
44,45,3,within,witnessed,0,2,seen2,380,4,12,0.0,1.6195532531416075,0.9996455785738192,0.0007147509911088734,0
51,52,3,within,witnessed,0,2,seen2,380,4,12,0.0,1.5119498956815591,0.9995966571791612,0.0008067890940766123,0
58,65,4,cross,witnessed,0,2,seen2,380,4,12,0.0,0.36209150808745993,0.9981334637469886,0.0037322502951160743,0
59,66,4,cross,witnessed,0,2,seen2,380,4,12,0.0,0.3620915080874598,0.998576461884599,0.0028453770448035065,0
58,59,4,within,witnessed,0,2,seen2,380,4,12,0.0,1.619553253141608,0.9994460800927251,0.0011200570323717607,0
65,66,4,within,witnessed,0,2,seen2,380,4,12,0.0,1.51194989568156,0.9995166152880157,0.0009666533469837696,0
72,79,5,cross,unwitnessed,0,2,seen2,380,4,12,3.8518598887744717e-32,0.3620940524716332,0.9979484871155186,0.004114634599694952,0
73,80,5,cross,unwitnessed,0,2,seen2,380,4,12,0.0,0.3620940524716332,0.9983812203642467,0.003235079239526344,0
72,73,5,within,unwitnessed,1,2,seen2,380,4,12,0.14285714285714274,285.97844599961695,0.22340694164943975,0.9511092437846089,1
79,80,5,within,unwitnessed,1,2,seen2,380,4,12,0.14285714285714288,285.978445999617,0.26431383058978986,0.935251913834687,1
86,93,6,cross,unwitnessed,0,2,seen2,380,4,12,1.5407439555097887e-33,0.3620940524716616,0.9980418129690342,0.003917721122409567,0
87,94,6,cross,unwitnessed,0,2,seen2,380,4,12,2.465190328815662e-32,0.3620940524716474,0.99716908375427,0.005869465994917519,0
86,87,6,within,unwitnessed,1,2,seen2,380,4,12,0.14285714285714293,285.97844599987144,0.2173704860817531,0.953246633928013,1
93,94,6,within,unwitnessed,1,2,seen2,380,4,12,0.14285714285714288,285.9784459998714,0.058741877104937223,1.0218876359838278,1
100,107,7,cross,witnessed,0,2,seen2,380,4,12,0.0,0.36209150808745993,0.9980384962971309,0.00415173449297548,0
101,108,7,cross,witnessed,0,2,seen2,380,4,12,0.0,0.36209150808745993,0.9982592657326487,0.003480133858501002,0
100,101,7,within,witnessed,0,2,seen2,380,4,12,0.0,1.619553253141608,0.9995642724082875,0.0008718767827866833,0
107,108,7,within,witnessed,0,2,seen2,380,4,12,0.0,1.5119498956815591,0.9996180841667089,0.0007863074802924704,0
2,9,0,cross,unwitnessed,0,3,seen2,380,4,12,0.0,0.3620940524716474,0.9984554071789647,0.0031145403049121865,0
3,10,0,cross,unwitnessed,0,3,seen2,380,4,12,3.8518598887744717e-32,0.3620940524716616,0.998745467458433,0.0025344993141216093,0
2,3,0,within,unwitnessed,1,3,seen2,380,4,12,0.14285714285714293,285.9784459998442,0.16039570220352628,0.9775654907795434,1
9,10,0,within,unwitnessed,1,3,seen2,380,4,12,0.14285714285714274,285.9784459998443,0.18095282300056462,0.9676003981530681,1
16,23,1,cross,witnessed,0,3,seen2,380,4,12,0.0,0.3620915080874599,0.9975398462034937,0.00506800453445749,0
17,24,1,cross,witnessed,0,3,seen2,380,4,12,0.0,0.36209150808745993,0.9984096885586572,0.003183669988772003,0
16,17,1,within,witnessed,0,3,seen2,380,4,12,0.0,1.619553253141607,0.9996661728126056,0.0006775562586634881,0
23,24,1,within,witnessed,0,3,seen2,380,4,12,0.0,1.5119498956815591,0.999634858956578,0.0007798593461145507,0
30,37,2,cross,unwitnessed,0,3,seen2,380,4,12,0.0,0.3620940524716616,0.9966239775358131,0.006749885327222252,0
31,38,2,cross,unwitnessed,0,3,seen2,380,4,12,1.3866695599588098e-32,0.3620940524716474,0.9984677520865709,0.003079659668040677,0
30,31,2,within,unwitnessed,1,3,seen2,380,4,12,0.14285714285714293,285.97844599987144,-0.02290505355008535,1.0773044163542211,1
37,38,2,within,unwitnessed,1,3,seen2,380,4,12,0.14285714285714288,285.9784459998714,0.1691353850596295,0.9729956323090482,1
44,51,3,cross,unwitnessed,0,3,seen2,380,4,12,3.8518598887744717e-32,0.3620940524716616,0.9962567099762916,0.007598791954671252,0
45,52,3,cross,unwitnessed,0,3,seen2,380,4,12,0.0,0.3620940524716474,0.9979744507255106,0.00440624375039075,0
44,45,3,within,unwitnessed,1,3,seen2,380,4,12,0.14285714285714274,285.97844599987144,0.14006844103082447,0.9865075230748747,1
51,52,3,within,unwitnessed,1,3,seen2,380,4,12,0.14285714285714288,285.9784459998714,0.13982599076367516,0.983554079691785,1
58,65,4,cross,witnessed,0,3,seen2,380,4,12,0.0,0.36209150808745993,0.9978263014703338,0.004552620860090566,0
59,66,4,cross,witnessed,0,3,seen2,380,4,12,0.0,0.3620915080874598,0.9975001687668825,0.00499645671156031,0
58,59,4,within,witnessed,0,3,seen2,380,4,12,0.0,1.619553253141608,0.9993979364689143,0.001204599563342634,0
65,66,4,within,witnessed,0,3,seen2,380,4,12,0.0,1.51194989568156,0.9994089552640583,0.0011818276737106997,0
72,79,5,cross,witnessed,0,3,seen2,380,4,12,0.0,0.3620915080874598,0.9981390289762826,0.003718610086630362,0
73,80,5,cross,witnessed,0,3,seen2,380,4,12,0.0,0.3620915080874598,0.998067076284335,0.0039035436942649127,0
72,73,5,within,witnessed,0,3,seen2,380,4,12,0.0,1.6195532531416061,0.9995791105221394,0.0008790892935826388,0
79,80,5,within,witnessed,0,3,seen2,380,4,12,0.0,1.5119498956815585,0.9996058781511585,0.0007962343883489658,0
86,93,6,cross,witnessed,0,3,seen2,380,4,12,0.0,0.36209150808746,0.9977272844694614,0.0047377416454991664,0
87,94,6,cross,witnessed,0,3,seen2,380,4,12,0.0,0.36209150808746,0.9983058868156766,0.004112700720085619,0
86,87,6,within,witnessed,0,3,seen2,380,4,12,0.0,1.619553253141608,0.9994900971371942,0.001029436997264168,0
93,94,6,within,witnessed,0,3,seen2,380,4,12,0.0,1.5119498956815596,0.9995452977328042,0.0009108734400283332,0
100,107,7,cross,unwitnessed,0,3,seen2,380,4,12,1.2480026039629288e-31,0.3620940524716616,0.9979856424414768,0.004100972503109964,0
101,108,7,cross,unwitnessed,0,3,seen2,380,4,12,2.465190328815662e-32,0.3620940524716474,0.9980425443578076,0.003916526632146357,0
100,101,7,within,unwitnessed,1,3,seen2,380,4,12,0.14285714285714274,285.97844599987144,0.231400110769109,0.949060463516216,1
107,108,7,within,unwitnessed,1,3,seen2,380,4,12,0.14285714285714288,285.9784459998714,-0.008193447508997828,1.0651770835343732,1
2,9,0,cross,unwitnessed,0,4,seen2,380,4,12,0.0,0.3620940524716474,0.9977815348135178,0.004728803630913292,0
3,10,0,cross,unwitnessed,0,4,seen2,380,4,12,3.8518598887744717e-32,0.3620940524716616,0.9976936764762486,0.004618496995857204,0
2,3,0,within,unwitnessed,1,4,seen2,380,4,12,0.14285714285714293,285.9784459998442,0.21459405261413989,0.9570216576541984,1
9,10,0,within,unwitnessed,1,4,seen2,380,4,12,0.14285714285714274,285.9784459998443,0.014816433732475787,1.0202375187820176,1
16,23,1,cross,witnessed,0,4,seen2,380,4,12,0.0,0.3620915080874599,0.9972242670165037,0.005697120735244172,0
17,24,1,cross,witnessed,0,4,seen2,380,4,12,0.0,0.36209150808745993,0.9971264688346428,0.005769268491831424,0
16,17,1,within,witnessed,0,4,seen2,380,4,12,0.0,1.619553253141607,0.9996265422896089,0.0007628569515038493,0
23,24,1,within,witnessed,0,4,seen2,380,4,12,0.0,1.5119498956815591,0.9995729240595447,0.0008753889040616217,0
30,37,2,cross,witnessed,0,4,seen2,380,4,12,0.0,0.3620915080874599,0.9978236432163651,0.00436778133719346,0
31,38,2,cross,witnessed,0,4,seen2,380,4,12,0.0,0.3620915080874599,0.9978762918380284,0.004255404132778847,0
30,31,2,within,witnessed,0,4,seen2,380,4,12,0.0,1.619553253141607,0.9995632235289986,0.0008955830542964797,0
37,38,2,within,witnessed,0,4,seen2,380,4,12,0.0,1.5119498956815591,0.9996569487168493,0.0006910322294224875,0
44,51,3,cross,unwitnessed,0,4,seen2,380,4,12,3.8518598887744717e-32,0.3620940524716616,0.9978926585765087,0.004260940453413394,0
45,52,3,cross,unwitnessed,0,4,seen2,380,4,12,0.0,0.3620940524716474,0.9967168862760286,0.007241135218921999,0
44,45,3,within,unwitnessed,1,4,seen2,380,4,12,0.14285714285714274,285.97844599987144,0.4903087633570255,0.8505199633416588,1
51,52,3,within,unwitnessed,1,4,seen2,380,4,12,0.14285714285714288,285.9784459998714,0.15246363860797166,0.9775316844822018,1
58,65,4,cross,unwitnessed,0,4,seen2,380,4,12,0.0,0.3620940524716616,0.9981811644328744,0.003740828940391053,0
59,66,4,cross,unwitnessed,0,4,seen2,380,4,12,3.8518598887744717e-32,0.3620940524716758,0.9981471732267752,0.003705017433195301,0
58,59,4,within,unwitnessed,1,4,seen2,380,4,12,0.14285714285714293,285.9784459998442,0.16450090548621407,0.9853555798528333,1
65,66,4,within,unwitnessed,1,4,seen2,380,4,12,0.14285714285714274,285.97844599984427,0.15772701184567967,0.9769862302684513,1
72,79,5,cross,witnessed,0,4,seen2,380,4,12,0.0,0.3620915080874598,0.9977383030134762,0.004562671653072158,0
73,80,5,cross,witnessed,0,4,seen2,380,4,12,0.0,0.3620915080874598,0.9972991955843644,0.0054012943831045325,0
72,73,5,within,witnessed,0,4,seen2,380,4,12,0.0,1.6195532531416061,0.9995747746484288,0.0008740464863815186,0
79,80,5,within,witnessed,0,4,seen2,380,4,12,0.0,1.5119498956815585,0.9995791493476741,0.0008482069138522804,0
86,93,6,cross,unwitnessed,0,4,seen2,380,4,12,1.5407439555097887e-33,0.3620940524716616,0.9975870591120362,0.0048206800931540564,0
87,94,6,cross,unwitnessed,0,4,seen2,380,4,12,2.465190328815662e-32,0.3620940524716474,0.9978946837572985,0.00438745532772585,0
86,87,6,within,unwitnessed,1,4,seen2,380,4,12,0.14285714285714293,285.97844599987144,0.2558022974950666,0.9361738704921949,1
93,94,6,within,unwitnessed,1,4,seen2,380,4,12,0.14285714285714288,285.9784459998714,-0.08140848044285992,1.077140655969668,1
100,107,7,cross,witnessed,0,4,seen2,380,4,12,0.0,0.36209150808745993,0.9983743031457932,0.0032775279471500295,0
101,108,7,cross,witnessed,0,4,seen2,380,4,12,0.0,0.36209150808745993,0.9966293267409672,0.0067518997134665415,0
100,101,7,within,witnessed,0,4,seen2,380,4,12,0.0,1.619553253141608,0.9994854083904777,0.001041985849464271,0
107,108,7,within,witnessed,0,4,seen2,380,4,12,0.0,1.5119498956815591,0.9995174031938581,0.0009659260470255357,0
2,9,0,cross,witnessed,0,5,seen2,380,4,12,0.0,0.36209150808746,0.9968753185477759,0.006240752046139069,0
3,10,0,cross,witnessed,0,5,seen2,380,4,12,0.0,0.3620915080874599,0.9981654860936976,0.004034806083356346,0
2,3,0,within,witnessed,0,5,seen2,380,4,12,0.0,1.6195532531416101,0.9997155701249197,0.0005699105452456622,0
9,10,0,within,witnessed,0,5,seen2,380,4,12,0.0,1.5119498956815618,0.9997095750173918,0.0005859986014284352,0
16,23,1,cross,unwitnessed,0,5,seen2,380,4,12,3.8518598887744717e-32,0.3620940524716474,0.9983048288517296,0.003396933910638422,0
17,24,1,cross,unwitnessed,0,5,seen2,380,4,12,0.0,0.3620940524716332,0.9984252944938546,0.003198970387939053,0
16,17,1,within,unwitnessed,1,5,seen2,380,4,12,0.14285714285714274,285.97844599970784,0.05371243523325484,1.0137938834057474,1
23,24,1,within,unwitnessed,1,5,seen2,380,4,12,0.14285714285714288,285.97844599970796,0.18464067534145698,0.9660412404748873,1
30,37,2,cross,witnessed,0,5,seen2,380,4,12,0.0,0.3620915080874599,0.9965639271434322,0.0076884703798207185,0
31,38,2,cross,witnessed,0,5,seen2,380,4,12,0.0,0.3620915080874599,0.998221761536136,0.003553575009336007,0
30,31,2,within,witnessed,0,5,seen2,380,4,12,0.0,1.619553253141607,0.9996877150742332,0.000673716514426228,0
37,38,2,within,witnessed,0,5,seen2,380,4,12,0.0,1.5119498956815591,0.999713992888047,0.0005762774073022724,0
44,51,3,cross,unwitnessed,0,5,seen2,380,4,12,3.8518598887744717e-32,0.3620940524716616,0.9978637858559208,0.004278839122039854,0
45,52,3,cross,unwitnessed,0,5,seen2,380,4,12,0.0,0.3620940524716474,0.9974804671292757,0.00504497630275879,0
44,45,3,within,unwitnessed,1,5,seen2,380,4,12,0.14285714285714274,285.97844599987144,0.24912831525955406,0.9427333166373756,1
51,52,3,within,unwitnessed,1,5,seen2,380,4,12,0.14285714285714288,285.9784459998714,0.0879354449754587,1.0031224260371696,1
58,65,4,cross,unwitnessed,0,5,seen2,380,4,12,0.0,0.3620940524716616,0.9977394959659605,0.0045160018429189685,0
59,66,4,cross,unwitnessed,0,5,seen2,380,4,12,3.8518598887744717e-32,0.3620940524716758,0.9980479474780428,0.003906644971004166,0
58,59,4,within,unwitnessed,1,5,seen2,380,4,12,0.14285714285714293,285.9784459998442,0.13262865040387983,0.9837843130103884,1
65,66,4,within,unwitnessed,1,5,seen2,380,4,12,0.14285714285714274,285.97844599984427,0.0197033413338663,1.0314466167378844,1
72,79,5,cross,unwitnessed,0,5,seen2,380,4,12,3.8518598887744717e-32,0.3620940524716332,0.998067415065854,0.003913546675797229,0
73,80,5,cross,unwitnessed,0,5,seen2,380,4,12,0.0,0.3620940524716332,0.9977951435373872,0.0045694104810586654,0
72,73,5,within,unwitnessed,1,5,seen2,380,4,12,0.14285714285714274,285.97844599961695,0.22080818404113497,0.9515654246853812,1
79,80,5,within,unwitnessed,1,5,seen2,380,4,12,0.14285714285714288,285.978445999617,0.09554654679991365,0.997403237995304,1
86,93,6,cross,witnessed,0,5,seen2,380,4,12,0.0,0.36209150808746,0.9980047799402355,0.003991594474196377,0
87,94,6,cross,witnessed,0,5,seen2,380,4,12,0.0,0.36209150808746,0.9965942919209023,0.0068291499503553305,0
86,87,6,within,witnessed,0,5,seen2,380,4,12,0.0,1.619553253141608,0.9995864004632568,0.0008484117025361041,0
93,94,6,within,witnessed,0,5,seen2,380,4,12,0.0,1.5119498956815596,0.9996499575993288,0.0007036121581284983,0
100,107,7,cross,witnessed,0,5,seen2,380,4,12,0.0,0.36209150808745993,0.997202857390884,0.006437700258765075,0
101,108,7,cross,witnessed,0,5,seen2,380,4,12,0.0,0.36209150808745993,0.9984072179070029,0.0033374363312568215,0
100,101,7,within,witnessed,0,5,seen2,380,4,12,0.0,1.619553253141608,0.9997421506411199,0.0005273490318314137,0
107,108,7,within,witnessed,0,5,seen2,380,4,12,0.0,1.5119498956815591,0.9996966332349478,0.0006066818190351722,0
2,9,0,cross,unwitnessed,0,6,seen2,380,4,12,0.0,0.3620940524716474,0.9980659811680791,0.003943834928760712,0
3,10,0,cross,unwitnessed,0,6,seen2,380,4,12,3.8518598887744717e-32,0.3620940524716616,0.9990155991675445,0.001981913392775372,0
2,3,0,within,unwitnessed,1,6,seen2,380,4,12,0.14285714285714293,285.9784459998442,0.15562309518066983,0.9767971730713159,1
9,10,0,within,unwitnessed,1,6,seen2,380,4,12,0.14285714285714274,285.9784459998443,0.33645774287799834,0.9033419719847684,1
16,23,1,cross,unwitnessed,0,6,seen2,380,4,12,3.8518598887744717e-32,0.3620940524716474,0.9984836471057392,0.003045037604457586,0
17,24,1,cross,unwitnessed,0,6,seen2,380,4,12,0.0,0.3620940524716332,0.9980813935648892,0.004056781036287031,0
16,17,1,within,unwitnessed,1,6,seen2,380,4,12,0.14285714285714274,285.97844599970784,0.29249739393093205,0.9186849954721418,1
23,24,1,within,unwitnessed,1,6,seen2,380,4,12,0.14285714285714288,285.97844599970796,0.37741356650019303,0.8770041730161007,1
30,37,2,cross,witnessed,0,6,seen2,380,4,12,0.0,0.3620915080874599,0.996823727344462,0.006522991793395067,0
31,38,2,cross,witnessed,0,6,seen2,380,4,12,0.0,0.3620915080874599,0.9975467476390785,0.004906046810984422,0
30,31,2,within,witnessed,0,6,seen2,380,4,12,0.0,1.619553253141607,0.9994216624658115,0.0011587468504334487,0
37,38,2,within,witnessed,0,6,seen2,380,4,12,0.0,1.5119498956815591,0.9995445133838285,0.0009218518674381963,0
44,51,3,cross,witnessed,0,6,seen2,380,4,12,0.0,0.3620915080874598,0.9981356065769997,0.003735452662169305,0
45,52,3,cross,witnessed,0,6,seen2,380,4,12,0.0,0.36209150808745993,0.9975236476466605,0.005005045415450976,0
44,45,3,within,witnessed,0,6,seen2,380,4,12,0.0,1.6195532531416075,0.9994564872536269,0.0011174853201136733,0
51,52,3,within,witnessed,0,6,seen2,380,4,12,0.0,1.5119498956815591,0.9995088526790341,0.0010719634738259127,0
58,65,4,cross,unwitnessed,0,6,seen2,380,4,12,0.0,0.3620940524716616,0.9978018349924886,0.00443752247264325,0
59,66,4,cross,unwitnessed,0,6,seen2,380,4,12,3.8518598887744717e-32,0.3620940524716758,0.9972314262934562,0.005594197820077276,0
58,59,4,within,unwitnessed,1,6,seen2,380,4,12,0.14285714285714293,285.9784459998442,0.18528078401873155,0.9687710265810084,1
65,66,4,within,unwitnessed,1,6,seen2,380,4,12,0.14285714285714274,285.97844599984427,0.15030782357877584,0.9775725320070454,1
72,79,5,cross,witnessed,0,6,seen2,380,4,12,0.0,0.3620915080874598,0.9982930517560462,0.0034275862786775297,0
73,80,5,cross,witnessed,0,6,seen2,380,4,12,0.0,0.3620915080874598,0.9981663473212629,0.0036645426444772812,0
72,73,5,within,witnessed,0,6,seen2,380,4,12,0.0,1.6195532531416061,0.9995716825125864,0.0008635298959298337,0
79,80,5,within,witnessed,0,6,seen2,380,4,12,0.0,1.5119498956815585,0.9995476929446734,0.0009061337702029555,0
86,93,6,cross,unwitnessed,0,6,seen2,380,4,12,1.5407439555097887e-33,0.3620940524716616,0.9984111792538539,0.0038968321186693545,0
87,94,6,cross,unwitnessed,0,6,seen2,380,4,12,2.465190328815662e-32,0.3620940524716474,0.9975381152633224,0.00498652367763496,0
86,87,6,within,unwitnessed,1,6,seen2,380,4,12,0.14285714285714293,285.97844599987144,0.39407709988199424,0.8940333467086875,1
93,94,6,within,unwitnessed,1,6,seen2,380,4,12,0.14285714285714288,285.9784459998714,0.2421476190078537,0.9468866742050353,1
100,107,7,cross,witnessed,0,6,seen2,380,4,12,0.0,0.36209150808745993,0.9971946373708431,0.005603043473622797,0
101,108,7,cross,witnessed,0,6,seen2,380,4,12,0.0,0.36209150808745993,0.9968890183949801,0.006798571420163308,0
100,101,7,within,witnessed,0,6,seen2,380,4,12,0.0,1.619553253141608,0.999514169574456,0.0010193950887438172,0
107,108,7,within,witnessed,0,6,seen2,380,4,12,0.0,1.5119498956815591,0.9994093014538401,0.0011999767935094367,0
2,9,0,cross,witnessed,0,7,seen2,380,4,12,0.0,0.36209150808746,0.9978766595793558,0.004246161167524121,0
3,10,0,cross,witnessed,0,7,seen2,380,4,12,0.0,0.3620915080874599,0.9984401717271681,0.0032627370818908326,0
2,3,0,within,witnessed,0,7,seen2,380,4,12,0.0,1.6195532531416101,0.9996157000530662,0.0007693577568381509,0
9,10,0,within,witnessed,0,7,seen2,380,4,12,0.0,1.5119498956815618,0.9995652008123622,0.0008699361821819018,0
16,23,1,cross,witnessed,0,7,seen2,380,4,12,0.0,0.3620915080874599,0.9975796271320733,0.005136075734562913,0
17,24,1,cross,witnessed,0,7,seen2,380,4,12,0.0,0.36209150808745993,0.9978772461569136,0.004261624909883108,0
16,17,1,within,witnessed,0,7,seen2,380,4,12,0.0,1.619553253141607,0.9995414549666797,0.0009262848940237454,0
23,24,1,within,witnessed,0,7,seen2,380,4,12,0.0,1.5119498956815591,0.9995690633649063,0.0008727014628836775,0
30,37,2,cross,unwitnessed,0,7,seen2,380,4,12,0.0,0.3620940524716616,0.9981610276614368,0.0036774693051682917,0
31,38,2,cross,unwitnessed,0,7,seen2,380,4,12,1.3866695599588098e-32,0.3620940524716474,0.997700405084983,0.005168325804774258,0
30,31,2,within,unwitnessed,1,7,seen2,380,4,12,0.14285714285714293,285.97844599987144,0.2674957078704258,0.9365433205950234,1
37,38,2,within,unwitnessed,1,7,seen2,380,4,12,0.14285714285714288,285.9784459998714,0.2401985188572399,0.9480028562786048,1
44,51,3,cross,witnessed,0,7,seen2,380,4,12,0.0,0.3620915080874598,0.998271406691531,0.003535927087483206,0
45,52,3,cross,witnessed,0,7,seen2,380,4,12,0.0,0.36209150808745993,0.9980337804768455,0.003953994102851146,0
44,45,3,within,witnessed,0,7,seen2,380,4,12,0.0,1.6195532531416075,0.9996703736045639,0.0006602487964006515,0
51,52,3,within,witnessed,0,7,seen2,380,4,12,0.0,1.5119498956815591,0.999702652666457,0.0006219079482395205,0
58,65,4,cross,witnessed,0,7,seen2,380,4,12,0.0,0.36209150808745993,0.9979377373942308,0.004120331633266908,0
59,66,4,cross,witnessed,0,7,seen2,380,4,12,0.0,0.3620915080874598,0.9980214411681773,0.003954332747391996,0
58,59,4,within,witnessed,0,7,seen2,380,4,12,0.0,1.619553253141608,0.9996243591077768,0.0007958551816391102,0
65,66,4,within,witnessed,0,7,seen2,380,4,12,0.0,1.51194989568156,0.9997291978785658,0.0005500832188550285,0
72,79,5,cross,unwitnessed,0,7,seen2,380,4,12,3.8518598887744717e-32,0.3620940524716332,0.9974186655474861,0.005349918510813136,0
73,80,5,cross,unwitnessed,0,7,seen2,380,4,12,0.0,0.3620940524716332,0.9959451754246337,0.00879905228745232,0
72,73,5,within,unwitnessed,1,7,seen2,380,4,12,0.14285714285714274,285.97844599961695,0.12763275215971778,0.9872461188451539,1
79,80,5,within,unwitnessed,1,7,seen2,380,4,12,0.14285714285714288,285.978445999617,0.21548428998235086,0.957746350785962,1
86,93,6,cross,unwitnessed,0,7,seen2,380,4,12,1.5407439555097887e-33,0.3620940524716616,0.9978706312042716,0.004254265222271717,0
87,94,6,cross,unwitnessed,0,7,seen2,380,4,12,2.465190328815662e-32,0.3620940524716474,0.9975554237730896,0.005007141436940705,0
86,87,6,within,unwitnessed,1,7,seen2,380,4,12,0.14285714285714293,285.97844599987144,0.2582657901166913,0.9368658524422665,1
93,94,6,within,unwitnessed,1,7,seen2,380,4,12,0.14285714285714288,285.9784459998714,-0.031390468989403945,1.0649789924244033,1
100,107,7,cross,unwitnessed,0,7,seen2,380,4,12,1.2480026039629288e-31,0.3620940524716616,0.9982709301646664,0.003464854378620608,0
101,108,7,cross,unwitnessed,0,7,seen2,380,4,12,2.465190328815662e-32,0.3620940524716474,0.9981437776813986,0.0037089994660638925,0
100,101,7,within,unwitnessed,1,7,seen2,380,4,12,0.14285714285714274,285.97844599987144,0.22435936723740763,0.9502218054802091,1
107,108,7,within,unwitnessed,1,7,seen2,380,4,12,0.14285714285714288,285.9784459998714,0.13979825737128912,0.9842628493722108,1
2,9,0,cross,unwitnessed,0,8,seen2,380,4,12,0.0,0.3620940524716474,0.9968042469928821,0.006416475594101109,0
3,10,0,cross,unwitnessed,0,8,seen2,380,4,12,3.8518598887744717e-32,0.3620940524716616,0.9972575685394813,0.005523670704178321,0
2,3,0,within,unwitnessed,1,8,seen2,380,4,12,0.14285714285714293,285.9784459998442,0.06833668520176489,1.0081097251063191,1
9,10,0,within,unwitnessed,1,8,seen2,380,4,12,0.14285714285714274,285.9784459998443,0.25339834495383856,0.9386920279284073,1
16,23,1,cross,unwitnessed,0,8,seen2,380,4,12,3.8518598887744717e-32,0.3620940524716474,0.997499019371738,0.0053221539082925805,0
17,24,1,cross,unwitnessed,0,8,seen2,380,4,12,0.0,0.3620940524716332,0.9978778650584531,0.004286011200180902,0
16,17,1,within,unwitnessed,1,8,seen2,380,4,12,0.14285714285714274,285.97844599970784,0.23267144078750132,0.9497084482969553,1
23,24,1,within,unwitnessed,1,8,seen2,380,4,12,0.14285714285714288,285.97844599970796,0.18385223041549023,0.9664710131881509,1
30,37,2,cross,unwitnessed,0,8,seen2,380,4,12,0.0,0.3620940524716616,0.9976236801501294,0.004751947142886952,0
31,38,2,cross,unwitnessed,0,8,seen2,380,4,12,1.3866695599588098e-32,0.3620940524716474,0.9982406440794336,0.003546878704022355,0
30,31,2,within,unwitnessed,1,8,seen2,380,4,12,0.14285714285714293,285.97844599987144,0.24539460056728715,0.9436299576957528,1
37,38,2,within,unwitnessed,1,8,seen2,380,4,12,0.14285714285714288,285.9784459998714,0.3653615466799617,0.8996113706211468,1
44,51,3,cross,witnessed,0,8,seen2,380,4,12,0.0,0.3620915080874598,0.9978892864151815,0.004224298431069306,0
45,52,3,cross,witnessed,0,8,seen2,380,4,12,0.0,0.36209150808745993,0.9976040776404073,0.0049992134204525866,0
44,45,3,within,witnessed,0,8,seen2,380,4,12,0.0,1.6195532531416075,0.999543115885495,0.0009791039372819737,0
51,52,3,within,witnessed,0,8,seen2,380,4,12,0.0,1.5119498956815591,0.999618232969437,0.0008091485190059635,0
58,65,4,cross,witnessed,0,8,seen2,380,4,12,0.0,0.36209150808745993,0.9972272095153829,0.005595267219610894,0
59,66,4,cross,witnessed,0,8,seen2,380,4,12,0.0,0.3620915080874598,0.9984218867015139,0.0031750144392660184,0
58,59,4,within,witnessed,0,8,seen2,380,4,12,0.0,1.619553253141608,0.9995029853629523,0.0009960933989075563,0
65,66,4,within,witnessed,0,8,seen2,380,4,12,0.0,1.51194989568156,0.9995139283953598,0.000980915993732152,0
72,79,5,cross,witnessed,0,8,seen2,380,4,12,0.0,0.3620915080874598,0.9983823960031586,0.003258644479683766,0
73,80,5,cross,witnessed,0,8,seen2,380,4,12,0.0,0.3620915080874598,0.9974475183646336,0.0054031407022430275,0
72,73,5,within,witnessed,0,8,seen2,380,4,12,0.0,1.6195532531416061,0.9994843138563873,0.0010459335469318774,0
79,80,5,within,witnessed,0,8,seen2,380,4,12,0.0,1.5119498956815585,0.9995271449399835,0.0009484563948823605,0
86,93,6,cross,unwitnessed,0,8,seen2,380,4,12,1.5407439555097887e-33,0.3620940524716616,0.9983511470283574,0.003334491501836455,0
87,94,6,cross,unwitnessed,0,8,seen2,380,4,12,2.465190328815662e-32,0.3620940524716474,0.9980742837426292,0.003855099473039895,0
86,87,6,within,unwitnessed,1,8,seen2,380,4,12,0.14285714285714293,285.97844599987144,0.34151311102627535,0.9112257231058558,1
93,94,6,within,unwitnessed,1,8,seen2,380,4,12,0.14285714285714288,285.9784459998714,0.17933356127834413,0.9681015833072091,1
100,107,7,cross,witnessed,0,8,seen2,380,4,12,0.0,0.36209150808745993,0.9981600881273913,0.0036955568027076317,0
101,108,7,cross,witnessed,0,8,seen2,380,4,12,0.0,0.36209150808745993,0.9966129823023856,0.00699297236498356,0
100,101,7,within,witnessed,0,8,seen2,380,4,12,0.0,1.619553253141608,0.9996499424614136,0.0007182168621166875,0
107,108,7,within,witnessed,0,8,seen2,380,4,12,0.0,1.5119498956815591,0.999640936029914,0.0007183015917000744,0
2,9,0,cross,witnessed,0,9,seen2,380,4,12,0.0,0.36209150808746,0.9981132933640673,0.0037743912249937586,0
3,10,0,cross,witnessed,0,9,seen2,380,4,12,0.0,0.3620915080874599,0.9978941473588462,0.0042145934328742685,0
2,3,0,within,witnessed,0,9,seen2,380,4,12,0.0,1.6195532531416101,0.9996754986400878,0.0006524813385112401,0
9,10,0,within,witnessed,0,9,seen2,380,4,12,0.0,1.5119498956815618,0.9996855687274065,0.0006328292150672379,0
16,23,1,cross,witnessed,0,9,seen2,380,4,12,0.0,0.3620915080874599,0.9979487157383157,0.004102058398410745,0
17,24,1,cross,witnessed,0,9,seen2,380,4,12,0.0,0.36209150808745993,0.9976727863788486,0.00470480997526112,0
16,17,1,within,witnessed,0,9,seen2,380,4,12,0.0,1.619553253141607,0.9995327918132743,0.0009355546858509511,0
23,24,1,within,witnessed,0,9,seen2,380,4,12,0.0,1.5119498956815591,0.9996472073494655,0.0007055900385179753,0
30,37,2,cross,unwitnessed,0,9,seen2,380,4,12,0.0,0.3620940524716616,0.9980364424334863,0.003926138731959107,0
31,38,2,cross,unwitnessed,0,9,seen2,380,4,12,1.3866695599588098e-32,0.3620940524716474,0.9979045021104732,0.004187536592973008,0
30,31,2,within,unwitnessed,1,9,seen2,380,4,12,0.14285714285714293,285.97844599987144,0.41314250697690663,0.8644686712611508,1
37,38,2,within,unwitnessed,1,9,seen2,380,4,12,0.14285714285714288,285.9784459998714,0.20575488243866724,0.9577642133484722,1
44,51,3,cross,unwitnessed,0,9,seen2,380,4,12,3.8518598887744717e-32,0.3620940524716616,0.9984154588564926,0.0033428054895773894,0
45,52,3,cross,unwitnessed,0,9,seen2,380,4,12,0.0,0.3620940524716474,0.9985555277494762,0.002990277667777976,0
44,45,3,within,unwitnessed,1,9,seen2,380,4,12,0.14285714285714274,285.97844599987144,0.2044155125550805,0.958302569031272,1
51,52,3,within,unwitnessed,1,9,seen2,380,4,12,0.14285714285714288,285.9784459998714,0.28897991874712037,0.9184609028727617,1
58,65,4,cross,unwitnessed,0,9,seen2,380,4,12,0.0,0.3620940524716616,0.9974316636478704,0.005130575489491228,0
59,66,4,cross,unwitnessed,0,9,seen2,380,4,12,3.8518598887744717e-32,0.3620940524716758,0.9984124366374317,0.0035754947369017126,0
58,59,4,within,unwitnessed,1,9,seen2,380,4,12,0.14285714285714293,285.9784459998442,0.2545633377978292,0.9404941720868162,1
65,66,4,within,unwitnessed,1,9,seen2,380,4,12,0.14285714285714274,285.97844599984427,0.2414257527326865,0.9446098853475996,1
72,79,5,cross,witnessed,0,9,seen2,380,4,12,0.0,0.3620915080874598,0.9976267120549149,0.004821842789333554,0
73,80,5,cross,witnessed,0,9,seen2,380,4,12,0.0,0.3620915080874598,0.9981077099863809,0.0041869610420111536,0
72,73,5,within,witnessed,0,9,seen2,380,4,12,0.0,1.6195532531416061,0.9994805391238784,0.001076881230278947,0
79,80,5,within,witnessed,0,9,seen2,380,4,12,0.0,1.5119498956815585,0.9994973755972539,0.0010384188301152833,0
86,93,6,cross,witnessed,0,9,seen2,380,4,12,0.0,0.36209150808746,0.9966405055146054,0.006736233415162373,0
87,94,6,cross,witnessed,0,9,seen2,380,4,12,0.0,0.36209150808746,0.9960093371967127,0.008050444684168176,0
86,87,6,within,witnessed,0,9,seen2,380,4,12,0.0,1.619553253141608,0.9995567353437925,0.0008997192954482477,0
93,94,6,within,witnessed,0,9,seen2,380,4,12,0.0,1.5119498956815596,0.9995793790174287,0.0008746354156683792,0
100,107,7,cross,unwitnessed,0,9,seen2,380,4,12,1.2480026039629288e-31,0.3620940524716616,0.9977348011125313,0.004812386764487565,0
101,108,7,cross,unwitnessed,0,9,seen2,380,4,12,2.465190328815662e-32,0.3620940524716474,0.9983492027772648,0.0033039709589572893,0
100,101,7,within,unwitnessed,1,9,seen2,380,4,12,0.14285714285714274,285.97844599987144,0.3305529853447394,0.9042664668927376,1
107,108,7,within,unwitnessed,1,9,seen2,380,4,12,0.14285714285714288,285.9784459998714,0.41371626864455946,0.8812796285154955,1
2,9,0,cross,witnessed,0,10,seen2,380,4,12,0.0,0.36209150808746,0.9977171443600346,0.004566012287929065,0
3,10,0,cross,witnessed,0,10,seen2,380,4,12,0.0,0.3620915080874599,0.9975329507474546,0.005267571924233458,0
2,3,0,within,witnessed,0,10,seen2,380,4,12,0.0,1.6195532531416101,0.9994949327266966,0.0010270330500984702,0
9,10,0,within,witnessed,0,10,seen2,380,4,12,0.0,1.5119498956815618,0.9994371352075739,0.0011259219679662516,0
16,23,1,cross,witnessed,0,10,seen2,380,4,12,0.0,0.3620915080874599,0.9977759699421533,0.0044609980143428835,0
17,24,1,cross,witnessed,0,10,seen2,380,4,12,0.0,0.36209150808745993,0.9981157890139879,0.003824737766683684,0
16,17,1,within,witnessed,0,10,seen2,380,4,12,0.0,1.619553253141607,0.9995853482235886,0.0008302293734894195,0
23,24,1,within,witnessed,0,10,seen2,380,4,12,0.0,1.5119498956815591,0.9996325332376257,0.0007357014997314973,0
30,37,2,cross,unwitnessed,0,10,seen2,380,4,12,0.0,0.3620940524716616,0.9981086759635945,0.0037860873830116858,0
31,38,2,cross,unwitnessed,0,10,seen2,380,4,12,1.3866695599588098e-32,0.3620940524716474,0.9980649835112669,0.0038913424713830683,0
30,31,2,within,unwitnessed,1,10,seen2,380,4,12,0.14285714285714293,285.97844599987144,0.4178400176545314,0.8762455181366525,1
37,38,2,within,unwitnessed,1,10,seen2,380,4,12,0.14285714285714288,285.9784459998714,0.18058488724349114,0.9674504717651915,1
44,51,3,cross,unwitnessed,0,10,seen2,380,4,12,3.8518598887744717e-32,0.3620940524716616,0.9969613562966594,0.006205774132601432,0
45,52,3,cross,unwitnessed,0,10,seen2,380,4,12,0.0,0.3620940524716474,0.9976115188100213,0.004795714419801557,0
44,45,3,within,unwitnessed,1,10,seen2,380,4,12,0.14285714285714274,285.97844599987144,0.039574472928926935,1.0299748016294477,1
51,52,3,within,unwitnessed,1,10,seen2,380,4,12,0.14285714285714288,285.9784459998714,-0.0023801954399813407,1.0517538272088023,1
58,65,4,cross,witnessed,0,10,seen2,380,4,12,0.0,0.36209150808745993,0.9979715544030748,0.00408319476618862,0
59,66,4,cross,witnessed,0,10,seen2,380,4,12,0.0,0.3620915080874598,0.9979574156327593,0.004881619330950638,0
58,59,4,within,witnessed,0,10,seen2,380,4,12,0.0,1.619553253141608,0.9994785676462343,0.0010567743867571193,0
65,66,4,within,witnessed,0,10,seen2,380,4,12,0.0,1.51194989568156,0.9995283996212354,0.000947078807469171,0
72,79,5,cross,witnessed,0,10,seen2,380,4,12,0.0,0.3620915080874598,0.9984018884395282,0.0031945811001822797,0
73,80,5,cross,witnessed,0,10,seen2,380,4,12,0.0,0.3620915080874598,0.9973361482622517,0.005551782409259822,0
72,73,5,within,witnessed,0,10,seen2,380,4,12,0.0,1.6195532531416061,0.9996915531636981,0.0006187819698272228,0
79,80,5,within,witnessed,0,10,seen2,380,4,12,0.0,1.5119498956815585,0.9997004745652369,0.0005998769971245502,0
86,93,6,cross,unwitnessed,0,10,seen2,380,4,12,1.5407439555097887e-33,0.3620940524716616,0.9981383557477894,0.003719922592146777,0
87,94,6,cross,unwitnessed,0,10,seen2,380,4,12,2.465190328815662e-32,0.3620940524716474,0.9983666371297446,0.0032712814685083775,0
86,87,6,within,unwitnessed,1,10,seen2,380,4,12,0.14285714285714293,285.97844599987144,0.22758707470385825,0.948429612526366,1
93,94,6,within,unwitnessed,1,10,seen2,380,4,12,0.14285714285714288,285.9784459998714,0.14385159228997288,0.981001893789134,1
100,107,7,cross,unwitnessed,0,10,seen2,380,4,12,1.2480026039629288e-31,0.3620940524716616,0.9976800838933291,0.004675387407578668,0
101,108,7,cross,unwitnessed,0,10,seen2,380,4,12,2.465190328815662e-32,0.3620940524716474,0.9987737292612954,0.0024784308397024562,0
100,101,7,within,unwitnessed,1,10,seen2,380,4,12,0.14285714285714274,285.97844599987144,0.06549226504878841,1.0199425268083222,1
107,108,7,within,unwitnessed,1,10,seen2,380,4,12,0.14285714285714288,285.9784459998714,0.06760399102163919,1.0219501605542538,1
2,9,0,cross,witnessed,0,11,seen2,380,4,12,0.0,0.36209150808746,0.9974219426930695,0.005251502067805102,0
3,10,0,cross,witnessed,0,11,seen2,380,4,12,0.0,0.3620915080874599,0.9977587528312013,0.0047257810687035785,0
2,3,0,within,witnessed,0,11,seen2,380,4,12,0.0,1.6195532531416101,0.9997082351038319,0.0005835314964156206,0
9,10,0,within,witnessed,0,11,seen2,380,4,12,0.0,1.5119498956815618,0.9996862029262736,0.0006275534134585483,0
16,23,1,cross,witnessed,0,11,seen2,380,4,12,0.0,0.3620915080874599,0.9973067136056756,0.005501142387679794,0
17,24,1,cross,witnessed,0,11,seen2,380,4,12,0.0,0.36209150808745993,0.99697890485837,0.006062950200475624,0
16,17,1,within,witnessed,0,11,seen2,380,4,12,0.0,1.619553253141607,0.9994335143794432,0.0011411729550485548,0
23,24,1,within,witnessed,0,11,seen2,380,4,12,0.0,1.5119498956815591,0.9995918381847144,0.0008235745933106336,0
30,37,2,cross,witnessed,0,11,seen2,380,4,12,0.0,0.3620915080874599,0.997622158978721,0.00477950111315618,0
31,38,2,cross,witnessed,0,11,seen2,380,4,12,0.0,0.3620915080874599,0.9980185089456842,0.003971112725159426,0
30,31,2,within,witnessed,0,11,seen2,380,4,12,0.0,1.619553253141607,0.9996456059170366,0.0007104868732593198,0
37,38,2,within,witnessed,0,11,seen2,380,4,12,0.0,1.5119498956815591,0.9996526557170597,0.0006949050111256618,0
44,51,3,cross,witnessed,0,11,seen2,380,4,12,0.0,0.3620915080874598,0.9969651367270181,0.006146090711822906,0
45,52,3,cross,witnessed,0,11,seen2,380,4,12,0.0,0.36209150808745993,0.9975816364528011,0.005309861094788271,0
44,45,3,within,witnessed,0,11,seen2,380,4,12,0.0,1.6195532531416075,0.9996075974846645,0.0007847902416698393,0
51,52,3,within,witnessed,0,11,seen2,380,4,12,0.0,1.5119498956815591,0.9995984618081456,0.0008040120546876133,0
58,65,4,cross,unwitnessed,0,11,seen2,380,4,12,0.0,0.3620940524716616,0.9983947174986155,0.0032585098426135945,0
59,66,4,cross,unwitnessed,0,11,seen2,380,4,12,3.8518598887744717e-32,0.3620940524716758,0.9982928420279055,0.0035746533477115415,0
58,59,4,within,unwitnessed,1,11,seen2,380,4,12,0.14285714285714293,285.9784459998442,0.26980223886716165,0.9303899639116533,1
65,66,4,within,unwitnessed,1,11,seen2,380,4,12,0.14285714285714274,285.97844599984427,0.04530994378095647,1.0166266185112691,1
72,79,5,cross,unwitnessed,0,11,seen2,380,4,12,3.8518598887744717e-32,0.3620940524716332,0.9973867632518021,0.005244916237478956,0
73,80,5,cross,unwitnessed,0,11,seen2,380,4,12,0.0,0.3620940524716332,0.9973202320891122,0.00549078747668894,0
72,73,5,within,unwitnessed,1,11,seen2,380,4,12,0.14285714285714274,285.97844599961695,0.15523581778846954,0.9762683014341971,1
79,80,5,within,unwitnessed,1,11,seen2,380,4,12,0.14285714285714288,285.978445999617,0.2051143362207997,0.9579681187226994,1
86,93,6,cross,unwitnessed,0,11,seen2,380,4,12,1.5407439555097887e-33,0.3620940524716616,0.9972597412949986,0.005514364071613093,0
87,94,6,cross,unwitnessed,0,11,seen2,380,4,12,2.465190328815662e-32,0.3620940524716474,0.9968319705817852,0.006365811915118499,0
86,87,6,within,unwitnessed,1,11,seen2,380,4,12,0.14285714285714293,285.97844599987144,0.2154307554689833,0.9572880683841574,1
93,94,6,within,unwitnessed,1,11,seen2,380,4,12,0.14285714285714288,285.9784459998714,0.2711734283084237,0.9394945799687633,1
100,107,7,cross,unwitnessed,0,11,seen2,380,4,12,1.2480026039629288e-31,0.3620940524716616,0.9983472638463007,0.0035834065696444743,0
101,108,7,cross,unwitnessed,0,11,seen2,380,4,12,2.465190328815662e-32,0.3620940524716474,0.9972605154272279,0.005613800113407446,0
100,101,7,within,unwitnessed,1,11,seen2,380,4,12,0.14285714285714274,285.97844599987144,0.058157197717918066,1.0170685409477631,1
107,108,7,within,unwitnessed,1,11,seen2,380,4,12,0.14285714285714288,285.9784459998714,0.1830856955676121,0.9664797914289336,1
2,9,0,cross,unwitnessed,0,12,seen2,380,4,12,0.0,0.3620940524716474,0.9980451576082248,0.0039445459400309,0
3,10,0,cross,unwitnessed,0,12,seen2,380,4,12,3.8518598887744717e-32,0.3620940524716616,0.9981624656043812,0.0036930604999317637,0
2,3,0,within,unwitnessed,1,12,seen2,380,4,12,0.14285714285714293,285.9784459998442,0.21395759305579407,0.9542338891144587,1
9,10,0,within,unwitnessed,1,12,seen2,380,4,12,0.14285714285714274,285.9784459998443,0.1570989613059623,0.9758445928921549,1
16,23,1,cross,unwitnessed,0,12,seen2,380,4,12,3.8518598887744717e-32,0.3620940524716474,0.9977205237330715,0.0047047566101190656,0
17,24,1,cross,unwitnessed,0,12,seen2,380,4,12,0.0,0.3620940524716332,0.9976875033771946,0.00465140380573409,0
16,17,1,within,unwitnessed,1,12,seen2,380,4,12,0.14285714285714274,285.97844599970784,0.0789918969636058,1.0031759322237055,1
23,24,1,within,unwitnessed,1,12,seen2,380,4,12,0.14285714285714288,285.97844599970796,0.1973668263469552,0.9618196315707296,1
30,37,2,cross,witnessed,0,12,seen2,380,4,12,0.0,0.3620915080874599,0.9977660008417377,0.0045336044611969115,0
31,38,2,cross,witnessed,0,12,seen2,380,4,12,0.0,0.3620915080874599,0.9975656453470061,0.004941904784928086,0
30,31,2,within,witnessed,0,12,seen2,380,4,12,0.0,1.619553253141607,0.9996746212561904,0.0006668971570827822,0
37,38,2,within,witnessed,0,12,seen2,380,4,12,0.0,1.5119498956815591,0.9996549826625986,0.0007054065693127816,0
44,51,3,cross,witnessed,0,12,seen2,380,4,12,0.0,0.3620915080874598,0.998666490600015,0.0026762754884142523,0
45,52,3,cross,witnessed,0,12,seen2,380,4,12,0.0,0.36209150808745993,0.9972858461292318,0.005423347684490045,0
44,45,3,within,witnessed,0,12,seen2,380,4,12,0.0,1.6195532531416075,0.9995051808586164,0.0009896924495331123,0
51,52,3,within,witnessed,0,12,seen2,380,4,12,0.0,1.5119498956815591,0.9996175176346178,0.0007687837099682788,0
58,65,4,cross,unwitnessed,0,12,seen2,380,4,12,0.0,0.3620940524716616,0.9980048737862927,0.004006644942716268,0
59,66,4,cross,unwitnessed,0,12,seen2,380,4,12,3.8518598887744717e-32,0.3620940524716758,0.997413230140828,0.005182672429024926,0
58,59,4,within,unwitnessed,1,12,seen2,380,4,12,0.14285714285714293,285.9784459998442,0.23319635729002824,0.9465098690360574,1
65,66,4,within,unwitnessed,1,12,seen2,380,4,12,0.14285714285714274,285.97844599984427,-0.1526679580285697,1.087928375726426,1
72,79,5,cross,witnessed,0,12,seen2,380,4,12,0.0,0.3620915080874598,0.9982034597585503,0.0036577758748442663,0
73,80,5,cross,witnessed,0,12,seen2,380,4,12,0.0,0.3620915080874598,0.9974274437578375,0.00530181746204939,0
72,73,5,within,witnessed,0,12,seen2,380,4,12,0.0,1.6195532531416061,0.9996301367609296,0.0008055685658521194,0
79,80,5,within,witnessed,0,12,seen2,380,4,12,0.0,1.5119498956815585,0.9997027304662647,0.0006248254504702061,0
86,93,6,cross,unwitnessed,0,12,seen2,380,4,12,1.5407439555097887e-33,0.3620940524716616,0.9981707149698142,0.0039774075494907885,0
87,94,6,cross,unwitnessed,0,12,seen2,380,4,12,2.465190328815662e-32,0.3620940524716474,0.9975850131279302,0.0048317287404391965,0
86,87,6,within,unwitnessed,1,12,seen2,380,4,12,0.14285714285714293,285.97844599987144,0.16354935296505863,0.9736590953503315,1
93,94,6,within,unwitnessed,1,12,seen2,380,4,12,0.14285714285714288,285.9784459998714,0.1640566248973757,0.9736242924441671,1
100,107,7,cross,witnessed,0,12,seen2,380,4,12,0.0,0.36209150808745993,0.997775527376031,0.004502000673070627,0
101,108,7,cross,witnessed,0,12,seen2,380,4,12,0.0,0.36209150808745993,0.9979361106537062,0.0043853891557192005,0
100,101,7,within,witnessed,0,12,seen2,380,4,12,0.0,1.619553253141608,0.9993378450252656,0.001331007250269864,0
107,108,7,within,witnessed,0,12,seen2,380,4,12,0.0,1.5119498956815591,0.9992555774943928,0.0014890054040594897,0
2,9,0,cross,witnessed,0,13,seen2,380,4,12,0.0,0.36209150808746,0.9982700367570159,0.0034810941674067912,0
3,10,0,cross,witnessed,0,13,seen2,380,4,12,0.0,0.3620915080874599,0.9976829771301945,0.004885375848899324,0
2,3,0,within,witnessed,0,13,seen2,380,4,12,0.0,1.6195532531416101,0.9996321972780865,0.0007358471280408402,0
9,10,0,within,witnessed,0,13,seen2,380,4,12,0.0,1.5119498956815618,0.9996513829819275,0.0006988604445299526,0
16,23,1,cross,witnessed,0,13,seen2,380,4,12,0.0,0.3620915080874599,0.9976414368767966,0.004711895279988953,0
17,24,1,cross,witnessed,0,13,seen2,380,4,12,0.0,0.36209150808745993,0.9982823880719037,0.003451137948050868,0
16,17,1,within,witnessed,0,13,seen2,380,4,12,0.0,1.619553253141607,0.9993419455468516,0.001350979160223556,0
23,24,1,within,witnessed,0,13,seen2,380,4,12,0.0,1.5119498956815591,0.999299664036985,0.0014073695154503093,0
30,37,2,cross,unwitnessed,0,13,seen2,380,4,12,0.0,0.3620940524716616,0.9971420506698724,0.00574187163056919,0
31,38,2,cross,unwitnessed,0,13,seen2,380,4,12,1.3866695599588098e-32,0.3620940524716474,0.9983303332124088,0.003341004040207532,0
30,31,2,within,unwitnessed,1,13,seen2,380,4,12,0.14285714285714293,285.97844599987144,0.16015749700386675,0.9786604227332664,1
37,38,2,within,unwitnessed,1,13,seen2,380,4,12,0.14285714285714288,285.9784459998714,0.11806862174977752,0.9883218607480247,1
44,51,3,cross,unwitnessed,0,13,seen2,380,4,12,3.8518598887744717e-32,0.3620940524716616,0.9970927632853805,0.00581464026272437,0
45,52,3,cross,unwitnessed,0,13,seen2,380,4,12,0.0,0.3620940524716474,0.9979239545943669,0.004149055693295029,0
44,45,3,within,unwitnessed,1,13,seen2,380,4,12,0.14285714285714274,285.97844599987144,0.0840237164260843,0.9990335514929053,1
51,52,3,within,unwitnessed,1,13,seen2,380,4,12,0.14285714285714288,285.9784459998714,0.21219522976749042,0.9559352530203901,1
58,65,4,cross,witnessed,0,13,seen2,380,4,12,0.0,0.36209150808745993,0.9968725275799196,0.006250821160733257,0
59,66,4,cross,witnessed,0,13,seen2,380,4,12,0.0,0.3620915080874598,0.9979327149335754,0.004132042967901762,0
58,59,4,within,witnessed,0,13,seen2,380,4,12,0.0,1.619553253141608,0.9996339695609341,0.0007397505682215518,0
65,66,4,within,witnessed,0,13,seen2,380,4,12,0.0,1.51194989568156,0.9997400129103998,0.0005246098889286181,0
72,79,5,cross,unwitnessed,0,13,seen2,380,4,12,3.8518598887744717e-32,0.3620940524716332,0.9988030340020504,0.002478408849240593,0
73,80,5,cross,unwitnessed,0,13,seen2,380,4,12,0.0,0.3620940524716332,0.9969772538457247,0.006446643212478137,0
72,73,5,within,unwitnessed,1,13,seen2,380,4,12,0.14285714285714274,285.97844599961695,0.3102253457418892,0.9076588608360032,1
79,80,5,within,unwitnessed,1,13,seen2,380,4,12,0.14285714285714288,285.978445999617,0.14582099149873504,0.9867341053854927,1
86,93,6,cross,unwitnessed,0,13,seen2,380,4,12,1.5407439555097887e-33,0.3620940524716616,0.9982399923957299,0.0035189091691379504,0
87,94,6,cross,unwitnessed,0,13,seen2,380,4,12,2.465190328815662e-32,0.3620940524716474,0.9975212083546969,0.0051713062780400585,0
86,87,6,within,unwitnessed,1,13,seen2,380,4,12,0.14285714285714293,285.97844599987144,0.13660932874691598,0.9856851732087152,1
93,94,6,within,unwitnessed,1,13,seen2,380,4,12,0.14285714285714288,285.9784459998714,0.12781791362609898,0.9867370347707244,1
100,107,7,cross,witnessed,0,13,seen2,380,4,12,0.0,0.36209150808745993,0.9977064026238668,0.0046018785987460625,0
101,108,7,cross,witnessed,0,13,seen2,380,4,12,0.0,0.36209150808745993,0.9980560992513253,0.0040443735517593895,0
100,101,7,within,witnessed,0,13,seen2,380,4,12,0.0,1.619553253141608,0.9995250593049123,0.0009765957552662413,0
107,108,7,within,witnessed,0,13,seen2,380,4,12,0.0,1.5119498956815591,0.9996581574278973,0.0007425187045386153,0
2,9,0,cross,witnessed,0,14,seen2,380,4,12,0.0,0.36209150808746,0.9983645090761154,0.00328420627463382,0
3,10,0,cross,witnessed,0,14,seen2,380,4,12,0.0,0.3620915080874599,0.9968730607902112,0.006368754255782675,0
2,3,0,within,witnessed,0,14,seen2,380,4,12,0.0,1.6195532531416101,0.9996665814281259,0.0006671577948425376,0
9,10,0,within,witnessed,0,14,seen2,380,4,12,0.0,1.5119498956815618,0.9997393309093126,0.0005213745343152486,0
16,23,1,cross,witnessed,0,14,seen2,380,4,12,0.0,0.3620915080874599,0.9977715268786174,0.004554205547416699,0
17,24,1,cross,witnessed,0,14,seen2,380,4,12,0.0,0.36209150808745993,0.9975815717001767,0.004842274773190792,0
16,17,1,within,witnessed,0,14,seen2,380,4,12,0.0,1.619553253141607,0.9995432943816096,0.0009136274127218997,0
23,24,1,within,witnessed,0,14,seen2,380,4,12,0.0,1.5119498956815591,0.9995533500633799,0.0008955826737361437,0
30,37,2,cross,witnessed,0,14,seen2,380,4,12,0.0,0.3620915080874599,0.9971481997476305,0.005864084774577453,0
31,38,2,cross,witnessed,0,14,seen2,380,4,12,0.0,0.3620915080874599,0.9971303795922146,0.005732621215516615,0
30,31,2,within,witnessed,0,14,seen2,380,4,12,0.0,1.619553253141607,0.9996190501486633,0.0007856502034822485,0
37,38,2,within,witnessed,0,14,seen2,380,4,12,0.0,1.5119498956815591,0.9995689546343919,0.0008884500106217301,0
44,51,3,cross,unwitnessed,0,14,seen2,380,4,12,3.8518598887744717e-32,0.3620940524716616,0.9985687731188205,0.00288200550672462,0
45,52,3,cross,unwitnessed,0,14,seen2,380,4,12,0.0,0.3620940524716474,0.9976546431700721,0.004708932452820223,0
44,45,3,within,unwitnessed,1,14,seen2,380,4,12,0.14285714285714274,285.97844599987144,0.18611672383786496,0.9673585996724137,1
51,52,3,within,unwitnessed,1,14,seen2,380,4,12,0.14285714285714288,285.9784459998714,0.1824668729560771,0.9687510831526015,1
58,65,4,cross,unwitnessed,0,14,seen2,380,4,12,0.0,0.3620940524716616,0.9978852825326551,0.004227395813192186,0
59,66,4,cross,unwitnessed,0,14,seen2,380,4,12,3.8518598887744717e-32,0.3620940524716758,0.9981634591024293,0.0037828057886494233,0
58,59,4,within,unwitnessed,1,14,seen2,380,4,12,0.14285714285714293,285.9784459998442,0.2517135764425412,0.94588370297966,1
65,66,4,within,unwitnessed,1,14,seen2,380,4,12,0.14285714285714274,285.97844599984427,0.1116475079393233,0.9903341213513767,1
72,79,5,cross,unwitnessed,0,14,seen2,380,4,12,3.8518598887744717e-32,0.3620940524716332,0.9978079787331398,0.004405517572087149,0
73,80,5,cross,unwitnessed,0,14,seen2,380,4,12,0.0,0.3620940524716332,0.9979802827776987,0.004049951115058436,0
72,73,5,within,unwitnessed,1,14,seen2,380,4,12,0.14285714285714274,285.97844599961695,0.17811505759449103,0.9682854285773003,1
79,80,5,within,unwitnessed,1,14,seen2,380,4,12,0.14285714285714288,285.978445999617,0.2440554521859084,0.9445274107981769,1
86,93,6,cross,witnessed,0,14,seen2,380,4,12,0.0,0.36209150808746,0.9976131446324504,0.0047727559582604615,0
87,94,6,cross,witnessed,0,14,seen2,380,4,12,0.0,0.36209150808746,0.9966769729389094,0.006779111423239085,0
86,87,6,within,witnessed,0,14,seen2,380,4,12,0.0,1.619553253141608,0.9996119183321239,0.0007907000784106308,0
93,94,6,within,witnessed,0,14,seen2,380,4,12,0.0,1.5119498956815596,0.9997630896975469,0.0005003444156882266,0
100,107,7,cross,unwitnessed,0,14,seen2,380,4,12,1.2480026039629288e-31,0.3620940524716616,0.9978069545572461,0.004382444706000957,0
101,108,7,cross,unwitnessed,0,14,seen2,380,4,12,2.465190328815662e-32,0.3620940524716474,0.9970849496946015,0.005987732463878412,0
100,101,7,within,unwitnessed,1,14,seen2,380,4,12,0.14285714285714274,285.97844599987144,-0.10525976570904341,1.0767054950503885,1
107,108,7,within,unwitnessed,1,14,seen2,380,4,12,0.14285714285714288,285.9784459998714,0.3097737356605255,0.922290000827475,1
2,9,0,cross,witnessed,0,15,seen2,380,4,12,0.0,0.36209150808746,0.9977251269822948,0.004572842337725054,0
3,10,0,cross,witnessed,0,15,seen2,380,4,12,0.0,0.3620915080874599,0.995913383504996,0.008165864035807094,0
2,3,0,within,witnessed,0,15,seen2,380,4,12,0.0,1.6195532531416101,0.9992418519117298,0.0015157921676391937,0
9,10,0,within,witnessed,0,15,seen2,380,4,12,0.0,1.5119498956815618,0.9992922441743705,0.0014283426113550265,0
16,23,1,cross,witnessed,0,15,seen2,380,4,12,0.0,0.3620915080874599,0.9981208195838449,0.0037860804365453912,0
17,24,1,cross,witnessed,0,15,seen2,380,4,12,0.0,0.36209150808745993,0.9988364854258143,0.002575504620368314,0
16,17,1,within,witnessed,0,15,seen2,380,4,12,0.0,1.619553253141607,0.9996601093611108,0.0006798873950497744,0
23,24,1,within,witnessed,0,15,seen2,380,4,12,0.0,1.5119498956815591,0.9997587654685519,0.00048528765813007045,0
30,37,2,cross,unwitnessed,0,15,seen2,380,4,12,0.0,0.3620940524716616,0.9981738193164529,0.003673248909040539,0
31,38,2,cross,unwitnessed,0,15,seen2,380,4,12,1.3866695599588098e-32,0.3620940524716474,0.9982469874192396,0.003749126715795306,0
30,31,2,within,unwitnessed,1,15,seen2,380,4,12,0.14285714285714293,285.97844599987144,0.29452557178690947,0.920173043097412,1
37,38,2,within,unwitnessed,1,15,seen2,380,4,12,0.14285714285714288,285.9784459998714,0.24362036257484485,0.9412626072954862,1
44,51,3,cross,witnessed,0,15,seen2,380,4,12,0.0,0.3620915080874598,0.997659722839955,0.004777997162879627,0
45,52,3,cross,witnessed,0,15,seen2,380,4,12,0.0,0.36209150808745993,0.997803347935996,0.004388578411666149,0
44,45,3,within,witnessed,0,15,seen2,380,4,12,0.0,1.6195532531416075,0.9992516845992019,0.0015077591600981704,0
51,52,3,within,witnessed,0,15,seen2,380,4,12,0.0,1.5119498956815591,0.9993065238417801,0.0013888037890482823,0
58,65,4,cross,unwitnessed,0,15,seen2,380,4,12,0.0,0.3620940524716616,0.997388255217749,0.005235017705755991,0
59,66,4,cross,unwitnessed,0,15,seen2,380,4,12,3.8518598887744717e-32,0.3620940524716758,0.9973123398250663,0.005419956811873769,0
58,59,4,within,unwitnessed,1,15,seen2,380,4,12,0.14285714285714293,285.9784459998442,0.23383055544027972,0.9509897717873453,1
65,66,4,within,unwitnessed,1,15,seen2,380,4,12,0.14285714285714274,285.97844599984427,0.2598839828420601,0.9335839375973302,1
72,79,5,cross,witnessed,0,15,seen2,380,4,12,0.0,0.3620915080874598,0.9988205117647896,0.002367789631920669,0
73,80,5,cross,witnessed,0,15,seen2,380,4,12,0.0,0.3620915080874598,0.9968620177264393,0.006534004253346643,0
72,73,5,within,witnessed,0,15,seen2,380,4,12,0.0,1.6195532531416061,0.9994118379023862,0.001179245265756914,0
79,80,5,within,witnessed,0,15,seen2,380,4,12,0.0,1.5119498956815585,0.9995605017834135,0.0008788063808267947,0
86,93,6,cross,unwitnessed,0,15,seen2,380,4,12,1.5407439555097887e-33,0.3620940524716616,0.9972336710119842,0.00603322405127741,0
87,94,6,cross,unwitnessed,0,15,seen2,380,4,12,2.465190328815662e-32,0.3620940524716474,0.9975479878533459,0.0049183269495360485,0
86,87,6,within,unwitnessed,1,15,seen2,380,4,12,0.14285714285714293,285.97844599987144,0.3709951685488049,0.8993550227917585,1
93,94,6,within,unwitnessed,1,15,seen2,380,4,12,0.14285714285714288,285.9784459998714,0.09164640425633214,1.0036733850068529,1
100,107,7,cross,unwitnessed,0,15,seen2,380,4,12,1.2480026039629288e-31,0.3620940524716616,0.9984501700443004,0.003167329842206262,0
101,108,7,cross,unwitnessed,0,15,seen2,380,4,12,2.465190328815662e-32,0.3620940524716474,0.9977666496225769,0.004594853529362444,0
100,101,7,within,unwitnessed,1,15,seen2,380,4,12,0.14285714285714274,285.97844599987144,0.44875784296266036,0.8742427056439432,1
107,108,7,within,unwitnessed,1,15,seen2,380,4,12,0.14285714285714288,285.9784459998714,0.09877446775254425,0.9978994840359927,1
2,9,0,cross,witnessed,0,16,seen2,380,4,12,0.0,0.36209150808746,0.9983267037154089,0.003585426099970599,0
3,10,0,cross,witnessed,0,16,seen2,380,4,12,0.0,0.3620915080874599,0.9975224682395467,0.005012214521375785,0
2,3,0,within,witnessed,0,16,seen2,380,4,12,0.0,1.6195532531416101,0.9998373113930349,0.00032535121114908735,0
9,10,0,within,witnessed,0,16,seen2,380,4,12,0.0,1.5119498956815618,0.9997689328890942,0.0004623841780470933,0
16,23,1,cross,witnessed,0,16,seen2,380,4,12,0.0,0.3620915080874599,0.9975076353243242,0.005018507563256768,0
17,24,1,cross,witnessed,0,16,seen2,380,4,12,0.0,0.36209150808745993,0.9973240731413346,0.005353685578187162,0
16,17,1,within,witnessed,0,16,seen2,380,4,12,0.0,1.619553253141607,0.9996648651508382,0.0006784611927947184,0
23,24,1,within,witnessed,0,16,seen2,380,4,12,0.0,1.5119498956815591,0.9996797359743557,0.000651535586038571,0
30,37,2,cross,unwitnessed,0,16,seen2,380,4,12,0.0,0.3620940524716616,0.9986863531443674,0.0026741592735940725,0
31,38,2,cross,unwitnessed,0,16,seen2,380,4,12,1.3866695599588098e-32,0.3620940524716474,0.9977062551029705,0.004638138745741267,0
30,31,2,within,unwitnessed,1,16,seen2,380,4,12,0.14285714285714293,285.97844599987144,0.3240305876353848,0.9041158532829607,1
37,38,2,within,unwitnessed,1,16,seen2,380,4,12,0.14285714285714288,285.9784459998714,0.22857081630502138,0.9491357528799567,1
44,51,3,cross,unwitnessed,0,16,seen2,380,4,12,3.8518598887744717e-32,0.3620940524716616,0.99870839286665,0.0026672839018732418,0
45,52,3,cross,unwitnessed,0,16,seen2,380,4,12,0.0,0.3620940524716474,0.9976026169392469,0.004846237285500683,0
44,45,3,within,unwitnessed,1,16,seen2,380,4,12,0.14285714285714274,285.97844599987144,0.1997415834769101,0.9601067454094061,1
51,52,3,within,unwitnessed,1,16,seen2,380,4,12,0.14285714285714288,285.9784459998714,0.2361393554761654,0.9445347852704998,1
58,65,4,cross,witnessed,0,16,seen2,380,4,12,0.0,0.36209150808745993,0.9978807663520677,0.004285429059779062,0
59,66,4,cross,witnessed,0,16,seen2,380,4,12,0.0,0.3620915080874598,0.997343583632394,0.0053109487101032785,0
58,59,4,within,witnessed,0,16,seen2,380,4,12,0.0,1.619553253141608,0.9994865527138509,0.001026962949964945,0
65,66,4,within,witnessed,0,16,seen2,380,4,12,0.0,1.51194989568156,0.9995474094147075,0.0009155855027655784,0
72,79,5,cross,unwitnessed,0,16,seen2,380,4,12,3.8518598887744717e-32,0.3620940524716332,0.9977914428131377,0.004416968955384949,0
73,80,5,cross,unwitnessed,0,16,seen2,380,4,12,0.0,0.3620940524716332,0.9982519322205241,0.0035057163892820236,0
72,73,5,within,unwitnessed,1,16,seen2,380,4,12,0.14285714285714274,285.97844599961695,0.2037590494561082,0.9595207431356044,1
79,80,5,within,unwitnessed,1,16,seen2,380,4,12,0.14285714285714288,285.978445999617,0.14683792939472115,0.9794840635072956,1
86,93,6,cross,witnessed,0,16,seen2,380,4,12,0.0,0.36209150808746,0.9958893901970611,0.008302956118297247,0
87,94,6,cross,witnessed,0,16,seen2,380,4,12,0.0,0.36209150808746,0.9981654813637465,0.0036913222423692535,0
86,87,6,within,witnessed,0,16,seen2,380,4,12,0.0,1.619553253141608,0.9996406807118854,0.0007185103685349333,0
93,94,6,within,witnessed,0,16,seen2,380,4,12,0.0,1.5119498956815596,0.999589479715018,0.0008400592977823822,0
100,107,7,cross,unwitnessed,0,16,seen2,380,4,12,1.2480026039629288e-31,0.3620940524716616,0.9978925667990849,0.004223342626847099,0
101,108,7,cross,unwitnessed,0,16,seen2,380,4,12,2.465190328815662e-32,0.3620940524716474,0.9983485034107785,0.0033593756065617504,0
100,101,7,within,unwitnessed,1,16,seen2,380,4,12,0.14285714285714274,285.97844599987144,0.2175825064098906,0.9527017999978112,1
107,108,7,within,unwitnessed,1,16,seen2,380,4,12,0.14285714285714288,285.9784459998714,0.0034363955884679585,1.042796612145334,1
2,9,0,cross,unwitnessed,0,17,seen2,380,4,12,0.0,0.3620940524716474,0.9981106760720251,0.00384794927792289,0
3,10,0,cross,unwitnessed,0,17,seen2,380,4,12,3.8518598887744717e-32,0.3620940524716616,0.9986351256094521,0.0027376855411633655,0
2,3,0,within,unwitnessed,1,17,seen2,380,4,12,0.14285714285714293,285.9784459998442,0.2456207371361971,0.9397100999588908,1
9,10,0,within,unwitnessed,1,17,seen2,380,4,12,0.14285714285714274,285.9784459998443,0.203502685635975,0.9587646549922636,1
16,23,1,cross,unwitnessed,0,17,seen2,380,4,12,3.8518598887744717e-32,0.3620940524716474,0.9981196388379663,0.003830320830478149,0
17,24,1,cross,unwitnessed,0,17,seen2,380,4,12,0.0,0.3620940524716332,0.9978405928406147,0.004363555017433184,0
16,17,1,within,unwitnessed,1,17,seen2,380,4,12,0.14285714285714274,285.97844599970784,0.24276444673311887,0.9428459744735338,1
23,24,1,within,unwitnessed,1,17,seen2,380,4,12,0.14285714285714288,285.97844599970796,0.20794780044592892,0.9571371712838707,1
30,37,2,cross,witnessed,0,17,seen2,380,4,12,0.0,0.3620915080874599,0.9987938594235232,0.0024345436263306136,0
31,38,2,cross,witnessed,0,17,seen2,380,4,12,0.0,0.3620915080874599,0.9980387555156603,0.00391927724151162,0
30,31,2,within,witnessed,0,17,seen2,380,4,12,0.0,1.619553253141607,0.9996538974686429,0.0006921781442400764,0
37,38,2,within,witnessed,0,17,seen2,380,4,12,0.0,1.5119498956815591,0.999662682453141,0.000674683309446782,0
44,51,3,cross,unwitnessed,0,17,seen2,380,4,12,3.8518598887744717e-32,0.3620940524716616,0.9974565884022458,0.0051022422470699096,0
45,52,3,cross,unwitnessed,0,17,seen2,380,4,12,0.0,0.3620940524716474,0.9980528866015782,0.003929983359461823,0
44,45,3,within,unwitnessed,1,17,seen2,380,4,12,0.14285714285714274,285.97844599987144,0.04074768597287004,1.0346026220849618,1
51,52,3,within,unwitnessed,1,17,seen2,380,4,12,0.14285714285714288,285.9784459998714,-0.03772521743473943,1.0504077019093372,1
58,65,4,cross,witnessed,0,17,seen2,380,4,12,0.0,0.36209150808745993,0.9982178258747929,0.0035805395298036937,0
59,66,4,cross,witnessed,0,17,seen2,380,4,12,0.0,0.3620915080874598,0.9970398147429071,0.006029414294696469,0
58,59,4,within,witnessed,0,17,seen2,380,4,12,0.0,1.619553253141608,0.9993659573689843,0.0012922756478776973,0
65,66,4,within,witnessed,0,17,seen2,380,4,12,0.0,1.51194989568156,0.999444634733943,0.0011206966814665401,0
72,79,5,cross,witnessed,0,17,seen2,380,4,12,0.0,0.3620915080874598,0.9974304987221922,0.005316349344476741,0
73,80,5,cross,witnessed,0,17,seen2,380,4,12,0.0,0.3620915080874598,0.9979593569493952,0.004129544656110818,0
72,73,5,within,witnessed,0,17,seen2,380,4,12,0.0,1.6195532531416061,0.9990608913385567,0.001954688775797675,0
79,80,5,within,witnessed,0,17,seen2,380,4,12,0.0,1.5119498956815585,0.9993969262876352,0.0012874702036074414,0
86,93,6,cross,witnessed,0,17,seen2,380,4,12,0.0,0.36209150808746,0.9973691196640572,0.005300576681687719,0
87,94,6,cross,witnessed,0,17,seen2,380,4,12,0.0,0.36209150808746,0.9982268115911446,0.003798560241982896,0
86,87,6,within,witnessed,0,17,seen2,380,4,12,0.0,1.619553253141608,0.9995529453751874,0.0008952457193523863,0
93,94,6,within,witnessed,0,17,seen2,380,4,12,0.0,1.5119498956815596,0.9995808747017109,0.0008392626501539668,0
100,107,7,cross,unwitnessed,0,17,seen2,380,4,12,1.2480026039629288e-31,0.3620940524716616,0.9984481353779705,0.0031560234168323945,0
101,108,7,cross,unwitnessed,0,17,seen2,380,4,12,2.465190328815662e-32,0.3620940524716474,0.9979279970117234,0.004626996422441837,0
100,101,7,within,unwitnessed,1,17,seen2,380,4,12,0.14285714285714274,285.97844599987144,0.3401787146814143,0.9217626470099554,1
107,108,7,within,unwitnessed,1,17,seen2,380,4,12,0.14285714285714288,285.9784459998714,-0.03361094733818584,1.0379035736498872,1
2,9,0,cross,unwitnessed,0,18,seen2,380,4,12,0.0,0.3620940524716474,0.9975683034217181,0.004954162851772295,0
3,10,0,cross,unwitnessed,0,18,seen2,380,4,12,3.8518598887744717e-32,0.3620940524716616,0.9976035877849752,0.004982491278981795,0
2,3,0,within,unwitnessed,1,18,seen2,380,4,12,0.14285714285714293,285.9784459998442,0.28224848757691867,0.9217176153881654,1
9,10,0,within,unwitnessed,1,18,seen2,380,4,12,0.14285714285714274,285.9784459998443,0.30711001273147687,0.9089792311310231,1
16,23,1,cross,unwitnessed,0,18,seen2,380,4,12,3.8518598887744717e-32,0.3620940524716474,0.9967108087777393,0.0065687610736620845,0
17,24,1,cross,unwitnessed,0,18,seen2,380,4,12,0.0,0.3620940524716332,0.9983539560555108,0.003297358738953079,0
16,17,1,within,unwitnessed,1,18,seen2,380,4,12,0.14285714285714274,285.97844599970784,0.1347030021878149,0.9846905392366253,1
23,24,1,within,unwitnessed,1,18,seen2,380,4,12,0.14285714285714288,285.97844599970796,0.11243702074518347,0.9933994272534324,1
30,37,2,cross,witnessed,0,18,seen2,380,4,12,0.0,0.3620915080874599,0.9979188928014081,0.00418897526233456,0
31,38,2,cross,witnessed,0,18,seen2,380,4,12,0.0,0.3620915080874599,0.9980135227152839,0.004932207491467797,0
30,31,2,within,witnessed,0,18,seen2,380,4,12,0.0,1.619553253141607,0.9995387841982927,0.000926491550941335,0
37,38,2,within,witnessed,0,18,seen2,380,4,12,0.0,1.5119498956815591,0.9994730698032814,0.0010571913855284543,0
44,51,3,cross,witnessed,0,18,seen2,380,4,12,0.0,0.3620915080874598,0.9968466122996918,0.006336334181112819,0
45,52,3,cross,witnessed,0,18,seen2,380,4,12,0.0,0.36209150808745993,0.9982292015990278,0.003635872275626434,0
44,45,3,within,witnessed,0,18,seen2,380,4,12,0.0,1.6195532531416075,0.9996532802757353,0.0006935387170569395,0
51,52,3,within,witnessed,0,18,seen2,380,4,12,0.0,1.5119498956815591,0.9996456834282991,0.0007085096448986628,0
58,65,4,cross,witnessed,0,18,seen2,380,4,12,0.0,0.36209150808745993,0.9978918938985322,0.004377956650700134,0
59,66,4,cross,witnessed,0,18,seen2,380,4,12,0.0,0.3620915080874598,0.994996964030174,0.009985640747513147,0
58,59,4,within,witnessed,0,18,seen2,380,4,12,0.0,1.619553253141608,0.9994823573915756,0.0011122097155457824,0
65,66,4,within,witnessed,0,18,seen2,380,4,12,0.0,1.51194989568156,0.9995975856053068,0.0009258353587370598,0
72,79,5,cross,witnessed,0,18,seen2,380,4,12,0.0,0.3620915080874598,0.9977738766660122,0.004525356978809731,0
73,80,5,cross,witnessed,0,18,seen2,380,4,12,0.0,0.3620915080874598,0.9985998469769337,0.002847334206016669,0
72,73,5,within,witnessed,0,18,seen2,380,4,12,0.0,1.6195532531416061,0.9995858543412386,0.0008287092367268216,0
79,80,5,within,witnessed,0,18,seen2,380,4,12,0.0,1.5119498956815585,0.9996409185275655,0.0007193476169157972,0
86,93,6,cross,unwitnessed,0,18,seen2,380,4,12,1.5407439555097887e-33,0.3620940524716616,0.9985009439107453,0.0030745784911883852,0
87,94,6,cross,unwitnessed,0,18,seen2,380,4,12,2.465190328815662e-32,0.3620940524716474,0.9979092381415411,0.0043991493924628805,0
86,87,6,within,unwitnessed,1,18,seen2,380,4,12,0.14285714285714293,285.97844599987144,0.28790868973322514,0.9293656269921706,1
93,94,6,within,unwitnessed,1,18,seen2,380,4,12,0.14285714285714288,285.9784459998714,0.24542526794713146,0.9447350402768292,1
100,107,7,cross,unwitnessed,0,18,seen2,380,4,12,1.2480026039629288e-31,0.3620940524716616,0.997768912658048,0.004467753965948341,0
101,108,7,cross,unwitnessed,0,18,seen2,380,4,12,2.465190328815662e-32,0.3620940524716474,0.9977709014315757,0.004465882456653385,0
100,101,7,within,unwitnessed,1,18,seen2,380,4,12,0.14285714285714274,285.97844599987144,0.29645074569753516,0.9206828342268669,1
107,108,7,within,unwitnessed,1,18,seen2,380,4,12,0.14285714285714288,285.9784459998714,0.15065072051125122,0.9792107376785568,1
2,9,0,cross,witnessed,0,19,seen2,380,4,12,0.0,0.36209150808746,0.9963821968651138,0.007234099438738116,0
3,10,0,cross,witnessed,0,19,seen2,380,4,12,0.0,0.3620915080874599,0.9972894682935582,0.005454082842599151,0
2,3,0,within,witnessed,0,19,seen2,380,4,12,0.0,1.6195532531416101,0.9994428064748814,0.0011179226463490161,0
9,10,0,within,witnessed,0,19,seen2,380,4,12,0.0,1.5119498956815618,0.999477260971775,0.0010468713694860479,0
16,23,1,cross,witnessed,0,19,seen2,380,4,12,0.0,0.3620915080874599,0.9965722848291153,0.006924928525492339,0
17,24,1,cross,witnessed,0,19,seen2,380,4,12,0.0,0.36209150808745993,0.9981976780066177,0.00426552594227736,0
16,17,1,within,witnessed,0,19,seen2,380,4,12,0.0,1.619553253141607,0.9995875231555931,0.0008366995026788877,0
23,24,1,within,witnessed,0,19,seen2,380,4,12,0.0,1.5119498956815591,0.9996680736963256,0.0006661894895072144,0
30,37,2,cross,unwitnessed,0,19,seen2,380,4,12,0.0,0.3620940524716616,0.9977998900837941,0.004487341954677074,0
31,38,2,cross,unwitnessed,0,19,seen2,380,4,12,1.3866695599588098e-32,0.3620940524716474,0.9976369328689769,0.004720921605257994,0
30,31,2,within,unwitnessed,1,19,seen2,380,4,12,0.14285714285714293,285.97844599987144,0.26535614121959067,0.9381166290911873,1
37,38,2,within,unwitnessed,1,19,seen2,380,4,12,0.14285714285714288,285.9784459998714,0.07809826617363785,1.0028190867697095,1
44,51,3,cross,witnessed,0,19,seen2,380,4,12,0.0,0.3620915080874598,0.9980319643821423,0.003936177563952813,0
45,52,3,cross,witnessed,0,19,seen2,380,4,12,0.0,0.36209150808745993,0.9981459082636864,0.0037081773822511084,0
44,45,3,within,witnessed,0,19,seen2,380,4,12,0.0,1.6195532531416075,0.9994961612781177,0.001022572435042635,0
51,52,3,within,witnessed,0,19,seen2,380,4,12,0.0,1.5119498956815591,0.9996740989342785,0.0006523269553476872,0
58,65,4,cross,witnessed,0,19,seen2,380,4,12,0.0,0.36209150808745993,0.9984901369436253,0.0030859169099601764,0
59,66,4,cross,witnessed,0,19,seen2,380,4,12,0.0,0.3620915080874598,0.9979331241268343,0.004441233178212698,0
58,59,4,within,witnessed,0,19,seen2,380,4,12,0.0,1.619553253141608,0.9995239089815174,0.0009602323048281161,0
65,66,4,within,witnessed,0,19,seen2,380,4,12,0.0,1.51194989568156,0.9995223951016756,0.000958081607370094,0
72,79,5,cross,unwitnessed,0,19,seen2,380,4,12,3.8518598887744717e-32,0.3620940524716332,0.9973073118567957,0.005382261210676442,0
73,80,5,cross,unwitnessed,0,19,seen2,380,4,12,0.0,0.3620940524716332,0.9980945084204046,0.0038894603091040956,0
72,73,5,within,unwitnessed,1,19,seen2,380,4,12,0.14285714285714274,285.97844599961695,0.13667835799687225,0.9842803994619316,1
79,80,5,within,unwitnessed,1,19,seen2,380,4,12,0.14285714285714288,285.978445999617,0.25675397076075795,0.9380992027391075,1
86,93,6,cross,unwitnessed,0,19,seen2,380,4,12,1.5407439555097887e-33,0.3620940524716616,0.9982843660111314,0.0034751101165797884,0
87,94,6,cross,unwitnessed,0,19,seen2,380,4,12,2.465190328815662e-32,0.3620940524716474,0.9978778989997767,0.004301740422618057,0
86,87,6,within,unwitnessed,1,19,seen2,380,4,12,0.14285714285714293,285.97844599987144,0.07826323609999844,1.0048614294508245,1
93,94,6,within,unwitnessed,1,19,seen2,380,4,12,0.14285714285714288,285.9784459998714,0.17667355598393159,0.9690245759573399,1
100,107,7,cross,unwitnessed,0,19,seen2,380,4,12,1.2480026039629288e-31,0.3620940524716616,0.9982741911299459,0.0036948110116676943,0
101,108,7,cross,unwitnessed,0,19,seen2,380,4,12,2.465190328815662e-32,0.3620940524716474,0.9985089939841614,0.003031016990791807,0
100,101,7,within,unwitnessed,1,19,seen2,380,4,12,0.14285714285714274,285.97844599987144,0.11687742382195358,0.9917811327452712,1
107,108,7,within,unwitnessed,1,19,seen2,380,4,12,0.14285714285714288,285.9784459998714,0.30370282140178584,0.9178904083624603,1
2,9,0,cross,unwitnessed,0,20,seen2,380,4,12,0.0,0.3620940524716474,0.9980129284554791,0.004568968334075377,0
3,10,0,cross,unwitnessed,0,20,seen2,380,4,12,3.8518598887744717e-32,0.3620940524716616,0.9972138752938038,0.0066039203039790625,0
2,3,0,within,unwitnessed,1,20,seen2,380,4,12,0.14285714285714293,285.9784459998442,0.23097119444002434,0.9523770182612097,1
9,10,0,within,unwitnessed,1,20,seen2,380,4,12,0.14285714285714274,285.9784459998443,0.2776243501348745,0.9373590605015645,1
16,23,1,cross,unwitnessed,0,20,seen2,380,4,12,3.8518598887744717e-32,0.3620940524716474,0.9973342933863574,0.005441592037492236,0
17,24,1,cross,unwitnessed,0,20,seen2,380,4,12,0.0,0.3620940524716332,0.9982899040298832,0.003457555166054609,0
16,17,1,within,unwitnessed,1,20,seen2,380,4,12,0.14285714285714274,285.97844599970784,0.2567654964875605,0.9391522709248753,1
23,24,1,within,unwitnessed,1,20,seen2,380,4,12,0.14285714285714288,285.97844599970796,0.06951513583745128,1.0099827793923024,1
30,37,2,cross,witnessed,0,20,seen2,380,4,12,0.0,0.3620915080874599,0.9987773555782582,0.0024440428221589707,0
31,38,2,cross,witnessed,0,20,seen2,380,4,12,0.0,0.3620915080874599,0.9970128596018377,0.006611211808696375,0
30,31,2,within,witnessed,0,20,seen2,380,4,12,0.0,1.619553253141607,0.9992965531617027,0.0014159381295299391,0
37,38,2,within,witnessed,0,20,seen2,380,4,12,0.0,1.5119498956815591,0.999536571177633,0.0009277447965768754,0
44,51,3,cross,unwitnessed,0,20,seen2,380,4,12,3.8518598887744717e-32,0.3620940524716616,0.9968704044330285,0.006724143379586318,0
45,52,3,cross,unwitnessed,0,20,seen2,380,4,12,0.0,0.3620940524716474,0.9960489609993359,0.007889672411675994,0
44,45,3,within,unwitnessed,1,20,seen2,380,4,12,0.14285714285714274,285.97844599987144,0.39098298368254486,0.880330039932489,1
51,52,3,within,unwitnessed,1,20,seen2,380,4,12,0.14285714285714288,285.9784459998714,0.12308988851847709,0.9882662187534981,1
58,65,4,cross,unwitnessed,0,20,seen2,380,4,12,0.0,0.3620940524716616,0.9975296645499189,0.004945370979653788,0
59,66,4,cross,unwitnessed,0,20,seen2,380,4,12,3.8518598887744717e-32,0.3620940524716758,0.9985043917885874,0.003025773103054319,0
58,59,4,within,unwitnessed,1,20,seen2,380,4,12,0.14285714285714293,285.9784459998442,0.27322430903327705,0.9334060296063115,1
65,66,4,within,unwitnessed,1,20,seen2,380,4,12,0.14285714285714274,285.97844599984427,0.244147701820738,0.9418474791090571,1
72,79,5,cross,witnessed,0,20,seen2,380,4,12,0.0,0.3620915080874598,0.9980775600965727,0.0038489782137365097,0
73,80,5,cross,witnessed,0,20,seen2,380,4,12,0.0,0.3620915080874598,0.9971523200570588,0.006023575891797839,0
72,73,5,within,witnessed,0,20,seen2,380,4,12,0.0,1.6195532531416061,0.999596468901284,0.0008136096108643999,0
79,80,5,within,witnessed,0,20,seen2,380,4,12,0.0,1.5119498956815585,0.9996174422373161,0.0008038306204127034,0
86,93,6,cross,witnessed,0,20,seen2,380,4,12,0.0,0.36209150808746,0.9977615203178567,0.004554557600998424,0
87,94,6,cross,witnessed,0,20,seen2,380,4,12,0.0,0.36209150808746,0.9975392180559032,0.004916967795901552,0
86,87,6,within,witnessed,0,20,seen2,380,4,12,0.0,1.619553253141608,0.9994010962186811,0.00120656714425137,0
93,94,6,within,witnessed,0,20,seen2,380,4,12,0.0,1.5119498956815596,0.9993193820233612,0.0014147008361685553,0
100,107,7,cross,witnessed,0,20,seen2,380,4,12,0.0,0.36209150808745993,0.9976843450553663,0.0046791110757686905,0
101,108,7,cross,witnessed,0,20,seen2,380,4,12,0.0,0.36209150808745993,0.9976368648538145,0.004720706796074708,0
100,101,7,within,witnessed,0,20,seen2,380,4,12,0.0,1.619553253141608,0.9996183326768013,0.0007637326208482202,0
107,108,7,within,witnessed,0,20,seen2,380,4,12,0.0,1.5119498956815591,0.9996549127908684,0.0006901242627764717,0
2,9,0,cross,unwitnessed,0,21,seen2,380,4,12,0.0,0.3620940524716474,0.9981467287108948,0.0037775891202269036,0
3,10,0,cross,unwitnessed,0,21,seen2,380,4,12,3.8518598887744717e-32,0.3620940524716616,0.9975361020844379,0.004927008281894208,0
2,3,0,within,unwitnessed,1,21,seen2,380,4,12,0.14285714285714293,285.9784459998442,0.3912178508451106,0.8737906675640544,1
9,10,0,within,unwitnessed,1,21,seen2,380,4,12,0.14285714285714274,285.9784459998443,0.21911623840766264,0.9521267280030191,1
16,23,1,cross,unwitnessed,0,21,seen2,380,4,12,3.8518598887744717e-32,0.3620940524716474,0.9984589696957082,0.0030891347826851835,0
17,24,1,cross,unwitnessed,0,21,seen2,380,4,12,0.0,0.3620940524716332,0.9976219313101836,0.004767047517798691,0
16,17,1,within,unwitnessed,1,21,seen2,380,4,12,0.14285714285714274,285.97844599970784,0.22360285281327744,0.9512462798288683,1
23,24,1,within,unwitnessed,1,21,seen2,380,4,12,0.14285714285714288,285.97844599970796,0.26006036084499384,0.9358972108034977,1
30,37,2,cross,unwitnessed,0,21,seen2,380,4,12,0.0,0.3620940524716616,0.9981688415928044,0.0036628691364400706,0
31,38,2,cross,unwitnessed,0,21,seen2,380,4,12,1.3866695599588098e-32,0.3620940524716474,0.9981928029443936,0.003676969938059807,0
30,31,2,within,unwitnessed,1,21,seen2,380,4,12,0.14285714285714293,285.97844599987144,0.08433486435499439,1.0169637530563589,1
37,38,2,within,unwitnessed,1,21,seen2,380,4,12,0.14285714285714288,285.9784459998714,0.09892278325668422,1.0048599997055532,1
44,51,3,cross,witnessed,0,21,seen2,380,4,12,0.0,0.3620915080874598,0.9960726632767104,0.007843566223995783,0
45,52,3,cross,witnessed,0,21,seen2,380,4,12,0.0,0.36209150808745993,0.9977912275381541,0.004481433607556491,0
44,45,3,within,witnessed,0,21,seen2,380,4,12,0.0,1.6195532531416075,0.9995821501698884,0.0008445096435890661,0
51,52,3,within,witnessed,0,21,seen2,380,4,12,0.0,1.5119498956815591,0.9995223403385513,0.0009778506423533527,0
58,65,4,cross,witnessed,0,21,seen2,380,4,12,0.0,0.36209150808745993,0.9970330030921616,0.005925191062784413,0
59,66,4,cross,witnessed,0,21,seen2,380,4,12,0.0,0.3620915080874598,0.9977514017520628,0.00461711567482122,0
58,59,4,within,witnessed,0,21,seen2,380,4,12,0.0,1.619553253141608,0.9994604519467883,0.0010919923359709084,0
65,66,4,within,witnessed,0,21,seen2,380,4,12,0.0,1.51194989568156,0.999455763494825,0.0010886369714089596,0
72,79,5,cross,witnessed,0,21,seen2,380,4,12,0.0,0.3620915080874598,0.9988564575660285,0.0023732036582981017,0
73,80,5,cross,witnessed,0,21,seen2,380,4,12,0.0,0.3620915080874598,0.9986067272490682,0.002812267190015161,0
72,73,5,within,witnessed,0,21,seen2,380,4,12,0.0,1.6195532531416061,0.999570476345281,0.0008833850960017554,0
79,80,5,within,witnessed,0,21,seen2,380,4,12,0.0,1.5119498956815585,0.9995788505155715,0.0008709783662047415,0
86,93,6,cross,unwitnessed,0,21,seen2,380,4,12,1.5407439555097887e-33,0.3620940524716616,0.9980643105988514,0.004014250405294407,0
87,94,6,cross,unwitnessed,0,21,seen2,380,4,12,2.465190328815662e-32,0.3620940524716474,0.9976066785644576,0.004944042597412329,0
86,87,6,within,unwitnessed,1,21,seen2,380,4,12,0.14285714285714293,285.97844599987144,0.033792892305818105,1.05047914927635,1
93,94,6,within,unwitnessed,1,21,seen2,380,4,12,0.14285714285714288,285.9784459998714,0.221201421365775,0.9512411624276264,1
100,107,7,cross,witnessed,0,21,seen2,380,4,12,0.0,0.36209150808745993,0.9982644592550677,0.003557025377318164,0
101,108,7,cross,witnessed,0,21,seen2,380,4,12,0.0,0.36209150808745993,0.9974551559439465,0.00509591749904537,0
100,101,7,within,witnessed,0,21,seen2,380,4,12,0.0,1.619553253141608,0.9995477593886885,0.0009107751559950143,0
107,108,7,within,witnessed,0,21,seen2,380,4,12,0.0,1.5119498956815591,0.9996939194030303,0.0006121679650511859,0
2,9,0,cross,unwitnessed,0,22,seen2,380,4,12,0.0,0.3620940524716474,0.9980849240076108,0.0038301250686321934,0
3,10,0,cross,unwitnessed,0,22,seen2,380,4,12,3.8518598887744717e-32,0.3620940524716616,0.9981806059022839,0.0036471081631477944,0
2,3,0,within,unwitnessed,1,22,seen2,380,4,12,0.14285714285714293,285.9784459998442,0.44794399029455206,0.8657051175587435,1
9,10,0,within,unwitnessed,1,22,seen2,380,4,12,0.14285714285714274,285.9784459998443,0.0868797819589279,1.0190532903984038,1
16,23,1,cross,witnessed,0,22,seen2,380,4,12,0.0,0.3620915080874599,0.9978240257827532,0.004605883214090084,0
17,24,1,cross,witnessed,0,22,seen2,380,4,12,0.0,0.36209150808745993,0.9980753203809805,0.003855855898058092,0
16,17,1,within,witnessed,0,22,seen2,380,4,12,0.0,1.619553253141607,0.9995827230959746,0.0008346701380472582,0
23,24,1,within,witnessed,0,22,seen2,380,4,12,0.0,1.5119498956815591,0.9996116963089926,0.0007779259656351485,0
30,37,2,cross,unwitnessed,0,22,seen2,380,4,12,0.0,0.3620940524716616,0.9986054683664387,0.003270666788131571,0
31,38,2,cross,unwitnessed,0,22,seen2,380,4,12,1.3866695599588098e-32,0.3620940524716474,0.9979712151308195,0.004233857432298849,0
30,31,2,within,unwitnessed,1,22,seen2,380,4,12,0.14285714285714293,285.97844599987144,0.334725510705771,0.9071891362454958,1
37,38,2,within,unwitnessed,1,22,seen2,380,4,12,0.14285714285714288,285.9784459998714,0.2559379776920769,0.9407966510228262,1
44,51,3,cross,witnessed,0,22,seen2,380,4,12,0.0,0.3620915080874598,0.9982445279504322,0.003507911491256518,0
45,52,3,cross,witnessed,0,22,seen2,380,4,12,0.0,0.36209150808745993,0.9969578400527772,0.006075073304681757,0
44,45,3,within,witnessed,0,22,seen2,380,4,12,0.0,1.6195532531416075,0.999686699473195,0.0006363608638880162,0
51,52,3,within,witnessed,0,22,seen2,380,4,12,0.0,1.5119498956815591,0.9996455944742286,0.0007158746436243793,0
58,65,4,cross,witnessed,0,22,seen2,380,4,12,0.0,0.36209150808745993,0.9967405531362871,0.006519418904962859,0
59,66,4,cross,witnessed,0,22,seen2,380,4,12,0.0,0.3620915080874598,0.9974276082440858,0.005171898121329388,0
58,59,4,within,witnessed,0,22,seen2,380,4,12,0.0,1.619553253141608,0.9995752995659464,0.0008542341670437867,0
65,66,4,within,witnessed,0,22,seen2,380,4,12,0.0,1.51194989568156,0.9996237157635162,0.0007612720758274676,0
72,79,5,cross,unwitnessed,0,22,seen2,380,4,12,3.8518598887744717e-32,0.3620940524716332,0.9973221965739045,0.005350573755077856,0
73,80,5,cross,unwitnessed,0,22,seen2,380,4,12,0.0,0.3620940524716332,0.9983069906903352,0.003388154074874379,0
72,73,5,within,unwitnessed,1,22,seen2,380,4,12,0.14285714285714274,285.97844599961695,0.11028242070732222,0.9949316032201448,1
79,80,5,within,unwitnessed,1,22,seen2,380,4,12,0.14285714285714288,285.978445999617,0.047945362584034146,1.0242289258732236,1
86,93,6,cross,unwitnessed,0,22,seen2,380,4,12,1.5407439555097887e-33,0.3620940524716616,0.9984044340636867,0.003333996366255737,0
87,94,6,cross,unwitnessed,0,22,seen2,380,4,12,2.465190328815662e-32,0.3620940524716474,0.9980538220589166,0.004299105839121998,0
86,87,6,within,unwitnessed,1,22,seen2,380,4,12,0.14285714285714293,285.97844599987144,0.15521417705017415,0.9771110611412894,1
93,94,6,within,unwitnessed,1,22,seen2,380,4,12,0.14285714285714288,285.9784459998714,0.04366128011745837,1.0194590670727721,1
100,107,7,cross,witnessed,0,22,seen2,380,4,12,0.0,0.36209150808745993,0.9983108189628845,0.003431441712298085,0
101,108,7,cross,witnessed,0,22,seen2,380,4,12,0.0,0.36209150808745993,0.9982893876711957,0.003503160432940576,0
100,101,7,within,witnessed,0,22,seen2,380,4,12,0.0,1.619553253141608,0.9996403135398819,0.0007404742496247164,0
107,108,7,within,witnessed,0,22,seen2,380,4,12,0.0,1.5119498956815591,0.999595196051626,0.000828412137613358,0
2,9,0,cross,witnessed,0,23,seen2,380,4,12,0.0,0.36209150808746,0.9969785458132002,0.006051557656499912,0
3,10,0,cross,witnessed,0,23,seen2,380,4,12,0.0,0.3620915080874599,0.9970859217619759,0.005822043674595223,0
2,3,0,within,witnessed,0,23,seen2,380,4,12,0.0,1.6195532531416101,0.9994940870537586,0.0010973632840253322,0
9,10,0,within,witnessed,0,23,seen2,380,4,12,0.0,1.5119498956815618,0.9993983810180449,0.0012079715816457062,0
16,23,1,cross,witnessed,0,23,seen2,380,4,12,0.0,0.3620915080874599,0.9983332020860906,0.0033397236457003107,0
17,24,1,cross,witnessed,0,23,seen2,380,4,12,0.0,0.36209150808745993,0.9978253774435292,0.00440027362041956,0
16,17,1,within,witnessed,0,23,seen2,380,4,12,0.0,1.619553253141607,0.9993578804035825,0.0013023375939484698,0
23,24,1,within,witnessed,0,23,seen2,380,4,12,0.0,1.5119498956815591,0.9994982820828454,0.0010468045997528482,0
30,37,2,cross,unwitnessed,0,23,seen2,380,4,12,0.0,0.3620940524716616,0.9978519757117209,0.004424027163705704,0
31,38,2,cross,unwitnessed,0,23,seen2,380,4,12,1.3866695599588098e-32,0.3620940524716474,0.9983521944927218,0.0033118331314553845,0
30,31,2,within,unwitnessed,1,23,seen2,380,4,12,0.14285714285714293,285.97844599987144,0.1604087991164473,0.9748727911830098,1
37,38,2,within,unwitnessed,1,23,seen2,380,4,12,0.14285714285714288,285.9784459998714,0.24067091951887426,0.9481879730592364,1
44,51,3,cross,witnessed,0,23,seen2,380,4,12,0.0,0.3620915080874598,0.9980877622690718,0.0038208659285717283,0
45,52,3,cross,witnessed,0,23,seen2,380,4,12,0.0,0.36209150808745993,0.9983760614219955,0.0032845369686821915,0
44,45,3,within,witnessed,0,23,seen2,380,4,12,0.0,1.6195532531416075,0.9995620266542875,0.0008919590944830489,0
51,52,3,within,witnessed,0,23,seen2,380,4,12,0.0,1.5119498956815591,0.9996613924297598,0.0006967452872101258,0
58,65,4,cross,witnessed,0,23,seen2,380,4,12,0.0,0.36209150808745993,0.9977977393154317,0.004400363144727815,0
59,66,4,cross,witnessed,0,23,seen2,380,4,12,0.0,0.3620915080874598,0.9978879476035694,0.004308744395201737,0
58,59,4,within,witnessed,0,23,seen2,380,4,12,0.0,1.619553253141608,0.9994128838754586,0.0011792591896852963,0
65,66,4,within,witnessed,0,23,seen2,380,4,12,0.0,1.51194989568156,0.9995126305988179,0.0010018294619924,0
72,79,5,cross,unwitnessed,0,23,seen2,380,4,12,3.8518598887744717e-32,0.3620940524716332,0.9979687254134127,0.004127650534527421,0
73,80,5,cross,unwitnessed,0,23,seen2,380,4,12,0.0,0.3620940524716332,0.9974460569666723,0.00517293818999871,0
72,73,5,within,unwitnessed,1,23,seen2,380,4,12,0.14285714285714274,285.97844599961695,0.23259266592383773,0.9479627087940528,1
79,80,5,within,unwitnessed,1,23,seen2,380,4,12,0.14285714285714288,285.978445999617,0.044781510015034894,1.013174719388194,1
86,93,6,cross,unwitnessed,0,23,seen2,380,4,12,1.5407439555097887e-33,0.3620940524716616,0.9982152033712067,0.003570762673026965,0
87,94,6,cross,unwitnessed,0,23,seen2,380,4,12,2.465190328815662e-32,0.3620940524716474,0.9982459367194048,0.0035549325006545437,0
86,87,6,within,unwitnessed,1,23,seen2,380,4,12,0.14285714285714293,285.97844599987144,0.11097058626595549,0.9898259715779368,1
93,94,6,within,unwitnessed,1,23,seen2,380,4,12,0.14285714285714288,285.9784459998714,0.1658739350976779,0.9730004166377543,1
100,107,7,cross,unwitnessed,0,23,seen2,380,4,12,1.2480026039629288e-31,0.3620940524716616,0.998147615344661,0.0037113755161001013,0
101,108,7,cross,unwitnessed,0,23,seen2,380,4,12,2.465190328815662e-32,0.3620940524716474,0.9982905101718523,0.003416842585376727,0
100,101,7,within,unwitnessed,1,23,seen2,380,4,12,0.14285714285714274,285.97844599987144,0.1560762668577035,0.978153466185576,1
107,108,7,within,unwitnessed,1,23,seen2,380,4,12,0.14285714285714288,285.9784459998714,0.11215312024711505,0.9948207474614833,1
2,9,0,cross,witnessed,0,24,seen2,380,4,12,0.0,0.36209150808746,0.9984367406412546,0.0031356971445751195,0
3,10,0,cross,witnessed,0,24,seen2,380,4,12,0.0,0.3620915080874599,0.9981548843031512,0.00368690239613385,0
2,3,0,within,witnessed,0,24,seen2,380,4,12,0.0,1.6195532531416101,0.9996768669909772,0.0006760870865808146,0
9,10,0,within,witnessed,0,24,seen2,380,4,12,0.0,1.5119498956815618,0.9997688712832725,0.000468670694357634,0
16,23,1,cross,witnessed,0,24,seen2,380,4,12,0.0,0.3620915080874599,0.9981071975198107,0.003791115777843802,0
17,24,1,cross,witnessed,0,24,seen2,380,4,12,0.0,0.36209150808745993,0.9983465235109781,0.0033047166588160144,0
16,17,1,within,witnessed,0,24,seen2,380,4,12,0.0,1.619553253141607,0.9994848339754174,0.0011176137518020177,0
23,24,1,within,witnessed,0,24,seen2,380,4,12,0.0,1.5119498956815591,0.999461605295271,0.0011117016316405043,0
30,37,2,cross,unwitnessed,0,24,seen2,380,4,12,0.0,0.3620940524716616,0.997960630933707,0.004089917810167833,0
31,38,2,cross,unwitnessed,0,24,seen2,380,4,12,1.3866695599588098e-32,0.3620940524716474,0.997570260332655,0.004986631799883631,0
30,31,2,within,unwitnessed,1,24,seen2,380,4,12,0.14285714285714293,285.97844599987144,0.4103062211367587,0.8789701300742808,1
37,38,2,within,unwitnessed,1,24,seen2,380,4,12,0.14285714285714288,285.9784459998714,0.013828956208181399,1.0500036310621053,1
44,51,3,cross,unwitnessed,0,24,seen2,380,4,12,3.8518598887744717e-32,0.3620940524716616,0.9980175195509936,0.004028295785236939,0
45,52,3,cross,unwitnessed,0,24,seen2,380,4,12,0.0,0.3620940524716474,0.9986965105258754,0.00265569977563284,0
44,45,3,within,unwitnessed,1,24,seen2,380,4,12,0.14285714285714274,285.97844599987144,0.16833402088998248,0.9760776829120638,1
51,52,3,within,unwitnessed,1,24,seen2,380,4,12,0.14285714285714288,285.9784459998714,0.15772245452393857,0.9755760199708488,1
58,65,4,cross,witnessed,0,24,seen2,380,4,12,0.0,0.36209150808745993,0.9976472608211916,0.004768507685661576,0
59,66,4,cross,witnessed,0,24,seen2,380,4,12,0.0,0.3620915080874598,0.9981202415850222,0.003912401584221183,0
58,59,4,within,witnessed,0,24,seen2,380,4,12,0.0,1.619553253141608,0.9994552666002754,0.0010907882886977902,0
65,66,4,within,witnessed,0,24,seen2,380,4,12,0.0,1.51194989568156,0.9994235597361371,0.0011585862814580705,0
72,79,5,cross,witnessed,0,24,seen2,380,4,12,0.0,0.3620915080874598,0.9972846903695763,0.005704117689718423,0
73,80,5,cross,witnessed,0,24,seen2,380,4,12,0.0,0.3620915080874598,0.9974779803274358,0.005229769601745654,0
72,73,5,within,witnessed,0,24,seen2,380,4,12,0.0,1.6195532531416061,0.9995859961296435,0.0008378961376902188,0
79,80,5,within,witnessed,0,24,seen2,380,4,12,0.0,1.5119498956815585,0.9995262173877516,0.0009539971369193019,0
86,93,6,cross,unwitnessed,0,24,seen2,380,4,12,1.5407439555097887e-33,0.3620940524716616,0.9978968753633215,0.004238789242620575,0
87,94,6,cross,unwitnessed,0,24,seen2,380,4,12,2.465190328815662e-32,0.3620940524716474,0.9983206369671939,0.0034215105282426987,0
86,87,6,within,unwitnessed,1,24,seen2,380,4,12,0.14285714285714293,285.97844599987144,0.003500401476501061,1.0314548532557517,1
93,94,6,within,unwitnessed,1,24,seen2,380,4,12,0.14285714285714288,285.9784459998714,0.2510814685194614,0.940762796866491,1
100,107,7,cross,unwitnessed,0,24,seen2,380,4,12,1.2480026039629288e-31,0.3620940524716616,0.9984082583385956,0.0031943582507870313,0
101,108,7,cross,unwitnessed,0,24,seen2,380,4,12,2.465190328815662e-32,0.3620940524716474,0.9969015199423673,0.0064373322470105765,0
100,101,7,within,unwitnessed,1,24,seen2,380,4,12,0.14285714285714274,285.97844599987144,0.11996158781460743,0.9896622275039721,1
107,108,7,within,unwitnessed,1,24,seen2,380,4,12,0.14285714285714288,285.9784459998714,0.2213541077432922,0.9523638779917551,1
2,9,0,cross,unwitnessed,0,25,seen2,380,4,12,0.0,0.3620940524716474,0.9978784983696346,0.004238941192814634,0
3,10,0,cross,unwitnessed,0,25,seen2,380,4,12,3.8518598887744717e-32,0.3620940524716616,0.9986698198797432,0.0026948358891220416,0
2,3,0,within,unwitnessed,1,25,seen2,380,4,12,0.14285714285714293,285.9784459998442,0.22260353297692556,0.9517597060676591,1
9,10,0,within,unwitnessed,1,25,seen2,380,4,12,0.14285714285714274,285.9784459998443,0.11447646063827527,0.9961668659260993,1
16,23,1,cross,unwitnessed,0,25,seen2,380,4,12,3.8518598887744717e-32,0.3620940524716474,0.9989394900248248,0.002200584370563353,0
17,24,1,cross,unwitnessed,0,25,seen2,380,4,12,0.0,0.3620940524716332,0.9975804048393494,0.00483710829511461,0
16,17,1,within,unwitnessed,1,25,seen2,380,4,12,0.14285714285714274,285.97844599970784,0.40048105220908287,0.8736599311675038,1
23,24,1,within,unwitnessed,1,25,seen2,380,4,12,0.14285714285714288,285.97844599970796,0.1146699393886058,0.9936749715377239,1
30,37,2,cross,unwitnessed,0,25,seen2,380,4,12,0.0,0.3620940524716616,0.9980186484281612,0.004023976923552462,0
31,38,2,cross,unwitnessed,0,25,seen2,380,4,12,1.3866695599588098e-32,0.3620940524716474,0.99796988511606,0.004231493846422762,0
30,31,2,within,unwitnessed,1,25,seen2,380,4,12,0.14285714285714293,285.97844599987144,0.16085270619146821,0.9741845105139569,1
37,38,2,within,unwitnessed,1,25,seen2,380,4,12,0.14285714285714288,285.9784459998714,0.29188122901500163,0.9250946590871536,1
44,51,3,cross,witnessed,0,25,seen2,380,4,12,0.0,0.3620915080874598,0.9983116358295996,0.003414217802410708,0
45,52,3,cross,witnessed,0,25,seen2,380,4,12,0.0,0.36209150808745993,0.9971159617712451,0.005789292221927182,0
44,45,3,within,witnessed,0,25,seen2,380,4,12,0.0,1.6195532531416075,0.9995505490910056,0.0009032370273482893,0
51,52,3,within,witnessed,0,25,seen2,380,4,12,0.0,1.5119498956815591,0.9996160528993022,0.0007706215961232079,0
58,65,4,cross,witnessed,0,25,seen2,380,4,12,0.0,0.36209150808745993,0.9980775584607638,0.003855179041298689,0
59,66,4,cross,witnessed,0,25,seen2,380,4,12,0.0,0.3620915080874598,0.9984639614194916,0.003073422222292573,0
58,59,4,within,witnessed,0,25,seen2,380,4,12,0.0,1.619553253141608,0.9995721619043445,0.000892732706544172,0
65,66,4,within,witnessed,0,25,seen2,380,4,12,0.0,1.51194989568156,0.9995317338274918,0.0009700771318062948,0
72,79,5,cross,witnessed,0,25,seen2,380,4,12,0.0,0.3620915080874598,0.9974692568270401,0.005057004268676289,0
73,80,5,cross,witnessed,0,25,seen2,380,4,12,0.0,0.3620915080874598,0.9976965743187487,0.0048840939669310655,0
72,73,5,within,witnessed,0,25,seen2,380,4,12,0.0,1.6195532531416061,0.9997470786311513,0.000513263091754126,0
79,80,5,within,witnessed,0,25,seen2,380,4,12,0.0,1.5119498956815585,0.9996013436584373,0.0008005377622847259,0
86,93,6,cross,witnessed,0,25,seen2,380,4,12,0.0,0.36209150808746,0.9976566577771037,0.004827579551550843,0
87,94,6,cross,witnessed,0,25,seen2,380,4,12,0.0,0.36209150808746,0.998326338659475,0.0033786462993200773,0
86,87,6,within,witnessed,0,25,seen2,380,4,12,0.0,1.619553253141608,0.9995419351795112,0.0009160899560986625,0
93,94,6,within,witnessed,0,25,seen2,380,4,12,0.0,1.5119498956815596,0.9996400907923024,0.0007391668179557737,0
100,107,7,cross,unwitnessed,0,25,seen2,380,4,12,1.2480026039629288e-31,0.3620940524716616,0.9972751961483816,0.005660107185446549,0
101,108,7,cross,unwitnessed,0,25,seen2,380,4,12,2.465190328815662e-32,0.3620940524716474,0.9979686201091233,0.004198541673485329,0
100,101,7,within,unwitnessed,1,25,seen2,380,4,12,0.14285714285714274,285.97844599987144,0.091367473056695,1.0061770742260514,1
107,108,7,within,unwitnessed,1,25,seen2,380,4,12,0.14285714285714288,285.9784459998714,0.26656978578775964,0.9384587236079809,1
2,9,0,cross,unwitnessed,0,26,seen2,380,4,12,0.0,0.3620940524716474,0.9981847730645784,0.00374752233394066,0
3,10,0,cross,unwitnessed,0,26,seen2,380,4,12,3.8518598887744717e-32,0.3620940524716616,0.996854767822227,0.00664607314678366,0
2,3,0,within,unwitnessed,1,26,seen2,380,4,12,0.14285714285714293,285.9784459998442,0.30807395293844686,0.921193484024716,1
9,10,0,within,unwitnessed,1,26,seen2,380,4,12,0.14285714285714274,285.9784459998443,0.2842944564276251,0.9302363167935794,1
16,23,1,cross,unwitnessed,0,26,seen2,380,4,12,3.8518598887744717e-32,0.3620940524716474,0.9981812358990938,0.003665162342065918,0
17,24,1,cross,unwitnessed,0,26,seen2,380,4,12,0.0,0.3620940524716332,0.9978161971389777,0.00449064780563733,0
16,17,1,within,unwitnessed,1,26,seen2,380,4,12,0.14285714285714274,285.97844599970784,0.2618398154380842,0.935913165471221,1
23,24,1,within,unwitnessed,1,26,seen2,380,4,12,0.14285714285714288,285.97844599970796,0.26012923740851346,0.9367456557316388,1
30,37,2,cross,witnessed,0,26,seen2,380,4,12,0.0,0.3620915080874599,0.9969004118808782,0.006303655878633862,0
31,38,2,cross,witnessed,0,26,seen2,380,4,12,0.0,0.3620915080874599,0.9976264641395228,0.00474372431478422,0
30,31,2,within,witnessed,0,26,seen2,380,4,12,0.0,1.619553253141607,0.9995869749695582,0.0008261286936894238,0
37,38,2,within,witnessed,0,26,seen2,380,4,12,0.0,1.5119498956815591,0.999626380616486,0.0007489093557537127,0
44,51,3,cross,unwitnessed,0,26,seen2,380,4,12,3.8518598887744717e-32,0.3620940524716616,0.9981838623304986,0.003845945530441396,0
45,52,3,cross,unwitnessed,0,26,seen2,380,4,12,0.0,0.3620940524716474,0.9975145393342236,0.0052946446740326355,0
44,45,3,within,unwitnessed,1,26,seen2,380,4,12,0.14285714285714274,285.97844599987144,0.34746004308620815,0.9015180720931931,1
51,52,3,within,unwitnessed,1,26,seen2,380,4,12,0.14285714285714288,285.9784459998714,-0.005085272780090337,1.0355997763695808,1
58,65,4,cross,unwitnessed,0,26,seen2,380,4,12,0.0,0.3620940524716616,0.9977004412069043,0.004620663646289153,0
59,66,4,cross,unwitnessed,0,26,seen2,380,4,12,3.8518598887744717e-32,0.3620940524716758,0.9984606973466615,0.0031915630741468424,0
58,59,4,within,unwitnessed,1,26,seen2,380,4,12,0.14285714285714293,285.9784459998442,0.14863129212155254,0.9795710935444668,1
65,66,4,within,unwitnessed,1,26,seen2,380,4,12,0.14285714285714274,285.97844599984427,0.17678137975542013,0.9697930376400915,1
72,79,5,cross,witnessed,0,26,seen2,380,4,12,0.0,0.3620915080874598,0.9978306769515192,0.004518332965145264,0
73,80,5,cross,witnessed,0,26,seen2,380,4,12,0.0,0.3620915080874598,0.9975080399287992,0.005015947541377437,0
72,73,5,within,witnessed,0,26,seen2,380,4,12,0.0,1.6195532531416061,0.9994785514323257,0.0010491213225673106,0
79,80,5,within,witnessed,0,26,seen2,380,4,12,0.0,1.5119498956815585,0.9996386414037463,0.0007413767743637015,0
86,93,6,cross,witnessed,0,26,seen2,380,4,12,0.0,0.36209150808746,0.9988178723845679,0.002364217456707021,0
87,94,6,cross,witnessed,0,26,seen2,380,4,12,0.0,0.36209150808746,0.9982742736531377,0.003448501566558511,0
86,87,6,within,witnessed,0,26,seen2,380,4,12,0.0,1.619553253141608,0.9996163944700082,0.0007807280374276128,0
93,94,6,within,witnessed,0,26,seen2,380,4,12,0.0,1.5119498956815596,0.9996606867065795,0.000699954662312058,0
100,107,7,cross,witnessed,0,26,seen2,380,4,12,0.0,0.36209150808745993,0.9971575507875249,0.00572563260133815,0
101,108,7,cross,witnessed,0,26,seen2,380,4,12,0.0,0.36209150808745993,0.9983101853523946,0.003422367562325791,0
100,101,7,within,witnessed,0,26,seen2,380,4,12,0.0,1.619553253141608,0.9992186063288252,0.0015772507556828124,0
107,108,7,within,witnessed,0,26,seen2,380,4,12,0.0,1.5119498956815591,0.9992078296633505,0.0015839724654868293,0
2,9,0,cross,witnessed,0,27,seen2,380,4,12,0.0,0.36209150808746,0.9982442637190514,0.003566210897441751,0
3,10,0,cross,witnessed,0,27,seen2,380,4,12,0.0,0.3620915080874599,0.9981320010214778,0.003738930698105279,0
2,3,0,within,witnessed,0,27,seen2,380,4,12,0.0,1.6195532531416101,0.9995959614611524,0.0008100926180066738,0
9,10,0,within,witnessed,0,27,seen2,380,4,12,0.0,1.5119498956815618,0.9996590722178958,0.0006917913604676945,0
16,23,1,cross,witnessed,0,27,seen2,380,4,12,0.0,0.3620915080874599,0.9966903323873598,0.006686243863637971,0
17,24,1,cross,witnessed,0,27,seen2,380,4,12,0.0,0.36209150808745993,0.9979597400467661,0.004232720116942633,0
16,17,1,within,witnessed,0,27,seen2,380,4,12,0.0,1.619553253141607,0.9995876945029364,0.0008245027365220256,0
23,24,1,within,witnessed,0,27,seen2,380,4,12,0.0,1.5119498956815591,0.9996200930173526,0.0007598853609452508,0
30,37,2,cross,unwitnessed,0,27,seen2,380,4,12,0.0,0.3620940524716616,0.9981669303269404,0.003662842689699599,0
31,38,2,cross,unwitnessed,0,27,seen2,380,4,12,1.3866695599588098e-32,0.3620940524716474,0.9982656270671216,0.003648382470875599,0
30,31,2,within,unwitnessed,1,27,seen2,380,4,12,0.14285714285714293,285.97844599987144,0.32051236299309876,0.9183350043636413,1
37,38,2,within,unwitnessed,1,27,seen2,380,4,12,0.14285714285714288,285.9784459998714,0.10224729984992076,0.9920433197389947,1
44,51,3,cross,unwitnessed,0,27,seen2,380,4,12,3.8518598887744717e-32,0.3620940524716616,0.997247325561856,0.005501922771859519,0
45,52,3,cross,unwitnessed,0,27,seen2,380,4,12,0.0,0.3620940524716474,0.9982804513776646,0.003436140453675274,0
44,45,3,within,unwitnessed,1,27,seen2,380,4,12,0.14285714285714274,285.97844599987144,0.20385207666146662,0.9587039973086408,1
51,52,3,within,unwitnessed,1,27,seen2,380,4,12,0.14285714285714288,285.9784459998714,0.14352931087208448,0.986477656049825,1
58,65,4,cross,unwitnessed,0,27,seen2,380,4,12,0.0,0.3620940524716616,0.9978435049861352,0.004315280977741934,0
59,66,4,cross,unwitnessed,0,27,seen2,380,4,12,3.8518598887744717e-32,0.3620940524716758,0.9980603469747942,0.0038853046096385905,0
58,59,4,within,unwitnessed,1,27,seen2,380,4,12,0.14285714285714293,285.9784459998442,0.3500346037258374,0.9065185821737368,1
65,66,4,within,unwitnessed,1,27,seen2,380,4,12,0.14285714285714274,285.97844599984427,0.176569126134118,0.9689420558888683,1
72,79,5,cross,unwitnessed,0,27,seen2,380,4,12,3.8518598887744717e-32,0.3620940524716332,0.9977408028387103,0.00453921017418959,0
73,80,5,cross,unwitnessed,0,27,seen2,380,4,12,0.0,0.3620940524716332,0.997494199927731,0.0050087186845314225,0
72,73,5,within,unwitnessed,1,27,seen2,380,4,12,0.14285714285714274,285.97844599961695,0.1028982789474055,0.996042255586993,1
79,80,5,within,unwitnessed,1,27,seen2,380,4,12,0.14285714285714288,285.978445999617,-0.05040982609501122,1.0481160223503638,1
86,93,6,cross,witnessed,0,27,seen2,380,4,12,0.0,0.36209150808746,0.9984738416140528,0.0031526129505048245,0
87,94,6,cross,witnessed,0,27,seen2,380,4,12,0.0,0.36209150808746,0.9980918436309256,0.003846358941723578,0
86,87,6,within,witnessed,0,27,seen2,380,4,12,0.0,1.619553253141608,0.999692468099359,0.0006230925474961614,0
93,94,6,within,witnessed,0,27,seen2,380,4,12,0.0,1.5119498956815596,0.9997599525515128,0.00048039399155448573,0
100,107,7,cross,witnessed,0,27,seen2,380,4,12,0.0,0.36209150808745993,0.9966088308522718,0.007056815435112931,0
101,108,7,cross,witnessed,0,27,seen2,380,4,12,0.0,0.36209150808745993,0.9979755835982858,0.004047987604103885,0
100,101,7,within,witnessed,0,27,seen2,380,4,12,0.0,1.619553253141608,0.9996182331209371,0.0007842627343636125,0
107,108,7,within,witnessed,0,27,seen2,380,4,12,0.0,1.5119498956815591,0.9995603621892005,0.0008881956216539043,0
2,9,0,cross,unwitnessed,0,28,seen2,380,4,12,0.0,0.3620940524716474,0.9963773647488936,0.007246796994874091,0
3,10,0,cross,unwitnessed,0,28,seen2,380,4,12,3.8518598887744717e-32,0.3620940524716616,0.9974403955457776,0.005245966688791345,0
2,3,0,within,unwitnessed,1,28,seen2,380,4,12,0.14285714285714293,285.9784459998442,0.17350094076032885,0.9699736508862741,1
9,10,0,within,unwitnessed,1,28,seen2,380,4,12,0.14285714285714274,285.9784459998443,0.23627550027140082,0.9471362137376677,1
16,23,1,cross,unwitnessed,0,28,seen2,380,4,12,3.8518598887744717e-32,0.3620940524716474,0.9988149115682825,0.0024787186058346906,0
17,24,1,cross,unwitnessed,0,28,seen2,380,4,12,0.0,0.3620940524716332,0.9963447955882402,0.007391655793128362,0
16,17,1,within,unwitnessed,1,28,seen2,380,4,12,0.14285714285714274,285.97844599970784,0.2681360769756455,0.9287630176869776,1
23,24,1,within,unwitnessed,1,28,seen2,380,4,12,0.14285714285714288,285.97844599970796,0.14221827775090934,0.9877071310500302,1
30,37,2,cross,unwitnessed,0,28,seen2,380,4,12,0.0,0.3620940524716616,0.9984461145504266,0.003170059666047451,0
31,38,2,cross,unwitnessed,0,28,seen2,380,4,12,1.3866695599588098e-32,0.3620940524716474,0.9983414167820296,0.0033387779193224517,0
30,31,2,within,unwitnessed,1,28,seen2,380,4,12,0.14285714285714293,285.97844599987144,0.1608716371413047,0.9752160547402622,1
37,38,2,within,unwitnessed,1,28,seen2,380,4,12,0.14285714285714288,285.9784459998714,0.34198315269342894,0.9044786448475232,1
44,51,3,cross,witnessed,0,28,seen2,380,4,12,0.0,0.3620915080874598,0.997799087202213,0.00439927626446315,0
45,52,3,cross,witnessed,0,28,seen2,380,4,12,0.0,0.36209150808745993,0.9980688490455547,0.003858680002491869,0
44,45,3,within,witnessed,0,28,seen2,380,4,12,0.0,1.6195532531416075,0.9993864600818069,0.0012303179541731067,0
51,52,3,within,witnessed,0,28,seen2,380,4,12,0.0,1.5119498956815591,0.9993398797360037,0.001321013786963094,0
58,65,4,cross,witnessed,0,28,seen2,380,4,12,0.0,0.36209150808745993,0.9982124108702763,0.0037430508743992834,0
59,66,4,cross,witnessed,0,28,seen2,380,4,12,0.0,0.3620915080874598,0.9969899511053929,0.006179565449793074,0
58,59,4,within,witnessed,0,28,seen2,380,4,12,0.0,1.619553253141608,0.9996105412934285,0.0007803758212427669,0
65,66,4,within,witnessed,0,28,seen2,380,4,12,0.0,1.51194989568156,0.9996511840294823,0.0007034378068407078,0
72,79,5,cross,witnessed,0,28,seen2,380,4,12,0.0,0.3620915080874598,0.998211933509574,0.0035743126850152026,0
73,80,5,cross,witnessed,0,28,seen2,380,4,12,0.0,0.3620915080874598,0.9976452538150637,0.004704776221369096,0
72,73,5,within,witnessed,0,28,seen2,380,4,12,0.0,1.6195532531416061,0.9995390629634664,0.0009392828165559176,0
79,80,5,within,witnessed,0,28,seen2,380,4,12,0.0,1.5119498956815585,0.9996251742999587,0.0007965969625829452,0
86,93,6,cross,witnessed,0,28,seen2,380,4,12,0.0,0.36209150808746,0.9970538406076775,0.0059177774008796055,0
87,94,6,cross,witnessed,0,28,seen2,380,4,12,0.0,0.36209150808746,0.9961818593340535,0.0076787692388162795,0
86,87,6,within,witnessed,0,28,seen2,380,4,12,0.0,1.619553253141608,0.9995593295796169,0.0008851642074750437,0
93,94,6,within,witnessed,0,28,seen2,380,4,12,0.0,1.5119498956815596,0.9996316054766018,0.0007371678399645451,0
100,107,7,cross,unwitnessed,0,28,seen2,380,4,12,1.2480026039629288e-31,0.3620940524716616,0.9980319563064384,0.004056146298411878,0
101,108,7,cross,unwitnessed,0,28,seen2,380,4,12,2.465190328815662e-32,0.3620940524716474,0.9965366059730397,0.006938466995280052,0
100,101,7,within,unwitnessed,1,28,seen2,380,4,12,0.14285714285714274,285.97844599987144,0.04365810602312041,1.018591862743559,1
107,108,7,within,unwitnessed,1,28,seen2,380,4,12,0.14285714285714288,285.9784459998714,0.05698995938120565,1.0208567450751658,1
2,9,0,cross,unwitnessed,0,29,seen2,380,4,12,0.0,0.3620940524716474,0.998323346312829,0.0033759250432514993,0
3,10,0,cross,unwitnessed,0,29,seen2,380,4,12,3.8518598887744717e-32,0.3620940524716616,0.9979977825151517,0.004251895446465771,0
2,3,0,within,unwitnessed,1,29,seen2,380,4,12,0.14285714285714293,285.9784459998442,0.2083582544456509,0.956837549472525,1
9,10,0,within,unwitnessed,1,29,seen2,380,4,12,0.14285714285714274,285.9784459998443,0.33361012612335633,0.9174647243921672,1
16,23,1,cross,unwitnessed,0,29,seen2,380,4,12,3.8518598887744717e-32,0.3620940524716474,0.9979619945769018,0.004339575543144258,0
17,24,1,cross,unwitnessed,0,29,seen2,380,4,12,0.0,0.3620940524716332,0.9986639856577685,0.002696918092133243,0
16,17,1,within,unwitnessed,1,29,seen2,380,4,12,0.14285714285714274,285.97844599970784,0.3260553471616054,0.9122325459926215,1
23,24,1,within,unwitnessed,1,29,seen2,380,4,12,0.14285714285714288,285.97844599970796,0.1892464658074621,0.9670618892682847,1
30,37,2,cross,unwitnessed,0,29,seen2,380,4,12,0.0,0.3620940524716616,0.9982056351165586,0.0038723541839163107,0
31,38,2,cross,unwitnessed,0,29,seen2,380,4,12,1.3866695599588098e-32,0.3620940524716474,0.9978624474168807,0.004369728296132886,0
30,31,2,within,unwitnessed,1,29,seen2,380,4,12,0.14285714285714293,285.97844599987144,0.18632992019192668,0.9661287349277438,1
37,38,2,within,unwitnessed,1,29,seen2,380,4,12,0.14285714285714288,285.9784459998714,0.1105795498074607,0.9990124547460254,1
44,51,3,cross,unwitnessed,0,29,seen2,380,4,12,3.8518598887744717e-32,0.3620940524716616,0.9986871638200685,0.0026240242104828256,0
45,52,3,cross,unwitnessed,0,29,seen2,380,4,12,0.0,0.3620940524716474,0.996120547459353,0.00780572168320588,0
44,45,3,within,unwitnessed,1,29,seen2,380,4,12,0.14285714285714274,285.97844599987144,0.33233915175611484,0.9140384444325635,1
51,52,3,within,unwitnessed,1,29,seen2,380,4,12,0.14285714285714288,285.9784459998714,0.3443235408968496,0.9086311059905362,1
58,65,4,cross,witnessed,0,29,seen2,380,4,12,0.0,0.36209150808745993,0.9977164341209931,0.0045619230842392,0
59,66,4,cross,witnessed,0,29,seen2,380,4,12,0.0,0.3620915080874598,0.9974432483100552,0.00516349033822743,0
58,59,4,within,witnessed,0,29,seen2,380,4,12,0.0,1.619553253141608,0.9994697869218524,0.0010609053741103102,0
65,66,4,within,witnessed,0,29,seen2,380,4,12,0.0,1.51194989568156,0.999499463199918,0.0010046634040173097,0
72,79,5,cross,witnessed,0,29,seen2,380,4,12,0.0,0.3620915080874598,0.9979346761173056,0.004126443080816891,0
73,80,5,cross,witnessed,0,29,seen2,380,4,12,0.0,0.3620915080874598,0.9977573767514548,0.004673811971098335,0
72,73,5,within,witnessed,0,29,seen2,380,4,12,0.0,1.6195532531416061,0.9995016354130427,0.0010067443542688599,0
79,80,5,within,witnessed,0,29,seen2,380,4,12,0.0,1.5119498956815585,0.9994508701349095,0.0011109157110665343,0
86,93,6,cross,witnessed,0,29,seen2,380,4,12,0.0,0.36209150808746,0.9969223760777268,0.006611535499706624,0
87,94,6,cross,witnessed,0,29,seen2,380,4,12,0.0,0.36209150808746,0.9971383710711216,0.005752863528513785,0
86,87,6,within,witnessed,0,29,seen2,380,4,12,0.0,1.619553253141608,0.9995199114011833,0.000972825028626001,0
93,94,6,within,witnessed,0,29,seen2,380,4,12,0.0,1.5119498956815596,0.9995537360224622,0.0009136253882961398,0
100,107,7,cross,witnessed,0,29,seen2,380,4,12,0.0,0.36209150808745993,0.9983224269090191,0.003513973434196312,0
101,108,7,cross,witnessed,0,29,seen2,380,4,12,0.0,0.36209150808745993,0.9980551428739511,0.0040945148920762476,0
100,101,7,within,witnessed,0,29,seen2,380,4,12,0.0,1.619553253141608,0.9997066288567604,0.0005958387147160147,0
107,108,7,within,witnessed,0,29,seen2,380,4,12,0.0,1.5119498956815591,0.999774045818851,0.000452285534871164,0
2,9,0,cross,unwitnessed,0,30,seen2,380,4,12,0.0,0.3620940524716474,0.9977760487965909,0.0045027508341630934,0
3,10,0,cross,unwitnessed,0,30,seen2,380,4,12,3.8518598887744717e-32,0.3620940524716616,0.9984466326845072,0.00313879986061966,0
2,3,0,within,unwitnessed,1,30,seen2,380,4,12,0.14285714285714293,285.9784459998442,0.20286686460348202,0.9589483757106689,1
9,10,0,within,unwitnessed,1,30,seen2,380,4,12,0.14285714285714274,285.9784459998443,0.16910130887644123,0.9731489158441629,1
16,23,1,cross,unwitnessed,0,30,seen2,380,4,12,3.8518598887744717e-32,0.3620940524716474,0.99678872387911,0.006986058569638087,0
17,24,1,cross,unwitnessed,0,30,seen2,380,4,12,0.0,0.3620940524716332,0.9976367550351694,0.004802226214229371,0
16,17,1,within,unwitnessed,1,30,seen2,380,4,12,0.14285714285714274,285.97844599970784,0.22935638162446056,0.9502425667433123,1
23,24,1,within,unwitnessed,1,30,seen2,380,4,12,0.14285714285714288,285.97844599970796,-0.022410534729820422,1.034630022158395,1
30,37,2,cross,unwitnessed,0,30,seen2,380,4,12,0.0,0.3620940524716616,0.9971243733548639,0.0059275915690434056,0
31,38,2,cross,unwitnessed,0,30,seen2,380,4,12,1.3866695599588098e-32,0.3620940524716474,0.9975006211633847,0.00502083064345847,0
30,31,2,within,unwitnessed,1,30,seen2,380,4,12,0.14285714285714293,285.97844599987144,0.3899824555166914,0.9175879824229867,1
37,38,2,within,unwitnessed,1,30,seen2,380,4,12,0.14285714285714288,285.9784459998714,0.3519553281355958,0.9130669110416904,1
44,51,3,cross,witnessed,0,30,seen2,380,4,12,0.0,0.3620915080874598,0.998522542309529,0.002952841812457356,0
45,52,3,cross,witnessed,0,30,seen2,380,4,12,0.0,0.36209150808745993,0.9975965303576912,0.0048209970063374024,0
44,45,3,within,witnessed,0,30,seen2,380,4,12,0.0,1.6195532531416075,0.9995934266008658,0.000830341722463681,0
51,52,3,within,witnessed,0,30,seen2,380,4,12,0.0,1.5119498956815591,0.999564526814741,0.0008877738058481935,0
58,65,4,cross,witnessed,0,30,seen2,380,4,12,0.0,0.36209150808745993,0.9982123541212501,0.0036389220735045086,0
59,66,4,cross,witnessed,0,30,seen2,380,4,12,0.0,0.3620915080874598,0.997198041881072,0.005602943972251632,0
58,59,4,within,witnessed,0,30,seen2,380,4,12,0.0,1.619553253141608,0.9995596327172214,0.0008805707633255868,0
65,66,4,within,witnessed,0,30,seen2,380,4,12,0.0,1.51194989568156,0.9996622219922257,0.0006757871993683794,0
72,79,5,cross,witnessed,0,30,seen2,380,4,12,0.0,0.3620915080874598,0.9980117389896296,0.0040825020452760815,0
73,80,5,cross,witnessed,0,30,seen2,380,4,12,0.0,0.3620915080874598,0.9972716735505984,0.005463303816907723,0
72,73,5,within,witnessed,0,30,seen2,380,4,12,0.0,1.6195532531416061,0.999598522795041,0.0008070839353897352,0
79,80,5,within,witnessed,0,30,seen2,380,4,12,0.0,1.5119498956815585,0.9996334972915458,0.0007381795803355268,0
86,93,6,cross,witnessed,0,30,seen2,380,4,12,0.0,0.36209150808746,0.9978915953378413,0.004219159577724048,0
87,94,6,cross,witnessed,0,30,seen2,380,4,12,0.0,0.36209150808746,0.9981432559406992,0.0037961497235678744,0
86,87,6,within,witnessed,0,30,seen2,380,4,12,0.0,1.619553253141608,0.999534431279901,0.0009530630254444223,0
93,94,6,within,witnessed,0,30,seen2,380,4,12,0.0,1.5119498956815596,0.9995815686931679,0.0008373519847966304,0
100,107,7,cross,unwitnessed,0,30,seen2,380,4,12,1.2480026039629288e-31,0.3620940524716616,0.9986506087821215,0.0027151884585956782,0
101,108,7,cross,unwitnessed,0,30,seen2,380,4,12,2.465190328815662e-32,0.3620940524716474,0.9960441628022967,0.008001542882192948,0
100,101,7,within,unwitnessed,1,30,seen2,380,4,12,0.14285714285714274,285.97844599987144,-0.05806364701790258,1.0562969755796758,1
107,108,7,within,unwitnessed,1,30,seen2,380,4,12,0.14285714285714288,285.9784459998714,0.3013717265331691,0.9249729087526581,1
2,9,0,cross,unwitnessed,0,31,seen2,380,4,12,0.0,0.3620940524716474,0.9981131820811199,0.0038065370154742066,0
3,10,0,cross,unwitnessed,0,31,seen2,380,4,12,3.8518598887744717e-32,0.3620940524716616,0.9978690955167214,0.004273492079323443,0
2,3,0,within,unwitnessed,1,31,seen2,380,4,12,0.14285714285714293,285.9784459998442,-0.04140518655228911,1.0557129632773596,1
9,10,0,within,unwitnessed,1,31,seen2,380,4,12,0.14285714285714274,285.9784459998443,0.30470741091547815,0.9207084695801369,1
16,23,1,cross,unwitnessed,0,31,seen2,380,4,12,3.8518598887744717e-32,0.3620940524716474,0.9976505088240237,0.004760251919132161,0
17,24,1,cross,unwitnessed,0,31,seen2,380,4,12,0.0,0.3620940524716332,0.9978310223959991,0.004356491638465943,0
16,17,1,within,unwitnessed,1,31,seen2,380,4,12,0.14285714285714274,285.97844599970784,0.2305876363853044,0.9491592984498787,1
23,24,1,within,unwitnessed,1,31,seen2,380,4,12,0.14285714285714288,285.97844599970796,0.24683514711066307,0.9409518571499597,1
30,37,2,cross,witnessed,0,31,seen2,380,4,12,0.0,0.3620915080874599,0.9974158715400764,0.005262697461433089,0
31,38,2,cross,witnessed,0,31,seen2,380,4,12,0.0,0.3620915080874599,0.9977419370637829,0.004646258654473768,0
30,31,2,within,witnessed,0,31,seen2,380,4,12,0.0,1.619553253141607,0.999483269892374,0.0010332110938216087,0
37,38,2,within,witnessed,0,31,seen2,380,4,12,0.0,1.5119498956815591,0.9994899967310492,0.0010197738867147909,0
44,51,3,cross,witnessed,0,31,seen2,380,4,12,0.0,0.3620915080874598,0.99806672038253,0.0038874172141033195,0
45,52,3,cross,witnessed,0,31,seen2,380,4,12,0.0,0.36209150808745993,0.9978382487319251,0.004331645304344824,0
44,45,3,within,witnessed,0,31,seen2,380,4,12,0.0,1.6195532531416075,0.9995820826459857,0.000842391814221993,0
51,52,3,within,witnessed,0,31,seen2,380,4,12,0.0,1.5119498956815591,0.9995255521821147,0.0009493096639460179,0
58,65,4,cross,unwitnessed,0,31,seen2,380,4,12,0.0,0.3620940524716616,0.9973503761634062,0.005331081303917043,0
59,66,4,cross,unwitnessed,0,31,seen2,380,4,12,3.8518598887744717e-32,0.3620940524716758,0.9977728845591314,0.004516777390125216,0
58,59,4,within,unwitnessed,1,31,seen2,380,4,12,0.14285714285714293,285.9784459998442,0.27103068443632367,0.9284313757529081,1
65,66,4,within,unwitnessed,1,31,seen2,380,4,12,0.14285714285714274,285.97844599984427,0.4035579756683055,0.8824172980886456,1
72,79,5,cross,witnessed,0,31,seen2,380,4,12,0.0,0.3620915080874598,0.998235072599134,0.0036706692973684455,0
73,80,5,cross,witnessed,0,31,seen2,380,4,12,0.0,0.3620915080874598,0.9983908414201961,0.003334900945960612,0
72,73,5,within,witnessed,0,31,seen2,380,4,12,0.0,1.6195532531416061,0.9997016986074517,0.0006579052605594235,0
79,80,5,within,witnessed,0,31,seen2,380,4,12,0.0,1.5119498956815585,0.9996363266249731,0.0007503373628619257,0
86,93,6,cross,unwitnessed,0,31,seen2,380,4,12,1.5407439555097887e-33,0.3620940524716616,0.9982417333615816,0.003699903165657497,0
87,94,6,cross,unwitnessed,0,31,seen2,380,4,12,2.465190328815662e-32,0.3620940524716474,0.9965787903614256,0.0068548122885818755,0
86,87,6,within,unwitnessed,1,31,seen2,380,4,12,0.14285714285714293,285.97844599987144,0.2573621213906326,0.9395017972951611,1
93,94,6,within,unwitnessed,1,31,seen2,380,4,12,0.14285714285714288,285.9784459998714,-0.00910894416895755,1.0439636783396622,1
100,107,7,cross,witnessed,0,31,seen2,380,4,12,0.0,0.36209150808745993,0.9982360386883161,0.0035544994288035014,0
101,108,7,cross,witnessed,0,31,seen2,380,4,12,0.0,0.36209150808745993,0.9976286774431684,0.004750997676389199,0
100,101,7,within,witnessed,0,31,seen2,380,4,12,0.0,1.619553253141608,0.9995776387137968,0.0008715059280259535,0
107,108,7,within,witnessed,0,31,seen2,380,4,12,0.0,1.5119498956815591,0.9996170624404264,0.000771782092195279,0
2,9,0,cross,witnessed,0,32,seen2,380,4,12,0.0,0.36209150808746,0.9976845525654624,0.004819332020764276,0
3,10,0,cross,witnessed,0,32,seen2,380,4,12,0.0,0.3620915080874599,0.9977008488759794,0.004618370570462607,0
2,3,0,within,witnessed,0,32,seen2,380,4,12,0.0,1.6195532531416101,0.9996487398612866,0.0007918342377964785,0
9,10,0,within,witnessed,0,32,seen2,380,4,12,0.0,1.5119498956815618,0.9996821818965537,0.0006502929952791532,0
16,23,1,cross,unwitnessed,0,32,seen2,380,4,12,3.8518598887744717e-32,0.3620940524716474,0.9976076735777535,0.004932532946004464,0
17,24,1,cross,unwitnessed,0,32,seen2,380,4,12,0.0,0.3620940524716332,0.9979077597381671,0.004212832478171435,0
16,17,1,within,unwitnessed,1,32,seen2,380,4,12,0.14285714285714274,285.97844599970784,0.1567277463692787,0.9773812610062,1
23,24,1,within,unwitnessed,1,32,seen2,380,4,12,0.14285714285714288,285.97844599970796,0.36018644548235446,0.8976680412080676,1
30,37,2,cross,witnessed,0,32,seen2,380,4,12,0.0,0.3620915080874599,0.9976452290134505,0.004723378603671285,0
31,38,2,cross,witnessed,0,32,seen2,380,4,12,0.0,0.3620915080874599,0.9974905811627236,0.005015334416136983,0
30,31,2,within,witnessed,0,32,seen2,380,4,12,0.0,1.619553253141607,0.9993955850705993,0.0012595624095330222,0
37,38,2,within,witnessed,0,32,seen2,380,4,12,0.0,1.5119498956815591,0.9993574948061148,0.0012962907034334173,0
44,51,3,cross,unwitnessed,0,32,seen2,380,4,12,3.8518598887744717e-32,0.3620940524716616,0.9972574971963498,0.005696145902956486,0
45,52,3,cross,unwitnessed,0,32,seen2,380,4,12,0.0,0.3620940524716474,0.9982692310247512,0.003601704219155653,0
44,45,3,within,unwitnessed,1,32,seen2,380,4,12,0.14285714285714274,285.97844599987144,0.19418294434454014,0.9636531531696034,1
51,52,3,within,unwitnessed,1,32,seen2,380,4,12,0.14285714285714288,285.9784459998714,0.2644283774852028,0.9339557667203886,1
58,65,4,cross,unwitnessed,0,32,seen2,380,4,12,0.0,0.3620940524716616,0.998105934405117,0.003792896160301971,0
59,66,4,cross,unwitnessed,0,32,seen2,380,4,12,3.8518598887744717e-32,0.3620940524716758,0.9979072328887322,0.0043022466484118425,0
58,59,4,within,unwitnessed,1,32,seen2,380,4,12,0.14285714285714293,285.9784459998442,0.18041472566761113,0.9675787275462497,1
65,66,4,within,unwitnessed,1,32,seen2,380,4,12,0.14285714285714274,285.97844599984427,0.2436286874242215,0.944774718802398,1
72,79,5,cross,unwitnessed,0,32,seen2,380,4,12,3.8518598887744717e-32,0.3620940524716332,0.998002612468775,0.004037879761133547,0
73,80,5,cross,unwitnessed,0,32,seen2,380,4,12,0.0,0.3620940524716332,0.9982813602263025,0.0034507626711332605,0
72,73,5,within,unwitnessed,1,32,seen2,380,4,12,0.14285714285714274,285.97844599961695,0.08643335397981078,1.0068954098390748,1
79,80,5,within,unwitnessed,1,32,seen2,380,4,12,0.14285714285714288,285.978445999617,0.15135780959056996,0.9792450847466723,1
86,93,6,cross,witnessed,0,32,seen2,380,4,12,0.0,0.36209150808746,0.9974707290914315,0.005169808811879967,0
87,94,6,cross,witnessed,0,32,seen2,380,4,12,0.0,0.36209150808746,0.9977509711145484,0.004616633473993802,0
86,87,6,within,witnessed,0,32,seen2,380,4,12,0.0,1.619553253141608,0.999434816876365,0.0011533324959546992,0
93,94,6,within,witnessed,0,32,seen2,380,4,12,0.0,1.5119498956815596,0.9995314027705611,0.0009370161784516511,0
100,107,7,cross,witnessed,0,32,seen2,380,4,12,0.0,0.36209150808745993,0.9982938595143587,0.0034439212972360257,0
101,108,7,cross,witnessed,0,32,seen2,380,4,12,0.0,0.36209150808745993,0.998480367613967,0.0031133225873191785,0
100,101,7,within,witnessed,0,32,seen2,380,4,12,0.0,1.619553253141608,0.9995942821129519,0.0008257307730008613,0
107,108,7,within,witnessed,0,32,seen2,380,4,12,0.0,1.5119498956815591,0.9996162752305859,0.0007680495063334505,0
2,9,0,cross,unwitnessed,0,33,seen2,380,4,12,0.0,0.3620940524716474,0.9985646648663749,0.00300936817054125,0
3,10,0,cross,unwitnessed,0,33,seen2,380,4,12,3.8518598887744717e-32,0.3620940524716616,0.9983312347003925,0.0033518842086825277,0
2,3,0,within,unwitnessed,1,33,seen2,380,4,12,0.14285714285714293,285.9784459998442,0.3316270408654624,0.9061441734778852,1
9,10,0,within,unwitnessed,1,33,seen2,380,4,12,0.14285714285714274,285.9784459998443,0.07273835968535372,1.0091239347028047,1
16,23,1,cross,witnessed,0,33,seen2,380,4,12,0.0,0.3620915080874599,0.9979522453546021,0.004184381825049393,0
17,24,1,cross,witnessed,0,33,seen2,380,4,12,0.0,0.36209150808745993,0.9982854765667137,0.003426147507949868,0
16,17,1,within,witnessed,0,33,seen2,380,4,12,0.0,1.619553253141607,0.999227665786576,0.0015593573473755209,0
23,24,1,within,witnessed,0,33,seen2,380,4,12,0.0,1.5119498956815591,0.999401839560926,0.0012077420496436305,0
30,37,2,cross,witnessed,0,33,seen2,380,4,12,0.0,0.3620915080874599,0.9981785230584493,0.003780429469001538,0
31,38,2,cross,witnessed,0,33,seen2,380,4,12,0.0,0.3620915080874599,0.9979229055908543,0.004419264700168913,0
30,31,2,within,witnessed,0,33,seen2,380,4,12,0.0,1.619553253141607,0.9995544956722631,0.0008919007037238056,0
37,38,2,within,witnessed,0,33,seen2,380,4,12,0.0,1.5119498956815591,0.9996106879315583,0.000779581535042418,0
44,51,3,cross,unwitnessed,0,33,seen2,380,4,12,3.8518598887744717e-32,0.3620940524716616,0.9987216932820392,0.002769268410342069,0
45,52,3,cross,unwitnessed,0,33,seen2,380,4,12,0.0,0.3620940524716474,0.9971270289184497,0.005893273380946064,0
44,45,3,within,unwitnessed,1,33,seen2,380,4,12,0.14285714285714274,285.97844599987144,0.3085055111184483,0.9226409641146074,1
51,52,3,within,unwitnessed,1,33,seen2,380,4,12,0.14285714285714288,285.9784459998714,-0.07530064636356333,1.0634367795139743,1
58,65,4,cross,unwitnessed,0,33,seen2,380,4,12,0.0,0.3620940524716616,0.9976032781507116,0.005034289972665056,0
59,66,4,cross,unwitnessed,0,33,seen2,380,4,12,3.8518598887744717e-32,0.3620940524716758,0.9976208243454336,0.004797128943206439,0
58,59,4,within,unwitnessed,1,33,seen2,380,4,12,0.14285714285714293,285.9784459998442,0.33448990060113043,0.9237157217755002,1
65,66,4,within,unwitnessed,1,33,seen2,380,4,12,0.14285714285714274,285.97844599984427,0.15805618763203302,0.97501920405474,1
72,79,5,cross,witnessed,0,33,seen2,380,4,12,0.0,0.3620915080874598,0.9981838329697055,0.0036441596868381216,0
73,80,5,cross,witnessed,0,33,seen2,380,4,12,0.0,0.3620915080874598,0.9982522452152222,0.0035210659136685044,0
72,73,5,within,witnessed,0,33,seen2,380,4,12,0.0,1.6195532531416061,0.9995534411018175,0.000898062498293151,0
79,80,5,within,witnessed,0,33,seen2,380,4,12,0.0,1.5119498956815585,0.9996227880907478,0.0007561716908760697,0
86,93,6,cross,witnessed,0,33,seen2,380,4,12,0.0,0.36209150808746,0.9977255495152412,0.00457190675138694,0
87,94,6,cross,witnessed,0,33,seen2,380,4,12,0.0,0.36209150808746,0.9965496739891648,0.006909540678927327,0
86,87,6,within,witnessed,0,33,seen2,380,4,12,0.0,1.619553253141608,0.999712010659206,0.0005759779986033892,0
93,94,6,within,witnessed,0,33,seen2,380,4,12,0.0,1.5119498956815596,0.9996814908766076,0.0006410078409264132,0
100,107,7,cross,unwitnessed,0,33,seen2,380,4,12,1.2480026039629288e-31,0.3620940524716616,0.9979338707442728,0.004144102839854354,0
101,108,7,cross,unwitnessed,0,33,seen2,380,4,12,2.465190328815662e-32,0.3620940524716474,0.9979222110194695,0.004200797836447932,0
100,101,7,within,unwitnessed,1,33,seen2,380,4,12,0.14285714285714274,285.97844599987144,0.16771301781772605,0.9728522694692563,1
107,108,7,within,unwitnessed,1,33,seen2,380,4,12,0.14285714285714288,285.9784459998714,0.07322000881387446,1.0089299279987634,1
2,9,0,cross,witnessed,0,34,seen2,380,4,12,0.0,0.36209150808746,0.9983775416100275,0.0033622298190006087,0
3,10,0,cross,witnessed,0,34,seen2,380,4,12,0.0,0.3620915080874599,0.9968668533187045,0.0062566945926656806,0
2,3,0,within,witnessed,0,34,seen2,380,4,12,0.0,1.6195532531416101,0.9996311922360342,0.0007374829590389594,0
9,10,0,within,witnessed,0,34,seen2,380,4,12,0.0,1.5119498956815618,0.999524459340419,0.0009565676813033058,0
16,23,1,cross,unwitnessed,0,34,seen2,380,4,12,3.8518598887744717e-32,0.3620940524716474,0.9970147570418123,0.006073087149661245,0
17,24,1,cross,unwitnessed,0,34,seen2,380,4,12,0.0,0.3620940524716332,0.998265159530318,0.00348133187538885,0
16,17,1,within,unwitnessed,1,34,seen2,380,4,12,0.14285714285714274,285.97844599970784,0.15081960367423944,0.9787497665473512,1
23,24,1,within,unwitnessed,1,34,seen2,380,4,12,0.14285714285714288,285.97844599970796,0.5103251110862267,0.835723772515333,1
30,37,2,cross,unwitnessed,0,34,seen2,380,4,12,0.0,0.3620940524716616,0.9972006282228201,0.005593685347939874,0
31,38,2,cross,unwitnessed,0,34,seen2,380,4,12,1.3866695599588098e-32,0.3620940524716474,0.9974725665718852,0.005048780240273783,0
30,31,2,within,unwitnessed,1,34,seen2,380,4,12,0.14285714285714293,285.97844599987144,0.2597056112854563,0.9334406819595078,1
37,38,2,within,unwitnessed,1,34,seen2,380,4,12,0.14285714285714288,285.9784459998714,0.14150079497046789,0.9827298045080954,1
44,51,3,cross,witnessed,0,34,seen2,380,4,12,0.0,0.3620915080874598,0.9977876593208571,0.004419807028369527,0
45,52,3,cross,witnessed,0,34,seen2,380,4,12,0.0,0.36209150808745993,0.997679293177327,0.004636227340576306,0
44,45,3,within,witnessed,0,34,seen2,380,4,12,0.0,1.6195532531416075,0.9995733240757353,0.0008822517871272683,0
51,52,3,within,witnessed,0,34,seen2,380,4,12,0.0,1.5119498956815591,0.9995675073820075,0.000865687051634846,0
58,65,4,cross,witnessed,0,34,seen2,380,4,12,0.0,0.36209150808745993,0.9967948528691289,0.006490907666257359,0
59,66,4,cross,witnessed,0,34,seen2,380,4,12,0.0,0.3620915080874598,0.9976310157201056,0.004848466915923486,0
58,59,4,within,witnessed,0,34,seen2,380,4,12,0.0,1.619553253141608,0.999352030965734,0.0013084974823465985,0
65,66,4,within,witnessed,0,34,seen2,380,4,12,0.0,1.51194989568156,0.9994532356745556,0.001107568269549514,0
72,79,5,cross,unwitnessed,0,34,seen2,380,4,12,3.8518598887744717e-32,0.3620940524716332,0.9973141995594749,0.005683859279861362,0
73,80,5,cross,unwitnessed,0,34,seen2,380,4,12,0.0,0.3620940524716332,0.9981056528935172,0.003808603072913876,0
72,73,5,within,unwitnessed,1,34,seen2,380,4,12,0.14285714285714274,285.97844599961695,0.2641327290791336,0.931648450576904,1
79,80,5,within,unwitnessed,1,34,seen2,380,4,12,0.14285714285714288,285.978445999617,0.24683956443455596,0.9439238225771751,1
86,93,6,cross,unwitnessed,0,34,seen2,380,4,12,1.5407439555097887e-33,0.3620940524716616,0.9972517071813859,0.005598292669491873,0
87,94,6,cross,unwitnessed,0,34,seen2,380,4,12,2.465190328815662e-32,0.3620940524716474,0.9979954416086679,0.0040103969195436,0
86,87,6,within,unwitnessed,1,34,seen2,380,4,12,0.14285714285714293,285.97844599987144,0.19856495756206397,0.9622175807058975,1
93,94,6,within,unwitnessed,1,34,seen2,380,4,12,0.14285714285714288,285.9784459998714,0.18464478543716656,0.9659557622271927,1
100,107,7,cross,witnessed,0,34,seen2,380,4,12,0.0,0.36209150808745993,0.9980747842609548,0.004089646075829643,0
101,108,7,cross,witnessed,0,34,seen2,380,4,12,0.0,0.36209150808745993,0.9972417526122668,0.005740630858656299,0
100,101,7,within,witnessed,0,34,seen2,380,4,12,0.0,1.619553253141608,0.9994982499081156,0.001009548171753355,0
107,108,7,within,witnessed,0,34,seen2,380,4,12,0.0,1.5119498956815591,0.9995948894446499,0.0008111275015267233,0
2,9,0,cross,witnessed,0,35,seen2,380,4,12,0.0,0.36209150808746,0.9976966583937923,0.004845080576591187,0
3,10,0,cross,witnessed,0,35,seen2,380,4,12,0.0,0.3620915080874599,0.9969876493753611,0.006094537654360791,0
2,3,0,within,witnessed,0,35,seen2,380,4,12,0.0,1.6195532531416101,0.9996461623991055,0.0007323112435005659,0
9,10,0,within,witnessed,0,35,seen2,380,4,12,0.0,1.5119498956815618,0.9996751431464187,0.0006728539886021233,0
16,23,1,cross,witnessed,0,35,seen2,380,4,12,0.0,0.3620915080874599,0.9981261177045336,0.0038601941453705936,0
17,24,1,cross,witnessed,0,35,seen2,380,4,12,0.0,0.36209150808745993,0.9979901919503061,0.004078090764816593,0
16,17,1,within,witnessed,0,35,seen2,380,4,12,0.0,1.619553253141607,0.9994038668301185,0.0012033797044418587,0
23,24,1,within,witnessed,0,35,seen2,380,4,12,0.0,1.5119498956815591,0.9994376884635322,0.0011333737088496554,0
30,37,2,cross,unwitnessed,0,35,seen2,380,4,12,0.0,0.3620940524716616,0.9986503619965128,0.0028706533540666986,0
31,38,2,cross,unwitnessed,0,35,seen2,380,4,12,1.3866695599588098e-32,0.3620940524716474,0.9974361016804743,0.005272648896964356,0
30,31,2,within,unwitnessed,1,35,seen2,380,4,12,0.14285714285714293,285.97844599987144,0.15021149085001773,0.9814211447620715,1
37,38,2,within,unwitnessed,1,35,seen2,380,4,12,0.14285714285714288,285.9784459998714,0.24347307396386736,0.9412114440520118,1
44,51,3,cross,unwitnessed,0,35,seen2,380,4,12,3.8518598887744717e-32,0.3620940524716616,0.9984417773340886,0.0031181869774008163,0
45,52,3,cross,unwitnessed,0,35,seen2,380,4,12,0.0,0.3620940524716474,0.9979406863304355,0.004150077852045444,0
44,45,3,within,unwitnessed,1,35,seen2,380,4,12,0.14285714285714274,285.97844599987144,0.22939822167011112,0.9505630801943811,1
51,52,3,within,unwitnessed,1,35,seen2,380,4,12,0.14285714285714288,285.9784459998714,0.2575987019524415,0.9391181121278697,1
58,65,4,cross,witnessed,0,35,seen2,380,4,12,0.0,0.36209150808745993,0.9974131993146647,0.005171053608998543,0
59,66,4,cross,witnessed,0,35,seen2,380,4,12,0.0,0.3620915080874598,0.9982197525069008,0.0037007158210807505,0
58,59,4,within,witnessed,0,35,seen2,380,4,12,0.0,1.619553253141608,0.9995778584784459,0.0008441126151970933,0
65,66,4,within,witnessed,0,35,seen2,380,4,12,0.0,1.51194989568156,0.9996024974311232,0.0007951467456563366,0
72,79,5,cross,unwitnessed,0,35,seen2,380,4,12,3.8518598887744717e-32,0.3620940524716332,0.9971686948049057,0.005695813752461624,0
73,80,5,cross,unwitnessed,0,35,seen2,380,4,12,0.0,0.3620940524716332,0.997426699118988,0.005140121809343175,0
72,73,5,within,unwitnessed,1,35,seen2,380,4,12,0.14285714285714274,285.97844599961695,0.08248146327365516,1.0004714570614093,1
79,80,5,within,unwitnessed,1,35,seen2,380,4,12,0.14285714285714288,285.978445999617,0.07932054808769726,1.0064795924293735,1
86,93,6,cross,unwitnessed,0,35,seen2,380,4,12,1.5407439555097887e-33,0.3620940524716616,0.9974271676437212,0.005155244687373916,0
87,94,6,cross,unwitnessed,0,35,seen2,380,4,12,2.465190328815662e-32,0.3620940524716474,0.9977808098011736,0.00477158092021017,0
86,87,6,within,unwitnessed,1,35,seen2,380,4,12,0.14285714285714293,285.97844599987144,0.3574591979928446,0.9048887376558038,1
93,94,6,within,unwitnessed,1,35,seen2,380,4,12,0.14285714285714288,285.9784459998714,0.1683945797394444,0.971986544637476,1
100,107,7,cross,witnessed,0,35,seen2,380,4,12,0.0,0.36209150808745993,0.9982285237090632,0.0035476436588654805,0
101,108,7,cross,witnessed,0,35,seen2,380,4,12,0.0,0.36209150808745993,0.9981503858820215,0.0037162060926869147,0
100,101,7,within,witnessed,0,35,seen2,380,4,12,0.0,1.619553253141608,0.9993536736997612,0.0013255245222266285,0
107,108,7,within,witnessed,0,35,seen2,380,4,12,0.0,1.5119498956815591,0.9994637957170249,0.001078350132214486,0
2,9,0,cross,unwitnessed,0,36,seen2,380,4,12,0.0,0.3620940524716474,0.9982280106302401,0.003566798183952815,0
3,10,0,cross,unwitnessed,0,36,seen2,380,4,12,3.8518598887744717e-32,0.3620940524716616,0.9980823939330782,0.003831536460728226,0
2,3,0,within,unwitnessed,1,36,seen2,380,4,12,0.14285714285714293,285.9784459998442,0.1729156232307268,0.9728153493866196,1
9,10,0,within,unwitnessed,1,36,seen2,380,4,12,0.14285714285714274,285.9784459998443,0.19443668996671326,0.9622334651317205,1
16,23,1,cross,witnessed,0,36,seen2,380,4,12,0.0,0.3620915080874599,0.9971444069485301,0.0057676729403822605,0
17,24,1,cross,witnessed,0,36,seen2,380,4,12,0.0,0.36209150808745993,0.9977019042752656,0.00490089534774447,0
16,17,1,within,witnessed,0,36,seen2,380,4,12,0.0,1.619553253141607,0.9992546651751741,0.0015137824049997525,0
23,24,1,within,witnessed,0,36,seen2,380,4,12,0.0,1.5119498956815591,0.9994517391591066,0.0010978953864416378,0
30,37,2,cross,unwitnessed,0,36,seen2,380,4,12,0.0,0.3620940524716616,0.9978711211413237,0.004620221356974034,0
31,38,2,cross,unwitnessed,0,36,seen2,380,4,12,1.3866695599588098e-32,0.3620940524716474,0.9982354425211969,0.003590227737846746,0
30,31,2,within,unwitnessed,1,36,seen2,380,4,12,0.14285714285714293,285.97844599987144,0.38202421239354417,0.8962878008335285,1
37,38,2,within,unwitnessed,1,36,seen2,380,4,12,0.14285714285714288,285.9784459998714,0.0680782359354748,1.0106001632513568,1
44,51,3,cross,witnessed,0,36,seen2,380,4,12,0.0,0.3620915080874598,0.9971499456756614,0.005784614668697833,0
45,52,3,cross,witnessed,0,36,seen2,380,4,12,0.0,0.36209150808745993,0.9978711582233216,0.004360277069720909,0
44,45,3,within,witnessed,0,36,seen2,380,4,12,0.0,1.6195532531416075,0.999602236780266,0.0008020370280559334,0
51,52,3,within,witnessed,0,36,seen2,380,4,12,0.0,1.5119498956815591,0.9997337307803539,0.0005597160175133724,0
58,65,4,cross,witnessed,0,36,seen2,380,4,12,0.0,0.36209150808745993,0.9981862995889882,0.003689650168319347,0
59,66,4,cross,witnessed,0,36,seen2,380,4,12,0.0,0.3620915080874598,0.9975541038737136,0.004900359080457121,0
58,59,4,within,witnessed,0,36,seen2,380,4,12,0.0,1.619553253141608,0.9993567264658143,0.0013553073984101523,0
65,66,4,within,witnessed,0,36,seen2,380,4,12,0.0,1.51194989568156,0.9994431079596521,0.0011225155359863173,0
72,79,5,cross,unwitnessed,0,36,seen2,380,4,12,3.8518598887744717e-32,0.3620940524716332,0.9979134844950661,0.00424266608846152,0
73,80,5,cross,unwitnessed,0,36,seen2,380,4,12,0.0,0.3620940524716332,0.9978589668491933,0.004441144387765329,0
72,73,5,within,unwitnessed,1,36,seen2,380,4,12,0.14285714285714274,285.97844599961695,-0.10263420589612089,1.067622581753727,1
79,80,5,within,unwitnessed,1,36,seen2,380,4,12,0.14285714285714288,285.978445999617,0.3883127579237686,0.8924898125947327,1
86,93,6,cross,unwitnessed,0,36,seen2,380,4,12,1.5407439555097887e-33,0.3620940524716616,0.997034661582677,0.005923266934107942,0
87,94,6,cross,unwitnessed,0,36,seen2,380,4,12,2.465190328815662e-32,0.3620940524716474,0.9978427714444995,0.004795884519864931,0
86,87,6,within,unwitnessed,1,36,seen2,380,4,12,0.14285714285714293,285.97844599987144,0.17915603542972985,0.9680305117683428,1
93,94,6,within,unwitnessed,1,36,seen2,380,4,12,0.14285714285714288,285.9784459998714,0.03386898069441403,1.0183393717485907,1
100,107,7,cross,witnessed,0,36,seen2,380,4,12,0.0,0.36209150808745993,0.9980477222079082,0.003975298132738354,0
101,108,7,cross,witnessed,0,36,seen2,380,4,12,0.0,0.36209150808745993,0.9975864644815539,0.004886545068252993,0
100,101,7,within,witnessed,0,36,seen2,380,4,12,0.0,1.619553253141608,0.9996157216388593,0.0007779413260353889,0
107,108,7,within,witnessed,0,36,seen2,380,4,12,0.0,1.5119498956815591,0.9995957152449776,0.0008135351872914427,0
2,9,0,cross,unwitnessed,0,37,seen2,380,4,12,0.0,0.3620940524716474,0.9985405614006956,0.002997194688723602,0
3,10,0,cross,unwitnessed,0,37,seen2,380,4,12,3.8518598887744717e-32,0.3620940524716616,0.997490832855679,0.00501207370656328,0
2,3,0,within,unwitnessed,1,37,seen2,380,4,12,0.14285714285714293,285.9784459998442,0.2983771624522686,0.9173433905686853,1
9,10,0,within,unwitnessed,1,37,seen2,380,4,12,0.14285714285714274,285.9784459998443,0.0810838542673197,1.0145548628266023,1
16,23,1,cross,unwitnessed,0,37,seen2,380,4,12,3.8518598887744717e-32,0.3620940524716474,0.9971799695196479,0.0057820428204049595,0
17,24,1,cross,unwitnessed,0,37,seen2,380,4,12,0.0,0.3620940524716332,0.9975511912581994,0.004891631369533869,0
16,17,1,within,unwitnessed,1,37,seen2,380,4,12,0.14285714285714274,285.97844599970784,0.14550692995077646,0.9794759226893461,1
23,24,1,within,unwitnessed,1,37,seen2,380,4,12,0.14285714285714288,285.97844599970796,0.17524148341067458,0.9694014955909184,1
30,37,2,cross,unwitnessed,0,37,seen2,380,4,12,0.0,0.3620940524716616,0.9979098284558875,0.0042313837536016845,0
31,38,2,cross,unwitnessed,0,37,seen2,380,4,12,1.3866695599588098e-32,0.3620940524716474,0.9983736385218362,0.0034425197051763294,0
30,31,2,within,unwitnessed,1,37,seen2,380,4,12,0.14285714285714293,285.97844599987144,0.09257727562288029,1.00364468889719,1
37,38,2,within,unwitnessed,1,37,seen2,380,4,12,0.14285714285714288,285.9784459998714,0.23452859580571198,0.9481154414735516,1
44,51,3,cross,unwitnessed,0,37,seen2,380,4,12,3.8518598887744717e-32,0.3620940524716616,0.9980318642383232,0.003938582370609772,0
45,52,3,cross,unwitnessed,0,37,seen2,380,4,12,0.0,0.3620940524716474,0.9966250324360186,0.006771749606123816,0
44,45,3,within,unwitnessed,1,37,seen2,380,4,12,0.14285714285714274,285.97844599987144,0.2878417986670884,0.9232068154023917,1
51,52,3,within,unwitnessed,1,37,seen2,380,4,12,0.14285714285714288,285.9784459998714,0.10652623782472709,0.9983567671279717,1
58,65,4,cross,witnessed,0,37,seen2,380,4,12,0.0,0.36209150808745993,0.9974411448508996,0.005118065289332253,0
59,66,4,cross,witnessed,0,37,seen2,380,4,12,0.0,0.3620915080874598,0.9984651507782744,0.003142197219965046,0
58,59,4,within,witnessed,0,37,seen2,380,4,12,0.0,1.619553253141608,0.9995342287886969,0.0009344377425978822,0
65,66,4,within,witnessed,0,37,seen2,380,4,12,0.0,1.51194989568156,0.9995043732809485,0.0009957712197695868,0
72,79,5,cross,witnessed,0,37,seen2,380,4,12,0.0,0.3620915080874598,0.9980890850993132,0.003822730206470927,0
73,80,5,cross,witnessed,0,37,seen2,380,4,12,0.0,0.3620915080874598,0.9975228700195496,0.0049622415276399665,0
72,73,5,within,witnessed,0,37,seen2,380,4,12,0.0,1.6195532531416061,0.9994885546132815,0.0010554373648493254,0
79,80,5,within,witnessed,0,37,seen2,380,4,12,0.0,1.5119498956815585,0.9995063361827483,0.001005290968223155,0
86,93,6,cross,witnessed,0,37,seen2,380,4,12,0.0,0.36209150808746,0.9977401672832443,0.004523007089355044,0
87,94,6,cross,witnessed,0,37,seen2,380,4,12,0.0,0.36209150808746,0.9982726419063157,0.0034521135104353504,0
86,87,6,within,witnessed,0,37,seen2,380,4,12,0.0,1.619553253141608,0.9997358564645977,0.0005283277676700773,0
93,94,6,within,witnessed,0,37,seen2,380,4,12,0.0,1.5119498956815596,0.9997018947830446,0.0006017913677085338,0
100,107,7,cross,witnessed,0,37,seen2,380,4,12,0.0,0.36209150808745993,0.9980501822391017,0.003911839297103825,0
101,108,7,cross,witnessed,0,37,seen2,380,4,12,0.0,0.36209150808745993,0.9977919308522959,0.00445077540234639,0
100,101,7,within,witnessed,0,37,seen2,380,4,12,0.0,1.619553253141608,0.9995531394507262,0.0008994568149453989,0
107,108,7,within,witnessed,0,37,seen2,380,4,12,0.0,1.5119498956815591,0.9995279750435238,0.000964637122124919,0
2,9,0,cross,unwitnessed,0,38,seen2,380,4,12,0.0,0.3620940524716474,0.9981017362520801,0.003807359300056886,0
3,10,0,cross,unwitnessed,0,38,seen2,380,4,12,3.8518598887744717e-32,0.3620940524716616,0.997483462578422,0.005060235139682646,0
2,3,0,within,unwitnessed,1,38,seen2,380,4,12,0.14285714285714293,285.9784459998442,0.17895632087382926,0.9681799581058649,1
9,10,0,within,unwitnessed,1,38,seen2,380,4,12,0.14285714285714274,285.9784459998443,0.2698541304698539,0.9377401301768221,1
16,23,1,cross,witnessed,0,38,seen2,380,4,12,0.0,0.3620915080874599,0.9984393395407809,0.003119113811053063,0
17,24,1,cross,witnessed,0,38,seen2,380,4,12,0.0,0.36209150808745993,0.9980391335003321,0.003930672083459016,0
16,17,1,within,witnessed,0,38,seen2,380,4,12,0.0,1.619553253141607,0.9995048956856242,0.0010132012337337546,0
23,24,1,within,witnessed,0,38,seen2,380,4,12,0.0,1.5119498956815591,0.9995951188795904,0.000821687935211075,0
30,37,2,cross,unwitnessed,0,38,seen2,380,4,12,0.0,0.3620940524716616,0.9979873011710252,0.004032231655518801,0
31,38,2,cross,unwitnessed,0,38,seen2,380,4,12,1.3866695599588098e-32,0.3620940524716474,0.9977083933601203,0.0046123684790575735,0
30,31,2,within,unwitnessed,1,38,seen2,380,4,12,0.14285714285714293,285.97844599987144,0.3620239043035468,0.8826268594067151,1
37,38,2,within,unwitnessed,1,38,seen2,380,4,12,0.14285714285714288,285.9784459998714,0.23093352771786,0.9472419140375804,1
44,51,3,cross,unwitnessed,0,38,seen2,380,4,12,3.8518598887744717e-32,0.3620940524716616,0.9978433859159371,0.004326582538622062,0
45,52,3,cross,unwitnessed,0,38,seen2,380,4,12,0.0,0.3620940524716474,0.9962419377159454,0.007578378060319088,0
44,45,3,within,unwitnessed,1,38,seen2,380,4,12,0.14285714285714274,285.97844599987144,0.2715606619829216,0.9394256204586765,1
51,52,3,within,unwitnessed,1,38,seen2,380,4,12,0.14285714285714288,285.9784459998714,-0.09981217705082471,1.0748980264272368,1
58,65,4,cross,witnessed,0,38,seen2,380,4,12,0.0,0.36209150808745993,0.9984241548692259,0.0031581297926430375,0
59,66,4,cross,witnessed,0,38,seen2,380,4,12,0.0,0.3620915080874598,0.9979865134343754,0.00412356138585853,0
58,59,4,within,witnessed,0,38,seen2,380,4,12,0.0,1.619553253141608,0.9995115045784386,0.000981041002532945,0
65,66,4,within,witnessed,0,38,seen2,380,4,12,0.0,1.51194989568156,0.9996838888771038,0.000632850096986912,0
72,79,5,cross,witnessed,0,38,seen2,380,4,12,0.0,0.3620915080874598,0.9975964409724726,0.004817399416610034,0
73,80,5,cross,witnessed,0,38,seen2,380,4,12,0.0,0.3620915080874598,0.9985445740850578,0.0029139330508598507,0
72,73,5,within,witnessed,0,38,seen2,380,4,12,0.0,1.6195532531416061,0.9995993746661191,0.0008106088234836811,0
79,80,5,within,witnessed,0,38,seen2,380,4,12,0.0,1.5119498956815585,0.9996706030322432,0.0006590652924343764,0
86,93,6,cross,unwitnessed,0,38,seen2,380,4,12,1.5407439555097887e-33,0.3620940524716616,0.997251461339675,0.005578974693506333,0
87,94,6,cross,unwitnessed,0,38,seen2,380,4,12,2.465190328815662e-32,0.3620940524716474,0.9965528927919192,0.007433795718432481,0
86,87,6,within,unwitnessed,1,38,seen2,380,4,12,0.14285714285714293,285.97844599987144,0.17923138692741006,0.9680869619624088,1
93,94,6,within,unwitnessed,1,38,seen2,380,4,12,0.14285714285714288,285.9784459998714,0.1854096133542366,0.9670330955801227,1
100,107,7,cross,witnessed,0,38,seen2,380,4,12,0.0,0.36209150808745993,0.9983566107634639,0.003549348174404279,0
101,108,7,cross,witnessed,0,38,seen2,380,4,12,0.0,0.36209150808745993,0.9977794165783728,0.004458970409228249,0
100,101,7,within,witnessed,0,38,seen2,380,4,12,0.0,1.619553253141608,0.9995920658730448,0.0008247593674194298,0
107,108,7,within,witnessed,0,38,seen2,380,4,12,0.0,1.5119498956815591,0.9996949568610606,0.0006295609772170799,0
2,9,0,cross,unwitnessed,0,39,seen2,380,4,12,0.0,0.3620940524716474,0.9978354336778755,0.004491113864447888,0
3,10,0,cross,unwitnessed,0,39,seen2,380,4,12,3.8518598887744717e-32,0.3620940524716616,0.9982872102082915,0.003434286774452233,0
2,3,0,within,unwitnessed,1,39,seen2,380,4,12,0.14285714285714293,285.9784459998442,0.16324065642655947,0.9764395617435226,1
9,10,0,within,unwitnessed,1,39,seen2,380,4,12,0.14285714285714274,285.9784459998443,0.022089026062301946,1.0353571297864779,1
16,23,1,cross,unwitnessed,0,39,seen2,380,4,12,3.8518598887744717e-32,0.3620940524716474,0.9979226750027635,0.00417619461246855,0
17,24,1,cross,unwitnessed,0,39,seen2,380,4,12,0.0,0.3620940524716332,0.9984286922832194,0.003210988932762886,0
16,17,1,within,unwitnessed,1,39,seen2,380,4,12,0.14285714285714274,285.97844599970784,0.11822982923955587,1.0050220425490777,1
23,24,1,within,unwitnessed,1,39,seen2,380,4,12,0.14285714285714288,285.97844599970796,0.35007715927876637,0.897697119742028,1
30,37,2,cross,witnessed,0,39,seen2,380,4,12,0.0,0.3620915080874599,0.9982783327678695,0.003563169061133857,0
31,38,2,cross,witnessed,0,39,seen2,380,4,12,0.0,0.3620915080874599,0.9981009994651141,0.003804047138763899,0
30,31,2,within,witnessed,0,39,seen2,380,4,12,0.0,1.619553253141607,0.9996276928684824,0.0007675128255064869,0
37,38,2,within,witnessed,0,39,seen2,380,4,12,0.0,1.5119498956815591,0.9995118810556443,0.0009978688303216958,0
44,51,3,cross,witnessed,0,39,seen2,380,4,12,0.0,0.3620915080874598,0.9970654965285444,0.005879486709875704,0
45,52,3,cross,witnessed,0,39,seen2,380,4,12,0.0,0.36209150808745993,0.9971878100220638,0.005695046459873759,0
44,45,3,within,witnessed,0,39,seen2,380,4,12,0.0,1.6195532531416075,0.9997507756179298,0.0005056060423023977,0
51,52,3,within,witnessed,0,39,seen2,380,4,12,0.0,1.5119498956815591,0.9997020483318507,0.0005958348427712938,0
58,65,4,cross,witnessed,0,39,seen2,380,4,12,0.0,0.36209150808745993,0.9978923962925086,0.004281554437276209,0
59,66,4,cross,witnessed,0,39,seen2,380,4,12,0.0,0.3620915080874598,0.9962082812244781,0.007588472422920552,0
58,59,4,within,witnessed,0,39,seen2,380,4,12,0.0,1.619553253141608,0.9994951332256674,0.0010265183517590832,0
65,66,4,within,witnessed,0,39,seen2,380,4,12,0.0,1.51194989568156,0.9996621008322084,0.000705993017368089,0
72,79,5,cross,unwitnessed,0,39,seen2,380,4,12,3.8518598887744717e-32,0.3620940524716332,0.9976707649643372,0.0048553747782614015,0
73,80,5,cross,unwitnessed,0,39,seen2,380,4,12,0.0,0.3620940524716332,0.9972460962955828,0.0056592783030079315,0
72,73,5,within,unwitnessed,1,39,seen2,380,4,12,0.14285714285714274,285.97844599961695,0.2026535122797138,0.9591183391538738,1
79,80,5,within,unwitnessed,1,39,seen2,380,4,12,0.14285714285714288,285.978445999617,0.19221728311773886,0.9631068783122644,1
86,93,6,cross,unwitnessed,0,39,seen2,380,4,12,1.5407439555097887e-33,0.3620940524716616,0.997162552231076,0.0058796658840627545,0
87,94,6,cross,unwitnessed,0,39,seen2,380,4,12,2.465190328815662e-32,0.3620940524716474,0.9981647955189181,0.0037382417054080725,0
86,87,6,within,unwitnessed,1,39,seen2,380,4,12,0.14285714285714293,285.97844599987144,0.3430073243676549,0.9072796309042994,1
93,94,6,within,unwitnessed,1,39,seen2,380,4,12,0.14285714285714288,285.9784459998714,0.28098719617983664,0.9299401915547173,1
100,107,7,cross,witnessed,0,39,seen2,380,4,12,0.0,0.36209150808745993,0.9983674139795655,0.003321757993532925,0
101,108,7,cross,witnessed,0,39,seen2,380,4,12,0.0,0.36209150808745993,0.9980323407350288,0.004095743003003544,0
100,101,7,within,witnessed,0,39,seen2,380,4,12,0.0,1.619553253141608,0.9996511501522595,0.0006989902059678764,0
107,108,7,within,witnessed,0,39,seen2,380,4,12,0.0,1.5119498956815591,0.999600099367139,0.0008010918627979022,0
2,9,0,cross,witnessed,0,40,seen2,380,4,12,0.0,0.36209150808746,0.9975821761556153,0.004829852328380941,0
3,10,0,cross,witnessed,0,40,seen2,380,4,12,0.0,0.3620915080874599,0.9976204306415121,0.004760430587661691,0
2,3,0,within,witnessed,0,40,seen2,380,4,12,0.0,1.6195532531416101,0.999692775173283,0.0006149595014793386,0
9,10,0,within,witnessed,0,40,seen2,380,4,12,0.0,1.5119498956815618,0.9994699653302932,0.0010602199671834048,0
16,23,1,cross,witnessed,0,40,seen2,380,4,12,0.0,0.3620915080874599,0.9981316451695376,0.0037373127709803694,0
17,24,1,cross,witnessed,0,40,seen2,380,4,12,0.0,0.36209150808745993,0.9971369239474671,0.005908419461433686,0
16,17,1,within,witnessed,0,40,seen2,380,4,12,0.0,1.619553253141607,0.9996475338093065,0.0007054664585129325,0
23,24,1,within,witnessed,0,40,seen2,380,4,12,0.0,1.5119498956815591,0.9996829424576448,0.0006358360407100367,0
30,37,2,cross,witnessed,0,40,seen2,380,4,12,0.0,0.3620915080874599,0.9981741566126016,0.0038524092160890644,0
31,38,2,cross,witnessed,0,40,seen2,380,4,12,0.0,0.3620915080874599,0.9980294136605081,0.004011386267756644,0
30,31,2,within,witnessed,0,40,seen2,380,4,12,0.0,1.619553253141607,0.9995559380439691,0.0009086370050732274,0
37,38,2,within,witnessed,0,40,seen2,380,4,12,0.0,1.5119498956815591,0.9996274304869072,0.0007800670537848941,0
44,51,3,cross,unwitnessed,0,40,seen2,380,4,12,3.8518598887744717e-32,0.3620940524716616,0.9974787819632739,0.005039259741052766,0
45,52,3,cross,unwitnessed,0,40,seen2,380,4,12,0.0,0.3620940524716474,0.996721283038357,0.006695596153120395,0
44,45,3,within,unwitnessed,1,40,seen2,380,4,12,0.14285714285714274,285.97844599987144,0.16646075461729698,0.9722908688507822,1
51,52,3,within,unwitnessed,1,40,seen2,380,4,12,0.14285714285714288,285.9784459998714,0.2190363610782422,0.9565366844994789,1
58,65,4,cross,unwitnessed,0,40,seen2,380,4,12,0.0,0.3620940524716616,0.9972163097980666,0.005848371575204391,0
59,66,4,cross,unwitnessed,0,40,seen2,380,4,12,3.8518598887744717e-32,0.3620940524716758,0.9981703351604306,0.0037540376847553986,0
58,59,4,within,unwitnessed,1,40,seen2,380,4,12,0.14285714285714293,285.9784459998442,0.16115690380476405,0.9742171754557503,1
65,66,4,within,unwitnessed,1,40,seen2,380,4,12,0.14285714285714274,285.97844599984427,0.22436813389689095,0.9503376117075887,1
72,79,5,cross,witnessed,0,40,seen2,380,4,12,0.0,0.3620915080874598,0.9977236590905282,0.004753233417724704,0
73,80,5,cross,witnessed,0,40,seen2,380,4,12,0.0,0.3620915080874598,0.9977794775708171,0.0046347145870888895,0
72,73,5,within,witnessed,0,40,seen2,380,4,12,0.0,1.6195532531416061,0.9995156286922224,0.0009704748135915747,0
79,80,5,within,witnessed,0,40,seen2,380,4,12,0.0,1.5119498956815585,0.9996362602554514,0.0007310060159382417,0
86,93,6,cross,unwitnessed,0,40,seen2,380,4,12,1.5407439555097887e-33,0.3620940524716616,0.997896008097409,0.004369152695598272,0
87,94,6,cross,unwitnessed,0,40,seen2,380,4,12,2.465190328815662e-32,0.3620940524716474,0.9983810502695538,0.003290556439274365,0
86,87,6,within,unwitnessed,1,40,seen2,380,4,12,0.14285714285714293,285.97844599987144,0.4210972911710701,0.8764816616676216,1
93,94,6,within,unwitnessed,1,40,seen2,380,4,12,0.14285714285714288,285.9784459998714,0.2640671581202343,0.935184922097777,1
100,107,7,cross,unwitnessed,0,40,seen2,380,4,12,1.2480026039629288e-31,0.3620940524716616,0.9978028761912182,0.004572820125003952,0
101,108,7,cross,unwitnessed,0,40,seen2,380,4,12,2.465190328815662e-32,0.3620940524716474,0.997344437180782,0.005304073625481195,0
100,101,7,within,unwitnessed,1,40,seen2,380,4,12,0.14285714285714274,285.97844599987144,0.3536032017994721,0.8918224530024075,1
107,108,7,within,unwitnessed,1,40,seen2,380,4,12,0.14285714285714288,285.9784459998714,0.2800309649029326,0.9287105040158236,1
2,9,0,cross,unwitnessed,0,41,seen2,380,4,12,0.0,0.3620940524716474,0.9974450212878824,0.005138281518119323,0
3,10,0,cross,unwitnessed,0,41,seen2,380,4,12,3.8518598887744717e-32,0.3620940524716616,0.9976763779741074,0.00471409388732961,0
2,3,0,within,unwitnessed,1,41,seen2,380,4,12,0.14285714285714293,285.9784459998442,0.0189024686211901,1.0313172759573885,1
9,10,0,within,unwitnessed,1,41,seen2,380,4,12,0.14285714285714274,285.9784459998443,0.18410139098962386,0.9661089527400135,1
16,23,1,cross,unwitnessed,0,41,seen2,380,4,12,3.8518598887744717e-32,0.3620940524716474,0.9983606507911477,0.0032767262260100087,0
17,24,1,cross,unwitnessed,0,41,seen2,380,4,12,0.0,0.3620940524716332,0.9974684426187597,0.005448145813084754,0
16,17,1,within,unwitnessed,1,41,seen2,380,4,12,0.14285714285714274,285.97844599970784,0.004380293816201788,1.0229165375252667,1
23,24,1,within,unwitnessed,1,41,seen2,380,4,12,0.14285714285714288,285.97844599970796,0.2443708184095285,0.9483489293251419,1
30,37,2,cross,witnessed,0,41,seen2,380,4,12,0.0,0.3620915080874599,0.9985610878547784,0.0029637009494712296,0
31,38,2,cross,witnessed,0,41,seen2,380,4,12,0.0,0.3620915080874599,0.9980182143827329,0.004015212567436479,0
30,31,2,within,witnessed,0,41,seen2,380,4,12,0.0,1.619553253141607,0.9997327747034557,0.0005345921558477513,0
37,38,2,within,witnessed,0,41,seen2,380,4,12,0.0,1.5119498956815591,0.999592188012366,0.0008167502202899288,0
44,51,3,cross,unwitnessed,0,41,seen2,380,4,12,3.8518598887744717e-32,0.3620940524716616,0.9972726982749631,0.005546624747056877,0
45,52,3,cross,unwitnessed,0,41,seen2,380,4,12,0.0,0.3620940524716474,0.9984784275273032,0.003048316204922058,0
44,45,3,within,unwitnessed,1,41,seen2,380,4,12,0.14285714285714274,285.97844599987144,0.3667920805155449,0.8950190597298883,1
51,52,3,within,unwitnessed,1,41,seen2,380,4,12,0.14285714285714288,285.9784459998714,0.09301854491518878,0.9998400003447288,1
58,65,4,cross,witnessed,0,41,seen2,380,4,12,0.0,0.36209150808745993,0.9980749030382559,0.0038529834033798785,0
59,66,4,cross,witnessed,0,41,seen2,380,4,12,0.0,0.3620915080874598,0.9982669623531648,0.003463715780946305,0
58,59,4,within,witnessed,0,41,seen2,380,4,12,0.0,1.619553253141608,0.9992481523001073,0.0015048348803669153,0
65,66,4,within,witnessed,0,41,seen2,380,4,12,0.0,1.51194989568156,0.9993466691489066,0.001313133771140979,0
72,79,5,cross,witnessed,0,41,seen2,380,4,12,0.0,0.3620915080874598,0.997847880600503,0.0044340427888176995,0
73,80,5,cross,witnessed,0,41,seen2,380,4,12,0.0,0.3620915080874598,0.9976687167896012,0.004727187031198879,0
72,73,5,within,witnessed,0,41,seen2,380,4,12,0.0,1.6195532531416061,0.9995087375707093,0.0009872590959798548,0
79,80,5,within,witnessed,0,41,seen2,380,4,12,0.0,1.5119498956815585,0.9995595745319694,0.0008868104274392984,0
86,93,6,cross,witnessed,0,41,seen2,380,4,12,0.0,0.36209150808746,0.9979513825535784,0.0040967625918930895,0
87,94,6,cross,witnessed,0,41,seen2,380,4,12,0.0,0.36209150808746,0.9980412691983519,0.003919025578795319,0
86,87,6,within,witnessed,0,41,seen2,380,4,12,0.0,1.619553253141608,0.9995483843090045,0.0009057206789692139,0
93,94,6,within,witnessed,0,41,seen2,380,4,12,0.0,1.5119498956815596,0.9996119167765315,0.000777195311610602,0
100,107,7,cross,unwitnessed,0,41,seen2,380,4,12,1.2480026039629288e-31,0.3620940524716616,0.9983677769951352,0.0033470159571642897,0
101,108,7,cross,unwitnessed,0,41,seen2,380,4,12,2.465190328815662e-32,0.3620940524716474,0.9984854670537999,0.0030328514332210866,0
100,101,7,within,unwitnessed,1,41,seen2,380,4,12,0.14285714285714274,285.97844599987144,0.009152843079905838,1.0673236205503853,1
107,108,7,within,unwitnessed,1,41,seen2,380,4,12,0.14285714285714288,285.9784459998714,0.2777263376660741,0.9247445565811404,1
2,9,0,cross,witnessed,0,42,seen2,380,4,12,0.0,0.36209150808746,0.9979947617154228,0.00400758929981402,0
3,10,0,cross,witnessed,0,42,seen2,380,4,12,0.0,0.3620915080874599,0.9984273033438267,0.0032931297551044222,0
2,3,0,within,witnessed,0,42,seen2,380,4,12,0.0,1.6195532531416101,0.9995422751576375,0.0009217501534398472,0
9,10,0,within,witnessed,0,42,seen2,380,4,12,0.0,1.5119498956815618,0.999333639014998,0.0013331284188479165,0
16,23,1,cross,unwitnessed,0,42,seen2,380,4,12,3.8518598887744717e-32,0.3620940524716474,0.998808544910015,0.0025049204591860537,0
17,24,1,cross,unwitnessed,0,42,seen2,380,4,12,0.0,0.3620940524716332,0.997593852695555,0.004830776465843225,0
16,17,1,within,unwitnessed,1,42,seen2,380,4,12,0.14285714285714274,285.97844599970784,0.31563989796397196,0.9086801671710966,1
23,24,1,within,unwitnessed,1,42,seen2,380,4,12,0.14285714285714288,285.97844599970796,0.4141504166908998,0.8579254291102687,1
30,37,2,cross,witnessed,0,42,seen2,380,4,12,0.0,0.3620915080874599,0.9986379300424704,0.002885942804925669,0
31,38,2,cross,witnessed,0,42,seen2,380,4,12,0.0,0.3620915080874599,0.9985219987253491,0.0030301250314147816,0
30,31,2,within,witnessed,0,42,seen2,380,4,12,0.0,1.619553253141607,0.999525574124842,0.0010075244921647034,0
37,38,2,within,witnessed,0,42,seen2,380,4,12,0.0,1.5119498956815591,0.9993287493523656,0.0013848726671220133,0
44,51,3,cross,witnessed,0,42,seen2,380,4,12,0.0,0.3620915080874598,0.9976483919352833,0.00483844864692666,0
45,52,3,cross,witnessed,0,42,seen2,380,4,12,0.0,0.36209150808745993,0.9980474095910686,0.004059644853585304,0
44,45,3,within,witnessed,0,42,seen2,380,4,12,0.0,1.6195532531416075,0.9994483001431962,0.0011041736858627671,0
51,52,3,within,witnessed,0,42,seen2,380,4,12,0.0,1.5119498956815591,0.9996046927937983,0.0007976350453750355,0
58,65,4,cross,witnessed,0,42,seen2,380,4,12,0.0,0.36209150808745993,0.9981495724090367,0.003801159183870778,0
59,66,4,cross,witnessed,0,42,seen2,380,4,12,0.0,0.3620915080874598,0.9971232579080701,0.0057741312954506414,0
58,59,4,within,witnessed,0,42,seen2,380,4,12,0.0,1.619553253141608,0.9996894154605765,0.0006211938150008494,0
65,66,4,within,witnessed,0,42,seen2,380,4,12,0.0,1.51194989568156,0.9996881352949487,0.0006326142846561539,0
72,79,5,cross,unwitnessed,0,42,seen2,380,4,12,3.8518598887744717e-32,0.3620940524716332,0.9984975374156878,0.003011273647775996,0
73,80,5,cross,unwitnessed,0,42,seen2,380,4,12,0.0,0.3620940524716332,0.9974980233734118,0.00528159224383422,0
72,73,5,within,unwitnessed,1,42,seen2,380,4,12,0.14285714285714274,285.97844599961695,0.24724847545431053,0.9406683427996948,1
79,80,5,within,unwitnessed,1,42,seen2,380,4,12,0.14285714285714288,285.978445999617,0.097482262910786,1.003836316069939,1
86,93,6,cross,unwitnessed,0,42,seen2,380,4,12,1.5407439555097887e-33,0.3620940524716616,0.9971311024320615,0.005744707574640875,0
87,94,6,cross,unwitnessed,0,42,seen2,380,4,12,2.465190328815662e-32,0.3620940524716474,0.9976194698551457,0.0047637708681918505,0
86,87,6,within,unwitnessed,1,42,seen2,380,4,12,0.14285714285714293,285.97844599987144,0.30893996062294043,0.9144575952802745,1
93,94,6,within,unwitnessed,1,42,seen2,380,4,12,0.14285714285714288,285.9784459998714,0.006703754819980897,1.047051898985175,1
100,107,7,cross,unwitnessed,0,42,seen2,380,4,12,1.2480026039629288e-31,0.3620940524716616,0.997498933461745,0.0054662464174999635,0
101,108,7,cross,unwitnessed,0,42,seen2,380,4,12,2.465190328815662e-32,0.3620940524716474,0.9977520322300499,0.004544820318436004,0
100,101,7,within,unwitnessed,1,42,seen2,380,4,12,0.14285714285714274,285.97844599987144,0.3260930291708361,0.9063418515828994,1
107,108,7,within,unwitnessed,1,42,seen2,380,4,12,0.14285714285714288,285.9784459998714,0.41465492835927703,0.8723216063051037,1
2,9,0,cross,unwitnessed,0,43,seen2,380,4,12,0.0,0.3620940524716474,0.9979805748595746,0.0040979698999887805,0
3,10,0,cross,unwitnessed,0,43,seen2,380,4,12,3.8518598887744717e-32,0.3620940524716616,0.9977287735856286,0.004571788497456671,0
2,3,0,within,unwitnessed,1,43,seen2,380,4,12,0.14285714285714293,285.9784459998442,-0.008314974143007078,1.0319194207150093,1
9,10,0,within,unwitnessed,1,43,seen2,380,4,12,0.14285714285714274,285.9784459998443,0.21395244681628375,0.9589995144537377,1
16,23,1,cross,witnessed,0,43,seen2,380,4,12,0.0,0.3620915080874599,0.9978917031686079,0.0042607132368860014,0
17,24,1,cross,witnessed,0,43,seen2,380,4,12,0.0,0.36209150808745993,0.9976488846015611,0.00472506157392962,0
16,17,1,within,witnessed,0,43,seen2,380,4,12,0.0,1.619553253141607,0.9996726316133226,0.0006716534742132696,0
23,24,1,within,witnessed,0,43,seen2,380,4,12,0.0,1.5119498956815591,0.9996212431451965,0.0007654967671600464,0
30,37,2,cross,witnessed,0,43,seen2,380,4,12,0.0,0.3620915080874599,0.9983732215126111,0.0033143038401860594,0
31,38,2,cross,witnessed,0,43,seen2,380,4,12,0.0,0.3620915080874599,0.996976642930186,0.006088112324469554,0
30,31,2,within,witnessed,0,43,seen2,380,4,12,0.0,1.619553253141607,0.9993852248287035,0.0012568009207437755,0
37,38,2,within,witnessed,0,43,seen2,380,4,12,0.0,1.5119498956815591,0.9995102859950525,0.0010082603126738158,0
44,51,3,cross,unwitnessed,0,43,seen2,380,4,12,3.8518598887744717e-32,0.3620940524716616,0.9978133323893413,0.004381651899286328,0
45,52,3,cross,unwitnessed,0,43,seen2,380,4,12,0.0,0.3620940524716474,0.9986262908926872,0.0028415911126882564,0
44,45,3,within,unwitnessed,1,43,seen2,380,4,12,0.14285714285714274,285.97844599987144,0.14714180362353793,0.9790925475916746,1
51,52,3,within,unwitnessed,1,43,seen2,380,4,12,0.14285714285714288,285.9784459998714,0.31702370703924176,0.9220967200428837,1
58,65,4,cross,witnessed,0,43,seen2,380,4,12,0.0,0.36209150808745993,0.9978796945985405,0.004248893190829303,0
59,66,4,cross,witnessed,0,43,seen2,380,4,12,0.0,0.3620915080874598,0.9981409733336651,0.003747686823410054,0
58,59,4,within,witnessed,0,43,seen2,380,4,12,0.0,1.619553253141608,0.9997089010596502,0.0005821560281327896,0
65,66,4,within,witnessed,0,43,seen2,380,4,12,0.0,1.51194989568156,0.9996903458617636,0.000620070069256318,0
72,79,5,cross,unwitnessed,0,43,seen2,380,4,12,3.8518598887744717e-32,0.3620940524716332,0.9975277307450897,0.004944756315985433,0
73,80,5,cross,unwitnessed,0,43,seen2,380,4,12,0.0,0.3620940524716332,0.9975109665016015,0.004984524398200977,0
72,73,5,within,unwitnessed,1,43,seen2,380,4,12,0.14285714285714274,285.97844599961695,0.2598838463182614,0.9391099195559498,1
79,80,5,within,unwitnessed,1,43,seen2,380,4,12,0.14285714285714288,285.978445999617,0.3722032713495941,0.8978070915449097,1
86,93,6,cross,unwitnessed,0,43,seen2,380,4,12,1.5407439555097887e-33,0.3620940524716616,0.997687234931576,0.004656208766070605,0
87,94,6,cross,unwitnessed,0,43,seen2,380,4,12,2.465190328815662e-32,0.3620940524716474,0.9980995278122765,0.0041884432026646845,0
86,87,6,within,unwitnessed,1,43,seen2,380,4,12,0.14285714285714293,285.97844599987144,0.23620443864766097,0.9442416431184963,1
93,94,6,within,unwitnessed,1,43,seen2,380,4,12,0.14285714285714288,285.9784459998714,0.19108535432674956,0.9651558001053293,1
100,107,7,cross,witnessed,0,43,seen2,380,4,12,0.0,0.36209150808745993,0.997760197983301,0.004623789116368939,0
101,108,7,cross,witnessed,0,43,seen2,380,4,12,0.0,0.36209150808745993,0.9968467295303256,0.006386764716488283,0
100,101,7,within,witnessed,0,43,seen2,380,4,12,0.0,1.619553253141608,0.9997335589332258,0.0005332747142502795,0
107,108,7,within,witnessed,0,43,seen2,380,4,12,0.0,1.5119498956815591,0.9997571421813335,0.0004856567691966429,0
2,9,0,cross,witnessed,0,44,seen2,380,4,12,0.0,0.36209150808746,0.9970459019602533,0.006358277135891675,0
3,10,0,cross,witnessed,0,44,seen2,380,4,12,0.0,0.3620915080874599,0.9977591423291359,0.004549652785009283,0
2,3,0,within,witnessed,0,44,seen2,380,4,12,0.0,1.6195532531416101,0.9994020969277806,0.0012154702913092313,0
9,10,0,within,witnessed,0,44,seen2,380,4,12,0.0,1.5119498956815618,0.9991861405443919,0.0016500462997933191,0
16,23,1,cross,unwitnessed,0,44,seen2,380,4,12,3.8518598887744717e-32,0.3620940524716474,0.997960340561799,0.004148197153811427,0
17,24,1,cross,unwitnessed,0,44,seen2,380,4,12,0.0,0.3620940524716332,0.9967871773200534,0.006415331331118686,0
16,17,1,within,unwitnessed,1,44,seen2,380,4,12,0.14285714285714274,285.97844599970784,0.24240444664192473,0.9422644022181371,1
23,24,1,within,unwitnessed,1,44,seen2,380,4,12,0.14285714285714288,285.97844599970796,0.17439415349175372,0.9701525751003713,1
30,37,2,cross,unwitnessed,0,44,seen2,380,4,12,0.0,0.3620940524716616,0.9973449315981902,0.00534232835281783,0
31,38,2,cross,unwitnessed,0,44,seen2,380,4,12,1.3866695599588098e-32,0.3620940524716474,0.9978712193867955,0.004324571761910051,0
30,31,2,within,unwitnessed,1,44,seen2,380,4,12,0.14285714285714293,285.97844599987144,0.09974471172868586,0.9995386999843094,1
37,38,2,within,unwitnessed,1,44,seen2,380,4,12,0.14285714285714288,285.9784459998714,0.0789370574166335,1.0067830128171582,1
44,51,3,cross,witnessed,0,44,seen2,380,4,12,0.0,0.3620915080874598,0.9981697540422979,0.0036813877128310875,0
45,52,3,cross,witnessed,0,44,seen2,380,4,12,0.0,0.36209150808745993,0.9967930938973365,0.006830483297162077,0
44,45,3,within,witnessed,0,44,seen2,380,4,12,0.0,1.6195532531416075,0.9996402463591388,0.0007312760846564529,0
51,52,3,within,witnessed,0,44,seen2,380,4,12,0.0,1.5119498956815591,0.9996605605829396,0.0006791800825415937,0
58,65,4,cross,witnessed,0,44,seen2,380,4,12,0.0,0.36209150808745993,0.9981072296796332,0.003858930632865728,0
59,66,4,cross,witnessed,0,44,seen2,380,4,12,0.0,0.3620915080874598,0.9977752622326603,0.004487140602096433,0
58,59,4,within,witnessed,0,44,seen2,380,4,12,0.0,1.619553253141608,0.9997179832090834,0.0006119031598253188,0
65,66,4,within,witnessed,0,44,seen2,380,4,12,0.0,1.51194989568156,0.9996950892214562,0.0006389008514171551,0
72,79,5,cross,witnessed,0,44,seen2,380,4,12,0.0,0.3620915080874598,0.9980404943545884,0.0039760487983754745,0
73,80,5,cross,witnessed,0,44,seen2,380,4,12,0.0,0.3620915080874598,0.9984197470199022,0.0031773689990743335,0
72,73,5,within,witnessed,0,44,seen2,380,4,12,0.0,1.6195532531416061,0.9996932770182866,0.0006136721288909118,0
79,80,5,within,witnessed,0,44,seen2,380,4,12,0.0,1.5119498956815585,0.9996955122174435,0.000612132898923863,0
86,93,6,cross,unwitnessed,0,44,seen2,380,4,12,1.5407439555097887e-33,0.3620940524716616,0.9977248395275754,0.00496891426232672,0
87,94,6,cross,unwitnessed,0,44,seen2,380,4,12,2.465190328815662e-32,0.3620940524716474,0.9972757717513085,0.005637691278754304,0
86,87,6,within,unwitnessed,1,44,seen2,380,4,12,0.14285714285714293,285.97844599987144,0.1818866266035624,0.9669444567811161,1
93,94,6,within,unwitnessed,1,44,seen2,380,4,12,0.14285714285714288,285.9784459998714,0.26783322224449246,0.9336870404407082,1
100,107,7,cross,unwitnessed,0,44,seen2,380,4,12,1.2480026039629288e-31,0.3620940524716616,0.998590184401327,0.002890729442658242,0
101,108,7,cross,unwitnessed,0,44,seen2,380,4,12,2.465190328815662e-32,0.3620940524716474,0.9979040651336141,0.004187604101077434,0
100,101,7,within,unwitnessed,1,44,seen2,380,4,12,0.14285714285714274,285.97844599987144,0.1590357424170318,0.9773925550586694,1
107,108,7,within,unwitnessed,1,44,seen2,380,4,12,0.14285714285714288,285.9784459998714,0.1642470396813175,0.9788539238300924,1
2,9,0,cross,witnessed,0,45,seen2,380,4,12,0.0,0.36209150808746,0.9984272432156132,0.003143096389877442,0
3,10,0,cross,witnessed,0,45,seen2,380,4,12,0.0,0.3620915080874599,0.997984127109668,0.004122084074829843,0
2,3,0,within,witnessed,0,45,seen2,380,4,12,0.0,1.6195532531416101,0.9995931054141329,0.0008152384038372127,0
9,10,0,within,witnessed,0,45,seen2,380,4,12,0.0,1.5119498956815618,0.9995563651628921,0.0008926978628588329,0
16,23,1,cross,witnessed,0,45,seen2,380,4,12,0.0,0.3620915080874599,0.9978213732772723,0.004353318942073138,0
17,24,1,cross,witnessed,0,45,seen2,380,4,12,0.0,0.36209150808745993,0.9971663903934234,0.005659190552495104,0
16,17,1,within,witnessed,0,45,seen2,380,4,12,0.0,1.619553253141607,0.9995476776051629,0.0009262215637305997,0
23,24,1,within,witnessed,0,45,seen2,380,4,12,0.0,1.5119498956815591,0.9995154984153539,0.0009985355549665658,0
30,37,2,cross,unwitnessed,0,45,seen2,380,4,12,0.0,0.3620940524716616,0.9981413036699547,0.003729292372519015,0
31,38,2,cross,unwitnessed,0,45,seen2,380,4,12,1.3866695599588098e-32,0.3620940524716474,0.9985553617852134,0.002896989012225886,0
30,31,2,within,unwitnessed,1,45,seen2,380,4,12,0.14285714285714293,285.97844599987144,0.34410516417885306,0.9050913874434595,1
37,38,2,within,unwitnessed,1,45,seen2,380,4,12,0.14285714285714288,285.9784459998714,-0.0371759741554543,1.0560014340300814,1
44,51,3,cross,unwitnessed,0,45,seen2,380,4,12,3.8518598887744717e-32,0.3620940524716616,0.9981768218005764,0.0036490560049372805,0
45,52,3,cross,unwitnessed,0,45,seen2,380,4,12,0.0,0.3620940524716474,0.997671997932566,0.004803154248320481,0
44,45,3,within,unwitnessed,1,45,seen2,380,4,12,0.14285714285714274,285.97844599987144,0.41431329547181706,0.8802382713000656,1
51,52,3,within,unwitnessed,1,45,seen2,380,4,12,0.14285714285714288,285.9784459998714,0.19866112944268824,0.9605863831839255,1
58,65,4,cross,witnessed,0,45,seen2,380,4,12,0.0,0.36209150808745993,0.9980783937396079,0.0038862173595559236,0
59,66,4,cross,witnessed,0,45,seen2,380,4,12,0.0,0.3620915080874598,0.9979848390567894,0.004065071426958782,0
58,59,4,within,witnessed,0,45,seen2,380,4,12,0.0,1.619553253141608,0.9996768123049103,0.0006648971492460671,0
65,66,4,within,witnessed,0,45,seen2,380,4,12,0.0,1.51194989568156,0.9997060624007301,0.0006195082275938296,0
72,79,5,cross,unwitnessed,0,45,seen2,380,4,12,3.8518598887744717e-32,0.3620940524716332,0.9969453976558142,0.006120585273943457,0
73,80,5,cross,unwitnessed,0,45,seen2,380,4,12,0.0,0.3620940524716332,0.9975142218539127,0.004993743089048855,0
72,73,5,within,unwitnessed,1,45,seen2,380,4,12,0.14285714285714274,285.97844599961695,0.3335959444439996,0.9058341601751838,1
79,80,5,within,unwitnessed,1,45,seen2,380,4,12,0.14285714285714288,285.978445999617,0.010252735391158235,1.0426135143770394,1
86,93,6,cross,witnessed,0,45,seen2,380,4,12,0.0,0.36209150808746,0.99800993955531,0.003984418579583312,0
87,94,6,cross,witnessed,0,45,seen2,380,4,12,0.0,0.36209150808746,0.9979324817864019,0.0043671044308730474,0
86,87,6,within,witnessed,0,45,seen2,380,4,12,0.0,1.619553253141608,0.9995836827027487,0.0008375955821011033,0
93,94,6,within,witnessed,0,45,seen2,380,4,12,0.0,1.5119498956815596,0.9994565052237288,0.001122109279210549,0
100,107,7,cross,unwitnessed,0,45,seen2,380,4,12,1.2480026039629288e-31,0.3620940524716616,0.9985985640982709,0.003039325344440593,0
101,108,7,cross,unwitnessed,0,45,seen2,380,4,12,2.465190328815662e-32,0.3620940524716474,0.9973619173531532,0.005283356752722955,0
100,101,7,within,unwitnessed,1,45,seen2,380,4,12,0.14285714285714274,285.97844599987144,0.15933153965206115,0.9750474655922052,1
107,108,7,within,unwitnessed,1,45,seen2,380,4,12,0.14285714285714288,285.9784459998714,0.17735288177955685,0.9689755311384155,1
2,9,0,cross,witnessed,0,46,seen2,380,4,12,0.0,0.36209150808746,0.9980640941258107,0.0038707795771209144,0
3,10,0,cross,witnessed,0,46,seen2,380,4,12,0.0,0.3620915080874599,0.9977345182566644,0.0045787406771356535,0
2,3,0,within,witnessed,0,46,seen2,380,4,12,0.0,1.6195532531416101,0.9996001211778539,0.0007999932995117079,0
9,10,0,within,witnessed,0,46,seen2,380,4,12,0.0,1.5119498956815618,0.9994775149721536,0.001044700714362135,0
16,23,1,cross,unwitnessed,0,46,seen2,380,4,12,3.8518598887744717e-32,0.3620940524716474,0.9977617749751656,0.004503974953141866,0
17,24,1,cross,unwitnessed,0,46,seen2,380,4,12,0.0,0.3620940524716332,0.9977067830850807,0.004733091440129853,0
16,17,1,within,unwitnessed,1,46,seen2,380,4,12,0.14285714285714274,285.97844599970784,0.11106723778181156,0.9978758022409121,1
23,24,1,within,unwitnessed,1,46,seen2,380,4,12,0.14285714285714288,285.97844599970796,0.2874335344958522,0.9209838254599813,1
30,37,2,cross,unwitnessed,0,46,seen2,380,4,12,0.0,0.3620940524716616,0.9984225222642571,0.003158149909592419,0
31,38,2,cross,unwitnessed,0,46,seen2,380,4,12,1.3866695599588098e-32,0.3620940524716474,0.9973874530066517,0.005240337287124875,0
30,31,2,within,unwitnessed,1,46,seen2,380,4,12,0.14285714285714293,285.97844599987144,0.3521149370234581,0.9090907004682653,1
37,38,2,within,unwitnessed,1,46,seen2,380,4,12,0.14285714285714288,285.9784459998714,0.19605762895985882,0.9619915183263921,1
44,51,3,cross,unwitnessed,0,46,seen2,380,4,12,3.8518598887744717e-32,0.3620940524716616,0.998055389552249,0.004045642796800773,0
45,52,3,cross,unwitnessed,0,46,seen2,380,4,12,0.0,0.3620940524716474,0.998396703544086,0.0032581089889926413,0
44,45,3,within,unwitnessed,1,46,seen2,380,4,12,0.14285714285714274,285.97844599987144,0.3894589555821014,0.8949705826270756,1
51,52,3,within,unwitnessed,1,46,seen2,380,4,12,0.14285714285714288,285.9784459998714,0.06355856671120097,1.0131147074487237,1
58,65,4,cross,unwitnessed,0,46,seen2,380,4,12,0.0,0.3620940524716616,0.9978527669953569,0.004685534823009593,0
59,66,4,cross,unwitnessed,0,46,seen2,380,4,12,3.8518598887744717e-32,0.3620940524716758,0.9977190477906323,0.004691473780120954,0
58,59,4,within,unwitnessed,1,46,seen2,380,4,12,0.14285714285714293,285.9784459998442,0.1487255931808853,0.978483584825949,1
65,66,4,within,unwitnessed,1,46,seen2,380,4,12,0.14285714285714274,285.97844599984427,0.1787457262224861,0.9683879428661384,1
72,79,5,cross,witnessed,0,46,seen2,380,4,12,0.0,0.3620915080874598,0.9970315368906639,0.006013282015145399,0
73,80,5,cross,witnessed,0,46,seen2,380,4,12,0.0,0.3620915080874598,0.9962500076080428,0.0074884917433642026,0
72,73,5,within,witnessed,0,46,seen2,380,4,12,0.0,1.6195532531416061,0.999650505140871,0.000743502001686906,0
79,80,5,within,witnessed,0,46,seen2,380,4,12,0.0,1.5119498956815585,0.9997132706864059,0.00057503319362776,0
86,93,6,cross,witnessed,0,46,seen2,380,4,12,0.0,0.36209150808746,0.9982258624128654,0.0035460921486997815,0
87,94,6,cross,witnessed,0,46,seen2,380,4,12,0.0,0.36209150808746,0.9978348486555758,0.0043292569880083506,0
86,87,6,within,witnessed,0,46,seen2,380,4,12,0.0,1.619553253141608,0.9995741214944969,0.0008527919970453469,0
93,94,6,within,witnessed,0,46,seen2,380,4,12,0.0,1.5119498956815596,0.999588988141552,0.0008261696367335233,0
100,107,7,cross,witnessed,0,46,seen2,380,4,12,0.0,0.36209150808745993,0.9963550282298023,0.00727930356637423,0
101,108,7,cross,witnessed,0,46,seen2,380,4,12,0.0,0.36209150808745993,0.9980189329619014,0.003959054335657693,0
100,101,7,within,witnessed,0,46,seen2,380,4,12,0.0,1.619553253141608,0.9996866795004761,0.0006274599119030618,0
107,108,7,within,witnessed,0,46,seen2,380,4,12,0.0,1.5119498956815591,0.9997373985155201,0.0005257925669360714,0
2,9,0,cross,witnessed,0,47,seen2,380,4,12,0.0,0.36209150808746,0.9986652898253024,0.0027381746662657504,0
3,10,0,cross,witnessed,0,47,seen2,380,4,12,0.0,0.3620915080874599,0.99792316367843,0.004234585733362454,0
2,3,0,within,witnessed,0,47,seen2,380,4,12,0.0,1.6195532531416101,0.999309516605944,0.0013815065731540347,0
9,10,0,within,witnessed,0,47,seen2,380,4,12,0.0,1.5119498956815618,0.9992495124804214,0.0015038580451487325,0
16,23,1,cross,unwitnessed,0,47,seen2,380,4,12,3.8518598887744717e-32,0.3620940524716474,0.9976847416199017,0.004630287509240659,0
17,24,1,cross,unwitnessed,0,47,seen2,380,4,12,0.0,0.3620940524716332,0.9979455762200425,0.0041085227597634204,0
16,17,1,within,unwitnessed,1,47,seen2,380,4,12,0.14285714285714274,285.97844599970784,0.2633208329804269,0.9322196492818734,1
23,24,1,within,unwitnessed,1,47,seen2,380,4,12,0.14285714285714288,285.97844599970796,0.2813758648442466,0.9277153417850491,1
30,37,2,cross,witnessed,0,47,seen2,380,4,12,0.0,0.3620915080874599,0.9983295983667011,0.003340572478778148,0
31,38,2,cross,witnessed,0,47,seen2,380,4,12,0.0,0.3620915080874599,0.9985514039723441,0.0029465267665788036,0
30,31,2,within,witnessed,0,47,seen2,380,4,12,0.0,1.619553253141607,0.9995112962731937,0.0009775114732414273,0
37,38,2,within,witnessed,0,47,seen2,380,4,12,0.0,1.5119498956815591,0.9995261264959452,0.0009529913621012419,0
44,51,3,cross,witnessed,0,47,seen2,380,4,12,0.0,0.3620915080874598,0.9978696877317239,0.004258448406060398,0
45,52,3,cross,witnessed,0,47,seen2,380,4,12,0.0,0.36209150808745993,0.9969328709931539,0.0061254066219642266,0
44,45,3,within,witnessed,0,47,seen2,380,4,12,0.0,1.6195532531416075,0.9996137421612018,0.0007731472499150594,0
51,52,3,within,witnessed,0,47,seen2,380,4,12,0.0,1.5119498956815591,0.9996478971224285,0.0007136782855613247,0
58,65,4,cross,unwitnessed,0,47,seen2,380,4,12,0.0,0.3620940524716616,0.998818043621658,0.0024415646867861,0
59,66,4,cross,unwitnessed,0,47,seen2,380,4,12,3.8518598887744717e-32,0.3620940524716758,0.9970550855246202,0.006225667834248823,0
58,59,4,within,unwitnessed,1,47,seen2,380,4,12,0.14285714285714293,285.9784459998442,0.24447175154908346,0.9467202778281061,1
65,66,4,within,unwitnessed,1,47,seen2,380,4,12,0.14285714285714274,285.97844599984427,0.18197714854211952,0.9670652345325211,1
72,79,5,cross,unwitnessed,0,47,seen2,380,4,12,3.8518598887744717e-32,0.3620940524716332,0.9975630923487853,0.00514694119894156,0
73,80,5,cross,unwitnessed,0,47,seen2,380,4,12,0.0,0.3620940524716332,0.9979067153704472,0.004368644170614259,0
72,73,5,within,unwitnessed,1,47,seen2,380,4,12,0.14285714285714274,285.97844599961695,0.1045138776809056,0.9910036882291134,1
79,80,5,within,unwitnessed,1,47,seen2,380,4,12,0.14285714285714288,285.978445999617,0.1831493060169332,0.966513173574712,1
86,93,6,cross,witnessed,0,47,seen2,380,4,12,0.0,0.36209150808746,0.9984070400821161,0.0032438210972407233,0
87,94,6,cross,witnessed,0,47,seen2,380,4,12,0.0,0.36209150808746,0.9973086556391895,0.005404735346559159,0
86,87,6,within,witnessed,0,47,seen2,380,4,12,0.0,1.619553253141608,0.9995324670480897,0.0009376637130885612,0
93,94,6,within,witnessed,0,47,seen2,380,4,12,0.0,1.5119498956815596,0.9995728259447216,0.0008607576588947333,0
100,107,7,cross,unwitnessed,0,47,seen2,380,4,12,1.2480026039629288e-31,0.3620940524716616,0.9970340507860158,0.00642575079789657,0
101,108,7,cross,unwitnessed,0,47,seen2,380,4,12,2.465190328815662e-32,0.3620940524716474,0.9978383988411103,0.0043201795405670975,0
100,101,7,within,unwitnessed,1,47,seen2,380,4,12,0.14285714285714274,285.97844599987144,0.304462515325744,0.9204101471346549,1
107,108,7,within,unwitnessed,1,47,seen2,380,4,12,0.14285714285714288,285.9784459998714,0.4072821418746425,0.8848949933577067,1
2,9,0,cross,witnessed,0,48,seen2,380,4,12,0.0,0.36209150808746,0.9974352187813489,0.005452300221533155,0
3,10,0,cross,witnessed,0,48,seen2,380,4,12,0.0,0.3620915080874599,0.9978881604156826,0.004529841871381853,0
2,3,0,within,witnessed,0,48,seen2,380,4,12,0.0,1.6195532531416101,0.999381472653541,0.001238296937948815,0
9,10,0,within,witnessed,0,48,seen2,380,4,12,0.0,1.5119498956815618,0.9994590296039415,0.0010857159105053592,0
16,23,1,cross,unwitnessed,0,48,seen2,380,4,12,3.8518598887744717e-32,0.3620940524716474,0.9980041947874545,0.0039988747180332435,0
17,24,1,cross,unwitnessed,0,48,seen2,380,4,12,0.0,0.3620940524716332,0.9978925037235619,0.004228957773399136,0
16,17,1,within,unwitnessed,1,48,seen2,380,4,12,0.14285714285714274,285.97844599970784,0.12107244357881632,0.9896106052300647,1
23,24,1,within,unwitnessed,1,48,seen2,380,4,12,0.14285714285714288,285.97844599970796,0.1618922589588193,0.9745372936026628,1
30,37,2,cross,unwitnessed,0,48,seen2,380,4,12,0.0,0.3620940524716616,0.9971481726833078,0.005804108001070004,0
31,38,2,cross,unwitnessed,0,48,seen2,380,4,12,1.3866695599588098e-32,0.3620940524716474,0.9983327604690468,0.003332184528765728,0
30,31,2,within,unwitnessed,1,48,seen2,380,4,12,0.14285714285714293,285.97844599987144,0.19671979037344764,0.9617785509651172,1
37,38,2,within,unwitnessed,1,48,seen2,380,4,12,0.14285714285714288,285.9784459998714,0.29174455898074203,0.9257314869239148,1
44,51,3,cross,witnessed,0,48,seen2,380,4,12,0.0,0.3620915080874598,0.9964959522412388,0.006996901831592664,0
45,52,3,cross,witnessed,0,48,seen2,380,4,12,0.0,0.36209150808745993,0.9978056398701284,0.005284276826877884,0
44,45,3,within,witnessed,0,48,seen2,380,4,12,0.0,1.6195532531416075,0.9996716287354966,0.0006592288542027489,0
51,52,3,within,witnessed,0,48,seen2,380,4,12,0.0,1.5119498956815591,0.9997026256943164,0.0005946940968669293,0
58,65,4,cross,unwitnessed,0,48,seen2,380,4,12,0.0,0.3620940524716616,0.9979217877652531,0.004182456925926083,0
59,66,4,cross,unwitnessed,0,48,seen2,380,4,12,3.8518598887744717e-32,0.3620940524716758,0.9972753510643679,0.005556405911267492,0
58,59,4,within,unwitnessed,1,48,seen2,380,4,12,0.14285714285714293,285.9784459998442,0.3516699509031233,0.914341797780788,1
65,66,4,within,unwitnessed,1,48,seen2,380,4,12,0.14285714285714274,285.97844599984427,0.21829629322162425,0.9581666164829357,1
72,79,5,cross,unwitnessed,0,48,seen2,380,4,12,3.8518598887744717e-32,0.3620940524716332,0.9973734664297387,0.005284777899362065,0
73,80,5,cross,unwitnessed,0,48,seen2,380,4,12,0.0,0.3620940524716332,0.9979480339856156,0.004103361686654163,0
72,73,5,within,unwitnessed,1,48,seen2,380,4,12,0.14285714285714274,285.97844599961695,0.1631376018959479,0.9739692981440958,1
79,80,5,within,unwitnessed,1,48,seen2,380,4,12,0.14285714285714288,285.978445999617,0.23467081691839123,0.9485577379601432,1
86,93,6,cross,witnessed,0,48,seen2,380,4,12,0.0,0.36209150808746,0.9985166457987835,0.002993773467488816,0
87,94,6,cross,witnessed,0,48,seen2,380,4,12,0.0,0.36209150808746,0.998353708372764,0.003399524560418171,0
86,87,6,within,witnessed,0,48,seen2,380,4,12,0.0,1.619553253141608,0.9996002767389938,0.0008220509360779642,0
93,94,6,within,witnessed,0,48,seen2,380,4,12,0.0,1.5119498956815596,0.9996425461952648,0.000722952199817732,0
100,107,7,cross,witnessed,0,48,seen2,380,4,12,0.0,0.36209150808745993,0.9983461483686383,0.0033869405663911906,0
101,108,7,cross,witnessed,0,48,seen2,380,4,12,0.0,0.36209150808745993,0.9981473296154162,0.0037031656945712894,0
100,101,7,within,witnessed,0,48,seen2,380,4,12,0.0,1.619553253141608,0.9996322236742586,0.0007562465198111857,0
107,108,7,within,witnessed,0,48,seen2,380,4,12,0.0,1.5119498956815591,0.9996231902478726,0.0007789722275391196,0
2,9,0,cross,witnessed,0,49,seen2,380,4,12,0.0,0.36209150808746,0.996995675654805,0.006006756490106634,0
3,10,0,cross,witnessed,0,49,seen2,380,4,12,0.0,0.3620915080874599,0.9971924427016884,0.005625067070608405,0
2,3,0,within,witnessed,0,49,seen2,380,4,12,0.0,1.6195532531416101,0.9995448619329125,0.0009397370910909341,0
9,10,0,within,witnessed,0,49,seen2,380,4,12,0.0,1.5119498956815618,0.9995403791972838,0.0009215245814048316,0
16,23,1,cross,unwitnessed,0,49,seen2,380,4,12,3.8518598887744717e-32,0.3620940524716474,0.9971353305511391,0.0060900283150408865,0
17,24,1,cross,unwitnessed,0,49,seen2,380,4,12,0.0,0.3620940524716332,0.9972572695703983,0.005489589800791801,0
16,17,1,within,unwitnessed,1,49,seen2,380,4,12,0.14285714285714274,285.97844599970784,0.2563355265367693,0.937393910608786,1
23,24,1,within,unwitnessed,1,49,seen2,380,4,12,0.14285714285714288,285.97844599970796,0.1314278573546099,0.9844493694428784,1
30,37,2,cross,witnessed,0,49,seen2,380,4,12,0.0,0.3620915080874599,0.9974589530700743,0.005196215156124208,0
31,38,2,cross,witnessed,0,49,seen2,380,4,12,0.0,0.3620915080874599,0.9983606265958092,0.0032839776810046233,0
30,31,2,within,witnessed,0,49,seen2,380,4,12,0.0,1.619553253141607,0.9995754248889652,0.0008491691215176129,0
37,38,2,within,witnessed,0,49,seen2,380,4,12,0.0,1.5119498956815591,0.9996419511417273,0.0007205420297791895,0
44,51,3,cross,unwitnessed,0,49,seen2,380,4,12,3.8518598887744717e-32,0.3620940524716616,0.9977953439003455,0.0044082433079044026,0
45,52,3,cross,unwitnessed,0,49,seen2,380,4,12,0.0,0.3620940524716474,0.9973796693609813,0.0052341087777383515,0
44,45,3,within,unwitnessed,1,49,seen2,380,4,12,0.14285714285714274,285.97844599987144,0.2828897673766617,0.9303759576542342,1
51,52,3,within,unwitnessed,1,49,seen2,380,4,12,0.14285714285714288,285.9784459998714,0.18892518418398427,0.9643207044075073,1
58,65,4,cross,unwitnessed,0,49,seen2,380,4,12,0.0,0.3620940524716616,0.9974788547862655,0.0050704959522833845,0
59,66,4,cross,unwitnessed,0,49,seen2,380,4,12,3.8518598887744717e-32,0.3620940524716758,0.9967632151252289,0.006527850061492678,0
58,59,4,within,unwitnessed,1,49,seen2,380,4,12,0.14285714285714293,285.9784459998442,0.1351376827512977,0.9850429534600045,1
65,66,4,within,unwitnessed,1,49,seen2,380,4,12,0.14285714285714274,285.97844599984427,0.3902760088939354,0.8876340033186856,1
72,79,5,cross,unwitnessed,0,49,seen2,380,4,12,3.8518598887744717e-32,0.3620940524716332,0.997392034868149,0.005237566149855019,0
73,80,5,cross,unwitnessed,0,49,seen2,380,4,12,0.0,0.3620940524716332,0.9983829741196985,0.003239529315234445,0
72,73,5,within,unwitnessed,1,49,seen2,380,4,12,0.14285714285714274,285.97844599961695,0.09050429689030881,1.0116178545727323,1
79,80,5,within,unwitnessed,1,49,seen2,380,4,12,0.14285714285714288,285.978445999617,0.08580738539342196,1.009734948386389,1
86,93,6,cross,witnessed,0,49,seen2,380,4,12,0.0,0.36209150808746,0.9968844626407676,0.0062220035833135574,0
87,94,6,cross,witnessed,0,49,seen2,380,4,12,0.0,0.36209150808746,0.9976446475818715,0.0048060954453010615,0
86,87,6,within,witnessed,0,49,seen2,380,4,12,0.0,1.619553253141608,0.9994744883049671,0.0010585002392984677,0
93,94,6,within,witnessed,0,49,seen2,380,4,12,0.0,1.5119498956815596,0.9995278739651375,0.0009465999960301203,0
100,107,7,cross,witnessed,0,49,seen2,380,4,12,0.0,0.36209150808745993,0.9986130860285655,0.0027719943871231797,0
101,108,7,cross,witnessed,0,49,seen2,380,4,12,0.0,0.36209150808745993,0.9980972390661182,0.0038171231862037763,0
100,101,7,within,witnessed,0,49,seen2,380,4,12,0.0,1.619553253141608,0.9997772621242051,0.00045380734503115347,0
107,108,7,within,witnessed,0,49,seen2,380,4,12,0.0,1.5119498956815591,0.9997510384134921,0.0005268211299997416,0
2,9,0,cross,witnessed,0,50,seen2,380,4,12,0.0,0.36209150808746,0.9972196194753933,0.0055547510646420445,0
3,10,0,cross,witnessed,0,50,seen2,380,4,12,0.0,0.3620915080874599,0.9975920011142019,0.0049901248256882,0
2,3,0,within,witnessed,0,50,seen2,380,4,12,0.0,1.6195532531416101,0.9995959775930254,0.000904858143491264,0
9,10,0,within,witnessed,0,50,seen2,380,4,12,0.0,1.5119498956815618,0.9996597141657073,0.0007234099083329856,0
16,23,1,cross,unwitnessed,0,50,seen2,380,4,12,3.8518598887744717e-32,0.3620940524716474,0.9972844046386409,0.005709181296510463,0
17,24,1,cross,unwitnessed,0,50,seen2,380,4,12,0.0,0.3620940524716332,0.9985216781238151,0.0030106679908851798,0
16,17,1,within,unwitnessed,1,50,seen2,380,4,12,0.14285714285714274,285.97844599970784,0.34858790200601647,0.9054412315450014,1
23,24,1,within,unwitnessed,1,50,seen2,380,4,12,0.14285714285714288,285.97844599970796,0.17866222296001816,0.970287595134406,1
30,37,2,cross,unwitnessed,0,50,seen2,380,4,12,0.0,0.3620940524716616,0.9979930101111164,0.004306399658055345,0
31,38,2,cross,unwitnessed,0,50,seen2,380,4,12,1.3866695599588098e-32,0.3620940524716474,0.9984867664658742,0.003024239397945788,0
30,31,2,within,unwitnessed,1,50,seen2,380,4,12,0.14285714285714293,285.97844599987144,0.1896176503175993,0.9654789977836801,1
37,38,2,within,unwitnessed,1,50,seen2,380,4,12,0.14285714285714288,285.9784459998714,0.18130469045725472,0.9676697893808532,1
44,51,3,cross,witnessed,0,50,seen2,380,4,12,0.0,0.3620915080874598,0.9976671361885542,0.004660289590921108,0
45,52,3,cross,witnessed,0,50,seen2,380,4,12,0.0,0.36209150808745993,0.998535751784213,0.0029413929092358126,0
44,45,3,within,witnessed,0,50,seen2,380,4,12,0.0,1.6195532531416075,0.9995315164467653,0.000938576895969131,0
51,52,3,within,witnessed,0,50,seen2,380,4,12,0.0,1.5119498956815591,0.9996172495397576,0.0007713511074160579,0
58,65,4,cross,witnessed,0,50,seen2,380,4,12,0.0,0.36209150808745993,0.9979063678073543,0.004201089923139493,0
59,66,4,cross,witnessed,0,50,seen2,380,4,12,0.0,0.3620915080874598,0.9974783080596707,0.005116636547308125,0
58,59,4,within,witnessed,0,50,seen2,380,4,12,0.0,1.619553253141608,0.9994879074791748,0.001027010063911789,0
65,66,4,within,witnessed,0,50,seen2,380,4,12,0.0,1.51194989568156,0.9995094162212358,0.0009827936669771205,0
72,79,5,cross,unwitnessed,0,50,seen2,380,4,12,3.8518598887744717e-32,0.3620940524716332,0.9986658377674729,0.002768622226314815,0
73,80,5,cross,unwitnessed,0,50,seen2,380,4,12,0.0,0.3620940524716332,0.9969326767065314,0.006382596294781411,0
72,73,5,within,unwitnessed,1,50,seen2,380,4,12,0.14285714285714274,285.97844599961695,0.2220630472387665,0.9512905785213834,1
79,80,5,within,unwitnessed,1,50,seen2,380,4,12,0.14285714285714288,285.978445999617,0.22665524108320403,0.9517361741969795,1
86,93,6,cross,unwitnessed,0,50,seen2,380,4,12,1.5407439555097887e-33,0.3620940524716616,0.9985437322712621,0.0029969152898377234,0
87,94,6,cross,unwitnessed,0,50,seen2,380,4,12,2.465190328815662e-32,0.3620940524716474,0.99795170200386,0.0041931312025597234,0
86,87,6,within,unwitnessed,1,50,seen2,380,4,12,0.14285714285714293,285.97844599987144,0.44707144499342105,0.8712485259882555,1
93,94,6,within,unwitnessed,1,50,seen2,380,4,12,0.14285714285714288,285.9784459998714,0.029298148921274185,1.0281048883312462,1
100,107,7,cross,witnessed,0,50,seen2,380,4,12,0.0,0.36209150808745993,0.99595319882078,0.008308218924481369,0
101,108,7,cross,witnessed,0,50,seen2,380,4,12,0.0,0.36209150808745993,0.9968794753561556,0.006261403632961816,0
100,101,7,within,witnessed,0,50,seen2,380,4,12,0.0,1.619553253141608,0.9991861567363551,0.0016364867783504756,0
107,108,7,within,witnessed,0,50,seen2,380,4,12,0.0,1.5119498956815591,0.9994901042792712,0.0010592085875443884,0
2,9,0,cross,witnessed,0,51,seen2,380,4,12,0.0,0.36209150808746,0.9976960049823053,0.004620221253391479,0
3,10,0,cross,witnessed,0,51,seen2,380,4,12,0.0,0.3620915080874599,0.9987456504101192,0.002621933093224172,0
2,3,0,within,witnessed,0,51,seen2,380,4,12,0.0,1.6195532531416101,0.999621031659714,0.0007652757892529689,0
9,10,0,within,witnessed,0,51,seen2,380,4,12,0.0,1.5119498956815618,0.9996140707146174,0.0007983049122834814,0
16,23,1,cross,unwitnessed,0,51,seen2,380,4,12,3.8518598887744717e-32,0.3620940524716474,0.9980136663373607,0.004158422194718049,0
17,24,1,cross,unwitnessed,0,51,seen2,380,4,12,0.0,0.3620940524716332,0.9985878979139952,0.0028284632702457427,0
16,17,1,within,unwitnessed,1,51,seen2,380,4,12,0.14285714285714274,285.97844599970784,0.04918463087788247,1.0193575859320974,1
23,24,1,within,unwitnessed,1,51,seen2,380,4,12,0.14285714285714288,285.97844599970796,0.2994195697603159,0.9318135126828734,1
30,37,2,cross,unwitnessed,0,51,seen2,380,4,12,0.0,0.3620940524716616,0.9966325793819029,0.006742813047624798,0
31,38,2,cross,unwitnessed,0,51,seen2,380,4,12,1.3866695599588098e-32,0.3620940524716474,0.9982218853702104,0.0036436897439804192,0
30,31,2,within,unwitnessed,1,51,seen2,380,4,12,0.14285714285714293,285.97844599987144,0.2952648851737305,0.9254685886042312,1
37,38,2,within,unwitnessed,1,51,seen2,380,4,12,0.14285714285714288,285.9784459998714,-0.0321430839687893,1.049114059842615,1
44,51,3,cross,witnessed,0,51,seen2,380,4,12,0.0,0.3620915080874598,0.9976875126291612,0.004636495807591882,0
45,52,3,cross,witnessed,0,51,seen2,380,4,12,0.0,0.36209150808745993,0.9976943969621174,0.004650691330918878,0
44,45,3,within,witnessed,0,51,seen2,380,4,12,0.0,1.6195532531416075,0.9993455234104097,0.0013121181372030006,0
51,52,3,within,witnessed,0,51,seen2,380,4,12,0.0,1.5119498956815591,0.9995410252478026,0.0009188388017712903,0
58,65,4,cross,unwitnessed,0,51,seen2,380,4,12,0.0,0.3620940524716616,0.9966384668217737,0.006713521415688648,0
59,66,4,cross,unwitnessed,0,51,seen2,380,4,12,3.8518598887744717e-32,0.3620940524716758,0.9978384107869006,0.00432631274369713,0
58,59,4,within,unwitnessed,1,51,seen2,380,4,12,0.14285714285714293,285.9784459998442,0.09330801366186844,0.997490965123956,1
65,66,4,within,unwitnessed,1,51,seen2,380,4,12,0.14285714285714274,285.97844599984427,0.08723151259774313,1.00453546977586,1
72,79,5,cross,unwitnessed,0,51,seen2,380,4,12,3.8518598887744717e-32,0.3620940524716332,0.9967481942485099,0.006585740140575365,0
73,80,5,cross,unwitnessed,0,51,seen2,380,4,12,0.0,0.3620940524716332,0.9980331218029543,0.003981293498832266,0
72,73,5,within,unwitnessed,1,51,seen2,380,4,12,0.14285714285714274,285.97844599961695,0.24951468220371784,0.942826961885972,1
79,80,5,within,unwitnessed,1,51,seen2,380,4,12,0.14285714285714288,285.978445999617,0.29777780249201835,0.92569451762622,1
86,93,6,cross,witnessed,0,51,seen2,380,4,12,0.0,0.36209150808746,0.9981862084848598,0.003624521805829203,0
87,94,6,cross,witnessed,0,51,seen2,380,4,12,0.0,0.36209150808746,0.9982621521540359,0.0038611901202694307,0
86,87,6,within,witnessed,0,51,seen2,380,4,12,0.0,1.619553253141608,0.9994826154581749,0.001051573759399304,0
93,94,6,within,witnessed,0,51,seen2,380,4,12,0.0,1.5119498956815596,0.9995170475723967,0.0010020480090546578,0
100,107,7,cross,witnessed,0,51,seen2,380,4,12,0.0,0.36209150808745993,0.998150653078777,0.003991814511938432,0
101,108,7,cross,witnessed,0,51,seen2,380,4,12,0.0,0.36209150808745993,0.9973323457179504,0.005332465444342824,0
100,101,7,within,witnessed,0,51,seen2,380,4,12,0.0,1.619553253141608,0.9996128634377014,0.0007858349711424553,0
107,108,7,within,witnessed,0,51,seen2,380,4,12,0.0,1.5119498956815591,0.9995497071196449,0.0009016983109113859,0
2,9,0,cross,unwitnessed,0,52,seen2,380,4,12,0.0,0.3620940524716474,0.9976677276620477,0.00469156296014371,0
3,10,0,cross,unwitnessed,0,52,seen2,380,4,12,3.8518598887744717e-32,0.3620940524716616,0.9985802587701472,0.0028538093300482575,0
2,3,0,within,unwitnessed,1,52,seen2,380,4,12,0.14285714285714293,285.9784459998442,0.19828225798346824,0.9617977659902391,1
9,10,0,within,unwitnessed,1,52,seen2,380,4,12,0.14285714285714274,285.9784459998443,0.033835589899147075,1.0123812670653716,1
16,23,1,cross,witnessed,0,52,seen2,380,4,12,0.0,0.3620915080874599,0.9986746931646292,0.002649029918272359,0
17,24,1,cross,witnessed,0,52,seen2,380,4,12,0.0,0.36209150808745993,0.9985993147674231,0.0028510140600841124,0
16,17,1,within,witnessed,0,52,seen2,380,4,12,0.0,1.619553253141607,0.9996063001718338,0.0007881521542388044,0
23,24,1,within,witnessed,0,52,seen2,380,4,12,0.0,1.5119498956815591,0.9995349479226908,0.0009317251471077101,0
30,37,2,cross,unwitnessed,0,52,seen2,380,4,12,0.0,0.3620940524716616,0.9983102292330066,0.003477951240041978,0
31,38,2,cross,unwitnessed,0,52,seen2,380,4,12,1.3866695599588098e-32,0.3620940524716474,0.9982202148629935,0.003561345584250127,0
30,31,2,within,unwitnessed,1,52,seen2,380,4,12,0.14285714285714293,285.97844599987144,0.2556955854882319,0.9398397226729494,1
37,38,2,within,unwitnessed,1,52,seen2,380,4,12,0.14285714285714288,285.9784459998714,0.17920543912810916,0.9680168934270535,1
44,51,3,cross,witnessed,0,52,seen2,380,4,12,0.0,0.3620915080874598,0.9980591795959464,0.0038785059535281505,0
45,52,3,cross,witnessed,0,52,seen2,380,4,12,0.0,0.36209150808745993,0.9975071799650448,0.0050694931654691145,0
44,45,3,within,witnessed,0,52,seen2,380,4,12,0.0,1.6195532531416075,0.999383753944907,0.0012610793604307907,0
51,52,3,within,witnessed,0,52,seen2,380,4,12,0.0,1.5119498956815591,0.9993508773200119,0.0013059938563141885,0
58,65,4,cross,witnessed,0,52,seen2,380,4,12,0.0,0.36209150808745993,0.9982922835085801,0.0036600680871700874,0
59,66,4,cross,witnessed,0,52,seen2,380,4,12,0.0,0.3620915080874598,0.997928034008207,0.004141321862452718,0
58,59,4,within,witnessed,0,52,seen2,380,4,12,0.0,1.619553253141608,0.9994845777898516,0.0010313353122723284,0
65,66,4,within,witnessed,0,52,seen2,380,4,12,0.0,1.51194989568156,0.9994417643397759,0.0011249578751902612,0
72,79,5,cross,unwitnessed,0,52,seen2,380,4,12,3.8518598887744717e-32,0.3620940524716332,0.9978526205269725,0.00429150441528994,0
73,80,5,cross,unwitnessed,0,52,seen2,380,4,12,0.0,0.3620940524716332,0.9985972623881513,0.002803595834170835,0
72,73,5,within,unwitnessed,1,52,seen2,380,4,12,0.14285714285714274,285.97844599961695,0.07295110259488898,1.014099733541913,1
79,80,5,within,unwitnessed,1,52,seen2,380,4,12,0.14285714285714288,285.978445999617,0.2504014530407221,0.9431737826877116,1
86,93,6,cross,unwitnessed,0,52,seen2,380,4,12,1.5407439555097887e-33,0.3620940524716616,0.9980408650503811,0.00394765678883702,0
87,94,6,cross,unwitnessed,0,52,seen2,380,4,12,2.465190328815662e-32,0.3620940524716474,0.9967917145458687,0.006428258478084356,0
86,87,6,within,unwitnessed,1,52,seen2,380,4,12,0.14285714285714293,285.97844599987144,0.3665611133944587,0.8974574793524016,1
93,94,6,within,unwitnessed,1,52,seen2,380,4,12,0.14285714285714288,285.9784459998714,0.22281294937865476,0.9522935436834644,1
100,107,7,cross,witnessed,0,52,seen2,380,4,12,0.0,0.36209150808745993,0.9982331456047784,0.0035365412005381445,0
101,108,7,cross,witnessed,0,52,seen2,380,4,12,0.0,0.36209150808745993,0.9985270970883638,0.002950580039412418,0
100,101,7,within,witnessed,0,52,seen2,380,4,12,0.0,1.619553253141608,0.9996586630619098,0.0006825618511944766,0
107,108,7,within,witnessed,0,52,seen2,380,4,12,0.0,1.5119498956815591,0.999638578840231,0.0007314198392488403,0
2,9,0,cross,unwitnessed,0,53,seen2,380,4,12,0.0,0.3620940524716474,0.9986613960442975,0.0026759063796391582,0
3,10,0,cross,unwitnessed,0,53,seen2,380,4,12,3.8518598887744717e-32,0.3620940524716616,0.9969620058531139,0.006129340495343674,0
2,3,0,within,unwitnessed,1,53,seen2,380,4,12,0.14285714285714293,285.9784459998442,0.3372474890437116,0.9139067002460476,1
9,10,0,within,unwitnessed,1,53,seen2,380,4,12,0.14285714285714274,285.9784459998443,0.2755800795445891,0.9317700597973915,1
16,23,1,cross,witnessed,0,53,seen2,380,4,12,0.0,0.3620915080874599,0.9977498271022645,0.004506936071480463,0
17,24,1,cross,witnessed,0,53,seen2,380,4,12,0.0,0.36209150808745993,0.9986651936729087,0.00292351622454636,0
16,17,1,within,witnessed,0,53,seen2,380,4,12,0.0,1.619553253141607,0.9992953957174722,0.0014406540436413839,0
23,24,1,within,witnessed,0,53,seen2,380,4,12,0.0,1.5119498956815591,0.9992288446934653,0.0015517713449798452,0
30,37,2,cross,unwitnessed,0,53,seen2,380,4,12,0.0,0.3620940524716616,0.997121364507556,0.006101322346183503,0
31,38,2,cross,unwitnessed,0,53,seen2,380,4,12,1.3866695599588098e-32,0.3620940524716474,0.9976600958992451,0.005020620773733253,0
30,31,2,within,unwitnessed,1,53,seen2,380,4,12,0.14285714285714293,285.97844599987144,0.21360317576494559,0.954374165131065,1
37,38,2,within,unwitnessed,1,53,seen2,380,4,12,0.14285714285714288,285.9784459998714,0.28005548356504956,0.9252570690894737,1
44,51,3,cross,witnessed,0,53,seen2,380,4,12,0.0,0.3620915080874598,0.9977655859184572,0.004551591288203714,0
45,52,3,cross,witnessed,0,53,seen2,380,4,12,0.0,0.36209150808745993,0.9970928300296312,0.005863493391336837,0
44,45,3,within,witnessed,0,53,seen2,380,4,12,0.0,1.6195532531416075,0.9995871862410406,0.0008410347644134355,0
51,52,3,within,witnessed,0,53,seen2,380,4,12,0.0,1.5119498956815591,0.9995963579644003,0.0008108775143775427,0
58,65,4,cross,unwitnessed,0,53,seen2,380,4,12,0.0,0.3620940524716616,0.9971802560982591,0.005639807884070544,0
59,66,4,cross,unwitnessed,0,53,seen2,380,4,12,3.8518598887744717e-32,0.3620940524716758,0.9982987875991584,0.0034721197451541156,0
58,59,4,within,unwitnessed,1,53,seen2,380,4,12,0.14285714285714293,285.9784459998442,0.23165434120818162,0.9499541131593241,1
65,66,4,within,unwitnessed,1,53,seen2,380,4,12,0.14285714285714274,285.97844599984427,0.17631133344785893,0.9697435620716182,1
72,79,5,cross,witnessed,0,53,seen2,380,4,12,0.0,0.3620915080874598,0.99822529618213,0.0035463818802725193,0
73,80,5,cross,witnessed,0,53,seen2,380,4,12,0.0,0.3620915080874598,0.9966285577917601,0.0068632486697703,0
72,73,5,within,witnessed,0,53,seen2,380,4,12,0.0,1.6195532531416061,0.9995083796775338,0.0010166679155343018,0
79,80,5,within,witnessed,0,53,seen2,380,4,12,0.0,1.5119498956815585,0.9995866847827848,0.0008491678317642448,0
86,93,6,cross,unwitnessed,0,53,seen2,380,4,12,1.5407439555097887e-33,0.3620940524716616,0.9981237207109315,0.0037813282809100557,0
87,94,6,cross,unwitnessed,0,53,seen2,380,4,12,2.465190328815662e-32,0.3620940524716474,0.9988484294051512,0.0024229154347027,0
86,87,6,within,unwitnessed,1,53,seen2,380,4,12,0.14285714285714293,285.97844599987144,0.2482601940176676,0.9399282750581405,1
93,94,6,within,unwitnessed,1,53,seen2,380,4,12,0.14285714285714288,285.9784459998714,0.09361470908033644,1.0101260949399662,1
100,107,7,cross,witnessed,0,53,seen2,380,4,12,0.0,0.36209150808745993,0.997649852885436,0.004694801332295275,0
101,108,7,cross,witnessed,0,53,seen2,380,4,12,0.0,0.36209150808745993,0.9980743897525731,0.003949602439994349,0
100,101,7,within,witnessed,0,53,seen2,380,4,12,0.0,1.619553253141608,0.9995386183269517,0.0009226411946971701,0
107,108,7,within,witnessed,0,53,seen2,380,4,12,0.0,1.5119498956815591,0.9994655777694172,0.0010695052101335387,0
2,9,0,cross,witnessed,0,54,seen2,380,4,12,0.0,0.36209150808746,0.996419587619386,0.007153177993434227,0
3,10,0,cross,witnessed,0,54,seen2,380,4,12,0.0,0.3620915080874599,0.9975196449258251,0.0051853946325772496,0
2,3,0,within,witnessed,0,54,seen2,380,4,12,0.0,1.6195532531416101,0.9995689977598237,0.000865900778879659,0
9,10,0,within,witnessed,0,54,seen2,380,4,12,0.0,1.5119498956815618,0.9995946575914043,0.0008144371249101311,0
16,23,1,cross,unwitnessed,0,54,seen2,380,4,12,3.8518598887744717e-32,0.3620940524716474,0.9974143349545088,0.0052839613290837075,0
17,24,1,cross,unwitnessed,0,54,seen2,380,4,12,0.0,0.3620940524716332,0.9987800309183213,0.002442431354744384,0
16,17,1,within,unwitnessed,1,54,seen2,380,4,12,0.14285714285714274,285.97844599970784,-0.018499768067351936,1.0431614083102174,1
23,24,1,within,unwitnessed,1,54,seen2,380,4,12,0.14285714285714288,285.97844599970796,0.23686231557572696,0.9477429475424676,1
30,37,2,cross,witnessed,0,54,seen2,380,4,12,0.0,0.3620915080874599,0.9980264959446163,0.003973327420569852,0
31,38,2,cross,witnessed,0,54,seen2,380,4,12,0.0,0.3620915080874599,0.9962341528220021,0.007606848108532682,0
30,31,2,within,witnessed,0,54,seen2,380,4,12,0.0,1.619553253141607,0.9993431423992675,0.0013226827232877799,0
37,38,2,within,witnessed,0,54,seen2,380,4,12,0.0,1.5119498956815591,0.9994583495371396,0.0010830231757590128,0
44,51,3,cross,unwitnessed,0,54,seen2,380,4,12,3.8518598887744717e-32,0.3620940524716616,0.9988672434071658,0.002296900935840332,0
45,52,3,cross,unwitnessed,0,54,seen2,380,4,12,0.0,0.3620940524716474,0.9974361427661587,0.005124481187900658,0
44,45,3,within,unwitnessed,1,54,seen2,380,4,12,0.14285714285714274,285.97844599987144,0.01871023402209145,1.0374123671708664,1
51,52,3,within,unwitnessed,1,54,seen2,380,4,12,0.14285714285714288,285.9784459998714,0.2813522323453601,0.9243812623253165,1
58,65,4,cross,witnessed,0,54,seen2,380,4,12,0.0,0.36209150808745993,0.9984496456297909,0.003100481086609179,0
59,66,4,cross,witnessed,0,54,seen2,380,4,12,0.0,0.3620915080874598,0.9966719311075286,0.006856863687701579,0
58,59,4,within,witnessed,0,54,seen2,380,4,12,0.0,1.619553253141608,0.9996994497627646,0.0006041025207290904,0
65,66,4,within,witnessed,0,54,seen2,380,4,12,0.0,1.51194989568156,0.9997173007205539,0.0005662306389642712,0
72,79,5,cross,unwitnessed,0,54,seen2,380,4,12,3.8518598887744717e-32,0.3620940524716332,0.9982175331446614,0.0036793993312377363,0
73,80,5,cross,unwitnessed,0,54,seen2,380,4,12,0.0,0.3620940524716332,0.9982802635280763,0.0035747674931472075,0
72,73,5,within,unwitnessed,1,54,seen2,380,4,12,0.14285714285714274,285.97844599961695,0.031961524189142235,1.036693211638189,1
79,80,5,within,unwitnessed,1,54,seen2,380,4,12,0.14285714285714288,285.978445999617,0.14103200358185977,0.982951909208751,1
86,93,6,cross,witnessed,0,54,seen2,380,4,12,0.0,0.36209150808746,0.9982141997527098,0.003574378837499609,0
87,94,6,cross,witnessed,0,54,seen2,380,4,12,0.0,0.36209150808746,0.996751154887735,0.006522865090416098,0
86,87,6,within,witnessed,0,54,seen2,380,4,12,0.0,1.619553253141608,0.999565410392324,0.0008693784809300726,0
93,94,6,within,witnessed,0,54,seen2,380,4,12,0.0,1.5119498956815596,0.9996514900265316,0.0006969194772471831,0
100,107,7,cross,unwitnessed,0,54,seen2,380,4,12,1.2480026039629288e-31,0.3620940524716616,0.9983750968605101,0.0032660730639958663,0
101,108,7,cross,unwitnessed,0,54,seen2,380,4,12,2.465190328815662e-32,0.3620940524716474,0.9974795084039155,0.005097103568353168,0
100,101,7,within,unwitnessed,1,54,seen2,380,4,12,0.14285714285714274,285.97844599987144,0.15244148534622082,0.9785093798777456,1
107,108,7,within,unwitnessed,1,54,seen2,380,4,12,0.14285714285714288,285.9784459998714,0.13554492116192432,0.9856153057139662,1
2,9,0,cross,unwitnessed,0,55,seen2,380,4,12,0.0,0.3620940524716474,0.9982784761171228,0.0034993844095898207,0
3,10,0,cross,unwitnessed,0,55,seen2,380,4,12,3.8518598887744717e-32,0.3620940524716616,0.9981878947922512,0.003620958356090496,0
2,3,0,within,unwitnessed,1,55,seen2,380,4,12,0.14285714285714293,285.9784459998442,0.1466623343653521,0.9817137659240897,1
9,10,0,within,unwitnessed,1,55,seen2,380,4,12,0.14285714285714274,285.9784459998443,0.16910273970990936,0.9720649781573949,1
16,23,1,cross,witnessed,0,55,seen2,380,4,12,0.0,0.3620915080874599,0.9968806091858252,0.006273143575199971,0
17,24,1,cross,witnessed,0,55,seen2,380,4,12,0.0,0.36209150808745993,0.9982405699488934,0.003523378545160491,0
16,17,1,within,witnessed,0,55,seen2,380,4,12,0.0,1.619553253141607,0.9996238160234313,0.0007975810789207606,0
23,24,1,within,witnessed,0,55,seen2,380,4,12,0.0,1.5119498956815591,0.9996308371751081,0.0007437299807833848,0
30,37,2,cross,unwitnessed,0,55,seen2,380,4,12,0.0,0.3620940524716616,0.9984941314159702,0.0032645022567658753,0
31,38,2,cross,unwitnessed,0,55,seen2,380,4,12,1.3866695599588098e-32,0.3620940524716474,0.9974747255769466,0.005044640842191681,0
30,31,2,within,unwitnessed,1,55,seen2,380,4,12,0.14285714285714293,285.97844599987144,0.158561625972188,0.9816833211756485,1
37,38,2,within,unwitnessed,1,55,seen2,380,4,12,0.14285714285714288,285.9784459998714,0.04848029913840293,1.023127326981376,1
44,51,3,cross,unwitnessed,0,55,seen2,380,4,12,3.8518598887744717e-32,0.3620940524716616,0.9981786144157156,0.0037147004975895226,0
45,52,3,cross,unwitnessed,0,55,seen2,380,4,12,0.0,0.3620940524716474,0.9969075195412611,0.006176550984667716,0
44,45,3,within,unwitnessed,1,55,seen2,380,4,12,0.14285714285714274,285.97844599987144,0.31037029753015366,0.9129122304223677,1
51,52,3,within,unwitnessed,1,55,seen2,380,4,12,0.14285714285714288,285.9784459998714,0.030068723178007854,1.042072071766567,1
58,65,4,cross,witnessed,0,55,seen2,380,4,12,0.0,0.36209150808745993,0.9978922697042223,0.0043993726818333965,0
59,66,4,cross,witnessed,0,55,seen2,380,4,12,0.0,0.3620915080874598,0.9981843236817028,0.003631999323024243,0
58,59,4,within,witnessed,0,55,seen2,380,4,12,0.0,1.619553253141608,0.9996676050437321,0.0006672784541940057,0
65,66,4,within,witnessed,0,55,seen2,380,4,12,0.0,1.51194989568156,0.9996704321472978,0.0006590890741692728,0
72,79,5,cross,witnessed,0,55,seen2,380,4,12,0.0,0.3620915080874598,0.997293778740354,0.005469414979816349,0
73,80,5,cross,witnessed,0,55,seen2,380,4,12,0.0,0.3620915080874598,0.9980394795085271,0.003918081004745704,0
72,73,5,within,witnessed,0,55,seen2,380,4,12,0.0,1.6195532531416061,0.9994180864626171,0.0011636780735696816,0
79,80,5,within,witnessed,0,55,seen2,380,4,12,0.0,1.5119498956815585,0.9996448874497904,0.0007111119180279146,0
86,93,6,cross,witnessed,0,55,seen2,380,4,12,0.0,0.36209150808746,0.9981070348175618,0.003829676273133873,0
87,94,6,cross,witnessed,0,55,seen2,380,4,12,0.0,0.36209150808746,0.9977381663637729,0.004518574258094679,0
86,87,6,within,witnessed,0,55,seen2,380,4,12,0.0,1.619553253141608,0.9993900218025251,0.0012473998841106284,0
93,94,6,within,witnessed,0,55,seen2,380,4,12,0.0,1.5119498956815596,0.999405776637977,0.001237300854979029,0
100,107,7,cross,unwitnessed,0,55,seen2,380,4,12,1.2480026039629288e-31,0.3620940524716616,0.9975439850838521,0.005376828897638904,0
101,108,7,cross,unwitnessed,0,55,seen2,380,4,12,2.465190328815662e-32,0.3620940524716474,0.9981163242027876,0.0037666077372558574,0
100,101,7,within,unwitnessed,1,55,seen2,380,4,12,0.14285714285714274,285.97844599987144,0.22254487252896657,0.9516306346058979,1
107,108,7,within,unwitnessed,1,55,seen2,380,4,12,0.14285714285714288,285.9784459998714,0.042254435247374246,1.018427569021313,1
2,9,0,cross,witnessed,0,56,seen2,380,4,12,0.0,0.36209150808746,0.9962420612719397,0.0075018266629058045,0
3,10,0,cross,witnessed,0,56,seen2,380,4,12,0.0,0.3620915080874599,0.997685149966446,0.004818513119254059,0
2,3,0,within,witnessed,0,56,seen2,380,4,12,0.0,1.6195532531416101,0.9995293386831108,0.0010307371223218465,0
9,10,0,within,witnessed,0,56,seen2,380,4,12,0.0,1.5119498956815618,0.9995032716935118,0.0010653683602183605,0
16,23,1,cross,unwitnessed,0,56,seen2,380,4,12,3.8518598887744717e-32,0.3620940524716474,0.9978554416388604,0.0042848980161512545,0
17,24,1,cross,unwitnessed,0,56,seen2,380,4,12,0.0,0.3620940524716332,0.9980539192337917,0.003952839042405237,0
16,17,1,within,unwitnessed,1,56,seen2,380,4,12,0.14285714285714274,285.97844599970784,0.18958242450924143,0.9644053385211205,1
23,24,1,within,unwitnessed,1,56,seen2,380,4,12,0.14285714285714288,285.97844599970796,0.3581519892681841,0.9064188861398053,1
30,37,2,cross,unwitnessed,0,56,seen2,380,4,12,0.0,0.3620940524716616,0.9982141767303763,0.003568599348130863,0
31,38,2,cross,unwitnessed,0,56,seen2,380,4,12,1.3866695599588098e-32,0.3620940524716474,0.9982770814033443,0.003443063219040246,0
30,31,2,within,unwitnessed,1,56,seen2,380,4,12,0.14285714285714293,285.97844599987144,0.24995694205087465,0.9430567180170376,1
37,38,2,within,unwitnessed,1,56,seen2,380,4,12,0.14285714285714288,285.9784459998714,0.10245110218601153,0.9945124951054624,1
44,51,3,cross,unwitnessed,0,56,seen2,380,4,12,3.8518598887744717e-32,0.3620940524716616,0.9980332567780041,0.00397949880219508,0
45,52,3,cross,unwitnessed,0,56,seen2,380,4,12,0.0,0.3620940524716474,0.9977858395039658,0.004424378123487744,0
44,45,3,within,unwitnessed,1,56,seen2,380,4,12,0.14285714285714274,285.97844599987144,0.1024345520631244,0.9934982076241137,1
51,52,3,within,unwitnessed,1,56,seen2,380,4,12,0.14285714285714288,285.9784459998714,0.26954747798129786,0.9397049754913758,1
58,65,4,cross,unwitnessed,0,56,seen2,380,4,12,0.0,0.3620940524716616,0.9977047909902588,0.004621343864933204,0
59,66,4,cross,unwitnessed,0,56,seen2,380,4,12,3.8518598887744717e-32,0.3620940524716758,0.996889579933971,0.0062656850345655145,0
58,59,4,within,unwitnessed,1,56,seen2,380,4,12,0.14285714285714293,285.9784459998442,0.22120696404569734,0.9533024162574033,1
65,66,4,within,unwitnessed,1,56,seen2,380,4,12,0.14285714285714274,285.97844599984427,0.2551825525985798,0.9403329731359558,1
72,79,5,cross,witnessed,0,56,seen2,380,4,12,0.0,0.3620915080874598,0.9983677292351517,0.0032619212113151608,0
73,80,5,cross,witnessed,0,56,seen2,380,4,12,0.0,0.3620915080874598,0.9967281094215462,0.006536687318614713,0
72,73,5,within,witnessed,0,56,seen2,380,4,12,0.0,1.6195532531416061,0.9995331113000985,0.0009372241500249656,0
79,80,5,within,witnessed,0,56,seen2,380,4,12,0.0,1.5119498956815585,0.9996304896555596,0.0007419870242688856,0
86,93,6,cross,witnessed,0,56,seen2,380,4,12,0.0,0.36209150808746,0.9965644684319321,0.007043167384036301,0
87,94,6,cross,witnessed,0,56,seen2,380,4,12,0.0,0.36209150808746,0.9980926655712573,0.003819473855932461,0
86,87,6,within,witnessed,0,56,seen2,380,4,12,0.0,1.619553253141608,0.9996167549856845,0.0007841304676265126,0
93,94,6,within,witnessed,0,56,seen2,380,4,12,0.0,1.5119498956815596,0.9996909792157127,0.0006422573534239031,0
100,107,7,cross,witnessed,0,56,seen2,380,4,12,0.0,0.36209150808745993,0.9981823402815206,0.003632018556493965,0
101,108,7,cross,witnessed,0,56,seen2,380,4,12,0.0,0.36209150808745993,0.9982595616979614,0.0035276629938994796,0
100,101,7,within,witnessed,0,56,seen2,380,4,12,0.0,1.619553253141608,0.9995449258406822,0.0009214741367194465,0
107,108,7,within,witnessed,0,56,seen2,380,4,12,0.0,1.5119498956815591,0.9995336632190053,0.0009433627035492926,0
2,9,0,cross,unwitnessed,0,57,seen2,380,4,12,0.0,0.3620940524716474,0.9979807347793629,0.004044516451418647,0
3,10,0,cross,unwitnessed,0,57,seen2,380,4,12,3.8518598887744717e-32,0.3620940524716616,0.9978474542939064,0.004338834257395465,0
2,3,0,within,unwitnessed,1,57,seen2,380,4,12,0.14285714285714293,285.9784459998442,0.2047017544287072,0.9581283742313875,1
9,10,0,within,unwitnessed,1,57,seen2,380,4,12,0.14285714285714274,285.9784459998443,0.40254592932042677,0.8916241717829909,1
16,23,1,cross,unwitnessed,0,57,seen2,380,4,12,3.8518598887744717e-32,0.3620940524716474,0.9975767499012003,0.004983548243543149,0
17,24,1,cross,unwitnessed,0,57,seen2,380,4,12,0.0,0.3620940524716332,0.9982609140564352,0.0034830493465717017,0
16,17,1,within,unwitnessed,1,57,seen2,380,4,12,0.14285714285714274,285.97844599970784,0.22995287650161977,0.9471967491699131,1
23,24,1,within,unwitnessed,1,57,seen2,380,4,12,0.14285714285714288,285.97844599970796,0.2562282159987641,0.9344996245626661,1
30,37,2,cross,witnessed,0,57,seen2,380,4,12,0.0,0.3620915080874599,0.9982375008615879,0.0036433114503719504,0
31,38,2,cross,witnessed,0,57,seen2,380,4,12,0.0,0.3620915080874599,0.9978496025433056,0.004296331534386636,0
30,31,2,within,witnessed,0,57,seen2,380,4,12,0.0,1.619553253141607,0.9993899941482026,0.0012333603549376094,0
37,38,2,within,witnessed,0,57,seen2,380,4,12,0.0,1.5119498956815591,0.9994572560018328,0.0010939649373901638,0
44,51,3,cross,unwitnessed,0,57,seen2,380,4,12,3.8518598887744717e-32,0.3620940524716616,0.9979255685923069,0.004170651919822544,0
45,52,3,cross,unwitnessed,0,57,seen2,380,4,12,0.0,0.3620940524716474,0.9985167561500548,0.003091102455406106,0
44,45,3,within,unwitnessed,1,57,seen2,380,4,12,0.14285714285714274,285.97844599987144,0.1921708547558932,0.9637923963238736,1
51,52,3,within,unwitnessed,1,57,seen2,380,4,12,0.14285714285714288,285.9784459998714,0.2316547313830734,0.9489672576827846,1
58,65,4,cross,witnessed,0,57,seen2,380,4,12,0.0,0.36209150808745993,0.9975677930102068,0.004868322572947365,0
59,66,4,cross,witnessed,0,57,seen2,380,4,12,0.0,0.3620915080874598,0.9977962904949662,0.0044087652993639115,0
58,59,4,within,witnessed,0,57,seen2,380,4,12,0.0,1.619553253141608,0.9992788997353259,0.001490446949725978,0
65,66,4,within,witnessed,0,57,seen2,380,4,12,0.0,1.51194989568156,0.9992428289727073,0.0015475316298367708,0
72,79,5,cross,witnessed,0,57,seen2,380,4,12,0.0,0.3620915080874598,0.99663069015612,0.00691688551159374,0
73,80,5,cross,witnessed,0,57,seen2,380,4,12,0.0,0.3620915080874598,0.9980726160513629,0.0039070754821948946,0
72,73,5,within,witnessed,0,57,seen2,380,4,12,0.0,1.6195532531416061,0.9995965693447921,0.000811129080190034,0
79,80,5,within,witnessed,0,57,seen2,380,4,12,0.0,1.5119498956815585,0.9995781553189039,0.0008568754324827969,0
86,93,6,cross,unwitnessed,0,57,seen2,380,4,12,1.5407439555097887e-33,0.3620940524716616,0.9976812083784994,0.004707987590547445,0
87,94,6,cross,unwitnessed,0,57,seen2,380,4,12,2.465190328815662e-32,0.3620940524716474,0.9976311182189288,0.004781720200446805,0
86,87,6,within,unwitnessed,1,57,seen2,380,4,12,0.14285714285714293,285.97844599987144,0.07502457016988025,1.0150375728018757,1
93,94,6,within,unwitnessed,1,57,seen2,380,4,12,0.14285714285714288,285.9784459998714,0.14259395013124795,0.9846136563065433,1
100,107,7,cross,witnessed,0,57,seen2,380,4,12,0.0,0.36209150808745993,0.9983924029518838,0.003285274503119022,0
101,108,7,cross,witnessed,0,57,seen2,380,4,12,0.0,0.36209150808745993,0.9979069359202513,0.004182930977238692,0
100,101,7,within,witnessed,0,57,seen2,380,4,12,0.0,1.619553253141608,0.9996657100666752,0.0006799459943555181,0
107,108,7,within,witnessed,0,57,seen2,380,4,12,0.0,1.5119498956815591,0.9997202946302123,0.0005725220519253365,0
2,9,0,cross,unwitnessed,0,58,seen2,380,4,12,0.0,0.3620940524716474,0.9982197291428776,0.003919908617148964,0
3,10,0,cross,unwitnessed,0,58,seen2,380,4,12,3.8518598887744717e-32,0.3620940524716616,0.9970088083547101,0.005979344179934504,0
2,3,0,within,unwitnessed,1,58,seen2,380,4,12,0.14285714285714293,285.9784459998442,0.20017004419292472,0.96172944006728,1
9,10,0,within,unwitnessed,1,58,seen2,380,4,12,0.14285714285714274,285.9784459998443,0.1778625519430172,0.9699512697874473,1
16,23,1,cross,unwitnessed,0,58,seen2,380,4,12,3.8518598887744717e-32,0.3620940524716474,0.9967297404117713,0.0065688661834965075,0
17,24,1,cross,unwitnessed,0,58,seen2,380,4,12,0.0,0.3620940524716332,0.9975330795585384,0.004928090903756806,0
16,17,1,within,unwitnessed,1,58,seen2,380,4,12,0.14285714285714274,285.97844599970784,0.029155898347124173,1.023885517736514,1
23,24,1,within,unwitnessed,1,58,seen2,380,4,12,0.14285714285714288,285.97844599970796,0.21670569351743157,0.953080224918312,1
30,37,2,cross,witnessed,0,58,seen2,380,4,12,0.0,0.3620915080874599,0.9975585259350176,0.005077769764338442,0
31,38,2,cross,witnessed,0,58,seen2,380,4,12,0.0,0.3620915080874599,0.9972433092518617,0.005545418776542158,0
30,31,2,within,witnessed,0,58,seen2,380,4,12,0.0,1.619553253141607,0.9996167840116611,0.0007929590817484306,0
37,38,2,within,witnessed,0,58,seen2,380,4,12,0.0,1.5119498956815591,0.9996216439918232,0.0007981303281662296,0
44,51,3,cross,witnessed,0,58,seen2,380,4,12,0.0,0.3620915080874598,0.9977295545934449,0.004619134684764273,0
45,52,3,cross,witnessed,0,58,seen2,380,4,12,0.0,0.36209150808745993,0.9976686303435436,0.0047263227096891085,0
44,45,3,within,witnessed,0,58,seen2,380,4,12,0.0,1.6195532531416075,0.9994747970826504,0.0010501909680287076,0
51,52,3,within,witnessed,0,58,seen2,380,4,12,0.0,1.5119498956815591,0.999507330318804,0.00098512306413259,0
58,65,4,cross,witnessed,0,58,seen2,380,4,12,0.0,0.36209150808745993,0.9979091542294005,0.004411368070968487,0
59,66,4,cross,witnessed,0,58,seen2,380,4,12,0.0,0.3620915080874598,0.9971435552542086,0.005810377206970184,0
58,59,4,within,witnessed,0,58,seen2,380,4,12,0.0,1.619553253141608,0.9995465415570626,0.0009238450005994976,0
65,66,4,within,witnessed,0,58,seen2,380,4,12,0.0,1.51194989568156,0.9995357548801416,0.0009285201158260658,0
72,79,5,cross,witnessed,0,58,seen2,380,4,12,0.0,0.3620915080874598,0.9983609118594772,0.0033255738001073637,0
73,80,5,cross,witnessed,0,58,seen2,380,4,12,0.0,0.3620915080874598,0.9979125758661368,0.004298780587304708,0
72,73,5,within,witnessed,0,58,seen2,380,4,12,0.0,1.6195532531416061,0.9996728127317256,0.0006682445587365865,0
79,80,5,within,witnessed,0,58,seen2,380,4,12,0.0,1.5119498956815585,0.9996659361469191,0.000668460233830372,0
86,93,6,cross,unwitnessed,0,58,seen2,380,4,12,1.5407439555097887e-33,0.3620940524716616,0.9984153669597476,0.0033599029094815206,0
87,94,6,cross,unwitnessed,0,58,seen2,380,4,12,2.465190328815662e-32,0.3620940524716474,0.9978916855226029,0.0045192445292757105,0
86,87,6,within,unwitnessed,1,58,seen2,380,4,12,0.14285714285714293,285.97844599987144,0.05503576031222492,1.0135168017573966,1
93,94,6,within,unwitnessed,1,58,seen2,380,4,12,0.14285714285714288,285.9784459998714,0.15197041892248578,0.9772825278458035,1
100,107,7,cross,unwitnessed,0,58,seen2,380,4,12,1.2480026039629288e-31,0.3620940524716616,0.9984800571379242,0.0030400138466961982,0
101,108,7,cross,unwitnessed,0,58,seen2,380,4,12,2.465190328815662e-32,0.3620940524716474,0.9981234376364533,0.003785911682579728,0
100,101,7,within,unwitnessed,1,58,seen2,380,4,12,0.14285714285714274,285.97844599987144,0.3281699515865407,0.9005222247963914,1
107,108,7,within,unwitnessed,1,58,seen2,380,4,12,0.14285714285714288,285.9784459998714,0.13545059515321714,0.9870830327987858,1
2,9,0,cross,unwitnessed,0,59,seen2,380,4,12,0.0,0.3620940524716474,0.9974554853604294,0.005113054396477648,0
3,10,0,cross,unwitnessed,0,59,seen2,380,4,12,3.8518598887744717e-32,0.3620940524716616,0.9971221315403764,0.005874547610799874,0
2,3,0,within,unwitnessed,1,59,seen2,380,4,12,0.14285714285714293,285.9784459998442,-0.08132745798656708,1.0738202851939975,1
9,10,0,within,unwitnessed,1,59,seen2,380,4,12,0.14285714285714274,285.9784459998443,0.138402687189692,0.9859283118092725,1
16,23,1,cross,witnessed,0,59,seen2,380,4,12,0.0,0.3620915080874599,0.9982782613723828,0.003454383743346223,0
17,24,1,cross,witnessed,0,59,seen2,380,4,12,0.0,0.36209150808745993,0.997363271023578,0.005432704412422306,0
16,17,1,within,witnessed,0,59,seen2,380,4,12,0.0,1.619553253141607,0.99951574404834,0.0009685882293303617,0
23,24,1,within,witnessed,0,59,seen2,380,4,12,0.0,1.5119498956815591,0.9995768070493568,0.0008732073562169535,0
30,37,2,cross,witnessed,0,59,seen2,380,4,12,0.0,0.3620915080874599,0.9975422082217114,0.004914532119482976,0
31,38,2,cross,witnessed,0,59,seen2,380,4,12,0.0,0.3620915080874599,0.9975260009117595,0.00503591880107561,0
30,31,2,within,witnessed,0,59,seen2,380,4,12,0.0,1.619553253141607,0.9994660768870585,0.0010943368981956505,0
37,38,2,within,witnessed,0,59,seen2,380,4,12,0.0,1.5119498956815591,0.9994677225972007,0.0011131052606154815,0
44,51,3,cross,witnessed,0,59,seen2,380,4,12,0.0,0.3620915080874598,0.9983825832123338,0.0032939620506771236,0
45,52,3,cross,witnessed,0,59,seen2,380,4,12,0.0,0.36209150808745993,0.9978575343671736,0.004363224165449194,0
44,45,3,within,witnessed,0,59,seen2,380,4,12,0.0,1.6195532531416075,0.9995030071223271,0.001001918127619698,0
51,52,3,within,witnessed,0,59,seen2,380,4,12,0.0,1.5119498956815591,0.9995211681495686,0.0009586686266401318,0
58,65,4,cross,witnessed,0,59,seen2,380,4,12,0.0,0.36209150808745993,0.9979663157625814,0.004129959445603931,0
59,66,4,cross,witnessed,0,59,seen2,380,4,12,0.0,0.3620915080874598,0.9971741076832862,0.005644246247474831,0
58,59,4,within,witnessed,0,59,seen2,380,4,12,0.0,1.619553253141608,0.9996501215248169,0.000715688457088444,0
65,66,4,within,witnessed,0,59,seen2,380,4,12,0.0,1.51194989568156,0.9996172351978385,0.0007657920567283035,0
72,79,5,cross,unwitnessed,0,59,seen2,380,4,12,3.8518598887744717e-32,0.3620940524716332,0.9968103312069929,0.006369261673771889,0
73,80,5,cross,unwitnessed,0,59,seen2,380,4,12,0.0,0.3620940524716332,0.9982855386930058,0.00343349479706858,0
72,73,5,within,unwitnessed,1,59,seen2,380,4,12,0.14285714285714274,285.97844599961695,0.04392730207938021,1.0292105371563607,1
79,80,5,within,unwitnessed,1,59,seen2,380,4,12,0.14285714285714288,285.978445999617,0.3053640567326237,0.9152083777389263,1
86,93,6,cross,unwitnessed,0,59,seen2,380,4,12,1.5407439555097887e-33,0.3620940524716616,0.9985596107320643,0.002908284672192979,0
87,94,6,cross,unwitnessed,0,59,seen2,380,4,12,2.465190328815662e-32,0.3620940524716474,0.9980459764696378,0.003947520709919858,0
86,87,6,within,unwitnessed,1,59,seen2,380,4,12,0.14285714285714293,285.97844599987144,0.1174405507039426,0.9955433061780125,1
93,94,6,within,unwitnessed,1,59,seen2,380,4,12,0.14285714285714288,285.9784459998714,0.23937986393526248,0.9439690220180318,1
100,107,7,cross,unwitnessed,0,59,seen2,380,4,12,1.2480026039629288e-31,0.3620940524716616,0.9976510185906928,0.004850622888430829,0
101,108,7,cross,unwitnessed,0,59,seen2,380,4,12,2.465190328815662e-32,0.3620940524716474,0.9985863053783423,0.0028441170412796947,0
100,101,7,within,unwitnessed,1,59,seen2,380,4,12,0.14285714285714274,285.97844599987144,0.5215237853359201,0.8182611332278207,1
107,108,7,within,unwitnessed,1,59,seen2,380,4,12,0.14285714285714288,285.9784459998714,0.07500016299201297,1.0092555810219344,1
2,9,0,cross,witnessed,0,60,seen2,380,4,12,0.0,0.36209150808746,0.9977776026986585,0.004466916893984764,0
3,10,0,cross,witnessed,0,60,seen2,380,4,12,0.0,0.3620915080874599,0.9989387802908579,0.002129645295785376,0
2,3,0,within,witnessed,0,60,seen2,380,4,12,0.0,1.6195532531416101,0.999631426287284,0.0007391823336668129,0
9,10,0,within,witnessed,0,60,seen2,380,4,12,0.0,1.5119498956815618,0.9997129003977938,0.0005755834181750464,0
16,23,1,cross,unwitnessed,0,60,seen2,380,4,12,3.8518598887744717e-32,0.3620940524716474,0.9971297417551889,0.005929817164273573,0
17,24,1,cross,unwitnessed,0,60,seen2,380,4,12,0.0,0.3620940524716332,0.9976443434114862,0.004779386829581295,0
16,17,1,within,unwitnessed,1,60,seen2,380,4,12,0.14285714285714274,285.97844599970784,0.1801931402886421,0.9675485254976628,1
23,24,1,within,unwitnessed,1,60,seen2,380,4,12,0.14285714285714288,285.97844599970796,0.2389912495335775,0.948615037590796,1
30,37,2,cross,witnessed,0,60,seen2,380,4,12,0.0,0.3620915080874599,0.9978500967804993,0.004317650416552801,0
31,38,2,cross,witnessed,0,60,seen2,380,4,12,0.0,0.3620915080874599,0.998221423457296,0.003640657974500942,0
30,31,2,within,witnessed,0,60,seen2,380,4,12,0.0,1.619553253141607,0.9996138537063708,0.000776546783021783,0
37,38,2,within,witnessed,0,60,seen2,380,4,12,0.0,1.5119498956815591,0.999740935567972,0.0005185250412080651,0
44,51,3,cross,unwitnessed,0,60,seen2,380,4,12,3.8518598887744717e-32,0.3620940524716616,0.997522959231485,0.0049725274279400255,0
45,52,3,cross,unwitnessed,0,60,seen2,380,4,12,0.0,0.3620940524716474,0.9977537489300564,0.0045593879508925225,0
44,45,3,within,unwitnessed,1,60,seen2,380,4,12,0.14285714285714274,285.97844599987144,0.279301455520553,0.9339152970826322,1
51,52,3,within,unwitnessed,1,60,seen2,380,4,12,0.14285714285714288,285.9784459998714,0.06992330312236299,1.0183039651037804,1
58,65,4,cross,unwitnessed,0,60,seen2,380,4,12,0.0,0.3620940524716616,0.9979195995959909,0.004430249476119911,0
59,66,4,cross,unwitnessed,0,60,seen2,380,4,12,3.8518598887744717e-32,0.3620940524716758,0.9983177763638803,0.003404253810671506,0
58,59,4,within,unwitnessed,1,60,seen2,380,4,12,0.14285714285714293,285.9784459998442,0.16657135043641902,0.9740796587607059,1
65,66,4,within,unwitnessed,1,60,seen2,380,4,12,0.14285714285714274,285.97844599984427,0.23587600134422254,0.9486484437558113,1
72,79,5,cross,witnessed,0,60,seen2,380,4,12,0.0,0.3620915080874598,0.997255323904536,0.005593517078649009,0
73,80,5,cross,witnessed,0,60,seen2,380,4,12,0.0,0.3620915080874598,0.9973070797921288,0.005515295862895888,0
72,73,5,within,witnessed,0,60,seen2,380,4,12,0.0,1.6195532531416061,0.9991234170271013,0.001754263663329066,0
79,80,5,within,witnessed,0,60,seen2,380,4,12,0.0,1.5119498956815585,0.9994485444619603,0.0011036825619052315,0
86,93,6,cross,unwitnessed,0,60,seen2,380,4,12,1.5407439555097887e-33,0.3620940524716616,0.9967709969546726,0.00751830753381201,0
87,94,6,cross,unwitnessed,0,60,seen2,380,4,12,2.465190328815662e-32,0.3620940524716474,0.9980312376660109,0.004099103400406323,0
86,87,6,within,unwitnessed,1,60,seen2,380,4,12,0.14285714285714293,285.97844599987144,0.0810379655867358,1.0106595231303568,1
93,94,6,within,unwitnessed,1,60,seen2,380,4,12,0.14285714285714288,285.9784459998714,0.27213304598246507,0.92630672268308,1
100,107,7,cross,witnessed,0,60,seen2,380,4,12,0.0,0.36209150808745993,0.9977350416855167,0.004572540159510874,0
101,108,7,cross,witnessed,0,60,seen2,380,4,12,0.0,0.36209150808745993,0.9976989909821652,0.004713656120814582,0
100,101,7,within,witnessed,0,60,seen2,380,4,12,0.0,1.619553253141608,0.9995533534609947,0.001027511806850968,0
107,108,7,within,witnessed,0,60,seen2,380,4,12,0.0,1.5119498956815591,0.9996074678176241,0.0008978674237654743,0
2,9,0,cross,unwitnessed,0,61,seen2,380,4,12,0.0,0.3620940524716474,0.9980840209113768,0.0038338365292517216,0
3,10,0,cross,unwitnessed,0,61,seen2,380,4,12,3.8518598887744717e-32,0.3620940524716616,0.9986988250902562,0.0026039870822734995,0
2,3,0,within,unwitnessed,1,61,seen2,380,4,12,0.14285714285714293,285.9784459998442,0.24877947627639332,0.9381094623648503,1
9,10,0,within,unwitnessed,1,61,seen2,380,4,12,0.14285714285714274,285.9784459998443,0.29962095608477096,0.9147611623892447,1
16,23,1,cross,witnessed,0,61,seen2,380,4,12,0.0,0.3620915080874599,0.9984535030066527,0.0030919837971040243,0
17,24,1,cross,witnessed,0,61,seen2,380,4,12,0.0,0.36209150808745993,0.9966770681272604,0.00664141550784028,0
16,17,1,within,witnessed,0,61,seen2,380,4,12,0.0,1.619553253141607,0.999574194683164,0.0008847492227990827,0
23,24,1,within,witnessed,0,61,seen2,380,4,12,0.0,1.5119498956815591,0.999651553142906,0.0007186456996849763,0
30,37,2,cross,unwitnessed,0,61,seen2,380,4,12,0.0,0.3620940524716616,0.9972778477135433,0.005543492680347522,0
31,38,2,cross,unwitnessed,0,61,seen2,380,4,12,1.3866695599588098e-32,0.3620940524716474,0.9982621903584415,0.003521138901374862,0
30,31,2,within,unwitnessed,1,61,seen2,380,4,12,0.14285714285714293,285.97844599987144,0.11541227296651477,0.9939809297217096,1
37,38,2,within,unwitnessed,1,61,seen2,380,4,12,0.14285714285714288,285.9784459998714,0.23123153191383364,0.9517655877901824,1
44,51,3,cross,witnessed,0,61,seen2,380,4,12,0.0,0.3620915080874598,0.9966738963828806,0.006878127620693534,0
45,52,3,cross,witnessed,0,61,seen2,380,4,12,0.0,0.36209150808745993,0.9978899573535381,0.004215782393307716,0
44,45,3,within,witnessed,0,61,seen2,380,4,12,0.0,1.6195532531416075,0.9995586986341896,0.0008864674282681233,0
51,52,3,within,witnessed,0,61,seen2,380,4,12,0.0,1.5119498956815591,0.9995670272392435,0.0008692354438817205,0
58,65,4,cross,witnessed,0,61,seen2,380,4,12,0.0,0.36209150808745993,0.997748070728731,0.0045347690223531125,0
59,66,4,cross,witnessed,0,61,seen2,380,4,12,0.0,0.3620915080874598,0.9974255623463045,0.005156073210797908,0
58,59,4,within,witnessed,0,61,seen2,380,4,12,0.0,1.619553253141608,0.9996831161600835,0.0006336728625347264,0
65,66,4,within,witnessed,0,61,seen2,380,4,12,0.0,1.51194989568156,0.9997368431624613,0.0005312799400159062,0
72,79,5,cross,unwitnessed,0,61,seen2,380,4,12,3.8518598887744717e-32,0.3620940524716332,0.9978253628146818,0.00439565905298197,0
73,80,5,cross,unwitnessed,0,61,seen2,380,4,12,0.0,0.3620940524716332,0.9972723913504742,0.005462801085768502,0
72,73,5,within,unwitnessed,1,61,seen2,380,4,12,0.14285714285714274,285.97844599961695,0.05286732674112081,1.0110600521009376,1
79,80,5,within,unwitnessed,1,61,seen2,380,4,12,0.14285714285714288,285.978445999617,0.22047152440144266,0.9524585362883493,1
86,93,6,cross,witnessed,0,61,seen2,380,4,12,0.0,0.36209150808746,0.9973029352070404,0.005407463337227895,0
87,94,6,cross,witnessed,0,61,seen2,380,4,12,0.0,0.36209150808746,0.9974277157130114,0.005212402423193526,0
86,87,6,within,witnessed,0,61,seen2,380,4,12,0.0,1.619553253141608,0.9994856985433568,0.0010297917060087239,0
93,94,6,within,witnessed,0,61,seen2,380,4,12,0.0,1.5119498956815596,0.9995525753275152,0.0008996985069521897,0
100,107,7,cross,unwitnessed,0,61,seen2,380,4,12,1.2480026039629288e-31,0.3620940524716616,0.9977390878261607,0.004534761922369378,0
101,108,7,cross,unwitnessed,0,61,seen2,380,4,12,2.465190328815662e-32,0.3620940524716474,0.9985726803347291,0.002867783293986604,0
100,101,7,within,unwitnessed,1,61,seen2,380,4,12,0.14285714285714274,285.97844599987144,0.2311772035106415,0.9483444902258381,1
107,108,7,within,unwitnessed,1,61,seen2,380,4,12,0.14285714285714288,285.9784459998714,0.06368899599069808,1.0177163941920868,1
2,9,0,cross,unwitnessed,0,62,seen2,380,4,12,0.0,0.3620940524716474,0.9976386598873879,0.004718544385056359,0
3,10,0,cross,unwitnessed,0,62,seen2,380,4,12,3.8518598887744717e-32,0.3620940524716616,0.9970392761240032,0.006059177565507905,0
2,3,0,within,unwitnessed,1,62,seen2,380,4,12,0.14285714285714293,285.9784459998442,0.34048069018070154,0.9146712581977656,1
9,10,0,within,unwitnessed,1,62,seen2,380,4,12,0.14285714285714274,285.9784459998443,0.23126561333312046,0.9481486348372052,1
16,23,1,cross,witnessed,0,62,seen2,380,4,12,0.0,0.3620915080874599,0.9978862671648525,0.004276895363856637,0
17,24,1,cross,witnessed,0,62,seen2,380,4,12,0.0,0.36209150808745993,0.9965611634019403,0.006899411649758938,0
16,17,1,within,witnessed,0,62,seen2,380,4,12,0.0,1.619553253141607,0.9996190036977406,0.0007687103305016305,0
23,24,1,within,witnessed,0,62,seen2,380,4,12,0.0,1.5119498956815591,0.9996396801811372,0.0007280290263083764,0
30,37,2,cross,unwitnessed,0,62,seen2,380,4,12,0.0,0.3620940524716616,0.9978333399999646,0.004337239940438358,0
31,38,2,cross,unwitnessed,0,62,seen2,380,4,12,1.3866695599588098e-32,0.3620940524716474,0.9978633472987087,0.004363291106568046,0
30,31,2,within,unwitnessed,1,62,seen2,380,4,12,0.14285714285714293,285.97844599987144,0.1377105945129614,0.9819632027957638,1
37,38,2,within,unwitnessed,1,62,seen2,380,4,12,0.14285714285714288,285.9784459998714,0.22708900712405405,0.9487933032164377,1
44,51,3,cross,unwitnessed,0,62,seen2,380,4,12,3.8518598887744717e-32,0.3620940524716616,0.9980421310836677,0.003986454125722967,0
45,52,3,cross,unwitnessed,0,62,seen2,380,4,12,0.0,0.3620940524716474,0.9967687858503025,0.006638513441835764,0
44,45,3,within,unwitnessed,1,62,seen2,380,4,12,0.14285714285714274,285.97844599987144,0.109373805565741,0.9899655906481347,1
51,52,3,within,unwitnessed,1,62,seen2,380,4,12,0.14285714285714288,285.9784459998714,0.24919587166568724,0.947400929697196,1
58,65,4,cross,witnessed,0,62,seen2,380,4,12,0.0,0.36209150808745993,0.9975252904066163,0.005085040232918123,0
59,66,4,cross,witnessed,0,62,seen2,380,4,12,0.0,0.3620915080874598,0.9983292649121411,0.0033446646552021076,0
58,59,4,within,witnessed,0,62,seen2,380,4,12,0.0,1.619553253141608,0.9995630583713829,0.0008956861689956057,0
65,66,4,within,witnessed,0,62,seen2,380,4,12,0.0,1.51194989568156,0.9996693671472239,0.0006756334839565856,0
72,79,5,cross,witnessed,0,62,seen2,380,4,12,0.0,0.3620915080874598,0.9972822587584514,0.005667579735588917,0
73,80,5,cross,witnessed,0,62,seen2,380,4,12,0.0,0.3620915080874598,0.9972507917675312,0.0054914946777790555,0
72,73,5,within,witnessed,0,62,seen2,380,4,12,0.0,1.6195532531416061,0.9996518537505525,0.0006980082567910991,0
79,80,5,within,witnessed,0,62,seen2,380,4,12,0.0,1.5119498956815585,0.9995988209132088,0.0008068385328963227,0
86,93,6,cross,witnessed,0,62,seen2,380,4,12,0.0,0.36209150808746,0.9978376220003728,0.0044063860727646354,0
87,94,6,cross,witnessed,0,62,seen2,380,4,12,0.0,0.36209150808746,0.9984752124531882,0.0032929273732665194,0
86,87,6,within,witnessed,0,62,seen2,380,4,12,0.0,1.619553253141608,0.9993922932424929,0.0012219002368103985,0
93,94,6,within,witnessed,0,62,seen2,380,4,12,0.0,1.5119498956815596,0.9994264587893921,0.0011576950460079592,0
100,107,7,cross,unwitnessed,0,62,seen2,380,4,12,1.2480026039629288e-31,0.3620940524716616,0.9980431797817373,0.00391814056700943,0
101,108,7,cross,unwitnessed,0,62,seen2,380,4,12,2.465190328815662e-32,0.3620940524716474,0.9963484012139908,0.007413077383409568,0
100,101,7,within,unwitnessed,1,62,seen2,380,4,12,0.14285714285714274,285.97844599987144,0.12103167920673055,0.991529824055305,1
107,108,7,within,unwitnessed,1,62,seen2,380,4,12,0.14285714285714288,285.9784459998714,0.4674081566983223,0.8481870278807123,1
2,9,0,cross,witnessed,0,63,seen2,380,4,12,0.0,0.36209150808746,0.9984353473095278,0.0031306274207943104,0
3,10,0,cross,witnessed,0,63,seen2,380,4,12,0.0,0.3620915080874599,0.9978241640911112,0.004347511349985314,0
2,3,0,within,witnessed,0,63,seen2,380,4,12,0.0,1.6195532531416101,0.9995028998893841,0.0010302981561326392,0
9,10,0,within,witnessed,0,63,seen2,380,4,12,0.0,1.5119498956815618,0.9995747748223097,0.0009125031375569215,0
16,23,1,cross,witnessed,0,63,seen2,380,4,12,0.0,0.3620915080874599,0.9977187092156932,0.004571143454334768,0
17,24,1,cross,witnessed,0,63,seen2,380,4,12,0.0,0.36209150808745993,0.9978699476825116,0.004282135637283283,0
16,17,1,within,witnessed,0,63,seen2,380,4,12,0.0,1.619553253141607,0.9994653155433277,0.0010916075702302834,0
23,24,1,within,witnessed,0,63,seen2,380,4,12,0.0,1.5119498956815591,0.9995850473942206,0.0008421357480830926,0
30,37,2,cross,unwitnessed,0,63,seen2,380,4,12,0.0,0.3620940524716616,0.9978094935238716,0.004382996675530021,0
31,38,2,cross,unwitnessed,0,63,seen2,380,4,12,1.3866695599588098e-32,0.3620940524716474,0.9976113736675037,0.004773175748040957,0
30,31,2,within,unwitnessed,1,63,seen2,380,4,12,0.14285714285714293,285.97844599987144,0.10523250801188341,0.9946910419856522,1
37,38,2,within,unwitnessed,1,63,seen2,380,4,12,0.14285714285714288,285.9784459998714,0.045661681325697735,1.0246462556785145,1
44,51,3,cross,witnessed,0,63,seen2,380,4,12,0.0,0.3620915080874598,0.9977023018746373,0.004605211077293258,0
45,52,3,cross,witnessed,0,63,seen2,380,4,12,0.0,0.36209150808745993,0.99780514318636,0.004445007511326513,0
44,45,3,within,witnessed,0,63,seen2,380,4,12,0.0,1.6195532531416075,0.9995043130426071,0.0009912634411655043,0
51,52,3,within,witnessed,0,63,seen2,380,4,12,0.0,1.5119498956815591,0.9994945538152897,0.0010113389614544983,0
58,65,4,cross,witnessed,0,63,seen2,380,4,12,0.0,0.36209150808745993,0.9986704252056124,0.0026783511235751608,0
59,66,4,cross,witnessed,0,63,seen2,380,4,12,0.0,0.3620915080874598,0.9982096567945994,0.003650365294826084,0
58,59,4,within,witnessed,0,63,seen2,380,4,12,0.0,1.619553253141608,0.999628885501076,0.0007455687412469082,0
65,66,4,within,witnessed,0,63,seen2,380,4,12,0.0,1.51194989568156,0.9997542055278641,0.0005030374714650382,0
72,79,5,cross,unwitnessed,0,63,seen2,380,4,12,3.8518598887744717e-32,0.3620940524716332,0.9974880483532946,0.005087407290180173,0
73,80,5,cross,unwitnessed,0,63,seen2,380,4,12,0.0,0.3620940524716332,0.9975820566821728,0.004871214886371168,0
72,73,5,within,unwitnessed,1,63,seen2,380,4,12,0.14285714285714274,285.97844599961695,0.2215960014290694,0.9510039425059429,1
79,80,5,within,unwitnessed,1,63,seen2,380,4,12,0.14285714285714288,285.978445999617,0.3626234206032452,0.8961132039329126,1
86,93,6,cross,unwitnessed,0,63,seen2,380,4,12,1.5407439555097887e-33,0.3620940524716616,0.9981695576894418,0.0036613198917842303,0
87,94,6,cross,unwitnessed,0,63,seen2,380,4,12,2.465190328815662e-32,0.3620940524716474,0.9977293120640797,0.004740119961209519,0
86,87,6,within,unwitnessed,1,63,seen2,380,4,12,0.14285714285714293,285.97844599987144,0.15429175648862506,0.9762693258000696,1
93,94,6,within,unwitnessed,1,63,seen2,380,4,12,0.14285714285714288,285.9784459998714,0.193883560951412,0.9632993038257444,1
100,107,7,cross,unwitnessed,0,63,seen2,380,4,12,1.2480026039629288e-31,0.3620940524716616,0.9985109180645498,0.0029787723994975797,0
101,108,7,cross,unwitnessed,0,63,seen2,380,4,12,2.465190328815662e-32,0.3620940524716474,0.9979886498423198,0.004424727695153441,0
100,101,7,within,unwitnessed,1,63,seen2,380,4,12,0.14285714285714274,285.97844599987144,0.07244705774815582,1.0165896253142088,1
107,108,7,within,unwitnessed,1,63,seen2,380,4,12,0.14285714285714288,285.9784459998714,0.14264007114740665,0.9811455827745708,1
2,9,0,cross,witnessed,0,64,seen2,380,4,12,0.0,0.36209150808746,0.9978740192523459,0.004596658386307734,0
3,10,0,cross,witnessed,0,64,seen2,380,4,12,0.0,0.3620915080874599,0.9972876692891599,0.00543076657135197,0
2,3,0,within,witnessed,0,64,seen2,380,4,12,0.0,1.6195532531416101,0.9997213648392691,0.0005625838999172882,0
9,10,0,within,witnessed,0,64,seen2,380,4,12,0.0,1.5119498956815618,0.9997175880823224,0.0005680543510018823,0
16,23,1,cross,unwitnessed,0,64,seen2,380,4,12,3.8518598887744717e-32,0.3620940524716474,0.997903398468466,0.004330790653487009,0
17,24,1,cross,unwitnessed,0,64,seen2,380,4,12,0.0,0.3620940524716332,0.9984356359146428,0.003299044307482146,0
16,17,1,within,unwitnessed,1,64,seen2,380,4,12,0.14285714285714274,285.97844599970784,0.34686019090289566,0.8993154069746431,1
23,24,1,within,unwitnessed,1,64,seen2,380,4,12,0.14285714285714288,285.97844599970796,0.12215727344103311,0.9859247535292724,1
30,37,2,cross,witnessed,0,64,seen2,380,4,12,0.0,0.3620915080874599,0.9973617038704399,0.005307551138955852,0
31,38,2,cross,witnessed,0,64,seen2,380,4,12,0.0,0.3620915080874599,0.9975919585805195,0.004821472869062688,0
30,31,2,within,witnessed,0,64,seen2,380,4,12,0.0,1.619553253141607,0.999537483060696,0.0009453654419660256,0
37,38,2,within,witnessed,0,64,seen2,380,4,12,0.0,1.5119498956815591,0.9994534725493341,0.001103105070303252,0
44,51,3,cross,unwitnessed,0,64,seen2,380,4,12,3.8518598887744717e-32,0.3620940524716616,0.9967567876319475,0.00650067979671352,0
45,52,3,cross,unwitnessed,0,64,seen2,380,4,12,0.0,0.3620940524716474,0.9976462201022999,0.0050011685204977155,0
44,45,3,within,unwitnessed,1,64,seen2,380,4,12,0.14285714285714274,285.97844599987144,0.24639273415101318,0.9409935150395186,1
51,52,3,within,unwitnessed,1,64,seen2,380,4,12,0.14285714285714288,285.9784459998714,0.43090481710162976,0.8579032576651355,1
58,65,4,cross,witnessed,0,64,seen2,380,4,12,0.0,0.36209150808745993,0.9979680331288581,0.004177594258309037,0
59,66,4,cross,witnessed,0,64,seen2,380,4,12,0.0,0.3620915080874598,0.9966301648662703,0.007040911360759434,0
58,59,4,within,witnessed,0,64,seen2,380,4,12,0.0,1.619553253141608,0.9996637575200503,0.0006729824739242178,0
65,66,4,within,witnessed,0,64,seen2,380,4,12,0.0,1.51194989568156,0.9996792348290748,0.0006414844566947903,0
72,79,5,cross,unwitnessed,0,64,seen2,380,4,12,3.8518598887744717e-32,0.3620940524716332,0.9978610371461367,0.004288632161610976,0
73,80,5,cross,unwitnessed,0,64,seen2,380,4,12,0.0,0.3620940524716332,0.9988965617364995,0.0022591869687365114,0
72,73,5,within,unwitnessed,1,64,seen2,380,4,12,0.14285714285714274,285.97844599961695,0.2249709265093891,0.949858385121189,1
79,80,5,within,unwitnessed,1,64,seen2,380,4,12,0.14285714285714288,285.978445999617,0.180024332603623,0.9711295081702658,1
86,93,6,cross,unwitnessed,0,64,seen2,380,4,12,1.5407439555097887e-33,0.3620940524716616,0.9979496979134852,0.0042223593130056745,0
87,94,6,cross,unwitnessed,0,64,seen2,380,4,12,2.465190328815662e-32,0.3620940524716474,0.9978859396933434,0.004383067443297784,0
86,87,6,within,unwitnessed,1,64,seen2,380,4,12,0.14285714285714293,285.97844599987144,0.21669139706359228,0.9532178447212949,1
93,94,6,within,unwitnessed,1,64,seen2,380,4,12,0.14285714285714288,285.9784459998714,0.25846333793246434,0.9360269131430828,1
100,107,7,cross,witnessed,0,64,seen2,380,4,12,0.0,0.36209150808745993,0.9977433589349874,0.004512687279593199,0
101,108,7,cross,witnessed,0,64,seen2,380,4,12,0.0,0.36209150808745993,0.9978490512932636,0.00442235382581222,0
100,101,7,within,witnessed,0,64,seen2,380,4,12,0.0,1.619553253141608,0.9995048375425587,0.0010092319922173037,0
107,108,7,within,witnessed,0,64,seen2,380,4,12,0.0,1.5119498956815591,0.9993506595012512,0.0013497364965728282,0
2,9,0,cross,witnessed,0,65,seen2,380,4,12,0.0,0.36209150808746,0.9988399788493425,0.002657524699261751,0
3,10,0,cross,witnessed,0,65,seen2,380,4,12,0.0,0.3620915080874599,0.9981320056622256,0.0037995597014000874,0
2,3,0,within,witnessed,0,65,seen2,380,4,12,0.0,1.6195532531416101,0.9996077008402088,0.0007886977889286356,0
9,10,0,within,witnessed,0,65,seen2,380,4,12,0.0,1.5119498956815618,0.999555998570924,0.0008931073468461455,0
16,23,1,cross,witnessed,0,65,seen2,380,4,12,0.0,0.3620915080874599,0.9963713941576292,0.007532040391685574,0
17,24,1,cross,witnessed,0,65,seen2,380,4,12,0.0,0.36209150808745993,0.9970749909254764,0.005858800323043117,0
16,17,1,within,witnessed,0,65,seen2,380,4,12,0.0,1.619553253141607,0.9997128126352463,0.0005790831884887762,0
23,24,1,within,witnessed,0,65,seen2,380,4,12,0.0,1.5119498956815591,0.9997144707913577,0.0005712010337855729,0
30,37,2,cross,unwitnessed,0,65,seen2,380,4,12,0.0,0.3620940524716616,0.9963577336496819,0.007565786065505147,0
31,38,2,cross,unwitnessed,0,65,seen2,380,4,12,1.3866695599588098e-32,0.3620940524716474,0.9979398615785828,0.004136733217070786,0
30,31,2,within,unwitnessed,1,65,seen2,380,4,12,0.14285714285714293,285.97844599987144,0.2231116935708478,0.9511753160926755,1
37,38,2,within,unwitnessed,1,65,seen2,380,4,12,0.14285714285714288,285.9784459998714,0.15159187613143063,0.9782884310211925,1
44,51,3,cross,witnessed,0,65,seen2,380,4,12,0.0,0.3620915080874598,0.9979670924828364,0.00417998420172552,0
45,52,3,cross,witnessed,0,65,seen2,380,4,12,0.0,0.36209150808745993,0.9984866050204126,0.0030976927356267947,0
44,45,3,within,witnessed,0,65,seen2,380,4,12,0.0,1.6195532531416075,0.999597058231981,0.0008060595635929374,0
51,52,3,within,witnessed,0,65,seen2,380,4,12,0.0,1.5119498956815591,0.9996718565866033,0.000656180141572088,0
58,65,4,cross,unwitnessed,0,65,seen2,380,4,12,0.0,0.3620940524716616,0.997529394434747,0.005113656800805278,0
59,66,4,cross,unwitnessed,0,65,seen2,380,4,12,3.8518598887744717e-32,0.3620940524716758,0.9979575748168694,0.004085991334577056,0
58,59,4,within,unwitnessed,1,65,seen2,380,4,12,0.14285714285714293,285.9784459998442,0.1758907380184277,0.9691604379934551,1
65,66,4,within,unwitnessed,1,65,seen2,380,4,12,0.14285714285714274,285.97844599984427,0.10932709089320562,0.9973477926687827,1
72,79,5,cross,witnessed,0,65,seen2,380,4,12,0.0,0.3620915080874598,0.9981354390516897,0.003832899564589141,0
73,80,5,cross,witnessed,0,65,seen2,380,4,12,0.0,0.3620915080874598,0.997921962014987,0.004288221533870017,0
72,73,5,within,witnessed,0,65,seen2,380,4,12,0.0,1.6195532531416061,0.9995033902171472,0.0009955402849632052,0
79,80,5,within,witnessed,0,65,seen2,380,4,12,0.0,1.5119498956815585,0.999538220743924,0.0009240488723000028,0
86,93,6,cross,unwitnessed,0,65,seen2,380,4,12,1.5407439555097887e-33,0.3620940524716616,0.997673664442484,0.004960472159030818,0
87,94,6,cross,unwitnessed,0,65,seen2,380,4,12,2.465190328815662e-32,0.3620940524716474,0.9978517239110096,0.004292985689774358,0
86,87,6,within,unwitnessed,1,65,seen2,380,4,12,0.14285714285714293,285.97844599987144,-0.012184514875138204,1.033814898573898,1
93,94,6,within,unwitnessed,1,65,seen2,380,4,12,0.14285714285714288,285.9784459998714,0.23857146180404412,0.9483178378804951,1
100,107,7,cross,unwitnessed,0,65,seen2,380,4,12,1.2480026039629288e-31,0.3620940524716616,0.9981550340385275,0.0038180310375508946,0
101,108,7,cross,unwitnessed,0,65,seen2,380,4,12,2.465190328815662e-32,0.3620940524716474,0.9974707122534237,0.005416427895640952,0
100,101,7,within,unwitnessed,1,65,seen2,380,4,12,0.14285714285714274,285.97844599987144,0.20505939870231638,0.9579624973754233,1
107,108,7,within,unwitnessed,1,65,seen2,380,4,12,0.14285714285714288,285.9784459998714,0.3489596265477635,0.899257049602761,1
2,9,0,cross,unwitnessed,0,66,seen2,380,4,12,0.0,0.3620940524716474,0.9979559301957065,0.004112967757376235,0
3,10,0,cross,unwitnessed,0,66,seen2,380,4,12,3.8518598887744717e-32,0.3620940524716616,0.9976916545810435,0.004643973934751707,0
2,3,0,within,unwitnessed,1,66,seen2,380,4,12,0.14285714285714293,285.9784459998442,0.0800084632620931,1.0015892714290997,1
9,10,0,within,unwitnessed,1,66,seen2,380,4,12,0.14285714285714274,285.9784459998443,0.24502282662979563,0.9446981702957842,1
16,23,1,cross,witnessed,0,66,seen2,380,4,12,0.0,0.3620915080874599,0.9964718313317653,0.007121028703170643,0
17,24,1,cross,witnessed,0,66,seen2,380,4,12,0.0,0.36209150808745993,0.9971228105006403,0.005831997920131707,0
16,17,1,within,witnessed,0,66,seen2,380,4,12,0.0,1.619553253141607,0.9995970832636117,0.0008467239677866155,0
23,24,1,within,witnessed,0,66,seen2,380,4,12,0.0,1.5119498956815591,0.9995450917920204,0.0009140593595032631,0
30,37,2,cross,unwitnessed,0,66,seen2,380,4,12,0.0,0.3620940524716616,0.9979176633090645,0.0043310256272617725,0
31,38,2,cross,unwitnessed,0,66,seen2,380,4,12,1.3866695599588098e-32,0.3620940524716474,0.9984525734620977,0.003122847323627734,0
30,31,2,within,unwitnessed,1,66,seen2,380,4,12,0.14285714285714293,285.97844599987144,0.12957452300228256,0.990821296944264,1
37,38,2,within,unwitnessed,1,66,seen2,380,4,12,0.14285714285714288,285.9784459998714,0.3702504388751869,0.8878474900772765,1
44,51,3,cross,witnessed,0,66,seen2,380,4,12,0.0,0.3620915080874598,0.9979955364640218,0.004044052591713298,0
45,52,3,cross,witnessed,0,66,seen2,380,4,12,0.0,0.36209150808745993,0.9981636567084322,0.0038528801260874165,0
44,45,3,within,witnessed,0,66,seen2,380,4,12,0.0,1.6195532531416075,0.9996588086674928,0.0006822900704684928,0
51,52,3,within,witnessed,0,66,seen2,380,4,12,0.0,1.5119498956815591,0.999739888226223,0.0005218224759602789,0
58,65,4,cross,witnessed,0,66,seen2,380,4,12,0.0,0.36209150808745993,0.9982672667741246,0.0034666335958163422,0
59,66,4,cross,witnessed,0,66,seen2,380,4,12,0.0,0.3620915080874598,0.9981001128206726,0.0038390062411128617,0
58,59,4,within,witnessed,0,66,seen2,380,4,12,0.0,1.619553253141608,0.9996586175060247,0.0006999882229987802,0
65,66,4,within,witnessed,0,66,seen2,380,4,12,0.0,1.51194989568156,0.9996681805753513,0.0006770173172137127,0
72,79,5,cross,witnessed,0,66,seen2,380,4,12,0.0,0.3620915080874598,0.997704125560445,0.00609298893510213,0
73,80,5,cross,witnessed,0,66,seen2,380,4,12,0.0,0.3620915080874598,0.9974875463947196,0.005270254739150024,0
72,73,5,within,witnessed,0,66,seen2,380,4,12,0.0,1.6195532531416061,0.9996592846475805,0.0006830676299258745,0
79,80,5,within,witnessed,0,66,seen2,380,4,12,0.0,1.5119498956815585,0.9997238222895399,0.0005561600494770025,0
86,93,6,cross,unwitnessed,0,66,seen2,380,4,12,1.5407439555097887e-33,0.3620940524716616,0.9970206034725142,0.00596522426425748,0
87,94,6,cross,unwitnessed,0,66,seen2,380,4,12,2.465190328815662e-32,0.3620940524716474,0.997373118178578,0.0052487588078664145,0
86,87,6,within,unwitnessed,1,66,seen2,380,4,12,0.14285714285714293,285.97844599987144,0.13411374812675134,0.9845469171291623,1
93,94,6,within,unwitnessed,1,66,seen2,380,4,12,0.14285714285714288,285.9784459998714,0.2950040624695664,0.9229932059781274,1
100,107,7,cross,unwitnessed,0,66,seen2,380,4,12,1.2480026039629288e-31,0.3620940524716616,0.9978865739346796,0.004273443555608316,0
101,108,7,cross,unwitnessed,0,66,seen2,380,4,12,2.465190328815662e-32,0.3620940524716474,0.9976336912949052,0.004808197926198353,0
100,101,7,within,unwitnessed,1,66,seen2,380,4,12,0.14285714285714274,285.97844599987144,0.45286981549376504,0.8544863888233913,1
107,108,7,within,unwitnessed,1,66,seen2,380,4,12,0.14285714285714288,285.9784459998714,0.21453898193232426,0.9542957939427158,1
2,9,0,cross,unwitnessed,0,67,seen2,380,4,12,0.0,0.3620940524716474,0.998335616170925,0.003347612616645871,0
3,10,0,cross,unwitnessed,0,67,seen2,380,4,12,3.8518598887744717e-32,0.3620940524716616,0.9982585430460528,0.0034964463802995304,0
2,3,0,within,unwitnessed,1,67,seen2,380,4,12,0.14285714285714293,285.9784459998442,0.07417406384814584,1.0010674002116853,1
9,10,0,within,unwitnessed,1,67,seen2,380,4,12,0.14285714285714274,285.9784459998443,0.23830497944498663,0.9441655332571907,1
16,23,1,cross,witnessed,0,67,seen2,380,4,12,0.0,0.3620915080874599,0.998193335012075,0.0037282262340129703,0
17,24,1,cross,witnessed,0,67,seen2,380,4,12,0.0,0.36209150808745993,0.9975564542429269,0.004922405721683975,0
16,17,1,within,witnessed,0,67,seen2,380,4,12,0.0,1.619553253141607,0.999627354538868,0.0007541130699778843,0
23,24,1,within,witnessed,0,67,seen2,380,4,12,0.0,1.5119498956815591,0.9996896632599912,0.000623817149204629,0
30,37,2,cross,unwitnessed,0,67,seen2,380,4,12,0.0,0.3620940524716616,0.9975915686070809,0.0048632666310869915,0
31,38,2,cross,unwitnessed,0,67,seen2,380,4,12,1.3866695599588098e-32,0.3620940524716474,0.9980394977271181,0.003982529431751228,0
30,31,2,within,unwitnessed,1,67,seen2,380,4,12,0.14285714285714293,285.97844599987144,0.2706403152771117,0.940840393259638,1
37,38,2,within,unwitnessed,1,67,seen2,380,4,12,0.14285714285714288,285.9784459998714,0.3120657268012926,0.918275047817125,1
44,51,3,cross,witnessed,0,67,seen2,380,4,12,0.0,0.3620915080874598,0.9979002270184771,0.0042077679901448275,0
45,52,3,cross,witnessed,0,67,seen2,380,4,12,0.0,0.36209150808745993,0.9980034758448714,0.0041404362368382235,0
44,45,3,within,witnessed,0,67,seen2,380,4,12,0.0,1.6195532531416075,0.9996563860021018,0.0006907117053463619,0
51,52,3,within,witnessed,0,67,seen2,380,4,12,0.0,1.5119498956815591,0.9996527455647497,0.0007118195571449535,0
58,65,4,cross,unwitnessed,0,67,seen2,380,4,12,0.0,0.3620940524716616,0.9977193160481469,0.00457323319608558,0
59,66,4,cross,unwitnessed,0,67,seen2,380,4,12,3.8518598887744717e-32,0.3620940524716758,0.998173772237148,0.003680767565344987,0
58,59,4,within,unwitnessed,1,67,seen2,380,4,12,0.14285714285714293,285.9784459998442,0.054931639195488845,1.0156710424314115,1
65,66,4,within,unwitnessed,1,67,seen2,380,4,12,0.14285714285714274,285.97844599984427,0.25292437376275867,0.9431936374796458,1
72,79,5,cross,unwitnessed,0,67,seen2,380,4,12,3.8518598887744717e-32,0.3620940524716332,0.9972662979107572,0.005546157490607799,0
73,80,5,cross,unwitnessed,0,67,seen2,380,4,12,0.0,0.3620940524716332,0.997044268687568,0.005929065659975554,0
72,73,5,within,unwitnessed,1,67,seen2,380,4,12,0.14285714285714274,285.97844599961695,0.3999293176121241,0.877967792846348,1
79,80,5,within,unwitnessed,1,67,seen2,380,4,12,0.14285714285714288,285.978445999617,0.11826308198883376,0.992884922574344,1
86,93,6,cross,witnessed,0,67,seen2,380,4,12,0.0,0.36209150808746,0.998552047156339,0.0038401316374638253,0
87,94,6,cross,witnessed,0,67,seen2,380,4,12,0.0,0.36209150808746,0.9971111672181612,0.006217258978965637,0
86,87,6,within,witnessed,0,67,seen2,380,4,12,0.0,1.619553253141608,0.9995139596539265,0.0010390835848737446,0
93,94,6,within,witnessed,0,67,seen2,380,4,12,0.0,1.5119498956815596,0.9995906770911467,0.0008595531243788165,0
100,107,7,cross,witnessed,0,67,seen2,380,4,12,0.0,0.36209150808745993,0.9984731171637483,0.0030867046698494715,0
101,108,7,cross,witnessed,0,67,seen2,380,4,12,0.0,0.36209150808745993,0.9969592629751078,0.006118942130676022,0
100,101,7,within,witnessed,0,67,seen2,380,4,12,0.0,1.619553253141608,0.9995598596099865,0.0008831586169788179,0
107,108,7,within,witnessed,0,67,seen2,380,4,12,0.0,1.5119498956815591,0.9995626681543058,0.0008755949351549653,0
2,9,0,cross,witnessed,0,68,seen2,380,4,12,0.0,0.36209150808746,0.9969778067208198,0.006160296873830228,0
3,10,0,cross,witnessed,0,68,seen2,380,4,12,0.0,0.3620915080874599,0.996601189618619,0.0067869144379290244,0
2,3,0,within,witnessed,0,68,seen2,380,4,12,0.0,1.6195532531416101,0.9995944095140288,0.0008132369814473557,0
9,10,0,within,witnessed,0,68,seen2,380,4,12,0.0,1.5119498956815618,0.999639616830298,0.0007217424996977844,0
16,23,1,cross,unwitnessed,0,68,seen2,380,4,12,3.8518598887744717e-32,0.3620940524716474,0.997844387564115,0.004344283972045776,0
17,24,1,cross,unwitnessed,0,68,seen2,380,4,12,0.0,0.3620940524716332,0.9972249686304653,0.0055425087235199755,0
16,17,1,within,unwitnessed,1,68,seen2,380,4,12,0.14285714285714274,285.97844599970784,0.024802589710841125,1.022365450300498,1
23,24,1,within,unwitnessed,1,68,seen2,380,4,12,0.14285714285714288,285.97844599970796,0.28945142059372325,0.9314628388909832,1
30,37,2,cross,unwitnessed,0,68,seen2,380,4,12,0.0,0.3620940524716616,0.9979018967912708,0.004238637998951563,0
31,38,2,cross,unwitnessed,0,68,seen2,380,4,12,1.3866695599588098e-32,0.3620940524716474,0.9976029652764608,0.004797688477373339,0
30,31,2,within,unwitnessed,1,68,seen2,380,4,12,0.14285714285714293,285.97844599987144,0.27796918434389045,0.9232697255551118,1
37,38,2,within,unwitnessed,1,68,seen2,380,4,12,0.14285714285714288,285.9784459998714,0.05517800097994165,1.0182735984412945,1
44,51,3,cross,unwitnessed,0,68,seen2,380,4,12,3.8518598887744717e-32,0.3620940524716616,0.998177092382513,0.0038655259663442224,0
45,52,3,cross,unwitnessed,0,68,seen2,380,4,12,0.0,0.3620940524716474,0.997217202437621,0.005579081251000475,0
44,45,3,within,unwitnessed,1,68,seen2,380,4,12,0.14285714285714274,285.97844599987144,0.10668301982982448,0.9930571007333135,1
51,52,3,within,unwitnessed,1,68,seen2,380,4,12,0.14285714285714288,285.9784459998714,0.01902819450270343,1.0267544908396047,1
58,65,4,cross,witnessed,0,68,seen2,380,4,12,0.0,0.36209150808745993,0.9966776283561177,0.006874183572371571,0
59,66,4,cross,witnessed,0,68,seen2,380,4,12,0.0,0.3620915080874598,0.9974290526738807,0.005162900183731165,0
58,59,4,within,witnessed,0,68,seen2,380,4,12,0.0,1.619553253141608,0.9995880549522752,0.0009104930151516298,0
65,66,4,within,witnessed,0,68,seen2,380,4,12,0.0,1.51194989568156,0.9994496535818018,0.0012268551999728837,0
72,79,5,cross,witnessed,0,68,seen2,380,4,12,0.0,0.3620915080874598,0.9982466493015327,0.0035093674881149263,0
73,80,5,cross,witnessed,0,68,seen2,380,4,12,0.0,0.3620915080874598,0.9980854782196114,0.003971189943891383,0
72,73,5,within,witnessed,0,68,seen2,380,4,12,0.0,1.6195532531416061,0.9997330998670384,0.000534783287123186,0
79,80,5,within,witnessed,0,68,seen2,380,4,12,0.0,1.5119498956815585,0.9997249289061275,0.0005547488445131467,0
86,93,6,cross,witnessed,0,68,seen2,380,4,12,0.0,0.36209150808746,0.9978216126710597,0.0043697908556418535,0
87,94,6,cross,witnessed,0,68,seen2,380,4,12,0.0,0.36209150808746,0.9984377328187856,0.00314909610917072,0
86,87,6,within,witnessed,0,68,seen2,380,4,12,0.0,1.619553253141608,0.9995482103527924,0.0009041637325543034,0
93,94,6,within,witnessed,0,68,seen2,380,4,12,0.0,1.5119498956815596,0.9995788111645392,0.000844972855034136,0
100,107,7,cross,unwitnessed,0,68,seen2,380,4,12,1.2480026039629288e-31,0.3620940524716616,0.9974302849732003,0.005815740021516746,0
101,108,7,cross,unwitnessed,0,68,seen2,380,4,12,2.465190328815662e-32,0.3620940524716474,0.9975470892867019,0.0053488593016843946,0
100,101,7,within,unwitnessed,1,68,seen2,380,4,12,0.14285714285714274,285.97844599987144,0.2152838477583125,0.9539274691680678,1
107,108,7,within,unwitnessed,1,68,seen2,380,4,12,0.14285714285714288,285.9784459998714,0.2702167075456852,0.9286170995749355,1
2,9,0,cross,unwitnessed,0,69,seen2,380,4,12,0.0,0.3620940524716474,0.9983485237315703,0.003369237981106873,0
3,10,0,cross,unwitnessed,0,69,seen2,380,4,12,3.8518598887744717e-32,0.3620940524716616,0.9982097736734311,0.003798483641981999,0
2,3,0,within,unwitnessed,1,69,seen2,380,4,12,0.14285714285714293,285.9784459998442,0.3339163304158361,0.9025453344390956,1
9,10,0,within,unwitnessed,1,69,seen2,380,4,12,0.14285714285714274,285.9784459998443,0.024955322596663897,1.0399720284030096,1
16,23,1,cross,unwitnessed,0,69,seen2,380,4,12,3.8518598887744717e-32,0.3620940524716474,0.9977359572262141,0.004537254057052747,0
17,24,1,cross,unwitnessed,0,69,seen2,380,4,12,0.0,0.3620940524716332,0.9975889329252416,0.004829330201012711,0
16,17,1,within,unwitnessed,1,69,seen2,380,4,12,0.14285714285714274,285.97844599970784,0.2549853590236692,0.9418316839606974,1
23,24,1,within,unwitnessed,1,69,seen2,380,4,12,0.14285714285714288,285.97844599970796,0.3079434164026357,0.9260552669568783,1
30,37,2,cross,unwitnessed,0,69,seen2,380,4,12,0.0,0.3620940524716616,0.9976258183021675,0.004820702741375791,0
31,38,2,cross,unwitnessed,0,69,seen2,380,4,12,1.3866695599588098e-32,0.3620940524716474,0.9974119382334501,0.005310805172613221,0
30,31,2,within,unwitnessed,1,69,seen2,380,4,12,0.14285714285714293,285.97844599987144,0.2626290223942165,0.9342571440581768,1
37,38,2,within,unwitnessed,1,69,seen2,380,4,12,0.14285714285714288,285.9784459998714,0.24213217509902787,0.9443349883735697,1
44,51,3,cross,witnessed,0,69,seen2,380,4,12,0.0,0.3620915080874598,0.9976521326697109,0.004716236476144584,0
45,52,3,cross,witnessed,0,69,seen2,380,4,12,0.0,0.36209150808745993,0.998126902279658,0.0037438579250796077,0
44,45,3,within,witnessed,0,69,seen2,380,4,12,0.0,1.6195532531416075,0.9996483444804628,0.0007052464806979415,0
51,52,3,within,witnessed,0,69,seen2,380,4,12,0.0,1.5119498956815591,0.9997028660427771,0.0006071558734483812,0
58,65,4,cross,unwitnessed,0,69,seen2,380,4,12,0.0,0.3620940524716616,0.997658974790853,0.004689529747072606,0
59,66,4,cross,unwitnessed,0,69,seen2,380,4,12,3.8518598887744717e-32,0.3620940524716758,0.996913404190585,0.006170079424920545,0
58,59,4,within,unwitnessed,1,69,seen2,380,4,12,0.14285714285714293,285.9784459998442,0.252694764175403,0.9419915102024778,1
65,66,4,within,unwitnessed,1,69,seen2,380,4,12,0.14285714285714274,285.97844599984427,0.312394609948972,0.9209246632848463,1
72,79,5,cross,witnessed,0,69,seen2,380,4,12,0.0,0.3620915080874598,0.9985592268423148,0.0031649276322524415,0
73,80,5,cross,witnessed,0,69,seen2,380,4,12,0.0,0.3620915080874598,0.9971713292024645,0.006357406622839062,0
72,73,5,within,witnessed,0,69,seen2,380,4,12,0.0,1.6195532531416061,0.9994893688055392,0.0010266554369071591,0
79,80,5,within,witnessed,0,69,seen2,380,4,12,0.0,1.5119498956815585,0.9995299686122062,0.0009695090188343476,0
86,93,6,cross,witnessed,0,69,seen2,380,4,12,0.0,0.36209150808746,0.9981567857600826,0.003698805412100807,0
87,94,6,cross,witnessed,0,69,seen2,380,4,12,0.0,0.36209150808746,0.9977239691117333,0.004569262402774644,0
86,87,6,within,witnessed,0,69,seen2,380,4,12,0.0,1.619553253141608,0.9994978546471431,0.0010041704790621111,0
93,94,6,within,witnessed,0,69,seen2,380,4,12,0.0,1.5119498956815596,0.9994986153582139,0.0010065427738205537,0
100,107,7,cross,witnessed,0,69,seen2,380,4,12,0.0,0.36209150808745993,0.9966829050216978,0.006623187345642466,0
101,108,7,cross,witnessed,0,69,seen2,380,4,12,0.0,0.36209150808745993,0.9984112859312222,0.003203258787283727,0
100,101,7,within,witnessed,0,69,seen2,380,4,12,0.0,1.619553253141608,0.9997031737717752,0.0005938275942216076,0
107,108,7,within,witnessed,0,69,seen2,380,4,12,0.0,1.5119498956815591,0.9996482278276062,0.0007050345490629908,0
2,9,0,cross,witnessed,0,70,seen2,380,4,12,0.0,0.36209150808746,0.9981772334738889,0.0036586257414751152,0
3,10,0,cross,witnessed,0,70,seen2,380,4,12,0.0,0.3620915080874599,0.9976109769915521,0.0047737763053668225,0
2,3,0,within,witnessed,0,70,seen2,380,4,12,0.0,1.6195532531416101,0.9995519637833998,0.0009006385572817461,0
9,10,0,within,witnessed,0,70,seen2,380,4,12,0.0,1.5119498956815618,0.9996087487427598,0.0007930406837942483,0
16,23,1,cross,unwitnessed,0,70,seen2,380,4,12,3.8518598887744717e-32,0.3620940524716474,0.997877482240781,0.00425672672164735,0
17,24,1,cross,unwitnessed,0,70,seen2,380,4,12,0.0,0.3620940524716332,0.9975397009771778,0.0049265322448116475,0
16,17,1,within,unwitnessed,1,70,seen2,380,4,12,0.14285714285714274,285.97844599970784,0.30520584816114144,0.91619853368646,1
23,24,1,within,unwitnessed,1,70,seen2,380,4,12,0.14285714285714288,285.97844599970796,0.25381925095937924,0.935715373068803,1
30,37,2,cross,witnessed,0,70,seen2,380,4,12,0.0,0.3620915080874599,0.9969849433810454,0.006024246927297644,0
31,38,2,cross,witnessed,0,70,seen2,380,4,12,0.0,0.3620915080874599,0.9965687073537826,0.006911379789444424,0
30,31,2,within,witnessed,0,70,seen2,380,4,12,0.0,1.619553253141607,0.9995708744011499,0.0008736224035091449,0
37,38,2,within,witnessed,0,70,seen2,380,4,12,0.0,1.5119498956815591,0.9995876731298423,0.000831354795445575,0
44,51,3,cross,witnessed,0,70,seen2,380,4,12,0.0,0.3620915080874598,0.9977037789132613,0.00465542685024388,0
45,52,3,cross,witnessed,0,70,seen2,380,4,12,0.0,0.36209150808745993,0.9979790861346626,0.004158737246030008,0
44,45,3,within,witnessed,0,70,seen2,380,4,12,0.0,1.6195532531416075,0.9995425441445865,0.0009158359504845497,0
51,52,3,within,witnessed,0,70,seen2,380,4,12,0.0,1.5119498956815591,0.9994358485694557,0.0011613186172454236,0
58,65,4,cross,unwitnessed,0,70,seen2,380,4,12,0.0,0.3620940524716616,0.9975438236157202,0.0053266156766608825,0
59,66,4,cross,unwitnessed,0,70,seen2,380,4,12,3.8518598887744717e-32,0.3620940524716758,0.9978640382015643,0.004277270913668737,0
58,59,4,within,unwitnessed,1,70,seen2,380,4,12,0.14285714285714293,285.9784459998442,0.09949841333946398,0.9999643738532302,1
65,66,4,within,unwitnessed,1,70,seen2,380,4,12,0.14285714285714274,285.97844599984427,0.07528682025805841,1.0013576216469324,1
72,79,5,cross,unwitnessed,0,70,seen2,380,4,12,3.8518598887744717e-32,0.3620940524716332,0.9982988290178988,0.003503792070780496,0
73,80,5,cross,unwitnessed,0,70,seen2,380,4,12,0.0,0.3620940524716332,0.997259732823291,0.005492940840511214,0
72,73,5,within,unwitnessed,1,70,seen2,380,4,12,0.14285714285714274,285.97844599961695,0.12695843646703892,0.9880132057792185,1
79,80,5,within,unwitnessed,1,70,seen2,380,4,12,0.14285714285714288,285.978445999617,0.08514908519109252,1.008432004153363,1
86,93,6,cross,witnessed,0,70,seen2,380,4,12,0.0,0.36209150808746,0.9981890402666801,0.003643033675348804,0
87,94,6,cross,witnessed,0,70,seen2,380,4,12,0.0,0.36209150808746,0.9978555205737525,0.004288424986721637,0
86,87,6,within,witnessed,0,70,seen2,380,4,12,0.0,1.619553253141608,0.9995054498745786,0.000992553234501009,0
93,94,6,within,witnessed,0,70,seen2,380,4,12,0.0,1.5119498956815596,0.9995998441735607,0.0008002153636796686,0
100,107,7,cross,unwitnessed,0,70,seen2,380,4,12,1.2480026039629288e-31,0.3620940524716616,0.9977357091308626,0.004553555956344031,0
101,108,7,cross,unwitnessed,0,70,seen2,380,4,12,2.465190328815662e-32,0.3620940524716474,0.9975990640628637,0.004798680788624376,0
100,101,7,within,unwitnessed,1,70,seen2,380,4,12,0.14285714285714274,285.97844599987144,0.3357805252968042,0.9075771782698113,1
107,108,7,within,unwitnessed,1,70,seen2,380,4,12,0.14285714285714288,285.9784459998714,0.3886675927817917,0.8848691210286638,1
2,9,0,cross,witnessed,0,71,seen2,380,4,12,0.0,0.36209150808746,0.9974131201760537,0.005261373183921475,0
3,10,0,cross,witnessed,0,71,seen2,380,4,12,0.0,0.3620915080874599,0.9966132674492377,0.006766543232689924,0
2,3,0,within,witnessed,0,71,seen2,380,4,12,0.0,1.6195532531416101,0.9995675853177842,0.0008691622287326558,0
9,10,0,within,witnessed,0,71,seen2,380,4,12,0.0,1.5119498956815618,0.9995595113757562,0.0008922260639852387,0
16,23,1,cross,unwitnessed,0,71,seen2,380,4,12,3.8518598887744717e-32,0.3620940524716474,0.9973274692812946,0.005932403643434857,0
17,24,1,cross,unwitnessed,0,71,seen2,380,4,12,0.0,0.3620940524716332,0.9983859760221381,0.003320196098779432,0
16,17,1,within,unwitnessed,1,71,seen2,380,4,12,0.14285714285714274,285.97844599970784,0.359596621633299,0.9007563970735676,1
23,24,1,within,unwitnessed,1,71,seen2,380,4,12,0.14285714285714288,285.97844599970796,0.14561613948080118,0.9817334562730633,1
30,37,2,cross,witnessed,0,71,seen2,380,4,12,0.0,0.3620915080874599,0.9979880086809522,0.00402195406066993,0
31,38,2,cross,witnessed,0,71,seen2,380,4,12,0.0,0.3620915080874599,0.998060111396854,0.004138804572290009,0
30,31,2,within,witnessed,0,71,seen2,380,4,12,0.0,1.619553253141607,0.9993587606669331,0.0012896118816190622,0
37,38,2,within,witnessed,0,71,seen2,380,4,12,0.0,1.5119498956815591,0.9994566930183737,0.001147329978682756,0
44,51,3,cross,unwitnessed,0,71,seen2,380,4,12,3.8518598887744717e-32,0.3620940524716616,0.9981710094939213,0.003658451765413185,0
45,52,3,cross,unwitnessed,0,71,seen2,380,4,12,0.0,0.3620940524716474,0.9982797286651387,0.0034769978602011997,0
44,45,3,within,unwitnessed,1,71,seen2,380,4,12,0.14285714285714274,285.97844599987144,-0.021520209950319294,1.0663363283007232,1
51,52,3,within,unwitnessed,1,71,seen2,380,4,12,0.14285714285714288,285.9784459998714,0.27426810513570515,0.927146350107225,1
58,65,4,cross,witnessed,0,71,seen2,380,4,12,0.0,0.36209150808745993,0.9975061468153973,0.005054663440350736,0
59,66,4,cross,witnessed,0,71,seen2,380,4,12,0.0,0.3620915080874598,0.9979784164125008,0.004065926879485446,0
58,59,4,within,witnessed,0,71,seen2,380,4,12,0.0,1.619553253141608,0.9995669259545801,0.00087268199830838,0
65,66,4,within,witnessed,0,71,seen2,380,4,12,0.0,1.51194989568156,0.9997227001555825,0.0005546581355751783,0
72,79,5,cross,witnessed,0,71,seen2,380,4,12,0.0,0.3620915080874598,0.9980470910572625,0.003902058335484736,0
73,80,5,cross,witnessed,0,71,seen2,380,4,12,0.0,0.3620915080874598,0.9977927879247386,0.004430696903900544,0
72,73,5,within,witnessed,0,71,seen2,380,4,12,0.0,1.6195532531416061,0.999618572371901,0.0008330845705896161,0
79,80,5,within,witnessed,0,71,seen2,380,4,12,0.0,1.5119498956815585,0.999665115354227,0.000715005436528176,0
86,93,6,cross,unwitnessed,0,71,seen2,380,4,12,1.5407439555097887e-33,0.3620940524716616,0.9969753776793915,0.0067396971319710055,0
87,94,6,cross,unwitnessed,0,71,seen2,380,4,12,2.465190328815662e-32,0.3620940524716474,0.9980152753937447,0.00405754211646308,0
86,87,6,within,unwitnessed,1,71,seen2,380,4,12,0.14285714285714293,285.97844599987144,0.2812016416639463,0.9289404222692917,1
93,94,6,within,unwitnessed,1,71,seen2,380,4,12,0.14285714285714288,285.9784459998714,0.13645922649638875,0.9828750288309668,1
100,107,7,cross,unwitnessed,0,71,seen2,380,4,12,1.2480026039629288e-31,0.3620940524716616,0.9979309826649667,0.004156329147300707,0
101,108,7,cross,unwitnessed,0,71,seen2,380,4,12,2.465190328815662e-32,0.3620940524716474,0.9988495902240911,0.002382120248731592,0
100,101,7,within,unwitnessed,1,71,seen2,380,4,12,0.14285714285714274,285.97844599987144,0.2317675999417348,0.9466324730408807,1
107,108,7,within,unwitnessed,1,71,seen2,380,4,12,0.14285714285714288,285.9784459998714,0.24262950293854518,0.9417823177486272,1
2,9,0,cross,witnessed,0,72,seen2,380,4,12,0.0,0.36209150808746,0.9988333524849354,0.002333572612406998,0
3,10,0,cross,witnessed,0,72,seen2,380,4,12,0.0,0.3620915080874599,0.9979475735864762,0.0043972065244632106,0
2,3,0,within,witnessed,0,72,seen2,380,4,12,0.0,1.6195532531416101,0.9995534830076497,0.0008928597418926668,0
9,10,0,within,witnessed,0,72,seen2,380,4,12,0.0,1.5119498956815618,0.9995633521524422,0.0008744306207691175,0
16,23,1,cross,unwitnessed,0,72,seen2,380,4,12,3.8518598887744717e-32,0.3620940524716474,0.99804038825007,0.004045781104401247,0
17,24,1,cross,unwitnessed,0,72,seen2,380,4,12,0.0,0.3620940524716332,0.997756835344743,0.004611988252529115,0
16,17,1,within,unwitnessed,1,72,seen2,380,4,12,0.14285714285714274,285.97844599970784,0.23701394151903296,0.9457463204316789,1
23,24,1,within,unwitnessed,1,72,seen2,380,4,12,0.14285714285714288,285.97844599970796,0.11705328143249262,0.9892723514132279,1
30,37,2,cross,unwitnessed,0,72,seen2,380,4,12,0.0,0.3620940524716616,0.9968739762385673,0.006250493884568565,0
31,38,2,cross,unwitnessed,0,72,seen2,380,4,12,1.3866695599588098e-32,0.3620940524716474,0.9974631949309362,0.005073488182385947,0
30,31,2,within,unwitnessed,1,72,seen2,380,4,12,0.14285714285714293,285.97844599987144,-0.043312768438248536,1.058713044980255,1
37,38,2,within,unwitnessed,1,72,seen2,380,4,12,0.14285714285714288,285.9784459998714,-0.15098951672400152,1.0949347558328377,1
44,51,3,cross,unwitnessed,0,72,seen2,380,4,12,3.8518598887744717e-32,0.3620940524716616,0.9979121582590312,0.004227784229237856,0
45,52,3,cross,unwitnessed,0,72,seen2,380,4,12,0.0,0.3620940524716474,0.9981192477241376,0.003921284177516444,0
44,45,3,within,unwitnessed,1,72,seen2,380,4,12,0.14285714285714274,285.97844599987144,0.2927984177395494,0.9206466853793399,1
51,52,3,within,unwitnessed,1,72,seen2,380,4,12,0.14285714285714288,285.9784459998714,0.29256311743788843,0.921077733781325,1
58,65,4,cross,witnessed,0,72,seen2,380,4,12,0.0,0.36209150808745993,0.9961909831185585,0.007670481618625746,0
59,66,4,cross,witnessed,0,72,seen2,380,4,12,0.0,0.3620915080874598,0.9980974898887269,0.0038016189707329932,0
58,59,4,within,witnessed,0,72,seen2,380,4,12,0.0,1.619553253141608,0.9995118053176199,0.0009790786501716051,0
65,66,4,within,witnessed,0,72,seen2,380,4,12,0.0,1.51194989568156,0.9996166865630842,0.0007685832312924603,0
72,79,5,cross,witnessed,0,72,seen2,380,4,12,0.0,0.3620915080874598,0.9973350428673141,0.005926999750363002,0
73,80,5,cross,witnessed,0,72,seen2,380,4,12,0.0,0.3620915080874598,0.9980837467083934,0.0038324335429353812,0
72,73,5,within,witnessed,0,72,seen2,380,4,12,0.0,1.6195532531416061,0.9993771613533289,0.0012463772614551799,0
79,80,5,within,witnessed,0,72,seen2,380,4,12,0.0,1.5119498956815585,0.9995958074566248,0.0008150357301453653,0
86,93,6,cross,unwitnessed,0,72,seen2,380,4,12,1.5407439555097887e-33,0.3620940524716616,0.9976215967169877,0.004751234553974569,0
87,94,6,cross,unwitnessed,0,72,seen2,380,4,12,2.465190328815662e-32,0.3620940524716474,0.9978126232729269,0.0049736899463758075,0
86,87,6,within,unwitnessed,1,72,seen2,380,4,12,0.14285714285714293,285.97844599987144,0.2230131508197928,0.9510564782432385,1
93,94,6,within,unwitnessed,1,72,seen2,380,4,12,0.14285714285714288,285.9784459998714,0.1811453801658529,0.9672566872759777,1
100,107,7,cross,witnessed,0,72,seen2,380,4,12,0.0,0.36209150808745993,0.9973621168136257,0.00536420973882945,0
101,108,7,cross,witnessed,0,72,seen2,380,4,12,0.0,0.36209150808745993,0.9976132270246066,0.004858078858546932,0
100,101,7,within,witnessed,0,72,seen2,380,4,12,0.0,1.619553253141608,0.9995887928643774,0.0008513344788076971,0
107,108,7,within,witnessed,0,72,seen2,380,4,12,0.0,1.5119498956815591,0.9997083704986889,0.0006337612926882653,0
2,9,0,cross,witnessed,0,73,seen2,380,4,12,0.0,0.36209150808746,0.9977941501170022,0.004407545642689426,0
3,10,0,cross,witnessed,0,73,seen2,380,4,12,0.0,0.3620915080874599,0.9978018200085452,0.004511330859393912,0
2,3,0,within,witnessed,0,73,seen2,380,4,12,0.0,1.6195532531416101,0.9996488288144876,0.0007022215368300215,0
9,10,0,within,witnessed,0,73,seen2,380,4,12,0.0,1.5119498956815618,0.9996932972506088,0.0006138005938418915,0
16,23,1,cross,unwitnessed,0,73,seen2,380,4,12,3.8518598887744717e-32,0.3620940524716474,0.9981432456409844,0.0040022844371270724,0
17,24,1,cross,unwitnessed,0,73,seen2,380,4,12,0.0,0.3620940524716332,0.9977699473772313,0.0045084045837625085,0
16,17,1,within,unwitnessed,1,73,seen2,380,4,12,0.14285714285714274,285.97844599970784,0.12763086477656496,0.9908331447406146,1
23,24,1,within,unwitnessed,1,73,seen2,380,4,12,0.14285714285714288,285.97844599970796,0.07945459658768159,1.0093068457015921,1
30,37,2,cross,unwitnessed,0,73,seen2,380,4,12,0.0,0.3620940524716616,0.9980738130375516,0.003904495205107821,0
31,38,2,cross,unwitnessed,0,73,seen2,380,4,12,1.3866695599588098e-32,0.3620940524716474,0.9982617804001864,0.003474622038500611,0
30,31,2,within,unwitnessed,1,73,seen2,380,4,12,0.14285714285714293,285.97844599987144,0.11198817848037104,0.9938116611367264,1
37,38,2,within,unwitnessed,1,73,seen2,380,4,12,0.14285714285714288,285.9784459998714,0.2407958546541488,0.9429821872256849,1
44,51,3,cross,unwitnessed,0,73,seen2,380,4,12,3.8518598887744717e-32,0.3620940524716616,0.9986327180247869,0.0027666018796583124,0
45,52,3,cross,unwitnessed,0,73,seen2,380,4,12,0.0,0.3620940524716474,0.997974902799761,0.004209835538292234,0
44,45,3,within,unwitnessed,1,73,seen2,380,4,12,0.14285714285714274,285.97844599987144,0.471079990029687,0.8393743614866941,1
51,52,3,within,unwitnessed,1,73,seen2,380,4,12,0.14285714285714288,285.9784459998714,0.0457416319266732,1.0284944533225502,1
58,65,4,cross,witnessed,0,73,seen2,380,4,12,0.0,0.36209150808745993,0.9985848043876545,0.00313466450036172,0
59,66,4,cross,witnessed,0,73,seen2,380,4,12,0.0,0.3620915080874598,0.9979754439592435,0.004161260328281328,0
58,59,4,within,witnessed,0,73,seen2,380,4,12,0.0,1.619553253141608,0.9996514100897681,0.0007052816143900174,0
65,66,4,within,witnessed,0,73,seen2,380,4,12,0.0,1.51194989568156,0.999711496699232,0.0005769622055275774,0
72,79,5,cross,witnessed,0,73,seen2,380,4,12,0.0,0.3620915080874598,0.9971966681097911,0.005605118743412291,0
73,80,5,cross,witnessed,0,73,seen2,380,4,12,0.0,0.3620915080874598,0.9967979921311912,0.0064025880285414356,0
72,73,5,within,witnessed,0,73,seen2,380,4,12,0.0,1.6195532531416061,0.9995629781626004,0.000929362318324821,0
79,80,5,within,witnessed,0,73,seen2,380,4,12,0.0,1.5119498956815585,0.9994858267494406,0.0010585645240269966,0
86,93,6,cross,unwitnessed,0,73,seen2,380,4,12,1.5407439555097887e-33,0.3620940524716616,0.9980313071501014,0.003935795277667675,0
87,94,6,cross,unwitnessed,0,73,seen2,380,4,12,2.465190328815662e-32,0.3620940524716474,0.9979356084593731,0.004127272029334354,0
86,87,6,within,unwitnessed,1,73,seen2,380,4,12,0.14285714285714293,285.97844599987144,0.33012459567184416,0.9139175266343399,1
93,94,6,within,unwitnessed,1,73,seen2,380,4,12,0.14285714285714288,285.9784459998714,0.17664640808994075,0.9688791121653586,1
100,107,7,cross,witnessed,0,73,seen2,380,4,12,0.0,0.36209150808745993,0.9961042225160252,0.007926563702998064,0
101,108,7,cross,witnessed,0,73,seen2,380,4,12,0.0,0.36209150808745993,0.9973773154748038,0.005325891461233187,0
100,101,7,within,witnessed,0,73,seen2,380,4,12,0.0,1.619553253141608,0.9994917517811015,0.001058379824705463,0
107,108,7,within,witnessed,0,73,seen2,380,4,12,0.0,1.5119498956815591,0.9994836239169507,0.0010876313197465458,0
2,9,0,cross,unwitnessed,0,74,seen2,380,4,12,0.0,0.3620940524716474,0.9979433393799394,0.004110001438874334,0
3,10,0,cross,unwitnessed,0,74,seen2,380,4,12,3.8518598887744717e-32,0.3620940524716616,0.9966580163100813,0.006696672723059496,0
2,3,0,within,unwitnessed,1,74,seen2,380,4,12,0.14285714285714293,285.9784459998442,0.15424081975424214,0.9769862019432463,1
9,10,0,within,unwitnessed,1,74,seen2,380,4,12,0.14285714285714274,285.9784459998443,0.29171214136181883,0.9207693944071421,1
16,23,1,cross,witnessed,0,74,seen2,380,4,12,0.0,0.3620915080874599,0.9971897852031297,0.005772354290918511,0
17,24,1,cross,witnessed,0,74,seen2,380,4,12,0.0,0.36209150808745993,0.9980573521351327,0.003900511936764482,0
16,17,1,within,witnessed,0,74,seen2,380,4,12,0.0,1.619553253141607,0.9996039916742372,0.0008062574323733078,0
23,24,1,within,witnessed,0,74,seen2,380,4,12,0.0,1.5119498956815591,0.9996327258964293,0.0007530607127679434,0
30,37,2,cross,witnessed,0,74,seen2,380,4,12,0.0,0.3620915080874599,0.9982640408649351,0.0034768624203053602,0
31,38,2,cross,witnessed,0,74,seen2,380,4,12,0.0,0.3620915080874599,0.9977115312082637,0.004606555404124806,0
30,31,2,within,witnessed,0,74,seen2,380,4,12,0.0,1.619553253141607,0.9996301045370856,0.0007399432827004559,0
37,38,2,within,witnessed,0,74,seen2,380,4,12,0.0,1.5119498956815591,0.9996987961910316,0.0006041569122210991,0
44,51,3,cross,witnessed,0,74,seen2,380,4,12,0.0,0.3620915080874598,0.9964039089076068,0.007192596430152507,0
45,52,3,cross,witnessed,0,74,seen2,380,4,12,0.0,0.36209150808745993,0.9975758270572308,0.004875045248710682,0
44,45,3,within,witnessed,0,74,seen2,380,4,12,0.0,1.6195532531416075,0.9995838572321832,0.000832731844380108,0
51,52,3,within,witnessed,0,74,seen2,380,4,12,0.0,1.5119498956815591,0.9996578181596029,0.0006892646527734247,0
58,65,4,cross,unwitnessed,0,74,seen2,380,4,12,0.0,0.3620940524716616,0.9980533520208703,0.003991817598544323,0
59,66,4,cross,unwitnessed,0,74,seen2,380,4,12,3.8518598887744717e-32,0.3620940524716758,0.9982756183405695,0.0035465197526413136,0
58,59,4,within,unwitnessed,1,74,seen2,380,4,12,0.14285714285714293,285.9784459998442,0.05448526444761416,1.0279050210961147,1
65,66,4,within,unwitnessed,1,74,seen2,380,4,12,0.14285714285714274,285.97844599984427,0.38190984926720134,0.8719341442344435,1
72,79,5,cross,witnessed,0,74,seen2,380,4,12,0.0,0.3620915080874598,0.9976563821831235,0.004805178628075876,0
73,80,5,cross,witnessed,0,74,seen2,380,4,12,0.0,0.3620915080874598,0.9979010072252419,0.00475561207762034,0
72,73,5,within,witnessed,0,74,seen2,380,4,12,0.0,1.6195532531416061,0.9994842768033373,0.0010326444545097888,0
79,80,5,within,witnessed,0,74,seen2,380,4,12,0.0,1.5119498956815585,0.9994856922051644,0.001028361274459182,0
86,93,6,cross,unwitnessed,0,74,seen2,380,4,12,1.5407439555097887e-33,0.3620940524716616,0.9981693125646913,0.003887879779389912,0
87,94,6,cross,unwitnessed,0,74,seen2,380,4,12,2.465190328815662e-32,0.3620940524716474,0.995985031197024,0.008174286889139274,0
86,87,6,within,unwitnessed,1,74,seen2,380,4,12,0.14285714285714293,285.97844599987144,0.15269867888552133,0.9810196746312447,1
93,94,6,within,unwitnessed,1,74,seen2,380,4,12,0.14285714285714288,285.9784459998714,0.08311360955736785,1.008754564244465,1
100,107,7,cross,unwitnessed,0,74,seen2,380,4,12,1.2480026039629288e-31,0.3620940524716616,0.9972294230593609,0.005533518547869924,0
101,108,7,cross,unwitnessed,0,74,seen2,380,4,12,2.465190328815662e-32,0.3620940524716474,0.9975249554216369,0.004949166280684693,0
100,101,7,within,unwitnessed,1,74,seen2,380,4,12,0.14285714285714274,285.97844599987144,0.1427495161180666,0.9799988745798168,1
107,108,7,within,unwitnessed,1,74,seen2,380,4,12,0.14285714285714288,285.9784459998714,0.1291239193724969,0.983331916428853,1
2,9,0,cross,unwitnessed,0,75,seen2,380,4,12,0.0,0.3620940524716474,0.9971450132150531,0.005702034875029332,0
3,10,0,cross,unwitnessed,0,75,seen2,380,4,12,3.8518598887744717e-32,0.3620940524716616,0.9979921075277631,0.004067108079594751,0
2,3,0,within,unwitnessed,1,75,seen2,380,4,12,0.14285714285714293,285.9784459998442,0.29069632779350507,0.920840279099778,1
9,10,0,within,unwitnessed,1,75,seen2,380,4,12,0.14285714285714274,285.9784459998443,0.315901010163636,0.9092210013873454,1
16,23,1,cross,unwitnessed,0,75,seen2,380,4,12,3.8518598887744717e-32,0.3620940524716474,0.996392114933859,0.007421069901848415,0
17,24,1,cross,unwitnessed,0,75,seen2,380,4,12,0.0,0.3620940524716332,0.9978263977978509,0.00448822434000993,0
16,17,1,within,unwitnessed,1,75,seen2,380,4,12,0.14285714285714274,285.97844599970784,0.1720937063996372,0.9709498092147953,1
23,24,1,within,unwitnessed,1,75,seen2,380,4,12,0.14285714285714288,285.97844599970796,0.04640062074019544,1.0236806008388435,1
30,37,2,cross,witnessed,0,75,seen2,380,4,12,0.0,0.3620915080874599,0.9983582972094074,0.0033759447052902573,0
31,38,2,cross,witnessed,0,75,seen2,380,4,12,0.0,0.3620915080874599,0.9977408362935494,0.004571607128918869,0
30,31,2,within,witnessed,0,75,seen2,380,4,12,0.0,1.619553253141607,0.9996701856407368,0.0006683097404150375,0
37,38,2,within,witnessed,0,75,seen2,380,4,12,0.0,1.5119498956815591,0.9997477642538944,0.0005116267515235866,0
44,51,3,cross,witnessed,0,75,seen2,380,4,12,0.0,0.3620915080874598,0.9965132866802103,0.007535615374291684,0
45,52,3,cross,witnessed,0,75,seen2,380,4,12,0.0,0.36209150808745993,0.9968865083216115,0.0063414924764583665,0
44,45,3,within,witnessed,0,75,seen2,380,4,12,0.0,1.6195532531416075,0.999561983921916,0.0009057874600646238,0
51,52,3,within,witnessed,0,75,seen2,380,4,12,0.0,1.5119498956815591,0.999407872576781,0.001231155511698806,0
58,65,4,cross,unwitnessed,0,75,seen2,380,4,12,0.0,0.3620940524716616,0.9971429821607007,0.005708615533210834,0
59,66,4,cross,unwitnessed,0,75,seen2,380,4,12,3.8518598887744717e-32,0.3620940524716758,0.9977008595594985,0.004723558482086085,0
58,59,4,within,unwitnessed,1,75,seen2,380,4,12,0.14285714285714293,285.9784459998442,0.2156138591822915,0.9555376187582154,1
65,66,4,within,unwitnessed,1,75,seen2,380,4,12,0.14285714285714274,285.97844599984427,0.2429936577801097,0.9444195322704001,1
72,79,5,cross,witnessed,0,75,seen2,380,4,12,0.0,0.3620915080874598,0.9978212877462459,0.004426571453127785,0
73,80,5,cross,witnessed,0,75,seen2,380,4,12,0.0,0.3620915080874598,0.9981656552613386,0.003665750237045729,0
72,73,5,within,witnessed,0,75,seen2,380,4,12,0.0,1.6195532531416061,0.999498333522122,0.0010054113419054056,0
79,80,5,within,witnessed,0,75,seen2,380,4,12,0.0,1.5119498956815585,0.9995722148572048,0.0008638010552025098,0
86,93,6,cross,witnessed,0,75,seen2,380,4,12,0.0,0.36209150808746,0.9975565043904716,0.005032565417318658,0
87,94,6,cross,witnessed,0,75,seen2,380,4,12,0.0,0.36209150808746,0.9969758248721121,0.006043224170623404,0
86,87,6,within,witnessed,0,75,seen2,380,4,12,0.0,1.619553253141608,0.9995629818753484,0.0008874864681214542,0
93,94,6,within,witnessed,0,75,seen2,380,4,12,0.0,1.5119498956815596,0.9995886695171557,0.0008239042385065325,0
100,107,7,cross,unwitnessed,0,75,seen2,380,4,12,1.2480026039629288e-31,0.3620940524716616,0.9975703186235398,0.00508220023207061,0
101,108,7,cross,unwitnessed,0,75,seen2,380,4,12,2.465190328815662e-32,0.3620940524716474,0.9979160927378989,0.004345154866615029,0
100,101,7,within,unwitnessed,1,75,seen2,380,4,12,0.14285714285714274,285.97844599987144,0.11006350903742317,0.9963115926817441,1
107,108,7,within,unwitnessed,1,75,seen2,380,4,12,0.14285714285714288,285.9784459998714,0.2962068730892083,0.9161330100317215,1
2,9,0,cross,witnessed,0,76,seen2,380,4,12,0.0,0.36209150808746,0.9972732454961444,0.00544881438051341,0
3,10,0,cross,witnessed,0,76,seen2,380,4,12,0.0,0.3620915080874599,0.9982000229021002,0.0036113596217434815,0
2,3,0,within,witnessed,0,76,seen2,380,4,12,0.0,1.6195532531416101,0.999618514076493,0.000824584226108023,0
9,10,0,within,witnessed,0,76,seen2,380,4,12,0.0,1.5119498956815618,0.9996688907728287,0.0006724356672459594,0
16,23,1,cross,unwitnessed,0,76,seen2,380,4,12,3.8518598887744717e-32,0.3620940524716474,0.9973383222667627,0.005385936010032956,0
17,24,1,cross,unwitnessed,0,76,seen2,380,4,12,0.0,0.3620940524716332,0.9978354930155077,0.004362003315835958,0
16,17,1,within,unwitnessed,1,76,seen2,380,4,12,0.14285714285714274,285.97844599970784,0.027850842798434743,1.0186252557118542,1
23,24,1,within,unwitnessed,1,76,seen2,380,4,12,0.14285714285714288,285.97844599970796,0.2620216868873612,0.9396192494495588,1
30,37,2,cross,unwitnessed,0,76,seen2,380,4,12,0.0,0.3620940524716616,0.9972249829457894,0.005570709361855411,0
31,38,2,cross,unwitnessed,0,76,seen2,380,4,12,1.3866695599588098e-32,0.3620940524716474,0.9982433946386365,0.0035234287518044935,0
30,31,2,within,unwitnessed,1,76,seen2,380,4,12,0.14285714285714293,285.97844599987144,0.3742836589564285,0.8901878291542596,1
37,38,2,within,unwitnessed,1,76,seen2,380,4,12,0.14285714285714288,285.9784459998714,0.16762606642444644,0.9719653947067762,1
44,51,3,cross,unwitnessed,0,76,seen2,380,4,12,3.8518598887744717e-32,0.3620940524716616,0.9975000887084533,0.004994913497040733,0
45,52,3,cross,unwitnessed,0,76,seen2,380,4,12,0.0,0.3620940524716474,0.9970407579575088,0.005916901481063759,0
44,45,3,within,unwitnessed,1,76,seen2,380,4,12,0.14285714285714274,285.97844599987144,0.2141344983318108,0.9542408719206052,1
51,52,3,within,unwitnessed,1,76,seen2,380,4,12,0.14285714285714288,285.9784459998714,0.2524437370571145,0.9409245161429483,1
58,65,4,cross,witnessed,0,76,seen2,380,4,12,0.0,0.36209150808745993,0.9972797517557641,0.005916370351265243,0
59,66,4,cross,witnessed,0,76,seen2,380,4,12,0.0,0.3620915080874598,0.9970396732809493,0.005935222919808661,0
58,59,4,within,witnessed,0,76,seen2,380,4,12,0.0,1.619553253141608,0.99935482091375,0.0013228127370159637,0
65,66,4,within,witnessed,0,76,seen2,380,4,12,0.0,1.51194989568156,0.9993619322012668,0.0012799432696104444,0
72,79,5,cross,unwitnessed,0,76,seen2,380,4,12,3.8518598887744717e-32,0.3620940524716332,0.9981469461116145,0.0037418147719522022,0
73,80,5,cross,unwitnessed,0,76,seen2,380,4,12,0.0,0.3620940524716332,0.9981603752953969,0.0037367147553599707,0
72,73,5,within,unwitnessed,1,76,seen2,380,4,12,0.14285714285714274,285.97844599961695,0.23557167728226538,0.9471263000591612,1
79,80,5,within,unwitnessed,1,76,seen2,380,4,12,0.14285714285714288,285.978445999617,-0.0003722926736869153,1.0269968457946874,1
86,93,6,cross,witnessed,0,76,seen2,380,4,12,0.0,0.36209150808746,0.9981044632025916,0.003803210592180055,0
87,94,6,cross,witnessed,0,76,seen2,380,4,12,0.0,0.36209150808746,0.9981979626125758,0.0037452164276912904,0
86,87,6,within,witnessed,0,76,seen2,380,4,12,0.0,1.619553253141608,0.9994644090114889,0.0010710017798493824,0
93,94,6,within,witnessed,0,76,seen2,380,4,12,0.0,1.5119498956815596,0.9995846659500355,0.0008354440136130755,0
100,107,7,cross,witnessed,0,76,seen2,380,4,12,0.0,0.36209150808745993,0.9971245985135108,0.005750980439981523,0
101,108,7,cross,witnessed,0,76,seen2,380,4,12,0.0,0.36209150808745993,0.9972047192807373,0.00559447138235671,0
100,101,7,within,witnessed,0,76,seen2,380,4,12,0.0,1.619553253141608,0.9995081255662572,0.0010010874108516894,0
107,108,7,within,witnessed,0,76,seen2,380,4,12,0.0,1.5119498956815591,0.999575790875524,0.0008563393471028849,0
2,9,0,cross,witnessed,0,77,seen2,380,4,12,0.0,0.36209150808746,0.998444587376313,0.003195637799646837,0
3,10,0,cross,witnessed,0,77,seen2,380,4,12,0.0,0.3620915080874599,0.9986644317464898,0.0028410160091508776,0
2,3,0,within,witnessed,0,77,seen2,380,4,12,0.0,1.6195532531416101,0.9995764235155372,0.0008475751338874645,0
9,10,0,within,witnessed,0,77,seen2,380,4,12,0.0,1.5119498956815618,0.9995935591244006,0.0008364131494879946,0
16,23,1,cross,unwitnessed,0,77,seen2,380,4,12,3.8518598887744717e-32,0.3620940524716474,0.9978913058652377,0.004356813134020856,0
17,24,1,cross,unwitnessed,0,77,seen2,380,4,12,0.0,0.3620940524716332,0.9976020268378959,0.004916336710264566,0
16,17,1,within,unwitnessed,1,77,seen2,380,4,12,0.14285714285714274,285.97844599970784,0.4063093703895885,0.8779317568158718,1
23,24,1,within,unwitnessed,1,77,seen2,380,4,12,0.14285714285714288,285.97844599970796,0.2670276880842641,0.9338946707042433,1
30,37,2,cross,witnessed,0,77,seen2,380,4,12,0.0,0.3620915080874599,0.998426796097776,0.0031653314964634276,0
31,38,2,cross,witnessed,0,77,seen2,380,4,12,0.0,0.3620915080874599,0.9966648335772811,0.006737923833638826,0
30,31,2,within,witnessed,0,77,seen2,380,4,12,0.0,1.619553253141607,0.9994459042041496,0.0011529856317888567,0
37,38,2,within,witnessed,0,77,seen2,380,4,12,0.0,1.5119498956815591,0.9996049295494159,0.000842157260050068,0
44,51,3,cross,witnessed,0,77,seen2,380,4,12,0.0,0.3620915080874598,0.9976749062049264,0.0046917965464234575,0
45,52,3,cross,witnessed,0,77,seen2,380,4,12,0.0,0.36209150808745993,0.9971077693446063,0.0059026921343069486,0
44,45,3,within,witnessed,0,77,seen2,380,4,12,0.0,1.6195532531416075,0.9995556072495748,0.0008974625444723516,0
51,52,3,within,witnessed,0,77,seen2,380,4,12,0.0,1.5119498956815591,0.9995656800112089,0.0008744401004539232,0
58,65,4,cross,unwitnessed,0,77,seen2,380,4,12,0.0,0.3620940524716616,0.9983803933450701,0.003241952626190966,0
59,66,4,cross,unwitnessed,0,77,seen2,380,4,12,3.8518598887744717e-32,0.3620940524716758,0.9974944744934187,0.005207562431215948,0
58,59,4,within,unwitnessed,1,77,seen2,380,4,12,0.14285714285714293,285.9784459998442,-0.021990752384876692,1.0553228299032134,1
65,66,4,within,unwitnessed,1,77,seen2,380,4,12,0.14285714285714274,285.97844599984427,-0.031558370138193105,1.0492556255550212,1
72,79,5,cross,witnessed,0,77,seen2,380,4,12,0.0,0.3620915080874598,0.9974194007434205,0.005156757918137964,0
73,80,5,cross,witnessed,0,77,seen2,380,4,12,0.0,0.3620915080874598,0.998237516904901,0.0035403854271815684,0
72,73,5,within,witnessed,0,77,seen2,380,4,12,0.0,1.6195532531416061,0.999372293098539,0.0012663520739186705,0
79,80,5,within,witnessed,0,77,seen2,380,4,12,0.0,1.5119498956815585,0.9994910365327101,0.0010361215264612568,0
86,93,6,cross,unwitnessed,0,77,seen2,380,4,12,1.5407439555097887e-33,0.3620940524716616,0.9975509083961751,0.00526094351470161,0
87,94,6,cross,unwitnessed,0,77,seen2,380,4,12,2.465190328815662e-32,0.3620940524716474,0.9975350946226963,0.004957469420772767,0
86,87,6,within,unwitnessed,1,77,seen2,380,4,12,0.14285714285714293,285.97844599987144,0.08609288435068957,1.0016261231814119,1
93,94,6,within,unwitnessed,1,77,seen2,380,4,12,0.14285714285714288,285.9784459998714,0.09770742084359473,1.0022870118421054,1
100,107,7,cross,unwitnessed,0,77,seen2,380,4,12,1.2480026039629288e-31,0.3620940524716616,0.9973615602736108,0.0053405285507895275,0
101,108,7,cross,unwitnessed,0,77,seen2,380,4,12,2.465190328815662e-32,0.3620940524716474,0.9973168269968508,0.00546197790003918,0
100,101,7,within,unwitnessed,1,77,seen2,380,4,12,0.14285714285714274,285.97844599987144,-0.02726031854567411,1.0380841124549747,1
107,108,7,within,unwitnessed,1,77,seen2,380,4,12,0.14285714285714288,285.9784459998714,0.07252103182978831,1.006797763946005,1
2,9,0,cross,witnessed,0,78,seen2,380,4,12,0.0,0.36209150808746,0.997456664085209,0.005103684531569376,0
3,10,0,cross,witnessed,0,78,seen2,380,4,12,0.0,0.3620915080874599,0.9981700525078009,0.004274591771891354,0
2,3,0,within,witnessed,0,78,seen2,380,4,12,0.0,1.6195532531416101,0.9993406719981027,0.0013606951694970701,0
9,10,0,within,witnessed,0,78,seen2,380,4,12,0.0,1.5119498956815618,0.9995577004367068,0.0009040250210275676,0
16,23,1,cross,unwitnessed,0,78,seen2,380,4,12,3.8518598887744717e-32,0.3620940524716474,0.9975225236341673,0.004976796418931248,0
17,24,1,cross,unwitnessed,0,78,seen2,380,4,12,0.0,0.3620940524716332,0.9975640270595997,0.004883891291914332,0
16,17,1,within,unwitnessed,1,78,seen2,380,4,12,0.14285714285714274,285.97844599970784,0.1555090579374345,0.9771989583946634,1
23,24,1,within,unwitnessed,1,78,seen2,380,4,12,0.14285714285714288,285.97844599970796,0.15710591680010894,0.9756663470796815,1
30,37,2,cross,witnessed,0,78,seen2,380,4,12,0.0,0.3620915080874599,0.998208172591375,0.003658832783719728,0
31,38,2,cross,witnessed,0,78,seen2,380,4,12,0.0,0.3620915080874599,0.997690046401018,0.0047294560985062855,0
30,31,2,within,witnessed,0,78,seen2,380,4,12,0.0,1.619553253141607,0.9996840587948458,0.0006371604990792515,0
37,38,2,within,witnessed,0,78,seen2,380,4,12,0.0,1.5119498956815591,0.9996899009701612,0.0006316456446151349,0
44,51,3,cross,unwitnessed,0,78,seen2,380,4,12,3.8518598887744717e-32,0.3620940524716616,0.9981844955261625,0.003790415006296866,0
45,52,3,cross,unwitnessed,0,78,seen2,380,4,12,0.0,0.3620940524716474,0.9971002613029317,0.005792415365801032,0
44,45,3,within,unwitnessed,1,78,seen2,380,4,12,0.14285714285714274,285.97844599987144,-0.06421106027263924,1.0721419978358553,1
51,52,3,within,unwitnessed,1,78,seen2,380,4,12,0.14285714285714288,285.9784459998714,0.25574374996557864,0.9359142649457569,1
58,65,4,cross,witnessed,0,78,seen2,380,4,12,0.0,0.36209150808745993,0.9972709476019933,0.005593265898982873,0
59,66,4,cross,witnessed,0,78,seen2,380,4,12,0.0,0.3620915080874598,0.9975057484847347,0.004983637720243917,0
58,59,4,within,witnessed,0,78,seen2,380,4,12,0.0,1.619553253141608,0.9994118715855468,0.0012016390971297457,0
65,66,4,within,witnessed,0,78,seen2,380,4,12,0.0,1.51194989568156,0.999524413338984,0.0009646818631992402,0
72,79,5,cross,unwitnessed,0,78,seen2,380,4,12,3.8518598887744717e-32,0.3620940524716332,0.9982330260268826,0.0035351429513574622,0
73,80,5,cross,unwitnessed,0,78,seen2,380,4,12,0.0,0.3620940524716332,0.9982769349008872,0.003659666976469122,0
72,73,5,within,unwitnessed,1,78,seen2,380,4,12,0.14285714285714274,285.97844599961695,0.439527639246689,0.865393889385534,1
79,80,5,within,unwitnessed,1,78,seen2,380,4,12,0.14285714285714288,285.978445999617,0.2163747226742745,0.9538868968031227,1
86,93,6,cross,witnessed,0,78,seen2,380,4,12,0.0,0.36209150808746,0.9967758185582264,0.006501429255389518,0
87,94,6,cross,witnessed,0,78,seen2,380,4,12,0.0,0.36209150808746,0.9982989370457913,0.0034218927647920515,0
86,87,6,within,witnessed,0,78,seen2,380,4,12,0.0,1.619553253141608,0.9994411788215499,0.0011178799431990941,0
93,94,6,within,witnessed,0,78,seen2,380,4,12,0.0,1.5119498956815596,0.9995751804338926,0.0008665244031952371,0
100,107,7,cross,unwitnessed,0,78,seen2,380,4,12,1.2480026039629288e-31,0.3620940524716616,0.997834659536401,0.0043431236330648,0
101,108,7,cross,unwitnessed,0,78,seen2,380,4,12,2.465190328815662e-32,0.3620940524716474,0.9973756036416682,0.005349649892941508,0
100,101,7,within,unwitnessed,1,78,seen2,380,4,12,0.14285714285714274,285.97844599987144,0.053554522335679706,1.012326434983645,1
107,108,7,within,unwitnessed,1,78,seen2,380,4,12,0.14285714285714288,285.9784459998714,0.3909521188894751,0.8901760084419603,1
2,9,0,cross,unwitnessed,0,79,seen2,380,4,12,0.0,0.3620940524716474,0.9989081253438783,0.0021826018634414014,0
3,10,0,cross,unwitnessed,0,79,seen2,380,4,12,3.8518598887744717e-32,0.3620940524716616,0.9971358561465617,0.00605397693196235,0
2,3,0,within,unwitnessed,1,79,seen2,380,4,12,0.14285714285714293,285.9784459998442,0.3982693103889767,0.8869656344072354,1
9,10,0,within,unwitnessed,1,79,seen2,380,4,12,0.14285714285714274,285.9784459998443,-0.08030731952447667,1.063784969008048,1
16,23,1,cross,witnessed,0,79,seen2,380,4,12,0.0,0.3620915080874599,0.9980724491988116,0.0038603056437238274,0
17,24,1,cross,witnessed,0,79,seen2,380,4,12,0.0,0.36209150808745993,0.9978967191586504,0.0043502679224286045,0
16,17,1,within,witnessed,0,79,seen2,380,4,12,0.0,1.619553253141607,0.9992929184935565,0.0014136803280013492,0
23,24,1,within,witnessed,0,79,seen2,380,4,12,0.0,1.5119498956815591,0.9994871497192148,0.001040344384277932,0
30,37,2,cross,unwitnessed,0,79,seen2,380,4,12,0.0,0.3620940524716616,0.9978004972961562,0.004403932123692115,0
31,38,2,cross,unwitnessed,0,79,seen2,380,4,12,1.3866695599588098e-32,0.3620940524716474,0.9980302575854354,0.003939877237811083,0
30,31,2,within,unwitnessed,1,79,seen2,380,4,12,0.14285714285714293,285.97844599987144,0.2890002279886206,0.925293666353776,1
37,38,2,within,unwitnessed,1,79,seen2,380,4,12,0.14285714285714288,285.9784459998714,0.18834291534609357,0.9657930562201258,1
44,51,3,cross,witnessed,0,79,seen2,380,4,12,0.0,0.3620915080874598,0.9974026698734322,0.005191779689504445,0
45,52,3,cross,witnessed,0,79,seen2,380,4,12,0.0,0.36209150808745993,0.9985190603572535,0.0029650693352775734,0
44,45,3,within,witnessed,0,79,seen2,380,4,12,0.0,1.6195532531416075,0.9996053918956698,0.0008012409663908076,0
51,52,3,within,witnessed,0,79,seen2,380,4,12,0.0,1.5119498956815591,0.9996829204485236,0.0006364448183502794,0
58,65,4,cross,witnessed,0,79,seen2,380,4,12,0.0,0.36209150808745993,0.9967237773743237,0.006691375816319523,0
59,66,4,cross,witnessed,0,79,seen2,380,4,12,0.0,0.3620915080874598,0.9984170074404286,0.0031665693203326117,0
58,59,4,within,witnessed,0,79,seen2,380,4,12,0.0,1.619553253141608,0.9996212436305507,0.0008102329279128454,0
65,66,4,within,witnessed,0,79,seen2,380,4,12,0.0,1.51194989568156,0.9994679844403341,0.0011170319013883356,0
72,79,5,cross,unwitnessed,0,79,seen2,380,4,12,3.8518598887744717e-32,0.3620940524716332,0.998428342316801,0.003172310713369916,0
73,80,5,cross,unwitnessed,0,79,seen2,380,4,12,0.0,0.3620940524716332,0.996630891236125,0.006993837146706717,0
72,73,5,within,unwitnessed,1,79,seen2,380,4,12,0.14285714285714274,285.97844599961695,0.36901555962067384,0.9118528023137356,1
79,80,5,within,unwitnessed,1,79,seen2,380,4,12,0.14285714285714288,285.978445999617,0.1117009388831969,0.9959942840182312,1
86,93,6,cross,witnessed,0,79,seen2,380,4,12,0.0,0.36209150808746,0.9979058656392558,0.004186333915535541,0
87,94,6,cross,witnessed,0,79,seen2,380,4,12,0.0,0.36209150808746,0.9971140318967003,0.005843382631002135,0
86,87,6,within,witnessed,0,79,seen2,380,4,12,0.0,1.619553253141608,0.9995517207532575,0.0008976904703465741,0
93,94,6,within,witnessed,0,79,seen2,380,4,12,0.0,1.5119498956815596,0.9995923442197326,0.000816131319278608,0
100,107,7,cross,unwitnessed,0,79,seen2,380,4,12,1.2480026039629288e-31,0.3620940524716616,0.9978135609576989,0.00436949230640947,0
101,108,7,cross,unwitnessed,0,79,seen2,380,4,12,2.465190328815662e-32,0.3620940524716474,0.9976125202420328,0.0048184927649001915,0
100,101,7,within,unwitnessed,1,79,seen2,380,4,12,0.14285714285714274,285.97844599987144,0.12881815333076596,0.9844503454351504,1
107,108,7,within,unwitnessed,1,79,seen2,380,4,12,0.14285714285714288,285.9784459998714,0.10112154765317671,0.9955235975413699,1
2,9,0,cross,witnessed,0,80,seen2,380,4,12,0.0,0.36209150808746,0.9976249958201542,0.0051148782077169155,0
3,10,0,cross,witnessed,0,80,seen2,380,4,12,0.0,0.3620915080874599,0.9976111899649001,0.004811681200953147,0
2,3,0,within,witnessed,0,80,seen2,380,4,12,0.0,1.6195532531416101,0.999512614311649,0.0009845811042399424,0
9,10,0,within,witnessed,0,80,seen2,380,4,12,0.0,1.5119498956815618,0.9996334533197306,0.0007612123162164734,0
16,23,1,cross,witnessed,0,80,seen2,380,4,12,0.0,0.3620915080874599,0.9970474234466352,0.0060033203686327965,0
17,24,1,cross,witnessed,0,80,seen2,380,4,12,0.0,0.36209150808745993,0.9961983436953059,0.007593906319327971,0
16,17,1,within,witnessed,0,80,seen2,380,4,12,0.0,1.619553253141607,0.9997509974331845,0.000500506705825695,0
23,24,1,within,witnessed,0,80,seen2,380,4,12,0.0,1.5119498956815591,0.9997664169739447,0.0004713496060470831,0
30,37,2,cross,witnessed,0,80,seen2,380,4,12,0.0,0.3620915080874599,0.9977268404634048,0.0045432524902257925,0
31,38,2,cross,witnessed,0,80,seen2,380,4,12,0.0,0.3620915080874599,0.997823336519778,0.004379680697775082,0
30,31,2,within,witnessed,0,80,seen2,380,4,12,0.0,1.619553253141607,0.9996723760875942,0.0006557508909846204,0
37,38,2,within,witnessed,0,80,seen2,380,4,12,0.0,1.5119498956815591,0.9996593168764711,0.0006964630519930752,0
44,51,3,cross,unwitnessed,0,80,seen2,380,4,12,3.8518598887744717e-32,0.3620940524716616,0.9970923058977396,0.0058296961806207515,0
45,52,3,cross,unwitnessed,0,80,seen2,380,4,12,0.0,0.3620940524716474,0.9974795765607231,0.005073133365648731,0
44,45,3,within,unwitnessed,1,80,seen2,380,4,12,0.14285714285714274,285.97844599987144,0.4171696033343392,0.8865372150436219,1
51,52,3,within,unwitnessed,1,80,seen2,380,4,12,0.14285714285714288,285.9784459998714,0.24219456360524358,0.9493594721043835,1
58,65,4,cross,unwitnessed,0,80,seen2,380,4,12,0.0,0.3620940524716616,0.9983415528956665,0.0034034890701129476,0
59,66,4,cross,unwitnessed,0,80,seen2,380,4,12,3.8518598887744717e-32,0.3620940524716758,0.9977021755744926,0.0048434898206149895,0
58,59,4,within,unwitnessed,1,80,seen2,380,4,12,0.14285714285714293,285.9784459998442,0.0983103450097673,1.00324270780318,1
65,66,4,within,unwitnessed,1,80,seen2,380,4,12,0.14285714285714274,285.97844599984427,0.31544021941965544,0.91449768851411,1
72,79,5,cross,unwitnessed,0,80,seen2,380,4,12,3.8518598887744717e-32,0.3620940524716332,0.9981355371325183,0.0042145867149532045,0
73,80,5,cross,unwitnessed,0,80,seen2,380,4,12,0.0,0.3620940524716332,0.998520966421661,0.0030015530483860973,0
72,73,5,within,unwitnessed,1,80,seen2,380,4,12,0.14285714285714274,285.97844599961695,0.23555183446987188,0.9450310093068616,1
79,80,5,within,unwitnessed,1,80,seen2,380,4,12,0.14285714285714288,285.978445999617,0.277383352496152,0.9340734673674933,1
86,93,6,cross,unwitnessed,0,80,seen2,380,4,12,1.5407439555097887e-33,0.3620940524716616,0.9970912138303974,0.005814089681622086,0
87,94,6,cross,unwitnessed,0,80,seen2,380,4,12,2.465190328815662e-32,0.3620940524716474,0.9978233748306551,0.004361543088047338,0
86,87,6,within,unwitnessed,1,80,seen2,380,4,12,0.14285714285714293,285.97844599987144,0.17824190310300972,0.9696837552632259,1
93,94,6,within,unwitnessed,1,80,seen2,380,4,12,0.14285714285714288,285.9784459998714,0.33684257676725393,0.8976396889641707,1
100,107,7,cross,witnessed,0,80,seen2,380,4,12,0.0,0.36209150808745993,0.9981366899354609,0.0037607190467793938,0
101,108,7,cross,witnessed,0,80,seen2,380,4,12,0.0,0.36209150808745993,0.9980089948187455,0.004004831280506567,0
100,101,7,within,witnessed,0,80,seen2,380,4,12,0.0,1.619553253141608,0.9997534234458656,0.000539846222084446,0
107,108,7,within,witnessed,0,80,seen2,380,4,12,0.0,1.5119498956815591,0.9996701923836251,0.0006706933873487352,0
2,9,0,cross,unwitnessed,0,81,seen2,380,4,12,0.0,0.3620940524716474,0.9983109946922747,0.003814888883115176,0
3,10,0,cross,unwitnessed,0,81,seen2,380,4,12,3.8518598887744717e-32,0.3620940524716616,0.9975956143590201,0.004911649474099269,0
2,3,0,within,unwitnessed,1,81,seen2,380,4,12,0.14285714285714293,285.9784459998442,0.26696740191901386,0.9346932593158244,1
9,10,0,within,unwitnessed,1,81,seen2,380,4,12,0.14285714285714274,285.9784459998443,0.12194056738120163,0.9947156824907164,1
16,23,1,cross,unwitnessed,0,81,seen2,380,4,12,3.8518598887744717e-32,0.3620940524716474,0.9978285295755107,0.004481270059835606,0
17,24,1,cross,unwitnessed,0,81,seen2,380,4,12,0.0,0.3620940524716332,0.9977831540868785,0.004528725631724383,0
16,17,1,within,unwitnessed,1,81,seen2,380,4,12,0.14285714285714274,285.97844599970784,-0.05285062243557999,1.0370089101955233,1
23,24,1,within,unwitnessed,1,81,seen2,380,4,12,0.14285714285714288,285.97844599970796,0.08695079006759746,0.9969244104610945,1
30,37,2,cross,unwitnessed,0,81,seen2,380,4,12,0.0,0.3620940524716616,0.9978348795221468,0.004345683900173411,0
31,38,2,cross,unwitnessed,0,81,seen2,380,4,12,1.3866695599588098e-32,0.3620940524716474,0.9975737879245662,0.005102952488565827,0
30,31,2,within,unwitnessed,1,81,seen2,380,4,12,0.14285714285714293,285.97844599987144,0.31818793400846573,0.9190174230100989,1
37,38,2,within,unwitnessed,1,81,seen2,380,4,12,0.14285714285714288,285.9784459998714,0.28572291345344863,0.9258869614095856,1
44,51,3,cross,witnessed,0,81,seen2,380,4,12,0.0,0.3620915080874598,0.9976245560309157,0.004749620832029193,0
45,52,3,cross,witnessed,0,81,seen2,380,4,12,0.0,0.36209150808745993,0.9979520358145935,0.004234599529690276,0
44,45,3,within,witnessed,0,81,seen2,380,4,12,0.0,1.6195532531416075,0.9995020483869601,0.0010145744120532356,0
51,52,3,within,witnessed,0,81,seen2,380,4,12,0.0,1.5119498956815591,0.9995074821867238,0.0009931716301981564,0
58,65,4,cross,witnessed,0,81,seen2,380,4,12,0.0,0.36209150808745993,0.9985829325739051,0.00284277305846336,0
59,66,4,cross,witnessed,0,81,seen2,380,4,12,0.0,0.3620915080874598,0.9986792553213482,0.002957384199532833,0
58,59,4,within,witnessed,0,81,seen2,380,4,12,0.0,1.619553253141608,0.9994784817225845,0.0010518199150665096,0
65,66,4,within,witnessed,0,81,seen2,380,4,12,0.0,1.51194989568156,0.9995455679842169,0.0009104032005260178,0
72,79,5,cross,unwitnessed,0,81,seen2,380,4,12,3.8518598887744717e-32,0.3620940524716332,0.9974569267758997,0.0050964920347494275,0
73,80,5,cross,unwitnessed,0,81,seen2,380,4,12,0.0,0.3620940524716332,0.9980840866808736,0.00384427032395907,0
72,73,5,within,unwitnessed,1,81,seen2,380,4,12,0.14285714285714274,285.97844599961695,0.31663041932687896,0.9155202767094707,1
79,80,5,within,unwitnessed,1,81,seen2,380,4,12,0.14285714285714288,285.978445999617,0.22590038983311286,0.9508868054162183,1
86,93,6,cross,witnessed,0,81,seen2,380,4,12,0.0,0.36209150808746,0.9965574359485285,0.006924688814916882,0
87,94,6,cross,witnessed,0,81,seen2,380,4,12,0.0,0.36209150808746,0.9969636499451188,0.006064780732755007,0
86,87,6,within,witnessed,0,81,seen2,380,4,12,0.0,1.619553253141608,0.9995279729893778,0.0009445072569618237,0
93,94,6,within,witnessed,0,81,seen2,380,4,12,0.0,1.5119498956815596,0.9994536391646907,0.0010924239713334775,0
100,107,7,cross,witnessed,0,81,seen2,380,4,12,0.0,0.36209150808745993,0.9985581192775429,0.002885408373154548,0
101,108,7,cross,witnessed,0,81,seen2,380,4,12,0.0,0.36209150808745993,0.9979569698105085,0.004144051432820733,0
100,101,7,within,witnessed,0,81,seen2,380,4,12,0.0,1.619553253141608,0.9997785248392969,0.0004520706876089617,0
107,108,7,within,witnessed,0,81,seen2,380,4,12,0.0,1.5119498956815591,0.999771043842202,0.00046049512307486616,0
2,9,0,cross,unwitnessed,0,82,seen2,380,4,12,0.0,0.3620940524716474,0.9984958359347366,0.0033292153099050894,0
3,10,0,cross,unwitnessed,0,82,seen2,380,4,12,3.8518598887744717e-32,0.3620940524716616,0.9975437394807635,0.004908167845804447,0
2,3,0,within,unwitnessed,1,82,seen2,380,4,12,0.14285714285714293,285.9784459998442,0.2714314434260922,0.9372236956783566,1
9,10,0,within,unwitnessed,1,82,seen2,380,4,12,0.14285714285714274,285.9784459998443,0.24883932256403996,0.9441292674950551,1
16,23,1,cross,unwitnessed,0,82,seen2,380,4,12,3.8518598887744717e-32,0.3620940524716474,0.9981090838901884,0.003797664208507079,0
17,24,1,cross,unwitnessed,0,82,seen2,380,4,12,0.0,0.3620940524716332,0.9968837375992795,0.006290801315593794,0
16,17,1,within,unwitnessed,1,82,seen2,380,4,12,0.14285714285714274,285.97844599970784,0.2511334578887025,0.940356575238058,1
23,24,1,within,unwitnessed,1,82,seen2,380,4,12,0.14285714285714288,285.97844599970796,0.29778521289764737,0.9216108674860463,1
30,37,2,cross,witnessed,0,82,seen2,380,4,12,0.0,0.3620915080874599,0.9976505973381846,0.004702211836711748,0
31,38,2,cross,witnessed,0,82,seen2,380,4,12,0.0,0.3620915080874599,0.9960088879666517,0.008099587961071365,0
30,31,2,within,witnessed,0,82,seen2,380,4,12,0.0,1.619553253141607,0.9996056269432854,0.0007975531071809307,0
37,38,2,within,witnessed,0,82,seen2,380,4,12,0.0,1.5119498956815591,0.9996810658535349,0.0006600347228367771,0
44,51,3,cross,unwitnessed,0,82,seen2,380,4,12,3.8518598887744717e-32,0.3620940524716616,0.9984336279200215,0.003163219612267032,0
45,52,3,cross,unwitnessed,0,82,seen2,380,4,12,0.0,0.3620940524716474,0.9980104160339838,0.0039992348368011925,0
44,45,3,within,unwitnessed,1,82,seen2,380,4,12,0.14285714285714274,285.97844599987144,0.22863022211902018,0.948276591529606,1
51,52,3,within,unwitnessed,1,82,seen2,380,4,12,0.14285714285714288,285.9784459998714,0.09438092325164003,1.003145824332487,1
58,65,4,cross,witnessed,0,82,seen2,380,4,12,0.0,0.36209150808745993,0.9985845640808323,0.002946105517491068,0
59,66,4,cross,witnessed,0,82,seen2,380,4,12,0.0,0.3620915080874598,0.9973401293817722,0.0053756992936408185,0
58,59,4,within,witnessed,0,82,seen2,380,4,12,0.0,1.619553253141608,0.9996492599915006,0.0007101866408455525,0
65,66,4,within,witnessed,0,82,seen2,380,4,12,0.0,1.51194989568156,0.9996380168095638,0.0007245426751245058,0
72,79,5,cross,unwitnessed,0,82,seen2,380,4,12,3.8518598887744717e-32,0.3620940524716332,0.9976962543564976,0.004603554669267862,0
73,80,5,cross,unwitnessed,0,82,seen2,380,4,12,0.0,0.3620940524716332,0.997560979112264,0.0048798221420569,0
72,73,5,within,unwitnessed,1,82,seen2,380,4,12,0.14285714285714274,285.97844599961695,0.22522957373905375,0.9492758332864227,1
79,80,5,within,unwitnessed,1,82,seen2,380,4,12,0.14285714285714288,285.978445999617,0.10450514837442573,0.9976499848167162,1
86,93,6,cross,witnessed,0,82,seen2,380,4,12,0.0,0.36209150808746,0.9971285888822249,0.005871457826182522,0
87,94,6,cross,witnessed,0,82,seen2,380,4,12,0.0,0.36209150808746,0.9980706629327151,0.0038699028950857665,0
86,87,6,within,witnessed,0,82,seen2,380,4,12,0.0,1.619553253141608,0.9994540521418173,0.00109479589865251,0
93,94,6,within,witnessed,0,82,seen2,380,4,12,0.0,1.5119498956815596,0.9994755947824943,0.0010554336334391236,0
100,107,7,cross,witnessed,0,82,seen2,380,4,12,0.0,0.36209150808745993,0.9979013295957461,0.004302793331112581,0
101,108,7,cross,witnessed,0,82,seen2,380,4,12,0.0,0.36209150808745993,0.9979898940235167,0.0043823180151614195,0
100,101,7,within,witnessed,0,82,seen2,380,4,12,0.0,1.619553253141608,0.9995568394095902,0.0009017491703685195,0
107,108,7,within,witnessed,0,82,seen2,380,4,12,0.0,1.5119498956815591,0.9995964080087104,0.0008086121608006659,0
2,9,0,cross,unwitnessed,0,83,seen2,380,4,12,0.0,0.3620940524716474,0.998958937066097,0.0022174983162967566,0
3,10,0,cross,unwitnessed,0,83,seen2,380,4,12,3.8518598887744717e-32,0.3620940524716616,0.9967465487680602,0.006496389737410627,0
2,3,0,within,unwitnessed,1,83,seen2,380,4,12,0.14285714285714293,285.9784459998442,0.3210063355229301,0.9097316807379512,1
9,10,0,within,unwitnessed,1,83,seen2,380,4,12,0.14285714285714274,285.9784459998443,0.34283186895072865,0.8963306624181558,1
16,23,1,cross,unwitnessed,0,83,seen2,380,4,12,3.8518598887744717e-32,0.3620940524716474,0.9986431442556805,0.0028959792461260947,0
17,24,1,cross,unwitnessed,0,83,seen2,380,4,12,0.0,0.3620940524716332,0.9980202861040077,0.004305715670524783,0
16,17,1,within,unwitnessed,1,83,seen2,380,4,12,0.14285714285714274,285.97844599970784,0.3619025813833022,0.8920797191360001,1
23,24,1,within,unwitnessed,1,83,seen2,380,4,12,0.14285714285714288,285.97844599970796,0.23702116599225515,0.9467736582370156,1
30,37,2,cross,unwitnessed,0,83,seen2,380,4,12,0.0,0.3620940524716616,0.9973583555935455,0.00530920017981637,0
31,38,2,cross,unwitnessed,0,83,seen2,380,4,12,1.3866695599588098e-32,0.3620940524716474,0.9979638481210795,0.004177030554853472,0
30,31,2,within,unwitnessed,1,83,seen2,380,4,12,0.14285714285714293,285.97844599987144,0.19105054466198726,0.9650160628853899,1
37,38,2,within,unwitnessed,1,83,seen2,380,4,12,0.14285714285714288,285.9784459998714,0.016251734589217356,1.0393416464705436,1
44,51,3,cross,witnessed,0,83,seen2,380,4,12,0.0,0.3620915080874598,0.9972213453516031,0.005772614454190924,0
45,52,3,cross,witnessed,0,83,seen2,380,4,12,0.0,0.36209150808745993,0.9970949837674307,0.006166680790314703,0
44,45,3,within,witnessed,0,83,seen2,380,4,12,0.0,1.6195532531416075,0.9994750519468176,0.0010496989903063338,0
51,52,3,within,witnessed,0,83,seen2,380,4,12,0.0,1.5119498956815591,0.9993715758329388,0.001258337328731541,0
58,65,4,cross,witnessed,0,83,seen2,380,4,12,0.0,0.36209150808745993,0.9971864173275223,0.005654672987738817,0
59,66,4,cross,witnessed,0,83,seen2,380,4,12,0.0,0.3620915080874598,0.997557986304821,0.005012475019456687,0
58,59,4,within,witnessed,0,83,seen2,380,4,12,0.0,1.619553253141608,0.999662733021254,0.0007096726767383142,0
65,66,4,within,witnessed,0,83,seen2,380,4,12,0.0,1.51194989568156,0.9996759972692391,0.0006488189042558537,0
72,79,5,cross,unwitnessed,0,83,seen2,380,4,12,3.8518598887744717e-32,0.3620940524716332,0.997751364117142,0.004513174395081866,0
73,80,5,cross,unwitnessed,0,83,seen2,380,4,12,0.0,0.3620940524716332,0.9977428619218104,0.004573402014722248,0
72,73,5,within,unwitnessed,1,83,seen2,380,4,12,0.14285714285714274,285.97844599961695,-0.02385703127448543,1.030222372229699,1
79,80,5,within,unwitnessed,1,83,seen2,380,4,12,0.14285714285714288,285.978445999617,0.0695670327839759,1.003865558101108,1
86,93,6,cross,witnessed,0,83,seen2,380,4,12,0.0,0.36209150808746,0.9978651127266897,0.004409015346841497,0
87,94,6,cross,witnessed,0,83,seen2,380,4,12,0.0,0.36209150808746,0.9980540781168861,0.003903902744497066,0
86,87,6,within,witnessed,0,83,seen2,380,4,12,0.0,1.619553253141608,0.9995974002587324,0.000835472483693549,0
93,94,6,within,witnessed,0,83,seen2,380,4,12,0.0,1.5119498956815596,0.9996464629034563,0.0007574120072754827,0
100,107,7,cross,witnessed,0,83,seen2,380,4,12,0.0,0.36209150808745993,0.998841454756436,0.0023159352720273658,0
101,108,7,cross,witnessed,0,83,seen2,380,4,12,0.0,0.36209150808745993,0.9977341972295426,0.004614486202383884,0
100,101,7,within,witnessed,0,83,seen2,380,4,12,0.0,1.619553253141608,0.999479654021523,0.0010591236448833257,0
107,108,7,within,witnessed,0,83,seen2,380,4,12,0.0,1.5119498956815591,0.9995772689350018,0.0009136446746533737,0
2,9,0,cross,unwitnessed,0,84,seen2,380,4,12,0.0,0.3620940524716474,0.9981270835741282,0.003962454873900066,0
3,10,0,cross,unwitnessed,0,84,seen2,380,4,12,3.8518598887744717e-32,0.3620940524716616,0.9973464983545812,0.00537152316838532,0
2,3,0,within,unwitnessed,1,84,seen2,380,4,12,0.14285714285714293,285.9784459998442,0.3026962253538861,0.9170321976163957,1
9,10,0,within,unwitnessed,1,84,seen2,380,4,12,0.14285714285714274,285.9784459998443,0.23187949322095142,0.9468093631075891,1
16,23,1,cross,unwitnessed,0,84,seen2,380,4,12,3.8518598887744717e-32,0.3620940524716474,0.998032067837489,0.004060260152265512,0
17,24,1,cross,unwitnessed,0,84,seen2,380,4,12,0.0,0.3620940524716332,0.9976068432354867,0.0048982318452067825,0
16,17,1,within,unwitnessed,1,84,seen2,380,4,12,0.14285714285714274,285.97844599970784,0.23008284108844668,0.9471394153009666,1
23,24,1,within,unwitnessed,1,84,seen2,380,4,12,0.14285714285714288,285.97844599970796,-0.03295413743895168,1.0826136237240112,1
30,37,2,cross,witnessed,0,84,seen2,380,4,12,0.0,0.3620915080874599,0.9979336469714257,0.0043023366163892785,0
31,38,2,cross,witnessed,0,84,seen2,380,4,12,0.0,0.3620915080874599,0.9977626134244817,0.004567880512534985,0
30,31,2,within,witnessed,0,84,seen2,380,4,12,0.0,1.619553253141607,0.9994036303294357,0.0011949463839796095,0
37,38,2,within,witnessed,0,84,seen2,380,4,12,0.0,1.5119498956815591,0.9996163456255112,0.0007739842079263551,0
44,51,3,cross,witnessed,0,84,seen2,380,4,12,0.0,0.3620915080874598,0.9971416671605106,0.005789517208876675,0
45,52,3,cross,witnessed,0,84,seen2,380,4,12,0.0,0.36209150808745993,0.9977879613052001,0.004506847012817538,0
44,45,3,within,witnessed,0,84,seen2,380,4,12,0.0,1.6195532531416075,0.9996322692977561,0.0007410890883609159,0
51,52,3,within,witnessed,0,84,seen2,380,4,12,0.0,1.5119498956815591,0.9996816841686812,0.000640407260934295,0
58,65,4,cross,witnessed,0,84,seen2,380,4,12,0.0,0.36209150808745993,0.9969424838920875,0.006233338770545717,0
59,66,4,cross,witnessed,0,84,seen2,380,4,12,0.0,0.3620915080874598,0.9979515837030475,0.004146629740485232,0
58,59,4,within,witnessed,0,84,seen2,380,4,12,0.0,1.619553253141608,0.9997227166923577,0.0005803041284803953,0
65,66,4,within,witnessed,0,84,seen2,380,4,12,0.0,1.51194989568156,0.9997013548722075,0.0005987720563376964,0
72,79,5,cross,unwitnessed,0,84,seen2,380,4,12,3.8518598887744717e-32,0.3620940524716332,0.996973676107289,0.006445799785974145,0
73,80,5,cross,unwitnessed,0,84,seen2,380,4,12,0.0,0.3620940524716332,0.9975917141033886,0.004902761189569666,0
72,73,5,within,unwitnessed,1,84,seen2,380,4,12,0.14285714285714274,285.97844599961695,-0.044314677526946435,1.0440618305614586,1
79,80,5,within,unwitnessed,1,84,seen2,380,4,12,0.14285714285714288,285.978445999617,0.15532598424016944,0.9775999672730992,1
86,93,6,cross,unwitnessed,0,84,seen2,380,4,12,1.5407439555097887e-33,0.3620940524716616,0.9967747139254545,0.006522982467919844,0
87,94,6,cross,unwitnessed,0,84,seen2,380,4,12,2.465190328815662e-32,0.3620940524716474,0.9985188554132626,0.003073063063044287,0
86,87,6,within,unwitnessed,1,84,seen2,380,4,12,0.14285714285714293,285.97844599987144,0.3023278128984387,0.9207441979668729,1
93,94,6,within,unwitnessed,1,84,seen2,380,4,12,0.14285714285714288,285.9784459998714,-0.029835775770428632,1.0494154413923322,1
100,107,7,cross,witnessed,0,84,seen2,380,4,12,0.0,0.36209150808745993,0.9983537781202226,0.00331419072066728,0
101,108,7,cross,witnessed,0,84,seen2,380,4,12,0.0,0.36209150808745993,0.9970330715806579,0.006166678565213467,0
100,101,7,within,witnessed,0,84,seen2,380,4,12,0.0,1.619553253141608,0.9995292324745773,0.001015018067819269,0
107,108,7,within,witnessed,0,84,seen2,380,4,12,0.0,1.5119498956815591,0.9996503836826116,0.0007402043276013756,0
2,9,0,cross,witnessed,0,85,seen2,380,4,12,0.0,0.36209150808746,0.9980517900699507,0.004031378128187963,0
3,10,0,cross,witnessed,0,85,seen2,380,4,12,0.0,0.3620915080874599,0.9978037347482277,0.0044310805368840255,0
2,3,0,within,witnessed,0,85,seen2,380,4,12,0.0,1.6195532531416101,0.9996304387146373,0.0007656981378326177,0
9,10,0,within,witnessed,0,85,seen2,380,4,12,0.0,1.5119498956815618,0.9996787309761709,0.0006434323594124778,0
16,23,1,cross,unwitnessed,0,85,seen2,380,4,12,3.8518598887744717e-32,0.3620940524716474,0.997978230361557,0.004050680667952163,0
17,24,1,cross,unwitnessed,0,85,seen2,380,4,12,0.0,0.3620940524716332,0.9969016476842925,0.006411347158401364,0
16,17,1,within,unwitnessed,1,85,seen2,380,4,12,0.14285714285714274,285.97844599970784,-0.024405007666634882,1.0358742241729568,1
23,24,1,within,unwitnessed,1,85,seen2,380,4,12,0.14285714285714288,285.97844599970796,0.3579415673810208,0.9110687983766552,1
30,37,2,cross,unwitnessed,0,85,seen2,380,4,12,0.0,0.3620940524716616,0.9969015207780096,0.006189355992780071,0
31,38,2,cross,unwitnessed,0,85,seen2,380,4,12,1.3866695599588098e-32,0.3620940524716474,0.9974043720647946,0.0055411693663517435,0
30,31,2,within,unwitnessed,1,85,seen2,380,4,12,0.14285714285714293,285.97844599987144,0.25357220317002016,0.9376099228750756,1
37,38,2,within,unwitnessed,1,85,seen2,380,4,12,0.14285714285714288,285.9784459998714,0.24049423180011192,0.947974553197707,1
44,51,3,cross,unwitnessed,0,85,seen2,380,4,12,3.8518598887744717e-32,0.3620940524716616,0.9975914554584505,0.004811994903476167,0
45,52,3,cross,unwitnessed,0,85,seen2,380,4,12,0.0,0.3620940524716474,0.997560066584727,0.005128651110692498,0
44,45,3,within,unwitnessed,1,85,seen2,380,4,12,0.14285714285714274,285.97844599987144,0.17848665090236726,0.96873796471919,1
51,52,3,within,unwitnessed,1,85,seen2,380,4,12,0.14285714285714288,285.9784459998714,-0.1323576960026239,1.0732700025018953,1
58,65,4,cross,witnessed,0,85,seen2,380,4,12,0.0,0.36209150808745993,0.9977190447533223,0.004561915977754414,0
59,66,4,cross,witnessed,0,85,seen2,380,4,12,0.0,0.3620915080874598,0.9984222338618982,0.0031682937215793605,0
58,59,4,within,witnessed,0,85,seen2,380,4,12,0.0,1.619553253141608,0.999787519767326,0.00043244568333699614,0
65,66,4,within,witnessed,0,85,seen2,380,4,12,0.0,1.51194989568156,0.9997807078735125,0.0004386221628153954,0
72,79,5,cross,unwitnessed,0,85,seen2,380,4,12,3.8518598887744717e-32,0.3620940524716332,0.9984244079905524,0.0031603592299707657,0
73,80,5,cross,unwitnessed,0,85,seen2,380,4,12,0.0,0.3620940524716332,0.9973008599388675,0.005432226835730597,0
72,73,5,within,unwitnessed,1,85,seen2,380,4,12,0.14285714285714274,285.97844599961695,0.321814960137896,0.9227359741770912,1
79,80,5,within,unwitnessed,1,85,seen2,380,4,12,0.14285714285714288,285.978445999617,0.28445918413864335,0.931498358796201,1
86,93,6,cross,witnessed,0,85,seen2,380,4,12,0.0,0.36209150808746,0.9980987423872267,0.003885639996587397,0
87,94,6,cross,witnessed,0,85,seen2,380,4,12,0.0,0.36209150808746,0.9977235848897048,0.004560805188173517,0
86,87,6,within,witnessed,0,85,seen2,380,4,12,0.0,1.619553253141608,0.9995576422123205,0.0009432797134360423,0
93,94,6,within,witnessed,0,85,seen2,380,4,12,0.0,1.5119498956815596,0.9994709589239015,0.0010867571241042848,0
100,107,7,cross,witnessed,0,85,seen2,380,4,12,0.0,0.36209150808745993,0.9973270874759561,0.005583055949222804,0
101,108,7,cross,witnessed,0,85,seen2,380,4,12,0.0,0.36209150808745993,0.9973865441084512,0.005224183471118221,0
100,101,7,within,witnessed,0,85,seen2,380,4,12,0.0,1.619553253141608,0.9995639283987312,0.0008836173179319975,0
107,108,7,within,witnessed,0,85,seen2,380,4,12,0.0,1.5119498956815591,0.9995345480219912,0.0009372829805437585,0
2,9,0,cross,witnessed,0,86,seen2,380,4,12,0.0,0.36209150808746,0.9981470978632154,0.0037027319578544194,0
3,10,0,cross,witnessed,0,86,seen2,380,4,12,0.0,0.3620915080874599,0.9981198199019744,0.003782378677061559,0
2,3,0,within,witnessed,0,86,seen2,380,4,12,0.0,1.6195532531416101,0.9997152338761158,0.0006294679584502813,0
9,10,0,within,witnessed,0,86,seen2,380,4,12,0.0,1.5119498956815618,0.9996981025981586,0.0006830352034048968,0
16,23,1,cross,witnessed,0,86,seen2,380,4,12,0.0,0.3620915080874599,0.9974330441428034,0.005128478118826239,0
17,24,1,cross,witnessed,0,86,seen2,380,4,12,0.0,0.36209150808745993,0.998030067105846,0.003948788897991014,0
16,17,1,within,witnessed,0,86,seen2,380,4,12,0.0,1.619553253141607,0.9994487295993577,0.0011025829048805524,0
23,24,1,within,witnessed,0,86,seen2,380,4,12,0.0,1.5119498956815591,0.999490309731459,0.001019332014487441,0
30,37,2,cross,unwitnessed,0,86,seen2,380,4,12,0.0,0.3620940524716616,0.9985807024252322,0.0029304259416502118,0
31,38,2,cross,unwitnessed,0,86,seen2,380,4,12,1.3866695599588098e-32,0.3620940524716474,0.9978476593337067,0.004309512718504645,0
30,31,2,within,unwitnessed,1,86,seen2,380,4,12,0.14285714285714293,285.97844599987144,-0.09328778863548157,1.0819902384063063,1
37,38,2,within,unwitnessed,1,86,seen2,380,4,12,0.14285714285714288,285.9784459998714,0.4496661429464996,0.866579048544718,1
44,51,3,cross,witnessed,0,86,seen2,380,4,12,0.0,0.3620915080874598,0.9987532222229869,0.0024979289529010965,0
45,52,3,cross,witnessed,0,86,seen2,380,4,12,0.0,0.36209150808745993,0.9971524703174325,0.005802566648041433,0
44,45,3,within,witnessed,0,86,seen2,380,4,12,0.0,1.6195532531416075,0.9994781707010494,0.0010817003866993814,0
51,52,3,within,witnessed,0,86,seen2,380,4,12,0.0,1.5119498956815591,0.9994864660839314,0.0010719608452483488,0
58,65,4,cross,unwitnessed,0,86,seen2,380,4,12,0.0,0.3620940524716616,0.9975115326547226,0.004994511246341549,0
59,66,4,cross,unwitnessed,0,86,seen2,380,4,12,3.8518598887744717e-32,0.3620940524716758,0.9982085034649891,0.003602583143844592,0
58,59,4,within,unwitnessed,1,86,seen2,380,4,12,0.14285714285714293,285.9784459998442,0.2454675449151454,0.9409621497334674,1
65,66,4,within,unwitnessed,1,86,seen2,380,4,12,0.14285714285714274,285.97844599984427,0.4285489872019031,0.8771049323718355,1
72,79,5,cross,unwitnessed,0,86,seen2,380,4,12,3.8518598887744717e-32,0.3620940524716332,0.997106862286809,0.005782671857773333,0
73,80,5,cross,unwitnessed,0,86,seen2,380,4,12,0.0,0.3620940524716332,0.9978590760195528,0.004280877992081788,0
72,73,5,within,unwitnessed,1,86,seen2,380,4,12,0.14285714285714274,285.97844599961695,0.17426344893497753,0.9702795348204446,1
79,80,5,within,unwitnessed,1,86,seen2,380,4,12,0.14285714285714288,285.978445999617,0.3247532782528199,0.9077834510946444,1
86,93,6,cross,witnessed,0,86,seen2,380,4,12,0.0,0.36209150808746,0.9980342423221611,0.004000105525868815,0
87,94,6,cross,witnessed,0,86,seen2,380,4,12,0.0,0.36209150808746,0.9977188349341947,0.004751039246171439,0
86,87,6,within,witnessed,0,86,seen2,380,4,12,0.0,1.619553253141608,0.9997296800383929,0.0005412940168392157,0
93,94,6,within,witnessed,0,86,seen2,380,4,12,0.0,1.5119498956815596,0.9996521615090965,0.0006980791784995506,0
100,107,7,cross,unwitnessed,0,86,seen2,380,4,12,1.2480026039629288e-31,0.3620940524716616,0.9964831054945732,0.007964326548913523,0
101,108,7,cross,unwitnessed,0,86,seen2,380,4,12,2.465190328815662e-32,0.3620940524716474,0.9979343847431067,0.004178073238330708,0
100,101,7,within,unwitnessed,1,86,seen2,380,4,12,0.14285714285714274,285.97844599987144,0.2935474982082058,0.9321723656658432,1
107,108,7,within,unwitnessed,1,86,seen2,380,4,12,0.14285714285714288,285.9784459998714,0.1766969976984293,0.9707603276932332,1
2,9,0,cross,unwitnessed,0,87,seen2,380,4,12,0.0,0.3620940524716474,0.9981048206370056,0.0038273360992029234,0
3,10,0,cross,unwitnessed,0,87,seen2,380,4,12,3.8518598887744717e-32,0.3620940524716616,0.998327558052416,0.0033470379190064423,0
2,3,0,within,unwitnessed,1,87,seen2,380,4,12,0.14285714285714293,285.9784459998442,0.040757271048878704,1.024591222046868,1
9,10,0,within,unwitnessed,1,87,seen2,380,4,12,0.14285714285714274,285.9784459998443,0.17769807228606238,0.9709199024970298,1
16,23,1,cross,witnessed,0,87,seen2,380,4,12,0.0,0.3620915080874599,0.9985838728872236,0.002844805674946953,0
17,24,1,cross,witnessed,0,87,seen2,380,4,12,0.0,0.36209150808745993,0.9973761780958589,0.005258088261323631,0
16,17,1,within,witnessed,0,87,seen2,380,4,12,0.0,1.619553253141607,0.999318322800236,0.0013836031037908017,0
23,24,1,within,witnessed,0,87,seen2,380,4,12,0.0,1.5119498956815591,0.9993590798203915,0.0012817820651681243,0
30,37,2,cross,witnessed,0,87,seen2,380,4,12,0.0,0.3620915080874599,0.9979562175423795,0.004122484396034698,0
31,38,2,cross,witnessed,0,87,seen2,380,4,12,0.0,0.3620915080874599,0.996062368757507,0.007860438404328516,0
30,31,2,within,witnessed,0,87,seen2,380,4,12,0.0,1.619553253141607,0.9996489400914156,0.0007524875024286622,0
37,38,2,within,witnessed,0,87,seen2,380,4,12,0.0,1.5119498956815591,0.9996949133812406,0.0006418824680216554,0
44,51,3,cross,unwitnessed,0,87,seen2,380,4,12,3.8518598887744717e-32,0.3620940524716616,0.9983257498485728,0.0033578707481436076,0
45,52,3,cross,unwitnessed,0,87,seen2,380,4,12,0.0,0.3620940524716474,0.9981884517330926,0.0036341097080064277,0
44,45,3,within,unwitnessed,1,87,seen2,380,4,12,0.14285714285714274,285.97844599987144,-0.011841538416819727,1.0739487908315946,1
51,52,3,within,unwitnessed,1,87,seen2,380,4,12,0.14285714285714288,285.9784459998714,0.15690514257993868,0.9769747360979857,1
58,65,4,cross,witnessed,0,87,seen2,380,4,12,0.0,0.36209150808745993,0.9973617495094639,0.005301298560340026,0
59,66,4,cross,witnessed,0,87,seen2,380,4,12,0.0,0.3620915080874598,0.998113099588501,0.004027671425151644,0
58,59,4,within,witnessed,0,87,seen2,380,4,12,0.0,1.619553253141608,0.9996453019032696,0.0007377903460808594,0
65,66,4,within,witnessed,0,87,seen2,380,4,12,0.0,1.51194989568156,0.9996718629799314,0.0006600298016991262,0
72,79,5,cross,unwitnessed,0,87,seen2,380,4,12,3.8518598887744717e-32,0.3620940524716332,0.9968413236910015,0.006508664545465457,0
73,80,5,cross,unwitnessed,0,87,seen2,380,4,12,0.0,0.3620940524716332,0.9977767262455076,0.0048716276459720275,0
72,73,5,within,unwitnessed,1,87,seen2,380,4,12,0.14285714285714274,285.97844599961695,0.09994131225038451,1.0060205465081342,1
79,80,5,within,unwitnessed,1,87,seen2,380,4,12,0.14285714285714288,285.978445999617,0.08498376746869613,1.0053944045704812,1
86,93,6,cross,unwitnessed,0,87,seen2,380,4,12,1.5407439555097887e-33,0.3620940524716616,0.9983750567258212,0.0032695233888256825,0
87,94,6,cross,unwitnessed,0,87,seen2,380,4,12,2.465190328815662e-32,0.3620940524716474,0.9970623806451681,0.0059571462404629134,0
86,87,6,within,unwitnessed,1,87,seen2,380,4,12,0.14285714285714293,285.97844599987144,-0.13773420500878583,1.0983302462409317,1
93,94,6,within,unwitnessed,1,87,seen2,380,4,12,0.14285714285714288,285.9784459998714,-0.025107855857743527,1.0424486498268726,1
100,107,7,cross,witnessed,0,87,seen2,380,4,12,0.0,0.36209150808745993,0.9972421007703691,0.00569419446868953,0
101,108,7,cross,witnessed,0,87,seen2,380,4,12,0.0,0.36209150808745993,0.9984008292515003,0.0032040628959189325,0
100,101,7,within,witnessed,0,87,seen2,380,4,12,0.0,1.619553253141608,0.9993767781234274,0.001253728933067416,0
107,108,7,within,witnessed,0,87,seen2,380,4,12,0.0,1.5119498956815591,0.9994903883924935,0.0010241218800971675,0
2,9,0,cross,unwitnessed,0,88,seen2,380,4,12,0.0,0.3620940524716474,0.9981374363533358,0.0037276802805552025,0
3,10,0,cross,unwitnessed,0,88,seen2,380,4,12,3.8518598887744717e-32,0.3620940524716616,0.9981333745813461,0.003735255918931595,0
2,3,0,within,unwitnessed,1,88,seen2,380,4,12,0.14285714285714293,285.9784459998442,0.15802644564786236,0.9762517712633553,1
9,10,0,within,unwitnessed,1,88,seen2,380,4,12,0.14285714285714274,285.9784459998443,0.15156932508612325,0.9770267562683049,1
16,23,1,cross,witnessed,0,88,seen2,380,4,12,0.0,0.3620915080874599,0.9969928463808096,0.006005712353155355,0
17,24,1,cross,witnessed,0,88,seen2,380,4,12,0.0,0.36209150808745993,0.9987117772769977,0.0025847013605176873,0
16,17,1,within,witnessed,0,88,seen2,380,4,12,0.0,1.619553253141607,0.9995435915842099,0.0009546164649677904,0
23,24,1,within,witnessed,0,88,seen2,380,4,12,0.0,1.5119498956815591,0.9995516651746692,0.0009123765079973492,0
30,37,2,cross,unwitnessed,0,88,seen2,380,4,12,0.0,0.3620940524716616,0.9978157338056635,0.004367583042416867,0
31,38,2,cross,unwitnessed,0,88,seen2,380,4,12,1.3866695599588098e-32,0.3620940524716474,0.9976626928301379,0.004669627665203892,0
30,31,2,within,unwitnessed,1,88,seen2,380,4,12,0.14285714285714293,285.97844599987144,0.17475179633741503,0.9696323389104914,1
37,38,2,within,unwitnessed,1,88,seen2,380,4,12,0.14285714285714288,285.9784459998714,0.023548607166902404,1.0283491759573589,1
44,51,3,cross,witnessed,0,88,seen2,380,4,12,0.0,0.3620915080874598,0.9985221739117235,0.003046520786918949,0
45,52,3,cross,witnessed,0,88,seen2,380,4,12,0.0,0.36209150808745993,0.9977815870699347,0.00465215651386969,0
44,45,3,within,witnessed,0,88,seen2,380,4,12,0.0,1.6195532531416075,0.9994623796565573,0.0010765731076260185,0
51,52,3,within,witnessed,0,88,seen2,380,4,12,0.0,1.5119498956815591,0.9994809847267245,0.0010475810140139344,0
58,65,4,cross,unwitnessed,0,88,seen2,380,4,12,0.0,0.3620940524716616,0.998029848455195,0.00393983283424686,0
59,66,4,cross,unwitnessed,0,88,seen2,380,4,12,3.8518598887744717e-32,0.3620940524716758,0.9981310097154005,0.0038891681948011463,0
58,59,4,within,unwitnessed,1,88,seen2,380,4,12,0.14285714285714293,285.9784459998442,0.3039336955211236,0.921901437448403,1
65,66,4,within,unwitnessed,1,88,seen2,380,4,12,0.14285714285714274,285.97844599984427,0.044539789447083526,1.0230502514944761,1
72,79,5,cross,unwitnessed,0,88,seen2,380,4,12,3.8518598887744717e-32,0.3620940524716332,0.9985064224038183,0.0030260324479664765,0
73,80,5,cross,unwitnessed,0,88,seen2,380,4,12,0.0,0.3620940524716332,0.9981688313983323,0.0037634476838288985,0
72,73,5,within,unwitnessed,1,88,seen2,380,4,12,0.14285714285714274,285.97844599961695,0.2575212059715687,0.9376471264858564,1
79,80,5,within,unwitnessed,1,88,seen2,380,4,12,0.14285714285714288,285.978445999617,0.2786922383960899,0.9323223358353964,1
86,93,6,cross,witnessed,0,88,seen2,380,4,12,0.0,0.36209150808746,0.9971148989625336,0.0058061137630962155,0
87,94,6,cross,witnessed,0,88,seen2,380,4,12,0.0,0.36209150808746,0.9985070879015262,0.003003251271436398,0
86,87,6,within,witnessed,0,88,seen2,380,4,12,0.0,1.619553253141608,0.999535723160529,0.0009335048589482158,0
93,94,6,within,witnessed,0,88,seen2,380,4,12,0.0,1.5119498956815596,0.9994396224602357,0.0011237111408347433,0
100,107,7,cross,witnessed,0,88,seen2,380,4,12,0.0,0.36209150808745993,0.9978267429670847,0.004368413370331803,0
101,108,7,cross,witnessed,0,88,seen2,380,4,12,0.0,0.36209150808745993,0.9975352022459907,0.004944745325016276,0
100,101,7,within,witnessed,0,88,seen2,380,4,12,0.0,1.619553253141608,0.9995166982436812,0.0009805437712021071,0
107,108,7,within,witnessed,0,88,seen2,380,4,12,0.0,1.5119498956815591,0.9996482570263956,0.0007206209067735726,0
2,9,0,cross,witnessed,0,89,seen2,380,4,12,0.0,0.36209150808746,0.9984150440382199,0.003272557627276762,0
3,10,0,cross,witnessed,0,89,seen2,380,4,12,0.0,0.3620915080874599,0.997530325533526,0.004965485576551927,0
2,3,0,within,witnessed,0,89,seen2,380,4,12,0.0,1.6195532531416101,0.9995811398986124,0.0008386654530464156,0
9,10,0,within,witnessed,0,89,seen2,380,4,12,0.0,1.5119498956815618,0.999670108304698,0.000659898415841487,0
16,23,1,cross,unwitnessed,0,89,seen2,380,4,12,3.8518598887744717e-32,0.3620940524716474,0.9976392304205921,0.004716302018786742,0
17,24,1,cross,unwitnessed,0,89,seen2,380,4,12,0.0,0.3620940524716332,0.9975976561027543,0.004807108386539339,0
16,17,1,within,unwitnessed,1,89,seen2,380,4,12,0.14285714285714274,285.97844599970784,0.27890424254856466,0.9331104632571552,1
23,24,1,within,unwitnessed,1,89,seen2,380,4,12,0.14285714285714288,285.97844599970796,0.012983707307897791,1.0352454176947814,1
30,37,2,cross,witnessed,0,89,seen2,380,4,12,0.0,0.3620915080874599,0.9977939485167889,0.004450760649523689,0
31,38,2,cross,witnessed,0,89,seen2,380,4,12,0.0,0.3620915080874599,0.9972939877794786,0.005414469493527601,0
30,31,2,within,witnessed,0,89,seen2,380,4,12,0.0,1.619553253141607,0.9995346428951487,0.0009663710163198643,0
37,38,2,within,witnessed,0,89,seen2,380,4,12,0.0,1.5119498956815591,0.9994935597602542,0.0010606578042559826,0
44,51,3,cross,unwitnessed,0,89,seen2,380,4,12,3.8518598887744717e-32,0.3620940524716616,0.9982357290178433,0.003535629801170156,0
45,52,3,cross,unwitnessed,0,89,seen2,380,4,12,0.0,0.3620940524716474,0.997650745013108,0.004694124904297338,0
44,45,3,within,unwitnessed,1,89,seen2,380,4,12,0.14285714285714274,285.97844599987144,0.10290116726539311,0.9944661567128444,1
51,52,3,within,unwitnessed,1,89,seen2,380,4,12,0.14285714285714288,285.9784459998714,0.26350042166027837,0.9400857666918176,1
58,65,4,cross,unwitnessed,0,89,seen2,380,4,12,0.0,0.3620940524716616,0.9971600470173885,0.005739066179514596,0
59,66,4,cross,unwitnessed,0,89,seen2,380,4,12,3.8518598887744717e-32,0.3620940524716758,0.9986816211537513,0.0027813708959036495,0
58,59,4,within,unwitnessed,1,89,seen2,380,4,12,0.14285714285714293,285.9784459998442,0.14410953962994996,0.9796824370847158,1
65,66,4,within,unwitnessed,1,89,seen2,380,4,12,0.14285714285714274,285.97844599984427,-0.01634248960724253,1.0249219665391776,1
72,79,5,cross,witnessed,0,89,seen2,380,4,12,0.0,0.3620915080874598,0.9970459568057125,0.005900534397254278,0
73,80,5,cross,witnessed,0,89,seen2,380,4,12,0.0,0.3620915080874598,0.9982077514231966,0.0035923208901385774,0
72,73,5,within,witnessed,0,89,seen2,380,4,12,0.0,1.6195532531416061,0.9996964308335616,0.0006079812102148303,0
79,80,5,within,witnessed,0,89,seen2,380,4,12,0.0,1.5119498956815585,0.9997366374110537,0.0005346953213045015,0
86,93,6,cross,unwitnessed,0,89,seen2,380,4,12,1.5407439555097887e-33,0.3620940524716616,0.9982490514814625,0.003532826539519418,0
87,94,6,cross,unwitnessed,0,89,seen2,380,4,12,2.465190328815662e-32,0.3620940524716474,0.9970588785076504,0.00650615584276697,0
86,87,6,within,unwitnessed,1,89,seen2,380,4,12,0.14285714285714293,285.97844599987144,-0.02702488176447361,1.0421841200048325,1
93,94,6,within,unwitnessed,1,89,seen2,380,4,12,0.14285714285714288,285.9784459998714,0.035551135265370584,1.0098260127987948,1
100,107,7,cross,witnessed,0,89,seen2,380,4,12,0.0,0.36209150808745993,0.9973875402093253,0.0053626479071153645,0
101,108,7,cross,witnessed,0,89,seen2,380,4,12,0.0,0.36209150808745993,0.997607488146565,0.004806288641209662,0
100,101,7,within,witnessed,0,89,seen2,380,4,12,0.0,1.619553253141608,0.999582572787234,0.0008488223780272836,0
107,108,7,within,witnessed,0,89,seen2,380,4,12,0.0,1.5119498956815591,0.999579862775386,0.0008497444710191688,0
2,9,0,cross,unwitnessed,0,90,seen2,380,4,12,0.0,0.3620940524716474,0.997958432617049,0.004130494155465486,0
3,10,0,cross,unwitnessed,0,90,seen2,380,4,12,3.8518598887744717e-32,0.3620940524716616,0.9953186040691654,0.009391647057735718,0
2,3,0,within,unwitnessed,1,90,seen2,380,4,12,0.14285714285714293,285.9784459998442,0.21744139090451312,0.9527195649545337,1
9,10,0,within,unwitnessed,1,90,seen2,380,4,12,0.14285714285714274,285.9784459998443,-0.1838836164150087,1.1279719179791547,1
16,23,1,cross,witnessed,0,90,seen2,380,4,12,0.0,0.3620915080874599,0.9973175169035747,0.005364841181709977,0
17,24,1,cross,witnessed,0,90,seen2,380,4,12,0.0,0.36209150808745993,0.9961530191081895,0.008073606178292067,0
16,17,1,within,witnessed,0,90,seen2,380,4,12,0.0,1.619553253141607,0.999364877807762,0.0012880046965321836,0
23,24,1,within,witnessed,0,90,seen2,380,4,12,0.0,1.5119498956815591,0.9994340991822738,0.0011367853546100921,0
30,37,2,cross,witnessed,0,90,seen2,380,4,12,0.0,0.3620915080874599,0.9979868894669062,0.004030679371007913,0
31,38,2,cross,witnessed,0,90,seen2,380,4,12,0.0,0.3620915080874599,0.9973664342686583,0.005346140189618328,0
30,31,2,within,witnessed,0,90,seen2,380,4,12,0.0,1.619553253141607,0.9995052762079593,0.0010128210828843534,0
37,38,2,within,witnessed,0,90,seen2,380,4,12,0.0,1.5119498956815591,0.9995586542294385,0.0008864394191371292,0
44,51,3,cross,unwitnessed,0,90,seen2,380,4,12,3.8518598887744717e-32,0.3620940524716616,0.997995497889151,0.004142447929478445,0
45,52,3,cross,unwitnessed,0,90,seen2,380,4,12,0.0,0.3620940524716474,0.9979202507127191,0.004192897110858046,0
44,45,3,within,unwitnessed,1,90,seen2,380,4,12,0.14285714285714274,285.97844599987144,0.07691086385159408,1.0058878085231555,1
51,52,3,within,unwitnessed,1,90,seen2,380,4,12,0.14285714285714288,285.9784459998714,0.3839086628221111,0.9027799236710581,1
58,65,4,cross,unwitnessed,0,90,seen2,380,4,12,0.0,0.3620940524716616,0.9979914389327901,0.004113519994939512,0
59,66,4,cross,unwitnessed,0,90,seen2,380,4,12,3.8518598887744717e-32,0.3620940524716758,0.9986993947710493,0.002599633774104298,0
58,59,4,within,unwitnessed,1,90,seen2,380,4,12,0.14285714285714293,285.9784459998442,0.07371951498524097,1.0071356457309284,1
65,66,4,within,unwitnessed,1,90,seen2,380,4,12,0.14285714285714274,285.97844599984427,0.09983315752396012,0.9963473308904419,1
72,79,5,cross,witnessed,0,90,seen2,380,4,12,0.0,0.3620915080874598,0.9973375433358296,0.005326525195823075,0
73,80,5,cross,witnessed,0,90,seen2,380,4,12,0.0,0.3620915080874598,0.9977881809597023,0.0048645579062968425,0
72,73,5,within,witnessed,0,90,seen2,380,4,12,0.0,1.6195532531416061,0.9996983419005937,0.0006211085467449185,0
79,80,5,within,witnessed,0,90,seen2,380,4,12,0.0,1.5119498956815585,0.9997254571034799,0.0005649297265162057,0
86,93,6,cross,unwitnessed,0,90,seen2,380,4,12,1.5407439555097887e-33,0.3620940524716616,0.9979443078738104,0.004222377840819257,0
87,94,6,cross,unwitnessed,0,90,seen2,380,4,12,2.465190328815662e-32,0.3620940524716474,0.9982700182744243,0.0034924190848342807,0
86,87,6,within,unwitnessed,1,90,seen2,380,4,12,0.14285714285714293,285.97844599987144,0.06968147886118627,1.0068629685682655,1
93,94,6,within,unwitnessed,1,90,seen2,380,4,12,0.14285714285714288,285.9784459998714,0.1582711430751854,0.9754450408327618,1
100,107,7,cross,witnessed,0,90,seen2,380,4,12,0.0,0.36209150808745993,0.996789502830912,0.006538509894352977,0
101,108,7,cross,witnessed,0,90,seen2,380,4,12,0.0,0.36209150808745993,0.9973554398226024,0.005705904477474024,0
100,101,7,within,witnessed,0,90,seen2,380,4,12,0.0,1.619553253141608,0.9996246076027642,0.0007514237256746334,0
107,108,7,within,witnessed,0,90,seen2,380,4,12,0.0,1.5119498956815591,0.9996783099193597,0.0006456658941738729,0
2,9,0,cross,unwitnessed,0,91,seen2,380,4,12,0.0,0.3620940524716474,0.9976236839808664,0.005309016986392755,0
3,10,0,cross,unwitnessed,0,91,seen2,380,4,12,3.8518598887744717e-32,0.3620940524716616,0.9972497599269646,0.00554114608118638,0
2,3,0,within,unwitnessed,1,91,seen2,380,4,12,0.14285714285714293,285.9784459998442,0.29327183290970804,0.9164731264186289,1
9,10,0,within,unwitnessed,1,91,seen2,380,4,12,0.14285714285714274,285.9784459998443,0.29981695532256714,0.9169233840857222,1
16,23,1,cross,unwitnessed,0,91,seen2,380,4,12,3.8518598887744717e-32,0.3620940524716474,0.99784461401786,0.004313478224734372,0
17,24,1,cross,unwitnessed,0,91,seen2,380,4,12,0.0,0.3620940524716332,0.9984941046183737,0.003083866192406388,0
16,17,1,within,unwitnessed,1,91,seen2,380,4,12,0.14285714285714274,285.97844599970784,0.2556706035911887,0.9354457283094059,1
23,24,1,within,unwitnessed,1,91,seen2,380,4,12,0.14285714285714288,285.97844599970796,0.17120675577056224,0.9748569006836209,1
30,37,2,cross,unwitnessed,0,91,seen2,380,4,12,0.0,0.3620940524716616,0.9972022671677871,0.005794243828206464,0
31,38,2,cross,unwitnessed,0,91,seen2,380,4,12,1.3866695599588098e-32,0.3620940524716474,0.9970624851666556,0.0058757721937455504,0
30,31,2,within,unwitnessed,1,91,seen2,380,4,12,0.14285714285714293,285.97844599987144,0.1738609249949944,0.9706458588453915,1
37,38,2,within,unwitnessed,1,91,seen2,380,4,12,0.14285714285714288,285.9784459998714,0.25638997824703164,0.9489169395340877,1
44,51,3,cross,witnessed,0,91,seen2,380,4,12,0.0,0.3620915080874598,0.9972607952624838,0.005655853800226331,0
45,52,3,cross,witnessed,0,91,seen2,380,4,12,0.0,0.36209150808745993,0.9980975516320187,0.0039376839918583125,0
44,45,3,within,witnessed,0,91,seen2,380,4,12,0.0,1.6195532531416075,0.9994168063462454,0.0012378495029433014,0
51,52,3,within,witnessed,0,91,seen2,380,4,12,0.0,1.5119498956815591,0.999474057075881,0.0010666356825867077,0
58,65,4,cross,unwitnessed,0,91,seen2,380,4,12,0.0,0.3620940524716616,0.9980943347552931,0.00381208375702538,0
59,66,4,cross,unwitnessed,0,91,seen2,380,4,12,3.8518598887744717e-32,0.3620940524716758,0.9982251441389226,0.0035518240394783154,0
58,59,4,within,unwitnessed,1,91,seen2,380,4,12,0.14285714285714293,285.9784459998442,-0.057937067364302854,1.060274019664005,1
65,66,4,within,unwitnessed,1,91,seen2,380,4,12,0.14285714285714274,285.97844599984427,0.12031277316408882,0.9954145074040465,1
72,79,5,cross,witnessed,0,91,seen2,380,4,12,0.0,0.3620915080874598,0.9968418200499679,0.006506937985475316,0
73,80,5,cross,witnessed,0,91,seen2,380,4,12,0.0,0.3620915080874598,0.9966262748075971,0.006780342707748634,0
72,73,5,within,witnessed,0,91,seen2,380,4,12,0.0,1.6195532531416061,0.9995565389034456,0.0009199775558207813,0
79,80,5,within,witnessed,0,91,seen2,380,4,12,0.0,1.5119498956815585,0.999657414775386,0.0007018591507943245,0
86,93,6,cross,witnessed,0,91,seen2,380,4,12,0.0,0.36209150808746,0.9975127064685744,0.00505567330085144,0
87,94,6,cross,witnessed,0,91,seen2,380,4,12,0.0,0.36209150808746,0.9974860768112449,0.005030931032311359,0
86,87,6,within,witnessed,0,91,seen2,380,4,12,0.0,1.619553253141608,0.9997401072335206,0.000519810474104483,0
93,94,6,within,witnessed,0,91,seen2,380,4,12,0.0,1.5119498956815596,0.9997568884182313,0.0004899481354231121,0
100,107,7,cross,witnessed,0,91,seen2,380,4,12,0.0,0.36209150808745993,0.9966462293127886,0.00694372501672484,0
101,108,7,cross,witnessed,0,91,seen2,380,4,12,0.0,0.36209150808745993,0.9981351595198028,0.003751456095779523,0
100,101,7,within,witnessed,0,91,seen2,380,4,12,0.0,1.619553253141608,0.9996743897623959,0.0007278046623239857,0
107,108,7,within,witnessed,0,91,seen2,380,4,12,0.0,1.5119498956815591,0.9997259081637176,0.0005650548462764696,0
2,9,0,cross,unwitnessed,0,92,seen2,380,4,12,0.0,0.3620940524716474,0.9982447256259491,0.0035250363529571744,0
3,10,0,cross,unwitnessed,0,92,seen2,380,4,12,3.8518598887744717e-32,0.3620940524716616,0.997621099325037,0.004874544539125439,0
2,3,0,within,unwitnessed,1,92,seen2,380,4,12,0.14285714285714293,285.9784459998442,0.26377907710004994,0.9425518978301977,1
9,10,0,within,unwitnessed,1,92,seen2,380,4,12,0.14285714285714274,285.9784459998443,0.14399715622310463,0.9797672845833792,1
16,23,1,cross,unwitnessed,0,92,seen2,380,4,12,3.8518598887744717e-32,0.3620940524716474,0.9980760526785091,0.00392365256102539,0
17,24,1,cross,unwitnessed,0,92,seen2,380,4,12,0.0,0.3620940524716332,0.998915875347407,0.0022005308347524243,0
16,17,1,within,unwitnessed,1,92,seen2,380,4,12,0.14285714285714274,285.97844599970784,0.21036533736267884,0.9566001023417806,1
23,24,1,within,unwitnessed,1,92,seen2,380,4,12,0.14285714285714288,285.97844599970796,0.15895639805674475,0.9765132519796406,1
30,37,2,cross,unwitnessed,0,92,seen2,380,4,12,0.0,0.3620940524716616,0.997343280667952,0.00538592568819008,0
31,38,2,cross,unwitnessed,0,92,seen2,380,4,12,1.3866695599588098e-32,0.3620940524716474,0.9981704696392985,0.0036795720626169584,0
30,31,2,within,unwitnessed,1,92,seen2,380,4,12,0.14285714285714293,285.97844599987144,0.23506047436727795,0.9519275218297669,1
37,38,2,within,unwitnessed,1,92,seen2,380,4,12,0.14285714285714288,285.9784459998714,0.0276890204212647,1.0255889927035768,1
44,51,3,cross,witnessed,0,92,seen2,380,4,12,0.0,0.3620915080874598,0.9976538932487281,0.004691326186536547,0
45,52,3,cross,witnessed,0,92,seen2,380,4,12,0.0,0.36209150808745993,0.9979119648064741,0.004174474826727841,0
44,45,3,within,witnessed,0,92,seen2,380,4,12,0.0,1.6195532531416075,0.9992559659273634,0.0014930750937631387,0
51,52,3,within,witnessed,0,92,seen2,380,4,12,0.0,1.5119498956815591,0.9994681566627419,0.0010654947388090345,0
58,65,4,cross,witnessed,0,92,seen2,380,4,12,0.0,0.36209150808745993,0.9971808791275467,0.0057124222478274886,0
59,66,4,cross,witnessed,0,92,seen2,380,4,12,0.0,0.3620915080874598,0.9980475504845063,0.00394850519381874,0
58,59,4,within,witnessed,0,92,seen2,380,4,12,0.0,1.619553253141608,0.9995222673031513,0.0009767089287747322,0
65,66,4,within,witnessed,0,92,seen2,380,4,12,0.0,1.51194989568156,0.9996193006406737,0.0007694628397533788,0
72,79,5,cross,witnessed,0,92,seen2,380,4,12,0.0,0.3620915080874598,0.9978955159783599,0.004251213583970545,0
73,80,5,cross,witnessed,0,92,seen2,380,4,12,0.0,0.3620915080874598,0.9982267006707882,0.0036072009327512903,0
72,73,5,within,witnessed,0,92,seen2,380,4,12,0.0,1.6195532531416061,0.9995229818779452,0.0009538189159446059,0
79,80,5,within,witnessed,0,92,seen2,380,4,12,0.0,1.5119498956815585,0.9996763172920086,0.0006555493287658773,0
86,93,6,cross,unwitnessed,0,92,seen2,380,4,12,1.5407439555097887e-33,0.3620940524716616,0.9979992100623155,0.00399821850703407,0
87,94,6,cross,unwitnessed,0,92,seen2,380,4,12,2.465190328815662e-32,0.3620940524716474,0.9968833419623527,0.006228438304308265,0
86,87,6,within,unwitnessed,1,92,seen2,380,4,12,0.14285714285714293,285.97844599987144,0.17027341956132094,0.9710755002184055,1
93,94,6,within,unwitnessed,1,92,seen2,380,4,12,0.14285714285714288,285.9784459998714,0.037118528111984225,1.0206132332199773,1
100,107,7,cross,witnessed,0,92,seen2,380,4,12,0.0,0.36209150808745993,0.9972185105054702,0.005557057186989507,0
101,108,7,cross,witnessed,0,92,seen2,380,4,12,0.0,0.36209150808745993,0.9974869693653436,0.00505501873673769,0
100,101,7,within,witnessed,0,92,seen2,380,4,12,0.0,1.619553253141608,0.9994885333099576,0.0010309040056215655,0
107,108,7,within,witnessed,0,92,seen2,380,4,12,0.0,1.5119498956815591,0.9996116319074115,0.0007766322973179088,0
2,9,0,cross,unwitnessed,0,93,seen2,380,4,12,0.0,0.3620940524716474,0.9974837158166052,0.0050472081658481565,0
3,10,0,cross,unwitnessed,0,93,seen2,380,4,12,3.8518598887744717e-32,0.3620940524716616,0.9970107836808402,0.006060040980498802,0
2,3,0,within,unwitnessed,1,93,seen2,380,4,12,0.14285714285714293,285.9784459998442,0.15254331316966416,0.9768493812822236,1
9,10,0,within,unwitnessed,1,93,seen2,380,4,12,0.14285714285714274,285.9784459998443,-0.026506765558510746,1.030065794801798,1
16,23,1,cross,witnessed,0,93,seen2,380,4,12,0.0,0.3620915080874599,0.9980124606866353,0.003975331213094778,0
17,24,1,cross,witnessed,0,93,seen2,380,4,12,0.0,0.36209150808745993,0.9973198261721054,0.005383540635402905,0
16,17,1,within,witnessed,0,93,seen2,380,4,12,0.0,1.619553253141607,0.9995915779802214,0.0008263386044155423,0
23,24,1,within,witnessed,0,93,seen2,380,4,12,0.0,1.5119498956815591,0.9996393235134463,0.0007577711996211089,0
30,37,2,cross,witnessed,0,93,seen2,380,4,12,0.0,0.3620915080874599,0.9984127236514182,0.0031977096796452845,0
31,38,2,cross,witnessed,0,93,seen2,380,4,12,0.0,0.3620915080874599,0.9978443135046644,0.004341873500738903,0
30,31,2,within,witnessed,0,93,seen2,380,4,12,0.0,1.619553253141607,0.9994981961270126,0.0010069734054277252,0
37,38,2,within,witnessed,0,93,seen2,380,4,12,0.0,1.5119498956815591,0.9994493669452268,0.0011197481961303167,0
44,51,3,cross,unwitnessed,0,93,seen2,380,4,12,3.8518598887744717e-32,0.3620940524716616,0.9976032469930192,0.004835826661632245,0
45,52,3,cross,unwitnessed,0,93,seen2,380,4,12,0.0,0.3620940524716474,0.9985874889798145,0.002830732361272127,0
44,45,3,within,unwitnessed,1,93,seen2,380,4,12,0.14285714285714274,285.97844599987144,0.40169561698369016,0.8898451029526929,1
51,52,3,within,unwitnessed,1,93,seen2,380,4,12,0.14285714285714288,285.9784459998714,0.13661292898880145,0.987282339713879,1
58,65,4,cross,unwitnessed,0,93,seen2,380,4,12,0.0,0.3620940524716616,0.9982813697880105,0.003536133546155111,0
59,66,4,cross,unwitnessed,0,93,seen2,380,4,12,3.8518598887744717e-32,0.3620940524716758,0.997121343961738,0.006316964821403315,0
58,59,4,within,unwitnessed,1,93,seen2,380,4,12,0.14285714285714293,285.9784459998442,0.24702010590002782,0.9435423580919112,1
65,66,4,within,unwitnessed,1,93,seen2,380,4,12,0.14285714285714274,285.97844599984427,0.1105899269592553,0.9895110954247119,1
72,79,5,cross,witnessed,0,93,seen2,380,4,12,0.0,0.3620915080874598,0.9970685612809623,0.005890438023349459,0
73,80,5,cross,witnessed,0,93,seen2,380,4,12,0.0,0.3620915080874598,0.9971518675654112,0.005697963170123811,0
72,73,5,within,witnessed,0,93,seen2,380,4,12,0.0,1.6195532531416061,0.9995266486142472,0.0009466639295459907,0
79,80,5,within,witnessed,0,93,seen2,380,4,12,0.0,1.5119498956815585,0.9995654271600573,0.0008851980677621133,0
86,93,6,cross,witnessed,0,93,seen2,380,4,12,0.0,0.36209150808746,0.9981123382147452,0.0038735418021065447,0
87,94,6,cross,witnessed,0,93,seen2,380,4,12,0.0,0.36209150808746,0.9977705810386993,0.00445597476019428,0
86,87,6,within,witnessed,0,93,seen2,380,4,12,0.0,1.619553253141608,0.9996683145485933,0.000667663909449527,0
93,94,6,within,witnessed,0,93,seen2,380,4,12,0.0,1.5119498956815596,0.9997114203203954,0.000590057536113158,0
100,107,7,cross,unwitnessed,0,93,seen2,380,4,12,1.2480026039629288e-31,0.3620940524716616,0.998272974122853,0.003628326821460415,0
101,108,7,cross,unwitnessed,0,93,seen2,380,4,12,2.465190328815662e-32,0.3620940524716474,0.9983883723886053,0.0032998551184647913,0
100,101,7,within,unwitnessed,1,93,seen2,380,4,12,0.14285714285714274,285.97844599987144,0.13639190253593908,0.9840016885248815,1
107,108,7,within,unwitnessed,1,93,seen2,380,4,12,0.14285714285714288,285.9784459998714,0.20941803609694562,0.9580040061459679,1
2,9,0,cross,unwitnessed,0,94,seen2,380,4,12,0.0,0.3620940524716474,0.9977478095500756,0.004503450868855237,0
3,10,0,cross,unwitnessed,0,94,seen2,380,4,12,3.8518598887744717e-32,0.3620940524716616,0.9984459471160892,0.00331301040008102,0
2,3,0,within,unwitnessed,1,94,seen2,380,4,12,0.14285714285714293,285.9784459998442,0.13793529135061375,0.9901361181682422,1
9,10,0,within,unwitnessed,1,94,seen2,380,4,12,0.14285714285714274,285.9784459998443,0.26563532084922514,0.9306160105224396,1
16,23,1,cross,unwitnessed,0,94,seen2,380,4,12,3.8518598887744717e-32,0.3620940524716474,0.9986180476074399,0.0027911750133282646,0
17,24,1,cross,unwitnessed,0,94,seen2,380,4,12,0.0,0.3620940524716332,0.9983060594963251,0.0034950870340557856,0
16,17,1,within,unwitnessed,1,94,seen2,380,4,12,0.14285714285714274,285.97844599970784,0.43129096273585127,0.8604976315328976,1
23,24,1,within,unwitnessed,1,94,seen2,380,4,12,0.14285714285714288,285.97844599970796,0.11998903836528403,0.9956926129933392,1
30,37,2,cross,unwitnessed,0,94,seen2,380,4,12,0.0,0.3620940524716616,0.9977047145234781,0.004593301988100063,0
31,38,2,cross,unwitnessed,0,94,seen2,380,4,12,1.3866695599588098e-32,0.3620940524716474,0.9977313501393967,0.004567217328046822,0
30,31,2,within,unwitnessed,1,94,seen2,380,4,12,0.14285714285714293,285.97844599987144,0.2304970592664025,0.9490891235242904,1
37,38,2,within,unwitnessed,1,94,seen2,380,4,12,0.14285714285714288,285.9784459998714,0.12835147896811105,0.9858035012940661,1
44,51,3,cross,witnessed,0,94,seen2,380,4,12,0.0,0.3620915080874598,0.9972504953311871,0.005529018051298555,0
45,52,3,cross,witnessed,0,94,seen2,380,4,12,0.0,0.36209150808745993,0.9978244536712431,0.004346601793249537,0
44,45,3,within,witnessed,0,94,seen2,380,4,12,0.0,1.6195532531416075,0.9996830386890931,0.0006342822152759166,0
51,52,3,within,witnessed,0,94,seen2,380,4,12,0.0,1.5119498956815591,0.9997284417034782,0.0005436542642012767,0
58,65,4,cross,witnessed,0,94,seen2,380,4,12,0.0,0.36209150808745993,0.9974144446897816,0.005164512891067346,0
59,66,4,cross,witnessed,0,94,seen2,380,4,12,0.0,0.3620915080874598,0.9983177602799035,0.003558071837938641,0
58,59,4,within,witnessed,0,94,seen2,380,4,12,0.0,1.619553253141608,0.9996629175362527,0.0007330186197889524,0
65,66,4,within,witnessed,0,94,seen2,380,4,12,0.0,1.51194989568156,0.9996024784946856,0.0008702796887475753,0
72,79,5,cross,witnessed,0,94,seen2,380,4,12,0.0,0.3620915080874598,0.9984801855137244,0.003046314353267618,0
73,80,5,cross,witnessed,0,94,seen2,380,4,12,0.0,0.3620915080874598,0.9981011827036548,0.0037947196197522393,0
72,73,5,within,witnessed,0,94,seen2,380,4,12,0.0,1.6195532531416061,0.9994778039882325,0.001045769656408366,0
79,80,5,within,witnessed,0,94,seen2,380,4,12,0.0,1.5119498956815585,0.9994223737089598,0.0011557205544734115,0
86,93,6,cross,witnessed,0,94,seen2,380,4,12,0.0,0.36209150808746,0.9974633704773241,0.005661730392057684,0
87,94,6,cross,witnessed,0,94,seen2,380,4,12,0.0,0.36209150808746,0.9961193746742095,0.008151823653252984,0
86,87,6,within,witnessed,0,94,seen2,380,4,12,0.0,1.619553253141608,0.9993757527746959,0.0012694256082903875,0
93,94,6,within,witnessed,0,94,seen2,380,4,12,0.0,1.5119498956815596,0.9996624446862533,0.0006931523075311615,0
100,107,7,cross,unwitnessed,0,94,seen2,380,4,12,1.2480026039629288e-31,0.3620940524716616,0.9980907034685965,0.0038786686540666134,0
101,108,7,cross,unwitnessed,0,94,seen2,380,4,12,2.465190328815662e-32,0.3620940524716474,0.9982642535565297,0.0035301938930263686,0
100,101,7,within,unwitnessed,1,94,seen2,380,4,12,0.14285714285714274,285.97844599987144,0.20286241733504135,0.9589730249475714,1
107,108,7,within,unwitnessed,1,94,seen2,380,4,12,0.14285714285714288,285.9784459998714,0.25080455398237134,0.940597349138733,1
2,9,0,cross,witnessed,0,95,seen2,380,4,12,0.0,0.36209150808746,0.9974414404800233,0.005113389157169186,0
3,10,0,cross,witnessed,0,95,seen2,380,4,12,0.0,0.3620915080874599,0.9984815084582326,0.003079130777926915,0
2,3,0,within,witnessed,0,95,seen2,380,4,12,0.0,1.6195532531416101,0.9996178721125567,0.0007649427864789971,0
9,10,0,within,witnessed,0,95,seen2,380,4,12,0.0,1.5119498956815618,0.9995846494735346,0.0008307085528359572,0
16,23,1,cross,unwitnessed,0,95,seen2,380,4,12,3.8518598887744717e-32,0.3620940524716474,0.9975605278700195,0.00497681300392926,0
17,24,1,cross,unwitnessed,0,95,seen2,380,4,12,0.0,0.3620940524716332,0.9971191361060114,0.0057605875107078035,0
16,17,1,within,unwitnessed,1,95,seen2,380,4,12,0.14285714285714274,285.97844599970784,0.14174254351005453,0.9848402126328377,1
23,24,1,within,unwitnessed,1,95,seen2,380,4,12,0.14285714285714288,285.97844599970796,0.14671419345856565,0.9807732779949393,1
30,37,2,cross,witnessed,0,95,seen2,380,4,12,0.0,0.3620915080874599,0.9970903440264811,0.005931450536391484,0
31,38,2,cross,witnessed,0,95,seen2,380,4,12,0.0,0.3620915080874599,0.9981283277647104,0.0037571465945758628,0
30,31,2,within,witnessed,0,95,seen2,380,4,12,0.0,1.619553253141607,0.9995444633044401,0.0009400969286080583,0
37,38,2,within,witnessed,0,95,seen2,380,4,12,0.0,1.5119498956815591,0.9996373596083387,0.0007374534435194651,0
44,51,3,cross,unwitnessed,0,95,seen2,380,4,12,3.8518598887744717e-32,0.3620940524716616,0.9979243994141705,0.0041736668317570395,0
45,52,3,cross,unwitnessed,0,95,seen2,380,4,12,0.0,0.3620940524716474,0.997291089620897,0.00543122591442573,0
44,45,3,within,unwitnessed,1,95,seen2,380,4,12,0.14285714285714274,285.97844599987144,0.3838477417548806,0.9089109720769892,1
51,52,3,within,unwitnessed,1,95,seen2,380,4,12,0.14285714285714288,285.9784459998714,0.40037871217775894,0.9048714493779578,1
58,65,4,cross,unwitnessed,0,95,seen2,380,4,12,0.0,0.3620940524716616,0.996761830646899,0.00647773335642698,0
59,66,4,cross,unwitnessed,0,95,seen2,380,4,12,3.8518598887744717e-32,0.3620940524716758,0.9981395493300838,0.00378798521928621,0
58,59,4,within,unwitnessed,1,95,seen2,380,4,12,0.14285714285714293,285.9784459998442,0.2618766707174717,0.9341845274597916,1
65,66,4,within,unwitnessed,1,95,seen2,380,4,12,0.14285714285714274,285.97844599984427,0.08573580441394832,1.004655561342844,1
72,79,5,cross,witnessed,0,95,seen2,380,4,12,0.0,0.3620915080874598,0.9977202647046978,0.004586277043136644,0
73,80,5,cross,witnessed,0,95,seen2,380,4,12,0.0,0.3620915080874598,0.9982634147685613,0.003476375433173898,0
72,73,5,within,witnessed,0,95,seen2,380,4,12,0.0,1.6195532531416061,0.999498194315519,0.0010221759873897034,0
79,80,5,within,witnessed,0,95,seen2,380,4,12,0.0,1.5119498956815585,0.9995820873224991,0.0008356507793986703,0
86,93,6,cross,unwitnessed,0,95,seen2,380,4,12,1.5407439555097887e-33,0.3620940524716616,0.9985978645346952,0.0029334375781464223,0
87,94,6,cross,unwitnessed,0,95,seen2,380,4,12,2.465190328815662e-32,0.3620940524716474,0.997954037245451,0.004287730345771464,0
86,87,6,within,unwitnessed,1,95,seen2,380,4,12,0.14285714285714293,285.97844599987144,0.1983612907482905,0.9608719848530983,1
93,94,6,within,unwitnessed,1,95,seen2,380,4,12,0.14285714285714288,285.9784459998714,0.21521812479546085,0.9543855393786085,1
100,107,7,cross,witnessed,0,95,seen2,380,4,12,0.0,0.36209150808745993,0.9973178258765041,0.005373078350242978,0
101,108,7,cross,witnessed,0,95,seen2,380,4,12,0.0,0.36209150808745993,0.9975390917416652,0.00503877192581344,0
100,101,7,within,witnessed,0,95,seen2,380,4,12,0.0,1.619553253141608,0.9997223444601092,0.0005673156433249131,0
107,108,7,within,witnessed,0,95,seen2,380,4,12,0.0,1.5119498956815591,0.999738203166114,0.0005347487222598781,0
2,9,0,cross,witnessed,0,96,seen2,380,4,12,0.0,0.36209150808746,0.9980590114287916,0.003960418341132664,0
3,10,0,cross,witnessed,0,96,seen2,380,4,12,0.0,0.3620915080874599,0.9978257920951221,0.004518038380201279,0
2,3,0,within,witnessed,0,96,seen2,380,4,12,0.0,1.6195532531416101,0.9995285052346109,0.0009535135446525646,0
9,10,0,within,witnessed,0,96,seen2,380,4,12,0.0,1.5119498956815618,0.9996564960847057,0.0006921628372325059,0
16,23,1,cross,witnessed,0,96,seen2,380,4,12,0.0,0.3620915080874599,0.998488035425137,0.0030229746132605616,0
17,24,1,cross,witnessed,0,96,seen2,380,4,12,0.0,0.36209150808745993,0.9967243279182056,0.006540948586536208,0
16,17,1,within,witnessed,0,96,seen2,380,4,12,0.0,1.619553253141607,0.9995817943166546,0.0008363164874951915,0
23,24,1,within,witnessed,0,96,seen2,380,4,12,0.0,1.5119498956815591,0.9995216450419652,0.0009583410112818226,0
30,37,2,cross,witnessed,0,96,seen2,380,4,12,0.0,0.3620915080874599,0.9982927167631275,0.0034144362655396466,0
31,38,2,cross,witnessed,0,96,seen2,380,4,12,0.0,0.3620915080874599,0.9976191367714122,0.004912674830518367,0
30,31,2,within,witnessed,0,96,seen2,380,4,12,0.0,1.619553253141607,0.9995163704358767,0.0009686859530854952,0
37,38,2,within,witnessed,0,96,seen2,380,4,12,0.0,1.5119498956815591,0.9994656607434538,0.0010697454417294867,0
44,51,3,cross,unwitnessed,0,96,seen2,380,4,12,3.8518598887744717e-32,0.3620940524716616,0.9968687863810819,0.006387654018622061,0
45,52,3,cross,unwitnessed,0,96,seen2,380,4,12,0.0,0.3620940524716474,0.998322495056168,0.0035271894327966427,0
44,45,3,within,unwitnessed,1,96,seen2,380,4,12,0.14285714285714274,285.97844599987144,0.17855813031271137,0.968201393551872,1
51,52,3,within,unwitnessed,1,96,seen2,380,4,12,0.14285714285714288,285.9784459998714,0.30524275739157514,0.9191063822373762,1
58,65,4,cross,unwitnessed,0,96,seen2,380,4,12,0.0,0.3620940524716616,0.9978216405261461,0.004363896602194383,0
59,66,4,cross,unwitnessed,0,96,seen2,380,4,12,3.8518598887744717e-32,0.3620940524716758,0.9981085809199006,0.003874932877008635,0
58,59,4,within,unwitnessed,1,96,seen2,380,4,12,0.14285714285714293,285.9784459998442,0.2283975520716737,0.9485822486807473,1
65,66,4,within,unwitnessed,1,96,seen2,380,4,12,0.14285714285714274,285.97844599984427,0.2776409505136014,0.9289339837900618,1
72,79,5,cross,unwitnessed,0,96,seen2,380,4,12,3.8518598887744717e-32,0.3620940524716332,0.9971427067892222,0.005706441387837593,0
73,80,5,cross,unwitnessed,0,96,seen2,380,4,12,0.0,0.3620940524716332,0.9978786247169199,0.004247425325754607,0
72,73,5,within,unwitnessed,1,96,seen2,380,4,12,0.14285714285714274,285.97844599961695,0.19176887225065226,0.9638840780234772,1
79,80,5,within,unwitnessed,1,96,seen2,380,4,12,0.14285714285714288,285.978445999617,0.08199787522089587,1.003261839863567,1
86,93,6,cross,witnessed,0,96,seen2,380,4,12,0.0,0.36209150808746,0.9983410128925005,0.00332373804642274,0
87,94,6,cross,witnessed,0,96,seen2,380,4,12,0.0,0.36209150808746,0.9986953462075683,0.0026179938606412357,0
86,87,6,within,witnessed,0,96,seen2,380,4,12,0.0,1.619553253141608,0.9995411788266775,0.0009215443741800839,0
93,94,6,within,witnessed,0,96,seen2,380,4,12,0.0,1.5119498956815596,0.9994773657011438,0.0010494379216005707,0
100,107,7,cross,unwitnessed,0,96,seen2,380,4,12,1.2480026039629288e-31,0.3620940524716616,0.9982011972465499,0.004019650111660075,0
101,108,7,cross,unwitnessed,0,96,seen2,380,4,12,2.465190328815662e-32,0.3620940524716474,0.9977281744218153,0.004751196636333752,0
100,101,7,within,unwitnessed,1,96,seen2,380,4,12,0.14285714285714274,285.97844599987144,0.2740172278928768,0.9305671625528603,1
107,108,7,within,unwitnessed,1,96,seen2,380,4,12,0.14285714285714288,285.9784459998714,-0.01535110514403853,1.0659101463153837,1
2,9,0,cross,unwitnessed,0,97,seen2,380,4,12,0.0,0.3620940524716474,0.9976372768754241,0.004762637456052589,0
3,10,0,cross,unwitnessed,0,97,seen2,380,4,12,3.8518598887744717e-32,0.3620940524716616,0.9979003606055135,0.004195498041838507,0
2,3,0,within,unwitnessed,1,97,seen2,380,4,12,0.14285714285714293,285.9784459998442,0.24913182273085985,0.9416722786686721,1
9,10,0,within,unwitnessed,1,97,seen2,380,4,12,0.14285714285714274,285.9784459998443,0.27295241067133963,0.9326154820238056,1
16,23,1,cross,unwitnessed,0,97,seen2,380,4,12,3.8518598887744717e-32,0.3620940524716474,0.996921731067874,0.006147159167723721,0
17,24,1,cross,unwitnessed,0,97,seen2,380,4,12,0.0,0.3620940524716332,0.9984677081155486,0.003062274741500737,0
16,17,1,within,unwitnessed,1,97,seen2,380,4,12,0.14285714285714274,285.97844599970784,0.17624095796342212,0.9690849770437749,1
23,24,1,within,unwitnessed,1,97,seen2,380,4,12,0.14285714285714288,285.97844599970796,0.15785195650746572,0.9786612316838551,1
30,37,2,cross,unwitnessed,0,97,seen2,380,4,12,0.0,0.3620940524716616,0.9980380981335621,0.0040185706570465595,0
31,38,2,cross,unwitnessed,0,97,seen2,380,4,12,1.3866695599588098e-32,0.3620940524716474,0.9975709004631018,0.004852299258293009,0
30,31,2,within,unwitnessed,1,97,seen2,380,4,12,0.14285714285714293,285.97844599987144,0.23698084833982702,0.9441774486539745,1
37,38,2,within,unwitnessed,1,97,seen2,380,4,12,0.14285714285714288,285.9784459998714,0.381427675145495,0.8819676896285915,1
44,51,3,cross,witnessed,0,97,seen2,380,4,12,0.0,0.3620915080874598,0.9983088953010654,0.003462547424675139,0
45,52,3,cross,witnessed,0,97,seen2,380,4,12,0.0,0.36209150808745993,0.9970833261439664,0.005839624174638684,0
44,45,3,within,witnessed,0,97,seen2,380,4,12,0.0,1.6195532531416075,0.9996594330558312,0.0006812318193521122,0
51,52,3,within,witnessed,0,97,seen2,380,4,12,0.0,1.5119498956815591,0.9996255358915529,0.0007518411655078145,0
58,65,4,cross,unwitnessed,0,97,seen2,380,4,12,0.0,0.3620940524716616,0.9971945879568164,0.005669272226540016,0
59,66,4,cross,unwitnessed,0,97,seen2,380,4,12,3.8518598887744717e-32,0.3620940524716758,0.9974814112236638,0.0050433328503220855,0
58,59,4,within,unwitnessed,1,97,seen2,380,4,12,0.14285714285714293,285.9784459998442,0.29753503602109843,0.9249461302671476,1
65,66,4,within,unwitnessed,1,97,seen2,380,4,12,0.14285714285714274,285.97844599984427,0.03433519426766672,1.0190532167589923,1
72,79,5,cross,witnessed,0,97,seen2,380,4,12,0.0,0.3620915080874598,0.9982822791365273,0.0038023572282923357,0
73,80,5,cross,witnessed,0,97,seen2,380,4,12,0.0,0.3620915080874598,0.9979087730582701,0.0042311941150836585,0
72,73,5,within,witnessed,0,97,seen2,380,4,12,0.0,1.6195532531416061,0.9995076433265827,0.0009889646863764175,0
79,80,5,within,witnessed,0,97,seen2,380,4,12,0.0,1.5119498956815585,0.9996696022232846,0.0006636086756388486,0
86,93,6,cross,witnessed,0,97,seen2,380,4,12,0.0,0.36209150808746,0.9975202440895145,0.005160191277512565,0
87,94,6,cross,witnessed,0,97,seen2,380,4,12,0.0,0.36209150808746,0.9980321562974125,0.004008282149145525,0
86,87,6,within,witnessed,0,97,seen2,380,4,12,0.0,1.619553253141608,0.9997605077273093,0.00047930295435112647,0
93,94,6,within,witnessed,0,97,seen2,380,4,12,0.0,1.5119498956815596,0.9997253659600249,0.0005506953992806752,0
100,107,7,cross,witnessed,0,97,seen2,380,4,12,0.0,0.36209150808745993,0.9980701908877313,0.003858513696135243,0
101,108,7,cross,witnessed,0,97,seen2,380,4,12,0.0,0.36209150808745993,0.9967969936266272,0.007082691481471808,0
100,101,7,within,witnessed,0,97,seen2,380,4,12,0.0,1.619553253141608,0.9996612817669688,0.0006913581736474957,0
107,108,7,within,witnessed,0,97,seen2,380,4,12,0.0,1.5119498956815591,0.9996526775884457,0.000702436225874587,0
2,9,0,cross,unwitnessed,0,98,seen2,380,4,12,0.0,0.3620940524716474,0.9961653710981478,0.008123082537026042,0
3,10,0,cross,unwitnessed,0,98,seen2,380,4,12,3.8518598887744717e-32,0.3620940524716616,0.998173757248608,0.0036792195482099354,0
2,3,0,within,unwitnessed,1,98,seen2,380,4,12,0.14285714285714293,285.9784459998442,0.30660152365479226,0.917908244879739,1
9,10,0,within,unwitnessed,1,98,seen2,380,4,12,0.14285714285714274,285.9784459998443,0.4161572176954891,0.8888945715486396,1
16,23,1,cross,unwitnessed,0,98,seen2,380,4,12,3.8518598887744717e-32,0.3620940524716474,0.9981262382243316,0.003819630309429306,0
17,24,1,cross,unwitnessed,0,98,seen2,380,4,12,0.0,0.3620940524716332,0.9983821554123872,0.0032471485919807353,0
16,17,1,within,unwitnessed,1,98,seen2,380,4,12,0.14285714285714274,285.97844599970784,0.3934038256214901,0.8781636243886594,1
23,24,1,within,unwitnessed,1,98,seen2,380,4,12,0.14285714285714288,285.97844599970796,0.17559405548563062,0.9719634694279307,1
30,37,2,cross,witnessed,0,98,seen2,380,4,12,0.0,0.3620915080874599,0.9983921808395395,0.0032148056196329247,0
31,38,2,cross,witnessed,0,98,seen2,380,4,12,0.0,0.3620915080874599,0.9987402790305306,0.002536445343237119,0
30,31,2,within,witnessed,0,98,seen2,380,4,12,0.0,1.619553253141607,0.999609670672968,0.0008317691970090623,0
37,38,2,within,witnessed,0,98,seen2,380,4,12,0.0,1.5119498956815591,0.9997024385875098,0.0006149758421575307,0
44,51,3,cross,witnessed,0,98,seen2,380,4,12,0.0,0.3620915080874598,0.998285569952405,0.003656531496926555,0
45,52,3,cross,witnessed,0,98,seen2,380,4,12,0.0,0.36209150808745993,0.998325521505301,0.0033489543716190844,0
44,45,3,within,witnessed,0,98,seen2,380,4,12,0.0,1.6195532531416075,0.9997078414748598,0.0005975651170667128,0
51,52,3,within,witnessed,0,98,seen2,380,4,12,0.0,1.5119498956815591,0.9997600227421191,0.00048471320753585293,0
58,65,4,cross,unwitnessed,0,98,seen2,380,4,12,0.0,0.3620940524716616,0.9980691904400114,0.003857939445754972,0
59,66,4,cross,unwitnessed,0,98,seen2,380,4,12,3.8518598887744717e-32,0.3620940524716758,0.9976331883157105,0.00507228434001573,0
58,59,4,within,unwitnessed,1,98,seen2,380,4,12,0.14285714285714293,285.9784459998442,0.2703248409208965,0.9337148344782069,1
65,66,4,within,unwitnessed,1,98,seen2,380,4,12,0.14285714285714274,285.97844599984427,0.10404676510239534,0.996387921082728,1
72,79,5,cross,unwitnessed,0,98,seen2,380,4,12,3.8518598887744717e-32,0.3620940524716332,0.9967662974116063,0.006475012918001625,0
73,80,5,cross,unwitnessed,0,98,seen2,380,4,12,0.0,0.3620940524716332,0.9976632453371304,0.004669645461485754,0
72,73,5,within,unwitnessed,1,98,seen2,380,4,12,0.14285714285714274,285.97844599961695,0.07108827351751935,1.009571536165781,1
79,80,5,within,unwitnessed,1,98,seen2,380,4,12,0.14285714285714288,285.978445999617,0.09875879110725157,0.9951512907811452,1
86,93,6,cross,witnessed,0,98,seen2,380,4,12,0.0,0.36209150808746,0.9972612411045275,0.0055284728247979,0
87,94,6,cross,witnessed,0,98,seen2,380,4,12,0.0,0.36209150808746,0.9972553333031693,0.005534466844986279,0
86,87,6,within,witnessed,0,98,seen2,380,4,12,0.0,1.619553253141608,0.999651460464736,0.0007002106646955277,0
93,94,6,within,witnessed,0,98,seen2,380,4,12,0.0,1.5119498956815596,0.9996305281850785,0.0007388447795348838,0
100,107,7,cross,witnessed,0,98,seen2,380,4,12,0.0,0.36209150808745993,0.9986669808613486,0.0026998534017447146,0
101,108,7,cross,witnessed,0,98,seen2,380,4,12,0.0,0.36209150808745993,0.9976855812962662,0.004627036695644461,0
100,101,7,within,witnessed,0,98,seen2,380,4,12,0.0,1.619553253141608,0.9995938151594047,0.000826674916231742,0
107,108,7,within,witnessed,0,98,seen2,380,4,12,0.0,1.5119498956815591,0.9996519180241317,0.0007046754964464835,0
2,9,0,cross,unwitnessed,0,99,seen2,380,4,12,0.0,0.3620940524716474,0.9977959188600535,0.00440401560973912,0
3,10,0,cross,unwitnessed,0,99,seen2,380,4,12,3.8518598887744717e-32,0.3620940524716616,0.9980826339304294,0.004009115212804203,0
2,3,0,within,unwitnessed,1,99,seen2,380,4,12,0.14285714285714293,285.9784459998442,0.3142995318582087,0.9125231648136661,1
9,10,0,within,unwitnessed,1,99,seen2,380,4,12,0.14285714285714274,285.9784459998443,0.2834340394619215,0.9223083220106797,1
16,23,1,cross,unwitnessed,0,99,seen2,380,4,12,3.8518598887744717e-32,0.3620940524716474,0.997284200913376,0.0054471787054584915,0
17,24,1,cross,unwitnessed,0,99,seen2,380,4,12,0.0,0.3620940524716332,0.997421984581124,0.005150489382801989,0
16,17,1,within,unwitnessed,1,99,seen2,380,4,12,0.14285714285714274,285.97844599970784,0.20954998143746364,0.956302471672387,1
23,24,1,within,unwitnessed,1,99,seen2,380,4,12,0.14285714285714288,285.97844599970796,0.21454687675182946,0.9553403391105526,1
30,37,2,cross,unwitnessed,0,99,seen2,380,4,12,0.0,0.3620940524716616,0.9983279416140309,0.003350235612152506,0
31,38,2,cross,unwitnessed,0,99,seen2,380,4,12,1.3866695599588098e-32,0.3620940524716474,0.9977928016117005,0.0044095903922619925,0
30,31,2,within,unwitnessed,1,99,seen2,380,4,12,0.14285714285714293,285.97844599987144,0.18665310995532086,0.9651611291960401,1
37,38,2,within,unwitnessed,1,99,seen2,380,4,12,0.14285714285714288,285.9784459998714,0.06902413188402877,1.0125154920889665,1
44,51,3,cross,witnessed,0,99,seen2,380,4,12,0.0,0.3620915080874598,0.9982208869811262,0.0035613872384385402,0
45,52,3,cross,witnessed,0,99,seen2,380,4,12,0.0,0.36209150808745993,0.9976577000591865,0.004752877753705068,0
44,45,3,within,witnessed,0,99,seen2,380,4,12,0.0,1.6195532531416075,0.9994511268385554,0.0011221470571402758,0
51,52,3,within,witnessed,0,99,seen2,380,4,12,0.0,1.5119498956815591,0.99957538880756,0.0008518486551721525,0
58,65,4,cross,witnessed,0,99,seen2,380,4,12,0.0,0.36209150808745993,0.9974549744226704,0.005089534712118302,0
59,66,4,cross,witnessed,0,99,seen2,380,4,12,0.0,0.3620915080874598,0.9977057493063519,0.005267193868127513,0
58,59,4,within,witnessed,0,99,seen2,380,4,12,0.0,1.619553253141608,0.999737784561661,0.0005291724044090017,0
65,66,4,within,witnessed,0,99,seen2,380,4,12,0.0,1.51194989568156,0.9997300272243402,0.0005421005217174401,0
72,79,5,cross,witnessed,0,99,seen2,380,4,12,0.0,0.3620915080874598,0.997814642117106,0.004554708508688363,0
73,80,5,cross,witnessed,0,99,seen2,380,4,12,0.0,0.3620915080874598,0.9980301324168319,0.003954651650572785,0
72,73,5,within,witnessed,0,99,seen2,380,4,12,0.0,1.6195532531416061,0.9995400293660232,0.0009493627567478918,0
79,80,5,within,witnessed,0,99,seen2,380,4,12,0.0,1.5119498956815585,0.9995419173185972,0.0009159569549593544,0
86,93,6,cross,unwitnessed,0,99,seen2,380,4,12,1.5407439555097887e-33,0.3620940524716616,0.9972601978310729,0.005695653343445702,0
87,94,6,cross,unwitnessed,0,99,seen2,380,4,12,2.465190328815662e-32,0.3620940524716474,0.9979621600480786,0.004180745177035331,0
86,87,6,within,unwitnessed,1,99,seen2,380,4,12,0.14285714285714293,285.97844599987144,0.10803467980471779,0.9938336048827576,1
93,94,6,within,unwitnessed,1,99,seen2,380,4,12,0.14285714285714288,285.9784459998714,0.10959113485791848,0.9949474063797162,1
100,107,7,cross,witnessed,0,99,seen2,380,4,12,0.0,0.36209150808745993,0.99669537641971,0.006971622815867476,0
101,108,7,cross,witnessed,0,99,seen2,380,4,12,0.0,0.36209150808745993,0.998196288358178,0.003881894555902303,0
100,101,7,within,witnessed,0,99,seen2,380,4,12,0.0,1.619553253141608,0.9997045560986532,0.0005911487088035633,0
107,108,7,within,witnessed,0,99,seen2,380,4,12,0.0,1.5119498956815591,0.9997349695354871,0.0005367428194432773,0
