seed,strategy,rep,budget,cosine,nmse,global_nullity,target_components_witnessed
0,d_optimal,0,0,0.1901453915868886,0.9640924907480685,12,0
0,v_optimal,0,0,0.1901453915868886,0.9640924907480685,12,0
0,random,0,0,0.1901453915868886,0.9640924907480685,12,0
0,random,1,0,0.1901453915868886,0.9640924907480685,12,0
0,random,2,0,0.1901453915868886,0.9640924907480685,12,0
0,random,3,0,0.1901453915868886,0.9640924907480685,12,0
0,random,4,0,0.1901453915868886,0.9640924907480685,12,0
0,random,5,0,0.1901453915868886,0.9640924907480685,12,0
0,random,6,0,0.1901453915868886,0.9640924907480685,12,0
0,random,7,0,0.1901453915868886,0.9640924907480685,12,0
0,random,8,0,0.1901453915868886,0.9640924907480685,12,0
0,random,9,0,0.1901453915868886,0.9640924907480685,12,0
0,random,10,0,0.1901453915868886,0.9640924907480685,12,0
0,random,11,0,0.1901453915868886,0.9640924907480685,12,0
0,random,12,0,0.1901453915868886,0.9640924907480685,12,0
0,random,13,0,0.1901453915868886,0.9640924907480685,12,0
0,random,14,0,0.1901453915868886,0.9640924907480685,12,0
0,random,15,0,0.1901453915868886,0.9640924907480685,12,0
0,random,16,0,0.1901453915868886,0.9640924907480685,12,0
0,random,17,0,0.1901453915868886,0.9640924907480685,12,0
0,random,18,0,0.1901453915868886,0.9640924907480685,12,0
0,random,19,0,0.1901453915868886,0.9640924907480685,12,0
0,d_optimal,0,1,0.38917453085606274,0.7058509795055629,11,1
0,v_optimal,0,1,0.38917453085606274,0.7058509795055629,11,1
0,random,0,1,0.1901453915868886,0.9640924907480685,11,0
0,random,1,1,0.1901453915868886,0.9640924907480685,11,0
0,random,2,1,0.1901453915868886,0.9640924907480685,11,0
0,random,3,1,0.1901453915868886,0.9640924907480685,11,0
0,random,4,1,0.1901453915868886,0.9640924907480685,11,0
0,random,5,1,0.1901453915868886,0.9640924907480685,11,0
0,random,6,1,0.1901453915868886,0.9640924907480685,11,0
0,random,7,1,0.3596950040322866,0.7769660003739433,11,1
0,random,8,1,0.1901453915868886,0.9640924907480685,11,0
0,random,9,1,0.40129683803611704,0.7057378796938772,11,1
0,random,10,1,0.1901453915868886,0.9640924907480685,11,0
0,random,11,1,0.1901453915868886,0.9640924907480685,11,0
0,random,12,1,0.1901453915868886,0.9640924907480685,11,0
0,random,13,1,0.1901453915868886,0.9640924907480685,11,0
0,random,14,1,0.1901453915868886,0.9640924907480685,11,0
0,random,15,1,0.38917453085606274,0.7058509795055629,11,1
0,random,16,1,0.38917453085606274,0.7058509795055629,11,1
0,random,17,1,0.3596950040322866,0.7769660003739433,11,1
0,random,18,1,0.1901453915868886,0.9640924907480685,11,0
0,random,19,1,0.1901453915868886,0.9640924907480685,11,0
0,d_optimal,0,2,0.38917453085606274,0.7058509795055629,10,1
0,v_optimal,0,2,0.618912636667796,0.44625438574010456,10,2
0,random,0,2,0.40129683803611704,0.7057378796938772,10,1
0,random,1,2,0.1901453915868886,0.9640924907480685,10,0
0,random,2,2,0.3596950040322866,0.7769660003739433,10,1
0,random,3,2,0.1901453915868886,0.9640924907480685,10,0
0,random,4,2,0.1901453915868886,0.9640924907480685,10,0
0,random,5,2,0.38917453085606274,0.7058509795055629,10,1
0,random,6,2,0.38917453085606274,0.7058509795055629,10,1
0,random,7,2,0.3596950040322866,0.7769660003739433,10,1
0,random,8,2,0.1901453915868886,0.9640924907480685,10,0
0,random,9,2,0.3596950040322866,0.7769660003739433,10,1
0,random,10,2,0.38917453085606274,0.7058509795055629,10,1
0,random,11,2,0.1901453915868886,0.9640924907480685,10,0
0,random,12,2,0.1901453915868886,0.9640924907480685,10,0
0,random,13,2,0.1901453915868886,0.9640924907480685,10,0
0,random,14,2,0.41988349739862185,0.7044958969826102,10,1
0,random,15,2,0.38917453085606274,0.7058509795055629,10,1
0,random,16,2,0.38917453085606274,0.7058509795055629,10,1
0,random,17,2,0.1901453915868886,0.9640924907480685,10,0
0,random,18,2,0.3596950040322866,0.7769660003739433,10,1
0,random,19,2,0.1901453915868886,0.9640924907480685,10,0
0,d_optimal,0,4,0.38917453085606274,0.7058509795055629,8,1
0,v_optimal,0,4,0.9996136955624224,0.0007732843117883981,8,4
0,random,0,4,0.3596950040322866,0.7769660003739433,8,1
0,random,1,4,0.618912636667796,0.44625438574010456,8,2
0,random,2,4,0.1901453915868886,0.9640924907480685,8,0
0,random,3,4,0.41988349739862185,0.7044958969826102,8,1
0,random,4,4,0.1901453915868886,0.9640924907480685,8,0
0,random,5,4,0.8300640831170244,0.18789977468591346,8,3
0,random,6,4,0.5587241433014607,0.5187244891314378,8,2
0,random,7,4,0.3596950040322866,0.7769660003739433,8,1
0,random,8,4,0.38917453085606274,0.7058509795055629,8,1
0,random,9,4,0.3596950040322866,0.7769660003739433,8,1
0,random,10,4,0.618912636667796,0.44625438574010456,8,2
0,random,11,4,0.41988349739862185,0.7044958969826102,8,1
0,random,12,4,0.38917453085606274,0.7058509795055629,8,1
0,random,13,4,0.618912636667796,0.44625438574010456,8,2
0,random,14,4,0.40129683803611704,0.7057378796938772,8,1
0,random,15,4,0.5587241433014607,0.5187244891314378,8,2
0,random,16,4,0.38917453085606274,0.7058509795055629,8,1
0,random,17,4,0.1901453915868886,0.9640924907480685,8,0
0,random,18,4,0.5894331098440199,0.5173694066084851,8,2
0,random,19,4,0.5587241433014607,0.5187244891314378,8,2
0,d_optimal,0,8,0.788462249113194,0.2591278953659796,4,3
0,v_optimal,0,8,0.9996136955624224,0.0007732843117883981,4,4
0,random,0,8,0.6003259773052911,0.44749636845137175,4,2
0,random,1,8,0.7698755897506893,0.26036987807724665,4,3
0,random,2,8,0.3596950040322866,0.7769660003739433,4,1
0,random,3,8,0.8005845562932483,0.2590147955542939,4,3
0,random,4,8,0.8005845562932483,0.2590147955542939,4,3
0,random,5,8,0.7698755897506893,0.26036987807724665,4,3
0,random,6,8,0.6003259773052911,0.44749636845137175,4,2
0,random,7,8,0.9996136955624224,0.0007732843117883981,4,4
0,random,8,8,0.8300640831170244,0.18789977468591346,4,3
0,random,9,8,0.6310349438478503,0.446141285928419,4,2
0,random,10,8,0.9996136955624224,0.0007732843117883981,4,4
0,random,11,8,0.5587241433014607,0.5187244891314378,4,2
0,random,12,8,0.618912636667796,0.44625438574010456,4,2
0,random,13,8,0.9996136955624224,0.0007732843117883981,4,4
0,random,14,8,0.6310349438478503,0.446141285928419,4,2
0,random,15,8,0.8300640831170244,0.18789977468591346,4,3
0,random,16,8,0.9996136955624224,0.0007732843117883981,4,4
0,random,17,8,0.8005845562932483,0.2590147955542939,4,3
0,random,18,8,0.570846450481515,0.5186113893197523,4,2
0,random,19,8,0.788462249113194,0.2591278953659796,4,3
0,d_optimal,0,12,0.9996136955624224,0.0007732843117883981,0,4
0,v_optimal,0,12,0.9996136955624224,0.0007732843117883981,0,4
0,random,0,12,0.9996136955624224,0.0007732843117883981,0,4
0,random,1,12,0.9996136955624224,0.0007732843117883981,0,4
0,random,2,12,0.9996136955624224,0.0007732843117883981,0,4
0,random,3,12,0.9996136955624224,0.0007732843117883981,0,4
0,random,4,12,0.9996136955624224,0.0007732843117883981,0,4
0,random,5,12,0.9996136955624224,0.0007732843117883981,0,4
0,random,6,12,0.9996136955624224,0.0007732843117883981,0,4
0,random,7,12,0.9996136955624224,0.0007732843117883981,0,4
0,random,8,12,0.9996136955624224,0.0007732843117883981,0,4
0,random,9,12,0.9996136955624224,0.0007732843117883981,0,4
0,random,10,12,0.9996136955624224,0.0007732843117883981,0,4
0,random,11,12,0.9996136955624224,0.0007732843117883981,0,4
0,random,12,12,0.9996136955624224,0.0007732843117883981,0,4
0,random,13,12,0.9996136955624224,0.0007732843117883981,0,4
0,random,14,12,0.9996136955624224,0.0007732843117883981,0,4
0,random,15,12,0.9996136955624224,0.0007732843117883981,0,4
0,random,16,12,0.9996136955624224,0.0007732843117883981,0,4
0,random,17,12,0.9996136955624224,0.0007732843117883981,0,4
0,random,18,12,0.9996136955624224,0.0007732843117883981,0,4
0,random,19,12,0.9996136955624224,0.0007732843117883981,0,4
1,d_optimal,0,0,0.2283139732394932,0.9500229257121956,12,0
1,v_optimal,0,0,0.2283139732394932,0.9500229257121956,12,0
1,random,0,0,0.2283139732394932,0.9500229257121956,12,0
1,random,1,0,0.2283139732394932,0.9500229257121956,12,0
1,random,2,0,0.2283139732394932,0.9500229257121956,12,0
1,random,3,0,0.2283139732394932,0.9500229257121956,12,0
1,random,4,0,0.2283139732394932,0.9500229257121956,12,0
1,random,5,0,0.2283139732394932,0.9500229257121956,12,0
1,random,6,0,0.2283139732394932,0.9500229257121956,12,0
1,random,7,0,0.2283139732394932,0.9500229257121956,12,0
1,random,8,0,0.2283139732394932,0.9500229257121956,12,0
1,random,9,0,0.2283139732394932,0.9500229257121956,12,0
1,random,10,0,0.2283139732394932,0.9500229257121956,12,0
1,random,11,0,0.2283139732394932,0.9500229257121956,12,0
1,random,12,0,0.2283139732394932,0.9500229257121956,12,0
1,random,13,0,0.2283139732394932,0.9500229257121956,12,0
1,random,14,0,0.2283139732394932,0.9500229257121956,12,0
1,random,15,0,0.2283139732394932,0.9500229257121956,12,0
1,random,16,0,0.2283139732394932,0.9500229257121956,12,0
1,random,17,0,0.2283139732394932,0.9500229257121956,12,0
1,random,18,0,0.2283139732394932,0.9500229257121956,12,0
1,random,19,0,0.2283139732394932,0.9500229257121956,12,0
1,d_optimal,0,1,0.2283139732394932,0.9500229257121956,11,0
1,v_optimal,0,1,0.4284968727348191,0.6595768678491678,11,1
1,random,0,1,0.4284968727348191,0.6595768678491678,11,1
1,random,1,1,0.2283139732394932,0.9500229257121956,11,0
1,random,2,1,0.2283139732394932,0.9500229257121956,11,0
1,random,3,1,0.2283139732394932,0.9500229257121956,11,0
1,random,4,1,0.2283139732394932,0.9500229257121956,11,0
1,random,5,1,0.2283139732394932,0.9500229257121956,11,0
1,random,6,1,0.2283139732394932,0.9500229257121956,11,0
1,random,7,1,0.4284968727348191,0.6595768678491678,11,1
1,random,8,1,0.39719873211232953,0.7657272755683889,11,1
1,random,9,1,0.2283139732394932,0.9500229257121956,11,0
1,random,10,1,0.2283139732394932,0.9500229257121956,11,0
1,random,11,1,0.2283139732394932,0.9500229257121956,11,0
1,random,12,1,0.2283139732394932,0.9500229257121956,11,0
1,random,13,1,0.4284968727348191,0.6595768678491678,11,1
1,random,14,1,0.4091135254154745,0.7355220219803766,11,1
1,random,15,1,0.2283139732394932,0.9500229257121956,11,0
1,random,16,1,0.2283139732394932,0.9500229257121956,11,0
1,random,17,1,0.44976833678707556,0.6899553271444857,11,1
1,random,18,1,0.2283139732394932,0.9500229257121956,11,0
1,random,19,1,0.2283139732394932,0.9500229257121956,11,0
1,d_optimal,0,2,0.4284968727348191,0.6595768678491678,10,1
1,v_optimal,0,2,0.6092964249108004,0.44507596411734884,10,2
1,random,0,2,0.4284968727348191,0.6595768678491678,10,1
1,random,1,2,0.2283139732394932,0.9500229257121956,10,0
1,random,2,2,0.2283139732394932,0.9500229257121956,10,0
1,random,3,2,0.39719873211232953,0.7657272755683889,10,1
1,random,4,2,0.2283139732394932,0.9500229257121956,10,0
1,random,5,2,0.44976833678707556,0.6899553271444857,10,1
1,random,6,2,0.2283139732394932,0.9500229257121956,10,0
1,random,7,2,0.4284968727348191,0.6595768678491678,10,1
1,random,8,2,0.2283139732394932,0.9500229257121956,10,0
1,random,9,2,0.2283139732394932,0.9500229257121956,10,0
1,random,10,2,0.39719873211232953,0.7657272755683889,10,1
1,random,11,2,0.39719873211232953,0.7657272755683889,10,1
1,random,12,2,0.44976833678707556,0.6899553271444857,10,1
1,random,13,2,0.2283139732394932,0.9500229257121956,10,0
1,random,14,2,0.6499512362824015,0.39950926928145797,10,2
1,random,15,2,0.2283139732394932,0.9500229257121956,10,0
1,random,16,2,0.39719873211232953,0.7657272755683889,10,1
1,random,17,2,0.4091135254154745,0.7355220219803766,10,1
1,random,18,2,0.2283139732394932,0.9500229257121956,10,0
1,random,19,2,0.2283139732394932,0.9500229257121956,10,0
1,d_optimal,0,4,0.8307507884583828,0.18500836554963895,8,3
1,v_optimal,0,4,0.9996355473312191,0.0007127154058323928,8,4
1,random,0,4,0.39719873211232953,0.7657272755683889,8,1
1,random,1,4,0.4091135254154745,0.7355220219803766,8,1
1,random,2,4,0.4284968727348191,0.6595768678491678,8,1
1,random,3,4,0.4284968727348191,0.6595768678491678,8,1
1,random,4,4,0.6499512362824015,0.39950926928145797,8,2
1,random,5,4,0.5779982842883109,0.55122637183657,8,2
1,random,6,4,0.4284968727348191,0.6595768678491678,8,1
1,random,7,4,0.44976833678707556,0.6899553271444857,8,1
1,random,8,4,0.44976833678707556,0.6899553271444857,8,1
1,random,9,4,0.6186530956599119,0.505659677000679,8,2
1,random,10,4,0.39719873211232953,0.7657272755683889,8,1
1,random,11,4,0.4284968727348191,0.6595768678491678,8,1
1,random,12,4,0.4284968727348191,0.6595768678491678,8,1
1,random,13,4,0.39719873211232953,0.7657272755683889,8,1
1,random,14,4,0.4091135254154745,0.7355220219803766,8,1
1,random,15,4,0.6305678889630568,0.4754544234126667,8,2
1,random,16,4,0.4091135254154745,0.7355220219803766,8,1
1,random,17,4,0.6092964249108004,0.44507596411734884,8,2
1,random,18,4,0.6305678889630568,0.4754544234126667,8,2
1,random,19,4,0.4091135254154745,0.7355220219803766,8,1
1,d_optimal,0,8,0.9996355473312191,0.0007127154058323928,4,4
1,v_optimal,0,8,0.9996355473312191,0.0007127154058323928,4,4
1,random,0,8,0.7781811837836368,0.26078031397354223,4,3
1,random,1,8,0.7781811837836368,0.26078031397354223,4,3
1,random,2,8,0.8188359951552378,0.21521361913765139,4,3
1,random,3,8,0.5973816316076555,0.4752812177053612,4,2
1,random,4,8,0.5973816316076555,0.4752812177053612,4,2
1,random,5,8,0.8188359951552378,0.21521361913765139,4,3
1,random,6,8,0.5779982842883109,0.55122637183657,4,2
1,random,7,8,0.8307507884583828,0.18500836554963895,4,3
1,random,8,8,0.6305678889630568,0.4754544234126667,4,2
1,random,9,8,0.6499512362824015,0.39950926928145797,4,2
1,random,10,8,0.44976833678707556,0.6899553271444857,4,1
1,random,11,8,0.39719873211232953,0.7657272755683889,4,1
1,random,12,8,0.7994526478358932,0.29115877326886014,4,3
1,random,13,8,0.8188359951552378,0.21521361913765139,4,3
1,random,14,8,0.5973816316076555,0.4752812177053612,4,2
1,random,15,8,0.9996355473312191,0.0007127154058323928,4,4
1,random,16,8,0.8307507884583828,0.18500836554963895,4,3
1,random,17,8,0.8307507884583828,0.18500836554963895,4,3
1,random,18,8,0.6186530956599119,0.505659677000679,4,2
1,random,19,8,0.8188359951552378,0.21521361913765139,4,3
1,d_optimal,0,12,0.9996355473312191,0.0007127154058323928,0,4
1,v_optimal,0,12,0.9996355473312191,0.0007127154058323928,0,4
1,random,0,12,0.9996355473312191,0.0007127154058323928,0,4
1,random,1,12,0.9996355473312191,0.0007127154058323928,0,4
1,random,2,12,0.9996355473312191,0.0007127154058323928,0,4
1,random,3,12,0.9996355473312191,0.0007127154058323928,0,4
1,random,4,12,0.9996355473312191,0.0007127154058323928,0,4
1,random,5,12,0.9996355473312191,0.0007127154058323928,0,4
1,random,6,12,0.9996355473312191,0.0007127154058323928,0,4
1,random,7,12,0.9996355473312191,0.0007127154058323928,0,4
1,random,8,12,0.9996355473312191,0.0007127154058323928,0,4
1,random,9,12,0.9996355473312191,0.0007127154058323928,0,4
1,random,10,12,0.9996355473312191,0.0007127154058323928,0,4
1,random,11,12,0.9996355473312191,0.0007127154058323928,0,4
1,random,12,12,0.9996355473312191,0.0007127154058323928,0,4
1,random,13,12,0.9996355473312191,0.0007127154058323928,0,4
1,random,14,12,0.9996355473312191,0.0007127154058323928,0,4
1,random,15,12,0.9996355473312191,0.0007127154058323928,0,4
1,random,16,12,0.9996355473312191,0.0007127154058323928,0,4
1,random,17,12,0.9996355473312191,0.0007127154058323928,0,4
1,random,18,12,0.9996355473312191,0.0007127154058323928,0,4
1,random,19,12,0.9996355473312191,0.0007127154058323928,0,4
2,d_optimal,0,0,0.21932588423570146,0.9526384565088034,12,0
2,v_optimal,0,0,0.21932588423570146,0.9526384565088034,12,0
2,random,0,0,0.21932588423570146,0.9526384565088034,12,0
2,random,1,0,0.21932588423570146,0.9526384565088034,12,0
2,random,2,0,0.21932588423570146,0.9526384565088034,12,0
2,random,3,0,0.21932588423570146,0.9526384565088034,12,0
2,random,4,0,0.21932588423570146,0.9526384565088034,12,0
2,random,5,0,0.21932588423570146,0.9526384565088034,12,0
2,random,6,0,0.21932588423570146,0.9526384565088034,12,0
2,random,7,0,0.21932588423570146,0.9526384565088034,12,0
2,random,8,0,0.21932588423570146,0.9526384565088034,12,0
2,random,9,0,0.21932588423570146,0.9526384565088034,12,0
2,random,10,0,0.21932588423570146,0.9526384565088034,12,0
2,random,11,0,0.21932588423570146,0.9526384565088034,12,0
2,random,12,0,0.21932588423570146,0.9526384565088034,12,0
2,random,13,0,0.21932588423570146,0.9526384565088034,12,0
2,random,14,0,0.21932588423570146,0.9526384565088034,12,0
2,random,15,0,0.21932588423570146,0.9526384565088034,12,0
2,random,16,0,0.21932588423570146,0.9526384565088034,12,0
2,random,17,0,0.21932588423570146,0.9526384565088034,12,0
2,random,18,0,0.21932588423570146,0.9526384565088034,12,0
2,random,19,0,0.21932588423570146,0.9526384565088034,12,0
2,d_optimal,0,1,0.4059586401991899,0.7115057448947071,11,1
2,v_optimal,0,1,0.4059586401991899,0.7115057448947071,11,1
2,random,0,1,0.44438143831036203,0.692273356254771,11,1
2,random,1,1,0.4130570060689456,0.7738119526301336,11,1
2,random,2,1,0.21932588423583654,0.9526384565087623,11,0
2,random,3,1,0.44438143831036203,0.692273356254771,11,1
2,random,4,1,0.21932588423583654,0.9526384565087623,11,0
2,random,5,1,0.21932588423583654,0.9526384565087623,11,0
2,random,6,1,0.21932588423583654,0.9526384565087623,11,0
2,random,7,1,0.21932588423583654,0.9526384565087623,11,0
2,random,8,1,0.4130570060689456,0.7738119526301336,11,1
2,random,9,1,0.21932588423583654,0.9526384565087623,11,0
2,random,10,1,0.21932588423583654,0.9526384565087623,11,0
2,random,11,1,0.44438143831036203,0.692273356254771,11,1
2,random,12,1,0.21932588423583654,0.9526384565087623,11,0
2,random,13,1,0.21932588423583654,0.9526384565087623,11,0
2,random,14,1,0.21932588423583654,0.9526384565087623,11,0
2,random,15,1,0.4059586401991899,0.7115057448947071,11,1
2,random,16,1,0.21932588423583654,0.9526384565087623,11,0
2,random,17,1,0.21932588423583654,0.9526384565087623,11,0
2,random,18,1,0.4130570060689456,0.7738119526301336,11,1
2,random,19,1,0.21932588423583654,0.9526384565087623,11,0
2,d_optimal,0,2,0.4059586401991899,0.7115057448947071,10,1
2,v_optimal,0,2,0.599689762032299,0.5326792410160783,10,2
2,random,0,2,0.44438143831036203,0.692273356254771,10,1
2,random,1,2,0.394214051957667,0.6810571684433815,10,1
2,random,2,2,0.21932588423583654,0.9526384565087623,10,0
2,random,3,2,0.44438143831036203,0.692273356254771,10,1
2,random,4,2,0.21932588423583654,0.9526384565087623,10,0
2,random,5,2,0.21932588423583654,0.9526384565087623,10,0
2,random,6,2,0.44438143831036203,0.692273356254771,10,1
2,random,7,2,0.21932588423583654,0.9526384565087623,10,0
2,random,8,2,0.394214051957667,0.6810571684433815,10,1
2,random,9,2,0.21932588423583654,0.9526384565087623,10,0
2,random,10,2,0.4130570060689456,0.7738119526301336,10,1
2,random,11,2,0.44438143831036203,0.692273356254771,10,1
2,random,12,2,0.44438143831036203,0.692273356254771,10,1
2,random,13,2,0.21932588423583654,0.9526384565087623,10,0
2,random,14,2,0.21932588423583654,0.9526384565087623,10,0
2,random,15,2,0.5808468079210204,0.4399244568293262,10,2
2,random,16,2,0.21932588423583654,0.9526384565087623,10,0
2,random,17,2,0.21932588423583654,0.9526384565087623,10,0
2,random,18,2,0.4130570060689456,0.7738119526301336,10,1
2,random,19,2,0.21932588423583654,0.9526384565087623,10,0
2,d_optimal,0,4,0.5996897620324728,0.532679241016036,8,2
2,v_optimal,0,4,0.9996334838286549,0.0007328526967061688,8,4
2,random,0,4,0.8059023619955459,0.17955935657533492,8,3
2,random,1,4,0.41305700606911944,0.7738119526300914,8,1
2,random,2,4,0.4059586401993638,0.7115057448946648,8,1
2,random,3,4,0.4059586401993638,0.7115057448946648,8,1
2,random,4,4,0.4443814383105359,0.6922733562547287,8,1
2,random,5,4,0.41305700606911944,0.7738119526300914,8,1
2,random,6,4,0.4443814383105359,0.6922733562547287,8,1
2,random,7,4,0.41305700606911944,0.7738119526300914,8,1
2,random,8,4,0.21932588423601038,0.95263845650872,8,0
2,random,9,4,0.394214051957667,0.6810571684433815,8,1
2,random,10,4,0.6192696060321925,0.42069206818939014,8,2
2,random,11,4,0.4059586401993638,0.7115057448946648,8,1
2,random,12,4,0.6381125601436449,0.5134468523761,8,2
2,random,13,4,0.21932588423601038,0.95263845650872,8,0
2,random,14,4,0.6381125601436449,0.5134468523761,8,2
2,random,15,4,0.4059586401993638,0.7115057448946648,8,1
2,random,16,4,0.5808468079210204,0.4399244568293262,8,2
2,random,17,4,0.6381125601436449,0.5134468523761,8,2
2,random,18,4,0.6192696060321925,0.42069206818939014,8,2
2,random,19,4,0.394214051957667,0.6810571684433815,8,1
2,d_optimal,0,8,0.5996897620317706,0.5326792410163244,4,2
2,v_optimal,0,8,0.9996334838286549,0.0007328526967061688,4,4
2,random,0,8,0.6310141942731871,0.4511406446409618,4,2
2,random,1,8,0.6192696060321925,0.42069206818939014,4,2
2,random,2,8,0.8247453161062961,0.27231414076233307,4,3
2,random,3,8,0.5996897620317706,0.5326792410163244,4,2
2,random,4,8,0.6310141942731871,0.4511406446409618,4,2
2,random,5,8,0.7745779297541294,0.26109795295069743,4,3
2,random,6,8,0.9996334838286549,0.0007328526967061688,4,4
2,random,7,8,0.44438143830983373,0.6922733562550171,4,1
2,random,8,8,0.8130007278653015,0.24186556431076145,4,3
2,random,9,8,0.8130007278653015,0.24186556431076145,4,3
2,random,10,8,0.5808468079210204,0.4399244568293262,4,2
2,random,11,8,0.8059023619955459,0.17955935657533492,4,3
2,random,12,8,0.7745779297541294,0.26109795295069743,4,3
2,random,13,8,0.6381125601429427,0.5134468523763883,4,2
2,random,14,8,0.8059023619955459,0.17955935657533492,4,3
2,random,15,8,0.7745779297541294,0.26109795295069743,4,3
2,random,16,8,0.8059023619955459,0.17955935657533492,4,3
2,random,17,8,0.9996334838286549,0.0007328526967061688,4,4
2,random,18,8,0.4059586401986616,0.7115057448949531,4,1
2,random,19,8,0.6192696060321925,0.42069206818939014,4,2
2,d_optimal,0,12,0.9996334838286549,0.0007328526967061689,0,4
2,v_optimal,0,12,0.9996334838286549,0.0007328526967061689,0,4
2,random,0,12,0.9996334838286549,0.0007328526967061689,0,4
2,random,1,12,0.9996334838286549,0.0007328526967061689,0,4
2,random,2,12,0.9996334838286549,0.0007328526967061689,0,4
2,random,3,12,0.9996334838286549,0.0007328526967061689,0,4
2,random,4,12,0.9996334838286549,0.0007328526967061689,0,4
2,random,5,12,0.9996334838286549,0.0007328526967061689,0,4
2,random,6,12,0.9996334838286549,0.0007328526967061689,0,4
2,random,7,12,0.9996334838286549,0.0007328526967061689,0,4
2,random,8,12,0.9996334838286549,0.0007328526967061689,0,4
2,random,9,12,0.9996334838286549,0.0007328526967061689,0,4
2,random,10,12,0.9996334838286549,0.0007328526967061689,0,4
2,random,11,12,0.9996334838286549,0.0007328526967061689,0,4
2,random,12,12,0.9996334838286549,0.0007328526967061689,0,4
2,random,13,12,0.9996334838286549,0.0007328526967061689,0,4
2,random,14,12,0.9996334838286549,0.0007328526967061689,0,4
2,random,15,12,0.9996334838286549,0.0007328526967061689,0,4
2,random,16,12,0.9996334838286549,0.0007328526967061689,0,4
2,random,17,12,0.9996334838286549,0.0007328526967061689,0,4
2,random,18,12,0.9996334838286549,0.0007328526967061689,0,4
2,random,19,12,0.9996334838286549,0.0007328526967061689,0,4
3,d_optimal,0,0,0.15862287940125433,0.9784583351264704,12,0
3,v_optimal,0,0,0.15862287940125433,0.9784583351264704,12,0
3,random,0,0,0.15862287940125433,0.9784583351264704,12,0
3,random,1,0,0.15862287940125433,0.9784583351264704,12,0
3,random,2,0,0.15862287940125433,0.9784583351264704,12,0
3,random,3,0,0.15862287940125433,0.9784583351264704,12,0
3,random,4,0,0.15862287940125433,0.9784583351264704,12,0
3,random,5,0,0.15862287940125433,0.9784583351264704,12,0
3,random,6,0,0.15862287940125433,0.9784583351264704,12,0
3,random,7,0,0.15862287940125433,0.9784583351264704,12,0
3,random,8,0,0.15862287940125433,0.9784583351264704,12,0
3,random,9,0,0.15862287940125433,0.9784583351264704,12,0
3,random,10,0,0.15862287940125433,0.9784583351264704,12,0
3,random,11,0,0.15862287940125433,0.9784583351264704,12,0
3,random,12,0,0.15862287940125433,0.9784583351264704,12,0
3,random,13,0,0.15862287940125433,0.9784583351264704,12,0
3,random,14,0,0.15862287940125433,0.9784583351264704,12,0
3,random,15,0,0.15862287940125433,0.9784583351264704,12,0
3,random,16,0,0.15862287940125433,0.9784583351264704,12,0
3,random,17,0,0.15862287940125433,0.9784583351264704,12,0
3,random,18,0,0.15862287940125433,0.9784583351264704,12,0
3,random,19,0,0.15862287940125433,0.9784583351264704,12,0
3,d_optimal,0,1,0.15862287940125433,0.9784583351264704,11,0
3,v_optimal,0,1,0.37689350244014796,0.7343904490570362,11,1
3,random,0,1,0.15862287940125433,0.9784583351264704,11,0
3,random,1,1,0.15862287940125433,0.9784583351264704,11,0
3,random,2,1,0.33024781006036835,0.7529328041843072,11,1
3,random,3,1,0.15862287940125433,0.9784583351264704,11,0
3,random,4,1,0.15862287940125433,0.9784583351264704,11,0
3,random,5,1,0.37689350244014796,0.7343904490570362,11,1
3,random,6,1,0.15862287940125433,0.9784583351264704,11,0
3,random,7,1,0.15862287940125433,0.9784583351264704,11,0
3,random,8,1,0.15862287940125433,0.9784583351264704,11,0
3,random,9,1,0.15862287940125433,0.9784583351264704,11,0
3,random,10,1,0.15862287940125433,0.9784583351264704,11,0
3,random,11,1,0.39549566217009,0.7557892244741073,11,1
3,random,12,1,0.15862287940125433,0.9784583351264704,11,0
3,random,13,1,0.15862287940125433,0.9784583351264704,11,0
3,random,14,1,0.33024781006036835,0.7529328041843072,11,1
3,random,15,1,0.15862287940125433,0.9784583351264704,11,0
3,random,16,1,0.15862287940125433,0.9784583351264704,11,0
3,random,17,1,0.15862287940125433,0.9784583351264704,11,0
3,random,18,1,0.15862287940125433,0.9784583351264704,11,0
3,random,19,1,0.39549566217009,0.7557892244741073,11,1
3,d_optimal,0,2,0.15862287940125433,0.9784583351264704,10,0
3,v_optimal,0,2,0.548518433099262,0.5088649181148731,10,2
3,random,0,2,0.37287007089431357,0.6929860551090675,10,1
3,random,1,2,0.39549566217009,0.7557892244741073,10,1
3,random,2,2,0.15862287940125433,0.9784583351264704,10,0
3,random,3,2,0.15862287940125433,0.9784583351264704,10,0
3,random,4,2,0.548518433099262,0.5088649181148731,10,2
3,random,5,2,0.15862287940125433,0.9784583351264704,10,0
3,random,6,2,0.15862287940125433,0.9784583351264704,10,0
3,random,7,2,0.37689350244014796,0.7343904490570362,10,1
3,random,8,2,0.33024781006036835,0.7529328041843072,10,1
3,random,9,2,0.37287007089431357,0.6929860551090675,10,1
3,random,10,2,0.37287007089431357,0.6929860551090675,10,1
3,random,11,2,0.39549566217009,0.7557892244741073,10,1
3,random,12,2,0.15862287940125433,0.9784583351264704,10,0
3,random,13,2,0.39549566217009,0.7557892244741073,10,1
3,random,14,2,0.33024781006036835,0.7529328041843072,10,1
3,random,15,2,0.548518433099262,0.5088649181148731,10,2
3,random,16,2,0.15862287940125433,0.9784583351264704,10,0
3,random,17,2,0.15862287940125433,0.9784583351264704,10,0
3,random,18,2,0.37287007089431357,0.6929860551090675,10,1
3,random,19,2,0.39549566217009,0.7557892244741073,10,1
3,d_optimal,0,4,0.15862287940125433,0.9784583351264704,8,0
3,v_optimal,0,4,0.9996384073611568,0.000723527445107078,8,4
3,random,0,4,0.7627656245923211,0.22339263809747015,8,3
3,random,1,4,0.33024781006036835,0.7529328041843072,8,1
3,random,2,4,0.6137662852089836,0.511721338404673,8,2
3,random,3,4,0.39549566217009,0.7557892244741073,8,1
3,random,4,4,0.37689350244014796,0.7343904490570362,8,1
3,random,5,4,0.37689350244014796,0.7343904490570362,8,1
3,random,6,4,0.37287007089431357,0.6929860551090675,8,1
3,random,7,4,0.39549566217009,0.7557892244741073,8,1
3,random,8,4,0.15862287940125433,0.9784583351264704,8,0
3,random,9,4,0.37287007089431357,0.6929860551090675,8,1
3,random,10,4,0.37287007089431357,0.6929860551090675,8,1
3,random,11,4,0.6137662852089836,0.511721338404673,8,2
3,random,12,4,0.15862287940125433,0.9784583351264704,8,0
3,random,13,4,0.567120592829204,0.530263693531944,8,2
3,random,14,4,0.37689350244014796,0.7343904490570362,8,1
3,random,15,4,0.37689350244014796,0.7343904490570362,8,1
3,random,16,4,0.39549566217009,0.7557892244741073,8,1
3,random,17,4,0.5444950015534276,0.46746052416690426,8,2
3,random,18,4,0.37287007089431357,0.6929860551090675,8,1
3,random,19,4,0.39549566217009,0.7557892244741073,8,1
3,d_optimal,0,8,0.548518433099262,0.5088649181148731,4,2
3,v_optimal,0,8,0.9996384073611568,0.000723527445107078,4,4
3,random,0,8,0.7627656245923211,0.22339263809747015,4,3
3,random,1,8,0.7627656245923211,0.22339263809747015,4,3
3,random,2,8,0.7813677843222632,0.24479141351454128,4,3
3,random,3,8,0.39549566217009,0.7557892244741073,4,1
3,random,4,8,0.7853912158680976,0.2861958074625099,4,3
3,random,5,8,0.6137662852089836,0.511721338404673,4,2
3,random,6,8,0.6097428536631492,0.47031694445670447,4,2
3,random,7,8,0.39549566217009,0.7557892244741073,4,1
3,random,8,8,0.567120592829204,0.530263693531944,4,2
3,random,9,8,0.7813677843222632,0.24479141351454128,4,3
3,random,10,8,0.9996384073611568,0.000723527445107078,4,4
3,random,11,8,0.7627656245923211,0.22339263809747015,4,3
3,random,12,8,0.7853912158680976,0.2861958074625099,4,3
3,random,13,8,0.6137662852089836,0.511721338404673,4,2
3,random,14,8,0.5911406939332071,0.4489181690396333,4,2
3,random,15,8,0.7627656245923211,0.22339263809747015,4,3
3,random,16,8,0.7853912158680976,0.2861958074625099,4,3
3,random,17,8,0.5444950015534276,0.46746052416690426,4,2
3,random,18,8,0.7813677843222632,0.24479141351454128,4,3
3,random,19,8,0.8280134767020428,0.22624905838727027,4,3
3,d_optimal,0,12,0.9996384073611568,0.000723527445107078,0,4
3,v_optimal,0,12,0.9996384073611568,0.000723527445107078,0,4
3,random,0,12,0.9996384073611568,0.000723527445107078,0,4
3,random,1,12,0.9996384073611568,0.000723527445107078,0,4
3,random,2,12,0.9996384073611568,0.000723527445107078,0,4
3,random,3,12,0.9996384073611568,0.000723527445107078,0,4
3,random,4,12,0.9996384073611568,0.000723527445107078,0,4
3,random,5,12,0.9996384073611568,0.000723527445107078,0,4
3,random,6,12,0.9996384073611568,0.000723527445107078,0,4
3,random,7,12,0.9996384073611568,0.000723527445107078,0,4
3,random,8,12,0.9996384073611568,0.000723527445107078,0,4
3,random,9,12,0.9996384073611568,0.000723527445107078,0,4
3,random,10,12,0.9996384073611568,0.000723527445107078,0,4
3,random,11,12,0.9996384073611568,0.000723527445107078,0,4
3,random,12,12,0.9996384073611568,0.000723527445107078,0,4
3,random,13,12,0.9996384073611568,0.000723527445107078,0,4
3,random,14,12,0.9996384073611568,0.000723527445107078,0,4
3,random,15,12,0.9996384073611568,0.000723527445107078,0,4
3,random,16,12,0.9996384073611568,0.000723527445107078,0,4
3,random,17,12,0.9996384073611568,0.000723527445107078,0,4
3,random,18,12,0.9996384073611568,0.000723527445107078,0,4
3,random,19,12,0.9996384073611568,0.000723527445107078,0,4
4,d_optimal,0,0,0.2007601313025907,0.9578274147781375,12,0
4,v_optimal,0,0,0.2007601313025907,0.9578274147781375,12,0
4,random,0,0,0.2007601313025907,0.9578274147781375,12,0
4,random,1,0,0.2007601313025907,0.9578274147781375,12,0
4,random,2,0,0.2007601313025907,0.9578274147781375,12,0
4,random,3,0,0.2007601313025907,0.9578274147781375,12,0
4,random,4,0,0.2007601313025907,0.9578274147781375,12,0
4,random,5,0,0.2007601313025907,0.9578274147781375,12,0
4,random,6,0,0.2007601313025907,0.9578274147781375,12,0
4,random,7,0,0.2007601313025907,0.9578274147781375,12,0
4,random,8,0,0.2007601313025907,0.9578274147781375,12,0
4,random,9,0,0.2007601313025907,0.9578274147781375,12,0
4,random,10,0,0.2007601313025907,0.9578274147781375,12,0
4,random,11,0,0.2007601313025907,0.9578274147781375,12,0
4,random,12,0,0.2007601313025907,0.9578274147781375,12,0
4,random,13,0,0.2007601313025907,0.9578274147781375,12,0
4,random,14,0,0.2007601313025907,0.9578274147781375,12,0
4,random,15,0,0.2007601313025907,0.9578274147781375,12,0
4,random,16,0,0.2007601313025907,0.9578274147781375,12,0
4,random,17,0,0.2007601313025907,0.9578274147781375,12,0
4,random,18,0,0.2007601313025907,0.9578274147781375,12,0
4,random,19,0,0.2007601313025907,0.9578274147781375,12,0
4,d_optimal,0,1,0.2007601313025907,0.9578274147781375,11,0
4,v_optimal,0,1,0.3927090187789804,0.7024814572322836,11,1
4,random,0,1,0.3820159738782991,0.725929967429279,11,1
4,random,1,1,0.2007601313025907,0.9578274147781375,11,0
4,random,2,1,0.40648656526564786,0.761999310907365,11,1
4,random,3,1,0.2007601313025907,0.9578274147781375,11,0
4,random,4,1,0.2007601313025907,0.9578274147781375,11,0
4,random,5,1,0.2007601313025907,0.9578274147781375,11,0
4,random,6,1,0.3927090187789804,0.7024814572322836,11,1
4,random,7,1,0.2007601313025907,0.9578274147781375,11,0
4,random,8,1,0.42060631190877723,0.68398907588736,11,1
4,random,9,1,0.3820159738782991,0.725929967429279,11,1
4,random,10,1,0.40648656526564786,0.761999310907365,11,1
4,random,11,1,0.3820159738782991,0.725929967429279,11,1
4,random,12,1,0.3820159738782991,0.725929967429279,11,1
4,random,13,1,0.2007601313025907,0.9578274147781375,11,0
4,random,14,1,0.3927090187789804,0.7024814572322836,11,1
4,random,15,1,0.2007601313025907,0.9578274147781375,11,0
4,random,16,1,0.2007601313025907,0.9578274147781375,11,0
4,random,17,1,0.3820159738782991,0.725929967429279,11,1
4,random,18,1,0.2007601313025907,0.9578274147781375,11,0
4,random,19,1,0.2007601313025907,0.9578274147781375,11,0
4,d_optimal,0,2,0.3927090187789804,0.7024814572322836,10,1
4,v_optimal,0,2,0.5984354527420375,0.506653353361511,10,2
4,random,0,2,0.5739648613546888,0.470584009883425,10,2
4,random,1,2,0.2007601313025907,0.9578274147781375,10,0
4,random,2,2,0.2007601313025907,0.9578274147781375,10,0
4,random,3,2,0.2007601313025907,0.9578274147781375,10,0
4,random,4,2,0.40648656526564786,0.761999310907365,10,1
4,random,5,2,0.2007601313025907,0.9578274147781375,10,0
4,random,6,2,0.2007601313025907,0.9578274147781375,10,0
4,random,7,2,0.40648656526564786,0.761999310907365,10,1
4,random,8,2,0.42060631190877723,0.68398907588736,10,1
4,random,9,2,0.3820159738782991,0.725929967429279,10,1
4,random,10,2,0.40648656526564786,0.761999310907365,10,1
4,random,11,2,0.3820159738782991,0.725929967429279,10,1
4,random,12,2,0.3820159738782991,0.725929967429279,10,1
4,random,13,2,0.3820159738782991,0.725929967429279,10,1
4,random,14,2,0.2007601313025907,0.9578274147781375,10,0
4,random,15,2,0.2007601313025907,0.9578274147781375,10,0
4,random,16,2,0.5984354527420375,0.506653353361511,10,2
4,random,17,2,0.5877424078413562,0.5301018635585063,10,2
4,random,18,2,0.2007601313025907,0.9578274147781375,10,0
4,random,19,2,0.2007601313025907,0.9578274147781375,10,0
4,d_optimal,0,4,0.3927090187789804,0.7024814572322836,8,1
4,v_optimal,0,4,0.9995374759239324,0.0009175671218749023,8,4
4,random,0,4,0.3820159738782991,0.725929967429279,8,1
4,random,1,4,0.6263327458718344,0.4881609720165873,8,2
4,random,2,4,0.5984354527420375,0.506653353361511,8,2
4,random,3,4,0.6125551993851669,0.4286431183415061,8,2
4,random,4,4,0.3927090187789804,0.7024814572322836,8,1
4,random,5,4,0.3820159738782991,0.725929967429279,8,1
4,random,6,4,0.40648656526564786,0.761999310907365,8,1
4,random,7,4,0.42060631190877723,0.68398907588736,8,1
4,random,8,4,0.42060631190877723,0.68398907588736,8,1
4,random,9,4,0.8075885884475427,0.2562635246677288,8,3
4,random,10,4,0.5984354527420375,0.506653353361511,8,2
4,random,11,4,0.6018621544844857,0.45209162853850143,8,2
4,random,12,4,0.9995374759239324,0.0009175671218749023,8,4
4,random,13,4,0.3820159738782991,0.725929967429279,8,1
4,random,14,4,0.40648656526564786,0.761999310907365,8,1
4,random,15,4,0.3820159738782991,0.725929967429279,8,1
4,random,16,4,0.3927090187789804,0.7024814572322836,8,1
4,random,17,4,0.3820159738782991,0.725929967429279,8,1
4,random,18,4,0.3927090187789804,0.7024814572322836,8,1
4,random,19,4,0.3927090187789804,0.7024814572322836,8,1
4,d_optimal,0,8,0.5984354527420375,0.506653353361511,4,2
4,v_optimal,0,8,0.9995374759239324,0.0009175671218749023,4,4
4,random,0,8,0.5877424078413562,0.5301018635585063,4,2
4,random,1,8,0.818281633348224,0.23281501447073347,4,3
4,random,2,8,0.6263327458718344,0.4881609720165873,4,2
4,random,3,8,0.9995374759239324,0.0009175671218749023,4,4
4,random,4,8,0.2007601313025907,0.9578274147781375,4,0
4,random,5,8,0.8075885884475427,0.2562635246677288,4,3
4,random,6,8,0.818281633348224,0.23281501447073347,4,3
4,random,7,8,0.7938110419608753,0.19674567099264753,4,3
4,random,8,8,0.5877424078413562,0.5301018635585063,4,2
4,random,9,8,0.779691295317746,0.27475590601265243,4,3
4,random,10,8,0.5984354527420375,0.506653353361511,4,2
4,random,11,8,0.6018621544844857,0.45209162853850143,4,2
4,random,12,8,0.6018621544844857,0.45209162853850143,4,2
4,random,13,8,0.9995374759239324,0.0009175671218749023,4,4
4,random,14,8,0.6263327458718344,0.4881609720165873,4,2
4,random,15,8,0.9995374759239324,0.0009175671218749023,4,4
4,random,16,8,0.5739648613546888,0.470584009883425,4,2
4,random,17,8,0.8075885884475427,0.2562635246677288,4,3
4,random,18,8,0.6263327458718344,0.4881609720165873,4,2
4,random,19,8,0.818281633348224,0.23281501447073347,4,3
4,d_optimal,0,12,0.9995374759239324,0.0009175671218749023,0,4
4,v_optimal,0,12,0.9995374759239324,0.0009175671218749023,0,4
4,random,0,12,0.9995374759239324,0.0009175671218749023,0,4
4,random,1,12,0.9995374759239324,0.0009175671218749023,0,4
4,random,2,12,0.9995374759239324,0.0009175671218749023,0,4
4,random,3,12,0.9995374759239324,0.0009175671218749023,0,4
4,random,4,12,0.9995374759239324,0.0009175671218749023,0,4
4,random,5,12,0.9995374759239324,0.0009175671218749023,0,4
4,random,6,12,0.9995374759239324,0.0009175671218749023,0,4
4,random,7,12,0.9995374759239324,0.0009175671218749023,0,4
4,random,8,12,0.9995374759239324,0.0009175671218749023,0,4
4,random,9,12,0.9995374759239324,0.0009175671218749023,0,4
4,random,10,12,0.9995374759239324,0.0009175671218749023,0,4
4,random,11,12,0.9995374759239324,0.0009175671218749023,0,4
4,random,12,12,0.9995374759239324,0.0009175671218749023,0,4
4,random,13,12,0.9995374759239324,0.0009175671218749023,0,4
4,random,14,12,0.9995374759239324,0.0009175671218749023,0,4
4,random,15,12,0.9995374759239324,0.0009175671218749023,0,4
4,random,16,12,0.9995374759239324,0.0009175671218749023,0,4
4,random,17,12,0.9995374759239324,0.0009175671218749023,0,4
4,random,18,12,0.9995374759239324,0.0009175671218749023,0,4
4,random,19,12,0.9995374759239324,0.0009175671218749023,0,4
5,d_optimal,0,0,0.21990728235104162,0.9506721755384786,12,0
5,v_optimal,0,0,0.21990728235104162,0.9506721755384786,12,0
5,random,0,0,0.21990728235104162,0.9506721755384786,12,0
5,random,1,0,0.21990728235104162,0.9506721755384786,12,0
5,random,2,0,0.21990728235104162,0.9506721755384786,12,0
5,random,3,0,0.21990728235104162,0.9506721755384786,12,0
5,random,4,0,0.21990728235104162,0.9506721755384786,12,0
5,random,5,0,0.21990728235104162,0.9506721755384786,12,0
5,random,6,0,0.21990728235104162,0.9506721755384786,12,0
5,random,7,0,0.21990728235104162,0.9506721755384786,12,0
5,random,8,0,0.21990728235104162,0.9506721755384786,12,0
5,random,9,0,0.21990728235104162,0.9506721755384786,12,0
5,random,10,0,0.21990728235104162,0.9506721755384786,12,0
5,random,11,0,0.21990728235104162,0.9506721755384786,12,0
5,random,12,0,0.21990728235104162,0.9506721755384786,12,0
5,random,13,0,0.21990728235104162,0.9506721755384786,12,0
5,random,14,0,0.21990728235104162,0.9506721755384786,12,0
5,random,15,0,0.21990728235104162,0.9506721755384786,12,0
5,random,16,0,0.21990728235104162,0.9506721755384786,12,0
5,random,17,0,0.21990728235104162,0.9506721755384786,12,0
5,random,18,0,0.21990728235104162,0.9506721755384786,12,0
5,random,19,0,0.21990728235104162,0.9506721755384786,12,0
5,d_optimal,0,1,0.21990728235104162,0.9506721755384786,11,0
5,v_optimal,0,1,0.4373878638490211,0.6841997658512231,11,1
5,random,0,1,0.21990728235104162,0.9506721755384786,11,0
5,random,1,1,0.4373878638490211,0.6841997658512231,11,1
5,random,2,1,0.21990728235104162,0.9506721755384786,11,0
5,random,3,1,0.21990728235104162,0.9506721755384786,11,0
5,random,4,1,0.21990728235104162,0.9506721755384786,11,0
5,random,5,1,0.21990728235104162,0.9506721755384786,11,0
5,random,6,1,0.21990728235104162,0.9506721755384786,11,0
5,random,7,1,0.21990728235104162,0.9506721755384786,11,0
5,random,8,1,0.3900227046211063,0.6854201106056008,11,1
5,random,9,1,0.21990728235104162,0.9506721755384786,11,0
5,random,10,1,0.3900227046211063,0.6854201106056008,11,1
5,random,11,1,0.21990728235104162,0.9506721755384786,11,0
5,random,12,1,0.21990728235104162,0.9506721755384786,11,0
5,random,13,1,0.21990728235104162,0.9506721755384786,11,0
5,random,14,1,0.21990728235104162,0.9506721755384786,11,0
5,random,15,1,0.411630106446046,0.7741835992000026,11,1
5,random,16,1,0.3900227046211063,0.6854201106056008,11,1
5,random,17,1,0.21990728235104162,0.9506721755384786,11,0
5,random,18,1,0.21990728235104162,0.9506721755384786,11,0
5,random,19,1,0.21990728235104162,0.9506721755384786,11,0
5,d_optimal,0,2,0.21990728235104162,0.9506721755384786,10,0
5,v_optimal,0,2,0.6291106879440255,0.5077111895127469,10,2
5,random,0,2,0.3900227046211063,0.6854201106056008,10,1
5,random,1,2,0.4373878638490211,0.6841997658512231,10,1
5,random,2,2,0.3900227046211063,0.6854201106056008,10,1
5,random,3,2,0.411630106446046,0.7741835992000026,10,1
5,random,4,2,0.6120909325381352,0.5323316999118374,10,2
5,random,5,2,0.21990728235104162,0.9506721755384786,10,0
5,random,6,2,0.21990728235104162,0.9506721755384786,10,0
5,random,7,2,0.411630106446046,0.7741835992000026,10,1
5,random,8,2,0.3900227046211063,0.6854201106056008,10,1
5,random,9,2,0.21990728235104162,0.9506721755384786,10,0
5,random,10,2,0.6075032861190859,0.4189477009183452,10,2
5,random,11,2,0.411630106446046,0.7741835992000026,10,1
5,random,12,2,0.6291106879440255,0.5077111895127469,10,2
5,random,13,2,0.21990728235104162,0.9506721755384786,10,0
5,random,14,2,0.21990728235104162,0.9506721755384786,10,0
5,random,15,2,0.42036810844313083,0.7088202762503136,10,1
5,random,16,2,0.3900227046211063,0.6854201106056008,10,1
5,random,17,2,0.21990728235104162,0.9506721755384786,10,0
5,random,18,2,0.21990728235104162,0.9506721755384786,10,0
5,random,19,2,0.21990728235104162,0.9506721755384786,10,0
5,d_optimal,0,4,0.6291106879440255,0.5077111895127469,8,2
5,v_optimal,0,4,0.9996869363061793,0.0006072252917039637,8,4
5,random,0,4,0.5904835307131955,0.4435682113174358,8,2
5,random,1,4,0.6291106879440255,0.5077111895127469,8,2
5,random,2,4,0.3900227046211063,0.6854201106056008,8,1
5,random,3,4,0.4373878638490211,0.6841997658512231,8,1
5,random,4,4,0.6291106879440255,0.5077111895127469,8,2
5,random,5,4,0.9996869363061793,0.0006072252917039637,8,4
5,random,6,4,0.6120909325381352,0.5323316999118374,8,2
5,random,7,4,0.6120909325381352,0.5323316999118374,8,2
5,random,8,4,0.3900227046211063,0.6854201106056008,8,1
5,random,9,4,0.21990728235104162,0.9506721755384786,8,0
5,random,10,4,0.3900227046211063,0.6854201106056008,8,1
5,random,11,4,0.42036810844313083,0.7088202762503136,8,1
5,random,12,4,0.4373878638490211,0.6841997658512231,8,1
5,random,13,4,0.42036810844313083,0.7088202762503136,8,1
5,random,14,4,0.3900227046211063,0.6854201106056008,8,1
5,random,15,4,0.411630106446046,0.7741835992000026,8,1
5,random,16,4,0.7992261102140902,0.24245912457986907,8,3
5,random,17,4,0.4373878638490211,0.6841997658512231,8,1
5,random,18,4,0.21990728235104162,0.9506721755384786,8,0
5,random,19,4,0.4373878638490211,0.6841997658512231,8,1
5,d_optimal,0,8,0.8295715140361146,0.2658592902245818,4,3
5,v_optimal,0,8,0.9996869363061793,0.0006072252917039637,4,4
5,random,0,8,0.807964112211175,0.17709580163018018,4,3
5,random,1,8,0.8295715140361146,0.2658592902245818,4,3
5,random,2,8,0.9996869363061793,0.0006072252917039637,4,4
5,random,3,8,0.8295715140361146,0.2658592902245818,4,3
5,random,4,8,0.8295715140361146,0.2658592902245818,4,3
5,random,5,8,0.7822063548081999,0.26707963497895953,4,3
5,random,6,8,0.6291106879440255,0.5077111895127469,4,2
5,random,7,8,0.6378486899411103,0.442347866563058,4,2
5,random,8,8,0.9996869363061793,0.0006072252917039637,4,4
5,random,9,8,0.8295715140361146,0.2658592902245818,4,3
5,random,10,8,0.7822063548081999,0.26707963497895953,4,3
5,random,11,8,0.6291106879440255,0.5077111895127469,4,2
5,random,12,8,0.8295715140361146,0.2658592902245818,4,3
5,random,13,8,0.8295715140361146,0.2658592902245818,4,3
5,random,14,8,0.807964112211175,0.17709580163018018,4,3
5,random,15,8,0.6378486899411103,0.442347866563058,4,2
5,random,16,8,0.6075032861190859,0.4189477009183452,4,2
5,random,17,8,0.7992261102140902,0.24245912457986907,4,3
5,random,18,8,0.807964112211175,0.17709580163018018,4,3
5,random,19,8,0.6291106879440255,0.5077111895127469,4,2
5,d_optimal,0,12,0.9996869363061793,0.0006072252917039637,0,4
5,v_optimal,0,12,0.9996869363061793,0.0006072252917039637,0,4
5,random,0,12,0.9996869363061793,0.0006072252917039637,0,4
5,random,1,12,0.9996869363061793,0.0006072252917039637,0,4
5,random,2,12,0.9996869363061793,0.0006072252917039637,0,4
5,random,3,12,0.9996869363061793,0.0006072252917039637,0,4
5,random,4,12,0.9996869363061793,0.0006072252917039637,0,4
5,random,5,12,0.9996869363061793,0.0006072252917039637,0,4
5,random,6,12,0.9996869363061793,0.0006072252917039637,0,4
5,random,7,12,0.9996869363061793,0.0006072252917039637,0,4
5,random,8,12,0.9996869363061793,0.0006072252917039637,0,4
5,random,9,12,0.9996869363061793,0.0006072252917039637,0,4
5,random,10,12,0.9996869363061793,0.0006072252917039637,0,4
5,random,11,12,0.9996869363061793,0.0006072252917039637,0,4
5,random,12,12,0.9996869363061793,0.0006072252917039637,0,4
5,random,13,12,0.9996869363061793,0.0006072252917039637,0,4
5,random,14,12,0.9996869363061793,0.0006072252917039637,0,4
5,random,15,12,0.9996869363061793,0.0006072252917039637,0,4
5,random,16,12,0.9996869363061793,0.0006072252917039637,0,4
5,random,17,12,0.9996869363061793,0.0006072252917039637,0,4
5,random,18,12,0.9996869363061793,0.0006072252917039637,0,4
5,random,19,12,0.9996869363061793,0.0006072252917039637,0,4
6,d_optimal,0,0,0.24279235394164822,0.9410961462888335,12,0
6,v_optimal,0,0,0.24279235394164822,0.9410961462888335,12,0
6,random,0,0,0.24279235394164822,0.9410961462888335,12,0
6,random,1,0,0.24279235394164822,0.9410961462888335,12,0
6,random,2,0,0.24279235394164822,0.9410961462888335,12,0
6,random,3,0,0.24279235394164822,0.9410961462888335,12,0
6,random,4,0,0.24279235394164822,0.9410961462888335,12,0
6,random,5,0,0.24279235394164822,0.9410961462888335,12,0
6,random,6,0,0.24279235394164822,0.9410961462888335,12,0
6,random,7,0,0.24279235394164822,0.9410961462888335,12,0
6,random,8,0,0.24279235394164822,0.9410961462888335,12,0
6,random,9,0,0.24279235394164822,0.9410961462888335,12,0
6,random,10,0,0.24279235394164822,0.9410961462888335,12,0
6,random,11,0,0.24279235394164822,0.9410961462888335,12,0
6,random,12,0,0.24279235394164822,0.9410961462888335,12,0
6,random,13,0,0.24279235394164822,0.9410961462888335,12,0
6,random,14,0,0.24279235394164822,0.9410961462888335,12,0
6,random,15,0,0.24279235394164822,0.9410961462888335,12,0
6,random,16,0,0.24279235394164822,0.9410961462888335,12,0
6,random,17,0,0.24279235394164822,0.9410961462888335,12,0
6,random,18,0,0.24279235394164822,0.9410961462888335,12,0
6,random,19,0,0.24279235394164822,0.9410961462888335,12,0
6,d_optimal,0,1,0.4427024274065665,0.7467583791717646,11,1
6,v_optimal,0,1,0.4427024274065665,0.7467583791717646,11,1
6,random,0,1,0.4345822424158541,0.7168227581050386,11,1
6,random,1,1,0.24279235394164822,0.9410961462888335,11,0
6,random,2,1,0.40906932245507266,0.6753437839890251,11,1
6,random,3,1,0.24279235394164822,0.9410961462888335,11,0
6,random,4,1,0.24279235394164822,0.9410961462888335,11,0
6,random,5,1,0.24279235394164822,0.9410961462888335,11,0
6,random,6,1,0.24279235394164822,0.9410961462888335,11,0
6,random,7,1,0.44166752645734086,0.6850725844950794,11,1
6,random,8,1,0.24279235394164822,0.9410961462888335,11,0
6,random,9,1,0.24279235394164822,0.9410961462888335,11,0
6,random,10,1,0.44166752645734086,0.6850725844950794,11,1
6,random,11,1,0.24279235394164822,0.9410961462888335,11,0
6,random,12,1,0.4427024274065665,0.7467583791717646,11,1
6,random,13,1,0.4427024274065665,0.7467583791717646,11,1
6,random,14,1,0.24279235394164822,0.9410961462888335,11,0
6,random,15,1,0.24279235394164822,0.9410961462888335,11,0
6,random,16,1,0.24279235394164822,0.9410961462888335,11,0
6,random,17,1,0.24279235394164822,0.9410961462888335,11,0
6,random,18,1,0.24279235394164822,0.9410961462888335,11,0
6,random,19,1,0.24279235394164822,0.9410961462888335,11,0
6,d_optimal,0,2,0.4427024274065665,0.7467583791717646,10,1
6,v_optimal,0,2,0.6344923158807724,0.5224849909879696,10,2
6,random,0,2,0.6344923158807724,0.5224849909879696,10,2
6,random,1,2,0.24279235394164822,0.9410961462888335,10,0
6,random,2,2,0.4345822424158541,0.7168227581050386,10,1
6,random,3,2,0.24279235394164822,0.9410961462888335,10,0
6,random,4,2,0.24279235394164822,0.9410961462888335,10,0
6,random,5,2,0.24279235394164822,0.9410961462888335,10,0
6,random,6,2,0.24279235394164822,0.9410961462888335,10,0
6,random,7,2,0.4345822424158541,0.7168227581050386,10,1
6,random,8,2,0.24279235394164822,0.9410961462888335,10,0
6,random,9,2,0.24279235394164822,0.9410961462888335,10,0
6,random,10,2,0.44166752645734086,0.6850725844950794,10,1
6,random,11,2,0.40906932245507266,0.6753437839890251,10,1
6,random,12,2,0.4427024274065665,0.7467583791717646,10,1
6,random,13,2,0.4427024274065665,0.7467583791717646,10,1
6,random,14,2,0.24279235394164822,0.9410961462888335,10,0
6,random,15,2,0.4345822424158541,0.7168227581050386,10,1
6,random,16,2,0.24279235394164822,0.9410961462888335,10,0
6,random,17,2,0.4345822424158541,0.7168227581050386,10,1
6,random,18,2,0.4345822424158541,0.7168227581050386,10,1
6,random,19,2,0.24279235394164822,0.9410961462888335,10,0
6,d_optimal,0,4,0.6344923158807724,0.5224849909879696,8,2
6,v_optimal,0,4,0.9996444569098895,0.0007090668944069672,8,4
6,random,0,4,0.4427024274065665,0.7467583791717646,8,1
6,random,1,4,0.6334574149315468,0.46079919631128446,8,2
6,random,2,4,0.6079444949707653,0.4193202221952708,8,2
6,random,3,4,0.4427024274065665,0.7467583791717646,8,1
6,random,4,4,0.6008592109292785,0.4510703958052301,8,2
6,random,5,4,0.24279235394164822,0.9410961462888335,8,0
6,random,6,4,0.24279235394164822,0.9410961462888335,8,0
6,random,7,4,0.40906932245507266,0.6753437839890251,8,1
6,random,8,4,0.24279235394164822,0.9410961462888335,8,0
6,random,9,4,0.6334574149315468,0.46079919631128446,8,2
6,random,10,4,0.6334574149315468,0.46079919631128446,8,2
6,random,11,4,0.40906932245507266,0.6753437839890251,8,1
6,random,12,4,0.4427024274065665,0.7467583791717646,8,1
6,random,13,4,0.6415775999222592,0.49073481737801045,8,2
6,random,14,4,0.6079444949707653,0.4193202221952708,8,2
6,random,15,4,0.4345822424158541,0.7168227581050386,8,1
6,random,16,4,0.44166752645734086,0.6850725844950794,8,1
6,random,17,4,0.40906932245507266,0.6753437839890251,8,1
6,random,18,4,0.24279235394164822,0.9410961462888335,8,0
6,random,19,4,0.6079444949707653,0.4193202221952708,8,2
6,d_optimal,0,8,0.9996444569098895,0.0007090668944069672,4,4
6,v_optimal,0,8,0.9996444569098895,0.0007090668944069672,4,4
6,random,0,8,0.7997343834449713,0.1950468340114759,4,3
6,random,1,8,0.8078545684356836,0.22498245507820183,4,3
6,random,2,8,0.4345822424158541,0.7168227581050386,4,1
6,random,3,8,0.833367488396465,0.2664614291942155,4,3
6,random,4,8,0.6079444949707653,0.4193202221952708,4,2
6,random,5,8,0.8007692843941968,0.2567326286881611,4,3
6,random,6,8,0.6415775999222592,0.49073481737801045,4,2
6,random,7,8,0.6344923158807724,0.5224849909879696,4,2
6,random,8,8,0.9996444569098895,0.0007090668944069672,4,4
6,random,9,8,0.608979395919991,0.48100601687195604,4,2
6,random,10,8,0.40906932245507266,0.6753437839890251,4,1
6,random,11,8,0.6334574149315468,0.46079919631128446,4,2
6,random,12,8,0.833367488396465,0.2664614291942155,4,3
6,random,13,8,0.8007692843941968,0.2567326286881611,4,3
6,random,14,8,0.833367488396465,0.2664614291942155,4,3
6,random,15,8,0.4345822424158541,0.7168227581050386,4,1
6,random,16,8,0.8078545684356836,0.22498245507820183,4,3
6,random,17,8,0.6008592109292785,0.4510703958052301,4,2
6,random,18,8,0.9996444569098895,0.0007090668944069672,4,4
6,random,19,8,0.8007692843941968,0.2567326286881611,4,3
6,d_optimal,0,12,0.9996444569098895,0.0007090668944069672,0,4
6,v_optimal,0,12,0.9996444569098895,0.0007090668944069672,0,4
6,random,0,12,0.9996444569098895,0.0007090668944069672,0,4
6,random,1,12,0.9996444569098895,0.0007090668944069672,0,4
6,random,2,12,0.9996444569098895,0.0007090668944069672,0,4
6,random,3,12,0.9996444569098895,0.0007090668944069672,0,4
6,random,4,12,0.9996444569098895,0.0007090668944069672,0,4
6,random,5,12,0.9996444569098895,0.0007090668944069672,0,4
6,random,6,12,0.9996444569098895,0.0007090668944069672,0,4
6,random,7,12,0.9996444569098895,0.0007090668944069672,0,4
6,random,8,12,0.9996444569098895,0.0007090668944069672,0,4
6,random,9,12,0.9996444569098895,0.0007090668944069672,0,4
6,random,10,12,0.9996444569098895,0.0007090668944069672,0,4
6,random,11,12,0.9996444569098895,0.0007090668944069672,0,4
6,random,12,12,0.9996444569098895,0.0007090668944069672,0,4
6,random,13,12,0.9996444569098895,0.0007090668944069672,0,4
6,random,14,12,0.9996444569098895,0.0007090668944069672,0,4
6,random,15,12,0.9996444569098895,0.0007090668944069672,0,4
6,random,16,12,0.9996444569098895,0.0007090668944069672,0,4
6,random,17,12,0.9996444569098895,0.0007090668944069672,0,4
6,random,18,12,0.9996444569098895,0.0007090668944069672,0,4
6,random,19,12,0.9996444569098895,0.0007090668944069672,0,4
7,d_optimal,0,0,0.15950771270991887,0.976660967581273,12,0
7,v_optimal,0,0,0.15950771270991887,0.976660967581273,12,0
7,random,0,0,0.15950771270991887,0.976660967581273,12,0
7,random,1,0,0.15950771270991887,0.976660967581273,12,0
7,random,2,0,0.15950771270991887,0.976660967581273,12,0
7,random,3,0,0.15950771270991887,0.976660967581273,12,0
7,random,4,0,0.15950771270991887,0.976660967581273,12,0
7,random,5,0,0.15950771270991887,0.976660967581273,12,0
7,random,6,0,0.15950771270991887,0.976660967581273,12,0
7,random,7,0,0.15950771270991887,0.976660967581273,12,0
7,random,8,0,0.15950771270991887,0.976660967581273,12,0
7,random,9,0,0.15950771270991887,0.976660967581273,12,0
7,random,10,0,0.15950771270991887,0.976660967581273,12,0
7,random,11,0,0.15950771270991887,0.976660967581273,12,0
7,random,12,0,0.15950771270991887,0.976660967581273,12,0
7,random,13,0,0.15950771270991887,0.976660967581273,12,0
7,random,14,0,0.15950771270991887,0.976660967581273,12,0
7,random,15,0,0.15950771270991887,0.976660967581273,12,0
7,random,16,0,0.15950771270991887,0.976660967581273,12,0
7,random,17,0,0.15950771270991887,0.976660967581273,12,0
7,random,18,0,0.15950771270991887,0.976660967581273,12,0
7,random,19,0,0.15950771270991887,0.976660967581273,12,0
7,d_optimal,0,1,0.15950771270991887,0.976660967581273,11,0
7,v_optimal,0,1,0.35753461650358764,0.7427384238000247,11,1
7,random,0,1,0.15950771270991887,0.976660967581273,11,0
7,random,1,1,0.15950771270991887,0.976660967581273,11,0
7,random,2,1,0.385862465252119,0.7032777448577526,11,1
7,random,3,1,0.15950771270991887,0.976660967581273,11,0
7,random,4,1,0.15950771270991887,0.976660967581273,11,0
7,random,5,1,0.15950771270991887,0.976660967581273,11,0
7,random,6,1,0.385862465252119,0.7032777448577526,11,1
7,random,7,1,0.15950771270991887,0.976660967581273,11,0
7,random,8,1,0.35753461650358764,0.7427384238000247,11,1
7,random,9,1,0.15950771270991887,0.976660967581273,11,0
7,random,10,1,0.36583647992219526,0.7063863130402357,11,1
7,random,11,1,0.15950771270991887,0.976660967581273,11,0
7,random,12,1,0.15950771270991887,0.976660967581273,11,0
7,random,13,1,0.36583647992219526,0.7063863130402357,11,1
7,random,14,1,0.35753461650358764,0.7427384238000247,11,1
7,random,15,1,0.15950771270991887,0.976660967581273,11,0
7,random,16,1,0.15950771270991887,0.976660967581273,11,0
7,random,17,1,0.15950771270991887,0.976660967581273,11,0
7,random,18,1,0.15950771270991887,0.976660967581273,11,0
7,random,19,1,0.15950771270991887,0.976660967581273,11,0
7,d_optimal,0,2,0.15950771270991887,0.976660967581273,10,0
7,v_optimal,0,2,0.5838893690457877,0.4693552010765043,10,2
7,random,0,2,0.36900692540683816,0.778154016116714,10,1
7,random,1,2,0.36583647992219526,0.7063863130402357,10,1
7,random,2,2,0.36583647992219526,0.7063863130402357,10,1
7,random,3,2,0.15950771270991887,0.976660967581273,10,0
7,random,4,2,0.35753461650358764,0.7427384238000247,10,1
7,random,5,2,0.36900692540683816,0.778154016116714,10,1
7,random,6,2,0.385862465252119,0.7032777448577526,10,1
7,random,7,2,0.15950771270991887,0.976660967581273,10,0
7,random,8,2,0.35753461650358764,0.7427384238000247,10,1
7,random,9,2,0.15950771270991887,0.976660967581273,10,0
7,random,10,2,0.5753356926191144,0.5078793615756767,10,2
7,random,11,2,0.15950771270991887,0.976660967581273,10,0
7,random,12,2,0.15950771270991887,0.976660967581273,10,0
7,random,13,2,0.36900692540683816,0.778154016116714,10,1
7,random,14,2,0.5838893690457877,0.4693552010765043,10,2
7,random,15,2,0.15950771270991887,0.976660967581273,10,0
7,random,16,2,0.15950771270991887,0.976660967581273,10,0
7,random,17,2,0.35753461650358764,0.7427384238000247,10,1
7,random,18,2,0.36900692540683816,0.778154016116714,10,1
7,random,19,2,0.5921912324643953,0.43300309031671536,10,2
7,d_optimal,0,4,0.15950771270991887,0.976660967581273,8,0
7,v_optimal,0,4,0.9997173489549833,0.0005735950709081155,8,4
7,random,0,4,0.385862465252119,0.7032777448577526,8,1
7,random,1,4,0.15950771270991887,0.976660967581273,8,0
7,random,2,4,0.35753461650358764,0.7427384238000247,8,1
7,random,3,4,0.385862465252119,0.7032777448577526,8,1
7,random,4,4,0.563863383715864,0.4724637692589875,8,2
7,random,5,4,0.36583647992219526,0.7063863130402357,8,1
7,random,6,4,0.5921912324643953,0.43300309031671536,8,2
7,random,7,4,0.5670338292005068,0.5442314723354656,8,2
7,random,8,4,0.35753461650358764,0.7427384238000247,8,1
7,random,9,4,0.5921912324643953,0.43300309031671536,8,2
7,random,10,4,0.36583647992219526,0.7063863130402357,8,1
7,random,11,4,0.5670338292005068,0.5442314723354656,8,2
7,random,12,4,0.36900692540683816,0.778154016116714,8,1
7,random,13,4,0.36900692540683816,0.778154016116714,8,1
7,random,14,4,0.7733625964127833,0.27395681779442843,8,3
7,random,15,4,0.5921912324643953,0.43300309031671536,8,2
7,random,16,4,0.36900692540683816,0.778154016116714,8,1
7,random,17,4,0.7733625964127833,0.27395681779442843,8,3
7,random,18,4,0.385862465252119,0.7032777448577526,8,1
7,random,19,4,0.35753461650358764,0.7427384238000247,8,1
7,d_optimal,0,8,0.35753461650358764,0.7427384238000247,4,1
7,v_optimal,0,8,0.9997173489549833,0.0005735950709081155,4,4
7,random,0,8,0.9997173489549833,0.0005735950709081155,4,4
7,random,1,8,0.9997173489549833,0.0005735950709081155,4,4
7,random,2,8,0.790218136258064,0.1990805465354671,4,3
7,random,3,8,0.8016904451613146,0.23449613885215637,4,3
7,random,4,8,0.790218136258064,0.1990805465354671,4,3
7,random,5,8,0.9997173489549833,0.0005735950709081155,4,4
7,random,6,8,0.5753356926191144,0.5078793615756767,4,2
7,random,7,8,0.7733625964127833,0.27395681779442843,4,3
7,random,8,8,0.793388581742707,0.27084824961194537,4,3
7,random,9,8,0.5953616779490383,0.5047707933931936,4,2
7,random,10,8,0.9997173489549833,0.0005735950709081155,4,4
7,random,11,8,0.7733625964127833,0.27395681779442843,4,3
7,random,12,8,0.36583647992219526,0.7063863130402357,4,1
7,random,13,8,0.5838893690457877,0.4693552010765043,4,2
7,random,14,8,0.7733625964127833,0.27395681779442843,4,3
7,random,15,8,0.563863383715864,0.4724637692589875,4,2
7,random,16,8,0.5953616779490383,0.5047707933931936,4,2
7,random,17,8,0.563863383715864,0.4724637692589875,4,2
7,random,18,8,0.8016904451613146,0.23449613885215637,4,3
7,random,19,8,0.9997173489549833,0.0005735950709081155,4,4
7,d_optimal,0,12,0.9997173489549833,0.0005735950709081155,0,4
7,v_optimal,0,12,0.9997173489549833,0.0005735950709081155,0,4
7,random,0,12,0.9997173489549833,0.0005735950709081155,0,4
7,random,1,12,0.9997173489549833,0.0005735950709081155,0,4
7,random,2,12,0.9997173489549833,0.0005735950709081155,0,4
7,random,3,12,0.9997173489549833,0.0005735950709081155,0,4
7,random,4,12,0.9997173489549833,0.0005735950709081155,0,4
7,random,5,12,0.9997173489549833,0.0005735950709081155,0,4
7,random,6,12,0.9997173489549833,0.0005735950709081155,0,4
7,random,7,12,0.9997173489549833,0.0005735950709081155,0,4
7,random,8,12,0.9997173489549833,0.0005735950709081155,0,4
7,random,9,12,0.9997173489549833,0.0005735950709081155,0,4
7,random,10,12,0.9997173489549833,0.0005735950709081155,0,4
7,random,11,12,0.9997173489549833,0.0005735950709081155,0,4
7,random,12,12,0.9997173489549833,0.0005735950709081155,0,4
7,random,13,12,0.9997173489549833,0.0005735950709081155,0,4
7,random,14,12,0.9997173489549833,0.0005735950709081155,0,4
7,random,15,12,0.9997173489549833,0.0005735950709081155,0,4
7,random,16,12,0.9997173489549833,0.0005735950709081155,0,4
7,random,17,12,0.9997173489549833,0.0005735950709081155,0,4
7,random,18,12,0.9997173489549833,0.0005735950709081155,0,4
7,random,19,12,0.9997173489549833,0.0005735950709081155,0,4
8,d_optimal,0,0,0.12502545080906952,0.991330592144112,12,0
8,v_optimal,0,0,0.12502545080906952,0.991330592144112,12,0
8,random,0,0,0.12502545080906952,0.991330592144112,12,0
8,random,1,0,0.12502545080906952,0.991330592144112,12,0
8,random,2,0,0.12502545080906952,0.991330592144112,12,0
8,random,3,0,0.12502545080906952,0.991330592144112,12,0
8,random,4,0,0.12502545080906952,0.991330592144112,12,0
8,random,5,0,0.12502545080906952,0.991330592144112,12,0
8,random,6,0,0.12502545080906952,0.991330592144112,12,0
8,random,7,0,0.12502545080906952,0.991330592144112,12,0
8,random,8,0,0.12502545080906952,0.991330592144112,12,0
8,random,9,0,0.12502545080906952,0.991330592144112,12,0
8,random,10,0,0.12502545080906952,0.991330592144112,12,0
8,random,11,0,0.12502545080906952,0.991330592144112,12,0
8,random,12,0,0.12502545080906952,0.991330592144112,12,0
8,random,13,0,0.12502545080906952,0.991330592144112,12,0
8,random,14,0,0.12502545080906952,0.991330592144112,12,0
8,random,15,0,0.12502545080906952,0.991330592144112,12,0
8,random,16,0,0.12502545080906952,0.991330592144112,12,0
8,random,17,0,0.12502545080906952,0.991330592144112,12,0
8,random,18,0,0.12502545080906952,0.991330592144112,12,0
8,random,19,0,0.12502545080906952,0.991330592144112,12,0
8,d_optimal,0,1,0.36538933436063964,0.7052369373658245,11,1
8,v_optimal,0,1,0.36538933436063964,0.7052369373658245,11,1
8,random,0,1,0.36538933436063964,0.7052369373658245,11,1
8,random,1,1,0.12502545080906952,0.991330592144112,11,0
8,random,2,1,0.12502545080906952,0.991330592144112,11,0
8,random,3,1,0.12502545080906952,0.991330592144112,11,0
8,random,4,1,0.3512973740715511,0.761596340912389,11,1
8,random,5,1,0.36538933436063964,0.7052369373658245,11,1
8,random,6,1,0.32355579143265417,0.7284022495118221,11,1
8,random,7,1,0.12502545080906952,0.991330592144112,11,0
8,random,8,1,0.12502545080906952,0.991330592144112,11,0
8,random,9,1,0.32355579143265417,0.7284022495118221,11,1
8,random,10,1,0.36538933436063964,0.7052369373658245,11,1
8,random,11,1,0.12502545080906952,0.991330592144112,11,0
8,random,12,1,0.12502545080906952,0.991330592144112,11,0
8,random,13,1,0.32355579143265417,0.7284022495118221,11,1
8,random,14,1,0.12502545080906952,0.991330592144112,11,0
8,random,15,1,0.12502545080906952,0.991330592144112,11,0
8,random,16,1,0.12502545080906952,0.991330592144112,11,0
8,random,17,1,0.12502545080906952,0.991330592144112,11,0
8,random,18,1,0.3512973740715511,0.761596340912389,11,1
8,random,19,1,0.12502545080906952,0.991330592144112,11,0
8,d_optimal,0,2,0.36538933436063964,0.7052369373658245,10,1
8,v_optimal,0,2,0.5639196749842244,0.44230859473353457,10,2
8,random,0,2,0.36538933436063964,0.7052369373658245,10,1
8,random,1,2,0.12502545080906952,0.991330592144112,10,0
8,random,2,2,0.5639196749842244,0.44230859473353457,10,2
8,random,3,2,0.12502545080906952,0.991330592144112,10,0
8,random,4,2,0.3512973740715511,0.761596340912389,10,1
8,random,5,2,0.36538933436063964,0.7052369373658245,10,1
8,random,6,2,0.12502545080906952,0.991330592144112,10,0
8,random,7,2,0.12502545080906952,0.991330592144112,10,0
8,random,8,2,0.3512973740715511,0.761596340912389,10,1
8,random,9,2,0.12502545080906952,0.991330592144112,10,0
8,random,10,2,0.36538933436063964,0.7052369373658245,10,1
8,random,11,2,0.12502545080906952,0.991330592144112,10,0
8,random,12,2,0.12502545080906952,0.991330592144112,10,0
8,random,13,2,0.32355579143265417,0.7284022495118221,10,1
8,random,14,2,0.12502545080906952,0.991330592144112,10,0
8,random,15,2,0.12502545080906952,0.991330592144112,10,0
8,random,16,2,0.3512973740715511,0.761596340912389,10,1
8,random,17,2,0.12502545080906952,0.991330592144112,10,0
8,random,18,2,0.3512973740715511,0.761596340912389,10,1
8,random,19,2,0.12502545080906952,0.991330592144112,10,0
8,d_optimal,0,4,0.36538933436063964,0.7052369373658245,8,1
8,v_optimal,0,4,0.999637694233374,0.0007209406328487897,8,4
8,random,0,4,0.36538933436063964,0.7052369373658245,8,1
8,random,1,4,0.5498277146951358,0.49866799828009906,8,2
8,random,2,4,0.36538933436063964,0.7052369373658245,8,1
8,random,3,4,0.33447154679573776,0.7794771892751492,8,1
8,random,4,4,0.5916612576231212,0.47550268613410146,8,2
8,random,5,4,0.36538933436063964,0.7052369373658245,8,1
8,random,6,4,0.3512973740715511,0.761596340912389,8,1
8,random,7,4,0.12502545080906952,0.991330592144112,8,0
8,random,8,4,0.12502545080906952,0.991330592144112,8,0
8,random,9,4,0.12502545080906952,0.991330592144112,8,0
8,random,10,4,0.5916612576231212,0.47550268613410146,8,2
8,random,11,4,0.5330018874193224,0.5165488466428594,8,2
8,random,12,4,0.5639196749842244,0.44230859473353457,8,2
8,random,13,4,0.12502545080906952,0.991330592144112,8,0
8,random,14,4,0.5498277146951358,0.49866799828009906,8,2
8,random,15,4,0.32355579143265417,0.7284022495118221,8,1
8,random,16,4,0.12502545080906952,0.991330592144112,8,0
8,random,17,4,0.32355579143265417,0.7284022495118221,8,1
8,random,18,4,0.3512973740715511,0.761596340912389,8,1
8,random,19,4,0.759273810681804,0.2868145954111363,8,3
8,d_optimal,0,8,0.5639196749842244,0.44230859473353457,4,2
8,v_optimal,0,8,0.999637694233374,0.0007209406328487897,4,4
8,random,0,8,0.7901915982467058,0.21257434350181156,4,3
8,random,1,8,0.7901915982467058,0.21257434350181156,4,3
8,random,2,8,0.7733657709708925,0.2304551918645718,4,3
8,random,3,8,0.7733657709708925,0.2304551918645718,4,3
8,random,4,8,0.5639196749842244,0.44230859473353457,4,2
8,random,5,8,0.7901915982467058,0.21257434350181156,4,3
8,random,6,8,0.5498277146951358,0.49866799828009906,4,2
8,random,7,8,0.5748354303473079,0.49338353449686173,4,2
8,random,8,8,0.5916612576231212,0.47550268613410146,4,2
8,random,9,8,0.759273810681804,0.2868145954111363,4,3
8,random,10,8,0.999637694233374,0.0007209406328487897,4,4
8,random,11,8,0.999637694233374,0.0007209406328487897,4,4
8,random,12,8,0.8011073536097895,0.2636492832651387,4,3
8,random,13,8,0.7901915982467058,0.21257434350181156,4,3
8,random,14,8,0.5498277146951358,0.49866799828009906,4,2
8,random,15,8,0.7901915982467058,0.21257434350181156,4,3
8,random,16,8,0.5330018874193224,0.5165488466428594,4,2
8,random,17,8,0.759273810681804,0.2868145954111363,4,3
8,random,18,8,0.759273810681804,0.2868145954111363,4,3
8,random,19,8,0.7733657709708925,0.2304551918645718,4,3
8,d_optimal,0,12,0.999637694233374,0.0007209406328487897,0,4
8,v_optimal,0,12,0.999637694233374,0.0007209406328487897,0,4
8,random,0,12,0.999637694233374,0.0007209406328487897,0,4
8,random,1,12,0.999637694233374,0.0007209406328487897,0,4
8,random,2,12,0.999637694233374,0.0007209406328487897,0,4
8,random,3,12,0.999637694233374,0.0007209406328487897,0,4
8,random,4,12,0.999637694233374,0.0007209406328487897,0,4
8,random,5,12,0.999637694233374,0.0007209406328487897,0,4
8,random,6,12,0.999637694233374,0.0007209406328487897,0,4
8,random,7,12,0.999637694233374,0.0007209406328487897,0,4
8,random,8,12,0.999637694233374,0.0007209406328487897,0,4
8,random,9,12,0.999637694233374,0.0007209406328487897,0,4
8,random,10,12,0.999637694233374,0.0007209406328487897,0,4
8,random,11,12,0.999637694233374,0.0007209406328487897,0,4
8,random,12,12,0.999637694233374,0.0007209406328487897,0,4
8,random,13,12,0.999637694233374,0.0007209406328487897,0,4
8,random,14,12,0.999637694233374,0.0007209406328487897,0,4
8,random,15,12,0.999637694233374,0.0007209406328487897,0,4
8,random,16,12,0.999637694233374,0.0007209406328487897,0,4
8,random,17,12,0.999637694233374,0.0007209406328487897,0,4
8,random,18,12,0.999637694233374,0.0007209406328487897,0,4
8,random,19,12,0.999637694233374,0.0007209406328487897,0,4
9,d_optimal,0,0,0.113845549847847,0.9948910694052797,12,0
9,v_optimal,0,0,0.113845549847847,0.9948910694052797,12,0
9,random,0,0,0.113845549847847,0.9948910694052797,12,0
9,random,1,0,0.113845549847847,0.9948910694052797,12,0
9,random,2,0,0.113845549847847,0.9948910694052797,12,0
9,random,3,0,0.113845549847847,0.9948910694052797,12,0
9,random,4,0,0.113845549847847,0.9948910694052797,12,0
9,random,5,0,0.113845549847847,0.9948910694052797,12,0
9,random,6,0,0.113845549847847,0.9948910694052797,12,0
9,random,7,0,0.113845549847847,0.9948910694052797,12,0
9,random,8,0,0.113845549847847,0.9948910694052797,12,0
9,random,9,0,0.113845549847847,0.9948910694052797,12,0
9,random,10,0,0.113845549847847,0.9948910694052797,12,0
9,random,11,0,0.113845549847847,0.9948910694052797,12,0
9,random,12,0,0.113845549847847,0.9948910694052797,12,0
9,random,13,0,0.113845549847847,0.9948910694052797,12,0
9,random,14,0,0.113845549847847,0.9948910694052797,12,0
9,random,15,0,0.113845549847847,0.9948910694052797,12,0
9,random,16,0,0.113845549847847,0.9948910694052797,12,0
9,random,17,0,0.113845549847847,0.9948910694052797,12,0
9,random,18,0,0.113845549847847,0.9948910694052797,12,0
9,random,19,0,0.113845549847847,0.9948910694052797,12,0
9,d_optimal,0,1,0.113845549847847,0.9948910694052797,11,0
9,v_optimal,0,1,0.3430744577550621,0.7346820797701327,11,1
9,random,0,1,0.113845549847847,0.9948910694052797,11,0
9,random,1,1,0.31888226416300036,0.7454509082598209,11,1
9,random,2,1,0.3517298160621933,0.7607041590477172,11,1
9,random,3,1,0.3430744577550621,0.7346820797701327,11,1
9,random,4,1,0.113845549847847,0.9948910694052797,11,0
9,random,5,1,0.113845549847847,0.9948910694052797,11,0
9,random,6,1,0.113845549847847,0.9948910694052797,11,0
9,random,7,1,0.113845549847847,0.9948910694052797,11,0
9,random,8,1,0.113845549847847,0.9948910694052797,11,0
9,random,9,1,0.3517298160621933,0.7607041590477172,11,1
9,random,10,1,0.3517298160621933,0.7607041590477172,11,1
9,random,11,1,0.113845549847847,0.9948910694052797,11,0
9,random,12,1,0.3430744577550621,0.7346820797701327,11,1
9,random,13,1,0.3430744577550621,0.7346820797701327,11,1
9,random,14,1,0.113845549847847,0.9948910694052797,11,0
9,random,15,1,0.113845549847847,0.9948910694052797,11,0
9,random,16,1,0.113845549847847,0.9948910694052797,11,0
9,random,17,1,0.113845549847847,0.9948910694052797,11,0
9,random,18,1,0.31888226416300036,0.7454509082598209,11,1
9,random,19,1,0.3517298160621933,0.7607041590477172,11,1
9,d_optimal,0,2,0.113845549847847,0.9948910694052797,10,0
9,v_optimal,0,2,0.5481111720702154,0.48524191862467375,10,2
9,random,0,2,0.32746304622804845,0.7446228382646877,10,1
9,random,1,2,0.113845549847847,0.9948910694052797,10,0
9,random,2,2,0.3430744577550621,0.7346820797701327,10,1
9,random,3,2,0.5481111720702154,0.48524191862467375,10,2
9,random,4,2,0.3430744577550621,0.7346820797701327,10,1
9,random,5,2,0.32746304622804845,0.7446228382646877,10,1
9,random,6,2,0.5481111720702154,0.48524191862467375,10,2
9,random,7,2,0.5566919541352635,0.48441384862954073,10,2
9,random,8,2,0.113845549847847,0.9948910694052797,10,0
9,random,9,2,0.5653473124423947,0.5104359279071252,10,2
9,random,10,2,0.32746304622804845,0.7446228382646877,10,1
9,random,11,2,0.113845549847847,0.9948910694052797,10,0
9,random,12,2,0.31888226416300036,0.7454509082598209,10,1
9,random,13,2,0.3430744577550621,0.7346820797701327,10,1
9,random,14,2,0.113845549847847,0.9948910694052797,10,0
9,random,15,2,0.113845549847847,0.9948910694052797,10,0
9,random,16,2,0.3517298160621933,0.7607041590477172,10,1
9,random,17,2,0.32746304622804845,0.7446228382646877,10,1
9,random,18,2,0.31888226416300036,0.7454509082598209,10,1
9,random,19,2,0.31888226416300036,0.7454509082598209,10,1
9,d_optimal,0,4,0.5481111720702154,0.48524191862467375,8,2
9,v_optimal,0,4,0.9996129346647631,0.0007867771265191588,8,4
9,random,0,4,0.5653473124423947,0.5104359279071252,8,2
9,random,1,4,0.5809587239694083,0.5004951694125701,8,2
9,random,2,4,0.31888226416300036,0.7454509082598209,8,1
9,random,3,4,0.5481111720702154,0.48524191862467375,8,2
9,random,4,4,0.31888226416300036,0.7454509082598209,8,1
9,random,5,4,0.5809587239694083,0.5004951694125701,8,2
9,random,6,4,0.7703840267575481,0.26099576676166625,8,3
9,random,7,4,0.7703840267575481,0.26099576676166625,8,3
9,random,8,4,0.5566919541352635,0.48441384862954073,8,2
9,random,9,4,0.5324997605432018,0.49518267711922875,8,2
9,random,10,4,0.113845549847847,0.9948910694052797,8,0
9,random,11,4,0.5566919541352635,0.48441384862954073,8,2
9,random,12,4,0.113845549847847,0.9948910694052797,8,0
9,random,13,4,0.5324997605432018,0.49518267711922875,8,2
9,random,14,4,0.5566919541352635,0.48441384862954073,8,2
9,random,15,4,0.5566919541352635,0.48441384862954073,8,2
9,random,16,4,0.5566919541352635,0.48441384862954073,8,2
9,random,17,4,0.3517298160621933,0.7607041590477172,8,1
9,random,18,4,0.32746304622804845,0.7446228382646877,8,1
9,random,19,4,0.5653473124423947,0.5104359279071252,8,2
9,d_optimal,0,8,0.9996129346647631,0.0007867771265191588,4,4
9,v_optimal,0,8,0.9996129346647631,0.0007867771265191588,4,4
9,random,0,8,0.7859954382845618,0.2510550082671112,4,3
9,random,1,8,0.5809587239694083,0.5004951694125701,4,2
9,random,2,8,0.5481111720702154,0.48524191862467375,4,2
9,random,3,8,0.7945762203496098,0.2502269382719781,4,3
9,random,4,8,0.7859954382845618,0.2510550082671112,4,3
9,random,5,8,0.7945762203496098,0.2502269382719781,4,3
9,random,6,8,0.5809587239694083,0.5004951694125701,4,2
9,random,7,8,0.9996129346647631,0.0007867771265191588,4,4
9,random,8,8,0.5567665303773466,0.5112639979022583,4,2
9,random,9,8,0.5809587239694083,0.5004951694125701,4,2
9,random,10,8,0.5566919541352635,0.48441384862954073,4,2
9,random,11,8,0.5809587239694083,0.5004951694125701,4,2
9,random,12,8,0.9996129346647631,0.0007867771265191588,4,4
9,random,13,8,0.7945762203496098,0.2502269382719781,4,3
9,random,14,8,0.5653473124423947,0.5104359279071252,4,2
9,random,15,8,0.5566919541352635,0.48441384862954073,4,2
9,random,16,8,0.3430744577550621,0.7346820797701327,4,1
9,random,17,8,0.7859954382845618,0.2510550082671112,4,3
9,random,18,8,0.5481111720702154,0.48524191862467375,4,2
9,random,19,8,0.7859954382845618,0.2510550082671112,4,3
9,d_optimal,0,12,0.9996129346647631,0.0007867771265191588,0,4
9,v_optimal,0,12,0.9996129346647631,0.0007867771265191588,0,4
9,random,0,12,0.9996129346647631,0.0007867771265191588,0,4
9,random,1,12,0.9996129346647631,0.0007867771265191588,0,4
9,random,2,12,0.9996129346647631,0.0007867771265191588,0,4
9,random,3,12,0.9996129346647631,0.0007867771265191588,0,4
9,random,4,12,0.9996129346647631,0.0007867771265191588,0,4
9,random,5,12,0.9996129346647631,0.0007867771265191588,0,4
9,random,6,12,0.9996129346647631,0.0007867771265191588,0,4
9,random,7,12,0.9996129346647631,0.0007867771265191588,0,4
9,random,8,12,0.9996129346647631,0.0007867771265191588,0,4
9,random,9,12,0.9996129346647631,0.0007867771265191588,0,4
9,random,10,12,0.9996129346647631,0.0007867771265191588,0,4
9,random,11,12,0.9996129346647631,0.0007867771265191588,0,4
9,random,12,12,0.9996129346647631,0.0007867771265191588,0,4
9,random,13,12,0.9996129346647631,0.0007867771265191588,0,4
9,random,14,12,0.9996129346647631,0.0007867771265191588,0,4
9,random,15,12,0.9996129346647631,0.0007867771265191588,0,4
9,random,16,12,0.9996129346647631,0.0007867771265191588,0,4
9,random,17,12,0.9996129346647631,0.0007867771265191588,0,4
9,random,18,12,0.9996129346647631,0.0007867771265191588,0,4
9,random,19,12,0.9996129346647631,0.0007867771265191588,0,4
10,d_optimal,0,0,0.19894675674306603,0.9606402307880497,12,0
10,v_optimal,0,0,0.19894675674306603,0.9606402307880497,12,0
10,random,0,0,0.19894675674306603,0.9606402307880497,12,0
10,random,1,0,0.19894675674306603,0.9606402307880497,12,0
10,random,2,0,0.19894675674306603,0.9606402307880497,12,0
10,random,3,0,0.19894675674306603,0.9606402307880497,12,0
10,random,4,0,0.19894675674306603,0.9606402307880497,12,0
10,random,5,0,0.19894675674306603,0.9606402307880497,12,0
10,random,6,0,0.19894675674306603,0.9606402307880497,12,0
10,random,7,0,0.19894675674306603,0.9606402307880497,12,0
10,random,8,0,0.19894675674306603,0.9606402307880497,12,0
10,random,9,0,0.19894675674306603,0.9606402307880497,12,0
10,random,10,0,0.19894675674306603,0.9606402307880497,12,0
10,random,11,0,0.19894675674306603,0.9606402307880497,12,0
10,random,12,0,0.19894675674306603,0.9606402307880497,12,0
10,random,13,0,0.19894675674306603,0.9606402307880497,12,0
10,random,14,0,0.19894675674306603,0.9606402307880497,12,0
10,random,15,0,0.19894675674306603,0.9606402307880497,12,0
10,random,16,0,0.19894675674306603,0.9606402307880497,12,0
10,random,17,0,0.19894675674306603,0.9606402307880497,12,0
10,random,18,0,0.19894675674306603,0.9606402307880497,12,0
10,random,19,0,0.19894675674306603,0.9606402307880497,12,0
10,d_optimal,0,1,0.19894675674306603,0.9606402307880497,11,0
10,v_optimal,0,1,0.37683737409658913,0.7701970264917678,11,1
10,random,0,1,0.19894675674306603,0.9606402307880497,11,0
10,random,1,1,0.19894675674306603,0.9606402307880497,11,0
10,random,2,1,0.19894675674306603,0.9606402307880497,11,0
10,random,3,1,0.19894675674306603,0.9606402307880497,11,0
10,random,4,1,0.19894675674306603,0.9606402307880497,11,0
10,random,5,1,0.19894675674306603,0.9606402307880497,11,0
10,random,6,1,0.19894675674306603,0.9606402307880497,11,0
10,random,7,1,0.40343179803432166,0.7077763333180088,11,1
10,random,8,1,0.37683737409658913,0.7701970264917678,11,1
10,random,9,1,0.3862106277011582,0.7112394215727624,11,1
10,random,10,1,0.19894675674306603,0.9606402307880497,11,0
10,random,11,1,0.19894675674306603,0.9606402307880497,11,0
10,random,12,1,0.19894675674306603,0.9606402307880497,11,0
10,random,13,1,0.19894675674306603,0.9606402307880497,11,0
10,random,14,1,0.19894675674306603,0.9606402307880497,11,0
10,random,15,1,0.19894675674306603,0.9606402307880497,11,0
10,random,16,1,0.19894675674306603,0.9606402307880497,11,0
10,random,17,1,0.4299379522412783,0.6935551993421024,11,1
10,random,18,1,0.3862106277011582,0.7112394215727624,11,1
10,random,19,1,0.40343179803432166,0.7077763333180088,11,1
10,d_optimal,0,2,0.37683737409658913,0.7701970264917678,10,1
10,v_optimal,0,2,0.6078285695948014,0.5031119950458205,10,2
10,random,0,2,0.37683737409658913,0.7701970264917678,10,1
10,random,1,2,0.19894675674306603,0.9606402307880497,10,0
10,random,2,2,0.37683737409658913,0.7701970264917678,10,1
10,random,3,2,0.19894675674306603,0.9606402307880497,10,0
10,random,4,2,0.4299379522412783,0.6935551993421024,10,1
10,random,5,2,0.19894675674306603,0.9606402307880497,10,0
10,random,6,2,0.3862106277011582,0.7112394215727624,10,1
10,random,7,2,0.19894675674306603,0.9606402307880497,10,0
10,random,8,2,0.3862106277011582,0.7112394215727624,10,1
10,random,9,2,0.3862106277011582,0.7112394215727624,10,1
10,random,10,2,0.19894675674306603,0.9606402307880497,10,0
10,random,11,2,0.19894675674306603,0.9606402307880497,10,0
10,random,12,2,0.37683737409658913,0.7701970264917678,10,1
10,random,13,2,0.4299379522412783,0.6935551993421024,10,1
10,random,14,2,0.19894675674306603,0.9606402307880497,10,0
10,random,15,2,0.19894675674306603,0.9606402307880497,10,0
10,random,16,2,0.19894675674306603,0.9606402307880497,10,0
10,random,17,2,0.19894675674306603,0.9606402307880497,10,0
10,random,18,2,0.6172018231993704,0.4441543901268152,10,2
10,random,19,2,0.40343179803432166,0.7077763333180088,10,1
10,d_optimal,0,4,0.6078285695948014,0.5031119950458205,8,2
10,v_optimal,0,4,0.9995774818441492,0.000847288360492435,8,4
10,random,0,4,0.8216868644906261,0.1912904926567743,8,3
10,random,1,4,0.8123136108860569,0.25024809757577976,8,3
10,random,2,4,0.5641012450546814,0.5207962172764806,8,2
10,random,3,4,0.5641012450546814,0.5207962172764806,8,2
10,random,4,4,0.40343179803432166,0.7077763333180088,8,1
10,random,5,4,0.40343179803432166,0.7077763333180088,8,1
10,random,6,4,0.5641012450546814,0.5207962172764806,8,2
10,random,7,4,0.19894675674306603,0.9606402307880497,8,0
10,random,8,4,0.3862106277011582,0.7112394215727624,8,1
10,random,9,4,0.40343179803432166,0.7077763333180088,8,1
10,random,10,4,0.6344229935325338,0.4406913018720616,8,2
10,random,11,4,0.40343179803432166,0.7077763333180088,8,1
10,random,12,4,0.5813224153878447,0.517333129021727,8,2
10,random,13,4,0.5813224153878447,0.517333129021727,8,2
10,random,14,4,0.40343179803432166,0.7077763333180088,8,1
10,random,15,4,0.37683737409658913,0.7701970264917678,8,1
10,random,16,4,0.5641012450546814,0.5207962172764806,8,2
10,random,17,4,0.37683737409658913,0.7701970264917678,8,1
10,random,18,4,0.5641012450546814,0.5207962172764806,8,2
10,random,19,4,0.19894675674306603,0.9606402307880497,8,0
10,d_optimal,0,8,0.7950924405528936,0.25371118583053326,4,3
10,v_optimal,0,8,0.9995774818441492,0.000847288360492435,4,4
10,random,0,8,0.8123136108860569,0.25024809757577976,4,3
10,random,1,8,0.9995774818441492,0.000847288360492435,4,4
10,random,2,8,0.5906956689924139,0.4583755241027216,4,2
10,random,3,8,0.5906956689924139,0.4583755241027216,4,2
10,random,4,8,0.8216868644906261,0.1912904926567743,4,3
10,random,5,8,0.6344229935325338,0.4406913018720616,4,2
10,random,6,8,0.4299379522412783,0.6935551993421024,4,1
10,random,7,8,0.5641012450546814,0.5207962172764806,4,2
10,random,8,8,0.7950924405528936,0.25371118583053326,4,3
10,random,9,8,0.6344229935325338,0.4406913018720616,4,2
10,random,10,8,0.8123136108860569,0.25024809757577976,4,3
10,random,11,8,0.6344229935325338,0.4406913018720616,4,2
10,random,12,8,0.9995774818441492,0.000847288360492435,4,4
10,random,13,8,0.8216868644906261,0.1912904926567743,4,3
10,random,14,8,0.6344229935325338,0.4406913018720616,4,2
10,random,15,8,0.768586286345937,0.2679323198064397,4,3
10,random,16,8,0.8216868644906261,0.1912904926567743,4,3
10,random,17,8,0.5906956689924139,0.4583755241027216,4,2
10,random,18,8,0.5641012450546814,0.5207962172764806,4,2
10,random,19,8,0.7950924405528936,0.25371118583053326,4,3
10,d_optimal,0,12,0.9995774818441492,0.000847288360492435,0,4
10,v_optimal,0,12,0.9995774818441492,0.000847288360492435,0,4
10,random,0,12,0.9995774818441492,0.000847288360492435,0,4
10,random,1,12,0.9995774818441492,0.000847288360492435,0,4
10,random,2,12,0.9995774818441492,0.000847288360492435,0,4
10,random,3,12,0.9995774818441492,0.000847288360492435,0,4
10,random,4,12,0.9995774818441492,0.000847288360492435,0,4
10,random,5,12,0.9995774818441492,0.000847288360492435,0,4
10,random,6,12,0.9995774818441492,0.000847288360492435,0,4
10,random,7,12,0.9995774818441492,0.000847288360492435,0,4
10,random,8,12,0.9995774818441492,0.000847288360492435,0,4
10,random,9,12,0.9995774818441492,0.000847288360492435,0,4
10,random,10,12,0.9995774818441492,0.000847288360492435,0,4
10,random,11,12,0.9995774818441492,0.000847288360492435,0,4
10,random,12,12,0.9995774818441492,0.000847288360492435,0,4
10,random,13,12,0.9995774818441492,0.000847288360492435,0,4
10,random,14,12,0.9995774818441492,0.000847288360492435,0,4
10,random,15,12,0.9995774818441492,0.000847288360492435,0,4
10,random,16,12,0.9995774818441492,0.000847288360492435,0,4
10,random,17,12,0.9995774818441492,0.000847288360492435,0,4
10,random,18,12,0.9995774818441492,0.000847288360492435,0,4
10,random,19,12,0.9995774818441492,0.000847288360492435,0,4
11,d_optimal,0,0,0.26787979522045513,0.9347822909930876,12,0
11,v_optimal,0,0,0.26787979522045513,0.9347822909930876,12,0
11,random,0,0,0.26787979522045513,0.9347822909930876,12,0
11,random,1,0,0.26787979522045513,0.9347822909930876,12,0
11,random,2,0,0.26787979522045513,0.9347822909930876,12,0
11,random,3,0,0.26787979522045513,0.9347822909930876,12,0
11,random,4,0,0.26787979522045513,0.9347822909930876,12,0
11,random,5,0,0.26787979522045513,0.9347822909930876,12,0
11,random,6,0,0.26787979522045513,0.9347822909930876,12,0
11,random,7,0,0.26787979522045513,0.9347822909930876,12,0
11,random,8,0,0.26787979522045513,0.9347822909930876,12,0
11,random,9,0,0.26787979522045513,0.9347822909930876,12,0
11,random,10,0,0.26787979522045513,0.9347822909930876,12,0
11,random,11,0,0.26787979522045513,0.9347822909930876,12,0
11,random,12,0,0.26787979522045513,0.9347822909930876,12,0
11,random,13,0,0.26787979522045513,0.9347822909930876,12,0
11,random,14,0,0.26787979522045513,0.9347822909930876,12,0
11,random,15,0,0.26787979522045513,0.9347822909930876,12,0
11,random,16,0,0.26787979522045513,0.9347822909930876,12,0
11,random,17,0,0.26787979522045513,0.9347822909930876,12,0
11,random,18,0,0.26787979522045513,0.9347822909930876,12,0
11,random,19,0,0.26787979522045513,0.9347822909930876,12,0
11,d_optimal,0,1,0.46276712667194203,0.7019907724617073,11,1
11,v_optimal,0,1,0.46276712667194203,0.7019907724617073,11,1
11,random,0,1,0.26787979522069455,0.9347822909930141,11,0
11,random,1,1,0.4345032055874984,0.7219820654810862,11,1
11,random,2,1,0.26787979522069455,0.9347822909930141,11,0
11,random,3,1,0.46276712667194203,0.7019907724617073,11,1
11,random,4,1,0.46035471004579026,0.7051431616823067,11,1
11,random,5,1,0.4345032055874984,0.7219820654810862,11,1
11,random,6,1,0.46276712667194203,0.7019907724617073,11,1
11,random,7,1,0.26787979522069455,0.9347822909930141,11,0
11,random,8,1,0.4345032055874984,0.7219820654810862,11,1
11,random,9,1,0.26787979522069455,0.9347822909930141,11,0
11,random,10,1,0.46035471004579026,0.7051431616823067,11,1
11,random,11,1,0.26787979522069455,0.9347822909930141,11,0
11,random,12,1,0.4345032055874984,0.7219820654810862,11,1
11,random,13,1,0.26787979522069455,0.9347822909930141,11,0
11,random,14,1,0.26787979522069455,0.9347822909930141,11,0
11,random,15,1,0.26787979522069455,0.9347822909930141,11,0
11,random,16,1,0.26787979522069455,0.9347822909930141,11,0
11,random,17,1,0.26787979522069455,0.9347822909930141,11,0
11,random,18,1,0.26787979522069455,0.9347822909930141,11,0
11,random,19,1,0.4456504779741793,0.6759776267985647,11,1
11,d_optimal,0,2,0.6293905370387458,0.4891905469497793,10,2
11,v_optimal,0,2,0.6293905370387458,0.4891905469497793,10,2
11,random,0,2,0.26787979522069455,0.9347822909930141,10,0
11,random,1,2,0.4345032055874984,0.7219820654810862,10,1
11,random,2,2,0.26787979522069455,0.9347822909930141,10,0
11,random,3,2,0.6405378094254268,0.44318610826725763,10,2
11,random,4,2,0.26787979522069455,0.9347822909930141,10,0
11,random,5,2,0.4345032055874984,0.7219820654810862,10,1
11,random,6,2,0.46276712667194203,0.7019907724617073,10,1
11,random,7,2,0.26787979522069455,0.9347822909930141,10,0
11,random,8,2,0.26787979522069455,0.9347822909930141,10,0
11,random,9,2,0.26787979522069455,0.9347822909930141,10,0
11,random,10,2,0.26787979522069455,0.9347822909930141,10,0
11,random,11,2,0.4456504779741793,0.6759776267985647,10,1
11,random,12,2,0.26787979522069455,0.9347822909930141,10,0
11,random,13,2,0.46276712667194203,0.7019907724617073,10,1
11,random,14,2,0.4456504779741793,0.6759776267985647,10,1
11,random,15,2,0.26787979522069455,0.9347822909930141,10,0
11,random,16,2,0.6293905370387458,0.4891905469497793,10,2
11,random,17,2,0.46035471004579026,0.7051431616823067,10,1
11,random,18,2,0.4456504779741793,0.6759776267985647,10,1
11,random,19,2,0.26787979522069455,0.9347822909930141,10,0
11,d_optimal,0,4,0.6293905370384845,0.48919054694986724,8,2
11,v_optimal,0,4,0.9996361346173264,0.0007467534446223991,8,4
11,random,0,4,0.2678797952204332,0.9347822909931021,8,0
11,random,1,4,0.4627671266716807,0.7019907724617951,8,1
11,random,2,4,0.6405378094254268,0.44318610826725763,8,2
11,random,3,4,0.6293905370384845,0.48919054694986724,8,2
11,random,4,4,0.638125392799275,0.4463384974878572,8,2
11,random,5,4,0.6269781204123328,0.49234293617046676,8,2
11,random,6,4,0.8071612197922307,0.23038588275532978,8,3
11,random,7,4,0.43450320558723704,0.7219820654811742,8,1
11,random,8,4,0.4603547100455289,0.7051431616823947,8,1
11,random,9,4,0.4603547100455289,0.7051431616823947,8,1
11,random,10,4,0.4603547100455289,0.7051431616823947,8,1
11,random,11,4,0.4603547100455289,0.7051431616823947,8,1
11,random,12,4,0.2678797952204332,0.9347822909931021,8,0
11,random,13,4,0.6552420414967763,0.47235164315108774,8,2
11,random,14,4,0.2678797952204332,0.9347822909931021,8,0
11,random,15,4,0.638125392799275,0.4463384974878572,8,2
11,random,16,4,0.8218654518635802,0.25955141763915984,8,3
11,random,17,4,0.2678797952204332,0.9347822909931021,8,0
11,random,18,4,0.2678797952204332,0.9347822909931021,8,0
11,random,19,4,0.4603547100455289,0.7051431616823947,8,1
11,d_optimal,0,8,0.6293905370386625,0.4891905469497879,4,2
11,v_optimal,0,8,0.9996361346173264,0.0007467534446223993,4,4
11,random,0,8,0.6293905370386625,0.4891905469497879,4,2
11,random,1,8,0.6552420414969544,0.4723516431510084,4,2
11,random,2,8,0.9996361346173264,0.0007467534446223993,4,4
11,random,3,8,0.8218654518637583,0.2595514176390805,4,3
11,random,4,8,0.8047488031660788,0.2335382719759293,4,3
11,random,5,8,0.6381253927992749,0.4463384974878572,4,2
11,random,6,8,0.8330127242505225,0.2135469789565503,4,3
11,random,7,8,0.6269781204125108,0.4923429361703875,4,2
11,random,8,8,0.2678797952206112,0.9347822909930228,4,0
11,random,9,8,0.8071612197922307,0.23038588275532978,4,3
11,random,10,8,0.8330127242505225,0.2135469789565503,4,3
11,random,11,8,0.8047488031660788,0.2335382719759293,4,3
11,random,12,8,0.6552420414969544,0.4723516431510084,4,2
11,random,13,8,0.8330127242505225,0.2135469789565503,4,3
11,random,14,8,0.8218654518637583,0.2595514176390805,4,3
11,random,15,8,0.6269781204125108,0.4923429361703875,4,2
11,random,16,8,0.6552420414969544,0.4723516431510084,4,2
11,random,17,8,0.6552420414969544,0.4723516431510084,4,2
11,random,18,8,0.6293905370386625,0.4891905469497879,4,2
11,random,19,8,0.6381253927992749,0.4463384974878572,4,2
11,d_optimal,0,12,0.9996361346173264,0.0007467534446223991,0,4
11,v_optimal,0,12,0.9996361346173264,0.0007467534446223991,0,4
11,random,0,12,0.9996361346173264,0.0007467534446223991,0,4
11,random,1,12,0.9996361346173264,0.0007467534446223991,0,4
11,random,2,12,0.9996361346173264,0.0007467534446223991,0,4
11,random,3,12,0.9996361346173264,0.0007467534446223991,0,4
11,random,4,12,0.9996361346173264,0.0007467534446223991,0,4
11,random,5,12,0.9996361346173264,0.0007467534446223991,0,4
11,random,6,12,0.9996361346173264,0.0007467534446223991,0,4
11,random,7,12,0.9996361346173264,0.0007467534446223991,0,4
11,random,8,12,0.9996361346173264,0.0007467534446223991,0,4
11,random,9,12,0.9996361346173264,0.0007467534446223991,0,4
11,random,10,12,0.9996361346173264,0.0007467534446223991,0,4
11,random,11,12,0.9996361346173264,0.0007467534446223991,0,4
11,random,12,12,0.9996361346173264,0.0007467534446223991,0,4
11,random,13,12,0.9996361346173264,0.0007467534446223991,0,4
11,random,14,12,0.9996361346173264,0.0007467534446223991,0,4
11,random,15,12,0.9996361346173264,0.0007467534446223991,0,4
11,random,16,12,0.9996361346173264,0.0007467534446223991,0,4
11,random,17,12,0.9996361346173264,0.0007467534446223991,0,4
11,random,18,12,0.9996361346173264,0.0007467534446223991,0,4
11,random,19,12,0.9996361346173264,0.0007467534446223991,0,4
12,d_optimal,0,0,0.20147693043023912,0.9598787924375868,12,0
12,v_optimal,0,0,0.20147693043023912,0.9598787924375868,12,0
12,random,0,0,0.20147693043023912,0.9598787924375868,12,0
12,random,1,0,0.20147693043023912,0.9598787924375868,12,0
12,random,2,0,0.20147693043023912,0.9598787924375868,12,0
12,random,3,0,0.20147693043023912,0.9598787924375868,12,0
12,random,4,0,0.20147693043023912,0.9598787924375868,12,0
12,random,5,0,0.20147693043023912,0.9598787924375868,12,0
12,random,6,0,0.20147693043023912,0.9598787924375868,12,0
12,random,7,0,0.20147693043023912,0.9598787924375868,12,0
12,random,8,0,0.20147693043023912,0.9598787924375868,12,0
12,random,9,0,0.20147693043023912,0.9598787924375868,12,0
12,random,10,0,0.20147693043023912,0.9598787924375868,12,0
12,random,11,0,0.20147693043023912,0.9598787924375868,12,0
12,random,12,0,0.20147693043023912,0.9598787924375868,12,0
12,random,13,0,0.20147693043023912,0.9598787924375868,12,0
12,random,14,0,0.20147693043023912,0.9598787924375868,12,0
12,random,15,0,0.20147693043023912,0.9598787924375868,12,0
12,random,16,0,0.20147693043023912,0.9598787924375868,12,0
12,random,17,0,0.20147693043023912,0.9598787924375868,12,0
12,random,18,0,0.20147693043023912,0.9598787924375868,12,0
12,random,19,0,0.20147693043023912,0.9598787924375868,12,0
12,d_optimal,0,1,0.20147693043045717,0.9598787924375237,11,0
12,v_optimal,0,1,0.4043003444655006,0.713789872945497,11,1
12,random,0,1,0.20147693043045717,0.9598787924375237,11,0
12,random,1,1,0.20147693043045717,0.9598787924375237,11,0
12,random,2,1,0.20147693043045717,0.9598787924375237,11,0
12,random,3,1,0.20147693043045717,0.9598787924375237,11,0
12,random,4,1,0.38540791464820706,0.7068879874043431,11,1
12,random,5,1,0.20147693043045717,0.9598787924375237,11,0
12,random,6,1,0.3847230395155039,0.7410908113637916,11,1
12,random,7,1,0.20147693043045717,0.9598787924375237,11,0
12,random,8,1,0.20147693043045717,0.9598787924375237,11,0
12,random,9,1,0.4296838399478978,0.7185035683847365,11,1
12,random,10,1,0.4296838399478978,0.7185035683847365,11,1
12,random,11,1,0.20147693043045717,0.9598787924375237,11,0
12,random,12,1,0.20147693043045717,0.9598787924375237,11,0
12,random,13,1,0.20147693043045717,0.9598787924375237,11,0
12,random,14,1,0.20147693043045717,0.9598787924375237,11,0
12,random,15,1,0.3847230395155039,0.7410908113637916,11,1
12,random,16,1,0.20147693043045717,0.9598787924375237,11,0
12,random,17,1,0.38540791464820706,0.7068879874043431,11,1
12,random,18,1,0.20147693043045717,0.9598787924375237,11,0
12,random,19,1,0.20147693043045717,0.9598787924375237,11,0
12,d_optimal,0,2,0.20147693043045717,0.9598787924375237,10,0
12,v_optimal,0,2,0.5882313286832506,0.46079906791231645,10,2
12,random,0,2,0.20147693043045717,0.9598787924375237,10,0
12,random,1,2,0.20147693043045717,0.9598787924375237,10,0
12,random,2,2,0.20147693043045717,0.9598787924375237,10,0
12,random,3,2,0.20147693043045717,0.9598787924375237,10,0
12,random,4,2,0.38540791464820706,0.7068879874043431,10,1
12,random,5,2,0.20147693043045717,0.9598787924375237,10,0
12,random,6,2,0.4043003444655006,0.713789872945497,10,1
12,random,7,2,0.20147693043045717,0.9598787924375237,10,0
12,random,8,2,0.4043003444655006,0.713789872945497,10,1
12,random,9,2,0.4296838399478978,0.7185035683847365,10,1
12,random,10,2,0.4296838399478978,0.7185035683847365,10,1
12,random,11,2,0.38540791464820706,0.7068879874043431,10,1
12,random,12,2,0.20147693043045717,0.9598787924375237,10,0
12,random,13,2,0.20147693043045717,0.9598787924375237,10,0
12,random,14,2,0.4043003444655006,0.713789872945497,10,1
12,random,15,2,0.4043003444655006,0.713789872945497,10,1
12,random,16,2,0.3847230395155039,0.7410908113637916,10,1
12,random,17,2,0.20147693043045717,0.9598787924375237,10,0
12,random,18,2,0.20147693043045717,0.9598787924375237,10,0
12,random,19,2,0.38540791464820706,0.7068879874043431,10,1
12,d_optimal,0,4,0.40430034446573726,0.7137898729454127,8,1
12,v_optimal,0,4,0.9996843472857379,0.0006358627857973262,8,4
12,random,0,4,0.2014769304306938,0.9598787924374393,8,0
12,random,1,4,0.40430034446573726,0.7137898729454127,8,1
12,random,2,4,0.3854079146484437,0.7068879874042587,8,1
12,random,3,4,0.5875464535505472,0.4950018918717651,8,2
12,random,4,4,0.40430034446573726,0.7137898729454127,8,1
12,random,5,4,0.6129299490329445,0.4997155873110045,8,2
12,random,6,4,0.3854079146484437,0.7068879874042587,8,1
12,random,7,4,0.2014769304306938,0.9598787924374393,8,0
12,random,8,4,0.5882313286834872,0.4607990679122321,8,2
12,random,9,4,0.6136148241658843,0.4655127633514716,8,2
12,random,10,4,0.42968383994813447,0.7185035683846522,8,1
12,random,11,4,0.38472303951550385,0.7410908113637916,8,1
12,random,12,4,0.42968383994813447,0.7185035683846522,8,1
12,random,13,4,0.42968383994813447,0.7185035683846522,8,1
12,random,14,4,0.2014769304306938,0.9598787924374393,8,0
12,random,15,4,0.5882313286834872,0.4607990679122321,8,2
12,random,16,4,0.42968383994813447,0.7185035683846522,8,1
12,random,17,4,0.3854079146484437,0.7068879874042587,8,1
12,random,18,4,0.5875464535505472,0.4950018918717651,8,2
12,random,19,4,0.40430034446573726,0.7137898729454127,8,1
12,d_optimal,0,8,0.5882313286837011,0.4607990679121433,4,2
12,v_optimal,0,8,0.9996843472857379,0.0006358627857973259,4,4
12,random,0,8,0.7968609332506944,0.24672478227782396,4,3
12,random,1,8,0.7714774377682971,0.24201108683858444,4,3
12,random,2,8,0.9996843472857379,0.0006358627857973259,4,4
12,random,3,8,0.8164382382011417,0.21942384385935618,4,3
12,random,4,8,0.5882313286837011,0.4607990679121433,4,2
12,random,5,8,0.8164382382011417,0.21942384385935618,4,3
12,random,6,8,0.9996843472857379,0.0006358627857973259,4,4
12,random,7,8,0.6136148241660982,0.4655127633513828,4,2
12,random,8,8,0.7714774377682971,0.24201108683858444,4,3
12,random,9,8,0.6136148241660982,0.4655127633513828,4,2
12,random,10,8,0.5875464535505472,0.4950018918717651,4,2
12,random,11,8,0.9996843472857379,0.0006358627857973259,4,4
12,random,12,8,0.6129299490329445,0.4997155873110045,4,2
12,random,13,8,0.9996843472857379,0.0006358627857973259,4,4
12,random,14,8,0.6325072539833918,0.4724146488925368,4,2
12,random,15,8,0.7968609332506944,0.24672478227782396,4,3
12,random,16,8,0.815753363067988,0.2536266678189779,4,3
12,random,17,8,0.815753363067988,0.2536266678189779,4,3
12,random,18,8,0.9996843472857379,0.0006358627857973259,4,4
12,random,19,8,0.9996843472857379,0.0006358627857973259,4,4
12,d_optimal,0,12,0.9996843472857379,0.0006358627857973264,0,4
12,v_optimal,0,12,0.9996843472857379,0.0006358627857973264,0,4
12,random,0,12,0.9996843472857379,0.0006358627857973264,0,4
12,random,1,12,0.9996843472857379,0.0006358627857973264,0,4
12,random,2,12,0.9996843472857379,0.0006358627857973264,0,4
12,random,3,12,0.9996843472857379,0.0006358627857973264,0,4
12,random,4,12,0.9996843472857379,0.0006358627857973264,0,4
12,random,5,12,0.9996843472857379,0.0006358627857973264,0,4
12,random,6,12,0.9996843472857379,0.0006358627857973264,0,4
12,random,7,12,0.9996843472857379,0.0006358627857973264,0,4
12,random,8,12,0.9996843472857379,0.0006358627857973264,0,4
12,random,9,12,0.9996843472857379,0.0006358627857973264,0,4
12,random,10,12,0.9996843472857379,0.0006358627857973264,0,4
12,random,11,12,0.9996843472857379,0.0006358627857973264,0,4
12,random,12,12,0.9996843472857379,0.0006358627857973264,0,4
12,random,13,12,0.9996843472857379,0.0006358627857973264,0,4
12,random,14,12,0.9996843472857379,0.0006358627857973264,0,4
12,random,15,12,0.9996843472857379,0.0006358627857973264,0,4
12,random,16,12,0.9996843472857379,0.0006358627857973264,0,4
12,random,17,12,0.9996843472857379,0.0006358627857973264,0,4
12,random,18,12,0.9996843472857379,0.0006358627857973264,0,4
12,random,19,12,0.9996843472857379,0.0006358627857973264,0,4
13,d_optimal,0,0,0.12630143363764942,0.9874813903660924,12,0
13,v_optimal,0,0,0.12630143363764942,0.9874813903660924,12,0
13,random,0,0,0.12630143363764942,0.9874813903660924,12,0
13,random,1,0,0.12630143363764942,0.9874813903660924,12,0
13,random,2,0,0.12630143363764942,0.9874813903660924,12,0
13,random,3,0,0.12630143363764942,0.9874813903660924,12,0
13,random,4,0,0.12630143363764942,0.9874813903660924,12,0
13,random,5,0,0.12630143363764942,0.9874813903660924,12,0
13,random,6,0,0.12630143363764942,0.9874813903660924,12,0
13,random,7,0,0.12630143363764942,0.9874813903660924,12,0
13,random,8,0,0.12630143363764942,0.9874813903660924,12,0
13,random,9,0,0.12630143363764942,0.9874813903660924,12,0
13,random,10,0,0.12630143363764942,0.9874813903660924,12,0
13,random,11,0,0.12630143363764942,0.9874813903660924,12,0
13,random,12,0,0.12630143363764942,0.9874813903660924,12,0
13,random,13,0,0.12630143363764942,0.9874813903660924,12,0
13,random,14,0,0.12630143363764942,0.9874813903660924,12,0
13,random,15,0,0.12630143363764942,0.9874813903660924,12,0
13,random,16,0,0.12630143363764942,0.9874813903660924,12,0
13,random,17,0,0.12630143363764942,0.9874813903660924,12,0
13,random,18,0,0.12630143363764942,0.9874813903660924,12,0
13,random,19,0,0.12630143363764942,0.9874813903660924,12,0
13,d_optimal,0,1,0.1263014336376832,0.9874813903660792,11,0
13,v_optimal,0,1,0.3285019134714692,0.7598979154302808,11,1
13,random,0,1,0.1263014336376832,0.9874813903660792,11,0
13,random,1,1,0.3407991956899136,0.7000473891633511,11,1
13,random,2,1,0.1263014336376832,0.9874813903660792,11,0
13,random,3,1,0.1263014336376832,0.9874813903660792,11,0
13,random,4,1,0.1263014336376832,0.9874813903660792,11,0
13,random,5,1,0.1263014336376832,0.9874813903660792,11,0
13,random,6,1,0.1263014336376832,0.9874813903660792,11,0
13,random,7,1,0.1263014336376832,0.9874813903660792,11,0
13,random,8,1,0.1263014336376832,0.9874813903660792,11,0
13,random,9,1,0.1263014336376832,0.9874813903660792,11,0
13,random,10,1,0.1263014336376832,0.9874813903660792,11,0
13,random,11,1,0.33072862434571343,0.7949029230109447,11,1
13,random,12,1,0.3285019134714692,0.7598979154302808,11,1
13,random,13,1,0.33072862434571343,0.7949029230109447,11,1
13,random,14,1,0.1263014336376832,0.9874813903660792,11,0
13,random,15,1,0.1263014336376832,0.9874813903660792,11,0
13,random,16,1,0.1263014336376832,0.9874813903660792,11,0
13,random,17,1,0.1263014336376832,0.9874813903660792,11,0
13,random,18,1,0.3407991956899136,0.7000473891633511,11,1
13,random,19,1,0.1263014336376832,0.9874813903660792,11,0
13,d_optimal,0,2,0.1263014336376832,0.9874813903660792,10,0
13,v_optimal,0,2,0.5329291041794993,0.5673194480751464,10,2
13,random,0,2,0.3407991956899136,0.7000473891633511,10,1
13,random,1,2,0.1263014336376832,0.9874813903660792,10,0
13,random,2,2,0.3407991956899136,0.7000473891633511,10,1
13,random,3,2,0.3285019134714692,0.7598979154302808,10,1
13,random,4,2,0.1263014336376832,0.9874813903660792,10,0
13,random,5,2,0.33072862434571343,0.7949029230109447,10,1
13,random,6,2,0.1263014336376832,0.9874813903660792,10,0
13,random,7,2,0.1263014336376832,0.9874813903660792,10,0
13,random,8,2,0.1263014336376832,0.9874813903660792,10,0
13,random,9,2,0.1263014336376832,0.9874813903660792,10,0
13,random,10,2,0.3285019134714692,0.7598979154302808,10,1
13,random,11,2,0.33072862434571343,0.7949029230109447,10,1
13,random,12,2,0.1263014336376832,0.9874813903660792,10,0
13,random,13,2,0.5828953173915795,0.5157974353340299,10,2
13,random,14,2,0.1263014336376832,0.9874813903660792,10,0
13,random,15,2,0.33072862434571343,0.7949029230109447,10,1
13,random,16,2,0.1263014336376832,0.9874813903660792,10,0
13,random,17,2,0.1263014336376832,0.9874813903660792,10,0
13,random,18,2,0.3407991956899136,0.7000473891633511,10,1
13,random,19,2,0.1263014336376832,0.9874813903660792,10,0
13,d_optimal,0,4,0.5329291041795275,0.5673194480751383,8,2
13,v_optimal,0,4,0.9995935592775959,0.0007799591955035628,8,4
13,random,0,4,0.5828953173916078,0.5157974353340218,8,2
13,random,1,4,0.9995935592775959,0.0007799591955035628,8,4
13,random,2,4,0.7474268662317297,0.2798854468724184,8,3
13,random,3,4,0.12630143363771146,0.9874813903660711,8,0
13,random,4,4,0.7850957972253937,0.28821396039822345,8,3
13,random,5,4,0.3285019134714974,0.7598979154302727,8,1
13,random,6,4,0.3407991956899136,0.7000473891633511,8,1
13,random,7,4,0.3307286243457417,0.7949029230109366,8,1
13,random,8,4,0.12630143363771146,0.9874813903660711,8,0
13,random,9,4,0.5452263863979439,0.5074689218082167,8,2
13,random,10,4,0.12630143363771146,0.9874813903660711,8,0
13,random,11,4,0.5429996755236995,0.4724639142275528,8,2
13,random,12,4,0.37846812668357754,0.7083759026891562,8,1
13,random,13,4,0.5929658887357797,0.42094190148643623,8,2
13,random,14,4,0.3407991956899136,0.7000473891633511,8,1
13,random,15,4,0.7474268662317297,0.2798854468724184,8,3
13,random,16,4,0.37846812668357754,0.7083759026891562,8,1
13,random,17,4,0.3307286243457417,0.7949029230109366,8,1
13,random,18,4,0.3307286243457417,0.7949029230109366,8,1
13,random,19,4,0.37846812668357754,0.7083759026891562,8,1
13,d_optimal,0,8,0.7850957972254531,0.2882139603982006,4,3
13,v_optimal,0,8,0.9995935592775959,0.0007799591955035625,4,4
13,random,0,8,0.7850957972254531,0.2882139603982006,4,3
13,random,1,8,0.3784681266836369,0.7083759026891333,4,1
13,random,2,8,0.5429996755236995,0.4724639142275528,4,2
13,random,3,8,0.5806686065174229,0.480792427753335,4,2
13,random,4,8,0.79739307944381,0.22836343413130186,4,3
13,random,5,8,0.5452263863979439,0.5074689218082167,4,2
13,random,6,8,0.7951663685695656,0.193358426550638,4,3
13,random,7,8,0.79739307944381,0.22836343413130186,4,3
13,random,8,8,0.5929658887357797,0.42094190148643623,4,2
13,random,9,8,0.9995935592775959,0.0007799591955035625,4,4
13,random,10,8,0.5828953173916671,0.5157974353339989,4,2
13,random,11,8,0.5429996755236995,0.4724639142275528,4,2
13,random,12,8,0.7850957972254531,0.2882139603982006,4,3
13,random,13,8,0.7474268662317297,0.2798854468724184,4,3
13,random,14,8,0.9995935592775959,0.0007799591955035625,4,4
13,random,15,8,0.5429996755236995,0.4724639142275528,4,2
13,random,16,8,0.79739307944381,0.22836343413130186,4,3
13,random,17,8,0.7951663685695656,0.193358426550638,4,3
13,random,18,8,0.5929658887357797,0.42094190148643623,4,2
13,random,19,8,0.7850957972254531,0.2882139603982006,4,3
13,d_optimal,0,12,0.9995935592775959,0.000779959195503563,0,4
13,v_optimal,0,12,0.9995935592775959,0.000779959195503563,0,4
13,random,0,12,0.9995935592775959,0.000779959195503563,0,4
13,random,1,12,0.9995935592775959,0.000779959195503563,0,4
13,random,2,12,0.9995935592775959,0.000779959195503563,0,4
13,random,3,12,0.9995935592775959,0.000779959195503563,0,4
13,random,4,12,0.9995935592775959,0.000779959195503563,0,4
13,random,5,12,0.9995935592775959,0.000779959195503563,0,4
13,random,6,12,0.9995935592775959,0.000779959195503563,0,4
13,random,7,12,0.9995935592775959,0.000779959195503563,0,4
13,random,8,12,0.9995935592775959,0.000779959195503563,0,4
13,random,9,12,0.9995935592775959,0.000779959195503563,0,4
13,random,10,12,0.9995935592775959,0.000779959195503563,0,4
13,random,11,12,0.9995935592775959,0.000779959195503563,0,4
13,random,12,12,0.9995935592775959,0.000779959195503563,0,4
13,random,13,12,0.9995935592775959,0.000779959195503563,0,4
13,random,14,12,0.9995935592775959,0.000779959195503563,0,4
13,random,15,12,0.9995935592775959,0.000779959195503563,0,4
13,random,16,12,0.9995935592775959,0.000779959195503563,0,4
13,random,17,12,0.9995935592775959,0.000779959195503563,0,4
13,random,18,12,0.9995935592775959,0.000779959195503563,0,4
13,random,19,12,0.9995935592775959,0.000779959195503563,0,4
14,d_optimal,0,0,0.15943698778221574,0.9737457775077543,12,0
14,v_optimal,0,0,0.15943698778221574,0.9737457775077543,12,0
14,random,0,0,0.15943698778221574,0.9737457775077543,12,0
14,random,1,0,0.15943698778221574,0.9737457775077543,12,0
14,random,2,0,0.15943698778221574,0.9737457775077543,12,0
14,random,3,0,0.15943698778221574,0.9737457775077543,12,0
14,random,4,0,0.15943698778221574,0.9737457775077543,12,0
14,random,5,0,0.15943698778221574,0.9737457775077543,12,0
14,random,6,0,0.15943698778221574,0.9737457775077543,12,0
14,random,7,0,0.15943698778221574,0.9737457775077543,12,0
14,random,8,0,0.15943698778221574,0.9737457775077543,12,0
14,random,9,0,0.15943698778221574,0.9737457775077543,12,0
14,random,10,0,0.15943698778221574,0.9737457775077543,12,0
14,random,11,0,0.15943698778221574,0.9737457775077543,12,0
14,random,12,0,0.15943698778221574,0.9737457775077543,12,0
14,random,13,0,0.15943698778221574,0.9737457775077543,12,0
14,random,14,0,0.15943698778221574,0.9737457775077543,12,0
14,random,15,0,0.15943698778221574,0.9737457775077543,12,0
14,random,16,0,0.15943698778221574,0.9737457775077543,12,0
14,random,17,0,0.15943698778221574,0.9737457775077543,12,0
14,random,18,0,0.15943698778221574,0.9737457775077543,12,0
14,random,19,0,0.15943698778221574,0.9737457775077543,12,0
14,d_optimal,0,1,0.15943698778248905,0.973745777507676,11,0
14,v_optimal,0,1,0.36899970715481806,0.7658290858442097,11,1
14,random,0,1,0.15943698778248905,0.973745777507676,11,0
14,random,1,1,0.36899970715481806,0.7658290858442097,11,1
14,random,2,1,0.36899970715481806,0.7658290858442097,11,1
14,random,3,1,0.15943698778248905,0.973745777507676,11,0
14,random,4,1,0.15943698778248905,0.973745777507676,11,0
14,random,5,1,0.15943698778248905,0.973745777507676,11,0
14,random,6,1,0.36899970715481806,0.7658290858442097,11,1
14,random,7,1,0.15943698778248905,0.973745777507676,11,0
14,random,8,1,0.15943698778248905,0.973745777507676,11,0
14,random,9,1,0.15943698778248905,0.973745777507676,11,0
14,random,10,1,0.15943698778248905,0.973745777507676,11,0
14,random,11,1,0.15943698778248905,0.973745777507676,11,0
14,random,12,1,0.15943698778248905,0.973745777507676,11,0
14,random,13,1,0.15943698778248905,0.973745777507676,11,0
14,random,14,1,0.3857229353143061,0.6760161528210732,11,1
14,random,15,1,0.15943698778248905,0.973745777507676,11,0
14,random,16,1,0.34591005062749886,0.7209294783692151,11,1
14,random,17,1,0.15943698778248905,0.973745777507676,11,0
14,random,18,1,0.15943698778248905,0.973745777507676,11,0
14,random,19,1,0.3857229353143061,0.6760161528210732,11,1
14,d_optimal,0,2,0.15943698778248905,0.973745777507676,10,0
14,v_optimal,0,2,0.5952856546866352,0.46809946115760687,10,2
14,random,0,2,0.37737189855917863,0.7590852839122333,10,1
14,random,1,2,0.36899970715481806,0.7658290858442097,10,1
14,random,2,2,0.36899970715481806,0.7658290858442097,10,1
14,random,3,2,0.15943698778248905,0.973745777507676,10,0
14,random,4,2,0.5638449614041885,0.5062689847737724,10,2
14,random,5,2,0.3857229353143061,0.6760161528210732,10,1
14,random,6,2,0.5554727699998279,0.5130127867057489,10,2
14,random,7,2,0.15943698778248905,0.973745777507676,10,0
14,random,8,2,0.36899970715481806,0.7658290858442097,10,1
14,random,9,2,0.34591005062749886,0.7209294783692151,10,1
14,random,10,2,0.15943698778248905,0.973745777507676,10,0
14,random,11,2,0.15943698778248905,0.973745777507676,10,0
14,random,12,2,0.15943698778248905,0.973745777507676,10,0
14,random,13,2,0.37737189855917863,0.7590852839122333,10,1
14,random,14,2,0.3857229353143061,0.6760161528210732,10,1
14,random,15,2,0.34591005062749886,0.7209294783692151,10,1
14,random,16,2,0.3857229353143061,0.6760161528210732,10,1
14,random,17,2,0.37737189855917863,0.7590852839122333,10,1
14,random,18,2,0.15943698778248905,0.973745777507676,10,0
14,random,19,2,0.15943698778248905,0.973745777507676,10,0
14,d_optimal,0,4,0.159436987782405,0.9737457775077011,8,0
14,v_optimal,0,4,0.9996936283083345,0.0006226684237033588,8,4
14,random,0,4,0.3459100506274148,0.7209294783692403,8,1
14,random,1,4,0.5638449614041885,0.5062689847737724,8,2
14,random,2,4,0.37737189855917863,0.7590852839122333,8,1
14,random,3,4,0.3857229353142221,0.6760161528210983,8,1
14,random,4,4,0.3857229353142221,0.6760161528210983,8,1
14,random,5,4,0.3459100506274148,0.7209294783692403,8,1
14,random,6,4,0.3857229353142221,0.6760161528210983,8,1
14,random,7,4,0.37737189855917863,0.7590852839122333,8,1
14,random,8,4,0.7817587175315609,0.21528316201917116,8,3
14,random,9,4,0.8132205654633247,0.2534389675621642,8,3
14,random,10,4,0.368999707154734,0.7658290858442349,8,1
14,random,11,4,0.368999707154734,0.7658290858442349,8,1
14,random,12,4,0.5554727699997438,0.513012786705774,8,2
14,random,13,4,0.5721959981592319,0.42319985368263735,8,2
14,random,14,4,0.5638449614041885,0.5062689847737724,8,2
14,random,15,4,0.3857229353142221,0.6760161528210983,8,1
14,random,16,4,0.3459100506274148,0.7209294783692403,8,1
14,random,17,4,0.3857229353142221,0.6760161528210983,8,1
14,random,18,4,0.5721959981592319,0.42319985368263735,8,2
14,random,19,4,0.5638449614041885,0.5062689847737724,8,2
14,d_optimal,0,8,0.5952856546862508,0.4680994611577452,4,2
14,v_optimal,0,8,0.9996936283083346,0.0006226684237033591,4,4
14,random,0,8,0.8132205654633248,0.2534389675621642,4,3
14,random,1,8,0.8132205654633248,0.2534389675621642,4,3
14,random,2,8,0.7901309089360056,0.20853936008716953,4,3
14,random,3,8,0.5638449614041885,0.5062689847737724,4,2
14,random,4,8,0.5952856546862508,0.4680994611577452,4,2
14,random,5,8,0.5638449614041885,0.5062689847737724,4,2
14,random,6,8,0.8132205654633248,0.2534389675621642,4,3
14,random,7,8,0.7734076807765176,0.2983522931103062,4,3
14,random,8,8,0.6036578460909957,0.4613556592256305,4,2
14,random,9,8,0.5721959981589317,0.42319985368275054,4,2
14,random,10,8,0.8132205654633248,0.2534389675621642,4,3
14,random,11,8,0.7734076807765176,0.2983522931103062,4,3
14,random,12,8,0.6036578460909957,0.4613556592256305,4,2
14,random,13,8,0.9996936283083346,0.0006226684237033591,4,4
14,random,14,8,0.8132205654633248,0.2534389675621642,4,3
14,random,15,8,0.5554727699994436,0.5130127867058872,4,2
14,random,16,8,0.3459100506271146,0.7209294783693534,4,1
14,random,17,8,0.9996936283083346,0.0006226684237033591,4,4
14,random,18,8,0.7901309089360056,0.20853936008716953,4,3
14,random,19,8,0.5638449614041885,0.5062689847737724,4,2
14,d_optimal,0,12,0.9996936283083346,0.0006226684237033588,0,4
14,v_optimal,0,12,0.9996936283083346,0.0006226684237033588,0,4
14,random,0,12,0.9996936283083346,0.0006226684237033588,0,4
14,random,1,12,0.9996936283083346,0.0006226684237033588,0,4
14,random,2,12,0.9996936283083346,0.0006226684237033588,0,4
14,random,3,12,0.9996936283083346,0.0006226684237033588,0,4
14,random,4,12,0.9996936283083346,0.0006226684237033588,0,4
14,random,5,12,0.9996936283083346,0.0006226684237033588,0,4
14,random,6,12,0.9996936283083346,0.0006226684237033588,0,4
14,random,7,12,0.9996936283083346,0.0006226684237033588,0,4
14,random,8,12,0.9996936283083346,0.0006226684237033588,0,4
14,random,9,12,0.9996936283083346,0.0006226684237033588,0,4
14,random,10,12,0.9996936283083346,0.0006226684237033588,0,4
14,random,11,12,0.9996936283083346,0.0006226684237033588,0,4
14,random,12,12,0.9996936283083346,0.0006226684237033588,0,4
14,random,13,12,0.9996936283083346,0.0006226684237033588,0,4
14,random,14,12,0.9996936283083346,0.0006226684237033588,0,4
14,random,15,12,0.9996936283083346,0.0006226684237033588,0,4
14,random,16,12,0.9996936283083346,0.0006226684237033588,0,4
14,random,17,12,0.9996936283083346,0.0006226684237033588,0,4
14,random,18,12,0.9996936283083346,0.0006226684237033588,0,4
14,random,19,12,0.9996936283083346,0.0006226684237033588,0,4
15,d_optimal,0,0,0.2055015016680392,0.9596097964399961,12,0
15,v_optimal,0,0,0.2055015016680392,0.9596097964399961,12,0
15,random,0,0,0.2055015016680392,0.9596097964399961,12,0
15,random,1,0,0.2055015016680392,0.9596097964399961,12,0
15,random,2,0,0.2055015016680392,0.9596097964399961,12,0
15,random,3,0,0.2055015016680392,0.9596097964399961,12,0
15,random,4,0,0.2055015016680392,0.9596097964399961,12,0
15,random,5,0,0.2055015016680392,0.9596097964399961,12,0
15,random,6,0,0.2055015016680392,0.9596097964399961,12,0
15,random,7,0,0.2055015016680392,0.9596097964399961,12,0
15,random,8,0,0.2055015016680392,0.9596097964399961,12,0
15,random,9,0,0.2055015016680392,0.9596097964399961,12,0
15,random,10,0,0.2055015016680392,0.9596097964399961,12,0
15,random,11,0,0.2055015016680392,0.9596097964399961,12,0
15,random,12,0,0.2055015016680392,0.9596097964399961,12,0
15,random,13,0,0.2055015016680392,0.9596097964399961,12,0
15,random,14,0,0.2055015016680392,0.9596097964399961,12,0
15,random,15,0,0.2055015016680392,0.9596097964399961,12,0
15,random,16,0,0.2055015016680392,0.9596097964399961,12,0
15,random,17,0,0.2055015016680392,0.9596097964399961,12,0
15,random,18,0,0.2055015016680392,0.9596097964399961,12,0
15,random,19,0,0.2055015016680392,0.9596097964399961,12,0
15,d_optimal,0,1,0.4135191118314166,0.7121307633961876,11,1
15,v_optimal,0,1,0.4135191118314166,0.7121307633961876,11,1
15,random,0,1,0.40271851319669816,0.6265439735428529,11,1
15,random,1,1,0.4024234209912438,0.7858213205378654,11,1
15,random,2,1,0.39748699215514116,0.7550160375516052,11,1
15,random,3,1,0.4024234209912438,0.7858213205378654,11,1
15,random,4,1,0.20550150166874398,0.9596097964397334,11,0
15,random,5,1,0.20550150166874398,0.9596097964397334,11,0
15,random,6,1,0.20550150166874398,0.9596097964397334,11,0
15,random,7,1,0.20550150166874398,0.9596097964397334,11,0
15,random,8,1,0.20550150166874398,0.9596097964397334,11,0
15,random,9,1,0.20550150166874398,0.9596097964397334,11,0
15,random,10,1,0.40271851319669816,0.6265439735428529,11,1
15,random,11,1,0.20550150166874398,0.9596097964397334,11,0
15,random,12,1,0.40271851319669816,0.6265439735428529,11,1
15,random,13,1,0.20550150166874398,0.9596097964397334,11,0
15,random,14,1,0.4135191118314166,0.7121307633961876,11,1
15,random,15,1,0.40271851319669816,0.6265439735428529,11,1
15,random,16,1,0.4135191118314166,0.7121307633961876,11,1
15,random,17,1,0.20550150166874398,0.9596097964397334,11,0
15,random,18,1,0.4135191118314166,0.7121307633961876,11,1
15,random,19,1,0.4024234209912438,0.7858213205378654,11,1
15,d_optimal,0,2,0.4135191118314166,0.7121307633961876,10,1
15,v_optimal,0,2,0.6107361233593708,0.37906494049930695,10,2
15,random,0,2,0.5947040036830953,0.4219502146547245,10,2
15,random,1,2,0.5947040036830953,0.4219502146547245,10,2
15,random,2,2,0.39748699215514116,0.7550160375516052,10,1
15,random,3,2,0.40271851319669816,0.6265439735428529,10,1
15,random,4,2,0.20550150166874398,0.9596097964397334,10,0
15,random,5,2,0.20550150166874398,0.9596097964397334,10,0
15,random,6,2,0.20550150166874398,0.9596097964397334,10,0
15,random,7,2,0.20550150166874398,0.9596097964397334,10,0
15,random,8,2,0.39748699215514116,0.7550160375516052,10,1
15,random,9,2,0.20550150166874398,0.9596097964397334,10,0
15,random,10,2,0.20550150166874398,0.9596097964397334,10,0
15,random,11,2,0.20550150166874398,0.9596097964397334,10,0
15,random,12,2,0.39748699215514116,0.7550160375516052,10,1
15,random,13,2,0.20550150166874398,0.9596097964397334,10,0
15,random,14,2,0.6055046023178138,0.5075370045080593,10,2
15,random,15,2,0.39748699215514116,0.7550160375516052,10,1
15,random,16,2,0.4135191118314166,0.7121307633961876,10,1
15,random,17,2,0.20550150166874398,0.9596097964397334,10,0
15,random,18,2,0.4135191118314166,0.7121307633961876,10,1
15,random,19,2,0.40271851319669816,0.6265439735428529,10,1
15,d_optimal,0,4,0.6107361233589196,0.3790649404994796,8,2
15,v_optimal,0,4,0.9996435331682678,0.0006827057093105039,8,4
15,random,0,4,0.4135191118309654,0.7121307633963603,8,1
15,random,1,4,0.20550150166829279,0.9596097964399062,8,0
15,random,2,4,0.6104410311539165,0.5383422874943194,8,2
15,random,3,4,0.6055046023173626,0.5075370045082319,8,2
15,random,4,4,0.20550150166829279,0.9596097964399062,8,0
15,random,5,4,0.8076580426818706,0.20527646459743887,8,3
15,random,6,4,0.599640432519198,0.45275549764098466,8,2
15,random,7,4,0.8027216138453168,0.17447118161135128,8,3
15,random,8,4,0.6107361233589196,0.3790649404994796,8,2
15,random,9,4,0.20550150166829279,0.9596097964399062,8,0
15,random,10,4,0.8027216138453168,0.17447118161135128,8,3
15,random,11,4,0.594408911477641,0.581227561649737,8,2
15,random,12,4,0.20550150166829279,0.9596097964399062,8,0
15,random,13,4,0.40271851319624696,0.6265439735430256,8,1
15,random,14,4,0.6055046023173626,0.5075370045082319,8,2
15,random,15,4,0.20550150166829279,0.9596097964399062,8,0
15,random,16,4,0.4135191118309654,0.7121307633963603,8,1
15,random,17,4,0.39748699215468997,0.7550160375517779,8,1
15,random,18,4,0.8027216138453168,0.17447118161135128,8,3
15,random,19,4,0.39748699215468997,0.7550160375517779,8,1
15,d_optimal,0,8,0.6107361233598512,0.3790649404991095,4,2
15,v_optimal,0,8,0.9996435331682678,0.0006827057093105037,4,4
15,random,0,8,0.6055046023182942,0.5075370045078619,4,2
15,random,1,8,0.594408911477641,0.581227561649737,4,2
15,random,2,8,0.6104410311539165,0.5383422874943194,4,2
15,random,3,8,0.9996435331682678,0.0006827057093105037,4,4
15,random,4,8,0.594408911477641,0.581227561649737,4,2
15,random,5,8,0.6104410311539165,0.5383422874943194,4,2
15,random,6,8,0.7916259230055951,0.24816173875285635,4,3
15,random,7,8,0.9996435331682678,0.0006827057093105037,4,4
15,random,8,8,0.8024265216403136,0.3337485286061912,4,3
15,random,9,8,0.40271851319717844,0.6265439735426553,4,1
15,random,10,8,0.9996435331682678,0.0006827057093105037,4,4
15,random,11,8,0.7916259230055951,0.24816173875285635,4,3
15,random,12,8,0.6107361233598512,0.3790649404991095,4,2
15,random,13,8,0.6104410311539165,0.5383422874943194,4,2
15,random,14,8,0.8024265216403136,0.3337485286061912,4,3
15,random,15,8,0.6107361233598512,0.3790649404991095,4,2
15,random,16,8,0.8027216138462483,0.17447118161098116,4,3
15,random,17,8,0.7916259230055951,0.24816173875285635,4,3
15,random,18,8,0.8027216138462483,0.17447118161098116,4,3
15,random,19,8,0.9996435331682678,0.0006827057093105037,4,4
15,d_optimal,0,12,0.9996435331682678,0.0006827057093105037,0,4
15,v_optimal,0,12,0.9996435331682678,0.0006827057093105037,0,4
15,random,0,12,0.9996435331682678,0.0006827057093105037,0,4
15,random,1,12,0.9996435331682678,0.0006827057093105037,0,4
15,random,2,12,0.9996435331682678,0.0006827057093105037,0,4
15,random,3,12,0.9996435331682678,0.0006827057093105037,0,4
15,random,4,12,0.9996435331682678,0.0006827057093105037,0,4
15,random,5,12,0.9996435331682678,0.0006827057093105037,0,4
15,random,6,12,0.9996435331682678,0.0006827057093105037,0,4
15,random,7,12,0.9996435331682678,0.0006827057093105037,0,4
15,random,8,12,0.9996435331682678,0.0006827057093105037,0,4
15,random,9,12,0.9996435331682678,0.0006827057093105037,0,4
15,random,10,12,0.9996435331682678,0.0006827057093105037,0,4
15,random,11,12,0.9996435331682678,0.0006827057093105037,0,4
15,random,12,12,0.9996435331682678,0.0006827057093105037,0,4
15,random,13,12,0.9996435331682678,0.0006827057093105037,0,4
15,random,14,12,0.9996435331682678,0.0006827057093105037,0,4
15,random,15,12,0.9996435331682678,0.0006827057093105037,0,4
15,random,16,12,0.9996435331682678,0.0006827057093105037,0,4
15,random,17,12,0.9996435331682678,0.0006827057093105037,0,4
15,random,18,12,0.9996435331682678,0.0006827057093105037,0,4
15,random,19,12,0.9996435331682678,0.0006827057093105037,0,4
16,d_optimal,0,0,0.18928133723502627,0.9609356251997684,12,0
16,v_optimal,0,0,0.18928133723502627,0.9609356251997684,12,0
16,random,0,0,0.18928133723502627,0.9609356251997684,12,0
16,random,1,0,0.18928133723502627,0.9609356251997684,12,0
16,random,2,0,0.18928133723502627,0.9609356251997684,12,0
16,random,3,0,0.18928133723502627,0.9609356251997684,12,0
16,random,4,0,0.18928133723502627,0.9609356251997684,12,0
16,random,5,0,0.18928133723502627,0.9609356251997684,12,0
16,random,6,0,0.18928133723502627,0.9609356251997684,12,0
16,random,7,0,0.18928133723502627,0.9609356251997684,12,0
16,random,8,0,0.18928133723502627,0.9609356251997684,12,0
16,random,9,0,0.18928133723502627,0.9609356251997684,12,0
16,random,10,0,0.18928133723502627,0.9609356251997684,12,0
16,random,11,0,0.18928133723502627,0.9609356251997684,12,0
16,random,12,0,0.18928133723502627,0.9609356251997684,12,0
16,random,13,0,0.18928133723502627,0.9609356251997684,12,0
16,random,14,0,0.18928133723502627,0.9609356251997684,12,0
16,random,15,0,0.18928133723502627,0.9609356251997684,12,0
16,random,16,0,0.18928133723502627,0.9609356251997684,12,0
16,random,17,0,0.18928133723502627,0.9609356251997684,12,0
16,random,18,0,0.18928133723502627,0.9609356251997684,12,0
16,random,19,0,0.18928133723502627,0.9609356251997684,12,0
16,d_optimal,0,1,0.18928133723502627,0.9609356251997684,11,0
16,v_optimal,0,1,0.3883364114490615,0.6706262664605565,11,1
16,random,0,1,0.18928133723502627,0.9609356251997684,11,0
16,random,1,1,0.18928133723502627,0.9609356251997684,11,0
16,random,2,1,0.18928133723502627,0.9609356251997684,11,0
16,random,3,1,0.4176687159377502,0.76323827578979,11,1
16,random,4,1,0.3770145794215908,0.715579315060265,11,1
16,random,5,1,0.18928133723502627,0.9609356251997684,11,0
16,random,6,1,0.18928133723502627,0.9609356251997684,11,0
16,random,7,1,0.18928133723502627,0.9609356251997684,11,0
16,random,8,1,0.18928133723502627,0.9609356251997684,11,0
16,random,9,1,0.18928133723502627,0.9609356251997684,11,0
16,random,10,1,0.18928133723502627,0.9609356251997684,11,0
16,random,11,1,0.3883364114490615,0.6706262664605565,11,1
16,random,12,1,0.38443338147912165,0.7341246280490821,11,1
16,random,13,1,0.18928133723502627,0.9609356251997684,11,0
16,random,14,1,0.3770145794215908,0.715579315060265,11,1
16,random,15,1,0.18928133723502627,0.9609356251997684,11,0
16,random,16,1,0.4176687159377502,0.76323827578979,11,1
16,random,17,1,0.18928133723502627,0.9609356251997684,11,0
16,random,18,1,0.18928133723502627,0.9609356251997684,11,0
16,random,19,1,0.18928133723502627,0.9609356251997684,11,0
16,d_optimal,0,2,0.3883364114490615,0.6706262664605565,10,1
16,v_optimal,0,2,0.576069653635626,0.42526995632105313,10,2
16,random,0,2,0.18928133723502627,0.9609356251997684,10,0
16,random,1,2,0.38443338147912165,0.7341246280490821,10,1
16,random,2,2,0.4176687159377502,0.76323827578979,10,1
16,random,3,2,0.4176687159377502,0.76323827578979,10,1
16,random,4,2,0.3883364114490615,0.6706262664605565,10,1
16,random,5,2,0.18928133723502627,0.9609356251997684,10,0
16,random,6,2,0.3770145794215908,0.715579315060265,10,1
16,random,7,2,0.18928133723502627,0.9609356251997684,10,0
16,random,8,2,0.3883364114490615,0.6706262664605565,10,1
16,random,9,2,0.18928133723502627,0.9609356251997684,10,0
16,random,10,2,0.6128207601818456,0.5364272786391038,10,2
16,random,11,2,0.576069653635626,0.42526995632105313,10,2
16,random,12,2,0.38443338147912165,0.7341246280490821,10,1
16,random,13,2,0.3770145794215908,0.715579315060265,10,1
16,random,14,2,0.38443338147912165,0.7341246280490821,10,1
16,random,15,2,0.3883364114490615,0.6706262664605565,10,1
16,random,16,2,0.3883364114490615,0.6706262664605565,10,1
16,random,17,2,0.3770145794215908,0.715579315060265,10,1
16,random,18,2,0.18928133723502627,0.9609356251997684,10,0
16,random,19,2,0.3770145794215908,0.715579315060265,10,1
16,d_optimal,0,4,0.576069653635626,0.42526995632105313,8,2
16,v_optimal,0,4,0.9996090765824454,0.0007616097603885134,8,4
16,random,0,4,0.18928133723502627,0.9609356251997684,8,0
16,random,1,4,0.38443338147912165,0.7341246280490821,8,1
16,random,2,4,0.3770145794215908,0.715579315060265,8,1
16,random,3,4,0.18928133723502627,0.9609356251997684,8,0
16,random,4,4,0.6167237901517855,0.47292891705057816,8,2
16,random,5,4,0.3770145794215908,0.715579315060265,8,1
16,random,6,4,0.80445703233835,0.2275726069110748,8,3
16,random,7,4,0.38443338147912165,0.7341246280490821,8,1
16,random,8,4,0.576069653635626,0.42526995632105313,8,2
16,random,9,4,0.576069653635626,0.42526995632105313,8,2
16,random,10,4,0.5721666236656862,0.4887683179095788,8,2
16,random,11,4,0.38443338147912165,0.7341246280490821,8,1
16,random,12,4,0.576069653635626,0.42526995632105313,8,2
16,random,13,4,0.4176687159377502,0.76323827578979,8,1
16,random,14,4,0.6128207601818456,0.5364272786391038,8,2
16,random,15,4,0.6128207601818456,0.5364272786391038,8,2
16,random,16,4,0.6128207601818456,0.5364272786391038,8,2
16,random,17,4,0.3770145794215908,0.715579315060265,8,1
16,random,18,4,0.576069653635626,0.42526995632105313,8,2
16,random,19,4,0.8005540023684101,0.29107096849960046,8,3
16,d_optimal,0,8,0.576069653635626,0.42526995632105313,4,2
16,v_optimal,0,8,0.9996090765824454,0.0007616097603885134,4,4
16,random,0,8,0.9996090765824454,0.0007616097603885134,4,4
16,random,1,8,0.7712216978797215,0.19845895917036682,4,3
16,random,2,8,0.8118758343958808,0.24611791989989187,4,3
16,random,3,8,0.6128207601818456,0.5364272786391038,4,2
16,random,4,8,0.5721666236656862,0.4887683179095788,4,2
16,random,5,8,0.6054019581243147,0.5178819656502867,4,2
16,random,6,8,0.576069653635626,0.42526995632105313,4,2
16,random,7,8,0.80445703233835,0.2275726069110748,4,3
16,random,8,8,0.5721666236656862,0.4887683179095788,4,2
16,random,9,8,0.8005540023684101,0.29107096849960046,4,3
16,random,10,8,0.9996090765824454,0.0007616097603885134,4,4
16,random,11,8,0.576069653635626,0.42526995632105313,4,2
16,random,12,8,0.5721666236656862,0.4887683179095788,4,2
16,random,13,8,0.8118758343958808,0.24611791989989187,4,3
16,random,14,8,0.80445703233835,0.2275726069110748,4,3
16,random,15,8,0.576069653635626,0.42526995632105313,4,2
16,random,16,8,0.6054019581243147,0.5178819656502867,4,2
16,random,17,8,0.9996090765824454,0.0007616097603885134,4,4
16,random,18,8,0.4176687159377502,0.76323827578979,4,1
16,random,19,8,0.7712216978797215,0.19845895917036682,4,3
16,d_optimal,0,12,0.9996090765824454,0.0007616097603885134,0,4
16,v_optimal,0,12,0.9996090765824454,0.0007616097603885134,0,4
16,random,0,12,0.9996090765824454,0.0007616097603885134,0,4
16,random,1,12,0.9996090765824454,0.0007616097603885134,0,4
16,random,2,12,0.9996090765824454,0.0007616097603885134,0,4
16,random,3,12,0.9996090765824454,0.0007616097603885134,0,4
16,random,4,12,0.9996090765824454,0.0007616097603885134,0,4
16,random,5,12,0.9996090765824454,0.0007616097603885134,0,4
16,random,6,12,0.9996090765824454,0.0007616097603885134,0,4
16,random,7,12,0.9996090765824454,0.0007616097603885134,0,4
16,random,8,12,0.9996090765824454,0.0007616097603885134,0,4
16,random,9,12,0.9996090765824454,0.0007616097603885134,0,4
16,random,10,12,0.9996090765824454,0.0007616097603885134,0,4
16,random,11,12,0.9996090765824454,0.0007616097603885134,0,4
16,random,12,12,0.9996090765824454,0.0007616097603885134,0,4
16,random,13,12,0.9996090765824454,0.0007616097603885134,0,4
16,random,14,12,0.9996090765824454,0.0007616097603885134,0,4
16,random,15,12,0.9996090765824454,0.0007616097603885134,0,4
16,random,16,12,0.9996090765824454,0.0007616097603885134,0,4
16,random,17,12,0.9996090765824454,0.0007616097603885134,0,4
16,random,18,12,0.9996090765824454,0.0007616097603885134,0,4
16,random,19,12,0.9996090765824454,0.0007616097603885134,0,4
17,d_optimal,0,0,0.22036887745117498,0.952445251820536,12,0
17,v_optimal,0,0,0.22036887745117498,0.952445251820536,12,0
17,random,0,0,0.22036887745117498,0.952445251820536,12,0
17,random,1,0,0.22036887745117498,0.952445251820536,12,0
17,random,2,0,0.22036887745117498,0.952445251820536,12,0
17,random,3,0,0.22036887745117498,0.952445251820536,12,0
17,random,4,0,0.22036887745117498,0.952445251820536,12,0
17,random,5,0,0.22036887745117498,0.952445251820536,12,0
17,random,6,0,0.22036887745117498,0.952445251820536,12,0
17,random,7,0,0.22036887745117498,0.952445251820536,12,0
17,random,8,0,0.22036887745117498,0.952445251820536,12,0
17,random,9,0,0.22036887745117498,0.952445251820536,12,0
17,random,10,0,0.22036887745117498,0.952445251820536,12,0
17,random,11,0,0.22036887745117498,0.952445251820536,12,0
17,random,12,0,0.22036887745117498,0.952445251820536,12,0
17,random,13,0,0.22036887745117498,0.952445251820536,12,0
17,random,14,0,0.22036887745117498,0.952445251820536,12,0
17,random,15,0,0.22036887745117498,0.952445251820536,12,0
17,random,16,0,0.22036887745117498,0.952445251820536,12,0
17,random,17,0,0.22036887745117498,0.952445251820536,12,0
17,random,18,0,0.22036887745117498,0.952445251820536,12,0
17,random,19,0,0.22036887745117498,0.952445251820536,12,0
17,d_optimal,0,1,0.4246948680993793,0.7650131391717032,11,1
17,v_optimal,0,1,0.42046563867833825,0.6832048897820691,11,1
17,random,0,1,0.22036887745117498,0.952445251820536,11,0
17,random,1,1,0.22036887745117498,0.952445251820536,11,0
17,random,2,1,0.3996943256869635,0.7274723955379397,11,1
17,random,3,1,0.4246948680993793,0.7650131391717032,11,1
17,random,4,1,0.3996943256869635,0.7274723955379397,11,1
17,random,5,1,0.22036887745117498,0.952445251820536,11,0
17,random,6,1,0.22036887745117498,0.952445251820536,11,0
17,random,7,1,0.42046563867833825,0.6832048897820691,11,1
17,random,8,1,0.22036887745117498,0.952445251820536,11,0
17,random,9,1,0.42046563867833825,0.6832048897820691,11,1
17,random,10,1,0.42046563867833825,0.6832048897820691,11,1
17,random,11,1,0.4246948680993793,0.7650131391717032,11,1
17,random,12,1,0.22036887745117498,0.952445251820536,11,0
17,random,13,1,0.4246948680993793,0.7650131391717032,11,1
17,random,14,1,0.22036887745117498,0.952445251820536,11,0
17,random,15,1,0.22036887745117498,0.952445251820536,11,0
17,random,16,1,0.22036887745117498,0.952445251820536,11,0
17,random,17,1,0.42046563867833825,0.6832048897820691,11,1
17,random,18,1,0.22036887745117498,0.952445251820536,11,0
17,random,19,1,0.22036887745117498,0.952445251820536,11,0
17,d_optimal,0,2,0.6040203163351678,0.540040282889107,10,2
17,v_optimal,0,2,0.6247916293265425,0.4957727771332363,10,2
17,random,0,2,0.22036887745117498,0.952445251820536,10,0
17,random,1,2,0.4246948680993793,0.7650131391717032,10,1
17,random,2,2,0.22036887745117498,0.952445251820536,10,0
17,random,3,2,0.4246948680993793,0.7650131391717032,10,1
17,random,4,2,0.6040203163351678,0.540040282889107,10,2
17,random,5,2,0.4246948680993793,0.7650131391717032,10,1
17,random,6,2,0.22036887745117498,0.952445251820536,10,0
17,random,7,2,0.3996943256869635,0.7274723955379397,10,1
17,random,8,2,0.6201486981930571,0.4950637495788634,10,2
17,random,9,2,0.3996943256869635,0.7274723955379397,10,1
17,random,10,2,0.3996943256869635,0.7274723955379397,10,1
17,random,11,2,0.4246948680993793,0.7650131391717032,10,1
17,random,12,2,0.6201486981930571,0.4950637495788634,10,2
17,random,13,2,0.6247916293265425,0.4957727771332363,10,2
17,random,14,2,0.3996943256869635,0.7274723955379397,10,1
17,random,15,2,0.3996943256869635,0.7274723955379397,10,1
17,random,16,2,0.22036887745117498,0.952445251820536,10,0
17,random,17,2,0.3996943256869635,0.7274723955379397,10,1
17,random,18,2,0.41582270754485273,0.6824958622276963,10,1
17,random,19,2,0.22036887745117498,0.952445251820536,10,0
17,d_optimal,0,4,0.8041170775623311,0.2707999208506401,8,3
17,v_optimal,0,4,0.9995709076560089,0.0008505312578003655,8,4
17,random,0,4,0.6040203163351678,0.540040282889107,8,2
17,random,1,4,0.22036887745117498,0.952445251820536,8,0
17,random,2,4,0.5951481557806413,0.45752300594510004,8,2
17,random,3,4,0.42046563867833825,0.6832048897820691,8,1
17,random,4,4,0.6201486981930571,0.4950637495788634,8,2
17,random,5,4,0.41582270754485273,0.6824958622276963,8,1
17,random,6,4,0.6247916293265425,0.4957727771332363,8,2
17,random,7,4,0.41582270754485273,0.6824958622276963,8,1
17,random,8,4,0.3996943256869635,0.7274723955379397,8,1
17,random,9,4,0.22036887745117498,0.952445251820536,8,0
17,random,10,4,0.22036887745117498,0.952445251820536,8,0
17,random,11,4,0.22036887745117498,0.952445251820536,8,0
17,random,12,4,0.8041170775623311,0.2707999208506401,8,3
17,random,13,4,0.5951481557806413,0.45752300594510004,8,2
17,random,14,4,0.22036887745117498,0.952445251820536,8,0
17,random,15,4,0.5997910869141267,0.4582320334994729,8,2
17,random,16,4,0.3996943256869635,0.7274723955379397,8,1
17,random,17,4,0.6040203163351678,0.540040282889107,8,2
17,random,18,4,0.6201486981930571,0.4950637495788634,8,2
17,random,19,4,0.6201486981930571,0.4950637495788634,8,2
17,d_optimal,0,8,0.9995709076560089,0.0008505312578003655,4,4
17,v_optimal,0,8,0.9995709076560089,0.0008505312578003655,4,4
17,random,0,8,0.7994741464288456,0.27009089329626723,4,3
17,random,1,8,0.42046563867833825,0.6832048897820691,4,1
17,random,2,8,0.7952449170078046,0.18828264390663316,4,3
17,random,3,8,0.41582270754485273,0.6824958622276963,4,1
17,random,4,8,0.5997910869141267,0.4582320334994729,4,2
17,random,5,8,0.5997910869141267,0.4582320334994729,4,2
17,random,6,8,0.5997910869141267,0.4582320334994729,4,2
17,random,7,8,0.615919468772016,0.41325550018922935,4,2
17,random,8,8,0.8041170775623311,0.2707999208506401,4,3
17,random,9,8,0.5951481557806413,0.45752300594510004,4,2
17,random,10,8,0.615919468772016,0.41325550018922935,4,2
17,random,11,8,0.6201486981930571,0.4950637495788634,4,2
17,random,12,8,0.9995709076560089,0.0008505312578003655,4,4
17,random,13,8,0.7994741464288456,0.27009089329626723,4,3
17,random,14,8,0.7994741464288456,0.27009089329626723,4,3
17,random,15,8,0.8202454594202203,0.22582338754039658,4,3
17,random,16,8,0.7994741464288456,0.27009089329626723,4,3
17,random,17,8,0.6201486981930571,0.4950637495788634,4,2
17,random,18,8,0.7952449170078046,0.18828264390663316,4,3
17,random,19,8,0.42046563867833825,0.6832048897820691,4,1
17,d_optimal,0,12,0.9995709076560089,0.0008505312578003655,0,4
17,v_optimal,0,12,0.9995709076560089,0.0008505312578003655,0,4
17,random,0,12,0.9995709076560089,0.0008505312578003655,0,4
17,random,1,12,0.9995709076560089,0.0008505312578003655,0,4
17,random,2,12,0.9995709076560089,0.0008505312578003655,0,4
17,random,3,12,0.9995709076560089,0.0008505312578003655,0,4
17,random,4,12,0.9995709076560089,0.0008505312578003655,0,4
17,random,5,12,0.9995709076560089,0.0008505312578003655,0,4
17,random,6,12,0.9995709076560089,0.0008505312578003655,0,4
17,random,7,12,0.9995709076560089,0.0008505312578003655,0,4
17,random,8,12,0.9995709076560089,0.0008505312578003655,0,4
17,random,9,12,0.9995709076560089,0.0008505312578003655,0,4
17,random,10,12,0.9995709076560089,0.0008505312578003655,0,4
17,random,11,12,0.9995709076560089,0.0008505312578003655,0,4
17,random,12,12,0.9995709076560089,0.0008505312578003655,0,4
17,random,13,12,0.9995709076560089,0.0008505312578003655,0,4
17,random,14,12,0.9995709076560089,0.0008505312578003655,0,4
17,random,15,12,0.9995709076560089,0.0008505312578003655,0,4
17,random,16,12,0.9995709076560089,0.0008505312578003655,0,4
17,random,17,12,0.9995709076560089,0.0008505312578003655,0,4
17,random,18,12,0.9995709076560089,0.0008505312578003655,0,4
17,random,19,12,0.9995709076560089,0.0008505312578003655,0,4
18,d_optimal,0,0,0.2125970504336772,0.9529845376191022,12,0
18,v_optimal,0,0,0.2125970504336772,0.9529845376191022,12,0
18,random,0,0,0.2125970504336772,0.9529845376191022,12,0
18,random,1,0,0.2125970504336772,0.9529845376191022,12,0
18,random,2,0,0.2125970504336772,0.9529845376191022,12,0
18,random,3,0,0.2125970504336772,0.9529845376191022,12,0
18,random,4,0,0.2125970504336772,0.9529845376191022,12,0
18,random,5,0,0.2125970504336772,0.9529845376191022,12,0
18,random,6,0,0.2125970504336772,0.9529845376191022,12,0
18,random,7,0,0.2125970504336772,0.9529845376191022,12,0
18,random,8,0,0.2125970504336772,0.9529845376191022,12,0
18,random,9,0,0.2125970504336772,0.9529845376191022,12,0
18,random,10,0,0.2125970504336772,0.9529845376191022,12,0
18,random,11,0,0.2125970504336772,0.9529845376191022,12,0
18,random,12,0,0.2125970504336772,0.9529845376191022,12,0
18,random,13,0,0.2125970504336772,0.9529845376191022,12,0
18,random,14,0,0.2125970504336772,0.9529845376191022,12,0
18,random,15,0,0.2125970504336772,0.9529845376191022,12,0
18,random,16,0,0.2125970504336772,0.9529845376191022,12,0
18,random,17,0,0.2125970504336772,0.9529845376191022,12,0
18,random,18,0,0.2125970504336772,0.9529845376191022,12,0
18,random,19,0,0.2125970504336772,0.9529845376191022,12,0
18,d_optimal,0,1,0.2125970504340788,0.9529845376189052,11,0
18,v_optimal,0,1,0.4051858005622036,0.6700148837757398,11,1
18,random,0,1,0.2125970504340788,0.9529845376189052,11,0
18,random,1,1,0.4280783555870995,0.765186555649868,11,1
18,random,2,1,0.2125970504340788,0.9529845376189052,11,0
18,random,3,1,0.2125970504340788,0.9529845376189052,11,0
18,random,4,1,0.2125970504340788,0.9529845376189052,11,0
18,random,5,1,0.4051858005622036,0.6700148837757398,11,1
18,random,6,1,0.4051858005622036,0.6700148837757398,11,1
18,random,7,1,0.2125970504340788,0.9529845376189052,11,0
18,random,8,1,0.4051858005622036,0.6700148837757398,11,1
18,random,9,1,0.2125970504340788,0.9529845376189052,11,0
18,random,10,1,0.2125970504340788,0.9529845376189052,11,0
18,random,11,1,0.2125970504340788,0.9529845376189052,11,0
18,random,12,1,0.2125970504340788,0.9529845376189052,11,0
18,random,13,1,0.2125970504340788,0.9529845376189052,11,0
18,random,14,1,0.2125970504340788,0.9529845376189052,11,0
18,random,15,1,0.2125970504340788,0.9529845376189052,11,0
18,random,16,1,0.2125970504340788,0.9529845376189052,11,0
18,random,17,1,0.2125970504340788,0.9529845376189052,11,0
18,random,18,1,0.2125970504340788,0.9529845376189052,11,0
18,random,19,1,0.40722145021182826,0.7605470545967544,11,1
18,d_optimal,0,2,0.4051858005622036,0.6700148837757398,10,1
18,v_optimal,0,2,0.6206671057152242,0.4822169018067027,10,2
18,random,0,2,0.2125970504340788,0.9529845376189052,10,0
18,random,1,2,0.4280783555870995,0.765186555649868,10,1
18,random,2,2,0.39691155176470827,0.6639755633538552,10,1
18,random,3,2,0.39691155176470827,0.6639755633538552,10,1
18,random,4,2,0.40722145021182826,0.7605470545967544,10,1
18,random,5,2,0.2125970504340788,0.9529845376189052,10,0
18,random,6,2,0.4051858005622036,0.6700148837757398,10,1
18,random,7,2,0.2125970504340788,0.9529845376189052,10,0
18,random,8,2,0.2125970504340788,0.9529845376189052,10,0
18,random,9,2,0.40722145021182826,0.7605470545967544,10,1
18,random,10,2,0.2125970504340788,0.9529845376189052,10,0
18,random,11,2,0.622702755364849,0.5727490726277172,10,2
18,random,12,2,0.40722145021182826,0.7605470545967544,10,1
18,random,13,2,0.4280783555870995,0.765186555649868,10,1
18,random,14,2,0.2125970504340788,0.9529845376189052,10,0
18,random,15,2,0.6123928569177289,0.476177581384818,10,2
18,random,16,2,0.2125970504340788,0.9529845376189052,10,0
18,random,17,2,0.2125970504340788,0.9529845376189052,10,0
18,random,18,2,0.2125970504340788,0.9529845376189052,10,0
18,random,19,2,0.4280783555870995,0.765186555649868,10,1
18,d_optimal,0,4,0.40518580056253856,0.6700148837756554,8,1
18,v_optimal,0,4,0.9996060068236032,0.0007704445195019466,8,4
18,random,0,4,0.5915359515424577,0.4715380803317045,8,2
18,random,1,4,0.42807835558743446,0.7651865556497836,8,1
18,random,2,4,0.4072214502121632,0.76054705459667,8,1
18,random,3,4,0.21259705043441376,0.9529845376188207,8,0
18,random,4,4,0.6123928569177289,0.476177581384818,8,2
18,random,5,4,0.21259705043441376,0.9529845376188207,8,0
18,random,6,4,0.39691155176470827,0.6639755633538552,8,1
18,random,7,4,0.40518580056253856,0.6700148837756554,8,1
18,random,8,4,0.21259705043441376,0.9529845376188207,8,0
18,random,9,4,0.5998102003402881,0.47757740075350474,8,2
18,random,10,4,0.40518580056253856,0.6700148837756554,8,1
18,random,11,4,0.8152915054933088,0.2897794187844675,8,3
18,random,12,4,0.42807835558743446,0.7651865556497836,8,1
18,random,13,4,0.6123928569177289,0.476177581384818,8,2
18,random,14,4,0.42807835558743446,0.7651865556497836,8,1
18,random,15,4,0.6227027553651838,0.5727490726276329,8,2
18,random,16,4,0.5915359515424577,0.4715380803317045,8,2
18,random,17,4,0.39691155176470827,0.6639755633538552,8,1
18,random,18,4,0.5915359515424577,0.4715380803317045,8,2
18,random,19,4,0.42807835558743446,0.7651865556497836,8,1
18,d_optimal,0,8,0.6206671057163108,0.4822169018063552,4,2
18,v_optimal,0,8,0.9996060068236032,0.0007704445195019468,4,4
18,random,0,8,0.6206671057163108,0.4822169018063552,4,2
18,random,1,8,0.9996060068236032,0.0007704445195019468,4,4
18,random,2,8,0.8152915054940603,0.2897794187842045,4,3
18,random,3,8,0.4051858005632901,0.6700148837753924,4,1
18,random,4,8,0.9996060068236032,0.0007704445195019468,4,4
18,random,5,8,0.8049816070458538,0.19320792754165264,4,3
18,random,6,8,0.6206671057163108,0.4822169018063552,4,2
18,random,7,8,0.8070172566954785,0.28374009836266734,4,3
18,random,8,8,0.9996060068236032,0.0007704445195019468,4,4
18,random,9,8,0.8070172566954785,0.28374009836266734,4,3
18,random,10,8,0.6227027553659354,0.5727490726273698,4,2
18,random,11,8,0.8070172566954785,0.28374009836266734,4,3
18,random,12,8,0.612392856917729,0.476177581384818,4,2
18,random,13,8,0.5895003018928331,0.38100590951068986,4,2
18,random,14,8,0.9996060068236032,0.0007704445195019468,4,4
18,random,15,8,0.8049816070458538,0.19320792754165264,4,3
18,random,16,8,0.612392856917729,0.476177581384818,4,2
18,random,17,8,0.4051858005632901,0.6700148837753924,4,1
18,random,18,8,0.8070172566954785,0.28374009836266734,4,3
18,random,19,8,0.8152915054940603,0.2897794187842045,4,3
18,d_optimal,0,12,0.9996060068236032,0.000770444519501947,0,4
18,v_optimal,0,12,0.9996060068236032,0.000770444519501947,0,4
18,random,0,12,0.9996060068236032,0.000770444519501947,0,4
18,random,1,12,0.9996060068236032,0.000770444519501947,0,4
18,random,2,12,0.9996060068236032,0.000770444519501947,0,4
18,random,3,12,0.9996060068236032,0.000770444519501947,0,4
18,random,4,12,0.9996060068236032,0.000770444519501947,0,4
18,random,5,12,0.9996060068236032,0.000770444519501947,0,4
18,random,6,12,0.9996060068236032,0.000770444519501947,0,4
18,random,7,12,0.9996060068236032,0.000770444519501947,0,4
18,random,8,12,0.9996060068236032,0.000770444519501947,0,4
18,random,9,12,0.9996060068236032,0.000770444519501947,0,4
18,random,10,12,0.9996060068236032,0.000770444519501947,0,4
18,random,11,12,0.9996060068236032,0.000770444519501947,0,4
18,random,12,12,0.9996060068236032,0.000770444519501947,0,4
18,random,13,12,0.9996060068236032,0.000770444519501947,0,4
18,random,14,12,0.9996060068236032,0.000770444519501947,0,4
18,random,15,12,0.9996060068236032,0.000770444519501947,0,4
18,random,16,12,0.9996060068236032,0.000770444519501947,0,4
18,random,17,12,0.9996060068236032,0.000770444519501947,0,4
18,random,18,12,0.9996060068236032,0.000770444519501947,0,4
18,random,19,12,0.9996060068236032,0.000770444519501947,0,4
19,d_optimal,0,0,0.17817159404838412,0.9690594409466043,12,0
19,v_optimal,0,0,0.17817159404838412,0.9690594409466043,12,0
19,random,0,0,0.17817159404838412,0.9690594409466043,12,0
19,random,1,0,0.17817159404838412,0.9690594409466043,12,0
19,random,2,0,0.17817159404838412,0.9690594409466043,12,0
19,random,3,0,0.17817159404838412,0.9690594409466043,12,0
19,random,4,0,0.17817159404838412,0.9690594409466043,12,0
19,random,5,0,0.17817159404838412,0.9690594409466043,12,0
19,random,6,0,0.17817159404838412,0.9690594409466043,12,0
19,random,7,0,0.17817159404838412,0.9690594409466043,12,0
19,random,8,0,0.17817159404838412,0.9690594409466043,12,0
19,random,9,0,0.17817159404838412,0.9690594409466043,12,0
19,random,10,0,0.17817159404838412,0.9690594409466043,12,0
19,random,11,0,0.17817159404838412,0.9690594409466043,12,0
19,random,12,0,0.17817159404838412,0.9690594409466043,12,0
19,random,13,0,0.17817159404838412,0.9690594409466043,12,0
19,random,14,0,0.17817159404838412,0.9690594409466043,12,0
19,random,15,0,0.17817159404838412,0.9690594409466043,12,0
19,random,16,0,0.17817159404838412,0.9690594409466043,12,0
19,random,17,0,0.17817159404838412,0.9690594409466043,12,0
19,random,18,0,0.17817159404838412,0.9690594409466043,12,0
19,random,19,0,0.17817159404838412,0.9690594409466043,12,0
19,d_optimal,0,1,0.36651270162558497,0.7839242230812343,11,1
19,v_optimal,0,1,0.36651270162558497,0.7839242230812343,11,1
19,random,0,1,0.36653787279302164,0.7220034483916218,11,1
19,random,1,1,0.17817159404838412,0.9690594409466043,11,0
19,random,2,1,0.17817159404838412,0.9690594409466043,11,0
19,random,3,1,0.17817159404838412,0.9690594409466043,11,0
19,random,4,1,0.17817159404838412,0.9690594409466043,11,0
19,random,5,1,0.17817159404838412,0.9690594409466043,11,0
19,random,6,1,0.36653787279302164,0.7220034483916218,11,1
19,random,7,1,0.3739860502003677,0.7156142193469488,11,1
19,random,8,1,0.36651270162558497,0.7839242230812343,11,1
19,random,9,1,0.17817159404838412,0.9690594409466043,11,0
19,random,10,1,0.17817159404838412,0.9690594409466043,11,0
19,random,11,1,0.17817159404838412,0.9690594409466043,11,0
19,random,12,1,0.17817159404838412,0.9690594409466043,11,0
19,random,13,1,0.36653787279302164,0.7220034483916218,11,1
19,random,14,1,0.3739860502003677,0.7156142193469488,11,1
19,random,15,1,0.17817159404838412,0.9690594409466043,11,0
19,random,16,1,0.3739860502003677,0.7156142193469488,11,1
19,random,17,1,0.36651270162558497,0.7839242230812343,11,1
19,random,18,1,0.17817159404838412,0.9690594409466043,11,0
19,random,19,1,0.36651270162558497,0.7839242230812343,11,1
19,d_optimal,0,2,0.36651270162558497,0.7839242230812343,10,1
19,v_optimal,0,2,0.5623271577775686,0.5304790014815789,10,2
19,random,0,2,0.36653787279302164,0.7220034483916218,10,1
19,random,1,2,0.17817159404838412,0.9690594409466043,10,0
19,random,2,2,0.42713427385837066,0.6863212013180279,10,1
19,random,3,2,0.42713427385837066,0.6863212013180279,10,1
19,random,4,2,0.17817159404838412,0.9690594409466043,10,0
19,random,5,2,0.17817159404838412,0.9690594409466043,10,0
19,random,6,2,0.36653787279302164,0.7220034483916218,10,1
19,random,7,2,0.17817159404838412,0.9690594409466043,10,0
19,random,8,2,0.36651270162558497,0.7839242230812343,10,1
19,random,9,2,0.17817159404838412,0.9690594409466043,10,0
19,random,10,2,0.17817159404838412,0.9690594409466043,10,0
19,random,11,2,0.36653787279302164,0.7220034483916218,10,1
19,random,12,2,0.17817159404838412,0.9690594409466043,10,0
19,random,13,2,0.5623523289450052,0.4685582267919664,10,2
19,random,14,2,0.17817159404838412,0.9690594409466043,10,0
19,random,15,2,0.17817159404838412,0.9690594409466043,10,0
19,random,16,2,0.3739860502003677,0.7156142193469488,10,1
19,random,17,2,0.36651270162558497,0.7839242230812343,10,1
19,random,18,2,0.17817159404838412,0.9690594409466043,10,0
19,random,19,2,0.5623271577775686,0.5304790014815789,10,2
19,d_optimal,0,4,0.5623271577775686,0.5304790014815789,8,2
19,v_optimal,0,4,0.9996561163321926,0.0006847692980200108,8,4
19,random,0,4,0.36653787279302164,0.7220034483916218,8,1
19,random,1,4,0.6229487300103542,0.43287597971837255,8,2
19,random,2,4,0.36653787279302164,0.7220034483916218,8,1
19,random,3,4,0.17817159404838412,0.9690594409466043,8,0
19,random,4,4,0.42713427385837066,0.6863212013180279,8,1
19,random,5,4,0.5623523289450052,0.4685582267919664,8,2
19,random,6,4,0.3739860502003677,0.7156142193469488,8,1
19,random,7,4,0.36651270162558497,0.7839242230812343,8,1
19,random,8,4,0.36651270162558497,0.7839242230812343,8,1
19,random,9,4,0.5548789803702225,0.5368682305262519,8,2
19,random,10,4,0.36653787279302164,0.7220034483916218,8,1
19,random,11,4,0.17817159404838412,0.9690594409466043,8,0
19,random,12,4,0.3739860502003677,0.7156142193469488,8,1
19,random,13,4,0.17817159404838412,0.9690594409466043,8,0
19,random,14,4,0.5623523289450052,0.4685582267919664,8,2
19,random,15,4,0.5623523289450052,0.4685582267919664,8,2
19,random,16,4,0.6155005526030082,0.43926520876304537,8,2
19,random,17,4,0.8112898375875552,0.24774076185300253,8,3
19,random,18,4,0.6154753814355716,0.501185983452658,8,2
19,random,19,4,0.36651270162558497,0.7839242230812343,8,1
19,d_optimal,0,8,0.5623271577775686,0.5304790014815789,4,2
19,v_optimal,0,8,0.9996561163321926,0.0006847692980200108,4,4
19,random,0,8,0.8112898375875552,0.24774076185300253,4,3
19,random,1,8,0.9996561163321926,0.0006847692980200108,4,4
19,random,2,8,0.9996561163321926,0.0006847692980200108,4,4
19,random,3,8,0.6155005526030082,0.43926520876304537,4,2
19,random,4,8,0.8113150087549917,0.18581998716338996,4,3
19,random,5,8,0.7506934365222061,0.2834230089265964,4,3
19,random,6,8,0.6229487300103542,0.43287597971837255,4,2
19,random,7,8,0.803841660180209,0.25412999089767546,4,3
19,random,8,8,0.9996561163321926,0.0006847692980200108,4,4
19,random,9,8,0.7506934365222061,0.2834230089265964,4,3
19,random,10,8,0.5548789803702225,0.5368682305262519,4,2
19,random,11,8,0.6155005526030082,0.43926520876304537,4,2
19,random,12,8,0.36653787279302164,0.7220034483916218,4,1
19,random,13,8,0.42713427385837066,0.6863212013180279,4,1
19,random,14,8,0.803841660180209,0.25412999089767546,4,3
19,random,15,8,0.5623523289450052,0.4685582267919664,4,2
19,random,16,8,0.9996561163321926,0.0006847692980200108,4,4
19,random,17,8,0.5623271577775686,0.5304790014815789,4,2
19,random,18,8,0.803841660180209,0.25412999089767546,4,3
19,random,19,8,0.5623271577775686,0.5304790014815789,4,2
19,d_optimal,0,12,0.9996561163321926,0.0006847692980200108,0,4
19,v_optimal,0,12,0.9996561163321926,0.0006847692980200108,0,4
19,random,0,12,0.9996561163321926,0.0006847692980200108,0,4
19,random,1,12,0.9996561163321926,0.0006847692980200108,0,4
19,random,2,12,0.9996561163321926,0.0006847692980200108,0,4
19,random,3,12,0.9996561163321926,0.0006847692980200108,0,4
19,random,4,12,0.9996561163321926,0.0006847692980200108,0,4
19,random,5,12,0.9996561163321926,0.0006847692980200108,0,4
19,random,6,12,0.9996561163321926,0.0006847692980200108,0,4
19,random,7,12,0.9996561163321926,0.0006847692980200108,0,4
19,random,8,12,0.9996561163321926,0.0006847692980200108,0,4
19,random,9,12,0.9996561163321926,0.0006847692980200108,0,4
19,random,10,12,0.9996561163321926,0.0006847692980200108,0,4
19,random,11,12,0.9996561163321926,0.0006847692980200108,0,4
19,random,12,12,0.9996561163321926,0.0006847692980200108,0,4
19,random,13,12,0.9996561163321926,0.0006847692980200108,0,4
19,random,14,12,0.9996561163321926,0.0006847692980200108,0,4
19,random,15,12,0.9996561163321926,0.0006847692980200108,0,4
19,random,16,12,0.9996561163321926,0.0006847692980200108,0,4
19,random,17,12,0.9996561163321926,0.0006847692980200108,0,4
19,random,18,12,0.9996561163321926,0.0006847692980200108,0,4
19,random,19,12,0.9996561163321926,0.0006847692980200108,0,4
20,d_optimal,0,0,0.1691251947142718,0.9697250122299886,12,0
20,v_optimal,0,0,0.1691251947142718,0.9697250122299886,12,0
20,random,0,0,0.1691251947142718,0.9697250122299886,12,0
20,random,1,0,0.1691251947142718,0.9697250122299886,12,0
20,random,2,0,0.1691251947142718,0.9697250122299886,12,0
20,random,3,0,0.1691251947142718,0.9697250122299886,12,0
20,random,4,0,0.1691251947142718,0.9697250122299886,12,0
20,random,5,0,0.1691251947142718,0.9697250122299886,12,0
20,random,6,0,0.1691251947142718,0.9697250122299886,12,0
20,random,7,0,0.1691251947142718,0.9697250122299886,12,0
20,random,8,0,0.1691251947142718,0.9697250122299886,12,0
20,random,9,0,0.1691251947142718,0.9697250122299886,12,0
20,random,10,0,0.1691251947142718,0.9697250122299886,12,0
20,random,11,0,0.1691251947142718,0.9697250122299886,12,0
20,random,12,0,0.1691251947142718,0.9697250122299886,12,0
20,random,13,0,0.1691251947142718,0.9697250122299886,12,0
20,random,14,0,0.1691251947142718,0.9697250122299886,12,0
20,random,15,0,0.1691251947142718,0.9697250122299886,12,0
20,random,16,0,0.1691251947142718,0.9697250122299886,12,0
20,random,17,0,0.1691251947142718,0.9697250122299886,12,0
20,random,18,0,0.1691251947142718,0.9697250122299886,12,0
20,random,19,0,0.1691251947142718,0.9697250122299886,12,0
20,d_optimal,0,1,0.39156229320959507,0.7584966896383563,11,1
20,v_optimal,0,1,0.39156229320959507,0.7584966896383563,11,1
20,random,0,1,0.36355506020202155,0.7411848153099465,11,1
20,random,1,1,0.39156229320959507,0.7584966896383563,11,1
20,random,2,1,0.36355506020202155,0.7411848153099465,11,1
20,random,3,1,0.36355506020202155,0.7411848153099465,11,1
20,random,4,1,0.1691251947142718,0.9697250122299886,11,0
20,random,5,1,0.39156229320959507,0.7584966896383563,11,1
20,random,6,1,0.1691251947142718,0.9697250122299886,11,0
20,random,7,1,0.1691251947142718,0.9697250122299886,11,0
20,random,8,1,0.1691251947142718,0.9697250122299886,11,0
20,random,9,1,0.1691251947142718,0.9697250122299886,11,0
20,random,10,1,0.39156229320959507,0.7584966896383563,11,1
20,random,11,1,0.36355506020202155,0.7411848153099465,11,1
20,random,12,1,0.38883672543347936,0.6892168399285042,11,1
20,random,13,1,0.36355506020202155,0.7411848153099465,11,1
20,random,14,1,0.39156229320959507,0.7584966896383563,11,1
20,random,15,1,0.1691251947142718,0.9697250122299886,11,0
20,random,16,1,0.1691251947142718,0.9697250122299886,11,0
20,random,17,1,0.1691251947142718,0.9697250122299886,11,0
20,random,18,1,0.36355506020202155,0.7411848153099465,11,1
20,random,19,1,0.1691251947142718,0.9697250122299886,11,0
20,d_optimal,0,2,0.39156229320959507,0.7584966896383563,10,1
20,v_optimal,0,2,0.5854922449586898,0.509782299035537,10,2
20,random,0,2,0.38883672543347936,0.6892168399285042,10,1
20,random,1,2,0.5854922449586898,0.509782299035537,10,2
20,random,2,2,0.1691251947142718,0.9697250122299886,10,0
20,random,3,2,0.1691251947142718,0.9697250122299886,10,0
20,random,4,2,0.1691251947142718,0.9697250122299886,10,0
20,random,5,2,0.5574850119511163,0.4924704247071271,10,2
20,random,6,2,0.36355506020202155,0.7411848153099465,10,1
20,random,7,2,0.1691251947142718,0.9697250122299886,10,0
20,random,8,2,0.39156229320959507,0.7584966896383563,10,1
20,random,9,2,0.39156229320959507,0.7584966896383563,10,1
20,random,10,2,0.39156229320959507,0.7584966896383563,10,1
20,random,11,2,0.1691251947142718,0.9697250122299886,10,0
20,random,12,2,0.6112738239288027,0.4779885173368718,10,2
20,random,13,2,0.5574850119511163,0.4924704247071271,10,2
20,random,14,2,0.39156229320959507,0.7584966896383563,10,1
20,random,15,2,0.39156229320959507,0.7584966896383563,10,1
20,random,16,2,0.38883672543347936,0.6892168399285042,10,1
20,random,17,2,0.39156229320959507,0.7584966896383563,10,1
20,random,18,2,0.1691251947142718,0.9697250122299886,10,0
20,random,19,2,0.38883672543347936,0.6892168399285042,10,1
20,d_optimal,0,4,0.39156229320959507,0.7584966896383563,8,1
20,v_optimal,0,4,0.9996336411656471,0.0007339298140102431,8,4
20,random,0,4,0.36355506020202155,0.7411848153099465,8,1
20,random,1,4,0.8052037756778974,0.22927412673405245,8,3
20,random,2,4,0.36355506020202155,0.7411848153099465,8,1
20,random,3,4,0.39156229320959507,0.7584966896383563,8,1
20,random,4,4,0.5832665909212291,0.460676643008462,8,2
20,random,5,4,0.5827666771825741,0.44050244932568483,8,2
20,random,6,4,0.36355506020202155,0.7411848153099465,8,1
20,random,7,4,0.5832665909212291,0.460676643008462,8,2
20,random,8,4,0.6112738239288027,0.4779885173368718,8,2
20,random,9,4,0.39156229320959507,0.7584966896383563,8,1
20,random,10,4,0.5859921586973449,0.5299564927183141,8,2
20,random,11,4,0.39156229320959507,0.7584966896383563,8,1
20,random,12,4,0.5827666771825741,0.44050244932568483,8,2
20,random,13,4,0.3630551464633665,0.7210106216271692,8,1
20,random,14,4,0.7799221104464396,0.2812421021154947,8,3
20,random,15,4,0.8057036894165523,0.2494483204168296,8,3
20,random,16,4,0.39156229320959507,0.7584966896383563,8,1
20,random,17,4,0.39156229320959507,0.7584966896383563,8,1
20,random,18,4,0.3630551464633665,0.7210106216271692,8,1
20,random,19,4,0.38883672543347936,0.6892168399285042,8,1
20,d_optimal,0,8,0.5854922449586898,0.509782299035537,4,2
20,v_optimal,0,8,0.9996336411656471,0.0007339298140102431,4,4
20,random,0,8,0.5832665909212291,0.460676643008462,4,2
20,random,1,8,0.8052037756778974,0.22927412673405245,4,3
20,random,2,8,0.6112738239288027,0.4779885173368718,4,2
20,random,3,8,0.7771965426703238,0.21196225240564265,4,3
20,random,4,8,0.39156229320959507,0.7584966896383563,4,1
20,random,5,8,0.7771965426703238,0.21196225240564265,4,3
20,random,6,8,0.6112738239288027,0.4779885173368718,4,2
20,random,7,8,0.5832665909212291,0.460676643008462,4,2
20,random,8,8,0.9996336411656471,0.0007339298140102431,4,4
20,random,9,8,0.7799221104464396,0.2812421021154947,4,3
20,random,10,8,0.5574850119511163,0.4924704247071271,4,2
20,random,11,8,0.8052037756778974,0.22927412673405245,4,3
20,random,12,8,0.7771965426703238,0.21196225240564265,4,3
20,random,13,8,0.5854922449586898,0.509782299035537,4,2
20,random,14,8,0.5827666771825741,0.44050244932568483,4,2
20,random,15,8,0.7799221104464396,0.2812421021154947,4,3
20,random,16,8,0.9996336411656471,0.0007339298140102431,4,4
20,random,17,8,0.9996336411656471,0.0007339298140102431,4,4
20,random,18,8,0.8052037756778974,0.22927412673405245,4,3
20,random,19,8,0.7771965426703238,0.21196225240564265,4,3
20,d_optimal,0,12,0.9996336411656471,0.0007339298140102431,0,4
20,v_optimal,0,12,0.9996336411656471,0.0007339298140102431,0,4
20,random,0,12,0.9996336411656471,0.0007339298140102431,0,4
20,random,1,12,0.9996336411656471,0.0007339298140102431,0,4
20,random,2,12,0.9996336411656471,0.0007339298140102431,0,4
20,random,3,12,0.9996336411656471,0.0007339298140102431,0,4
20,random,4,12,0.9996336411656471,0.0007339298140102431,0,4
20,random,5,12,0.9996336411656471,0.0007339298140102431,0,4
20,random,6,12,0.9996336411656471,0.0007339298140102431,0,4
20,random,7,12,0.9996336411656471,0.0007339298140102431,0,4
20,random,8,12,0.9996336411656471,0.0007339298140102431,0,4
20,random,9,12,0.9996336411656471,0.0007339298140102431,0,4
20,random,10,12,0.9996336411656471,0.0007339298140102431,0,4
20,random,11,12,0.9996336411656471,0.0007339298140102431,0,4
20,random,12,12,0.9996336411656471,0.0007339298140102431,0,4
20,random,13,12,0.9996336411656471,0.0007339298140102431,0,4
20,random,14,12,0.9996336411656471,0.0007339298140102431,0,4
20,random,15,12,0.9996336411656471,0.0007339298140102431,0,4
20,random,16,12,0.9996336411656471,0.0007339298140102431,0,4
20,random,17,12,0.9996336411656471,0.0007339298140102431,0,4
20,random,18,12,0.9996336411656471,0.0007339298140102431,0,4
20,random,19,12,0.9996336411656471,0.0007339298140102431,0,4
21,d_optimal,0,0,0.2170593592852772,0.9549123852594517,12,0
21,v_optimal,0,0,0.2170593592852772,0.9549123852594517,12,0
21,random,0,0,0.2170593592852772,0.9549123852594517,12,0
21,random,1,0,0.2170593592852772,0.9549123852594517,12,0
21,random,2,0,0.2170593592852772,0.9549123852594517,12,0
21,random,3,0,0.2170593592852772,0.9549123852594517,12,0
21,random,4,0,0.2170593592852772,0.9549123852594517,12,0
21,random,5,0,0.2170593592852772,0.9549123852594517,12,0
21,random,6,0,0.2170593592852772,0.9549123852594517,12,0
21,random,7,0,0.2170593592852772,0.9549123852594517,12,0
21,random,8,0,0.2170593592852772,0.9549123852594517,12,0
21,random,9,0,0.2170593592852772,0.9549123852594517,12,0
21,random,10,0,0.2170593592852772,0.9549123852594517,12,0
21,random,11,0,0.2170593592852772,0.9549123852594517,12,0
21,random,12,0,0.2170593592852772,0.9549123852594517,12,0
21,random,13,0,0.2170593592852772,0.9549123852594517,12,0
21,random,14,0,0.2170593592852772,0.9549123852594517,12,0
21,random,15,0,0.2170593592852772,0.9549123852594517,12,0
21,random,16,0,0.2170593592852772,0.9549123852594517,12,0
21,random,17,0,0.2170593592852772,0.9549123852594517,12,0
21,random,18,0,0.2170593592852772,0.9549123852594517,12,0
21,random,19,0,0.2170593592852772,0.9549123852594517,12,0
21,d_optimal,0,1,0.40090865146210386,0.756145826774804,11,1
21,v_optimal,0,1,0.418200200596741,0.763162558521289,11,1
21,random,0,1,0.2170593592852772,0.9549123852594517,11,0
21,random,1,1,0.2170593592852772,0.9549123852594517,11,0
21,random,2,1,0.418200200596741,0.763162558521289,11,1
21,random,3,1,0.2170593592852772,0.9549123852594517,11,0
21,random,4,1,0.418200200596741,0.763162558521289,11,1
21,random,5,1,0.40090865146210386,0.756145826774804,11,1
21,random,6,1,0.2170593592852772,0.9549123852594517,11,0
21,random,7,1,0.418200200596741,0.763162558521289,11,1
21,random,8,1,0.2170593592852772,0.9549123852594517,11,0
21,random,9,1,0.2170593592852772,0.9549123852594517,11,0
21,random,10,1,0.42771649462745764,0.6866423282396531,11,1
21,random,11,1,0.2170593592852772,0.9549123852594517,11,0
21,random,12,1,0.40394292001614496,0.6595848560824893,11,1
21,random,13,1,0.40090865146210386,0.756145826774804,11,1
21,random,14,1,0.2170593592852772,0.9549123852594517,11,0
21,random,15,1,0.418200200596741,0.763162558521289,11,1
21,random,16,1,0.2170593592852772,0.9549123852594517,11,0
21,random,17,1,0.2170593592852772,0.9549123852594517,11,0
21,random,18,1,0.2170593592852772,0.9549123852594517,11,0
21,random,19,1,0.2170593592852772,0.9549123852594517,11,0
21,d_optimal,0,2,0.40090865146210386,0.756145826774804,10,1
21,v_optimal,0,2,0.6020494927735677,0.5643960000366414,10,2
21,random,0,2,0.2170593592852772,0.9549123852594517,10,0
21,random,1,2,0.40394292001614496,0.6595848560824893,10,1
21,random,2,2,0.418200200596741,0.763162558521289,10,1
21,random,3,2,0.40090865146210386,0.756145826774804,10,1
21,random,4,2,0.2170593592852772,0.9549123852594517,10,0
21,random,5,2,0.40090865146210386,0.756145826774804,10,1
21,random,6,2,0.2170593592852772,0.9549123852594517,10,0
21,random,7,2,0.2170593592852772,0.9549123852594517,10,0
21,random,8,2,0.2170593592852772,0.9549123852594517,10,0
21,random,9,2,0.42771649462745764,0.6866423282396531,10,1
21,random,10,2,0.2170593592852772,0.9549123852594517,10,0
21,random,11,2,0.2170593592852772,0.9549123852594517,10,0
21,random,12,2,0.40394292001614496,0.6595848560824893,10,1
21,random,13,2,0.5877922121929715,0.4608182975978417,10,2
21,random,14,2,0.2170593592852772,0.9549123852594517,10,0
21,random,15,2,0.418200200596741,0.763162558521289,10,1
21,random,16,2,0.2170593592852772,0.9549123852594517,10,0
21,random,17,2,0.418200200596741,0.763162558521289,10,1
21,random,18,2,0.42771649462745764,0.6866423282396531,10,1
21,random,19,2,0.40394292001614496,0.6595848560824893,10,1
21,d_optimal,0,4,0.6020494927735677,0.5643960000366414,8,2
21,v_optimal,0,4,0.9995901888466159,0.0007984138398804962,8,4
21,random,0,4,0.418200200596741,0.763162558521289,8,1
21,random,1,4,0.9995901888466159,0.0007984138398804962,8,4
21,random,2,4,0.42771649462745764,0.6866423282396531,8,1
21,random,3,4,0.798449347535152,0.19254824057804315,8,3
21,random,4,4,0.2170593592852772,0.9549123852594517,8,0
21,random,5,4,0.6020494927735677,0.5643960000366414,8,2
21,random,6,4,0.42771649462745764,0.6866423282396531,8,1
21,random,7,4,0.418200200596741,0.763162558521289,8,1
21,random,8,4,0.42771649462745764,0.6866423282396531,8,1
21,random,9,4,0.6288573359389215,0.49489250150149033,8,2
21,random,10,4,0.5877922121929715,0.4608182975978417,8,2
21,random,11,4,0.6288573359389215,0.49489250150149033,8,2
21,random,12,4,0.418200200596741,0.763162558521289,8,1
21,random,13,4,0.7889330535044354,0.26906847085967905,8,3
21,random,14,4,0.42771649462745764,0.6866423282396531,8,1
21,random,15,4,0.6050837613276088,0.46783502934432664,8,2
21,random,16,4,0.6146000553583253,0.39131479906269073,8,2
21,random,17,4,0.2170593592852772,0.9549123852594517,8,0
21,random,18,4,0.2170593592852772,0.9549123852594517,8,0
21,random,19,4,0.6288573359389215,0.49489250150149033,8,2
21,d_optimal,0,8,0.6020494927735677,0.5643960000366414,4,2
21,v_optimal,0,8,0.9995901888466159,0.0007984138398804962,4,4
21,random,0,8,0.6050837613276088,0.46783502934432664,4,2
21,random,1,8,0.6020494927735677,0.5643960000366414,4,2
21,random,2,8,0.8157408966697892,0.19956497232452805,4,3
21,random,3,8,0.798449347535152,0.19254824057804315,4,3
21,random,4,8,0.9995901888466159,0.0007984138398804962,4,4
21,random,5,8,0.9995901888466159,0.0007984138398804962,4,4
21,random,6,8,0.6050837613276088,0.46783502934432664,4,2
21,random,7,8,0.8157408966697892,0.19956497232452805,4,3
21,random,8,8,0.8157408966697892,0.19956497232452805,4,3
21,random,9,8,0.8127066281157481,0.2961259430168428,4,3
21,random,10,8,0.8127066281157481,0.2961259430168428,4,3
21,random,11,8,0.8157408966697892,0.19956497232452805,4,3
21,random,12,8,0.798449347535152,0.19254824057804315,4,3
21,random,13,8,0.6020494927735677,0.5643960000366414,4,2
21,random,14,8,0.7889330535044354,0.26906847085967905,4,3
21,random,15,8,0.6288573359389215,0.49489250150149033,4,2
21,random,16,8,0.8127066281157481,0.2961259430168428,4,3
21,random,17,8,0.798449347535152,0.19254824057804315,4,3
21,random,18,8,0.798449347535152,0.19254824057804315,4,3
21,random,19,8,0.7889330535044354,0.26906847085967905,4,3
21,d_optimal,0,12,0.9995901888466159,0.0007984138398804962,0,4
21,v_optimal,0,12,0.9995901888466159,0.0007984138398804962,0,4
21,random,0,12,0.9995901888466159,0.0007984138398804962,0,4
21,random,1,12,0.9995901888466159,0.0007984138398804962,0,4
21,random,2,12,0.9995901888466159,0.0007984138398804962,0,4
21,random,3,12,0.9995901888466159,0.0007984138398804962,0,4
21,random,4,12,0.9995901888466159,0.0007984138398804962,0,4
21,random,5,12,0.9995901888466159,0.0007984138398804962,0,4
21,random,6,12,0.9995901888466159,0.0007984138398804962,0,4
21,random,7,12,0.9995901888466159,0.0007984138398804962,0,4
21,random,8,12,0.9995901888466159,0.0007984138398804962,0,4
21,random,9,12,0.9995901888466159,0.0007984138398804962,0,4
21,random,10,12,0.9995901888466159,0.0007984138398804962,0,4
21,random,11,12,0.9995901888466159,0.0007984138398804962,0,4
21,random,12,12,0.9995901888466159,0.0007984138398804962,0,4
21,random,13,12,0.9995901888466159,0.0007984138398804962,0,4
21,random,14,12,0.9995901888466159,0.0007984138398804962,0,4
21,random,15,12,0.9995901888466159,0.0007984138398804962,0,4
21,random,16,12,0.9995901888466159,0.0007984138398804962,0,4
21,random,17,12,0.9995901888466159,0.0007984138398804962,0,4
21,random,18,12,0.9995901888466159,0.0007984138398804962,0,4
21,random,19,12,0.9995901888466159,0.0007984138398804962,0,4
22,d_optimal,0,0,0.2633144019327227,0.9417548999008188,12,0
22,v_optimal,0,0,0.2633144019327227,0.9417548999008188,12,0
22,random,0,0,0.2633144019327227,0.9417548999008188,12,0
22,random,1,0,0.2633144019327227,0.9417548999008188,12,0
22,random,2,0,0.2633144019327227,0.9417548999008188,12,0
22,random,3,0,0.2633144019327227,0.9417548999008188,12,0
22,random,4,0,0.2633144019327227,0.9417548999008188,12,0
22,random,5,0,0.2633144019327227,0.9417548999008188,12,0
22,random,6,0,0.2633144019327227,0.9417548999008188,12,0
22,random,7,0,0.2633144019327227,0.9417548999008188,12,0
22,random,8,0,0.2633144019327227,0.9417548999008188,12,0
22,random,9,0,0.2633144019327227,0.9417548999008188,12,0
22,random,10,0,0.2633144019327227,0.9417548999008188,12,0
22,random,11,0,0.2633144019327227,0.9417548999008188,12,0
22,random,12,0,0.2633144019327227,0.9417548999008188,12,0
22,random,13,0,0.2633144019327227,0.9417548999008188,12,0
22,random,14,0,0.2633144019327227,0.9417548999008188,12,0
22,random,15,0,0.2633144019327227,0.9417548999008188,12,0
22,random,16,0,0.2633144019327227,0.9417548999008188,12,0
22,random,17,0,0.2633144019327227,0.9417548999008188,12,0
22,random,18,0,0.2633144019327227,0.9417548999008188,12,0
22,random,19,0,0.2633144019327227,0.9417548999008188,12,0
22,d_optimal,0,1,0.2633144019327227,0.9417548999008188,11,0
22,v_optimal,0,1,0.4220818185562215,0.7660814874605486,11,1
22,random,0,1,0.2633144019327227,0.9417548999008188,11,0
22,random,1,1,0.2633144019327227,0.9417548999008188,11,0
22,random,2,1,0.4220818185562215,0.7660814874605486,11,1
22,random,3,1,0.2633144019327227,0.9417548999008188,11,0
22,random,4,1,0.44616556042157873,0.7257882876387162,11,1
22,random,5,1,0.44616556042157873,0.7257882876387162,11,1
22,random,6,1,0.2633144019327227,0.9417548999008188,11,0
22,random,7,1,0.2633144019327227,0.9417548999008188,11,0
22,random,8,1,0.44616556042157873,0.7257882876387162,11,1
22,random,9,1,0.2633144019327227,0.9417548999008188,11,0
22,random,10,1,0.2633144019327227,0.9417548999008188,11,0
22,random,11,1,0.2633144019327227,0.9417548999008188,11,0
22,random,12,1,0.4220818185562215,0.7660814874605486,11,1
22,random,13,1,0.2633144019327227,0.9417548999008188,11,0
22,random,14,1,0.2633144019327227,0.9417548999008188,11,0
22,random,15,1,0.2633144019327227,0.9417548999008188,11,0
22,random,16,1,0.4220818185562215,0.7660814874605486,11,1
22,random,17,1,0.4220818185562215,0.7660814874605486,11,1
22,random,18,1,0.2633144019327227,0.9417548999008188,11,0
22,random,19,1,0.2633144019327227,0.9417548999008188,11,0
22,d_optimal,0,2,0.2633144019327227,0.9417548999008188,10,0
22,v_optimal,0,2,0.6251174092213687,0.42070410414970827,10,2
22,random,0,2,0.4220818185562215,0.7660814874605486,10,1
22,random,1,2,0.2633144019327227,0.9417548999008188,10,0
22,random,2,2,0.6137436619039492,0.562045858581109,10,2
22,random,3,2,0.2633144019327227,0.9417548999008188,10,0
22,random,4,2,0.44616556042157873,0.7257882876387162,10,1
22,random,5,2,0.44616556042157873,0.7257882876387162,10,1
22,random,6,2,0.2633144019327227,0.9417548999008188,10,0
22,random,7,2,0.44616556042157873,0.7257882876387162,10,1
22,random,8,2,0.44616556042157873,0.7257882876387162,10,1
22,random,9,2,0.2633144019327227,0.9417548999008188,10,0
22,random,10,2,0.45497624528045044,0.7377192710213791,10,1
22,random,11,2,0.2633144019327227,0.9417548999008188,10,0
22,random,12,2,0.46634999259786986,0.5963775165899784,10,1
22,random,13,2,0.4220818185562215,0.7660814874605486,10,1
22,random,14,2,0.4220818185562215,0.7660814874605486,10,1
22,random,15,2,0.2633144019327227,0.9417548999008188,10,0
22,random,16,2,0.46634999259786986,0.5963775165899784,10,1
22,random,17,2,0.46634999259786986,0.5963775165899784,10,1
22,random,18,2,0.2633144019327227,0.9417548999008188,10,0
22,random,19,2,0.2633144019327227,0.9417548999008188,10,0
22,d_optimal,0,4,0.6251174092213687,0.42070410414970827,8,2
22,v_optimal,0,4,0.9996304110579524,0.0007018630081660391,8,4
22,random,0,4,0.46634999259786986,0.5963775165899784,8,1
22,random,1,4,0.4220818185562215,0.7660814874605486,8,1
22,random,2,4,0.44616556042157873,0.7257882876387162,8,1
22,random,3,4,0.6580118359455975,0.39234188771053874,8,2
22,random,4,4,0.2633144019327227,0.9417548999008188,8,0
22,random,5,4,0.2633144019327227,0.9417548999008188,8,0
22,random,6,4,0.46634999259786986,0.5963775165899784,8,1
22,random,7,4,0.45497624528045044,0.7377192710213791,8,1
22,random,8,4,0.46634999259786986,0.5963775165899784,8,1
22,random,9,4,0.2633144019327227,0.9417548999008188,8,0
22,random,10,4,0.9996304110579524,0.0007018630081660391,8,4
22,random,11,4,0.8167792525690964,0.21666847527026858,8,3
22,random,12,4,0.6049329770450775,0.550114875198446,8,2
22,random,13,4,0.6492011510867258,0.3804109043278757,8,2
22,random,14,4,0.6492011510867258,0.3804109043278757,8,2
22,random,15,4,0.6049329770450775,0.550114875198446,8,2
22,random,16,4,0.6049329770450775,0.550114875198446,8,2
22,random,17,4,0.6049329770450775,0.550114875198446,8,2
22,random,18,4,0.6251174092213687,0.42070410414970827,8,2
22,random,19,4,0.6580118359455975,0.39234188771053874,8,2
22,d_optimal,0,8,0.8079685677102246,0.20473749188760565,4,3
22,v_optimal,0,8,0.9996304110579524,0.0007018630081660391,4,4
22,random,0,8,0.7965948203928053,0.3460792463190064,4,3
22,random,1,8,0.8408629944344536,0.17637527544843612,4,3
22,random,2,8,0.6049329770450775,0.550114875198446,4,2
22,random,3,8,0.6580118359455975,0.39234188771053874,4,2
22,random,4,8,0.9996304110579524,0.0007018630081660391,4,4
22,random,5,8,0.9996304110579524,0.0007018630081660391,4,4
22,random,6,8,0.6049329770450775,0.550114875198446,4,2
22,random,7,8,0.9996304110579524,0.0007018630081660391,4,4
22,random,8,8,0.7965948203928053,0.3460792463190064,4,3
22,random,9,8,0.6049329770450775,0.550114875198446,4,2
22,random,10,8,0.8408629944344536,0.17637527544843612,4,3
22,random,11,8,0.8167792525690964,0.21666847527026858,4,3
22,random,12,8,0.4220818185562215,0.7660814874605486,4,1
22,random,13,8,0.8167792525690964,0.21666847527026858,4,3
22,random,14,8,0.8079685677102246,0.20473749188760565,4,3
22,random,15,8,0.8079685677102246,0.20473749188760565,4,3
22,random,16,8,0.8167792525690964,0.21666847527026858,4,3
22,random,17,8,0.7965948203928053,0.3460792463190064,4,3
22,random,18,8,0.6492011510867258,0.3804109043278757,4,2
22,random,19,8,0.7965948203928053,0.3460792463190064,4,3
22,d_optimal,0,12,0.9996304110579524,0.0007018630081660391,0,4
22,v_optimal,0,12,0.9996304110579524,0.0007018630081660391,0,4
22,random,0,12,0.9996304110579524,0.0007018630081660391,0,4
22,random,1,12,0.9996304110579524,0.0007018630081660391,0,4
22,random,2,12,0.9996304110579524,0.0007018630081660391,0,4
22,random,3,12,0.9996304110579524,0.0007018630081660391,0,4
22,random,4,12,0.9996304110579524,0.0007018630081660391,0,4
22,random,5,12,0.9996304110579524,0.0007018630081660391,0,4
22,random,6,12,0.9996304110579524,0.0007018630081660391,0,4
22,random,7,12,0.9996304110579524,0.0007018630081660391,0,4
22,random,8,12,0.9996304110579524,0.0007018630081660391,0,4
22,random,9,12,0.9996304110579524,0.0007018630081660391,0,4
22,random,10,12,0.9996304110579524,0.0007018630081660391,0,4
22,random,11,12,0.9996304110579524,0.0007018630081660391,0,4
22,random,12,12,0.9996304110579524,0.0007018630081660391,0,4
22,random,13,12,0.9996304110579524,0.0007018630081660391,0,4
22,random,14,12,0.9996304110579524,0.0007018630081660391,0,4
22,random,15,12,0.9996304110579524,0.0007018630081660391,0,4
22,random,16,12,0.9996304110579524,0.0007018630081660391,0,4
22,random,17,12,0.9996304110579524,0.0007018630081660391,0,4
22,random,18,12,0.9996304110579524,0.0007018630081660391,0,4
22,random,19,12,0.9996304110579524,0.0007018630081660391,0,4
23,d_optimal,0,0,0.18380135021170993,0.9669882394940001,12,0
23,v_optimal,0,0,0.18380135021170993,0.9669882394940001,12,0
23,random,0,0,0.18380135021170993,0.9669882394940001,12,0
23,random,1,0,0.18380135021170993,0.9669882394940001,12,0
23,random,2,0,0.18380135021170993,0.9669882394940001,12,0
23,random,3,0,0.18380135021170993,0.9669882394940001,12,0
23,random,4,0,0.18380135021170993,0.9669882394940001,12,0
23,random,5,0,0.18380135021170993,0.9669882394940001,12,0
23,random,6,0,0.18380135021170993,0.9669882394940001,12,0
23,random,7,0,0.18380135021170993,0.9669882394940001,12,0
23,random,8,0,0.18380135021170993,0.9669882394940001,12,0
23,random,9,0,0.18380135021170993,0.9669882394940001,12,0
23,random,10,0,0.18380135021170993,0.9669882394940001,12,0
23,random,11,0,0.18380135021170993,0.9669882394940001,12,0
23,random,12,0,0.18380135021170993,0.9669882394940001,12,0
23,random,13,0,0.18380135021170993,0.9669882394940001,12,0
23,random,14,0,0.18380135021170993,0.9669882394940001,12,0
23,random,15,0,0.18380135021170993,0.9669882394940001,12,0
23,random,16,0,0.18380135021170993,0.9669882394940001,12,0
23,random,17,0,0.18380135021170993,0.9669882394940001,12,0
23,random,18,0,0.18380135021170993,0.9669882394940001,12,0
23,random,19,0,0.18380135021170993,0.9669882394940001,12,0
23,d_optimal,0,1,0.18380135021170993,0.9669882394940001,11,0
23,v_optimal,0,1,0.39162357542020204,0.7735528713045231,11,1
23,random,0,1,0.18380135021170993,0.9669882394940001,11,0
23,random,1,1,0.18380135021170993,0.9669882394940001,11,0
23,random,2,1,0.18380135021170993,0.9669882394940001,11,0
23,random,3,1,0.39162357542020204,0.7735528713045231,11,1
23,random,4,1,0.18380135021170993,0.9669882394940001,11,0
23,random,5,1,0.18380135021170993,0.9669882394940001,11,0
23,random,6,1,0.18380135021170993,0.9669882394940001,11,0
23,random,7,1,0.18380135021170993,0.9669882394940001,11,0
23,random,8,1,0.18380135021170993,0.9669882394940001,11,0
23,random,9,1,0.39004884412424806,0.7523551040564928,11,1
23,random,10,1,0.18380135021170993,0.9669882394940001,11,0
23,random,11,1,0.18380135021170993,0.9669882394940001,11,0
23,random,12,1,0.18380135021170993,0.9669882394940001,11,0
23,random,13,1,0.18380135021170993,0.9669882394940001,11,0
23,random,14,1,0.18380135021170993,0.9669882394940001,11,0
23,random,15,1,0.37361165778981054,0.6839277363435845,11,1
23,random,16,1,0.18380135021170993,0.9669882394940001,11,0
23,random,17,1,0.18380135021170993,0.9669882394940001,11,0
23,random,18,1,0.18380135021170993,0.9669882394940001,11,0
23,random,19,1,0.18380135021170993,0.9669882394940001,11,0
23,d_optimal,0,2,0.39162357542020204,0.7735528713045231,10,1
23,v_optimal,0,2,0.5978710693327403,0.5589197358670156,10,2
23,random,0,2,0.39004884412424806,0.7523551040564928,10,1
23,random,1,2,0.39574628175231175,0.6918795694296633,10,1
23,random,2,2,0.18380135021170993,0.9669882394940001,10,0
23,random,3,2,0.5798591517023487,0.469294600906077,10,2
23,random,4,2,0.18380135021170993,0.9669882394940001,10,0
23,random,5,2,0.39004884412424806,0.7523551040564928,10,1
23,random,6,2,0.39574628175231175,0.6918795694296633,10,1
23,random,7,2,0.39004884412424806,0.7523551040564928,10,1
23,random,8,2,0.39574628175231175,0.6918795694296633,10,1
23,random,9,2,0.39004884412424806,0.7523551040564928,10,1
23,random,10,2,0.18380135021170993,0.9669882394940001,10,0
23,random,11,2,0.5855565893304124,0.4088190662792476,10,2
23,random,12,2,0.39574628175231175,0.6918795694296633,10,1
23,random,13,2,0.39004884412424806,0.7523551040564928,10,1
23,random,14,2,0.18380135021170993,0.9669882394940001,10,0
23,random,15,2,0.5814338829983027,0.49049236815410735,10,2
23,random,16,2,0.18380135021170993,0.9669882394940001,10,0
23,random,17,2,0.18380135021170993,0.9669882394940001,10,0
23,random,18,2,0.18380135021170993,0.9669882394940001,10,0
23,random,19,2,0.18380135021170993,0.9669882394940001,10,0
23,d_optimal,0,4,0.5978710693327403,0.5589197358670156,8,2
23,v_optimal,0,4,0.9996263084514427,0.000750562652263057,8,4
23,random,0,4,0.6019937756648499,0.4772464339921559,8,2
23,random,1,4,0.5978710693327403,0.5589197358670156,8,2
23,random,2,4,0.5855565893304124,0.4088190662792476,8,2
23,random,3,4,0.7918040832429505,0.1941859308417402,8,3
23,random,4,4,0.6035685069608039,0.4984442012401861,8,2
23,random,5,4,0.39004884412424806,0.7523551040564928,8,1
23,random,6,4,0.39574628175231175,0.6918795694296633,8,1
23,random,7,4,0.5978710693327403,0.5589197358670156,8,2
23,random,8,4,0.6035685069608039,0.4984442012401861,8,2
23,random,9,4,0.39162357542020204,0.7735528713045231,8,1
23,random,10,4,0.18380135021170993,0.9669882394940001,8,0
23,random,11,4,0.5855565893304124,0.4088190662792476,8,2
23,random,12,4,0.18380135021170993,0.9669882394940001,8,0
23,random,13,4,0.39162357542020204,0.7735528713045231,8,1
23,random,14,4,0.5978710693327403,0.5589197358670156,8,2
23,random,15,4,0.7933788145389045,0.21538369808977045,8,3
23,random,16,4,0.18380135021170993,0.9669882394940001,8,0
23,random,17,4,0.39574628175231175,0.6918795694296633,8,1
23,random,18,4,0.39574628175231175,0.6918795694296633,8,1
23,random,19,4,0.39162357542020204,0.7735528713045231,8,1
23,d_optimal,0,8,0.5978710693327403,0.5589197358670156,4,2
23,v_optimal,0,8,0.9996263084514427,0.000750562652263057,4,4
23,random,0,8,0.5855565893304124,0.4088190662792476,4,2
23,random,1,8,0.7933788145389045,0.21538369808977045,4,3
23,random,2,8,0.9996263084514427,0.000750562652263057,4,4
23,random,3,8,0.7933788145389045,0.21538369808977045,4,3
23,random,4,8,0.5855565893304124,0.4088190662792476,4,2
23,random,5,8,0.7876813769108408,0.2758592327165999,4,3
23,random,6,8,0.39574628175231175,0.6918795694296633,4,1
23,random,7,8,0.7918040832429505,0.1941859308417402,4,3
23,random,8,8,0.7918040832429505,0.1941859308417402,4,3
23,random,9,8,0.7876813769108408,0.2758592327165999,4,3
23,random,10,8,0.6035685069608039,0.4984442012401861,4,2
23,random,11,8,0.5978710693327403,0.5589197358670156,4,2
23,random,12,8,0.809816000873342,0.28381106580267873,4,3
23,random,13,8,0.7933788145389045,0.21538369808977045,4,3
23,random,14,8,0.9996263084514427,0.000750562652263057,4,4
23,random,15,8,0.5855565893304124,0.4088190662792476,4,2
23,random,16,8,0.809816000873342,0.28381106580267873,4,3
23,random,17,8,0.9996263084514427,0.000750562652263057,4,4
23,random,18,8,0.9996263084514427,0.000750562652263057,4,4
23,random,19,8,0.7876813769108408,0.2758592327165999,4,3
23,d_optimal,0,12,0.9996263084514427,0.000750562652263057,0,4
23,v_optimal,0,12,0.9996263084514427,0.000750562652263057,0,4
23,random,0,12,0.9996263084514427,0.000750562652263057,0,4
23,random,1,12,0.9996263084514427,0.000750562652263057,0,4
23,random,2,12,0.9996263084514427,0.000750562652263057,0,4
23,random,3,12,0.9996263084514427,0.000750562652263057,0,4
23,random,4,12,0.9996263084514427,0.000750562652263057,0,4
23,random,5,12,0.9996263084514427,0.000750562652263057,0,4
23,random,6,12,0.9996263084514427,0.000750562652263057,0,4
23,random,7,12,0.9996263084514427,0.000750562652263057,0,4
23,random,8,12,0.9996263084514427,0.000750562652263057,0,4
23,random,9,12,0.9996263084514427,0.000750562652263057,0,4
23,random,10,12,0.9996263084514427,0.000750562652263057,0,4
23,random,11,12,0.9996263084514427,0.000750562652263057,0,4
23,random,12,12,0.9996263084514427,0.000750562652263057,0,4
23,random,13,12,0.9996263084514427,0.000750562652263057,0,4
23,random,14,12,0.9996263084514427,0.000750562652263057,0,4
23,random,15,12,0.9996263084514427,0.000750562652263057,0,4
23,random,16,12,0.9996263084514427,0.000750562652263057,0,4
23,random,17,12,0.9996263084514427,0.000750562652263057,0,4
23,random,18,12,0.9996263084514427,0.000750562652263057,0,4
23,random,19,12,0.9996263084514427,0.000750562652263057,0,4
24,d_optimal,0,0,0.17322507920085545,0.9691664628950776,12,0
24,v_optimal,0,0,0.17322507920085545,0.9691664628950776,12,0
24,random,0,0,0.17322507920085545,0.9691664628950776,12,0
24,random,1,0,0.17322507920085545,0.9691664628950776,12,0
24,random,2,0,0.17322507920085545,0.9691664628950776,12,0
24,random,3,0,0.17322507920085545,0.9691664628950776,12,0
24,random,4,0,0.17322507920085545,0.9691664628950776,12,0
24,random,5,0,0.17322507920085545,0.9691664628950776,12,0
24,random,6,0,0.17322507920085545,0.9691664628950776,12,0
24,random,7,0,0.17322507920085545,0.9691664628950776,12,0
24,random,8,0,0.17322507920085545,0.9691664628950776,12,0
24,random,9,0,0.17322507920085545,0.9691664628950776,12,0
24,random,10,0,0.17322507920085545,0.9691664628950776,12,0
24,random,11,0,0.17322507920085545,0.9691664628950776,12,0
24,random,12,0,0.17322507920085545,0.9691664628950776,12,0
24,random,13,0,0.17322507920085545,0.9691664628950776,12,0
24,random,14,0,0.17322507920085545,0.9691664628950776,12,0
24,random,15,0,0.17322507920085545,0.9691664628950776,12,0
24,random,16,0,0.17322507920085545,0.9691664628950776,12,0
24,random,17,0,0.17322507920085545,0.9691664628950776,12,0
24,random,18,0,0.17322507920085545,0.9691664628950776,12,0
24,random,19,0,0.17322507920085545,0.9691664628950776,12,0
24,d_optimal,0,1,0.3492714224698319,0.738402404730443,11,1
24,v_optimal,0,1,0.3492714224698319,0.738402404730443,11,1
24,random,0,1,0.17322507920269892,0.9691664628943948,11,0
24,random,1,1,0.3492714224698319,0.738402404730443,11,1
24,random,2,1,0.17322507920269892,0.9691664628943948,11,0
24,random,3,1,0.17322507920269892,0.9691664628943948,11,0
24,random,4,1,0.17322507920269892,0.9691664628943948,11,0
24,random,5,1,0.405199816783924,0.7000589756825223,11,1
24,random,6,1,0.17322507920269892,0.9691664628943948,11,0
24,random,7,1,0.405199816783924,0.7000589756825223,11,1
24,random,8,1,0.17322507920269892,0.9691664628943948,11,0
24,random,9,1,0.3990459276513459,0.7166789945229665,11,1
24,random,10,1,0.17322507920269892,0.9691664628943948,11,0
24,random,11,1,0.17322507920269892,0.9691664628943948,11,0
24,random,12,1,0.17322507920269892,0.9691664628943948,11,0
24,random,13,1,0.17322507920269892,0.9691664628943948,11,0
24,random,14,1,0.405199816783924,0.7000589756825223,11,1
24,random,15,1,0.17322507920269892,0.9691664628943948,11,0
24,random,16,1,0.17322507920269892,0.9691664628943948,11,0
24,random,17,1,0.17322507920269892,0.9691664628943948,11,0
24,random,18,1,0.17322507920269892,0.9691664628943948,11,0
24,random,19,1,0.3492714224698319,0.738402404730443,11,1
24,d_optimal,0,2,0.3492714224698319,0.738402404730443,10,1
24,v_optimal,0,2,0.5750922709184789,0.48591493635901484,10,2
24,random,0,2,0.17322507920269892,0.9691664628943948,10,0
24,random,1,2,0.3492714224698319,0.738402404730443,10,1
24,random,2,2,0.3492714224698319,0.738402404730443,10,1
24,random,3,2,0.17322507920269892,0.9691664628943948,10,0
24,random,4,2,0.17322507920269892,0.9691664628943948,10,0
24,random,5,2,0.3492714224698319,0.738402404730443,10,1
24,random,6,2,0.17322507920269892,0.9691664628943948,10,0
24,random,7,2,0.6310206652325709,0.44757150731109396,10,2
24,random,8,2,0.405199816783924,0.7000589756825223,10,1
24,random,9,2,0.17322507920269892,0.9691664628943948,10,0
24,random,10,2,0.17322507920269892,0.9691664628943948,10,0
24,random,11,2,0.17322507920269892,0.9691664628943948,10,0
24,random,12,2,0.405199816783924,0.7000589756825223,10,1
24,random,13,2,0.3990459276513459,0.7166789945229665,10,1
24,random,14,2,0.3492714224698319,0.738402404730443,10,1
24,random,15,2,0.17322507920269892,0.9691664628943948,10,0
24,random,16,2,0.5915939106791271,0.5006403242442014,10,2
24,random,17,2,0.17322507920269892,0.9691664628943948,10,0
24,random,18,2,0.405199816783924,0.7000589756825223,10,1
24,random,19,2,0.3492714224698319,0.738402404730443,10,1
24,d_optimal,0,4,0.3492714224691067,0.7384024047307209,8,1
24,v_optimal,0,4,0.9996149915274852,0.0007687788683770913,8,4
24,random,0,4,0.5915939106791271,0.5006403242442014,8,2
24,random,1,4,0.7676402539462601,0.2698762660802496,8,3
24,random,2,4,0.3492714224691067,0.7384024047307209,8,1
24,random,3,4,0.7676402539462601,0.2698762660802496,8,3
24,random,4,4,0.40519981678319883,0.7000589756828002,8,1
24,random,5,4,0.5812461600503318,0.46929491751884844,8,2
24,random,6,4,0.39904592765062064,0.7166789945232444,8,1
24,random,7,4,0.7737941430788382,0.2532562472398054,8,3
24,random,8,4,0.5750922709177536,0.48591493635929267,8,2
24,random,9,4,0.5418194054976131,0.5223637344516779,8,2
24,random,10,4,0.8070670084989787,0.2168074491474201,8,3
24,random,11,4,0.5915939106791271,0.5006403242442014,8,2
24,random,12,4,0.5977477998117053,0.4840203054037571,8,2
24,random,13,4,0.5915939106791271,0.5006403242442014,8,2
24,random,14,4,0.5750922709177536,0.48591493635929267,8,2
24,random,15,4,0.5418194054976131,0.5223637344516779,8,2
24,random,16,4,0.39904592765062064,0.7166789945232444,8,1
24,random,17,4,0.39904592765062064,0.7166789945232444,8,1
24,random,18,4,0.7737941430788382,0.2532562472398054,8,3
24,random,19,4,0.5750922709177536,0.48591493635929267,8,2
24,d_optimal,0,8,0.5750922709182933,0.4859149363590759,4,2
24,v_optimal,0,8,0.9996149915274852,0.0007687788683770919,4,4
24,random,0,8,0.5750922709182933,0.4859149363590759,4,2
24,random,1,8,0.7737941430788383,0.2532562472398054,4,3
24,random,2,8,0.8070670084995184,0.21680744914720337,4,3
24,random,3,8,0.5418194054976132,0.5223637344516779,4,2
24,random,4,8,0.9996149915274852,0.0007687788683770919,4,4
24,random,5,8,0.5418194054976132,0.5223637344516779,4,2
24,random,6,8,0.5977477998117053,0.4840203054037571,4,2
24,random,7,8,0.7676402539462601,0.2698762660802496,4,3
24,random,8,8,0.7676402539462601,0.2698762660802496,4,3
24,random,9,8,0.8070670084995184,0.21680744914720337,4,3
24,random,10,8,0.9996149915274852,0.0007687788683770919,4,4
24,random,11,8,0.8070670084995184,0.21680744914720337,4,3
24,random,12,8,0.7676402539462601,0.2698762660802496,4,3
24,random,13,8,0.5915939106791271,0.5006403242442014,4,2
24,random,14,8,0.3990459276511603,0.7166789945230276,4,1
24,random,15,8,0.7676402539462601,0.2698762660802496,4,3
24,random,16,8,0.6310206652323854,0.4475715073111551,4,2
24,random,17,8,0.8235686482603523,0.2315328370323288,4,3
24,random,18,8,0.7737941430788383,0.2532562472398054,4,3
24,random,19,8,0.5915939106791271,0.5006403242442014,4,2
24,d_optimal,0,12,0.9996149915274852,0.0007687788683770917,0,4
24,v_optimal,0,12,0.9996149915274852,0.0007687788683770917,0,4
24,random,0,12,0.9996149915274852,0.0007687788683770917,0,4
24,random,1,12,0.9996149915274852,0.0007687788683770917,0,4
24,random,2,12,0.9996149915274852,0.0007687788683770917,0,4
24,random,3,12,0.9996149915274852,0.0007687788683770917,0,4
24,random,4,12,0.9996149915274852,0.0007687788683770917,0,4
24,random,5,12,0.9996149915274852,0.0007687788683770917,0,4
24,random,6,12,0.9996149915274852,0.0007687788683770917,0,4
24,random,7,12,0.9996149915274852,0.0007687788683770917,0,4
24,random,8,12,0.9996149915274852,0.0007687788683770917,0,4
24,random,9,12,0.9996149915274852,0.0007687788683770917,0,4
24,random,10,12,0.9996149915274852,0.0007687788683770917,0,4
24,random,11,12,0.9996149915274852,0.0007687788683770917,0,4
24,random,12,12,0.9996149915274852,0.0007687788683770917,0,4
24,random,13,12,0.9996149915274852,0.0007687788683770917,0,4
24,random,14,12,0.9996149915274852,0.0007687788683770917,0,4
24,random,15,12,0.9996149915274852,0.0007687788683770917,0,4
24,random,16,12,0.9996149915274852,0.0007687788683770917,0,4
24,random,17,12,0.9996149915274852,0.0007687788683770917,0,4
24,random,18,12,0.9996149915274852,0.0007687788683770917,0,4
24,random,19,12,0.9996149915274852,0.0007687788683770917,0,4
25,d_optimal,0,0,0.20039048055870373,0.9560027436039028,12,0
25,v_optimal,0,0,0.20039048055870373,0.9560027436039028,12,0
25,random,0,0,0.20039048055870373,0.9560027436039028,12,0
25,random,1,0,0.20039048055870373,0.9560027436039028,12,0
25,random,2,0,0.20039048055870373,0.9560027436039028,12,0
25,random,3,0,0.20039048055870373,0.9560027436039028,12,0
25,random,4,0,0.20039048055870373,0.9560027436039028,12,0
25,random,5,0,0.20039048055870373,0.9560027436039028,12,0
25,random,6,0,0.20039048055870373,0.9560027436039028,12,0
25,random,7,0,0.20039048055870373,0.9560027436039028,12,0
25,random,8,0,0.20039048055870373,0.9560027436039028,12,0
25,random,9,0,0.20039048055870373,0.9560027436039028,12,0
25,random,10,0,0.20039048055870373,0.9560027436039028,12,0
25,random,11,0,0.20039048055870373,0.9560027436039028,12,0
25,random,12,0,0.20039048055870373,0.9560027436039028,12,0
25,random,13,0,0.20039048055870373,0.9560027436039028,12,0
25,random,14,0,0.20039048055870373,0.9560027436039028,12,0
25,random,15,0,0.20039048055870373,0.9560027436039028,12,0
25,random,16,0,0.20039048055870373,0.9560027436039028,12,0
25,random,17,0,0.20039048055870373,0.9560027436039028,12,0
25,random,18,0,0.20039048055870373,0.9560027436039028,12,0
25,random,19,0,0.20039048055870373,0.9560027436039028,12,0
25,d_optimal,0,1,0.20039048055870373,0.9560027436039028,11,0
25,v_optimal,0,1,0.3810406083178418,0.7107787286371939,11,1
25,random,0,1,0.4182873563501778,0.7406366471194548,11,1
25,random,1,1,0.20039048055870373,0.9560027436039028,11,0
25,random,2,1,0.4182873563501778,0.7406366471194548,11,1
25,random,3,1,0.20039048055870373,0.9560027436039028,11,0
25,random,4,1,0.20039048055870373,0.9560027436039028,11,0
25,random,5,1,0.38912422766630106,0.6873242532640266,11,1
25,random,6,1,0.4182873563501778,0.7406366471194548,11,1
25,random,7,1,0.3810406083178418,0.7107787286371939,11,1
25,random,8,1,0.412366597423485,0.7299860455213405,11,1
25,random,9,1,0.3810406083178418,0.7107787286371939,11,1
25,random,10,1,0.412366597423485,0.7299860455213405,11,1
25,random,11,1,0.20039048055870373,0.9560027436039028,11,0
25,random,12,1,0.412366597423485,0.7299860455213405,11,1
25,random,13,1,0.20039048055870373,0.9560027436039028,11,0
25,random,14,1,0.20039048055870373,0.9560027436039028,11,0
25,random,15,1,0.20039048055870373,0.9560027436039028,11,0
25,random,16,1,0.20039048055870373,0.9560027436039028,11,0
25,random,17,1,0.20039048055870373,0.9560027436039028,11,0
25,random,18,1,0.20039048055870373,0.9560027436039028,11,0
25,random,19,1,0.20039048055870373,0.9560027436039028,11,0
25,d_optimal,0,2,0.20039048055870373,0.9560027436039028,10,0
25,v_optimal,0,2,0.5989374841093158,0.49541263215274584,10,2
25,random,0,2,0.4182873563501778,0.7406366471194548,10,1
25,random,1,2,0.20039048055870373,0.9560027436039028,10,0
25,random,2,2,0.4182873563501778,0.7406366471194548,10,1
25,random,3,2,0.20039048055870373,0.9560027436039028,10,0
25,random,4,2,0.3810406083178418,0.7107787286371939,10,1
25,random,5,2,0.38912422766630106,0.6873242532640266,10,1
25,random,6,2,0.630263473214959,0.5146199490368922,10,2
25,random,7,2,0.3810406083178418,0.7107787286371939,10,1
25,random,8,2,0.20039048055870373,0.9560027436039028,10,0
25,random,9,2,0.5930167251826232,0.4847620305546315,10,2
25,random,10,2,0.20039048055870373,0.9560027436039028,10,0
25,random,11,2,0.20039048055870373,0.9560027436039028,10,0
25,random,12,2,0.412366597423485,0.7299860455213405,10,1
25,random,13,2,0.20039048055870373,0.9560027436039028,10,0
25,random,14,2,0.3810406083178418,0.7107787286371939,10,1
25,random,15,2,0.412366597423485,0.7299860455213405,10,1
25,random,16,2,0.20039048055870373,0.9560027436039028,10,0
25,random,17,2,0.20039048055870373,0.9560027436039028,10,0
25,random,18,2,0.20039048055870373,0.9560027436039028,10,0
25,random,19,2,0.3810406083178418,0.7107787286371939,10,1
25,d_optimal,0,4,0.3810406083178418,0.7107787286371939,8,1
25,v_optimal,0,4,0.9996473480816944,0.0007174437303071986,8,4
25,random,0,4,0.630263473214959,0.5146199490368922,8,2
25,random,1,4,0.4182873563501778,0.7406366471194548,8,1
25,random,2,4,0.38912422766630106,0.6873242532640266,8,1
25,random,3,4,0.38912422766630106,0.6873242532640266,8,1
25,random,4,4,0.5930167251826232,0.4847620305546315,8,2
25,random,5,4,0.8189972203225563,0.24594145869701606,8,3
25,random,6,4,0.607021103457775,0.4719581567795785,8,2
25,random,7,4,0.412366597423485,0.7299860455213405,8,1
25,random,8,4,0.4182873563501778,0.7406366471194548,8,1
25,random,9,4,0.20039048055870373,0.9560027436039028,8,0
25,random,10,4,0.3810406083178418,0.7107787286371939,8,1
25,random,11,4,0.20039048055870373,0.9560027436039028,8,0
25,random,12,4,0.412366597423485,0.7299860455213405,8,1
25,random,13,4,0.20039048055870373,0.9560027436039028,8,0
25,random,14,4,0.630263473214959,0.5146199490368922,8,2
25,random,15,4,0.3810406083178418,0.7107787286371939,8,1
25,random,16,4,0.412366597423485,0.7299860455213405,8,1
25,random,17,4,0.412366597423485,0.7299860455213405,8,1
25,random,18,4,0.4182873563501778,0.7406366471194548,8,1
25,random,19,4,0.38912422766630106,0.6873242532640266,8,1
25,d_optimal,0,8,0.9996473480816944,0.0007174437303071986,4,4
25,v_optimal,0,8,0.9996473480816944,0.0007174437303071986,4,4
25,random,0,8,0.7876712312169132,0.2267341418128696,4,3
25,random,1,8,0.7817504722902204,0.21608354021475526,4,3
25,random,2,8,0.607021103457775,0.4719581567795785,4,2
25,random,3,8,0.9996473480816944,0.0007174437303071986,4,4
25,random,4,8,0.4182873563501778,0.7406366471194548,4,1
25,random,5,8,0.6011003445310823,0.46130755518146405,4,2
25,random,6,8,0.9996473480816944,0.0007174437303071986,4,4
25,random,7,8,0.5989374841093158,0.49541263215274584,4,2
25,random,8,8,0.8189972203225563,0.24594145869701606,4,3
25,random,9,8,0.5930167251826232,0.4847620305546315,4,2
25,random,10,8,0.8109136009740971,0.2693959340701834,4,3
25,random,11,8,0.7876712312169132,0.2267341418128696,4,3
25,random,12,8,0.8109136009740971,0.2693959340701834,4,3
25,random,13,8,0.8109136009740971,0.2693959340701834,4,3
25,random,14,8,0.7817504722902204,0.21608354021475526,4,3
25,random,15,8,0.8109136009740971,0.2693959340701834,4,3
25,random,16,8,0.412366597423485,0.7299860455213405,4,1
25,random,17,8,0.607021103457775,0.4719581567795785,4,2
25,random,18,8,0.630263473214959,0.5146199490368922,4,2
25,random,19,8,0.9996473480816944,0.0007174437303071986,4,4
25,d_optimal,0,12,0.9996473480816944,0.0007174437303071986,0,4
25,v_optimal,0,12,0.9996473480816944,0.0007174437303071986,0,4
25,random,0,12,0.9996473480816944,0.0007174437303071986,0,4
25,random,1,12,0.9996473480816944,0.0007174437303071986,0,4
25,random,2,12,0.9996473480816944,0.0007174437303071986,0,4
25,random,3,12,0.9996473480816944,0.0007174437303071986,0,4
25,random,4,12,0.9996473480816944,0.0007174437303071986,0,4
25,random,5,12,0.9996473480816944,0.0007174437303071986,0,4
25,random,6,12,0.9996473480816944,0.0007174437303071986,0,4
25,random,7,12,0.9996473480816944,0.0007174437303071986,0,4
25,random,8,12,0.9996473480816944,0.0007174437303071986,0,4
25,random,9,12,0.9996473480816944,0.0007174437303071986,0,4
25,random,10,12,0.9996473480816944,0.0007174437303071986,0,4
25,random,11,12,0.9996473480816944,0.0007174437303071986,0,4
25,random,12,12,0.9996473480816944,0.0007174437303071986,0,4
25,random,13,12,0.9996473480816944,0.0007174437303071986,0,4
25,random,14,12,0.9996473480816944,0.0007174437303071986,0,4
25,random,15,12,0.9996473480816944,0.0007174437303071986,0,4
25,random,16,12,0.9996473480816944,0.0007174437303071986,0,4
25,random,17,12,0.9996473480816944,0.0007174437303071986,0,4
25,random,18,12,0.9996473480816944,0.0007174437303071986,0,4
25,random,19,12,0.9996473480816944,0.0007174437303071986,0,4
26,d_optimal,0,0,0.19760400611983928,0.9645898546358933,12,0
26,v_optimal,0,0,0.19760400611983928,0.9645898546358933,12,0
26,random,0,0,0.19760400611983928,0.9645898546358933,12,0
26,random,1,0,0.19760400611983928,0.9645898546358933,12,0
26,random,2,0,0.19760400611983928,0.9645898546358933,12,0
26,random,3,0,0.19760400611983928,0.9645898546358933,12,0
26,random,4,0,0.19760400611983928,0.9645898546358933,12,0
26,random,5,0,0.19760400611983928,0.9645898546358933,12,0
26,random,6,0,0.19760400611983928,0.9645898546358933,12,0
26,random,7,0,0.19760400611983928,0.9645898546358933,12,0
26,random,8,0,0.19760400611983928,0.9645898546358933,12,0
26,random,9,0,0.19760400611983928,0.9645898546358933,12,0
26,random,10,0,0.19760400611983928,0.9645898546358933,12,0
26,random,11,0,0.19760400611983928,0.9645898546358933,12,0
26,random,12,0,0.19760400611983928,0.9645898546358933,12,0
26,random,13,0,0.19760400611983928,0.9645898546358933,12,0
26,random,14,0,0.19760400611983928,0.9645898546358933,12,0
26,random,15,0,0.19760400611983928,0.9645898546358933,12,0
26,random,16,0,0.19760400611983928,0.9645898546358933,12,0
26,random,17,0,0.19760400611983928,0.9645898546358933,12,0
26,random,18,0,0.19760400611983928,0.9645898546358933,12,0
26,random,19,0,0.19760400611983928,0.9645898546358933,12,0
26,d_optimal,0,1,0.19760400612009765,0.9645898546357715,11,0
26,v_optimal,0,1,0.35587461294857503,0.7527351842726866,11,1
26,random,0,1,0.41826192216544733,0.6912614008980341,11,1
26,random,1,1,0.19760400612009765,0.9645898546357715,11,0
26,random,2,1,0.19760400612009765,0.9645898546357715,11,0
26,random,3,1,0.19760400612009765,0.9645898546357715,11,0
26,random,4,1,0.19760400612009765,0.9645898546357715,11,0
26,random,5,1,0.35587461294857503,0.7527351842726866,11,1
26,random,6,1,0.19760400612009765,0.9645898546357715,11,0
26,random,7,1,0.4024849245230804,0.7102972172339026,11,1
26,random,8,1,0.19760400612009765,0.9645898546357715,11,0
26,random,9,1,0.19760400612009765,0.9645898546357715,11,0
26,random,10,1,0.19760400612009765,0.9645898546357715,11,0
26,random,11,1,0.19760400612009765,0.9645898546357715,11,0
26,random,12,1,0.19760400612009765,0.9645898546357715,11,0
26,random,13,1,0.19760400612009765,0.9645898546357715,11,0
26,random,14,1,0.19760400612009765,0.9645898546357715,11,0
26,random,15,1,0.4024849245230804,0.7102972172339026,11,1
26,random,16,1,0.19760400612009765,0.9645898546357715,11,0
26,random,17,1,0.19760400612009765,0.9645898546357715,11,0
26,random,18,1,0.19760400612009765,0.9645898546357715,11,0
26,random,19,1,0.19760400612009765,0.9645898546357715,11,0
26,d_optimal,0,2,0.19760400612009765,0.9645898546357715,10,0
26,v_optimal,0,2,0.5765325289939247,0.4794067305349493,10,2
26,random,0,2,0.19760400612009765,0.9645898546357715,10,0
26,random,1,2,0.19760400612009765,0.9645898546357715,10,0
26,random,2,2,0.19760400612009765,0.9645898546357715,10,0
26,random,3,2,0.19760400612009765,0.9645898546357715,10,0
26,random,4,2,0.19760400612009765,0.9645898546357715,10,0
26,random,5,2,0.19760400612009765,0.9645898546357715,10,0
26,random,6,2,0.41826192216544733,0.6912614008980341,10,1
26,random,7,2,0.19760400612009765,0.9645898546357715,10,0
26,random,8,2,0.19760400612009765,0.9645898546357715,10,0
26,random,9,2,0.35587461294857503,0.7527351842726866,10,1
26,random,10,2,0.19760400612009765,0.9645898546357715,10,0
26,random,11,2,0.41826192216544733,0.6912614008980341,10,1
26,random,12,2,0.19760400612009765,0.9645898546357715,10,0
26,random,13,2,0.4024849245230804,0.7102972172339026,10,1
26,random,14,2,0.41585334924794437,0.7401561989818634,10,1
26,random,15,2,0.4024849245230804,0.7102972172339026,10,1
26,random,16,2,0.41826192216544733,0.6912614008980341,10,1
26,random,17,2,0.35587461294857503,0.7527351842726866,10,1
26,random,18,2,0.19760400612009765,0.9645898546357715,10,0
26,random,19,2,0.4024849245230804,0.7102972172339026,10,1
26,d_optimal,0,4,0.35587461294804323,0.752735184272912,8,1
26,v_optimal,0,4,0.9996627905247542,0.0006804374791720806,8,4
26,random,0,4,0.35587461294804323,0.752735184272912,8,1
26,random,1,4,0.4024849245225486,0.7102972172341279,8,1
26,random,2,4,0.35587461294804323,0.752735184272912,8,1
26,random,3,4,0.19760400611956586,0.9645898546359969,8,0
26,random,4,4,0.5741239560764217,0.5283015286187785,8,2
26,random,5,4,0.35587461294804323,0.752735184272912,8,1
26,random,6,4,0.5741239560764217,0.5283015286187785,8,2
26,random,7,4,0.4024849245225486,0.7102972172341279,8,1
26,random,8,4,0.636511265293294,0.4668277452441259,8,2
26,random,9,4,0.636511265293294,0.4668277452441259,8,2
26,random,10,4,0.35587461294804323,0.752735184272912,8,1
26,random,11,4,0.4024849245225486,0.7102972172341279,8,1
26,random,12,4,0.35587461294804323,0.752735184272912,8,1
26,random,13,4,0.6231428405678983,0.4369687634963904,8,2
26,random,14,4,0.636511265293294,0.4668277452441259,8,2
26,random,15,4,0.4024849245225486,0.7102972172341279,8,1
26,random,16,4,0.636511265293294,0.4668277452441259,8,2
26,random,17,4,0.636511265293294,0.4668277452441259,8,2
26,random,18,4,0.6207342676509271,0.4858635615799944,8,2
26,random,19,4,0.4024849245225486,0.7102972172341279,8,1
26,d_optimal,0,8,0.7814134473963472,0.22511409313330946,4,3
26,v_optimal,0,8,0.9996627905247542,0.0006804374791720809,4,4
26,random,0,8,0.636511265293294,0.4668277452441259,4,2
26,random,1,8,0.6207342676509271,0.4858635615799944,4,2
26,random,2,8,0.8413921836962768,0.21253510784225693,4,3
26,random,3,8,0.9996627905247542,0.0006804374791720809,4,4
26,random,4,8,0.7790048744794045,0.27400889121690947,4,3
26,random,5,8,0.7790048744794045,0.27400889121690947,4,3
26,random,6,8,0.8413921836962768,0.21253510784225693,4,3
26,random,7,8,0.8413921836962768,0.21253510784225693,4,3
26,random,8,8,0.5765325289933645,0.47940673053517846,4,2
26,random,9,8,0.7814134473963472,0.22511409313330946,4,3
26,random,10,8,0.8413921836962768,0.21253510784225693,4,3
26,random,11,8,0.7790048744794045,0.27400889121690947,4,3
26,random,12,8,0.6207342676509271,0.4858635615799944,4,2
26,random,13,8,0.5607555313509975,0.49844254687104683,4,2
26,random,14,8,0.8413921836962768,0.21253510784225693,4,3
26,random,15,8,0.7814134473963472,0.22511409313330946,4,3
26,random,16,8,0.9996627905247542,0.0006804374791720809,4,4
26,random,17,8,0.4182619221648871,0.6912614008982633,4,1
26,random,18,8,0.40248492452252016,0.7102972172341316,4,1
26,random,19,8,0.636511265293294,0.4668277452441259,4,2
26,d_optimal,0,12,0.9996627905247542,0.0006804374791720809,0,4
26,v_optimal,0,12,0.9996627905247542,0.0006804374791720809,0,4
26,random,0,12,0.9996627905247542,0.0006804374791720809,0,4
26,random,1,12,0.9996627905247542,0.0006804374791720809,0,4
26,random,2,12,0.9996627905247542,0.0006804374791720809,0,4
26,random,3,12,0.9996627905247542,0.0006804374791720809,0,4
26,random,4,12,0.9996627905247542,0.0006804374791720809,0,4
26,random,5,12,0.9996627905247542,0.0006804374791720809,0,4
26,random,6,12,0.9996627905247542,0.0006804374791720809,0,4
26,random,7,12,0.9996627905247542,0.0006804374791720809,0,4
26,random,8,12,0.9996627905247542,0.0006804374791720809,0,4
26,random,9,12,0.9996627905247542,0.0006804374791720809,0,4
26,random,10,12,0.9996627905247542,0.0006804374791720809,0,4
26,random,11,12,0.9996627905247542,0.0006804374791720809,0,4
26,random,12,12,0.9996627905247542,0.0006804374791720809,0,4
26,random,13,12,0.9996627905247542,0.0006804374791720809,0,4
26,random,14,12,0.9996627905247542,0.0006804374791720809,0,4
26,random,15,12,0.9996627905247542,0.0006804374791720809,0,4
26,random,16,12,0.9996627905247542,0.0006804374791720809,0,4
26,random,17,12,0.9996627905247542,0.0006804374791720809,0,4
26,random,18,12,0.9996627905247542,0.0006804374791720809,0,4
26,random,19,12,0.9996627905247542,0.0006804374791720809,0,4
27,d_optimal,0,0,0.16929675582338627,0.9702636559305343,12,0
27,v_optimal,0,0,0.16929675582338627,0.9702636559305343,12,0
27,random,0,0,0.16929675582338627,0.9702636559305343,12,0
27,random,1,0,0.16929675582338627,0.9702636559305343,12,0
27,random,2,0,0.16929675582338627,0.9702636559305343,12,0
27,random,3,0,0.16929675582338627,0.9702636559305343,12,0
27,random,4,0,0.16929675582338627,0.9702636559305343,12,0
27,random,5,0,0.16929675582338627,0.9702636559305343,12,0
27,random,6,0,0.16929675582338627,0.9702636559305343,12,0
27,random,7,0,0.16929675582338627,0.9702636559305343,12,0
27,random,8,0,0.16929675582338627,0.9702636559305343,12,0
27,random,9,0,0.16929675582338627,0.9702636559305343,12,0
27,random,10,0,0.16929675582338627,0.9702636559305343,12,0
27,random,11,0,0.16929675582338627,0.9702636559305343,12,0
27,random,12,0,0.16929675582338627,0.9702636559305343,12,0
27,random,13,0,0.16929675582338627,0.9702636559305343,12,0
27,random,14,0,0.16929675582338627,0.9702636559305343,12,0
27,random,15,0,0.16929675582338627,0.9702636559305343,12,0
27,random,16,0,0.16929675582338627,0.9702636559305343,12,0
27,random,17,0,0.16929675582338627,0.9702636559305343,12,0
27,random,18,0,0.16929675582338627,0.9702636559305343,12,0
27,random,19,0,0.16929675582338627,0.9702636559305343,12,0
27,d_optimal,0,1,0.16929675582264225,0.9702636559308263,11,0
27,v_optimal,0,1,0.3603685025386073,0.7129439176886725,11,1
27,random,0,1,0.16929675582264225,0.9702636559308263,11,0
27,random,1,1,0.16929675582264225,0.9702636559308263,11,0
27,random,2,1,0.16929675582264225,0.9702636559308263,11,0
27,random,3,1,0.16929675582264225,0.9702636559308263,11,0
27,random,4,1,0.3824797264525652,0.761848786035207,11,1
27,random,5,1,0.3845830907227589,0.7295561233517852,11,1
27,random,6,1,0.3603685025386073,0.7129439176886725,11,1
27,random,7,1,0.16929675582264225,0.9702636559308263,11,0
27,random,8,1,0.3845830907227589,0.7295561233517852,11,1
27,random,9,1,0.16929675582264225,0.9702636559308263,11,0
27,random,10,1,0.16929675582264225,0.9702636559308263,11,0
27,random,11,1,0.16929675582264225,0.9702636559308263,11,0
27,random,12,1,0.3845830907227589,0.7295561233517852,11,1
27,random,13,1,0.16929675582264225,0.9702636559308263,11,0
27,random,14,1,0.16929675582264225,0.9702636559308263,11,0
27,random,15,1,0.16929675582264225,0.9702636559308263,11,0
27,random,16,1,0.16929675582264225,0.9702636559308263,11,0
27,random,17,1,0.3824797264525652,0.761848786035207,11,1
27,random,18,1,0.3845830907227589,0.7295561233517852,11,1
27,random,19,1,0.16929675582264225,0.9702636559308263,11,0
27,d_optimal,0,2,0.16929675582264225,0.9702636559308263,10,0
27,v_optimal,0,2,0.5735514731685303,0.5045290477930532,10,2
27,random,0,2,0.3824797264525652,0.761848786035207,10,1
27,random,1,2,0.16929675582264225,0.9702636559308263,10,0
27,random,2,2,0.3845830907227589,0.7295561233517852,10,1
27,random,3,2,0.3824797264525652,0.761848786035207,10,1
27,random,4,2,0.3824797264525652,0.761848786035207,10,1
27,random,5,2,0.3845830907227589,0.7295561233517852,10,1
27,random,6,2,0.3603685025386073,0.7129439176886725,10,1
27,random,7,2,0.3801431609290687,0.7070777411261046,10,1
27,random,8,2,0.3845830907227589,0.7295561233517852,10,1
27,random,9,2,0.3824797264525652,0.761848786035207,10,1
27,random,10,2,0.3845830907227589,0.7295561233517852,10,1
27,random,11,2,0.3845830907227589,0.7295561233517852,10,1
27,random,12,2,0.3845830907227589,0.7295561233517852,10,1
27,random,13,2,0.16929675582264225,0.9702636559308263,10,0
27,random,14,2,0.16929675582264225,0.9702636559308263,10,0
27,random,15,2,0.16929675582264225,0.9702636559308263,10,0
27,random,16,2,0.16929675582264225,0.9702636559308263,10,0
27,random,17,2,0.3824797264525652,0.761848786035207,10,1
27,random,18,2,0.3845830907227589,0.7295561233517852,10,1
27,random,19,2,0.16929675582264225,0.9702636559308263,10,0
27,d_optimal,0,4,0.36036850253882774,0.7129439176885594,8,1
27,v_optimal,0,4,0.9996842131750735,0.0006356004092903535,8,4
27,random,0,4,0.3824797264527856,0.761848786035094,8,1
27,random,1,4,0.3824797264527856,0.761848786035094,8,1
27,random,2,4,0.5977660613526818,0.5211412534561658,8,2
27,random,3,4,0.16929675582286263,0.9702636559307132,8,0
27,random,4,4,0.3801431609292891,0.7070777411259915,8,1
27,random,5,4,0.3824797264527856,0.761848786035094,8,1
27,random,6,4,0.788837808068647,0.2638215152140121,8,3
27,random,7,4,0.5712149076452542,0.4497580028838377,8,2
27,random,8,4,0.3824797264527856,0.761848786035094,8,1
27,random,9,4,0.5933261315592121,0.4986628712303722,8,2
27,random,10,4,0.16929675582286263,0.9702636559307132,8,0
27,random,11,4,0.575654837438724,0.4722363851096314,8,2
27,random,12,4,0.5954294958291855,0.4663702085470634,8,2
27,random,13,4,0.5933261315592121,0.4986628712303722,8,2
27,random,14,4,0.3824797264527856,0.761848786035094,8,1
27,random,15,4,0.3824797264527856,0.761848786035094,8,1
27,random,16,4,0.575654837438724,0.4722363851096314,8,2
27,random,17,4,0.3801431609292891,0.7070777411259915,8,1
27,random,18,4,0.7843978782751773,0.2413431329882184,8,3
27,random,19,4,0.3824797264527856,0.761848786035094,8,1
27,d_optimal,0,8,0.36036850253861064,0.7129439176886273,4,1
27,v_optimal,0,8,0.9996842131750735,0.0006356004092903523,4,4
27,random,0,8,0.7865012425451505,0.20905047030490959,4,3
27,random,1,8,0.5735514731685336,0.504529047793008,4,2
27,random,2,8,0.7843978782749601,0.2413431329882863,4,3
27,random,3,8,0.5712149076450371,0.4497580028839056,4,2
27,random,4,8,0.788837808068647,0.2638215152140121,4,3
27,random,5,8,0.7865012425451505,0.20905047030490959,4,3
27,random,6,8,0.7843978782749601,0.2413431329882863,4,3
27,random,7,8,0.5954294958291855,0.4663702085470634,4,2
27,random,8,8,0.7843978782749601,0.2413431329882863,4,3
27,random,9,8,0.5977660613526818,0.5211412534561658,4,2
27,random,10,8,0.8086124664591083,0.25795533865144415,4,3
27,random,11,8,0.9996842131750735,0.0006356004092903523,4,4
27,random,12,8,0.5977660613526818,0.5211412534561658,4,2
27,random,13,8,0.788837808068647,0.2638215152140121,4,3
27,random,14,8,0.8086124664591083,0.25795533865144415,4,3
27,random,15,8,0.5712149076450371,0.4497580028839056,4,2
27,random,16,8,0.5977660613526818,0.5211412534561658,4,2
27,random,17,8,0.5712149076450371,0.4497580028839056,4,2
27,random,18,8,0.788837808068647,0.2638215152140121,4,3
27,random,19,8,0.36036850253861064,0.7129439176886273,4,1
27,d_optimal,0,12,0.9996842131750735,0.0006356004092903531,0,4
27,v_optimal,0,12,0.9996842131750735,0.0006356004092903531,0,4
27,random,0,12,0.9996842131750735,0.0006356004092903531,0,4
27,random,1,12,0.9996842131750735,0.0006356004092903531,0,4
27,random,2,12,0.9996842131750735,0.0006356004092903531,0,4
27,random,3,12,0.9996842131750735,0.0006356004092903531,0,4
27,random,4,12,0.9996842131750735,0.0006356004092903531,0,4
27,random,5,12,0.9996842131750735,0.0006356004092903531,0,4
27,random,6,12,0.9996842131750735,0.0006356004092903531,0,4
27,random,7,12,0.9996842131750735,0.0006356004092903531,0,4
27,random,8,12,0.9996842131750735,0.0006356004092903531,0,4
27,random,9,12,0.9996842131750735,0.0006356004092903531,0,4
27,random,10,12,0.9996842131750735,0.0006356004092903531,0,4
27,random,11,12,0.9996842131750735,0.0006356004092903531,0,4
27,random,12,12,0.9996842131750735,0.0006356004092903531,0,4
27,random,13,12,0.9996842131750735,0.0006356004092903531,0,4
27,random,14,12,0.9996842131750735,0.0006356004092903531,0,4
27,random,15,12,0.9996842131750735,0.0006356004092903531,0,4
27,random,16,12,0.9996842131750735,0.0006356004092903531,0,4
27,random,17,12,0.9996842131750735,0.0006356004092903531,0,4
27,random,18,12,0.9996842131750735,0.0006356004092903531,0,4
27,random,19,12,0.9996842131750735,0.0006356004092903531,0,4
28,d_optimal,0,0,0.1968938367498231,0.9612129946130087,12,0
28,v_optimal,0,0,0.1968938367498231,0.9612129946130087,12,0
28,random,0,0,0.1968938367498231,0.9612129946130087,12,0
28,random,1,0,0.1968938367498231,0.9612129946130087,12,0
28,random,2,0,0.1968938367498231,0.9612129946130087,12,0
28,random,3,0,0.1968938367498231,0.9612129946130087,12,0
28,random,4,0,0.1968938367498231,0.9612129946130087,12,0
28,random,5,0,0.1968938367498231,0.9612129946130087,12,0
28,random,6,0,0.1968938367498231,0.9612129946130087,12,0
28,random,7,0,0.1968938367498231,0.9612129946130087,12,0
28,random,8,0,0.1968938367498231,0.9612129946130087,12,0
28,random,9,0,0.1968938367498231,0.9612129946130087,12,0
28,random,10,0,0.1968938367498231,0.9612129946130087,12,0
28,random,11,0,0.1968938367498231,0.9612129946130087,12,0
28,random,12,0,0.1968938367498231,0.9612129946130087,12,0
28,random,13,0,0.1968938367498231,0.9612129946130087,12,0
28,random,14,0,0.1968938367498231,0.9612129946130087,12,0
28,random,15,0,0.1968938367498231,0.9612129946130087,12,0
28,random,16,0,0.1968938367498231,0.9612129946130087,12,0
28,random,17,0,0.1968938367498231,0.9612129946130087,12,0
28,random,18,0,0.1968938367498231,0.9612129946130087,12,0
28,random,19,0,0.1968938367498231,0.9612129946130087,12,0
28,d_optimal,0,1,0.196893836750165,0.9612129946128852,11,0
28,v_optimal,0,1,0.39330638594965056,0.7064212410720708,11,1
28,random,0,1,0.196893836750165,0.9612129946128852,11,0
28,random,1,1,0.196893836750165,0.9612129946128852,11,0
28,random,2,1,0.39330638594965056,0.7064212410720708,11,1
28,random,3,1,0.196893836750165,0.9612129946128852,11,0
28,random,4,1,0.196893836750165,0.9612129946128852,11,0
28,random,5,1,0.196893836750165,0.9612129946128852,11,0
28,random,6,1,0.196893836750165,0.9612129946128852,11,0
28,random,7,1,0.196893836750165,0.9612129946128852,11,0
28,random,8,1,0.196893836750165,0.9612129946128852,11,0
28,random,9,1,0.196893836750165,0.9612129946128852,11,0
28,random,10,1,0.196893836750165,0.9612129946128852,11,0
28,random,11,1,0.196893836750165,0.9612129946128852,11,0
28,random,12,1,0.196893836750165,0.9612129946128852,11,0
28,random,13,1,0.196893836750165,0.9612129946128852,11,0
28,random,14,1,0.39330638594965056,0.7064212410720708,11,1
28,random,15,1,0.196893836750165,0.9612129946128852,11,0
28,random,16,1,0.196893836750165,0.9612129946128852,11,0
28,random,17,1,0.3757685807610113,0.7651990148501343,11,1
28,random,18,1,0.196893836750165,0.9612129946128852,11,0
28,random,19,1,0.39330638594965056,0.7064212410720708,11,1
28,d_optimal,0,2,0.39330638594965056,0.7064212410720708,10,1
28,v_optimal,0,2,0.5721811299604969,0.51040726130932,10,2
28,random,0,2,0.3757685807610113,0.7651990148501343,10,1
28,random,1,2,0.196893836750165,0.9612129946128852,10,0
28,random,2,2,0.39330638594965056,0.7064212410720708,10,1
28,random,3,2,0.39330638594965056,0.7064212410720708,10,1
28,random,4,2,0.44058861678270206,0.693317048009693,10,1
28,random,5,2,0.196893836750165,0.9612129946128852,10,0
28,random,6,2,0.196893836750165,0.9612129946128852,10,0
28,random,7,2,0.196893836750165,0.9612129946128852,10,0
28,random,8,2,0.196893836750165,0.9612129946128852,10,0
28,random,9,2,0.196893836750165,0.9612129946128852,10,0
28,random,10,2,0.5770353181263443,0.464694553670767,10,2
28,random,11,2,0.196893836750165,0.9612129946128852,10,0
28,random,12,2,0.196893836750165,0.9612129946128852,10,0
28,random,13,2,0.3757685807610113,0.7651990148501343,10,1
28,random,14,2,0.5770353181263443,0.464694553670767,10,2
28,random,15,2,0.3757685807610113,0.7651990148501343,10,1
28,random,16,2,0.3757685807610113,0.7651990148501343,10,1
28,random,17,2,0.3757685807610113,0.7651990148501343,10,1
28,random,18,2,0.196893836750165,0.9612129946128852,10,0
28,random,19,2,0.44058861678270206,0.693317048009693,10,1
28,d_optimal,0,4,0.3933063859487514,0.7064212410724419,8,1
28,v_optimal,0,4,0.9996048421697277,0.0007846273048238846,8,4
28,random,0,4,0.3806227689268588,0.7194863072115812,8,1
28,random,1,4,0.5721811299595976,0.5104072613096909,8,2
28,random,2,4,0.3933063859487514,0.7064212410724419,8,1
28,random,3,4,0.5721811299595976,0.5104072613096909,8,2
28,random,4,4,0.6370011659812884,0.4385252944692496,8,2
28,random,5,4,0.19689383674926586,0.9612129946132562,8,0
28,random,6,4,0.3757685807601121,0.7651990148505053,8,1
28,random,7,4,0.5770353181263443,0.464694553670767,8,2
28,random,8,4,0.3933063859487514,0.7064212410724419,8,1
28,random,9,4,0.5721811299595976,0.5104072613096909,8,2
28,random,10,4,0.5721811299595976,0.5104072613096909,8,2
28,random,11,4,0.19689383674926586,0.9612129946132562,8,0
28,random,12,4,0.19689383674926586,0.9612129946132562,8,0
28,random,13,4,0.5770353181263443,0.464694553670767,8,2
28,random,14,4,0.6370011659812884,0.4385252944692496,8,2
28,random,15,4,0.5770353181263443,0.464694553670767,8,2
28,random,16,4,0.7559100621371906,0.2686805739080161,8,3
28,random,17,4,0.3806227689268588,0.7194863072115812,8,1
28,random,18,4,0.3757685807601121,0.7651990148505053,8,1
28,random,19,4,0.6243175489593958,0.45159036060838903,8,2
28,d_optimal,0,8,0.5721811299602562,0.5104072613093985,4,2
28,v_optimal,0,8,0.9996048421697277,0.0007846273048238848,4,4
28,random,0,8,0.7559100621371906,0.2686805739080161,4,3
28,random,1,8,0.6194633607933078,0.49730306824702064,4,2
28,random,2,8,0.637001165981947,0.4385252944689571,4,2
28,random,3,8,0.6243175489593958,0.45159036060838903,4,2
28,random,4,8,0.4405886167824615,0.6933170480097715,4,1
28,random,5,8,0.7559100621371906,0.2686805739080161,4,3
28,random,6,8,0.5594975129377051,0.5234723274488304,4,2
28,random,7,8,0.6194633607933078,0.49730306824702064,4,2
28,random,8,8,0.8158759099927932,0.24251131470620627,4,3
28,random,9,8,0.8031922929702421,0.25557638084563816,4,3
28,random,10,8,0.8207300981588814,0.19679860706757477,4,3
28,random,11,8,0.7559100621371906,0.2686805739080161,4,3
28,random,12,8,0.8031922929702421,0.25557638084563816,4,3
28,random,13,8,0.8031922929702421,0.25557638084563816,4,3
28,random,14,8,0.8207300981588814,0.19679860706757477,4,3
28,random,15,8,0.8158759099927932,0.24251131470620627,4,3
28,random,16,8,0.8031922929702421,0.25557638084563816,4,3
28,random,17,8,0.5721811299602562,0.5104072613093985,4,2
28,random,18,8,0.5721811299602562,0.5104072613093985,4,2
28,random,19,8,0.8158759099927932,0.24251131470620627,4,3
28,d_optimal,0,12,0.9996048421697276,0.0007846273048238844,0,4
28,v_optimal,0,12,0.9996048421697276,0.0007846273048238844,0,4
28,random,0,12,0.9996048421697276,0.0007846273048238844,0,4
28,random,1,12,0.9996048421697276,0.0007846273048238844,0,4
28,random,2,12,0.9996048421697276,0.0007846273048238844,0,4
28,random,3,12,0.9996048421697276,0.0007846273048238844,0,4
28,random,4,12,0.9996048421697276,0.0007846273048238844,0,4
28,random,5,12,0.9996048421697276,0.0007846273048238844,0,4
28,random,6,12,0.9996048421697276,0.0007846273048238844,0,4
28,random,7,12,0.9996048421697276,0.0007846273048238844,0,4
28,random,8,12,0.9996048421697276,0.0007846273048238844,0,4
28,random,9,12,0.9996048421697276,0.0007846273048238844,0,4
28,random,10,12,0.9996048421697276,0.0007846273048238844,0,4
28,random,11,12,0.9996048421697276,0.0007846273048238844,0,4
28,random,12,12,0.9996048421697276,0.0007846273048238844,0,4
28,random,13,12,0.9996048421697276,0.0007846273048238844,0,4
28,random,14,12,0.9996048421697276,0.0007846273048238844,0,4
28,random,15,12,0.9996048421697276,0.0007846273048238844,0,4
28,random,16,12,0.9996048421697276,0.0007846273048238844,0,4
28,random,17,12,0.9996048421697276,0.0007846273048238844,0,4
28,random,18,12,0.9996048421697276,0.0007846273048238844,0,4
28,random,19,12,0.9996048421697276,0.0007846273048238844,0,4
29,d_optimal,0,0,0.18964473471777427,0.9634791978076981,12,0
29,v_optimal,0,0,0.18964473471777427,0.9634791978076981,12,0
29,random,0,0,0.18964473471777427,0.9634791978076981,12,0
29,random,1,0,0.18964473471777427,0.9634791978076981,12,0
29,random,2,0,0.18964473471777427,0.9634791978076981,12,0
29,random,3,0,0.18964473471777427,0.9634791978076981,12,0
29,random,4,0,0.18964473471777427,0.9634791978076981,12,0
29,random,5,0,0.18964473471777427,0.9634791978076981,12,0
29,random,6,0,0.18964473471777427,0.9634791978076981,12,0
29,random,7,0,0.18964473471777427,0.9634791978076981,12,0
29,random,8,0,0.18964473471777427,0.9634791978076981,12,0
29,random,9,0,0.18964473471777427,0.9634791978076981,12,0
29,random,10,0,0.18964473471777427,0.9634791978076981,12,0
29,random,11,0,0.18964473471777427,0.9634791978076981,12,0
29,random,12,0,0.18964473471777427,0.9634791978076981,12,0
29,random,13,0,0.18964473471777427,0.9634791978076981,12,0
29,random,14,0,0.18964473471777427,0.9634791978076981,12,0
29,random,15,0,0.18964473471777427,0.9634791978076981,12,0
29,random,16,0,0.18964473471777427,0.9634791978076981,12,0
29,random,17,0,0.18964473471777427,0.9634791978076981,12,0
29,random,18,0,0.18964473471777427,0.9634791978076981,12,0
29,random,19,0,0.18964473471777427,0.9634791978076981,12,0
29,d_optimal,0,1,0.18964473471777427,0.9634791978076981,11,0
29,v_optimal,0,1,0.3910639190390861,0.7762784743819159,11,1
29,random,0,1,0.18964473471777427,0.9634791978076981,11,0
29,random,1,1,0.3958218459953697,0.6964669688479987,11,1
29,random,2,1,0.18964473471777427,0.9634791978076981,11,0
29,random,3,1,0.18964473471777427,0.9634791978076981,11,0
29,random,4,1,0.18964473471777427,0.9634791978076981,11,0
29,random,5,1,0.18964473471777427,0.9634791978076981,11,0
29,random,6,1,0.18964473471777427,0.9634791978076981,11,0
29,random,7,1,0.3958218459953697,0.6964669688479987,11,1
29,random,8,1,0.3958218459953697,0.6964669688479987,11,1
29,random,9,1,0.36888264857560277,0.7244220745556397,11,1
29,random,10,1,0.18964473471777427,0.9634791978076981,11,0
29,random,11,1,0.18964473471777427,0.9634791978076981,11,0
29,random,12,1,0.18964473471777427,0.9634791978076981,11,0
29,random,13,1,0.18964473471777427,0.9634791978076981,11,0
29,random,14,1,0.18964473471777427,0.9634791978076981,11,0
29,random,15,1,0.18964473471777427,0.9634791978076981,11,0
29,random,16,1,0.36888264857560277,0.7244220745556397,11,1
29,random,17,1,0.36888264857560277,0.7244220745556397,11,1
29,random,18,1,0.18964473471777427,0.9634791978076981,11,0
29,random,19,1,0.18964473471777427,0.9634791978076981,11,0
29,d_optimal,0,2,0.18964473471777427,0.9634791978076981,10,0
29,v_optimal,0,2,0.6141909164274002,0.5068555341955936,10,2
29,random,0,2,0.18964473471777427,0.9634791978076981,10,0
29,random,1,2,0.3958218459953697,0.6964669688479987,10,1
29,random,2,2,0.18964473471777427,0.9634791978076981,10,0
29,random,3,2,0.4127717321060883,0.6940562576213759,10,1
29,random,4,2,0.18964473471777427,0.9634791978076981,10,0
29,random,5,2,0.18964473471777427,0.9634791978076981,10,0
29,random,6,2,0.3910639190390861,0.7762784743819159,10,1
29,random,7,2,0.3958218459953697,0.6964669688479987,10,1
29,random,8,2,0.5972410303166815,0.5092662454222165,10,2
29,random,9,2,0.36888264857560277,0.7244220745556397,10,1
29,random,10,2,0.5920096459639168,0.4549991343693175,10,2
29,random,11,2,0.3958218459953697,0.6964669688479987,10,1
29,random,12,2,0.3910639190390861,0.7762784743819159,10,1
29,random,13,2,0.18964473471777427,0.9634791978076981,10,0
29,random,14,2,0.4127717321060883,0.6940562576213759,10,1
29,random,15,2,0.18964473471777427,0.9634791978076981,10,0
29,random,16,2,0.3910639190390861,0.7762784743819159,10,1
29,random,17,2,0.5920096459639168,0.4549991343693175,10,2
29,random,18,2,0.4127717321060883,0.6940562576213759,10,1
29,random,19,2,0.18964473471777427,0.9634791978076981,10,0
29,d_optimal,0,4,0.6141909164274002,0.5068555341955936,8,2
29,v_optimal,0,4,0.999605941562824,0.0007861819838360044,8,4
29,random,0,4,0.18964473471777427,0.9634791978076981,8,0
29,random,1,4,0.6189488433836837,0.42704402866167657,8,2
29,random,2,4,0.36888264857560277,0.7244220745556397,8,1
29,random,3,4,0.6141909164274002,0.5068555341955936,8,2
29,random,4,4,0.6189488433836837,0.42704402866167657,8,2
29,random,5,4,0.18964473471777427,0.9634791978076981,8,0
29,random,6,4,0.3958218459953697,0.6964669688479987,8,1
29,random,7,4,0.3958218459953697,0.6964669688479987,8,1
29,random,8,4,0.6189488433836837,0.42704402866167657,8,2
29,random,9,4,0.5972410303166815,0.5092662454222165,8,2
29,random,10,4,0.5972410303166815,0.5092662454222165,8,2
29,random,11,4,0.5972410303166815,0.5092662454222165,8,2
29,random,12,4,0.5703018328969146,0.5372213511298576,8,2
29,random,13,4,0.18964473471777427,0.9634791978076981,8,0
29,random,14,4,0.7934288302852286,0.26779841094353535,8,3
29,random,15,4,0.4127717321060883,0.6940562576213759,8,1
29,random,16,4,0.3958218459953697,0.6964669688479987,8,1
29,random,17,4,0.7934288302852286,0.26779841094353535,8,3
29,random,18,4,0.18964473471777427,0.9634791978076981,8,0
29,random,19,4,0.4127717321060883,0.6940562576213759,8,1
29,d_optimal,0,8,0.8203680277049956,0.23984330523589434,4,3
29,v_optimal,0,8,0.999605941562824,0.0007861819838360044,4,4
29,random,0,8,0.77647894417451,0.27020912217015824,4,3
29,random,1,8,0.999605941562824,0.0007861819838360044,4,4
29,random,2,8,0.7981867572415122,0.18798690540961818,4,3
29,random,3,8,0.5972410303166815,0.5092662454222165,4,2
29,random,4,8,0.999605941562824,0.0007861819838360044,4,4
29,random,5,8,0.999605941562824,0.0007861819838360044,4,4
29,random,6,8,0.999605941562824,0.0007861819838360044,4,4
29,random,7,8,0.5972410303166815,0.5092662454222165,4,2
29,random,8,8,0.77647894417451,0.27020912217015824,4,3
29,random,9,8,0.7981867572415122,0.18798690540961818,4,3
29,random,10,8,0.5972410303166815,0.5092662454222165,4,2
29,random,11,8,0.6189488433836837,0.42704402866167657,4,2
29,random,12,8,0.36888264857560277,0.7244220745556397,4,1
29,random,13,8,0.6141909164274002,0.5068555341955936,4,2
29,random,14,8,0.999605941562824,0.0007861819838360044,4,4
29,random,15,8,0.6189488433836837,0.42704402866167657,4,2
29,random,16,8,0.5972410303166815,0.5092662454222165,4,2
29,random,17,8,0.5920096459639168,0.4549991343693175,4,2
29,random,18,8,0.8203680277049956,0.23984330523589434,4,3
29,random,19,8,0.7934288302852286,0.26779841094353535,4,3
29,d_optimal,0,12,0.999605941562824,0.0007861819838360044,0,4
29,v_optimal,0,12,0.999605941562824,0.0007861819838360044,0,4
29,random,0,12,0.999605941562824,0.0007861819838360044,0,4
29,random,1,12,0.999605941562824,0.0007861819838360044,0,4
29,random,2,12,0.999605941562824,0.0007861819838360044,0,4
29,random,3,12,0.999605941562824,0.0007861819838360044,0,4
29,random,4,12,0.999605941562824,0.0007861819838360044,0,4
29,random,5,12,0.999605941562824,0.0007861819838360044,0,4
29,random,6,12,0.999605941562824,0.0007861819838360044,0,4
29,random,7,12,0.999605941562824,0.0007861819838360044,0,4
29,random,8,12,0.999605941562824,0.0007861819838360044,0,4
29,random,9,12,0.999605941562824,0.0007861819838360044,0,4
29,random,10,12,0.999605941562824,0.0007861819838360044,0,4
29,random,11,12,0.999605941562824,0.0007861819838360044,0,4
29,random,12,12,0.999605941562824,0.0007861819838360044,0,4
29,random,13,12,0.999605941562824,0.0007861819838360044,0,4
29,random,14,12,0.999605941562824,0.0007861819838360044,0,4
29,random,15,12,0.999605941562824,0.0007861819838360044,0,4
29,random,16,12,0.999605941562824,0.0007861819838360044,0,4
29,random,17,12,0.999605941562824,0.0007861819838360044,0,4
29,random,18,12,0.999605941562824,0.0007861819838360044,0,4
29,random,19,12,0.999605941562824,0.0007861819838360044,0,4
