dataset,seed,condition,method,nir
Norman,1,AHR+FEV,WitnessCell_v14,0.31521739130434784
Norman,1,AHR+KLF1,WitnessCell_v14,0.32608695652173914
Norman,1,BAK1+BCL2L11,WitnessCell_v14,0.9021739130434783
Norman,1,BAK1+KLF1,WitnessCell_v14,0.6086956521739131
Norman,1,BCL2L11+TGFBR2,WitnessCell_v14,0.9782608695652174
Norman,1,CBFA2T3+FEV,WitnessCell_v14,0.03260869565217391
Norman,1,CBL+PTPN9,WitnessCell_v14,0.9891304347826086
Norman,1,CBL+TGFBR2,WitnessCell_v14,0.7391304347826086
Norman,1,CBL+UBASH3A,WitnessCell_v14,0.44565217391304346
Norman,1,CBL+UBASH3B,WitnessCell_v14,0.5217391304347826
Norman,1,CDKN1A+CDKN1B,WitnessCell_v14,1.0
Norman,1,CDKN1A+CDKN1C,WitnessCell_v14,0.9891304347826086
Norman,1,CEBPA+KLF1,WitnessCell_v14,0.9891304347826086
Norman,1,CEBPB+PTPN12,WitnessCell_v14,0.9891304347826086
Norman,1,CEBPE+CNN1,WitnessCell_v14,0.9021739130434783
Norman,1,CEBPE+ETS2,WitnessCell_v14,0.31521739130434784
Norman,1,CEBPE+KLF1,WitnessCell_v14,0.45652173913043476
Norman,1,CEBPE+PTPN12,WitnessCell_v14,0.9565217391304348
Norman,1,CEBPE+RUNX1T1,WitnessCell_v14,0.8043478260869565
Norman,1,CEBPE+SET,WitnessCell_v14,0.6195652173913043
Norman,1,CLDN6+KLF1,WitnessCell_v14,0.7608695652173914
Norman,1,CNN1+MAPK1,WitnessCell_v14,0.9891304347826086
Norman,1,CNN1+UBASH3A,WitnessCell_v14,0.2391304347826087
Norman,1,CNN1+UBASH3B,WitnessCell_v14,0.31521739130434784
Norman,1,COL2A1+KLF1,WitnessCell_v14,1.0
Norman,1,DLX2+SNAI1,WitnessCell_v14,0.1956521739130435
Norman,1,DLX2+ZBTB10,WitnessCell_v14,0.7934782608695652
Norman,1,DUSP9+ETS2,WitnessCell_v14,0.8369565217391305
Norman,1,DUSP9+KLF1,WitnessCell_v14,0.20652173913043478
Norman,1,ETS2+IGDCC3,WitnessCell_v14,0.967391304347826
Norman,1,ETS2+IKZF3,WitnessCell_v14,1.0
Norman,1,ETS2+MAP7D1,WitnessCell_v14,0.6630434782608695
Norman,1,ETS2+MAPK1,WitnessCell_v14,0.9565217391304348
Norman,1,ETS2+PRTG,WitnessCell_v14,1.0
Norman,1,ETS2+TGFBR2,WitnessCell_v14,0.6630434782608695
Norman,1,FEV+ISL2,WitnessCell_v14,0.16304347826086957
Norman,1,FEV+MAP7D1,WitnessCell_v14,0.33695652173913043
Norman,1,FOSB+PTPN12,WitnessCell_v14,0.8913043478260869
Norman,1,FOXA1+KLF1,WitnessCell_v14,0.717391304347826
Norman,1,IRF1+SET,WitnessCell_v14,1.0
Norman,1,KLF1+MAP2K6,WitnessCell_v14,0.6630434782608695
Norman,1,KLF1+TGFBR2,WitnessCell_v14,0.6304347826086957
Norman,1,OSR2+PTPN12,WitnessCell_v14,1.0
Norman,1,PTPN12+PTPN9,WitnessCell_v14,0.967391304347826
Norman,1,PTPN12+SAMD1,WitnessCell_v14,1.0
Norman,1,PTPN12+SNAI1,WitnessCell_v14,0.7608695652173914
Norman,1,PTPN12+UBASH3A,WitnessCell_v14,0.391304347826087
Norman,1,PTPN12+UBASH3B,WitnessCell_v14,0.7717391304347826
Norman,1,PTPN12+ZBTB10,WitnessCell_v14,1.0
Norman,1,PTPN12+ZBTB25,WitnessCell_v14,0.9130434782608695
Norman,1,RHOXF2+SET,WitnessCell_v14,0.8695652173913043
Norman,1,BAK1+TMSB4X,WitnessCell_v14,1.0
Norman,1,BPGM+SAMD1,WitnessCell_v14,1.0
Norman,1,CEBPA+CEBPB,WitnessCell_v14,0.9347826086956522
Norman,1,CEBPA+CEBPE,WitnessCell_v14,1.0
Norman,1,CEBPA+JUN,WitnessCell_v14,0.9456521739130435
Norman,1,CEBPB+CEBPE,WitnessCell_v14,1.0
Norman,1,CEBPB+LYL1,WitnessCell_v14,1.0
Norman,1,CEBPE+FOSB,WitnessCell_v14,0.6304347826086957
Norman,1,CEBPE+SPI1,WitnessCell_v14,0.5108695652173914
Norman,1,DUSP9+IGDCC3,WitnessCell_v14,0.7282608695652174
Norman,1,DUSP9+PRTG,WitnessCell_v14,0.6956521739130435
Norman,1,FOXA1+FOXA3,WitnessCell_v14,1.0
Norman,1,FOXL2+ZNF318,WitnessCell_v14,1.0
Norman,1,IKZF3+MAPK1,WitnessCell_v14,1.0
Norman,1,MAPK1+PRTG,WitnessCell_v14,1.0
Norman,1,UBASH3A+UBASH3B,WitnessCell_v14,1.0
Norman,1,UBASH3B+ZBTB25,WitnessCell_v14,1.0
Norman,1,ARID1A,WitnessCell_v14,0.5652173913043478
Norman,1,BCL2L11,WitnessCell_v14,0.9891304347826086
Norman,1,BCORL1,WitnessCell_v14,0.9782608695652174
Norman,1,CBL,WitnessCell_v14,0.9130434782608695
Norman,1,CDKN1B,WitnessCell_v14,1.0
Norman,1,CDKN1C,WitnessCell_v14,0.9782608695652174
Norman,1,CELF2,WitnessCell_v14,0.9130434782608695
Norman,1,CKS1B,WitnessCell_v14,0.6630434782608695
Norman,1,CNN1,WitnessCell_v14,0.7391304347826086
Norman,1,DLX2,WitnessCell_v14,0.8804347826086957
Norman,1,ETS2,WitnessCell_v14,0.6413043478260869
Norman,1,FEV,WitnessCell_v14,0.3804347826086957
Norman,1,HES7,WitnessCell_v14,0.2608695652173913
Norman,1,KLF1,WitnessCell_v14,0.5
Norman,1,NIT1,WitnessCell_v14,0.43478260869565216
Norman,1,PTPN12,WitnessCell_v14,0.9021739130434783
Norman,1,PTPN13,WitnessCell_v14,0.8152173913043478
Norman,1,RREB1,WitnessCell_v14,0.9347826086956522
Norman,1,RUNX1T1,WitnessCell_v14,1.0
Norman,1,SET,WitnessCell_v14,0.4891304347826087
Norman,1,CBL+CNN1,WitnessCell_v14,0.1956521739130435
Norman,1,CBL+PTPN12,WitnessCell_v14,0.44565217391304346
Norman,1,CDKN1B+CDKN1C,WitnessCell_v14,0.9239130434782609
Norman,1,CNN1+ETS2,WitnessCell_v14,0.9565217391304348
Norman,1,KLF1+SET,WitnessCell_v14,0.31521739130434784
Norman,1,AHR+FEV,WitnessCell_v13,0.29347826086956524
Norman,1,AHR+KLF1,WitnessCell_v13,0.31521739130434784
Norman,1,BAK1+BCL2L11,WitnessCell_v13,0.9021739130434783
Norman,1,BAK1+KLF1,WitnessCell_v13,0.6086956521739131
Norman,1,BCL2L11+TGFBR2,WitnessCell_v13,0.9782608695652174
Norman,1,CBFA2T3+FEV,WitnessCell_v13,0.03260869565217391
Norman,1,CBL+PTPN9,WitnessCell_v13,0.9891304347826086
Norman,1,CBL+TGFBR2,WitnessCell_v13,0.7391304347826086
Norman,1,CBL+UBASH3A,WitnessCell_v13,0.44565217391304346
Norman,1,CBL+UBASH3B,WitnessCell_v13,0.5217391304347826
Norman,1,CDKN1A+CDKN1B,WitnessCell_v13,1.0
Norman,1,CDKN1A+CDKN1C,WitnessCell_v13,0.9891304347826086
Norman,1,CEBPA+KLF1,WitnessCell_v13,0.9891304347826086
Norman,1,CEBPB+PTPN12,WitnessCell_v13,0.9891304347826086
Norman,1,CEBPE+CNN1,WitnessCell_v13,0.8913043478260869
Norman,1,CEBPE+ETS2,WitnessCell_v13,0.30434782608695654
Norman,1,CEBPE+KLF1,WitnessCell_v13,0.44565217391304346
Norman,1,CEBPE+PTPN12,WitnessCell_v13,0.9565217391304348
Norman,1,CEBPE+RUNX1T1,WitnessCell_v13,0.7934782608695652
Norman,1,CEBPE+SET,WitnessCell_v13,0.6086956521739131
Norman,1,CLDN6+KLF1,WitnessCell_v13,0.7608695652173914
Norman,1,CNN1+MAPK1,WitnessCell_v13,0.9891304347826086
Norman,1,CNN1+UBASH3A,WitnessCell_v13,0.2391304347826087
Norman,1,CNN1+UBASH3B,WitnessCell_v13,0.31521739130434784
Norman,1,COL2A1+KLF1,WitnessCell_v13,1.0
Norman,1,DLX2+SNAI1,WitnessCell_v13,0.1956521739130435
Norman,1,DLX2+ZBTB10,WitnessCell_v13,0.7934782608695652
Norman,1,DUSP9+ETS2,WitnessCell_v13,0.8369565217391305
Norman,1,DUSP9+KLF1,WitnessCell_v13,0.20652173913043478
Norman,1,ETS2+IGDCC3,WitnessCell_v13,0.967391304347826
Norman,1,ETS2+IKZF3,WitnessCell_v13,1.0
Norman,1,ETS2+MAP7D1,WitnessCell_v13,0.6630434782608695
Norman,1,ETS2+MAPK1,WitnessCell_v13,0.9565217391304348
Norman,1,ETS2+PRTG,WitnessCell_v13,1.0
Norman,1,ETS2+TGFBR2,WitnessCell_v13,0.6630434782608695
Norman,1,FEV+ISL2,WitnessCell_v13,0.16304347826086957
Norman,1,FEV+MAP7D1,WitnessCell_v13,0.31521739130434784
Norman,1,FOSB+PTPN12,WitnessCell_v13,0.8804347826086957
Norman,1,FOXA1+KLF1,WitnessCell_v13,0.6956521739130435
Norman,1,IRF1+SET,WitnessCell_v13,1.0
Norman,1,KLF1+MAP2K6,WitnessCell_v13,0.6521739130434783
Norman,1,KLF1+TGFBR2,WitnessCell_v13,0.6195652173913043
Norman,1,OSR2+PTPN12,WitnessCell_v13,1.0
Norman,1,PTPN12+PTPN9,WitnessCell_v13,0.967391304347826
Norman,1,PTPN12+SAMD1,WitnessCell_v13,1.0
Norman,1,PTPN12+SNAI1,WitnessCell_v13,0.7608695652173914
Norman,1,PTPN12+UBASH3A,WitnessCell_v13,0.391304347826087
Norman,1,PTPN12+UBASH3B,WitnessCell_v13,0.7717391304347826
Norman,1,PTPN12+ZBTB10,WitnessCell_v13,1.0
Norman,1,PTPN12+ZBTB25,WitnessCell_v13,0.9130434782608695
Norman,1,RHOXF2+SET,WitnessCell_v13,0.8586956521739131
Norman,1,BAK1+TMSB4X,WitnessCell_v13,1.0
Norman,1,BPGM+SAMD1,WitnessCell_v13,1.0
Norman,1,CEBPA+CEBPB,WitnessCell_v13,0.9347826086956522
Norman,1,CEBPA+CEBPE,WitnessCell_v13,1.0
Norman,1,CEBPA+JUN,WitnessCell_v13,0.9456521739130435
Norman,1,CEBPB+CEBPE,WitnessCell_v13,1.0
Norman,1,CEBPB+LYL1,WitnessCell_v13,1.0
Norman,1,CEBPE+FOSB,WitnessCell_v13,0.6195652173913043
Norman,1,CEBPE+SPI1,WitnessCell_v13,0.4891304347826087
Norman,1,DUSP9+IGDCC3,WitnessCell_v13,0.7282608695652174
Norman,1,DUSP9+PRTG,WitnessCell_v13,0.6956521739130435
Norman,1,FOXA1+FOXA3,WitnessCell_v13,1.0
Norman,1,FOXL2+ZNF318,WitnessCell_v13,1.0
Norman,1,IKZF3+MAPK1,WitnessCell_v13,1.0
Norman,1,MAPK1+PRTG,WitnessCell_v13,1.0
Norman,1,UBASH3A+UBASH3B,WitnessCell_v13,1.0
Norman,1,UBASH3B+ZBTB25,WitnessCell_v13,1.0
Norman,1,ARID1A,WitnessCell_v13,0.5652173913043478
Norman,1,BCL2L11,WitnessCell_v13,0.9891304347826086
Norman,1,BCORL1,WitnessCell_v13,0.9891304347826086
Norman,1,CBL,WitnessCell_v13,0.9130434782608695
Norman,1,CDKN1B,WitnessCell_v13,1.0
Norman,1,CDKN1C,WitnessCell_v13,0.9782608695652174
Norman,1,CELF2,WitnessCell_v13,0.9130434782608695
Norman,1,CKS1B,WitnessCell_v13,0.6630434782608695
Norman,1,CNN1,WitnessCell_v13,0.7391304347826086
Norman,1,DLX2,WitnessCell_v13,0.8804347826086957
Norman,1,ETS2,WitnessCell_v13,0.6413043478260869
Norman,1,FEV,WitnessCell_v13,0.358695652173913
Norman,1,HES7,WitnessCell_v13,0.2608695652173913
Norman,1,KLF1,WitnessCell_v13,0.5
Norman,1,NIT1,WitnessCell_v13,0.43478260869565216
Norman,1,PTPN12,WitnessCell_v13,0.9021739130434783
Norman,1,PTPN13,WitnessCell_v13,0.8152173913043478
Norman,1,RREB1,WitnessCell_v13,0.9347826086956522
Norman,1,RUNX1T1,WitnessCell_v13,1.0
Norman,1,SET,WitnessCell_v13,0.4782608695652174
Norman,1,CBL+CNN1,WitnessCell_v13,0.1956521739130435
Norman,1,CBL+PTPN12,WitnessCell_v13,0.44565217391304346
Norman,1,CDKN1B+CDKN1C,WitnessCell_v13,0.9239130434782609
Norman,1,CNN1+ETS2,WitnessCell_v13,0.9565217391304348
Norman,1,KLF1+SET,WitnessCell_v13,0.30434782608695654
Norman,1,AHR+FEV,trainMean,0.31521739130434784
Norman,1,AHR+KLF1,trainMean,0.30434782608695654
Norman,1,BAK1+BCL2L11,trainMean,0.8369565217391305
Norman,1,BAK1+KLF1,trainMean,0.6086956521739131
Norman,1,BCL2L11+TGFBR2,trainMean,0.9782608695652174
Norman,1,CBFA2T3+FEV,trainMean,0.03260869565217391
Norman,1,CBL+PTPN9,trainMean,0.9782608695652174
Norman,1,CBL+TGFBR2,trainMean,0.782608695652174
Norman,1,CBL+UBASH3A,trainMean,0.45652173913043476
Norman,1,CBL+UBASH3B,trainMean,0.6086956521739131
Norman,1,CDKN1A+CDKN1B,trainMean,1.0
Norman,1,CDKN1A+CDKN1C,trainMean,0.9891304347826086
Norman,1,CEBPA+KLF1,trainMean,0.9782608695652174
Norman,1,CEBPB+PTPN12,trainMean,0.9456521739130435
Norman,1,CEBPE+CNN1,trainMean,0.7608695652173914
Norman,1,CEBPE+ETS2,trainMean,0.20652173913043478
Norman,1,CEBPE+KLF1,trainMean,0.3804347826086957
Norman,1,CEBPE+PTPN12,trainMean,0.9021739130434783
Norman,1,CEBPE+RUNX1T1,trainMean,0.5652173913043478
Norman,1,CEBPE+SET,trainMean,0.5434782608695652
Norman,1,CLDN6+KLF1,trainMean,0.7717391304347826
Norman,1,CNN1+MAPK1,trainMean,0.9782608695652174
Norman,1,CNN1+UBASH3A,trainMean,0.2608695652173913
Norman,1,CNN1+UBASH3B,trainMean,0.32608695652173914
Norman,1,COL2A1+KLF1,trainMean,1.0
Norman,1,DLX2+SNAI1,trainMean,0.16304347826086957
Norman,1,DLX2+ZBTB10,trainMean,0.9021739130434783
Norman,1,DUSP9+ETS2,trainMean,0.6413043478260869
Norman,1,DUSP9+KLF1,trainMean,0.17391304347826086
Norman,1,ETS2+IGDCC3,trainMean,0.9565217391304348
Norman,1,ETS2+IKZF3,trainMean,1.0
Norman,1,ETS2+MAP7D1,trainMean,0.6847826086956522
Norman,1,ETS2+MAPK1,trainMean,1.0
Norman,1,ETS2+PRTG,trainMean,1.0
Norman,1,ETS2+TGFBR2,trainMean,0.6847826086956522
Norman,1,FEV+ISL2,trainMean,0.14130434782608695
Norman,1,FEV+MAP7D1,trainMean,0.30434782608695654
Norman,1,FOSB+PTPN12,trainMean,0.8695652173913043
Norman,1,FOXA1+KLF1,trainMean,0.5869565217391305
Norman,1,IRF1+SET,trainMean,1.0
Norman,1,KLF1+MAP2K6,trainMean,0.6521739130434783
Norman,1,KLF1+TGFBR2,trainMean,0.6304347826086957
Norman,1,OSR2+PTPN12,trainMean,1.0
Norman,1,PTPN12+PTPN9,trainMean,0.8913043478260869
Norman,1,PTPN12+SAMD1,trainMean,1.0
Norman,1,PTPN12+SNAI1,trainMean,0.8152173913043478
Norman,1,PTPN12+UBASH3A,trainMean,0.391304347826087
Norman,1,PTPN12+UBASH3B,trainMean,0.717391304347826
Norman,1,PTPN12+ZBTB10,trainMean,1.0
Norman,1,PTPN12+ZBTB25,trainMean,0.8478260869565217
Norman,1,RHOXF2+SET,trainMean,0.9347826086956522
Norman,1,BAK1+TMSB4X,trainMean,1.0
Norman,1,BPGM+SAMD1,trainMean,1.0
Norman,1,CEBPA+CEBPB,trainMean,0.9347826086956522
Norman,1,CEBPA+CEBPE,trainMean,1.0
Norman,1,CEBPA+JUN,trainMean,0.9782608695652174
Norman,1,CEBPB+CEBPE,trainMean,0.9891304347826086
Norman,1,CEBPB+LYL1,trainMean,1.0
Norman,1,CEBPE+FOSB,trainMean,0.358695652173913
Norman,1,CEBPE+SPI1,trainMean,0.8369565217391305
Norman,1,DUSP9+IGDCC3,trainMean,0.9021739130434783
Norman,1,DUSP9+PRTG,trainMean,0.8913043478260869
Norman,1,FOXA1+FOXA3,trainMean,1.0
Norman,1,FOXL2+ZNF318,trainMean,1.0
Norman,1,IKZF3+MAPK1,trainMean,0.9891304347826086
Norman,1,MAPK1+PRTG,trainMean,1.0
Norman,1,UBASH3A+UBASH3B,trainMean,1.0
Norman,1,UBASH3B+ZBTB25,trainMean,1.0
Norman,1,ARID1A,trainMean,0.5434782608695652
Norman,1,BCL2L11,trainMean,0.9891304347826086
Norman,1,BCORL1,trainMean,0.967391304347826
Norman,1,CBL,trainMean,0.9130434782608695
Norman,1,CDKN1B,trainMean,0.9347826086956522
Norman,1,CDKN1C,trainMean,0.7717391304347826
Norman,1,CELF2,trainMean,0.8913043478260869
Norman,1,CKS1B,trainMean,0.6195652173913043
Norman,1,CNN1,trainMean,0.7065217391304348
Norman,1,DLX2,trainMean,0.8043478260869565
Norman,1,ETS2,trainMean,0.6956521739130435
Norman,1,FEV,trainMean,0.33695652173913043
Norman,1,HES7,trainMean,0.21739130434782608
Norman,1,KLF1,trainMean,0.5760869565217391
Norman,1,NIT1,trainMean,0.44565217391304346
Norman,1,PTPN12,trainMean,0.8586956521739131
Norman,1,PTPN13,trainMean,0.8152173913043478
Norman,1,RREB1,trainMean,0.9456521739130435
Norman,1,RUNX1T1,trainMean,1.0
Norman,1,SET,trainMean,0.5108695652173914
Norman,1,CBL+CNN1,trainMean,0.21739130434782608
Norman,1,CBL+PTPN12,trainMean,0.43478260869565216
Norman,1,CDKN1B+CDKN1C,trainMean,0.7717391304347826
Norman,1,CNN1+ETS2,trainMean,0.9456521739130435
Norman,1,KLF1+SET,trainMean,0.30434782608695654
Norman,1,AHR+FEV,baseControl,0.09782608695652174
Norman,1,AHR+KLF1,baseControl,0.6086956521739131
Norman,1,BAK1+BCL2L11,baseControl,0.967391304347826
Norman,1,BAK1+KLF1,baseControl,0.75
Norman,1,BCL2L11+TGFBR2,baseControl,0.9782608695652174
Norman,1,CBFA2T3+FEV,baseControl,0.043478260869565216
Norman,1,CBL+PTPN9,baseControl,0.5434782608695652
Norman,1,CBL+TGFBR2,baseControl,0.6304347826086957
Norman,1,CBL+UBASH3A,baseControl,0.40217391304347827
Norman,1,CBL+UBASH3B,baseControl,0.22826086956521738
Norman,1,CDKN1A+CDKN1B,baseControl,0.3804347826086957
Norman,1,CDKN1A+CDKN1C,baseControl,0.358695652173913
Norman,1,CEBPA+KLF1,baseControl,0.07608695652173914
Norman,1,CEBPB+PTPN12,baseControl,0.5978260869565217
Norman,1,CEBPE+CNN1,baseControl,0.5869565217391305
Norman,1,CEBPE+ETS2,baseControl,0.29347826086956524
Norman,1,CEBPE+KLF1,baseControl,0.7934782608695652
Norman,1,CEBPE+PTPN12,baseControl,0.7717391304347826
Norman,1,CEBPE+RUNX1T1,baseControl,0.6847826086956522
Norman,1,CEBPE+SET,baseControl,0.5543478260869565
Norman,1,CLDN6+KLF1,baseControl,0.2717391304347826
Norman,1,CNN1+MAPK1,baseControl,0.6521739130434783
Norman,1,CNN1+UBASH3A,baseControl,0.18478260869565216
Norman,1,CNN1+UBASH3B,baseControl,0.13043478260869565
Norman,1,COL2A1+KLF1,baseControl,0.44565217391304346
Norman,1,DLX2+SNAI1,baseControl,0.10869565217391304
Norman,1,DLX2+ZBTB10,baseControl,0.021739130434782608
Norman,1,DUSP9+ETS2,baseControl,0.6195652173913043
Norman,1,DUSP9+KLF1,baseControl,0.25
Norman,1,ETS2+IGDCC3,baseControl,0.8043478260869565
Norman,1,ETS2+IKZF3,baseControl,0.15217391304347827
Norman,1,ETS2+MAP7D1,baseControl,0.5652173913043478
Norman,1,ETS2+MAPK1,baseControl,0.14130434782608695
Norman,1,ETS2+PRTG,baseControl,0.7065217391304348
Norman,1,ETS2+TGFBR2,baseControl,0.9347826086956522
Norman,1,FEV+ISL2,baseControl,0.11956521739130435
Norman,1,FEV+MAP7D1,baseControl,0.2608695652173913
Norman,1,FOSB+PTPN12,baseControl,0.8586956521739131
Norman,1,FOXA1+KLF1,baseControl,0.532608695652174
Norman,1,IRF1+SET,baseControl,0.17391304347826086
Norman,1,KLF1+MAP2K6,baseControl,0.6956521739130435
Norman,1,KLF1+TGFBR2,baseControl,0.6630434782608695
Norman,1,OSR2+PTPN12,baseControl,0.9456521739130435
Norman,1,PTPN12+PTPN9,baseControl,0.5
Norman,1,PTPN12+SAMD1,baseControl,0.33695652173913043
Norman,1,PTPN12+SNAI1,baseControl,0.782608695652174
Norman,1,PTPN12+UBASH3A,baseControl,0.30434782608695654
Norman,1,PTPN12+UBASH3B,baseControl,0.31521739130434784
Norman,1,PTPN12+ZBTB10,baseControl,0.34782608695652173
Norman,1,PTPN12+ZBTB25,baseControl,0.3695652173913043
Norman,1,RHOXF2+SET,baseControl,0.21739130434782608
Norman,1,BAK1+TMSB4X,baseControl,0.9239130434782609
Norman,1,BPGM+SAMD1,baseControl,0.4782608695652174
Norman,1,CEBPA+CEBPB,baseControl,0.05434782608695652
Norman,1,CEBPA+CEBPE,baseControl,0.03260869565217391
Norman,1,CEBPA+JUN,baseControl,0.0
Norman,1,CEBPB+CEBPE,baseControl,0.08695652173913043
Norman,1,CEBPB+LYL1,baseControl,0.4891304347826087
Norman,1,CEBPE+FOSB,baseControl,0.06521739130434782
Norman,1,CEBPE+SPI1,baseControl,0.010869565217391304
Norman,1,DUSP9+IGDCC3,baseControl,0.20652173913043478
Norman,1,DUSP9+PRTG,baseControl,0.2391304347826087
Norman,1,FOXA1+FOXA3,baseControl,0.32608695652173914
Norman,1,FOXL2+ZNF318,baseControl,0.6413043478260869
Norman,1,IKZF3+MAPK1,baseControl,0.2826086956521739
Norman,1,MAPK1+PRTG,baseControl,0.717391304347826
Norman,1,UBASH3A+UBASH3B,baseControl,0.8478260869565217
Norman,1,UBASH3B+ZBTB25,baseControl,0.41304347826086957
Norman,1,ARID1A,baseControl,0.43478260869565216
Norman,1,BCL2L11,baseControl,1.0
Norman,1,BCORL1,baseControl,0.9565217391304348
Norman,1,CBL,baseControl,0.8913043478260869
Norman,1,CDKN1B,baseControl,0.8152173913043478
Norman,1,CDKN1C,baseControl,0.6739130434782609
Norman,1,CELF2,baseControl,0.9130434782608695
Norman,1,CKS1B,baseControl,0.5760869565217391
Norman,1,CNN1,baseControl,0.7282608695652174
Norman,1,DLX2,baseControl,0.8260869565217391
Norman,1,ETS2,baseControl,0.7608695652173914
Norman,1,FEV,baseControl,0.4673913043478261
Norman,1,HES7,baseControl,0.1956521739130435
Norman,1,KLF1,baseControl,0.7391304347826086
Norman,1,NIT1,baseControl,0.45652173913043476
Norman,1,PTPN12,baseControl,0.8695652173913043
Norman,1,PTPN13,baseControl,0.8369565217391305
Norman,1,RREB1,baseControl,0.9021739130434783
Norman,1,RUNX1T1,baseControl,0.9891304347826086
Norman,1,SET,baseControl,0.5108695652173914
Norman,1,CBL+CNN1,baseControl,0.16304347826086957
Norman,1,CBL+PTPN12,baseControl,0.391304347826087
Norman,1,CDKN1B+CDKN1C,baseControl,0.42391304347826086
Norman,1,CNN1+ETS2,baseControl,0.8804347826086957
Norman,1,KLF1+SET,baseControl,0.5217391304347826
Norman,2,BAK1+BCL2L11,WitnessCell_v14,0.8235294117647058
Norman,2,BAK1+KLF1,WitnessCell_v14,1.0
Norman,2,BAK1+TMSB4X,WitnessCell_v14,1.0
Norman,2,BPGM+SAMD1,WitnessCell_v14,1.0
Norman,2,BPGM+ZBTB1,WitnessCell_v14,1.0
Norman,2,CBFA2T3+POU3F2,WitnessCell_v14,0.7176470588235294
Norman,2,CBL+CNN1,WitnessCell_v14,0.23529411764705882
Norman,2,CBL+UBASH3A,WitnessCell_v14,0.5058823529411764
Norman,2,CEBPA+CEBPE,WitnessCell_v14,1.0
Norman,2,CEBPA+JUN,WitnessCell_v14,0.9411764705882353
Norman,2,CEBPB+CEBPE,WitnessCell_v14,0.8941176470588236
Norman,2,CEBPB+JUN,WitnessCell_v14,0.6823529411764706
Norman,2,CEBPE+ETS2,WitnessCell_v14,0.8941176470588236
Norman,2,CEBPE+FOSB,WitnessCell_v14,0.3058823529411765
Norman,2,CEBPE+KLF1,WitnessCell_v14,1.0
Norman,2,CEBPE+PTPN12,WitnessCell_v14,0.9176470588235294
Norman,2,CEBPE+RUNX1T1,WitnessCell_v14,0.9529411764705882
Norman,2,CEBPE+SET,WitnessCell_v14,1.0
Norman,2,CEBPE+ZC3HAV1,WitnessCell_v14,0.9882352941176471
Norman,2,CNN1+ETS2,WitnessCell_v14,0.9882352941176471
Norman,2,CNN1+MAPK1,WitnessCell_v14,1.0
Norman,2,CNN1+UBASH3B,WitnessCell_v14,0.5176470588235295
Norman,2,DUSP9+IGDCC3,WitnessCell_v14,1.0
Norman,2,ETS2+IGDCC3,WitnessCell_v14,0.9176470588235294
Norman,2,FOXA1+FOXA3,WitnessCell_v14,0.9764705882352941
Norman,2,FOXA1+FOXF1,WitnessCell_v14,0.8823529411764706
Norman,2,FOXA1+HOXB9,WitnessCell_v14,0.9882352941176471
Norman,2,FOXA1+KLF1,WitnessCell_v14,0.9764705882352941
Norman,2,FOXA3+FOXL2,WitnessCell_v14,0.7764705882352941
Norman,2,FOXF1+FOXL2,WitnessCell_v14,0.4
Norman,2,FOXL2+HOXB9,WitnessCell_v14,0.6235294117647059
Norman,2,FOXL2+MEIS1,WitnessCell_v14,0.7294117647058823
Norman,2,FOXL2+ZNF318,WitnessCell_v14,0.9882352941176471
Norman,2,IGDCC3+MAPK1,WitnessCell_v14,0.9882352941176471
Norman,2,IGDCC3+PRTG,WitnessCell_v14,0.9764705882352941
Norman,2,IGDCC3+TGFBR2,WitnessCell_v14,0.8470588235294118
Norman,2,IGDCC3+ZBTB25,WitnessCell_v14,0.7294117647058823
Norman,2,KIF18B+KIF2C,WitnessCell_v14,0.8470588235294118
Norman,2,MAP2K6+SPI1,WitnessCell_v14,0.8823529411764706
Norman,2,PTPN12+UBASH3A,WitnessCell_v14,0.9882352941176471
Norman,2,UBASH3A+UBASH3B,WitnessCell_v14,1.0
Norman,2,CBFA2T3+FEV,WitnessCell_v14,0.4
Norman,2,CBFA2T3+PRDM1,WitnessCell_v14,1.0
Norman,2,CBL+TGFBR2,WitnessCell_v14,0.7058823529411765
Norman,2,CEBPB+FOSB,WitnessCell_v14,0.9294117647058824
Norman,2,CLDN6+KLF1,WitnessCell_v14,1.0
Norman,2,DLX2+SNAI1,WitnessCell_v14,1.0
Norman,2,ETS2+MAPK1,WitnessCell_v14,1.0
Norman,2,FEV+ISL2,WitnessCell_v14,1.0
Norman,2,FOSB+OSR2,WitnessCell_v14,1.0
Norman,2,FOSB+PTPN12,WitnessCell_v14,0.9882352941176471
Norman,2,FOSB+UBASH3B,WitnessCell_v14,1.0
Norman,2,FOXA3+FOXF1,WitnessCell_v14,0.9882352941176471
Norman,2,FOXF1+HOXB9,WitnessCell_v14,1.0
Norman,2,HOXC13+ZC3HAV1,WitnessCell_v14,1.0
Norman,2,IRF1+SET,WitnessCell_v14,0.9176470588235294
Norman,2,KLF1+SET,WitnessCell_v14,1.0
Norman,2,MAP2K3+MAP2K6,WitnessCell_v14,1.0
Norman,2,PTPN12+ZBTB10,WitnessCell_v14,1.0
Norman,2,SGK1+TBX2,WitnessCell_v14,1.0
Norman,2,SGK1+TBX3,WitnessCell_v14,1.0
Norman,2,BAK1,WitnessCell_v14,0.9529411764705882
Norman,2,BPGM,WitnessCell_v14,0.8588235294117647
Norman,2,CEBPE,WitnessCell_v14,0.2823529411764706
Norman,2,CNN1,WitnessCell_v14,0.7529411764705882
Norman,2,COL1A1,WitnessCell_v14,0.5764705882352941
Norman,2,FOXA1,WitnessCell_v14,0.9882352941176471
Norman,2,FOXL2,WitnessCell_v14,0.9176470588235294
Norman,2,HES7,WitnessCell_v14,0.24705882352941178
Norman,2,HNF4A,WitnessCell_v14,0.5294117647058824
Norman,2,HOXA13,WitnessCell_v14,0.3411764705882353
Norman,2,IGDCC3,WitnessCell_v14,0.7647058823529411
Norman,2,JUN,WitnessCell_v14,0.7176470588235294
Norman,2,KIF2C,WitnessCell_v14,0.9882352941176471
Norman,2,NCL,WitnessCell_v14,0.9529411764705882
Norman,2,POU3F2,WitnessCell_v14,0.9529411764705882
Norman,2,PTPN13,WitnessCell_v14,0.7647058823529411
Norman,2,RREB1,WitnessCell_v14,0.8941176470588236
Norman,2,SLC4A1,WitnessCell_v14,0.5764705882352941
Norman,2,SPI1,WitnessCell_v14,0.36470588235294116
Norman,2,UBASH3A,WitnessCell_v14,1.0
Norman,2,CEBPE+CNN1,WitnessCell_v14,0.8235294117647058
Norman,2,CEBPE+SPI1,WitnessCell_v14,0.023529411764705882
Norman,2,CNN1+UBASH3A,WitnessCell_v14,0.3176470588235294
Norman,2,FOXA1+FOXL2,WitnessCell_v14,0.7176470588235294
Norman,2,FOXL2+POU3F2,WitnessCell_v14,0.5882352941176471
Norman,2,BAK1+BCL2L11,WitnessCell_v13,0.8235294117647058
Norman,2,BAK1+KLF1,WitnessCell_v13,1.0
Norman,2,BAK1+TMSB4X,WitnessCell_v13,1.0
Norman,2,BPGM+SAMD1,WitnessCell_v13,1.0
Norman,2,BPGM+ZBTB1,WitnessCell_v13,1.0
Norman,2,CBFA2T3+POU3F2,WitnessCell_v13,0.7294117647058823
Norman,2,CBL+CNN1,WitnessCell_v13,0.23529411764705882
Norman,2,CBL+UBASH3A,WitnessCell_v13,0.5058823529411764
Norman,2,CEBPA+CEBPE,WitnessCell_v13,1.0
Norman,2,CEBPA+JUN,WitnessCell_v13,0.9411764705882353
Norman,2,CEBPB+CEBPE,WitnessCell_v13,0.8941176470588236
Norman,2,CEBPB+JUN,WitnessCell_v13,0.6823529411764706
Norman,2,CEBPE+ETS2,WitnessCell_v13,0.8823529411764706
Norman,2,CEBPE+FOSB,WitnessCell_v13,0.2823529411764706
Norman,2,CEBPE+KLF1,WitnessCell_v13,0.9882352941176471
Norman,2,CEBPE+PTPN12,WitnessCell_v13,0.9058823529411765
Norman,2,CEBPE+RUNX1T1,WitnessCell_v13,0.9529411764705882
Norman,2,CEBPE+SET,WitnessCell_v13,1.0
Norman,2,CEBPE+ZC3HAV1,WitnessCell_v13,0.9882352941176471
Norman,2,CNN1+ETS2,WitnessCell_v13,0.9882352941176471
Norman,2,CNN1+MAPK1,WitnessCell_v13,1.0
Norman,2,CNN1+UBASH3B,WitnessCell_v13,0.5176470588235295
Norman,2,DUSP9+IGDCC3,WitnessCell_v13,1.0
Norman,2,ETS2+IGDCC3,WitnessCell_v13,0.9176470588235294
Norman,2,FOXA1+FOXA3,WitnessCell_v13,0.9764705882352941
Norman,2,FOXA1+FOXF1,WitnessCell_v13,0.8823529411764706
Norman,2,FOXA1+HOXB9,WitnessCell_v13,0.9882352941176471
Norman,2,FOXA1+KLF1,WitnessCell_v13,0.9764705882352941
Norman,2,FOXA3+FOXL2,WitnessCell_v13,0.7764705882352941
Norman,2,FOXF1+FOXL2,WitnessCell_v13,0.4
Norman,2,FOXL2+HOXB9,WitnessCell_v13,0.6235294117647059
Norman,2,FOXL2+MEIS1,WitnessCell_v13,0.7294117647058823
Norman,2,FOXL2+ZNF318,WitnessCell_v13,0.9882352941176471
Norman,2,IGDCC3+MAPK1,WitnessCell_v13,0.9882352941176471
Norman,2,IGDCC3+PRTG,WitnessCell_v13,0.9764705882352941
Norman,2,IGDCC3+TGFBR2,WitnessCell_v13,0.8470588235294118
Norman,2,IGDCC3+ZBTB25,WitnessCell_v13,0.7294117647058823
Norman,2,KIF18B+KIF2C,WitnessCell_v13,0.8470588235294118
Norman,2,MAP2K6+SPI1,WitnessCell_v13,0.8823529411764706
Norman,2,PTPN12+UBASH3A,WitnessCell_v13,0.9882352941176471
Norman,2,UBASH3A+UBASH3B,WitnessCell_v13,1.0
Norman,2,CBFA2T3+FEV,WitnessCell_v13,0.4
Norman,2,CBFA2T3+PRDM1,WitnessCell_v13,1.0
Norman,2,CBL+TGFBR2,WitnessCell_v13,0.7058823529411765
Norman,2,CEBPB+FOSB,WitnessCell_v13,0.9294117647058824
Norman,2,CLDN6+KLF1,WitnessCell_v13,1.0
Norman,2,DLX2+SNAI1,WitnessCell_v13,1.0
Norman,2,ETS2+MAPK1,WitnessCell_v13,1.0
Norman,2,FEV+ISL2,WitnessCell_v13,1.0
Norman,2,FOSB+OSR2,WitnessCell_v13,1.0
Norman,2,FOSB+PTPN12,WitnessCell_v13,0.9882352941176471
Norman,2,FOSB+UBASH3B,WitnessCell_v13,1.0
Norman,2,FOXA3+FOXF1,WitnessCell_v13,0.9882352941176471
Norman,2,FOXF1+HOXB9,WitnessCell_v13,1.0
Norman,2,HOXC13+ZC3HAV1,WitnessCell_v13,1.0
Norman,2,IRF1+SET,WitnessCell_v13,0.9176470588235294
Norman,2,KLF1+SET,WitnessCell_v13,1.0
Norman,2,MAP2K3+MAP2K6,WitnessCell_v13,1.0
Norman,2,PTPN12+ZBTB10,WitnessCell_v13,1.0
Norman,2,SGK1+TBX2,WitnessCell_v13,1.0
Norman,2,SGK1+TBX3,WitnessCell_v13,1.0
Norman,2,BAK1,WitnessCell_v13,0.9529411764705882
Norman,2,BPGM,WitnessCell_v13,0.8588235294117647
Norman,2,CEBPE,WitnessCell_v13,0.2823529411764706
Norman,2,CNN1,WitnessCell_v13,0.7529411764705882
Norman,2,COL1A1,WitnessCell_v13,0.5764705882352941
Norman,2,FOXA1,WitnessCell_v13,0.9882352941176471
Norman,2,FOXL2,WitnessCell_v13,0.9176470588235294
Norman,2,HES7,WitnessCell_v13,0.24705882352941178
Norman,2,HNF4A,WitnessCell_v13,0.5294117647058824
Norman,2,HOXA13,WitnessCell_v13,0.3411764705882353
Norman,2,IGDCC3,WitnessCell_v13,0.7647058823529411
Norman,2,JUN,WitnessCell_v13,0.7176470588235294
Norman,2,KIF2C,WitnessCell_v13,0.9882352941176471
Norman,2,NCL,WitnessCell_v13,0.9294117647058824
Norman,2,POU3F2,WitnessCell_v13,0.9529411764705882
Norman,2,PTPN13,WitnessCell_v13,0.7647058823529411
Norman,2,RREB1,WitnessCell_v13,0.8941176470588236
Norman,2,SLC4A1,WitnessCell_v13,0.5764705882352941
Norman,2,SPI1,WitnessCell_v13,0.36470588235294116
Norman,2,UBASH3A,WitnessCell_v13,1.0
Norman,2,CEBPE+CNN1,WitnessCell_v13,0.8235294117647058
Norman,2,CEBPE+SPI1,WitnessCell_v13,0.023529411764705882
Norman,2,CNN1+UBASH3A,WitnessCell_v13,0.3176470588235294
Norman,2,FOXA1+FOXL2,WitnessCell_v13,0.7176470588235294
Norman,2,FOXL2+POU3F2,WitnessCell_v13,0.5882352941176471
Norman,2,BAK1+BCL2L11,trainMean,0.7764705882352941
Norman,2,BAK1+KLF1,trainMean,1.0
Norman,2,BAK1+TMSB4X,trainMean,1.0
Norman,2,BPGM+SAMD1,trainMean,1.0
Norman,2,BPGM+ZBTB1,trainMean,1.0
Norman,2,CBFA2T3+POU3F2,trainMean,0.6823529411764706
Norman,2,CBL+CNN1,trainMean,0.2
Norman,2,CBL+UBASH3A,trainMean,0.3764705882352941
Norman,2,CEBPA+CEBPE,trainMean,1.0
Norman,2,CEBPA+JUN,trainMean,0.9647058823529412
Norman,2,CEBPB+CEBPE,trainMean,0.9882352941176471
Norman,2,CEBPB+JUN,trainMean,0.8588235294117647
Norman,2,CEBPE+ETS2,trainMean,0.9411764705882353
Norman,2,CEBPE+FOSB,trainMean,0.21176470588235294
Norman,2,CEBPE+KLF1,trainMean,0.9764705882352941
Norman,2,CEBPE+PTPN12,trainMean,0.8470588235294118
Norman,2,CEBPE+RUNX1T1,trainMean,0.788235294117647
Norman,2,CEBPE+SET,trainMean,1.0
Norman,2,CEBPE+ZC3HAV1,trainMean,0.9294117647058824
Norman,2,CNN1+ETS2,trainMean,0.9529411764705882
Norman,2,CNN1+MAPK1,trainMean,0.9882352941176471
Norman,2,CNN1+UBASH3B,trainMean,0.3058823529411765
Norman,2,DUSP9+IGDCC3,trainMean,1.0
Norman,2,ETS2+IGDCC3,trainMean,0.9058823529411765
Norman,2,FOXA1+FOXA3,trainMean,0.9882352941176471
Norman,2,FOXA1+FOXF1,trainMean,0.8117647058823529
Norman,2,FOXA1+HOXB9,trainMean,0.9882352941176471
Norman,2,FOXA1+KLF1,trainMean,0.9882352941176471
Norman,2,FOXA3+FOXL2,trainMean,0.5764705882352941
Norman,2,FOXF1+FOXL2,trainMean,0.36470588235294116
Norman,2,FOXL2+HOXB9,trainMean,0.4823529411764706
Norman,2,FOXL2+MEIS1,trainMean,0.6823529411764706
Norman,2,FOXL2+ZNF318,trainMean,0.9764705882352941
Norman,2,IGDCC3+MAPK1,trainMean,0.9647058823529412
Norman,2,IGDCC3+PRTG,trainMean,0.9764705882352941
Norman,2,IGDCC3+TGFBR2,trainMean,0.8470588235294118
Norman,2,IGDCC3+ZBTB25,trainMean,0.8
Norman,2,KIF18B+KIF2C,trainMean,0.8
Norman,2,MAP2K6+SPI1,trainMean,0.7647058823529411
Norman,2,PTPN12+UBASH3A,trainMean,0.9529411764705882
Norman,2,UBASH3A+UBASH3B,trainMean,1.0
Norman,2,CBFA2T3+FEV,trainMean,0.3176470588235294
Norman,2,CBFA2T3+PRDM1,trainMean,1.0
Norman,2,CBL+TGFBR2,trainMean,0.7411764705882353
Norman,2,CEBPB+FOSB,trainMean,0.9764705882352941
Norman,2,CLDN6+KLF1,trainMean,1.0
Norman,2,DLX2+SNAI1,trainMean,0.9882352941176471
Norman,2,ETS2+MAPK1,trainMean,1.0
Norman,2,FEV+ISL2,trainMean,1.0
Norman,2,FOSB+OSR2,trainMean,1.0
Norman,2,FOSB+PTPN12,trainMean,0.9764705882352941
Norman,2,FOSB+UBASH3B,trainMean,1.0
Norman,2,FOXA3+FOXF1,trainMean,0.9647058823529412
Norman,2,FOXF1+HOXB9,trainMean,1.0
Norman,2,HOXC13+ZC3HAV1,trainMean,1.0
Norman,2,IRF1+SET,trainMean,0.9764705882352941
Norman,2,KLF1+SET,trainMean,1.0
Norman,2,MAP2K3+MAP2K6,trainMean,0.9882352941176471
Norman,2,PTPN12+ZBTB10,trainMean,1.0
Norman,2,SGK1+TBX2,trainMean,1.0
Norman,2,SGK1+TBX3,trainMean,1.0
Norman,2,BAK1,trainMean,0.9647058823529412
Norman,2,BPGM,trainMean,0.7764705882352941
Norman,2,CEBPE,trainMean,0.23529411764705882
Norman,2,CNN1,trainMean,0.6823529411764706
Norman,2,COL1A1,trainMean,0.4470588235294118
Norman,2,FOXA1,trainMean,0.9764705882352941
Norman,2,FOXL2,trainMean,0.8705882352941177
Norman,2,HES7,trainMean,0.21176470588235294
Norman,2,HNF4A,trainMean,0.5176470588235295
Norman,2,HOXA13,trainMean,0.3176470588235294
Norman,2,IGDCC3,trainMean,0.788235294117647
Norman,2,JUN,trainMean,0.6470588235294118
Norman,2,KIF2C,trainMean,0.9882352941176471
Norman,2,NCL,trainMean,0.9411764705882353
Norman,2,POU3F2,trainMean,0.9058823529411765
Norman,2,PTPN13,trainMean,0.8
Norman,2,RREB1,trainMean,0.9176470588235294
Norman,2,SLC4A1,trainMean,0.6
Norman,2,SPI1,trainMean,0.29411764705882354
Norman,2,UBASH3A,trainMean,1.0
Norman,2,CEBPE+CNN1,trainMean,0.7176470588235294
Norman,2,CEBPE+SPI1,trainMean,0.023529411764705882
Norman,2,CNN1+UBASH3A,trainMean,0.23529411764705882
Norman,2,FOXA1+FOXL2,trainMean,0.5764705882352941
Norman,2,FOXL2+POU3F2,trainMean,0.4823529411764706
Norman,2,BAK1+BCL2L11,baseControl,0.9647058823529412
Norman,2,BAK1+KLF1,baseControl,0.7176470588235294
Norman,2,BAK1+TMSB4X,baseControl,0.9058823529411765
Norman,2,BPGM+SAMD1,baseControl,0.47058823529411764
Norman,2,BPGM+ZBTB1,baseControl,0.5294117647058824
Norman,2,CBFA2T3+POU3F2,baseControl,0.36470588235294116
Norman,2,CBL+CNN1,baseControl,0.17647058823529413
Norman,2,CBL+UBASH3A,baseControl,0.4588235294117647
Norman,2,CEBPA+CEBPE,baseControl,0.023529411764705882
Norman,2,CEBPA+JUN,baseControl,0.0
Norman,2,CEBPB+CEBPE,baseControl,0.08235294117647059
Norman,2,CEBPB+JUN,baseControl,0.047058823529411764
Norman,2,CEBPE+ETS2,baseControl,0.32941176470588235
Norman,2,CEBPE+FOSB,baseControl,0.07058823529411765
Norman,2,CEBPE+KLF1,baseControl,0.7647058823529411
Norman,2,CEBPE+PTPN12,baseControl,0.7411764705882353
Norman,2,CEBPE+RUNX1T1,baseControl,0.6588235294117647
Norman,2,CEBPE+SET,baseControl,0.5764705882352941
Norman,2,CEBPE+ZC3HAV1,baseControl,0.8823529411764706
Norman,2,CNN1+ETS2,baseControl,0.8470588235294118
Norman,2,CNN1+MAPK1,baseControl,0.6470588235294118
Norman,2,CNN1+UBASH3B,baseControl,0.1411764705882353
Norman,2,DUSP9+IGDCC3,baseControl,0.23529411764705882
Norman,2,ETS2+IGDCC3,baseControl,0.8
Norman,2,FOXA1+FOXA3,baseControl,0.3764705882352941
Norman,2,FOXA1+FOXF1,baseControl,0.4470588235294118
Norman,2,FOXA1+HOXB9,baseControl,0.27058823529411763
Norman,2,FOXA1+KLF1,baseControl,0.5647058823529412
Norman,2,FOXA3+FOXL2,baseControl,0.16470588235294117
Norman,2,FOXF1+FOXL2,baseControl,0.2235294117647059
Norman,2,FOXL2+HOXB9,baseControl,0.10588235294117647
Norman,2,FOXL2+MEIS1,baseControl,0.4
Norman,2,FOXL2+ZNF318,baseControl,0.6235294117647059
Norman,2,IGDCC3+MAPK1,baseControl,0.7294117647058823
Norman,2,IGDCC3+PRTG,baseControl,0.5529411764705883
Norman,2,IGDCC3+TGFBR2,baseControl,0.6352941176470588
Norman,2,IGDCC3+ZBTB25,baseControl,0.35294117647058826
Norman,2,KIF18B+KIF2C,baseControl,0.8705882352941177
Norman,2,MAP2K6+SPI1,baseControl,0.7529411764705882
Norman,2,PTPN12+UBASH3A,baseControl,0.3411764705882353
Norman,2,UBASH3A+UBASH3B,baseControl,0.8235294117647058
Norman,2,CBFA2T3+FEV,baseControl,0.03529411764705882
Norman,2,CBFA2T3+PRDM1,baseControl,0.09411764705882353
Norman,2,CBL+TGFBR2,baseControl,0.611764705882353
Norman,2,CEBPB+FOSB,baseControl,0.058823529411764705
Norman,2,CLDN6+KLF1,baseControl,0.3058823529411765
Norman,2,DLX2+SNAI1,baseControl,0.11764705882352941
Norman,2,ETS2+MAPK1,baseControl,0.15294117647058825
Norman,2,FEV+ISL2,baseControl,0.12941176470588237
Norman,2,FOSB+OSR2,baseControl,0.24705882352941178
Norman,2,FOSB+PTPN12,baseControl,0.8352941176470589
Norman,2,FOSB+UBASH3B,baseControl,0.9176470588235294
Norman,2,FOXA3+FOXF1,baseControl,0.43529411764705883
Norman,2,FOXF1+HOXB9,baseControl,0.5176470588235295
Norman,2,HOXC13+ZC3HAV1,baseControl,0.6705882352941176
Norman,2,IRF1+SET,baseControl,0.18823529411764706
Norman,2,KLF1+SET,baseControl,0.5411764705882353
Norman,2,MAP2K3+MAP2K6,baseControl,0.9411764705882353
Norman,2,PTPN12+ZBTB10,baseControl,0.38823529411764707
Norman,2,SGK1+TBX2,baseControl,0.4823529411764706
Norman,2,SGK1+TBX3,baseControl,0.4235294117647059
Norman,2,BAK1,baseControl,1.0
Norman,2,BPGM,baseControl,0.788235294117647
Norman,2,CEBPE,baseControl,0.25882352941176473
Norman,2,CNN1,baseControl,0.6823529411764706
Norman,2,COL1A1,baseControl,0.5058823529411764
Norman,2,FOXA1,baseControl,0.9294117647058824
Norman,2,FOXL2,baseControl,0.7764705882352941
Norman,2,HES7,baseControl,0.21176470588235294
Norman,2,HNF4A,baseControl,0.49411764705882355
Norman,2,HOXA13,baseControl,0.29411764705882354
Norman,2,IGDCC3,baseControl,0.7058823529411765
Norman,2,JUN,baseControl,0.6
Norman,2,KIF2C,baseControl,0.9764705882352941
Norman,2,NCL,baseControl,0.9529411764705882
Norman,2,POU3F2,baseControl,0.8588235294117647
Norman,2,PTPN13,baseControl,0.8117647058823529
Norman,2,RREB1,baseControl,0.8941176470588236
Norman,2,SLC4A1,baseControl,0.6941176470588235
Norman,2,SPI1,baseControl,0.2823529411764706
Norman,2,UBASH3A,baseControl,0.9882352941176471
Norman,2,CEBPE+CNN1,baseControl,0.5882352941176471
Norman,2,CEBPE+SPI1,baseControl,0.011764705882352941
Norman,2,CNN1+UBASH3A,baseControl,0.2
Norman,2,FOXA1+FOXL2,baseControl,0.4117647058823529
Norman,2,FOXL2+POU3F2,baseControl,0.3176470588235294
Norman,3,AHR+FEV,WitnessCell_v14,0.056818181818181816
Norman,3,AHR+KLF1,WitnessCell_v14,0.9772727272727273
Norman,3,CBL+CNN1,WitnessCell_v14,0.6363636363636364
Norman,3,CBL+UBASH3B,WitnessCell_v14,0.8977272727272727
Norman,3,CDKN1A+CDKN1B,WitnessCell_v14,0.9772727272727273
Norman,3,CDKN1A+CDKN1C,WitnessCell_v14,0.9772727272727273
Norman,3,CEBPA+CEBPB,WitnessCell_v14,0.9318181818181818
Norman,3,CEBPB+CEBPE,WitnessCell_v14,0.8636363636363636
Norman,3,CEBPB+FOSB,WitnessCell_v14,0.5
Norman,3,CEBPB+JUN,WitnessCell_v14,0.3977272727272727
Norman,3,CEBPB+LYL1,WitnessCell_v14,0.8409090909090909
Norman,3,CEBPB+MAPK1,WitnessCell_v14,1.0
Norman,3,CEBPB+OSR2,WitnessCell_v14,1.0
Norman,3,CEBPB+PTPN12,WitnessCell_v14,0.875
Norman,3,CEBPE+CNN1,WitnessCell_v14,0.9772727272727273
Norman,3,CLDN6+KLF1,WitnessCell_v14,0.6477272727272727
Norman,3,CNN1+ETS2,WitnessCell_v14,0.9659090909090909
Norman,3,CNN1+MAPK1,WitnessCell_v14,1.0
Norman,3,CNN1+UBASH3A,WitnessCell_v14,0.5568181818181818
Norman,3,DUSP9+ETS2,WitnessCell_v14,0.5681818181818182
Norman,3,DUSP9+IGDCC3,WitnessCell_v14,0.6931818181818182
Norman,3,DUSP9+KLF1,WitnessCell_v14,0.5909090909090909
Norman,3,DUSP9+MAPK1,WitnessCell_v14,0.8636363636363636
Norman,3,DUSP9+PRTG,WitnessCell_v14,0.7272727272727273
Norman,3,DUSP9+SNAI1,WitnessCell_v14,0.4090909090909091
Norman,3,ETS2+IKZF3,WitnessCell_v14,0.2840909090909091
Norman,3,FOSB+IKZF3,WitnessCell_v14,0.6136363636363636
Norman,3,FOSB+UBASH3B,WitnessCell_v14,1.0
Norman,3,FOXA1+HOXB9,WitnessCell_v14,0.75
Norman,3,FOXA3+HOXB9,WitnessCell_v14,0.9545454545454546
Norman,3,FOXF1+HOXB9,WitnessCell_v14,0.9886363636363636
Norman,3,FOXL2+HOXB9,WitnessCell_v14,0.3409090909090909
Norman,3,IKZF3+MAP2K3,WitnessCell_v14,0.2159090909090909
Norman,3,IKZF3+MAPK1,WitnessCell_v14,0.5681818181818182
Norman,3,KLF1+MAP2K6,WitnessCell_v14,0.9659090909090909
Norman,3,MAP2K3+MAP2K6,WitnessCell_v14,0.375
Norman,3,MAP2K3+SLC38A2,WitnessCell_v14,0.20454545454545456
Norman,3,MAP2K6+SPI1,WitnessCell_v14,0.9886363636363636
Norman,3,OSR2+UBASH3B,WitnessCell_v14,1.0
Norman,3,PLK4+STIL,WitnessCell_v14,0.75
Norman,3,PTPN9+UBASH3B,WitnessCell_v14,0.6477272727272727
Norman,3,PTPN12+UBASH3B,WitnessCell_v14,0.9204545454545454
Norman,3,RHOXF2+SET,WitnessCell_v14,0.9772727272727273
Norman,3,RHOXF2+ZBTB25,WitnessCell_v14,0.8977272727272727
Norman,3,SAMD1+UBASH3B,WitnessCell_v14,1.0
Norman,3,SNAI1+UBASH3B,WitnessCell_v14,1.0
Norman,3,UBASH3A+UBASH3B,WitnessCell_v14,1.0
Norman,3,UBASH3B+ZBTB25,WitnessCell_v14,0.9772727272727273
Norman,3,BAK1+BCL2L11,WitnessCell_v14,0.9090909090909091
Norman,3,BCL2L11+TGFBR2,WitnessCell_v14,0.9886363636363636
Norman,3,CBL+PTPN9,WitnessCell_v14,1.0
Norman,3,CEBPA+CEBPE,WitnessCell_v14,1.0
Norman,3,CEBPA+ZC3HAV1,WitnessCell_v14,0.9772727272727273
Norman,3,CEBPE+FOSB,WitnessCell_v14,0.9545454545454546
Norman,3,CEBPE+KLF1,WitnessCell_v14,1.0
Norman,3,CEBPE+PTPN12,WitnessCell_v14,1.0
Norman,3,CEBPE+SPI1,WitnessCell_v14,0.9886363636363636
Norman,3,COL2A1+KLF1,WitnessCell_v14,1.0
Norman,3,ETS2+IGDCC3,WitnessCell_v14,1.0
Norman,3,ETS2+PRTG,WitnessCell_v14,1.0
Norman,3,FOXA1+FOXA3,WitnessCell_v14,0.9886363636363636
Norman,3,FOXA1+FOXF1,WitnessCell_v14,0.9772727272727273
Norman,3,FOXA1+KLF1,WitnessCell_v14,0.9659090909090909
Norman,3,FOXF1+FOXL2,WitnessCell_v14,0.6818181818181818
Norman,3,KLF1+TGFBR2,WitnessCell_v14,1.0
Norman,3,SAMD1+ZBTB1,WitnessCell_v14,1.0
Norman,3,SGK1+TBX3,WitnessCell_v14,1.0
Norman,3,AHR,WitnessCell_v14,0.9204545454545454
Norman,3,ATL1,WitnessCell_v14,0.6477272727272727
Norman,3,CDKN1A,WitnessCell_v14,0.9204545454545454
Norman,3,CEBPB,WitnessCell_v14,0.5568181818181818
Norman,3,CLDN6,WitnessCell_v14,0.6136363636363636
Norman,3,CNN1,WitnessCell_v14,0.7272727272727273
Norman,3,CNNM4,WitnessCell_v14,0.8636363636363636
Norman,3,COL1A1,WitnessCell_v14,0.6477272727272727
Norman,3,CSRNP1,WitnessCell_v14,0.7613636363636364
Norman,3,DUSP9,WitnessCell_v14,0.42045454545454547
Norman,3,HK2,WitnessCell_v14,0.9886363636363636
Norman,3,HNF4A,WitnessCell_v14,0.625
Norman,3,HOXB9,WitnessCell_v14,1.0
Norman,3,IKZF3,WitnessCell_v14,0.1590909090909091
Norman,3,MAP2K6,WitnessCell_v14,0.7386363636363636
Norman,3,PLK4,WitnessCell_v14,0.8295454545454546
Norman,3,PTPN13,WitnessCell_v14,0.8295454545454546
Norman,3,RHOXF2,WitnessCell_v14,0.6022727272727273
Norman,3,SLC38A2,WitnessCell_v14,0.9204545454545454
Norman,3,UBASH3B,WitnessCell_v14,1.0
Norman,3,CNN1+UBASH3B,WitnessCell_v14,0.11363636363636363
Norman,3,IKZF3+MAP2K6,WitnessCell_v14,0.18181818181818182
Norman,3,AHR+FEV,WitnessCell_v13,0.056818181818181816
Norman,3,AHR+KLF1,WitnessCell_v13,0.9772727272727273
Norman,3,CBL+CNN1,WitnessCell_v13,0.6363636363636364
Norman,3,CBL+UBASH3B,WitnessCell_v13,0.8977272727272727
Norman,3,CDKN1A+CDKN1B,WitnessCell_v13,0.9772727272727273
Norman,3,CDKN1A+CDKN1C,WitnessCell_v13,0.9772727272727273
Norman,3,CEBPA+CEBPB,WitnessCell_v13,0.9318181818181818
Norman,3,CEBPB+CEBPE,WitnessCell_v13,0.8636363636363636
Norman,3,CEBPB+FOSB,WitnessCell_v13,0.5
Norman,3,CEBPB+JUN,WitnessCell_v13,0.3977272727272727
Norman,3,CEBPB+LYL1,WitnessCell_v13,0.8409090909090909
Norman,3,CEBPB+MAPK1,WitnessCell_v13,1.0
Norman,3,CEBPB+OSR2,WitnessCell_v13,1.0
Norman,3,CEBPB+PTPN12,WitnessCell_v13,0.875
Norman,3,CEBPE+CNN1,WitnessCell_v13,0.9772727272727273
Norman,3,CLDN6+KLF1,WitnessCell_v13,0.6477272727272727
Norman,3,CNN1+ETS2,WitnessCell_v13,0.9659090909090909
Norman,3,CNN1+MAPK1,WitnessCell_v13,1.0
Norman,3,CNN1+UBASH3A,WitnessCell_v13,0.5568181818181818
Norman,3,DUSP9+ETS2,WitnessCell_v13,0.5681818181818182
Norman,3,DUSP9+IGDCC3,WitnessCell_v13,0.6931818181818182
Norman,3,DUSP9+KLF1,WitnessCell_v13,0.5909090909090909
Norman,3,DUSP9+MAPK1,WitnessCell_v13,0.8636363636363636
Norman,3,DUSP9+PRTG,WitnessCell_v13,0.7386363636363636
Norman,3,DUSP9+SNAI1,WitnessCell_v13,0.4090909090909091
Norman,3,ETS2+IKZF3,WitnessCell_v13,0.2840909090909091
Norman,3,FOSB+IKZF3,WitnessCell_v13,0.6136363636363636
Norman,3,FOSB+UBASH3B,WitnessCell_v13,1.0
Norman,3,FOXA1+HOXB9,WitnessCell_v13,0.75
Norman,3,FOXA3+HOXB9,WitnessCell_v13,0.9545454545454546
Norman,3,FOXF1+HOXB9,WitnessCell_v13,0.9886363636363636
Norman,3,FOXL2+HOXB9,WitnessCell_v13,0.3409090909090909
Norman,3,IKZF3+MAP2K3,WitnessCell_v13,0.2159090909090909
Norman,3,IKZF3+MAPK1,WitnessCell_v13,0.5681818181818182
Norman,3,KLF1+MAP2K6,WitnessCell_v13,0.9659090909090909
Norman,3,MAP2K3+MAP2K6,WitnessCell_v13,0.375
Norman,3,MAP2K3+SLC38A2,WitnessCell_v13,0.2159090909090909
Norman,3,MAP2K6+SPI1,WitnessCell_v13,0.9886363636363636
Norman,3,OSR2+UBASH3B,WitnessCell_v13,1.0
Norman,3,PLK4+STIL,WitnessCell_v13,0.75
Norman,3,PTPN9+UBASH3B,WitnessCell_v13,0.6477272727272727
Norman,3,PTPN12+UBASH3B,WitnessCell_v13,0.9204545454545454
Norman,3,RHOXF2+SET,WitnessCell_v13,0.9772727272727273
Norman,3,RHOXF2+ZBTB25,WitnessCell_v13,0.8977272727272727
Norman,3,SAMD1+UBASH3B,WitnessCell_v13,1.0
Norman,3,SNAI1+UBASH3B,WitnessCell_v13,1.0
Norman,3,UBASH3A+UBASH3B,WitnessCell_v13,1.0
Norman,3,UBASH3B+ZBTB25,WitnessCell_v13,0.9772727272727273
Norman,3,BAK1+BCL2L11,WitnessCell_v13,0.9090909090909091
Norman,3,BCL2L11+TGFBR2,WitnessCell_v13,0.9886363636363636
Norman,3,CBL+PTPN9,WitnessCell_v13,1.0
Norman,3,CEBPA+CEBPE,WitnessCell_v13,1.0
Norman,3,CEBPA+ZC3HAV1,WitnessCell_v13,0.9772727272727273
Norman,3,CEBPE+FOSB,WitnessCell_v13,0.9545454545454546
Norman,3,CEBPE+KLF1,WitnessCell_v13,1.0
Norman,3,CEBPE+PTPN12,WitnessCell_v13,1.0
Norman,3,CEBPE+SPI1,WitnessCell_v13,0.9886363636363636
Norman,3,COL2A1+KLF1,WitnessCell_v13,1.0
Norman,3,ETS2+IGDCC3,WitnessCell_v13,1.0
Norman,3,ETS2+PRTG,WitnessCell_v13,1.0
Norman,3,FOXA1+FOXA3,WitnessCell_v13,0.9886363636363636
Norman,3,FOXA1+FOXF1,WitnessCell_v13,0.9772727272727273
Norman,3,FOXA1+KLF1,WitnessCell_v13,0.9659090909090909
Norman,3,FOXF1+FOXL2,WitnessCell_v13,0.6818181818181818
Norman,3,KLF1+TGFBR2,WitnessCell_v13,1.0
Norman,3,SAMD1+ZBTB1,WitnessCell_v13,1.0
Norman,3,SGK1+TBX3,WitnessCell_v13,1.0
Norman,3,AHR,WitnessCell_v13,0.9204545454545454
Norman,3,ATL1,WitnessCell_v13,0.6477272727272727
Norman,3,CDKN1A,WitnessCell_v13,0.9204545454545454
Norman,3,CEBPB,WitnessCell_v13,0.5568181818181818
Norman,3,CLDN6,WitnessCell_v13,0.6136363636363636
Norman,3,CNN1,WitnessCell_v13,0.7272727272727273
Norman,3,CNNM4,WitnessCell_v13,0.8636363636363636
Norman,3,COL1A1,WitnessCell_v13,0.6590909090909091
Norman,3,CSRNP1,WitnessCell_v13,0.7613636363636364
Norman,3,DUSP9,WitnessCell_v13,0.42045454545454547
Norman,3,HK2,WitnessCell_v13,0.9886363636363636
Norman,3,HNF4A,WitnessCell_v13,0.625
Norman,3,HOXB9,WitnessCell_v13,1.0
Norman,3,IKZF3,WitnessCell_v13,0.1590909090909091
Norman,3,MAP2K6,WitnessCell_v13,0.7386363636363636
Norman,3,PLK4,WitnessCell_v13,0.8295454545454546
Norman,3,PTPN13,WitnessCell_v13,0.8295454545454546
Norman,3,RHOXF2,WitnessCell_v13,0.6022727272727273
Norman,3,SLC38A2,WitnessCell_v13,0.9204545454545454
Norman,3,UBASH3B,WitnessCell_v13,1.0
Norman,3,CNN1+UBASH3B,WitnessCell_v13,0.11363636363636363
Norman,3,IKZF3+MAP2K6,WitnessCell_v13,0.18181818181818182
Norman,3,AHR+FEV,trainMean,0.09090909090909091
Norman,3,AHR+KLF1,trainMean,0.9886363636363636
Norman,3,CBL+CNN1,trainMean,0.45454545454545453
Norman,3,CBL+UBASH3B,trainMean,0.7386363636363636
Norman,3,CDKN1A+CDKN1B,trainMean,0.9886363636363636
Norman,3,CDKN1A+CDKN1C,trainMean,0.9886363636363636
Norman,3,CEBPA+CEBPB,trainMean,0.9318181818181818
Norman,3,CEBPB+CEBPE,trainMean,0.9772727272727273
Norman,3,CEBPB+FOSB,trainMean,0.32954545454545453
Norman,3,CEBPB+JUN,trainMean,0.2159090909090909
Norman,3,CEBPB+LYL1,trainMean,0.7272727272727273
Norman,3,CEBPB+MAPK1,trainMean,1.0
Norman,3,CEBPB+OSR2,trainMean,0.9886363636363636
Norman,3,CEBPB+PTPN12,trainMean,0.8636363636363636
Norman,3,CEBPE+CNN1,trainMean,0.8977272727272727
Norman,3,CLDN6+KLF1,trainMean,0.9090909090909091
Norman,3,CNN1+ETS2,trainMean,0.9545454545454546
Norman,3,CNN1+MAPK1,trainMean,0.9886363636363636
Norman,3,CNN1+UBASH3A,trainMean,0.23863636363636365
Norman,3,DUSP9+ETS2,trainMean,0.5454545454545454
Norman,3,DUSP9+IGDCC3,trainMean,0.8295454545454546
Norman,3,DUSP9+KLF1,trainMean,0.7840909090909091
Norman,3,DUSP9+MAPK1,trainMean,0.7613636363636364
Norman,3,DUSP9+PRTG,trainMean,0.8409090909090909
Norman,3,DUSP9+SNAI1,trainMean,0.4772727272727273
Norman,3,ETS2+IKZF3,trainMean,0.2840909090909091
Norman,3,FOSB+IKZF3,trainMean,0.5909090909090909
Norman,3,FOSB+UBASH3B,trainMean,1.0
Norman,3,FOXA1+HOXB9,trainMean,0.5909090909090909
Norman,3,FOXA3+HOXB9,trainMean,0.9090909090909091
Norman,3,FOXF1+HOXB9,trainMean,0.9204545454545454
Norman,3,FOXL2+HOXB9,trainMean,0.22727272727272727
Norman,3,IKZF3+MAP2K3,trainMean,0.2159090909090909
Norman,3,IKZF3+MAPK1,trainMean,0.6818181818181818
Norman,3,KLF1+MAP2K6,trainMean,0.9659090909090909
Norman,3,MAP2K3+MAP2K6,trainMean,0.2840909090909091
Norman,3,MAP2K3+SLC38A2,trainMean,0.13636363636363635
Norman,3,MAP2K6+SPI1,trainMean,0.9886363636363636
Norman,3,OSR2+UBASH3B,trainMean,1.0
Norman,3,PLK4+STIL,trainMean,0.7954545454545454
Norman,3,PTPN9+UBASH3B,trainMean,0.5795454545454546
Norman,3,PTPN12+UBASH3B,trainMean,0.9090909090909091
Norman,3,RHOXF2+SET,trainMean,1.0
Norman,3,RHOXF2+ZBTB25,trainMean,0.7272727272727273
Norman,3,SAMD1+UBASH3B,trainMean,1.0
Norman,3,SNAI1+UBASH3B,trainMean,1.0
Norman,3,UBASH3A+UBASH3B,trainMean,0.9886363636363636
Norman,3,UBASH3B+ZBTB25,trainMean,0.9431818181818182
Norman,3,BAK1+BCL2L11,trainMean,0.875
Norman,3,BCL2L11+TGFBR2,trainMean,0.9772727272727273
Norman,3,CBL+PTPN9,trainMean,0.9886363636363636
Norman,3,CEBPA+CEBPE,trainMean,1.0
Norman,3,CEBPA+ZC3HAV1,trainMean,0.9886363636363636
Norman,3,CEBPE+FOSB,trainMean,1.0
Norman,3,CEBPE+KLF1,trainMean,0.9886363636363636
Norman,3,CEBPE+PTPN12,trainMean,0.9772727272727273
Norman,3,CEBPE+SPI1,trainMean,1.0
Norman,3,COL2A1+KLF1,trainMean,1.0
Norman,3,ETS2+IGDCC3,trainMean,1.0
Norman,3,ETS2+PRTG,trainMean,1.0
Norman,3,FOXA1+FOXA3,trainMean,0.9886363636363636
Norman,3,FOXA1+FOXF1,trainMean,0.8863636363636364
Norman,3,FOXA1+KLF1,trainMean,0.9772727272727273
Norman,3,FOXF1+FOXL2,trainMean,0.5113636363636364
Norman,3,KLF1+TGFBR2,trainMean,1.0
Norman,3,SAMD1+ZBTB1,trainMean,1.0
Norman,3,SGK1+TBX3,trainMean,1.0
Norman,3,AHR,trainMean,0.8977272727272727
Norman,3,ATL1,trainMean,0.6477272727272727
Norman,3,CDKN1A,trainMean,0.7727272727272727
Norman,3,CEBPB,trainMean,0.3977272727272727
Norman,3,CLDN6,trainMean,0.5227272727272727
Norman,3,CNN1,trainMean,0.6931818181818182
Norman,3,CNNM4,trainMean,0.8636363636363636
Norman,3,COL1A1,trainMean,0.5
Norman,3,CSRNP1,trainMean,0.7954545454545454
Norman,3,DUSP9,trainMean,0.375
Norman,3,HK2,trainMean,0.9772727272727273
Norman,3,HNF4A,trainMean,0.6022727272727273
Norman,3,HOXB9,trainMean,0.9545454545454546
Norman,3,IKZF3,trainMean,0.14772727272727273
Norman,3,MAP2K6,trainMean,0.7840909090909091
Norman,3,PLK4,trainMean,0.8409090909090909
Norman,3,PTPN13,trainMean,0.8181818181818182
Norman,3,RHOXF2,trainMean,0.5795454545454546
Norman,3,SLC38A2,trainMean,0.9318181818181818
Norman,3,UBASH3B,trainMean,1.0
Norman,3,CNN1+UBASH3B,trainMean,0.10227272727272728
Norman,3,IKZF3+MAP2K6,trainMean,0.1590909090909091
Norman,3,AHR+FEV,baseControl,0.10227272727272728
Norman,3,AHR+KLF1,baseControl,0.6477272727272727
Norman,3,CBL+CNN1,baseControl,0.17045454545454544
Norman,3,CBL+UBASH3B,baseControl,0.25
Norman,3,CDKN1A+CDKN1B,baseControl,0.4431818181818182
Norman,3,CDKN1A+CDKN1C,baseControl,0.42045454545454547
Norman,3,CEBPA+CEBPB,baseControl,0.03409090909090909
Norman,3,CEBPB+CEBPE,baseControl,0.07954545454545454
Norman,3,CEBPB+FOSB,baseControl,0.056818181818181816
Norman,3,CEBPB+JUN,baseControl,0.045454545454545456
Norman,3,CEBPB+LYL1,baseControl,0.5113636363636364
Norman,3,CEBPB+MAPK1,baseControl,0.32954545454545453
Norman,3,CEBPB+OSR2,baseControl,0.14772727272727273
Norman,3,CEBPB+PTPN12,baseControl,0.6363636363636364
Norman,3,CEBPE+CNN1,baseControl,0.625
Norman,3,CLDN6+KLF1,baseControl,0.3068181818181818
Norman,3,CNN1+ETS2,baseControl,0.875
Norman,3,CNN1+MAPK1,baseControl,0.6818181818181818
Norman,3,CNN1+UBASH3A,baseControl,0.18181818181818182
Norman,3,DUSP9+ETS2,baseControl,0.6590909090909091
Norman,3,DUSP9+IGDCC3,baseControl,0.22727272727272727
Norman,3,DUSP9+KLF1,baseControl,0.29545454545454547
Norman,3,DUSP9+MAPK1,baseControl,0.8181818181818182
Norman,3,DUSP9+PRTG,baseControl,0.26136363636363635
Norman,3,DUSP9+SNAI1,baseControl,0.09090909090909091
Norman,3,ETS2+IKZF3,baseControl,0.1590909090909091
Norman,3,FOSB+IKZF3,baseControl,0.4090909090909091
Norman,3,FOSB+UBASH3B,baseControl,0.8977272727272727
Norman,3,FOXA1+HOXB9,baseControl,0.2727272727272727
Norman,3,FOXA3+HOXB9,baseControl,0.19318181818181818
Norman,3,FOXF1+HOXB9,baseControl,0.5795454545454546
Norman,3,FOXL2+HOXB9,baseControl,0.11363636363636363
Norman,3,IKZF3+MAP2K3,baseControl,0.2840909090909091
Norman,3,IKZF3+MAPK1,baseControl,0.3181818181818182
Norman,3,KLF1+MAP2K6,baseControl,0.7045454545454546
Norman,3,MAP2K3+MAP2K6,baseControl,0.9204545454545454
Norman,3,MAP2K3+SLC38A2,baseControl,0.8636363636363636
Norman,3,MAP2K6+SPI1,baseControl,0.7613636363636364
Norman,3,OSR2+UBASH3B,baseControl,0.9090909090909091
Norman,3,PLK4+STIL,baseControl,0.5568181818181818
Norman,3,PTPN9+UBASH3B,baseControl,0.4659090909090909
Norman,3,PTPN12+UBASH3B,baseControl,0.375
Norman,3,RHOXF2+SET,baseControl,0.23863636363636365
Norman,3,RHOXF2+ZBTB25,baseControl,0.3522727272727273
Norman,3,SAMD1+UBASH3B,baseControl,0.3977272727272727
Norman,3,SNAI1+UBASH3B,baseControl,0.7386363636363636
Norman,3,UBASH3A+UBASH3B,baseControl,0.8522727272727273
Norman,3,UBASH3B+ZBTB25,baseControl,0.48863636363636365
Norman,3,BAK1+BCL2L11,baseControl,0.9545454545454546
Norman,3,BCL2L11+TGFBR2,baseControl,0.9886363636363636
Norman,3,CBL+PTPN9,baseControl,0.6136363636363636
Norman,3,CEBPA+CEBPE,baseControl,0.022727272727272728
Norman,3,CEBPA+ZC3HAV1,baseControl,0.0
Norman,3,CEBPE+FOSB,baseControl,0.06818181818181818
Norman,3,CEBPE+KLF1,baseControl,0.7840909090909091
Norman,3,CEBPE+PTPN12,baseControl,0.75
Norman,3,CEBPE+SPI1,baseControl,0.011363636363636364
Norman,3,COL2A1+KLF1,baseControl,0.5
Norman,3,ETS2+IGDCC3,baseControl,0.7954545454545454
Norman,3,ETS2+PRTG,baseControl,0.7159090909090909
Norman,3,FOXA1+FOXA3,baseControl,0.38636363636363635
Norman,3,FOXA1+FOXF1,baseControl,0.4772727272727273
Norman,3,FOXA1+KLF1,baseControl,0.6022727272727273
Norman,3,FOXF1+FOXL2,baseControl,0.2159090909090909
Norman,3,KLF1+TGFBR2,baseControl,0.6931818181818182
Norman,3,SAMD1+ZBTB1,baseControl,0.3409090909090909
Norman,3,SGK1+TBX3,baseControl,0.45454545454545453
Norman,3,AHR,baseControl,0.7727272727272727
Norman,3,ATL1,baseControl,0.5909090909090909
Norman,3,CDKN1A,baseControl,0.6704545454545454
Norman,3,CEBPB,baseControl,0.36363636363636365
Norman,3,CLDN6,baseControl,0.5227272727272727
Norman,3,CNN1,baseControl,0.7272727272727273
Norman,3,CNNM4,baseControl,0.8863636363636364
Norman,3,COL1A1,baseControl,0.5454545454545454
Norman,3,CSRNP1,baseControl,0.9659090909090909
Norman,3,DUSP9,baseControl,0.4318181818181818
Norman,3,HK2,baseControl,0.9318181818181818
Norman,3,HNF4A,baseControl,0.5340909090909091
Norman,3,HOXB9,baseControl,0.8295454545454546
Norman,3,IKZF3,baseControl,0.13636363636363635
Norman,3,MAP2K6,baseControl,0.9772727272727273
Norman,3,PLK4,baseControl,0.8068181818181818
Norman,3,PTPN13,baseControl,0.8409090909090909
Norman,3,RHOXF2,baseControl,0.5681818181818182
Norman,3,SLC38A2,baseControl,1.0
Norman,3,UBASH3B,baseControl,0.9431818181818182
Norman,3,CNN1+UBASH3B,baseControl,0.125
Norman,3,IKZF3+MAP2K6,baseControl,0.20454545454545456
Wessels,1,DOT1L+GFI1,WitnessCell_v14,0.421875
Wessels,1,DOT1L+IKZF1,WitnessCell_v14,0.953125
Wessels,1,DOT1L+INTS1,WitnessCell_v14,0.828125
Wessels,1,EP300+GFI1,WitnessCell_v14,0.921875
Wessels,1,EP300+IKZF1,WitnessCell_v14,0.90625
Wessels,1,EP300+INTS1,WitnessCell_v14,0.96875
Wessels,1,FLI1+GFI1,WitnessCell_v14,0.9375
Wessels,1,FLI1+IKZF1,WitnessCell_v14,0.96875
Wessels,1,FLI1+INTS1,WitnessCell_v14,0.984375
Wessels,1,GATA2+GFI1,WitnessCell_v14,0.25
Wessels,1,GATA2+IKZF1,WitnessCell_v14,1.0
Wessels,1,GATA2+INTS1,WitnessCell_v14,0.9375
Wessels,1,GFI1+GSE1,WitnessCell_v14,0.046875
Wessels,1,GFI1+HDAC3,WitnessCell_v14,0.390625
Wessels,1,GFI1+KDM1A,WitnessCell_v14,0.8125
Wessels,1,GFI1+MED24,WitnessCell_v14,0.4375
Wessels,1,GFI1+RCOR1,WitnessCell_v14,0.359375
Wessels,1,GFI1+RING1,WitnessCell_v14,0.625
Wessels,1,GFI1+SMARCD1,WitnessCell_v14,0.640625
Wessels,1,GSE1+IKZF1,WitnessCell_v14,0.375
Wessels,1,GSE1+INTS1,WitnessCell_v14,0.359375
Wessels,1,HDAC3+IKZF1,WitnessCell_v14,0.921875
Wessels,1,HDAC3+INTS1,WitnessCell_v14,1.0
Wessels,1,IKZF1+KDM1A,WitnessCell_v14,0.96875
Wessels,1,IKZF1+MED24,WitnessCell_v14,0.53125
Wessels,1,IKZF1+RCOR1,WitnessCell_v14,0.78125
Wessels,1,IKZF1+SMARCD1,WitnessCell_v14,0.984375
Wessels,1,INTS1+KDM1A,WitnessCell_v14,0.890625
Wessels,1,INTS1+MED24,WitnessCell_v14,0.390625
Wessels,1,INTS1+MYB,WitnessCell_v14,0.25
Wessels,1,INTS1+RCOR1,WitnessCell_v14,0.9375
Wessels,1,INTS1+RING1,WitnessCell_v14,0.875
Wessels,1,INTS1+SMARCD1,WitnessCell_v14,0.953125
Wessels,1,INTS1+SSRP1,WitnessCell_v14,0.953125
Wessels,1,MED13L+MED16,WitnessCell_v14,1.0
Wessels,1,MED13L+MED19,WitnessCell_v14,0.6875
Wessels,1,MED13L+MED22,WitnessCell_v14,0.9375
Wessels,1,MED13L+MED24,WitnessCell_v14,0.171875
Wessels,1,MED14+MED19,WitnessCell_v14,0.4375
Wessels,1,MED14+MED22,WitnessCell_v14,0.453125
Wessels,1,MED14+MED24,WitnessCell_v14,0.265625
Wessels,1,SUPT5H+SUPT6H,WitnessCell_v14,0.96875
Wessels,1,SUPT16H+SUPT5H,WitnessCell_v14,0.890625
Wessels,1,DOT1L+EP300,WitnessCell_v14,1.0
Wessels,1,DOT1L+FLI1,WitnessCell_v14,1.0
Wessels,1,DOT1L+KDM1A,WitnessCell_v14,0.984375
Wessels,1,DOT1L+MED24,WitnessCell_v14,0.671875
Wessels,1,DOT1L+RCOR1,WitnessCell_v14,1.0
Wessels,1,DOT1L+SMARCD1,WitnessCell_v14,1.0
Wessels,1,EP300+GATA2,WitnessCell_v14,1.0
Wessels,1,EP300+GSE1,WitnessCell_v14,0.734375
Wessels,1,EP300+MED24,WitnessCell_v14,0.9375
Wessels,1,EP300+MYB,WitnessCell_v14,0.609375
Wessels,1,EP300+SSRP1,WitnessCell_v14,0.96875
Wessels,1,FLI1+MED24,WitnessCell_v14,0.953125
Wessels,1,GATA2+SSRP1,WitnessCell_v14,0.8125
Wessels,1,HDAC3+MED24,WitnessCell_v14,0.546875
Wessels,1,KDM1A+RING1,WitnessCell_v14,0.984375
Wessels,1,SMARCA5+SMARCD1,WitnessCell_v14,1.0
Wessels,1,SMARCD1+SSRP1,WitnessCell_v14,0.890625
Wessels,1,GFI1,WitnessCell_v14,0.359375
Wessels,1,INTS1,WitnessCell_v14,0.859375
Wessels,1,GFI1+INTS1,WitnessCell_v14,0.15625
Wessels,1,IKZF1+INTS1,WitnessCell_v14,0.75
Wessels,1,MED13L+MED14,WitnessCell_v14,0.203125
Wessels,1,DOT1L+GFI1,WitnessCell_v13,0.421875
Wessels,1,DOT1L+IKZF1,WitnessCell_v13,0.953125
Wessels,1,DOT1L+INTS1,WitnessCell_v13,0.828125
Wessels,1,EP300+GFI1,WitnessCell_v13,0.921875
Wessels,1,EP300+IKZF1,WitnessCell_v13,0.90625
Wessels,1,EP300+INTS1,WitnessCell_v13,0.96875
Wessels,1,FLI1+GFI1,WitnessCell_v13,0.9375
Wessels,1,FLI1+IKZF1,WitnessCell_v13,0.96875
Wessels,1,FLI1+INTS1,WitnessCell_v13,0.984375
Wessels,1,GATA2+GFI1,WitnessCell_v13,0.25
Wessels,1,GATA2+IKZF1,WitnessCell_v13,1.0
Wessels,1,GATA2+INTS1,WitnessCell_v13,0.9375
Wessels,1,GFI1+GSE1,WitnessCell_v13,0.046875
Wessels,1,GFI1+HDAC3,WitnessCell_v13,0.390625
Wessels,1,GFI1+KDM1A,WitnessCell_v13,0.8125
Wessels,1,GFI1+MED24,WitnessCell_v13,0.4375
Wessels,1,GFI1+RCOR1,WitnessCell_v13,0.359375
Wessels,1,GFI1+RING1,WitnessCell_v13,0.625
Wessels,1,GFI1+SMARCD1,WitnessCell_v13,0.640625
Wessels,1,GSE1+IKZF1,WitnessCell_v13,0.375
Wessels,1,GSE1+INTS1,WitnessCell_v13,0.359375
Wessels,1,HDAC3+IKZF1,WitnessCell_v13,0.921875
Wessels,1,HDAC3+INTS1,WitnessCell_v13,1.0
Wessels,1,IKZF1+KDM1A,WitnessCell_v13,0.96875
Wessels,1,IKZF1+MED24,WitnessCell_v13,0.53125
Wessels,1,IKZF1+RCOR1,WitnessCell_v13,0.78125
Wessels,1,IKZF1+SMARCD1,WitnessCell_v13,0.984375
Wessels,1,INTS1+KDM1A,WitnessCell_v13,0.890625
Wessels,1,INTS1+MED24,WitnessCell_v13,0.390625
Wessels,1,INTS1+MYB,WitnessCell_v13,0.25
Wessels,1,INTS1+RCOR1,WitnessCell_v13,0.9375
Wessels,1,INTS1+RING1,WitnessCell_v13,0.875
Wessels,1,INTS1+SMARCD1,WitnessCell_v13,0.953125
Wessels,1,INTS1+SSRP1,WitnessCell_v13,0.953125
Wessels,1,MED13L+MED16,WitnessCell_v13,1.0
Wessels,1,MED13L+MED19,WitnessCell_v13,0.6875
Wessels,1,MED13L+MED22,WitnessCell_v13,0.9375
Wessels,1,MED13L+MED24,WitnessCell_v13,0.171875
Wessels,1,MED14+MED19,WitnessCell_v13,0.4375
Wessels,1,MED14+MED22,WitnessCell_v13,0.453125
Wessels,1,MED14+MED24,WitnessCell_v13,0.265625
Wessels,1,SUPT5H+SUPT6H,WitnessCell_v13,0.96875
Wessels,1,SUPT16H+SUPT5H,WitnessCell_v13,0.890625
Wessels,1,DOT1L+EP300,WitnessCell_v13,1.0
Wessels,1,DOT1L+FLI1,WitnessCell_v13,1.0
Wessels,1,DOT1L+KDM1A,WitnessCell_v13,0.984375
Wessels,1,DOT1L+MED24,WitnessCell_v13,0.671875
Wessels,1,DOT1L+RCOR1,WitnessCell_v13,1.0
Wessels,1,DOT1L+SMARCD1,WitnessCell_v13,1.0
Wessels,1,EP300+GATA2,WitnessCell_v13,1.0
Wessels,1,EP300+GSE1,WitnessCell_v13,0.734375
Wessels,1,EP300+MED24,WitnessCell_v13,0.9375
Wessels,1,EP300+MYB,WitnessCell_v13,0.609375
Wessels,1,EP300+SSRP1,WitnessCell_v13,0.96875
Wessels,1,FLI1+MED24,WitnessCell_v13,0.953125
Wessels,1,GATA2+SSRP1,WitnessCell_v13,0.8125
Wessels,1,HDAC3+MED24,WitnessCell_v13,0.546875
Wessels,1,KDM1A+RING1,WitnessCell_v13,0.984375
Wessels,1,SMARCA5+SMARCD1,WitnessCell_v13,1.0
Wessels,1,SMARCD1+SSRP1,WitnessCell_v13,0.890625
Wessels,1,GFI1,WitnessCell_v13,0.359375
Wessels,1,INTS1,WitnessCell_v13,0.859375
Wessels,1,GFI1+INTS1,WitnessCell_v13,0.15625
Wessels,1,IKZF1+INTS1,WitnessCell_v13,0.75
Wessels,1,MED13L+MED14,WitnessCell_v13,0.203125
Wessels,1,DOT1L+GFI1,trainMean,0.390625
Wessels,1,DOT1L+IKZF1,trainMean,0.96875
Wessels,1,DOT1L+INTS1,trainMean,0.828125
Wessels,1,EP300+GFI1,trainMean,0.921875
Wessels,1,EP300+IKZF1,trainMean,0.859375
Wessels,1,EP300+INTS1,trainMean,0.953125
Wessels,1,FLI1+GFI1,trainMean,0.9375
Wessels,1,FLI1+IKZF1,trainMean,0.96875
Wessels,1,FLI1+INTS1,trainMean,0.984375
Wessels,1,GATA2+GFI1,trainMean,0.140625
Wessels,1,GATA2+IKZF1,trainMean,1.0
Wessels,1,GATA2+INTS1,trainMean,0.734375
Wessels,1,GFI1+GSE1,trainMean,0.046875
Wessels,1,GFI1+HDAC3,trainMean,0.265625
Wessels,1,GFI1+KDM1A,trainMean,0.0
Wessels,1,GFI1+MED24,trainMean,0.4375
Wessels,1,GFI1+RCOR1,trainMean,0.453125
Wessels,1,GFI1+RING1,trainMean,0.625
Wessels,1,GFI1+SMARCD1,trainMean,0.71875
Wessels,1,GSE1+IKZF1,trainMean,0.375
Wessels,1,GSE1+INTS1,trainMean,0.359375
Wessels,1,HDAC3+IKZF1,trainMean,0.828125
Wessels,1,HDAC3+INTS1,trainMean,1.0
Wessels,1,IKZF1+KDM1A,trainMean,0.234375
Wessels,1,IKZF1+MED24,trainMean,0.53125
Wessels,1,IKZF1+RCOR1,trainMean,0.796875
Wessels,1,IKZF1+SMARCD1,trainMean,0.984375
Wessels,1,INTS1+KDM1A,trainMean,0.078125
Wessels,1,INTS1+MED24,trainMean,0.390625
Wessels,1,INTS1+MYB,trainMean,0.25
Wessels,1,INTS1+RCOR1,trainMean,0.953125
Wessels,1,INTS1+RING1,trainMean,0.90625
Wessels,1,INTS1+SMARCD1,trainMean,0.9375
Wessels,1,INTS1+SSRP1,trainMean,0.9375
Wessels,1,MED13L+MED16,trainMean,0.84375
Wessels,1,MED13L+MED19,trainMean,0.1875
Wessels,1,MED13L+MED22,trainMean,0.609375
Wessels,1,MED13L+MED24,trainMean,0.171875
Wessels,1,MED14+MED19,trainMean,0.0625
Wessels,1,MED14+MED22,trainMean,0.109375
Wessels,1,MED14+MED24,trainMean,0.265625
Wessels,1,SUPT5H+SUPT6H,trainMean,0.96875
Wessels,1,SUPT16H+SUPT5H,trainMean,0.890625
Wessels,1,DOT1L+EP300,trainMean,1.0
Wessels,1,DOT1L+FLI1,trainMean,1.0
Wessels,1,DOT1L+KDM1A,trainMean,0.078125
Wessels,1,DOT1L+MED24,trainMean,0.671875
Wessels,1,DOT1L+RCOR1,trainMean,1.0
Wessels,1,DOT1L+SMARCD1,trainMean,1.0
Wessels,1,EP300+GATA2,trainMean,0.984375
Wessels,1,EP300+GSE1,trainMean,0.609375
Wessels,1,EP300+MED24,trainMean,0.96875
Wessels,1,EP300+MYB,trainMean,0.703125
Wessels,1,EP300+SSRP1,trainMean,0.9375
Wessels,1,FLI1+MED24,trainMean,0.953125
Wessels,1,GATA2+SSRP1,trainMean,0.640625
Wessels,1,HDAC3+MED24,trainMean,0.546875
Wessels,1,KDM1A+RING1,trainMean,0.3125
Wessels,1,SMARCA5+SMARCD1,trainMean,1.0
Wessels,1,SMARCD1+SSRP1,trainMean,0.875
Wessels,1,GFI1,trainMean,0.34375
Wessels,1,INTS1,trainMean,0.8125
Wessels,1,GFI1+INTS1,trainMean,0.15625
Wessels,1,IKZF1+INTS1,trainMean,0.75
Wessels,1,MED13L+MED14,trainMean,0.203125
Wessels,1,DOT1L+GFI1,baseControl,0.390625
Wessels,1,DOT1L+IKZF1,baseControl,0.84375
Wessels,1,DOT1L+INTS1,baseControl,0.875
Wessels,1,EP300+GFI1,baseControl,0.4375
Wessels,1,EP300+IKZF1,baseControl,0.609375
Wessels,1,EP300+INTS1,baseControl,0.40625
Wessels,1,FLI1+GFI1,baseControl,0.0625
Wessels,1,FLI1+IKZF1,baseControl,0.25
Wessels,1,FLI1+INTS1,baseControl,0.65625
Wessels,1,GATA2+GFI1,baseControl,0.34375
Wessels,1,GATA2+IKZF1,baseControl,0.890625
Wessels,1,GATA2+INTS1,baseControl,0.984375
Wessels,1,GFI1+GSE1,baseControl,0.140625
Wessels,1,GFI1+HDAC3,baseControl,0.09375
Wessels,1,GFI1+KDM1A,baseControl,0.0
Wessels,1,GFI1+MED24,baseControl,0.265625
Wessels,1,GFI1+RCOR1,baseControl,0.5
Wessels,1,GFI1+RING1,baseControl,0.546875
Wessels,1,GFI1+SMARCD1,baseControl,0.46875
Wessels,1,GSE1+IKZF1,baseControl,0.671875
Wessels,1,GSE1+INTS1,baseControl,0.640625
Wessels,1,HDAC3+IKZF1,baseControl,0.734375
Wessels,1,HDAC3+INTS1,baseControl,0.796875
Wessels,1,IKZF1+KDM1A,baseControl,0.3125
Wessels,1,IKZF1+MED24,baseControl,0.359375
Wessels,1,IKZF1+RCOR1,baseControl,0.828125
Wessels,1,IKZF1+SMARCD1,baseControl,0.75
Wessels,1,INTS1+KDM1A,baseControl,0.21875
Wessels,1,INTS1+MED24,baseControl,0.296875
Wessels,1,INTS1+MYB,baseControl,0.1875
Wessels,1,INTS1+RCOR1,baseControl,1.0
Wessels,1,INTS1+RING1,baseControl,0.859375
Wessels,1,INTS1+SMARCD1,baseControl,0.90625
Wessels,1,INTS1+SSRP1,baseControl,0.9375
Wessels,1,MED13L+MED16,baseControl,0.59375
Wessels,1,MED13L+MED19,baseControl,0.109375
Wessels,1,MED13L+MED22,baseControl,0.421875
Wessels,1,MED13L+MED24,baseControl,0.15625
Wessels,1,MED14+MED19,baseControl,0.015625
Wessels,1,MED14+MED22,baseControl,0.078125
Wessels,1,MED14+MED24,baseControl,0.171875
Wessels,1,SUPT5H+SUPT6H,baseControl,0.78125
Wessels,1,SUPT16H+SUPT5H,baseControl,0.6875
Wessels,1,DOT1L+EP300,baseControl,0.578125
Wessels,1,DOT1L+FLI1,baseControl,0.5625
Wessels,1,DOT1L+KDM1A,baseControl,0.046875
Wessels,1,DOT1L+MED24,baseControl,0.453125
Wessels,1,DOT1L+RCOR1,baseControl,0.921875
Wessels,1,DOT1L+SMARCD1,baseControl,0.71875
Wessels,1,EP300+GATA2,baseControl,0.484375
Wessels,1,EP300+GSE1,baseControl,0.703125
Wessels,1,EP300+MED24,baseControl,0.28125
Wessels,1,EP300+MYB,baseControl,0.03125
Wessels,1,EP300+SSRP1,baseControl,0.53125
Wessels,1,FLI1+MED24,baseControl,0.203125
Wessels,1,GATA2+SSRP1,baseControl,0.8125
Wessels,1,HDAC3+MED24,baseControl,0.328125
Wessels,1,KDM1A+RING1,baseControl,0.234375
Wessels,1,SMARCA5+SMARCD1,baseControl,0.765625
Wessels,1,SMARCD1+SSRP1,baseControl,0.625
Wessels,1,GFI1,baseControl,0.375
Wessels,1,INTS1,baseControl,0.953125
Wessels,1,GFI1+INTS1,baseControl,0.515625
Wessels,1,IKZF1+INTS1,baseControl,0.96875
Wessels,1,MED13L+MED14,baseControl,0.125
Wessels,2,DOT1L+IKZF1,WitnessCell_v14,0.9259259259259259
Wessels,2,DOT1L+RCOR1,WitnessCell_v14,0.9814814814814815
Wessels,2,EP300+IKZF1,WitnessCell_v14,0.9259259259259259
Wessels,2,EP300+RCOR1,WitnessCell_v14,0.9629629629629629
Wessels,2,FLI1+IKZF1,WitnessCell_v14,0.9629629629629629
Wessels,2,FLI1+RCOR1,WitnessCell_v14,1.0
Wessels,2,GATA2+IKZF1,WitnessCell_v14,0.9814814814814815
Wessels,2,GATA2+RCOR1,WitnessCell_v14,1.0
Wessels,2,GFI1+RCOR1,WitnessCell_v14,0.9074074074074074
Wessels,2,GSE1+IKZF1,WitnessCell_v14,0.8888888888888888
Wessels,2,GSE1+RCOR1,WitnessCell_v14,0.9629629629629629
Wessels,2,HDAC3+IKZF1,WitnessCell_v14,0.8148148148148148
Wessels,2,IKZF1+INTS1,WitnessCell_v14,0.5740740740740741
Wessels,2,IKZF1+KDM1A,WitnessCell_v14,0.9629629629629629
Wessels,2,IKZF1+MED24,WitnessCell_v14,0.8888888888888888
Wessels,2,IKZF1+SMARCD1,WitnessCell_v14,0.9814814814814815
Wessels,2,INTS1+RCOR1,WitnessCell_v14,0.5925925925925926
Wessels,2,KDM1A+RCOR1,WitnessCell_v14,0.8888888888888888
Wessels,2,MED13L+MED14,WitnessCell_v14,0.4444444444444444
Wessels,2,MED13L+MED19,WitnessCell_v14,0.2962962962962963
Wessels,2,MED13L+MED24,WitnessCell_v14,0.7592592592592593
Wessels,2,MED14+MED22,WitnessCell_v14,0.35185185185185186
Wessels,2,MED16+MED19,WitnessCell_v14,0.42592592592592593
Wessels,2,MED16+MED24,WitnessCell_v14,0.9259259259259259
Wessels,2,MED19+MED22,WitnessCell_v14,0.3333333333333333
Wessels,2,MED22+MED24,WitnessCell_v14,0.9814814814814815
Wessels,2,MED24+RCOR1,WitnessCell_v14,0.9444444444444444
Wessels,2,RCOR1+RING1,WitnessCell_v14,0.9259259259259259
Wessels,2,RCOR1+SMARCD1,WitnessCell_v14,0.9629629629629629
Wessels,2,SUPT5H+SUPT6H,WitnessCell_v14,0.9814814814814815
Wessels,2,DOT1L+GSE1,WitnessCell_v14,0.9814814814814815
Wessels,2,DOT1L+KDM1A,WitnessCell_v14,0.9444444444444444
Wessels,2,EP300+HDAC3,WitnessCell_v14,1.0
Wessels,2,EP300+RING1,WitnessCell_v14,1.0
Wessels,2,EP300+SSRP1,WitnessCell_v14,0.9814814814814815
Wessels,2,FLI1+SMARCD1,WitnessCell_v14,1.0
Wessels,2,GATA2+GSE1,WitnessCell_v14,1.0
Wessels,2,GATA2+KDM1A,WitnessCell_v14,1.0
Wessels,2,GATA2+MED24,WitnessCell_v14,1.0
Wessels,2,GATA2+RING1,WitnessCell_v14,1.0
Wessels,2,GATA2+SMARCD1,WitnessCell_v14,1.0
Wessels,2,GFI1+GSE1,WitnessCell_v14,0.8703703703703703
Wessels,2,GFI1+HDAC3,WitnessCell_v14,0.9814814814814815
Wessels,2,GFI1+RING1,WitnessCell_v14,1.0
Wessels,2,GSE1+HDAC3,WitnessCell_v14,1.0
Wessels,2,GSE1+KDM1A,WitnessCell_v14,0.9629629629629629
Wessels,2,INTS1+RING1,WitnessCell_v14,0.7407407407407407
Wessels,2,INTS1+SSRP1,WitnessCell_v14,0.8888888888888888
Wessels,2,MED24+RING1,WitnessCell_v14,0.9629629629629629
Wessels,2,MED24+SSRP1,WitnessCell_v14,0.9259259259259259
Wessels,2,RCOR1,WitnessCell_v14,0.6481481481481481
Wessels,2,IKZF1+RCOR1,WitnessCell_v14,0.4074074074074074
Wessels,2,MED13L+MED16,WitnessCell_v14,0.8703703703703703
Wessels,2,MED13L+MED22,WitnessCell_v14,0.6296296296296297
Wessels,2,MED16+MED22,WitnessCell_v14,0.37037037037037035
Wessels,2,DOT1L+IKZF1,WitnessCell_v13,0.9259259259259259
Wessels,2,DOT1L+RCOR1,WitnessCell_v13,0.9814814814814815
Wessels,2,EP300+IKZF1,WitnessCell_v13,0.9259259259259259
Wessels,2,EP300+RCOR1,WitnessCell_v13,0.9629629629629629
Wessels,2,FLI1+IKZF1,WitnessCell_v13,0.9629629629629629
Wessels,2,FLI1+RCOR1,WitnessCell_v13,1.0
Wessels,2,GATA2+IKZF1,WitnessCell_v13,0.9814814814814815
Wessels,2,GATA2+RCOR1,WitnessCell_v13,1.0
Wessels,2,GFI1+RCOR1,WitnessCell_v13,0.9074074074074074
Wessels,2,GSE1+IKZF1,WitnessCell_v13,0.8888888888888888
Wessels,2,GSE1+RCOR1,WitnessCell_v13,0.9629629629629629
Wessels,2,HDAC3+IKZF1,WitnessCell_v13,0.8148148148148148
Wessels,2,IKZF1+INTS1,WitnessCell_v13,0.5740740740740741
Wessels,2,IKZF1+KDM1A,WitnessCell_v13,0.9629629629629629
Wessels,2,IKZF1+MED24,WitnessCell_v13,0.8888888888888888
Wessels,2,IKZF1+SMARCD1,WitnessCell_v13,0.9814814814814815
Wessels,2,INTS1+RCOR1,WitnessCell_v13,0.5925925925925926
Wessels,2,KDM1A+RCOR1,WitnessCell_v13,0.8888888888888888
Wessels,2,MED13L+MED14,WitnessCell_v13,0.4444444444444444
Wessels,2,MED13L+MED19,WitnessCell_v13,0.2962962962962963
Wessels,2,MED13L+MED24,WitnessCell_v13,0.7592592592592593
Wessels,2,MED14+MED22,WitnessCell_v13,0.35185185185185186
Wessels,2,MED16+MED19,WitnessCell_v13,0.42592592592592593
Wessels,2,MED16+MED24,WitnessCell_v13,0.9259259259259259
Wessels,2,MED19+MED22,WitnessCell_v13,0.3333333333333333
Wessels,2,MED22+MED24,WitnessCell_v13,0.9814814814814815
Wessels,2,MED24+RCOR1,WitnessCell_v13,0.9444444444444444
Wessels,2,RCOR1+RING1,WitnessCell_v13,0.9259259259259259
Wessels,2,RCOR1+SMARCD1,WitnessCell_v13,0.9629629629629629
Wessels,2,SUPT5H+SUPT6H,WitnessCell_v13,0.9814814814814815
Wessels,2,DOT1L+GSE1,WitnessCell_v13,0.9814814814814815
Wessels,2,DOT1L+KDM1A,WitnessCell_v13,0.9444444444444444
Wessels,2,EP300+HDAC3,WitnessCell_v13,1.0
Wessels,2,EP300+RING1,WitnessCell_v13,1.0
Wessels,2,EP300+SSRP1,WitnessCell_v13,0.9814814814814815
Wessels,2,FLI1+SMARCD1,WitnessCell_v13,1.0
Wessels,2,GATA2+GSE1,WitnessCell_v13,1.0
Wessels,2,GATA2+KDM1A,WitnessCell_v13,1.0
Wessels,2,GATA2+MED24,WitnessCell_v13,1.0
Wessels,2,GATA2+RING1,WitnessCell_v13,1.0
Wessels,2,GATA2+SMARCD1,WitnessCell_v13,1.0
Wessels,2,GFI1+GSE1,WitnessCell_v13,0.8703703703703703
Wessels,2,GFI1+HDAC3,WitnessCell_v13,0.9814814814814815
Wessels,2,GFI1+RING1,WitnessCell_v13,1.0
Wessels,2,GSE1+HDAC3,WitnessCell_v13,1.0
Wessels,2,GSE1+KDM1A,WitnessCell_v13,0.9629629629629629
Wessels,2,INTS1+RING1,WitnessCell_v13,0.7407407407407407
Wessels,2,INTS1+SSRP1,WitnessCell_v13,0.8888888888888888
Wessels,2,MED24+RING1,WitnessCell_v13,0.9629629629629629
Wessels,2,MED24+SSRP1,WitnessCell_v13,0.9259259259259259
Wessels,2,RCOR1,WitnessCell_v13,0.6481481481481481
Wessels,2,IKZF1+RCOR1,WitnessCell_v13,0.4074074074074074
Wessels,2,MED13L+MED16,WitnessCell_v13,0.8703703703703703
Wessels,2,MED13L+MED22,WitnessCell_v13,0.6296296296296297
Wessels,2,MED16+MED22,WitnessCell_v13,0.37037037037037035
Wessels,2,DOT1L+IKZF1,trainMean,0.9259259259259259
Wessels,2,DOT1L+RCOR1,trainMean,0.9814814814814815
Wessels,2,EP300+IKZF1,trainMean,0.6851851851851852
Wessels,2,EP300+RCOR1,trainMean,0.9814814814814815
Wessels,2,FLI1+IKZF1,trainMean,0.9629629629629629
Wessels,2,FLI1+RCOR1,trainMean,1.0
Wessels,2,GATA2+IKZF1,trainMean,0.7962962962962963
Wessels,2,GATA2+RCOR1,trainMean,0.9814814814814815
Wessels,2,GFI1+RCOR1,trainMean,0.8703703703703703
Wessels,2,GSE1+IKZF1,trainMean,0.8333333333333334
Wessels,2,GSE1+RCOR1,trainMean,0.9444444444444444
Wessels,2,HDAC3+IKZF1,trainMean,0.7222222222222222
Wessels,2,IKZF1+INTS1,trainMean,0.3333333333333333
Wessels,2,IKZF1+KDM1A,trainMean,0.46296296296296297
Wessels,2,IKZF1+MED24,trainMean,0.9074074074074074
Wessels,2,IKZF1+SMARCD1,trainMean,0.9814814814814815
Wessels,2,INTS1+RCOR1,trainMean,0.3148148148148148
Wessels,2,KDM1A+RCOR1,trainMean,0.09259259259259259
Wessels,2,MED13L+MED14,trainMean,0.2222222222222222
Wessels,2,MED13L+MED19,trainMean,0.18518518518518517
Wessels,2,MED13L+MED24,trainMean,0.7962962962962963
Wessels,2,MED14+MED22,trainMean,0.05555555555555555
Wessels,2,MED16+MED19,trainMean,0.24074074074074073
Wessels,2,MED16+MED24,trainMean,0.7777777777777778
Wessels,2,MED19+MED22,trainMean,0.2777777777777778
Wessels,2,MED22+MED24,trainMean,0.9629629629629629
Wessels,2,MED24+RCOR1,trainMean,0.9259259259259259
Wessels,2,RCOR1+RING1,trainMean,0.8148148148148148
Wessels,2,RCOR1+SMARCD1,trainMean,0.9444444444444444
Wessels,2,SUPT5H+SUPT6H,trainMean,1.0
Wessels,2,DOT1L+GSE1,trainMean,0.9629629629629629
Wessels,2,DOT1L+KDM1A,trainMean,0.07407407407407407
Wessels,2,EP300+HDAC3,trainMean,0.9814814814814815
Wessels,2,EP300+RING1,trainMean,1.0
Wessels,2,EP300+SSRP1,trainMean,0.9629629629629629
Wessels,2,FLI1+SMARCD1,trainMean,1.0
Wessels,2,GATA2+GSE1,trainMean,1.0
Wessels,2,GATA2+KDM1A,trainMean,0.6851851851851852
Wessels,2,GATA2+MED24,trainMean,1.0
Wessels,2,GATA2+RING1,trainMean,1.0
Wessels,2,GATA2+SMARCD1,trainMean,1.0
Wessels,2,GFI1+GSE1,trainMean,1.0
Wessels,2,GFI1+HDAC3,trainMean,1.0
Wessels,2,GFI1+RING1,trainMean,1.0
Wessels,2,GSE1+HDAC3,trainMean,1.0
Wessels,2,GSE1+KDM1A,trainMean,0.9259259259259259
Wessels,2,INTS1+RING1,trainMean,0.8703703703703703
Wessels,2,INTS1+SSRP1,trainMean,0.6111111111111112
Wessels,2,MED24+RING1,trainMean,0.9814814814814815
Wessels,2,MED24+SSRP1,trainMean,0.9444444444444444
Wessels,2,RCOR1,trainMean,0.6851851851851852
Wessels,2,IKZF1+RCOR1,trainMean,0.2037037037037037
Wessels,2,MED13L+MED16,trainMean,0.9259259259259259
Wessels,2,MED13L+MED22,trainMean,0.7037037037037037
Wessels,2,MED16+MED22,trainMean,0.4444444444444444
Wessels,2,DOT1L+IKZF1,baseControl,0.7962962962962963
Wessels,2,DOT1L+RCOR1,baseControl,0.9259259259259259
Wessels,2,EP300+IKZF1,baseControl,0.5925925925925926
Wessels,2,EP300+RCOR1,baseControl,0.2962962962962963
Wessels,2,FLI1+IKZF1,baseControl,0.2777777777777778
Wessels,2,FLI1+RCOR1,baseControl,0.6111111111111112
Wessels,2,GATA2+IKZF1,baseControl,0.8888888888888888
Wessels,2,GATA2+RCOR1,baseControl,0.9074074074074074
Wessels,2,GFI1+RCOR1,baseControl,0.48148148148148145
Wessels,2,GSE1+IKZF1,baseControl,0.6296296296296297
Wessels,2,GSE1+RCOR1,baseControl,0.6666666666666666
Wessels,2,HDAC3+IKZF1,baseControl,0.6851851851851852
Wessels,2,IKZF1+INTS1,baseControl,0.9629629629629629
Wessels,2,IKZF1+KDM1A,baseControl,0.3148148148148148
Wessels,2,IKZF1+MED24,baseControl,0.3888888888888889
Wessels,2,IKZF1+SMARCD1,baseControl,0.7037037037037037
Wessels,2,INTS1+RCOR1,baseControl,1.0
Wessels,2,KDM1A+RCOR1,baseControl,0.037037037037037035
Wessels,2,MED13L+MED14,baseControl,0.1111111111111111
Wessels,2,MED13L+MED19,baseControl,0.09259259259259259
Wessels,2,MED13L+MED24,baseControl,0.16666666666666666
Wessels,2,MED14+MED22,baseControl,0.018518518518518517
Wessels,2,MED16+MED19,baseControl,0.18518518518518517
Wessels,2,MED16+MED24,baseControl,0.5370370370370371
Wessels,2,MED19+MED22,baseControl,0.07407407407407407
Wessels,2,MED22+MED24,baseControl,0.24074074074074073
Wessels,2,MED24+RCOR1,baseControl,0.3333333333333333
Wessels,2,RCOR1+RING1,baseControl,0.8333333333333334
Wessels,2,RCOR1+SMARCD1,baseControl,0.7407407407407407
Wessels,2,SUPT5H+SUPT6H,baseControl,0.7222222222222222
Wessels,2,DOT1L+GSE1,baseControl,0.5740740740740741
Wessels,2,DOT1L+KDM1A,baseControl,0.0
Wessels,2,EP300+HDAC3,baseControl,0.8703703703703703
Wessels,2,EP300+RING1,baseControl,0.4444444444444444
Wessels,2,EP300+SSRP1,baseControl,0.5
Wessels,2,FLI1+SMARCD1,baseControl,0.46296296296296297
Wessels,2,GATA2+GSE1,baseControl,0.6481481481481481
Wessels,2,GATA2+KDM1A,baseControl,0.35185185185185186
Wessels,2,GATA2+MED24,baseControl,0.37037037037037035
Wessels,2,GATA2+RING1,baseControl,0.9814814814814815
Wessels,2,GATA2+SMARCD1,baseControl,0.8148148148148148
Wessels,2,GFI1+GSE1,baseControl,0.14814814814814814
Wessels,2,GFI1+HDAC3,baseControl,0.05555555555555555
Wessels,2,GFI1+RING1,baseControl,0.5185185185185185
Wessels,2,GSE1+HDAC3,baseControl,0.4074074074074074
Wessels,2,GSE1+KDM1A,baseControl,0.2037037037037037
Wessels,2,INTS1+RING1,baseControl,0.8518518518518519
Wessels,2,INTS1+SSRP1,baseControl,0.9444444444444444
Wessels,2,MED24+RING1,baseControl,0.12962962962962962
Wessels,2,MED24+SSRP1,baseControl,0.2222222222222222
Wessels,2,RCOR1,baseControl,0.7592592592592593
Wessels,2,IKZF1+RCOR1,baseControl,0.7777777777777778
Wessels,2,MED13L+MED16,baseControl,0.5555555555555556
Wessels,2,MED13L+MED22,baseControl,0.42592592592592593
Wessels,2,MED16+MED22,baseControl,0.25925925925925924
Wessels,3,DOT1L+FLI1,WitnessCell_v14,0.6818181818181818
Wessels,3,DOT1L+IKZF1,WitnessCell_v14,0.9545454545454546
Wessels,3,DOT1L+KDM1A,WitnessCell_v14,0.09090909090909091
Wessels,3,DOT1L+RING1,WitnessCell_v14,1.0
Wessels,3,EP300+FLI1,WitnessCell_v14,0.9696969696969697
Wessels,3,EP300+IKZF1,WitnessCell_v14,0.9242424242424242
Wessels,3,EP300+KDM1A,WitnessCell_v14,0.9393939393939394
Wessels,3,EP300+RING1,WitnessCell_v14,0.9848484848484849
Wessels,3,FLI1+GATA2,WitnessCell_v14,0.7272727272727273
Wessels,3,FLI1+GFI1,WitnessCell_v14,0.12121212121212122
Wessels,3,FLI1+GSE1,WitnessCell_v14,0.18181818181818182
Wessels,3,FLI1+HDAC3,WitnessCell_v14,0.6060606060606061
Wessels,3,FLI1+INTS1,WitnessCell_v14,0.7121212121212122
Wessels,3,FLI1+MED24,WitnessCell_v14,0.9090909090909091
Wessels,3,FLI1+RCOR1,WitnessCell_v14,0.9393939393939394
Wessels,3,FLI1+SMARCD1,WitnessCell_v14,0.803030303030303
Wessels,3,FLI1+SSRP1,WitnessCell_v14,0.5151515151515151
Wessels,3,GATA2+IKZF1,WitnessCell_v14,0.9848484848484849
Wessels,3,GATA2+KDM1A,WitnessCell_v14,0.3181818181818182
Wessels,3,GATA2+RING1,WitnessCell_v14,0.8939393939393939
Wessels,3,GFI1+KDM1A,WitnessCell_v14,0.015151515151515152
Wessels,3,GFI1+RING1,WitnessCell_v14,0.45454545454545453
Wessels,3,GSE1+IKZF1,WitnessCell_v14,0.8484848484848485
Wessels,3,GSE1+KDM1A,WitnessCell_v14,0.8636363636363636
Wessels,3,GSE1+RING1,WitnessCell_v14,0.9545454545454546
Wessels,3,HDAC3+IKZF1,WitnessCell_v14,0.7575757575757576
Wessels,3,HDAC3+KDM1A,WitnessCell_v14,0.13636363636363635
Wessels,3,HDAC3+RING1,WitnessCell_v14,0.9848484848484849
Wessels,3,IKZF1+INTS1,WitnessCell_v14,1.0
Wessels,3,IKZF1+MED24,WitnessCell_v14,0.9242424242424242
Wessels,3,IKZF1+RCOR1,WitnessCell_v14,0.6363636363636364
Wessels,3,IKZF1+SMARCD1,WitnessCell_v14,0.9848484848484849
Wessels,3,INTS1+KDM1A,WitnessCell_v14,0.30303030303030304
Wessels,3,INTS1+RING1,WitnessCell_v14,0.9393939393939394
Wessels,3,KDM1A+MED24,WitnessCell_v14,0.8939393939393939
Wessels,3,KDM1A+RCOR1,WitnessCell_v14,0.10606060606060606
Wessels,3,KDM1A+SMARCD1,WitnessCell_v14,0.5303030303030303
Wessels,3,MED24+RING1,WitnessCell_v14,0.9848484848484849
Wessels,3,RCOR1+RING1,WitnessCell_v14,0.8484848484848485
Wessels,3,RING1+SMARCD1,WitnessCell_v14,0.9696969696969697
Wessels,3,SUPT5H+SUPT6H,WitnessCell_v14,0.9848484848484849
Wessels,3,SUPT16H+SUPT5H,WitnessCell_v14,0.8939393939393939
Wessels,3,DOT1L+EP300,WitnessCell_v14,1.0
Wessels,3,DOT1L+GSE1,WitnessCell_v14,0.9848484848484849
Wessels,3,DOT1L+SMARCD1,WitnessCell_v14,1.0
Wessels,3,EP300+GFI1,WitnessCell_v14,0.9545454545454546
Wessels,3,GATA2+GFI1,WitnessCell_v14,0.16666666666666666
Wessels,3,GATA2+GSE1,WitnessCell_v14,1.0
Wessels,3,GATA2+HDAC3,WitnessCell_v14,1.0
Wessels,3,GATA2+RCOR1,WitnessCell_v14,1.0
Wessels,3,GFI1+INTS1,WitnessCell_v14,0.5606060606060606
Wessels,3,GFI1+SMARCD1,WitnessCell_v14,0.7575757575757576
Wessels,3,HDAC3+INTS1,WitnessCell_v14,1.0
Wessels,3,INTS1+MED24,WitnessCell_v14,1.0
Wessels,3,INTS1+RCOR1,WitnessCell_v14,1.0
Wessels,3,INTS1+SMARCD1,WitnessCell_v14,1.0
Wessels,3,MED16+MED24,WitnessCell_v14,0.9393939393939394
Wessels,3,MED19+MED24,WitnessCell_v14,0.9545454545454546
Wessels,3,MED24+RCOR1,WitnessCell_v14,0.9848484848484849
Wessels,3,ATXN7L3,WitnessCell_v14,0.16666666666666666
Wessels,3,FLI1,WitnessCell_v14,0.6515151515151515
Wessels,3,RING1,WitnessCell_v14,0.48484848484848486
Wessels,3,FLI1+IKZF1,WitnessCell_v14,0.4090909090909091
Wessels,3,FLI1+KDM1A,WitnessCell_v14,0.3181818181818182
Wessels,3,FLI1+RING1,WitnessCell_v14,0.6212121212121212
Wessels,3,IKZF1+KDM1A,WitnessCell_v14,0.24242424242424243
Wessels,3,KDM1A+RING1,WitnessCell_v14,0.2727272727272727
Wessels,3,DOT1L+FLI1,WitnessCell_v13,0.6818181818181818
Wessels,3,DOT1L+IKZF1,WitnessCell_v13,0.9545454545454546
Wessels,3,DOT1L+KDM1A,WitnessCell_v13,0.09090909090909091
Wessels,3,DOT1L+RING1,WitnessCell_v13,1.0
Wessels,3,EP300+FLI1,WitnessCell_v13,0.9696969696969697
Wessels,3,EP300+IKZF1,WitnessCell_v13,0.9242424242424242
Wessels,3,EP300+KDM1A,WitnessCell_v13,0.9393939393939394
Wessels,3,EP300+RING1,WitnessCell_v13,0.9848484848484849
Wessels,3,FLI1+GATA2,WitnessCell_v13,0.7272727272727273
Wessels,3,FLI1+GFI1,WitnessCell_v13,0.12121212121212122
Wessels,3,FLI1+GSE1,WitnessCell_v13,0.18181818181818182
Wessels,3,FLI1+HDAC3,WitnessCell_v13,0.6060606060606061
Wessels,3,FLI1+INTS1,WitnessCell_v13,0.7121212121212122
Wessels,3,FLI1+MED24,WitnessCell_v13,0.9090909090909091
Wessels,3,FLI1+RCOR1,WitnessCell_v13,0.9393939393939394
Wessels,3,FLI1+SMARCD1,WitnessCell_v13,0.803030303030303
Wessels,3,FLI1+SSRP1,WitnessCell_v13,0.5151515151515151
Wessels,3,GATA2+IKZF1,WitnessCell_v13,0.9848484848484849
Wessels,3,GATA2+KDM1A,WitnessCell_v13,0.3181818181818182
Wessels,3,GATA2+RING1,WitnessCell_v13,0.8939393939393939
Wessels,3,GFI1+KDM1A,WitnessCell_v13,0.015151515151515152
Wessels,3,GFI1+RING1,WitnessCell_v13,0.45454545454545453
Wessels,3,GSE1+IKZF1,WitnessCell_v13,0.8484848484848485
Wessels,3,GSE1+KDM1A,WitnessCell_v13,0.8636363636363636
Wessels,3,GSE1+RING1,WitnessCell_v13,0.9545454545454546
Wessels,3,HDAC3+IKZF1,WitnessCell_v13,0.7575757575757576
Wessels,3,HDAC3+KDM1A,WitnessCell_v13,0.13636363636363635
Wessels,3,HDAC3+RING1,WitnessCell_v13,0.9848484848484849
Wessels,3,IKZF1+INTS1,WitnessCell_v13,1.0
Wessels,3,IKZF1+MED24,WitnessCell_v13,0.9242424242424242
Wessels,3,IKZF1+RCOR1,WitnessCell_v13,0.6363636363636364
Wessels,3,IKZF1+SMARCD1,WitnessCell_v13,0.9848484848484849
Wessels,3,INTS1+KDM1A,WitnessCell_v13,0.30303030303030304
Wessels,3,INTS1+RING1,WitnessCell_v13,0.9393939393939394
Wessels,3,KDM1A+MED24,WitnessCell_v13,0.8939393939393939
Wessels,3,KDM1A+RCOR1,WitnessCell_v13,0.10606060606060606
Wessels,3,KDM1A+SMARCD1,WitnessCell_v13,0.5303030303030303
Wessels,3,MED24+RING1,WitnessCell_v13,0.9848484848484849
Wessels,3,RCOR1+RING1,WitnessCell_v13,0.8484848484848485
Wessels,3,RING1+SMARCD1,WitnessCell_v13,0.9696969696969697
Wessels,3,SUPT5H+SUPT6H,WitnessCell_v13,0.9848484848484849
Wessels,3,SUPT16H+SUPT5H,WitnessCell_v13,0.8939393939393939
Wessels,3,DOT1L+EP300,WitnessCell_v13,1.0
Wessels,3,DOT1L+GSE1,WitnessCell_v13,0.9848484848484849
Wessels,3,DOT1L+SMARCD1,WitnessCell_v13,1.0
Wessels,3,EP300+GFI1,WitnessCell_v13,0.9545454545454546
Wessels,3,GATA2+GFI1,WitnessCell_v13,0.16666666666666666
Wessels,3,GATA2+GSE1,WitnessCell_v13,1.0
Wessels,3,GATA2+HDAC3,WitnessCell_v13,1.0
Wessels,3,GATA2+RCOR1,WitnessCell_v13,1.0
Wessels,3,GFI1+INTS1,WitnessCell_v13,0.5606060606060606
Wessels,3,GFI1+SMARCD1,WitnessCell_v13,0.7575757575757576
Wessels,3,HDAC3+INTS1,WitnessCell_v13,1.0
Wessels,3,INTS1+MED24,WitnessCell_v13,1.0
Wessels,3,INTS1+RCOR1,WitnessCell_v13,1.0
Wessels,3,INTS1+SMARCD1,WitnessCell_v13,1.0
Wessels,3,MED16+MED24,WitnessCell_v13,0.9393939393939394
Wessels,3,MED19+MED24,WitnessCell_v13,0.9545454545454546
Wessels,3,MED24+RCOR1,WitnessCell_v13,0.9848484848484849
Wessels,3,ATXN7L3,WitnessCell_v13,0.16666666666666666
Wessels,3,FLI1,WitnessCell_v13,0.6515151515151515
Wessels,3,RING1,WitnessCell_v13,0.48484848484848486
Wessels,3,FLI1+IKZF1,WitnessCell_v13,0.4090909090909091
Wessels,3,FLI1+KDM1A,WitnessCell_v13,0.3181818181818182
Wessels,3,FLI1+RING1,WitnessCell_v13,0.6212121212121212
Wessels,3,IKZF1+KDM1A,WitnessCell_v13,0.24242424242424243
Wessels,3,KDM1A+RING1,WitnessCell_v13,0.2727272727272727
Wessels,3,DOT1L+FLI1,trainMean,0.7424242424242424
Wessels,3,DOT1L+IKZF1,trainMean,0.9393939393939394
Wessels,3,DOT1L+KDM1A,trainMean,0.09090909090909091
Wessels,3,DOT1L+RING1,trainMean,0.9848484848484849
Wessels,3,EP300+FLI1,trainMean,0.9696969696969697
Wessels,3,EP300+IKZF1,trainMean,0.8181818181818182
Wessels,3,EP300+KDM1A,trainMean,0.9393939393939394
Wessels,3,EP300+RING1,trainMean,1.0
Wessels,3,FLI1+GATA2,trainMean,0.7424242424242424
Wessels,3,FLI1+GFI1,trainMean,0.12121212121212122
Wessels,3,FLI1+GSE1,trainMean,0.3333333333333333
Wessels,3,FLI1+HDAC3,trainMean,0.6666666666666666
Wessels,3,FLI1+INTS1,trainMean,0.7121212121212122
Wessels,3,FLI1+MED24,trainMean,0.9090909090909091
Wessels,3,FLI1+RCOR1,trainMean,0.9393939393939394
Wessels,3,FLI1+SMARCD1,trainMean,0.8939393939393939
Wessels,3,FLI1+SSRP1,trainMean,0.5151515151515151
Wessels,3,GATA2+IKZF1,trainMean,0.8787878787878788
Wessels,3,GATA2+KDM1A,trainMean,0.3787878787878788
Wessels,3,GATA2+RING1,trainMean,0.5757575757575758
Wessels,3,GFI1+KDM1A,trainMean,0.015151515151515152
Wessels,3,GFI1+RING1,trainMean,0.45454545454545453
Wessels,3,GSE1+IKZF1,trainMean,0.8333333333333334
Wessels,3,GSE1+KDM1A,trainMean,0.9090909090909091
Wessels,3,GSE1+RING1,trainMean,0.9545454545454546
Wessels,3,HDAC3+IKZF1,trainMean,0.7575757575757576
Wessels,3,HDAC3+KDM1A,trainMean,0.10606060606060606
Wessels,3,HDAC3+RING1,trainMean,0.9848484848484849
Wessels,3,IKZF1+INTS1,trainMean,1.0
Wessels,3,IKZF1+MED24,trainMean,0.9393939393939394
Wessels,3,IKZF1+RCOR1,trainMean,0.6212121212121212
Wessels,3,IKZF1+SMARCD1,trainMean,0.9848484848484849
Wessels,3,INTS1+KDM1A,trainMean,0.4090909090909091
Wessels,3,INTS1+RING1,trainMean,0.9545454545454546
Wessels,3,KDM1A+MED24,trainMean,0.9242424242424242
Wessels,3,KDM1A+RCOR1,trainMean,0.10606060606060606
Wessels,3,KDM1A+SMARCD1,trainMean,0.6363636363636364
Wessels,3,MED24+RING1,trainMean,1.0
Wessels,3,RCOR1+RING1,trainMean,0.8333333333333334
Wessels,3,RING1+SMARCD1,trainMean,0.9545454545454546
Wessels,3,SUPT5H+SUPT6H,trainMean,0.9848484848484849
Wessels,3,SUPT16H+SUPT5H,trainMean,0.8939393939393939
Wessels,3,DOT1L+EP300,trainMean,1.0
Wessels,3,DOT1L+GSE1,trainMean,0.9848484848484849
Wessels,3,DOT1L+SMARCD1,trainMean,1.0
Wessels,3,EP300+GFI1,trainMean,0.9545454545454546
Wessels,3,GATA2+GFI1,trainMean,0.16666666666666666
Wessels,3,GATA2+GSE1,trainMean,1.0
Wessels,3,GATA2+HDAC3,trainMean,1.0
Wessels,3,GATA2+RCOR1,trainMean,1.0
Wessels,3,GFI1+INTS1,trainMean,0.5757575757575758
Wessels,3,GFI1+SMARCD1,trainMean,0.7424242424242424
Wessels,3,HDAC3+INTS1,trainMean,1.0
Wessels,3,INTS1+MED24,trainMean,1.0
Wessels,3,INTS1+RCOR1,trainMean,1.0
Wessels,3,INTS1+SMARCD1,trainMean,1.0
Wessels,3,MED16+MED24,trainMean,0.8939393939393939
Wessels,3,MED19+MED24,trainMean,0.9696969696969697
Wessels,3,MED24+RCOR1,trainMean,0.9848484848484849
Wessels,3,ATXN7L3,trainMean,0.2878787878787879
Wessels,3,FLI1,trainMean,0.6363636363636364
Wessels,3,RING1,trainMean,0.5909090909090909
Wessels,3,FLI1+IKZF1,trainMean,0.4090909090909091
Wessels,3,FLI1+KDM1A,trainMean,0.3181818181818182
Wessels,3,FLI1+RING1,trainMean,0.6212121212121212
Wessels,3,IKZF1+KDM1A,trainMean,0.24242424242424243
Wessels,3,KDM1A+RING1,trainMean,0.2727272727272727
Wessels,3,DOT1L+FLI1,baseControl,0.48484848484848486
Wessels,3,DOT1L+IKZF1,baseControl,0.8787878787878788
Wessels,3,DOT1L+KDM1A,baseControl,0.045454545454545456
Wessels,3,DOT1L+RING1,baseControl,0.8333333333333334
Wessels,3,EP300+FLI1,baseControl,0.3484848484848485
Wessels,3,EP300+IKZF1,baseControl,0.5757575757575758
Wessels,3,EP300+KDM1A,baseControl,0.18181818181818182
Wessels,3,EP300+RING1,baseControl,0.3787878787878788
Wessels,3,FLI1+GATA2,baseControl,0.6515151515151515
Wessels,3,FLI1+GFI1,baseControl,0.06060606060606061
Wessels,3,FLI1+GSE1,baseControl,0.10606060606060606
Wessels,3,FLI1+HDAC3,baseControl,0.36363636363636365
Wessels,3,FLI1+INTS1,baseControl,0.6212121212121212
Wessels,3,FLI1+MED24,baseControl,0.16666666666666666
Wessels,3,FLI1+RCOR1,baseControl,0.6060606060606061
Wessels,3,FLI1+SMARCD1,baseControl,0.4393939393939394
Wessels,3,FLI1+SSRP1,baseControl,0.42424242424242425
Wessels,3,GATA2+IKZF1,baseControl,0.9242424242424242
Wessels,3,GATA2+KDM1A,baseControl,0.2878787878787879
Wessels,3,GATA2+RING1,baseControl,0.9848484848484849
Wessels,3,GFI1+KDM1A,baseControl,0.0
Wessels,3,GFI1+RING1,baseControl,0.4696969696969697
Wessels,3,GSE1+IKZF1,baseControl,0.6363636363636364
Wessels,3,GSE1+KDM1A,baseControl,0.15151515151515152
Wessels,3,GSE1+RING1,baseControl,0.5454545454545454
Wessels,3,HDAC3+IKZF1,baseControl,0.7121212121212122
Wessels,3,HDAC3+KDM1A,baseControl,0.030303030303030304
Wessels,3,HDAC3+RING1,baseControl,0.7878787878787878
Wessels,3,IKZF1+INTS1,baseControl,0.9696969696969697
Wessels,3,IKZF1+MED24,baseControl,0.3333333333333333
Wessels,3,IKZF1+RCOR1,baseControl,0.8636363636363636
Wessels,3,IKZF1+SMARCD1,baseControl,0.7272727272727273
Wessels,3,INTS1+KDM1A,baseControl,0.19696969696969696
Wessels,3,INTS1+RING1,baseControl,0.9090909090909091
Wessels,3,KDM1A+MED24,baseControl,0.015151515151515152
Wessels,3,KDM1A+RCOR1,baseControl,0.07575757575757576
Wessels,3,KDM1A+SMARCD1,baseControl,0.3181818181818182
Wessels,3,MED24+RING1,baseControl,0.09090909090909091
Wessels,3,RCOR1+RING1,baseControl,0.8939393939393939
Wessels,3,RING1+SMARCD1,baseControl,0.8181818181818182
Wessels,3,SUPT5H+SUPT6H,baseControl,0.7575757575757576
Wessels,3,SUPT16H+SUPT5H,baseControl,0.6818181818181818
Wessels,3,DOT1L+EP300,baseControl,0.5151515151515151
Wessels,3,DOT1L+GSE1,baseControl,0.5606060606060606
Wessels,3,DOT1L+SMARCD1,baseControl,0.696969696969697
Wessels,3,EP300+GFI1,baseControl,0.3939393939393939
Wessels,3,GATA2+GFI1,baseControl,0.30303030303030304
Wessels,3,GATA2+GSE1,baseControl,0.6666666666666666
Wessels,3,GATA2+HDAC3,baseControl,0.8484848484848485
Wessels,3,GATA2+RCOR1,baseControl,0.9545454545454546
Wessels,3,GFI1+INTS1,baseControl,0.45454545454545453
Wessels,3,GFI1+SMARCD1,baseControl,0.4090909090909091
Wessels,3,HDAC3+INTS1,baseControl,0.7727272727272727
Wessels,3,INTS1+MED24,baseControl,0.24242424242424243
Wessels,3,INTS1+RCOR1,baseControl,1.0
Wessels,3,INTS1+SMARCD1,baseControl,0.9393939393939394
Wessels,3,MED16+MED24,baseControl,0.5303030303030303
Wessels,3,MED19+MED24,baseControl,0.12121212121212122
Wessels,3,MED24+RCOR1,baseControl,0.2727272727272727
Wessels,3,ATXN7L3,baseControl,0.7424242424242424
Wessels,3,FLI1,baseControl,0.5909090909090909
Wessels,3,RING1,baseControl,0.803030303030303
Wessels,3,FLI1+IKZF1,baseControl,0.22727272727272727
Wessels,3,FLI1+KDM1A,baseControl,0.13636363636363635
Wessels,3,FLI1+RING1,baseControl,0.5
Wessels,3,IKZF1+KDM1A,baseControl,0.25757575757575757
Wessels,3,KDM1A+RING1,baseControl,0.21212121212121213
Schmidt,1,CBY1+LCP2,WitnessCell_v14,0.43333333333333335
Schmidt,1,CBY1+PRKD2,WitnessCell_v14,0.5333333333333333
Schmidt,1,CBY1+TRIM21,WitnessCell_v14,0.16666666666666666
Schmidt,1,EMP3+JMJD1C,WitnessCell_v14,0.6666666666666666
Schmidt,1,EMP3+LCP2,WitnessCell_v14,0.23333333333333334
Schmidt,1,EMP3+MAP4K1,WitnessCell_v14,0.26666666666666666
Schmidt,1,EMP3+PRKD2,WitnessCell_v14,0.6333333333333333
Schmidt,1,EMP3+TBX21,WitnessCell_v14,0.6
Schmidt,1,EMP3+TNFRSF1A,WitnessCell_v14,0.9
Schmidt,1,EMP3+TNFRSF1B,WitnessCell_v14,1.0
Schmidt,1,EMP3+VAV1,WitnessCell_v14,0.36666666666666664
Schmidt,1,JMJD1C+TRAF3IP2,WitnessCell_v14,0.5
Schmidt,1,PRKD2+TRAF3IP2,WitnessCell_v14,0.3
Schmidt,1,TNFRSF1A+TRAF3IP2,WitnessCell_v14,0.7
Schmidt,1,TNFRSF1B+TRAF3IP2,WitnessCell_v14,0.8333333333333334
Schmidt,1,TNFRSF12A+TRAF3IP2,WitnessCell_v14,0.2
Schmidt,1,TRAF3IP2+TRIM21,WitnessCell_v14,0.6
Schmidt,1,TRAF3IP2+VAV1,WitnessCell_v14,0.7
Schmidt,1,MGST3+TRIM21,WitnessCell_v14,0.6333333333333333
Schmidt,1,PRKD2+TNFRSF1B,WitnessCell_v14,0.8
Schmidt,1,ABCB10,WitnessCell_v14,0.9333333333333333
Schmidt,1,CBY1,WitnessCell_v14,1.0
Schmidt,1,EMP3,WitnessCell_v14,1.0
Schmidt,1,EOMES,WitnessCell_v14,0.7333333333333333
Schmidt,1,FOSL1,WitnessCell_v14,0.8666666666666667
Schmidt,1,FOXD2,WitnessCell_v14,0.8
Schmidt,1,IKZF3,WitnessCell_v14,0.8666666666666667
Schmidt,1,INPPL1,WitnessCell_v14,0.8333333333333334
Schmidt,1,TRAF3IP2,WitnessCell_v14,1.0
Schmidt,1,CBY1+EMP3,WitnessCell_v14,0.6666666666666666
Schmidt,1,EMP3+TRAF3IP2,WitnessCell_v14,0.5
Schmidt,1,CBY1+LCP2,WitnessCell_v13,0.43333333333333335
Schmidt,1,CBY1+PRKD2,WitnessCell_v13,0.5333333333333333
Schmidt,1,CBY1+TRIM21,WitnessCell_v13,0.16666666666666666
Schmidt,1,EMP3+JMJD1C,WitnessCell_v13,0.6666666666666666
Schmidt,1,EMP3+LCP2,WitnessCell_v13,0.23333333333333334
Schmidt,1,EMP3+MAP4K1,WitnessCell_v13,0.26666666666666666
Schmidt,1,EMP3+PRKD2,WitnessCell_v13,0.6333333333333333
Schmidt,1,EMP3+TBX21,WitnessCell_v13,0.6
Schmidt,1,EMP3+TNFRSF1A,WitnessCell_v13,0.9
Schmidt,1,EMP3+TNFRSF1B,WitnessCell_v13,1.0
Schmidt,1,EMP3+VAV1,WitnessCell_v13,0.36666666666666664
Schmidt,1,JMJD1C+TRAF3IP2,WitnessCell_v13,0.5
Schmidt,1,PRKD2+TRAF3IP2,WitnessCell_v13,0.3333333333333333
Schmidt,1,TNFRSF1A+TRAF3IP2,WitnessCell_v13,0.7
Schmidt,1,TNFRSF1B+TRAF3IP2,WitnessCell_v13,0.8333333333333334
Schmidt,1,TNFRSF12A+TRAF3IP2,WitnessCell_v13,0.2
Schmidt,1,TRAF3IP2+TRIM21,WitnessCell_v13,0.6
Schmidt,1,TRAF3IP2+VAV1,WitnessCell_v13,0.7
Schmidt,1,MGST3+TRIM21,WitnessCell_v13,0.6333333333333333
Schmidt,1,PRKD2+TNFRSF1B,WitnessCell_v13,0.8
Schmidt,1,ABCB10,WitnessCell_v13,0.9333333333333333
Schmidt,1,CBY1,WitnessCell_v13,1.0
Schmidt,1,EMP3,WitnessCell_v13,1.0
Schmidt,1,EOMES,WitnessCell_v13,0.7333333333333333
Schmidt,1,FOSL1,WitnessCell_v13,0.8666666666666667
Schmidt,1,FOXD2,WitnessCell_v13,0.8
Schmidt,1,IKZF3,WitnessCell_v13,0.8666666666666667
Schmidt,1,INPPL1,WitnessCell_v13,0.8333333333333334
Schmidt,1,TRAF3IP2,WitnessCell_v13,1.0
Schmidt,1,CBY1+EMP3,WitnessCell_v13,0.6666666666666666
Schmidt,1,EMP3+TRAF3IP2,WitnessCell_v13,0.5
Schmidt,1,CBY1+LCP2,trainMean,0.3333333333333333
Schmidt,1,CBY1+PRKD2,trainMean,0.43333333333333335
Schmidt,1,CBY1+TRIM21,trainMean,0.13333333333333333
Schmidt,1,EMP3+JMJD1C,trainMean,0.6666666666666666
Schmidt,1,EMP3+LCP2,trainMean,0.2
Schmidt,1,EMP3+MAP4K1,trainMean,0.3
Schmidt,1,EMP3+PRKD2,trainMean,0.6333333333333333
Schmidt,1,EMP3+TBX21,trainMean,0.6666666666666666
Schmidt,1,EMP3+TNFRSF1A,trainMean,0.8666666666666667
Schmidt,1,EMP3+TNFRSF1B,trainMean,1.0
Schmidt,1,EMP3+VAV1,trainMean,0.4666666666666667
Schmidt,1,JMJD1C+TRAF3IP2,trainMean,0.5666666666666667
Schmidt,1,PRKD2+TRAF3IP2,trainMean,0.3
Schmidt,1,TNFRSF1A+TRAF3IP2,trainMean,0.7
Schmidt,1,TNFRSF1B+TRAF3IP2,trainMean,0.7333333333333333
Schmidt,1,TNFRSF12A+TRAF3IP2,trainMean,0.13333333333333333
Schmidt,1,TRAF3IP2+TRIM21,trainMean,0.6333333333333333
Schmidt,1,TRAF3IP2+VAV1,trainMean,0.7333333333333333
Schmidt,1,MGST3+TRIM21,trainMean,0.6666666666666666
Schmidt,1,PRKD2+TNFRSF1B,trainMean,0.9333333333333333
Schmidt,1,ABCB10,trainMean,0.9
Schmidt,1,CBY1,trainMean,1.0
Schmidt,1,EMP3,trainMean,0.9666666666666667
Schmidt,1,EOMES,trainMean,0.7333333333333333
Schmidt,1,FOSL1,trainMean,0.8333333333333334
Schmidt,1,FOXD2,trainMean,0.7666666666666667
Schmidt,1,IKZF3,trainMean,0.8666666666666667
Schmidt,1,INPPL1,trainMean,0.8
Schmidt,1,TRAF3IP2,trainMean,0.9333333333333333
Schmidt,1,CBY1+EMP3,trainMean,0.6666666666666666
Schmidt,1,EMP3+TRAF3IP2,trainMean,0.5
Schmidt,1,CBY1+LCP2,baseControl,0.43333333333333335
Schmidt,1,CBY1+PRKD2,baseControl,0.5666666666666667
Schmidt,1,CBY1+TRIM21,baseControl,0.23333333333333334
Schmidt,1,EMP3+JMJD1C,baseControl,0.36666666666666664
Schmidt,1,EMP3+LCP2,baseControl,0.2
Schmidt,1,EMP3+MAP4K1,baseControl,0.1
Schmidt,1,EMP3+PRKD2,baseControl,0.6666666666666666
Schmidt,1,EMP3+TBX21,baseControl,0.03333333333333333
Schmidt,1,EMP3+TNFRSF1A,baseControl,0.13333333333333333
Schmidt,1,EMP3+TNFRSF1B,baseControl,0.6
Schmidt,1,EMP3+VAV1,baseControl,0.0
Schmidt,1,JMJD1C+TRAF3IP2,baseControl,0.26666666666666666
Schmidt,1,PRKD2+TRAF3IP2,baseControl,0.3
Schmidt,1,TNFRSF1A+TRAF3IP2,baseControl,0.4666666666666667
Schmidt,1,TNFRSF1B+TRAF3IP2,baseControl,0.4
Schmidt,1,TNFRSF12A+TRAF3IP2,baseControl,0.06666666666666667
Schmidt,1,TRAF3IP2+TRIM21,baseControl,0.6333333333333333
Schmidt,1,TRAF3IP2+VAV1,baseControl,0.3333333333333333
Schmidt,1,MGST3+TRIM21,baseControl,0.5
Schmidt,1,PRKD2+TNFRSF1B,baseControl,0.16666666666666666
Schmidt,1,ABCB10,baseControl,0.9
Schmidt,1,CBY1,baseControl,1.0
Schmidt,1,EMP3,baseControl,0.9666666666666667
Schmidt,1,EOMES,baseControl,0.7333333333333333
Schmidt,1,FOSL1,baseControl,0.8
Schmidt,1,FOXD2,baseControl,0.7666666666666667
Schmidt,1,IKZF3,baseControl,0.8666666666666667
Schmidt,1,INPPL1,baseControl,0.8333333333333334
Schmidt,1,TRAF3IP2,baseControl,0.9333333333333333
Schmidt,1,CBY1+EMP3,baseControl,0.7
Schmidt,1,EMP3+TRAF3IP2,baseControl,0.5333333333333333
Schmidt,2,ARHGDIB+TNFRSF1A,WitnessCell_v14,0.14814814814814814
Schmidt,2,CBY1+EMP3,WitnessCell_v14,0.6666666666666666
Schmidt,2,EMP3+LCP2,WitnessCell_v14,0.37037037037037035
Schmidt,2,EMP3+MAP4K1,WitnessCell_v14,0.37037037037037035
Schmidt,2,EMP3+PRKD2,WitnessCell_v14,0.5555555555555556
Schmidt,2,EMP3+TBX21,WitnessCell_v14,0.5555555555555556
Schmidt,2,EMP3+TNFRSF1B,WitnessCell_v14,0.7777777777777778
Schmidt,2,EMP3+TRAF3IP2,WitnessCell_v14,0.6296296296296297
Schmidt,2,EMP3+VAV1,WitnessCell_v14,0.0
Schmidt,2,FOXQ1+TNFRSF1A,WitnessCell_v14,0.2962962962962963
Schmidt,2,JMJD1C+TNFRSF1B,WitnessCell_v14,0.5185185185185185
Schmidt,2,JMJD1C+TRAF3IP2,WitnessCell_v14,0.37037037037037035
Schmidt,2,PRKD2+TNFRSF1A,WitnessCell_v14,0.6296296296296297
Schmidt,2,TNFRSF1A+TRAF3IP2,WitnessCell_v14,0.5925925925925926
Schmidt,2,PRKD2+TRIM21,WitnessCell_v14,0.4074074074074074
Schmidt,2,TNFRSF12A+TRAF3IP2,WitnessCell_v14,0.25925925925925924
Schmidt,2,TRAF3IP2+VAV1,WitnessCell_v14,0.5555555555555556
Schmidt,2,DEPDC7,WitnessCell_v14,0.9629629629629629
Schmidt,2,EMP3,WitnessCell_v14,1.0
Schmidt,2,FOSL1,WitnessCell_v14,0.7777777777777778
Schmidt,2,IKZF3,WitnessCell_v14,0.9629629629629629
Schmidt,2,JMJD1C,WitnessCell_v14,0.8888888888888888
Schmidt,2,LTBR,WitnessCell_v14,0.7037037037037037
Schmidt,2,RELA,WitnessCell_v14,0.9629629629629629
Schmidt,2,TNFRSF1A,WitnessCell_v14,0.7407407407407407
Schmidt,2,WT1,WitnessCell_v14,0.9259259259259259
Schmidt,2,EMP3+JMJD1C,WitnessCell_v14,0.4074074074074074
Schmidt,2,EMP3+TNFRSF1A,WitnessCell_v14,0.4074074074074074
Schmidt,2,ARHGDIB+TNFRSF1A,WitnessCell_v13,0.14814814814814814
Schmidt,2,CBY1+EMP3,WitnessCell_v13,0.6666666666666666
Schmidt,2,EMP3+LCP2,WitnessCell_v13,0.37037037037037035
Schmidt,2,EMP3+MAP4K1,WitnessCell_v13,0.37037037037037035
Schmidt,2,EMP3+PRKD2,WitnessCell_v13,0.5555555555555556
Schmidt,2,EMP3+TBX21,WitnessCell_v13,0.5555555555555556
Schmidt,2,EMP3+TNFRSF1B,WitnessCell_v13,0.7777777777777778
Schmidt,2,EMP3+TRAF3IP2,WitnessCell_v13,0.6296296296296297
Schmidt,2,EMP3+VAV1,WitnessCell_v13,0.0
Schmidt,2,FOXQ1+TNFRSF1A,WitnessCell_v13,0.2962962962962963
Schmidt,2,JMJD1C+TNFRSF1B,WitnessCell_v13,0.5185185185185185
Schmidt,2,JMJD1C+TRAF3IP2,WitnessCell_v13,0.37037037037037035
Schmidt,2,PRKD2+TNFRSF1A,WitnessCell_v13,0.6296296296296297
Schmidt,2,TNFRSF1A+TRAF3IP2,WitnessCell_v13,0.5925925925925926
Schmidt,2,PRKD2+TRIM21,WitnessCell_v13,0.4074074074074074
Schmidt,2,TNFRSF12A+TRAF3IP2,WitnessCell_v13,0.25925925925925924
Schmidt,2,TRAF3IP2+VAV1,WitnessCell_v13,0.5555555555555556
Schmidt,2,DEPDC7,WitnessCell_v13,0.9629629629629629
Schmidt,2,EMP3,WitnessCell_v13,1.0
Schmidt,2,FOSL1,WitnessCell_v13,0.7777777777777778
Schmidt,2,IKZF3,WitnessCell_v13,0.9259259259259259
Schmidt,2,JMJD1C,WitnessCell_v13,0.8888888888888888
Schmidt,2,LTBR,WitnessCell_v13,0.7037037037037037
Schmidt,2,RELA,WitnessCell_v13,0.9629629629629629
Schmidt,2,TNFRSF1A,WitnessCell_v13,0.7407407407407407
Schmidt,2,WT1,WitnessCell_v13,0.9259259259259259
Schmidt,2,EMP3+JMJD1C,WitnessCell_v13,0.4074074074074074
Schmidt,2,EMP3+TNFRSF1A,WitnessCell_v13,0.4074074074074074
Schmidt,2,ARHGDIB+TNFRSF1A,trainMean,0.14814814814814814
Schmidt,2,CBY1+EMP3,trainMean,0.6666666666666666
Schmidt,2,EMP3+LCP2,trainMean,0.3333333333333333
Schmidt,2,EMP3+MAP4K1,trainMean,0.4444444444444444
Schmidt,2,EMP3+PRKD2,trainMean,0.5925925925925926
Schmidt,2,EMP3+TBX21,trainMean,0.6666666666666666
Schmidt,2,EMP3+TNFRSF1B,trainMean,0.9259259259259259
Schmidt,2,EMP3+TRAF3IP2,trainMean,0.5925925925925926
Schmidt,2,EMP3+VAV1,trainMean,0.0
Schmidt,2,FOXQ1+TNFRSF1A,trainMean,0.2222222222222222
Schmidt,2,JMJD1C+TNFRSF1B,trainMean,0.6666666666666666
Schmidt,2,JMJD1C+TRAF3IP2,trainMean,0.3333333333333333
Schmidt,2,PRKD2+TNFRSF1A,trainMean,0.5555555555555556
Schmidt,2,TNFRSF1A+TRAF3IP2,trainMean,0.6296296296296297
Schmidt,2,PRKD2+TRIM21,trainMean,0.48148148148148145
Schmidt,2,TNFRSF12A+TRAF3IP2,trainMean,0.3333333333333333
Schmidt,2,TRAF3IP2+VAV1,trainMean,0.5555555555555556
Schmidt,2,DEPDC7,trainMean,0.9629629629629629
Schmidt,2,EMP3,trainMean,1.0
Schmidt,2,FOSL1,trainMean,0.7777777777777778
Schmidt,2,IKZF3,trainMean,0.8888888888888888
Schmidt,2,JMJD1C,trainMean,0.8148148148148148
Schmidt,2,LTBR,trainMean,0.7037037037037037
Schmidt,2,RELA,trainMean,0.9259259259259259
Schmidt,2,TNFRSF1A,trainMean,0.7407407407407407
Schmidt,2,WT1,trainMean,0.8518518518518519
Schmidt,2,EMP3+JMJD1C,trainMean,0.25925925925925924
Schmidt,2,EMP3+TNFRSF1A,trainMean,0.37037037037037035
Schmidt,2,ARHGDIB+TNFRSF1A,baseControl,0.07407407407407407
Schmidt,2,CBY1+EMP3,baseControl,0.6666666666666666
Schmidt,2,EMP3+LCP2,baseControl,0.2962962962962963
Schmidt,2,EMP3+MAP4K1,baseControl,0.2222222222222222
Schmidt,2,EMP3+PRKD2,baseControl,0.6296296296296297
Schmidt,2,EMP3+TBX21,baseControl,0.1111111111111111
Schmidt,2,EMP3+TNFRSF1B,baseControl,0.5555555555555556
Schmidt,2,EMP3+TRAF3IP2,baseControl,0.5185185185185185
Schmidt,2,EMP3+VAV1,baseControl,0.037037037037037035
Schmidt,2,FOXQ1+TNFRSF1A,baseControl,0.0
Schmidt,2,JMJD1C+TNFRSF1B,baseControl,0.14814814814814814
Schmidt,2,JMJD1C+TRAF3IP2,baseControl,0.3333333333333333
Schmidt,2,PRKD2+TNFRSF1A,baseControl,0.5925925925925926
Schmidt,2,TNFRSF1A+TRAF3IP2,baseControl,0.48148148148148145
Schmidt,2,PRKD2+TRIM21,baseControl,0.4074074074074074
Schmidt,2,TNFRSF12A+TRAF3IP2,baseControl,0.18518518518518517
Schmidt,2,TRAF3IP2+VAV1,baseControl,0.37037037037037035
Schmidt,2,DEPDC7,baseControl,0.9629629629629629
Schmidt,2,EMP3,baseControl,1.0
Schmidt,2,FOSL1,baseControl,0.7777777777777778
Schmidt,2,IKZF3,baseControl,0.8888888888888888
Schmidt,2,JMJD1C,baseControl,0.8518518518518519
Schmidt,2,LTBR,baseControl,0.7037037037037037
Schmidt,2,RELA,baseControl,0.9259259259259259
Schmidt,2,TNFRSF1A,baseControl,0.7407407407407407
Schmidt,2,WT1,baseControl,0.8148148148148148
Schmidt,2,EMP3+JMJD1C,baseControl,0.4444444444444444
Schmidt,2,EMP3+TNFRSF1A,baseControl,0.25925925925925924
Schmidt,3,CBY1+EMP3,WitnessCell_v14,0.6296296296296297
Schmidt,3,CBY1+LCP2,WitnessCell_v14,0.3333333333333333
Schmidt,3,EMP3+JMJD1C,WitnessCell_v14,0.6296296296296297
Schmidt,3,EMP3+MAP4K1,WitnessCell_v14,0.2962962962962963
Schmidt,3,EMP3+PRKD2,WitnessCell_v14,0.5555555555555556
Schmidt,3,EMP3+TBX21,WitnessCell_v14,0.07407407407407407
Schmidt,3,EMP3+TNFRSF1A,WitnessCell_v14,0.5925925925925926
Schmidt,3,EMP3+TRAF3IP2,WitnessCell_v14,0.5555555555555556
Schmidt,3,EMP3+VAV1,WitnessCell_v14,0.25925925925925924
Schmidt,3,JMJD1C+TNFRSF1B,WitnessCell_v14,0.1111111111111111
Schmidt,3,MGST3+TRIM21,WitnessCell_v14,0.4444444444444444
Schmidt,3,PRKD2+TNFRSF1B,WitnessCell_v14,0.37037037037037035
Schmidt,3,TNFRSF1B+TRAF3IP2,WitnessCell_v14,0.5555555555555556
Schmidt,3,TNFRSF12A+TRAF3IP2,WitnessCell_v14,0.2222222222222222
Schmidt,3,PRKD2+VAV1,WitnessCell_v14,0.6666666666666666
Schmidt,3,TNFRSF1A+TRAF3IP2,WitnessCell_v14,0.6666666666666666
Schmidt,3,TRAF3IP2+TRIM21,WitnessCell_v14,0.5925925925925926
Schmidt,3,ABCB10,WitnessCell_v14,0.9259259259259259
Schmidt,3,APOL2,WitnessCell_v14,0.9259259259259259
Schmidt,3,EMP3,WitnessCell_v14,1.0
Schmidt,3,FOSB,WitnessCell_v14,0.8888888888888888
Schmidt,3,LCP2,WitnessCell_v14,0.9259259259259259
Schmidt,3,LHX6,WitnessCell_v14,1.0
Schmidt,3,MGST3,WitnessCell_v14,0.9259259259259259
Schmidt,3,TNFRSF1B,WitnessCell_v14,0.7037037037037037
Schmidt,3,TNFRSF12A,WitnessCell_v14,1.0
Schmidt,3,EMP3+LCP2,WitnessCell_v14,0.2222222222222222
Schmidt,3,EMP3+TNFRSF1B,WitnessCell_v14,0.6666666666666666
Schmidt,3,CBY1+EMP3,WitnessCell_v13,0.6296296296296297
Schmidt,3,CBY1+LCP2,WitnessCell_v13,0.3333333333333333
Schmidt,3,EMP3+JMJD1C,WitnessCell_v13,0.6296296296296297
Schmidt,3,EMP3+MAP4K1,WitnessCell_v13,0.2962962962962963
Schmidt,3,EMP3+PRKD2,WitnessCell_v13,0.5555555555555556
Schmidt,3,EMP3+TBX21,WitnessCell_v13,0.07407407407407407
Schmidt,3,EMP3+TNFRSF1A,WitnessCell_v13,0.5925925925925926
Schmidt,3,EMP3+TRAF3IP2,WitnessCell_v13,0.5555555555555556
Schmidt,3,EMP3+VAV1,WitnessCell_v13,0.25925925925925924
Schmidt,3,JMJD1C+TNFRSF1B,WitnessCell_v13,0.1111111111111111
Schmidt,3,MGST3+TRIM21,WitnessCell_v13,0.4444444444444444
Schmidt,3,PRKD2+TNFRSF1B,WitnessCell_v13,0.37037037037037035
Schmidt,3,TNFRSF1B+TRAF3IP2,WitnessCell_v13,0.5555555555555556
Schmidt,3,TNFRSF12A+TRAF3IP2,WitnessCell_v13,0.2222222222222222
Schmidt,3,PRKD2+VAV1,WitnessCell_v13,0.6666666666666666
Schmidt,3,TNFRSF1A+TRAF3IP2,WitnessCell_v13,0.6666666666666666
Schmidt,3,TRAF3IP2+TRIM21,WitnessCell_v13,0.5925925925925926
Schmidt,3,ABCB10,WitnessCell_v13,0.9259259259259259
Schmidt,3,APOL2,WitnessCell_v13,0.9259259259259259
Schmidt,3,EMP3,WitnessCell_v13,1.0
Schmidt,3,FOSB,WitnessCell_v13,0.8888888888888888
Schmidt,3,LCP2,WitnessCell_v13,0.9259259259259259
Schmidt,3,LHX6,WitnessCell_v13,1.0
Schmidt,3,MGST3,WitnessCell_v13,0.9259259259259259
Schmidt,3,TNFRSF1B,WitnessCell_v13,0.7037037037037037
Schmidt,3,TNFRSF12A,WitnessCell_v13,1.0
Schmidt,3,EMP3+LCP2,WitnessCell_v13,0.2222222222222222
Schmidt,3,EMP3+TNFRSF1B,WitnessCell_v13,0.6666666666666666
Schmidt,3,CBY1+EMP3,trainMean,0.6296296296296297
Schmidt,3,CBY1+LCP2,trainMean,0.3333333333333333
Schmidt,3,EMP3+JMJD1C,trainMean,0.6296296296296297
Schmidt,3,EMP3+MAP4K1,trainMean,0.4074074074074074
Schmidt,3,EMP3+PRKD2,trainMean,0.5555555555555556
Schmidt,3,EMP3+TBX21,trainMean,0.07407407407407407
Schmidt,3,EMP3+TNFRSF1A,trainMean,0.7037037037037037
Schmidt,3,EMP3+TRAF3IP2,trainMean,0.5925925925925926
Schmidt,3,EMP3+VAV1,trainMean,0.37037037037037035
Schmidt,3,JMJD1C+TNFRSF1B,trainMean,0.07407407407407407
Schmidt,3,MGST3+TRIM21,trainMean,0.37037037037037035
Schmidt,3,PRKD2+TNFRSF1B,trainMean,0.25925925925925924
Schmidt,3,TNFRSF1B+TRAF3IP2,trainMean,0.48148148148148145
Schmidt,3,TNFRSF12A+TRAF3IP2,trainMean,0.2222222222222222
Schmidt,3,PRKD2+VAV1,trainMean,0.6666666666666666
Schmidt,3,TNFRSF1A+TRAF3IP2,trainMean,0.8518518518518519
Schmidt,3,TRAF3IP2+TRIM21,trainMean,0.5925925925925926
Schmidt,3,ABCB10,trainMean,0.7777777777777778
Schmidt,3,APOL2,trainMean,0.7407407407407407
Schmidt,3,EMP3,trainMean,1.0
Schmidt,3,FOSB,trainMean,0.8518518518518519
Schmidt,3,LCP2,trainMean,0.8888888888888888
Schmidt,3,LHX6,trainMean,0.9259259259259259
Schmidt,3,MGST3,trainMean,0.8148148148148148
Schmidt,3,TNFRSF1B,trainMean,0.7037037037037037
Schmidt,3,TNFRSF12A,trainMean,0.9629629629629629
Schmidt,3,EMP3+LCP2,trainMean,0.2222222222222222
Schmidt,3,EMP3+TNFRSF1B,trainMean,0.6666666666666666
Schmidt,3,CBY1+EMP3,baseControl,0.6666666666666666
Schmidt,3,CBY1+LCP2,baseControl,0.37037037037037035
Schmidt,3,EMP3+JMJD1C,baseControl,0.2962962962962963
Schmidt,3,EMP3+MAP4K1,baseControl,0.14814814814814814
Schmidt,3,EMP3+PRKD2,baseControl,0.6296296296296297
Schmidt,3,EMP3+TBX21,baseControl,0.037037037037037035
Schmidt,3,EMP3+TNFRSF1A,baseControl,0.18518518518518517
Schmidt,3,EMP3+TRAF3IP2,baseControl,0.48148148148148145
Schmidt,3,EMP3+VAV1,baseControl,0.0
Schmidt,3,JMJD1C+TNFRSF1B,baseControl,0.07407407407407407
Schmidt,3,MGST3+TRIM21,baseControl,0.4444444444444444
Schmidt,3,PRKD2+TNFRSF1B,baseControl,0.2222222222222222
Schmidt,3,TNFRSF1B+TRAF3IP2,baseControl,0.3333333333333333
Schmidt,3,TNFRSF12A+TRAF3IP2,baseControl,0.1111111111111111
Schmidt,3,PRKD2+VAV1,baseControl,0.5555555555555556
Schmidt,3,TNFRSF1A+TRAF3IP2,baseControl,0.4074074074074074
Schmidt,3,TRAF3IP2+TRIM21,baseControl,0.5925925925925926
Schmidt,3,ABCB10,baseControl,0.8148148148148148
Schmidt,3,APOL2,baseControl,0.7777777777777778
Schmidt,3,EMP3,baseControl,1.0
Schmidt,3,FOSB,baseControl,0.7407407407407407
Schmidt,3,LCP2,baseControl,0.8888888888888888
Schmidt,3,LHX6,baseControl,0.9259259259259259
Schmidt,3,MGST3,baseControl,0.8518518518518519
Schmidt,3,TNFRSF1B,baseControl,0.7037037037037037
Schmidt,3,TNFRSF12A,baseControl,0.9629629629629629
Schmidt,3,EMP3+LCP2,baseControl,0.25925925925925924
Schmidt,3,EMP3+TNFRSF1B,baseControl,0.5185185185185185
Replogle_exp6,1,AHCYL1+FDPS,WitnessCell_v14,0.7073170731707317
Replogle_exp6,1,ATM+FDPS,WitnessCell_v14,0.3170731707317073
Replogle_exp6,1,ATR+FDPS,WitnessCell_v14,1.0
Replogle_exp6,1,ETAA1+FDPS,WitnessCell_v14,0.5609756097560976
Replogle_exp6,1,ETAA1+TOPBP1,WitnessCell_v14,0.7804878048780488
Replogle_exp6,1,FDPS+IDI1,WitnessCell_v14,1.0
Replogle_exp6,1,FDPS+LIG4,WitnessCell_v14,0.4878048780487805
Replogle_exp6,1,FDPS+MVD,WitnessCell_v14,1.0
Replogle_exp6,1,FDPS+NHEJ1,WitnessCell_v14,0.43902439024390244
Replogle_exp6,1,FDPS+PMVK,WitnessCell_v14,0.4878048780487805
Replogle_exp6,1,FDPS+PRKDC,WitnessCell_v14,0.975609756097561
Replogle_exp6,1,FDPS+RAD1,WitnessCell_v14,0.4878048780487805
Replogle_exp6,1,FDPS+RAD9A,WitnessCell_v14,0.8292682926829268
Replogle_exp6,1,FDPS+RAD17,WitnessCell_v14,0.7560975609756098
Replogle_exp6,1,FDPS+RRM1,WitnessCell_v14,1.0
Replogle_exp6,1,FDPS+RRM2B,WitnessCell_v14,0.4146341463414634
Replogle_exp6,1,FDPS+SQLE,WitnessCell_v14,1.0
Replogle_exp6,1,FDPS+SREBF1,WitnessCell_v14,1.0
Replogle_exp6,1,FDPS+SREBF2,WitnessCell_v14,1.0
Replogle_exp6,1,FDPS+XRCC5,WitnessCell_v14,1.0
Replogle_exp6,1,FDPS+XRCC6,WitnessCell_v14,1.0
Replogle_exp6,1,HMGCR+SREBF1,WitnessCell_v14,0.9024390243902439
Replogle_exp6,1,HMGCR+SREBF2,WitnessCell_v14,0.975609756097561
Replogle_exp6,1,HUS1+IDI1,WitnessCell_v14,0.7804878048780488
Replogle_exp6,1,HUS1+MVD,WitnessCell_v14,0.975609756097561
Replogle_exp6,1,HUS1+PMVK,WitnessCell_v14,0.8780487804878049
Replogle_exp6,1,HUS1+RRM1,WitnessCell_v14,1.0
Replogle_exp6,1,HUS1+SQLE,WitnessCell_v14,0.975609756097561
Replogle_exp6,1,HUS1+SREBF1,WitnessCell_v14,0.9024390243902439
Replogle_exp6,1,HUS1+SREBF2,WitnessCell_v14,1.0
Replogle_exp6,1,CHEK1,WitnessCell_v14,0.5121951219512195
Replogle_exp6,1,FDPS,WitnessCell_v14,0.8292682926829268
Replogle_exp6,1,HMGCR,WitnessCell_v14,0.7804878048780488
Replogle_exp6,1,HSPE1,WitnessCell_v14,0.0
Replogle_exp6,1,HUS1,WitnessCell_v14,1.0
Replogle_exp6,1,MTOR,WitnessCell_v14,0.024390243902439025
Replogle_exp6,1,TOPBP1,WitnessCell_v14,0.975609756097561
Replogle_exp6,1,CHEK1+FDPS,WitnessCell_v14,0.12195121951219512
Replogle_exp6,1,FDPS+HMGCR,WitnessCell_v14,0.6585365853658537
Replogle_exp6,1,FDPS+HUS1,WitnessCell_v14,0.926829268292683
Replogle_exp6,1,FDPS+TOPBP1,WitnessCell_v14,0.5609756097560976
Replogle_exp6,1,HMGCR+HUS1,WitnessCell_v14,0.926829268292683
Replogle_exp6,1,AHCYL1+FDPS,WitnessCell_v13,0.6829268292682927
Replogle_exp6,1,ATM+FDPS,WitnessCell_v13,0.3170731707317073
Replogle_exp6,1,ATR+FDPS,WitnessCell_v13,1.0
Replogle_exp6,1,ETAA1+FDPS,WitnessCell_v13,0.5609756097560976
Replogle_exp6,1,ETAA1+TOPBP1,WitnessCell_v13,0.7804878048780488
Replogle_exp6,1,FDPS+IDI1,WitnessCell_v13,1.0
Replogle_exp6,1,FDPS+LIG4,WitnessCell_v13,0.4634146341463415
Replogle_exp6,1,FDPS+MVD,WitnessCell_v13,1.0
Replogle_exp6,1,FDPS+NHEJ1,WitnessCell_v13,0.43902439024390244
Replogle_exp6,1,FDPS+PMVK,WitnessCell_v13,0.4634146341463415
Replogle_exp6,1,FDPS+PRKDC,WitnessCell_v13,0.9512195121951219
Replogle_exp6,1,FDPS+RAD1,WitnessCell_v13,0.4878048780487805
Replogle_exp6,1,FDPS+RAD9A,WitnessCell_v13,0.8292682926829268
Replogle_exp6,1,FDPS+RAD17,WitnessCell_v13,0.7560975609756098
Replogle_exp6,1,FDPS+RRM1,WitnessCell_v13,1.0
Replogle_exp6,1,FDPS+RRM2B,WitnessCell_v13,0.4146341463414634
Replogle_exp6,1,FDPS+SQLE,WitnessCell_v13,1.0
Replogle_exp6,1,FDPS+SREBF1,WitnessCell_v13,1.0
Replogle_exp6,1,FDPS+SREBF2,WitnessCell_v13,1.0
Replogle_exp6,1,FDPS+XRCC5,WitnessCell_v13,1.0
Replogle_exp6,1,FDPS+XRCC6,WitnessCell_v13,1.0
Replogle_exp6,1,HMGCR+SREBF1,WitnessCell_v13,0.9024390243902439
Replogle_exp6,1,HMGCR+SREBF2,WitnessCell_v13,0.975609756097561
Replogle_exp6,1,HUS1+IDI1,WitnessCell_v13,0.7804878048780488
Replogle_exp6,1,HUS1+MVD,WitnessCell_v13,0.975609756097561
Replogle_exp6,1,HUS1+PMVK,WitnessCell_v13,0.8780487804878049
Replogle_exp6,1,HUS1+RRM1,WitnessCell_v13,1.0
Replogle_exp6,1,HUS1+SQLE,WitnessCell_v13,0.975609756097561
Replogle_exp6,1,HUS1+SREBF1,WitnessCell_v13,0.9024390243902439
Replogle_exp6,1,HUS1+SREBF2,WitnessCell_v13,1.0
Replogle_exp6,1,CHEK1,WitnessCell_v13,0.5365853658536586
Replogle_exp6,1,FDPS,WitnessCell_v13,0.8292682926829268
Replogle_exp6,1,HMGCR,WitnessCell_v13,0.8048780487804879
Replogle_exp6,1,HSPE1,WitnessCell_v13,0.0
Replogle_exp6,1,HUS1,WitnessCell_v13,1.0
Replogle_exp6,1,MTOR,WitnessCell_v13,0.024390243902439025
Replogle_exp6,1,TOPBP1,WitnessCell_v13,0.975609756097561
Replogle_exp6,1,CHEK1+FDPS,WitnessCell_v13,0.12195121951219512
Replogle_exp6,1,FDPS+HMGCR,WitnessCell_v13,0.6585365853658537
Replogle_exp6,1,FDPS+HUS1,WitnessCell_v13,0.926829268292683
Replogle_exp6,1,FDPS+TOPBP1,WitnessCell_v13,0.5365853658536586
Replogle_exp6,1,HMGCR+HUS1,WitnessCell_v13,0.926829268292683
Replogle_exp6,1,AHCYL1+FDPS,trainMean,0.6341463414634146
Replogle_exp6,1,ATM+FDPS,trainMean,0.21951219512195122
Replogle_exp6,1,ATR+FDPS,trainMean,1.0
Replogle_exp6,1,ETAA1+FDPS,trainMean,0.5609756097560976
Replogle_exp6,1,ETAA1+TOPBP1,trainMean,0.8048780487804879
Replogle_exp6,1,FDPS+IDI1,trainMean,1.0
Replogle_exp6,1,FDPS+LIG4,trainMean,0.36585365853658536
Replogle_exp6,1,FDPS+MVD,trainMean,1.0
Replogle_exp6,1,FDPS+NHEJ1,trainMean,0.3902439024390244
Replogle_exp6,1,FDPS+PMVK,trainMean,0.2682926829268293
Replogle_exp6,1,FDPS+PRKDC,trainMean,0.9024390243902439
Replogle_exp6,1,FDPS+RAD1,trainMean,0.5609756097560976
Replogle_exp6,1,FDPS+RAD9A,trainMean,0.9024390243902439
Replogle_exp6,1,FDPS+RAD17,trainMean,0.7804878048780488
Replogle_exp6,1,FDPS+RRM1,trainMean,1.0
Replogle_exp6,1,FDPS+RRM2B,trainMean,0.3170731707317073
Replogle_exp6,1,FDPS+SQLE,trainMean,1.0
Replogle_exp6,1,FDPS+SREBF1,trainMean,1.0
Replogle_exp6,1,FDPS+SREBF2,trainMean,0.975609756097561
Replogle_exp6,1,FDPS+XRCC5,trainMean,0.975609756097561
Replogle_exp6,1,FDPS+XRCC6,trainMean,1.0
Replogle_exp6,1,HMGCR+SREBF1,trainMean,0.9512195121951219
Replogle_exp6,1,HMGCR+SREBF2,trainMean,0.9512195121951219
Replogle_exp6,1,HUS1+IDI1,trainMean,0.7317073170731707
Replogle_exp6,1,HUS1+MVD,trainMean,0.975609756097561
Replogle_exp6,1,HUS1+PMVK,trainMean,0.6829268292682927
Replogle_exp6,1,HUS1+RRM1,trainMean,0.975609756097561
Replogle_exp6,1,HUS1+SQLE,trainMean,0.975609756097561
Replogle_exp6,1,HUS1+SREBF1,trainMean,0.975609756097561
Replogle_exp6,1,HUS1+SREBF2,trainMean,1.0
Replogle_exp6,1,CHEK1,trainMean,0.43902439024390244
Replogle_exp6,1,FDPS,trainMean,0.6341463414634146
Replogle_exp6,1,HMGCR,trainMean,0.8536585365853658
Replogle_exp6,1,HSPE1,trainMean,0.0
Replogle_exp6,1,HUS1,trainMean,1.0
Replogle_exp6,1,MTOR,trainMean,0.04878048780487805
Replogle_exp6,1,TOPBP1,trainMean,0.975609756097561
Replogle_exp6,1,CHEK1+FDPS,trainMean,0.12195121951219512
Replogle_exp6,1,FDPS+HMGCR,trainMean,0.43902439024390244
Replogle_exp6,1,FDPS+HUS1,trainMean,1.0
Replogle_exp6,1,FDPS+TOPBP1,trainMean,0.36585365853658536
Replogle_exp6,1,HMGCR+HUS1,trainMean,0.7073170731707317
Replogle_exp6,1,AHCYL1+FDPS,baseControl,0.6341463414634146
Replogle_exp6,1,ATM+FDPS,baseControl,0.24390243902439024
Replogle_exp6,1,ATR+FDPS,baseControl,0.4634146341463415
Replogle_exp6,1,ETAA1+FDPS,baseControl,0.5365853658536586
Replogle_exp6,1,ETAA1+TOPBP1,baseControl,0.7560975609756098
Replogle_exp6,1,FDPS+IDI1,baseControl,0.34146341463414637
Replogle_exp6,1,FDPS+LIG4,baseControl,0.36585365853658536
Replogle_exp6,1,FDPS+MVD,baseControl,0.0975609756097561
Replogle_exp6,1,FDPS+NHEJ1,baseControl,0.43902439024390244
Replogle_exp6,1,FDPS+PMVK,baseControl,0.8048780487804879
Replogle_exp6,1,FDPS+PRKDC,baseControl,0.3902439024390244
Replogle_exp6,1,FDPS+RAD1,baseControl,0.5121951219512195
Replogle_exp6,1,FDPS+RAD9A,baseControl,0.3170731707317073
Replogle_exp6,1,FDPS+RAD17,baseControl,0.7073170731707317
Replogle_exp6,1,FDPS+RRM1,baseControl,0.6585365853658537
Replogle_exp6,1,FDPS+RRM2B,baseControl,0.2682926829268293
Replogle_exp6,1,FDPS+SQLE,baseControl,0.14634146341463414
Replogle_exp6,1,FDPS+SREBF1,baseControl,0.4146341463414634
Replogle_exp6,1,FDPS+SREBF2,baseControl,0.7804878048780488
Replogle_exp6,1,FDPS+XRCC5,baseControl,0.07317073170731707
Replogle_exp6,1,FDPS+XRCC6,baseControl,0.024390243902439025
Replogle_exp6,1,HMGCR+SREBF1,baseControl,0.2926829268292683
Replogle_exp6,1,HMGCR+SREBF2,baseControl,0.8292682926829268
Replogle_exp6,1,HUS1+IDI1,baseControl,0.6829268292682927
Replogle_exp6,1,HUS1+MVD,baseControl,0.12195121951219512
Replogle_exp6,1,HUS1+PMVK,baseControl,0.926829268292683
Replogle_exp6,1,HUS1+RRM1,baseControl,0.7317073170731707
Replogle_exp6,1,HUS1+SQLE,baseControl,0.17073170731707318
Replogle_exp6,1,HUS1+SREBF1,baseControl,0.21951219512195122
Replogle_exp6,1,HUS1+SREBF2,baseControl,0.9024390243902439
Replogle_exp6,1,CHEK1,baseControl,0.6097560975609756
Replogle_exp6,1,FDPS,baseControl,0.5609756097560976
Replogle_exp6,1,HMGCR,baseControl,0.8780487804878049
Replogle_exp6,1,HSPE1,baseControl,0.0
Replogle_exp6,1,HUS1,baseControl,1.0
Replogle_exp6,1,MTOR,baseControl,0.04878048780487805
Replogle_exp6,1,TOPBP1,baseControl,0.975609756097561
Replogle_exp6,1,CHEK1+FDPS,baseControl,0.1951219512195122
Replogle_exp6,1,FDPS+HMGCR,baseControl,0.8536585365853658
Replogle_exp6,1,FDPS+HUS1,baseControl,0.4878048780487805
Replogle_exp6,1,FDPS+TOPBP1,baseControl,0.5853658536585366
Replogle_exp6,1,HMGCR+HUS1,baseControl,0.9512195121951219
Replogle_exp6,2,AHCYL1+FDPS,WitnessCell_v14,0.6285714285714286
Replogle_exp6,2,ATM+FDPS,WitnessCell_v14,0.22857142857142856
Replogle_exp6,2,ATR+FDPS,WitnessCell_v14,1.0
Replogle_exp6,2,CHEK1+FDPS,WitnessCell_v14,0.22857142857142856
Replogle_exp6,2,ETAA1+FDPS,WitnessCell_v14,0.5428571428571428
Replogle_exp6,2,FDPS+HMGCR,WitnessCell_v14,0.8285714285714286
Replogle_exp6,2,FDPS+HUS1,WitnessCell_v14,0.7142857142857143
Replogle_exp6,2,FDPS+IDI1,WitnessCell_v14,0.9714285714285714
Replogle_exp6,2,FDPS+LIG4,WitnessCell_v14,0.37142857142857144
Replogle_exp6,2,FDPS+MVD,WitnessCell_v14,0.14285714285714285
Replogle_exp6,2,FDPS+NHEJ1,WitnessCell_v14,0.4857142857142857
Replogle_exp6,2,FDPS+PRKDC,WitnessCell_v14,0.7428571428571429
Replogle_exp6,2,FDPS+RAD1,WitnessCell_v14,0.4857142857142857
Replogle_exp6,2,FDPS+RAD9A,WitnessCell_v14,0.8
Replogle_exp6,2,FDPS+RRM1,WitnessCell_v14,1.0
Replogle_exp6,2,FDPS+RRM2B,WitnessCell_v14,0.34285714285714286
Replogle_exp6,2,FDPS+SQLE,WitnessCell_v14,1.0
Replogle_exp6,2,FDPS+SREBF1,WitnessCell_v14,1.0
Replogle_exp6,2,FDPS+TOPBP1,WitnessCell_v14,0.5142857142857142
Replogle_exp6,2,FDPS+XRCC6,WitnessCell_v14,1.0
Replogle_exp6,2,HMGCR+SREBF2,WitnessCell_v14,0.9142857142857143
Replogle_exp6,2,HUS1+PMVK,WitnessCell_v14,1.0
Replogle_exp6,2,HUS1+SREBF2,WitnessCell_v14,0.9714285714285714
Replogle_exp6,2,ETAA1+TOPBP1,WitnessCell_v14,0.7714285714285715
Replogle_exp6,2,HUS1+RRM1,WitnessCell_v14,1.0
Replogle_exp6,2,FDPS,WitnessCell_v14,0.7428571428571429
Replogle_exp6,2,HSPE1,WitnessCell_v14,0.0
Replogle_exp6,2,MTOR,WitnessCell_v14,0.05714285714285714
Replogle_exp6,2,PMVK,WitnessCell_v14,0.8571428571428571
Replogle_exp6,2,RAD17,WitnessCell_v14,0.8857142857142857
Replogle_exp6,2,SREBF2,WitnessCell_v14,0.9428571428571428
Replogle_exp6,2,XRCC5,WitnessCell_v14,0.08571428571428572
Replogle_exp6,2,FDPS+PMVK,WitnessCell_v14,0.5714285714285714
Replogle_exp6,2,FDPS+RAD17,WitnessCell_v14,0.8571428571428571
Replogle_exp6,2,FDPS+SREBF2,WitnessCell_v14,0.8857142857142857
Replogle_exp6,2,FDPS+XRCC5,WitnessCell_v14,0.14285714285714285
Replogle_exp6,2,AHCYL1+FDPS,WitnessCell_v13,0.6285714285714286
Replogle_exp6,2,ATM+FDPS,WitnessCell_v13,0.22857142857142856
Replogle_exp6,2,ATR+FDPS,WitnessCell_v13,1.0
Replogle_exp6,2,CHEK1+FDPS,WitnessCell_v13,0.22857142857142856
Replogle_exp6,2,ETAA1+FDPS,WitnessCell_v13,0.5428571428571428
Replogle_exp6,2,FDPS+HMGCR,WitnessCell_v13,0.8571428571428571
Replogle_exp6,2,FDPS+HUS1,WitnessCell_v13,0.7428571428571429
Replogle_exp6,2,FDPS+IDI1,WitnessCell_v13,0.9714285714285714
Replogle_exp6,2,FDPS+LIG4,WitnessCell_v13,0.37142857142857144
Replogle_exp6,2,FDPS+MVD,WitnessCell_v13,0.14285714285714285
Replogle_exp6,2,FDPS+NHEJ1,WitnessCell_v13,0.4857142857142857
Replogle_exp6,2,FDPS+PRKDC,WitnessCell_v13,0.7428571428571429
Replogle_exp6,2,FDPS+RAD1,WitnessCell_v13,0.4857142857142857
Replogle_exp6,2,FDPS+RAD9A,WitnessCell_v13,0.8
Replogle_exp6,2,FDPS+RRM1,WitnessCell_v13,1.0
Replogle_exp6,2,FDPS+RRM2B,WitnessCell_v13,0.34285714285714286
Replogle_exp6,2,FDPS+SQLE,WitnessCell_v13,1.0
Replogle_exp6,2,FDPS+SREBF1,WitnessCell_v13,1.0
Replogle_exp6,2,FDPS+TOPBP1,WitnessCell_v13,0.5142857142857142
Replogle_exp6,2,FDPS+XRCC6,WitnessCell_v13,1.0
Replogle_exp6,2,HMGCR+SREBF2,WitnessCell_v13,0.9142857142857143
Replogle_exp6,2,HUS1+PMVK,WitnessCell_v13,1.0
Replogle_exp6,2,HUS1+SREBF2,WitnessCell_v13,0.9714285714285714
Replogle_exp6,2,ETAA1+TOPBP1,WitnessCell_v13,0.7714285714285715
Replogle_exp6,2,HUS1+RRM1,WitnessCell_v13,1.0
Replogle_exp6,2,FDPS,WitnessCell_v13,0.7428571428571429
Replogle_exp6,2,HSPE1,WitnessCell_v13,0.0
Replogle_exp6,2,MTOR,WitnessCell_v13,0.05714285714285714
Replogle_exp6,2,PMVK,WitnessCell_v13,0.9142857142857143
Replogle_exp6,2,RAD17,WitnessCell_v13,0.8857142857142857
Replogle_exp6,2,SREBF2,WitnessCell_v13,0.9428571428571428
Replogle_exp6,2,XRCC5,WitnessCell_v13,0.08571428571428572
Replogle_exp6,2,FDPS+PMVK,WitnessCell_v13,0.6571428571428571
Replogle_exp6,2,FDPS+RAD17,WitnessCell_v13,0.8857142857142857
Replogle_exp6,2,FDPS+SREBF2,WitnessCell_v13,0.9142857142857143
Replogle_exp6,2,FDPS+XRCC5,WitnessCell_v13,0.14285714285714285
Replogle_exp6,2,AHCYL1+FDPS,trainMean,0.5714285714285714
Replogle_exp6,2,ATM+FDPS,trainMean,0.22857142857142856
Replogle_exp6,2,ATR+FDPS,trainMean,1.0
Replogle_exp6,2,CHEK1+FDPS,trainMean,0.2571428571428571
Replogle_exp6,2,ETAA1+FDPS,trainMean,0.5428571428571428
Replogle_exp6,2,FDPS+HMGCR,trainMean,0.6
Replogle_exp6,2,FDPS+HUS1,trainMean,0.9142857142857143
Replogle_exp6,2,FDPS+IDI1,trainMean,1.0
Replogle_exp6,2,FDPS+LIG4,trainMean,0.3142857142857143
Replogle_exp6,2,FDPS+MVD,trainMean,0.14285714285714285
Replogle_exp6,2,FDPS+NHEJ1,trainMean,0.45714285714285713
Replogle_exp6,2,FDPS+PRKDC,trainMean,0.9714285714285714
Replogle_exp6,2,FDPS+RAD1,trainMean,0.5142857142857142
Replogle_exp6,2,FDPS+RAD9A,trainMean,0.9142857142857143
Replogle_exp6,2,FDPS+RRM1,trainMean,0.9714285714285714
Replogle_exp6,2,FDPS+RRM2B,trainMean,0.3142857142857143
Replogle_exp6,2,FDPS+SQLE,trainMean,1.0
Replogle_exp6,2,FDPS+SREBF1,trainMean,1.0
Replogle_exp6,2,FDPS+TOPBP1,trainMean,0.5142857142857142
Replogle_exp6,2,FDPS+XRCC6,trainMean,1.0
Replogle_exp6,2,HMGCR+SREBF2,trainMean,0.6571428571428571
Replogle_exp6,2,HUS1+PMVK,trainMean,1.0
Replogle_exp6,2,HUS1+SREBF2,trainMean,0.9428571428571428
Replogle_exp6,2,ETAA1+TOPBP1,trainMean,0.7714285714285715
Replogle_exp6,2,HUS1+RRM1,trainMean,1.0
Replogle_exp6,2,FDPS,trainMean,0.6285714285714286
Replogle_exp6,2,HSPE1,trainMean,0.0
Replogle_exp6,2,MTOR,trainMean,0.05714285714285714
Replogle_exp6,2,PMVK,trainMean,0.8571428571428571
Replogle_exp6,2,RAD17,trainMean,0.8857142857142857
Replogle_exp6,2,SREBF2,trainMean,0.9428571428571428
Replogle_exp6,2,XRCC5,trainMean,0.08571428571428572
Replogle_exp6,2,FDPS+PMVK,trainMean,0.45714285714285713
Replogle_exp6,2,FDPS+RAD17,trainMean,0.8285714285714286
Replogle_exp6,2,FDPS+SREBF2,trainMean,0.8
Replogle_exp6,2,FDPS+XRCC5,trainMean,0.11428571428571428
Replogle_exp6,2,AHCYL1+FDPS,baseControl,0.6285714285714286
Replogle_exp6,2,ATM+FDPS,baseControl,0.22857142857142856
Replogle_exp6,2,ATR+FDPS,baseControl,0.45714285714285713
Replogle_exp6,2,CHEK1+FDPS,baseControl,0.2
Replogle_exp6,2,ETAA1+FDPS,baseControl,0.5428571428571428
Replogle_exp6,2,FDPS+HMGCR,baseControl,0.8857142857142857
Replogle_exp6,2,FDPS+HUS1,baseControl,0.4857142857142857
Replogle_exp6,2,FDPS+IDI1,baseControl,0.3142857142857143
Replogle_exp6,2,FDPS+LIG4,baseControl,0.34285714285714286
Replogle_exp6,2,FDPS+MVD,baseControl,0.14285714285714285
Replogle_exp6,2,FDPS+NHEJ1,baseControl,0.42857142857142855
Replogle_exp6,2,FDPS+PRKDC,baseControl,0.37142857142857144
Replogle_exp6,2,FDPS+RAD1,baseControl,0.5142857142857142
Replogle_exp6,2,FDPS+RAD9A,baseControl,0.2857142857142857
Replogle_exp6,2,FDPS+RRM1,baseControl,0.6571428571428571
Replogle_exp6,2,FDPS+RRM2B,baseControl,0.2571428571428571
Replogle_exp6,2,FDPS+SQLE,baseControl,0.17142857142857143
Replogle_exp6,2,FDPS+SREBF1,baseControl,0.4
Replogle_exp6,2,FDPS+TOPBP1,baseControl,0.6
Replogle_exp6,2,FDPS+XRCC6,baseControl,0.02857142857142857
Replogle_exp6,2,HMGCR+SREBF2,baseControl,0.8285714285714286
Replogle_exp6,2,HUS1+PMVK,baseControl,1.0
Replogle_exp6,2,HUS1+SREBF2,baseControl,0.9714285714285714
Replogle_exp6,2,ETAA1+TOPBP1,baseControl,0.7428571428571429
Replogle_exp6,2,HUS1+RRM1,baseControl,0.7142857142857143
Replogle_exp6,2,FDPS,baseControl,0.5714285714285714
Replogle_exp6,2,HSPE1,baseControl,0.0
Replogle_exp6,2,MTOR,baseControl,0.05714285714285714
Replogle_exp6,2,PMVK,baseControl,0.8571428571428571
Replogle_exp6,2,RAD17,baseControl,0.9142857142857143
Replogle_exp6,2,SREBF2,baseControl,0.9428571428571428
Replogle_exp6,2,XRCC5,baseControl,0.08571428571428572
Replogle_exp6,2,FDPS+PMVK,baseControl,0.8
Replogle_exp6,2,FDPS+RAD17,baseControl,0.6857142857142857
Replogle_exp6,2,FDPS+SREBF2,baseControl,0.7714285714285715
Replogle_exp6,2,FDPS+XRCC5,baseControl,0.11428571428571428
Replogle_exp6,3,ATM+FDPS,WitnessCell_v14,0.30303030303030304
Replogle_exp6,3,CHEK1+FDPS,WitnessCell_v14,0.21212121212121213
Replogle_exp6,3,ETAA1+FDPS,WitnessCell_v14,0.696969696969697
Replogle_exp6,3,FDPS+HMGCR,WitnessCell_v14,1.0
Replogle_exp6,3,FDPS+HUS1,WitnessCell_v14,1.0
Replogle_exp6,3,FDPS+IDI1,WitnessCell_v14,0.7575757575757576
Replogle_exp6,3,FDPS+LIG4,WitnessCell_v14,0.42424242424242425
Replogle_exp6,3,FDPS+MVD,WitnessCell_v14,1.0
Replogle_exp6,3,FDPS+NHEJ1,WitnessCell_v14,0.5454545454545454
Replogle_exp6,3,FDPS+PMVK,WitnessCell_v14,0.9696969696969697
Replogle_exp6,3,FDPS+PRKDC,WitnessCell_v14,0.8787878787878788
Replogle_exp6,3,FDPS+RAD9A,WitnessCell_v14,0.9090909090909091
Replogle_exp6,3,FDPS+RAD17,WitnessCell_v14,0.9393939393939394
Replogle_exp6,3,FDPS+RRM1,WitnessCell_v14,1.0
Replogle_exp6,3,FDPS+RRM2B,WitnessCell_v14,0.3939393939393939
Replogle_exp6,3,FDPS+SQLE,WitnessCell_v14,1.0
Replogle_exp6,3,FDPS+SREBF1,WitnessCell_v14,1.0
Replogle_exp6,3,FDPS+SREBF2,WitnessCell_v14,0.8181818181818182
Replogle_exp6,3,FDPS+TOPBP1,WitnessCell_v14,0.6666666666666666
Replogle_exp6,3,FDPS+XRCC5,WitnessCell_v14,1.0
Replogle_exp6,3,HMGCR+SREBF2,WitnessCell_v14,0.8484848484848485
Replogle_exp6,3,HUS1+SQLE,WitnessCell_v14,0.9696969696969697
Replogle_exp6,3,HUS1+SREBF2,WitnessCell_v14,1.0
Replogle_exp6,3,AHCYL1,WitnessCell_v14,0.7272727272727273
Replogle_exp6,3,ATR,WitnessCell_v14,0.15151515151515152
Replogle_exp6,3,FDPS,WitnessCell_v14,0.8484848484848485
Replogle_exp6,3,POLR1D,WitnessCell_v14,0.0
Replogle_exp6,3,RAD1,WitnessCell_v14,0.7575757575757576
Replogle_exp6,3,RPL15,WitnessCell_v14,0.2727272727272727
Replogle_exp6,3,XRCC6,WitnessCell_v14,0.030303030303030304
Replogle_exp6,3,AHCYL1+FDPS,WitnessCell_v14,0.48484848484848486
Replogle_exp6,3,ATR+FDPS,WitnessCell_v14,0.5757575757575758
Replogle_exp6,3,FDPS+RAD1,WitnessCell_v14,0.6060606060606061
Replogle_exp6,3,FDPS+XRCC6,WitnessCell_v14,0.06060606060606061
Replogle_exp6,3,ATM+FDPS,WitnessCell_v13,0.30303030303030304
Replogle_exp6,3,CHEK1+FDPS,WitnessCell_v13,0.21212121212121213
Replogle_exp6,3,ETAA1+FDPS,WitnessCell_v13,0.696969696969697
Replogle_exp6,3,FDPS+HMGCR,WitnessCell_v13,1.0
Replogle_exp6,3,FDPS+HUS1,WitnessCell_v13,1.0
Replogle_exp6,3,FDPS+IDI1,WitnessCell_v13,0.7575757575757576
Replogle_exp6,3,FDPS+LIG4,WitnessCell_v13,0.42424242424242425
Replogle_exp6,3,FDPS+MVD,WitnessCell_v13,1.0
Replogle_exp6,3,FDPS+NHEJ1,WitnessCell_v13,0.5454545454545454
Replogle_exp6,3,FDPS+PMVK,WitnessCell_v13,0.9696969696969697
Replogle_exp6,3,FDPS+PRKDC,WitnessCell_v13,0.8787878787878788
Replogle_exp6,3,FDPS+RAD9A,WitnessCell_v13,0.9090909090909091
Replogle_exp6,3,FDPS+RAD17,WitnessCell_v13,0.9393939393939394
Replogle_exp6,3,FDPS+RRM1,WitnessCell_v13,1.0
Replogle_exp6,3,FDPS+RRM2B,WitnessCell_v13,0.3939393939393939
Replogle_exp6,3,FDPS+SQLE,WitnessCell_v13,1.0
Replogle_exp6,3,FDPS+SREBF1,WitnessCell_v13,1.0
Replogle_exp6,3,FDPS+SREBF2,WitnessCell_v13,0.8484848484848485
Replogle_exp6,3,FDPS+TOPBP1,WitnessCell_v13,0.6666666666666666
Replogle_exp6,3,FDPS+XRCC5,WitnessCell_v13,1.0
Replogle_exp6,3,HMGCR+SREBF2,WitnessCell_v13,0.8787878787878788
Replogle_exp6,3,HUS1+SQLE,WitnessCell_v13,0.9696969696969697
Replogle_exp6,3,HUS1+SREBF2,WitnessCell_v13,1.0
Replogle_exp6,3,AHCYL1,WitnessCell_v13,0.7272727272727273
Replogle_exp6,3,ATR,WitnessCell_v13,0.15151515151515152
Replogle_exp6,3,FDPS,WitnessCell_v13,0.8484848484848485
Replogle_exp6,3,POLR1D,WitnessCell_v13,0.0
Replogle_exp6,3,RAD1,WitnessCell_v13,0.7575757575757576
Replogle_exp6,3,RPL15,WitnessCell_v13,0.2727272727272727
Replogle_exp6,3,XRCC6,WitnessCell_v13,0.030303030303030304
Replogle_exp6,3,AHCYL1+FDPS,WitnessCell_v13,0.5151515151515151
Replogle_exp6,3,ATR+FDPS,WitnessCell_v13,0.5757575757575758
Replogle_exp6,3,FDPS+RAD1,WitnessCell_v13,0.6060606060606061
Replogle_exp6,3,FDPS+XRCC6,WitnessCell_v13,0.06060606060606061
Replogle_exp6,3,ATM+FDPS,trainMean,0.30303030303030304
Replogle_exp6,3,CHEK1+FDPS,trainMean,0.21212121212121213
Replogle_exp6,3,ETAA1+FDPS,trainMean,0.696969696969697
Replogle_exp6,3,FDPS+HMGCR,trainMean,1.0
Replogle_exp6,3,FDPS+HUS1,trainMean,1.0
Replogle_exp6,3,FDPS+IDI1,trainMean,0.8484848484848485
Replogle_exp6,3,FDPS+LIG4,trainMean,0.3939393939393939
Replogle_exp6,3,FDPS+MVD,trainMean,1.0
Replogle_exp6,3,FDPS+NHEJ1,trainMean,0.48484848484848486
Replogle_exp6,3,FDPS+PMVK,trainMean,0.9393939393939394
Replogle_exp6,3,FDPS+PRKDC,trainMean,1.0
Replogle_exp6,3,FDPS+RAD9A,trainMean,0.9090909090909091
Replogle_exp6,3,FDPS+RAD17,trainMean,0.9393939393939394
Replogle_exp6,3,FDPS+RRM1,trainMean,1.0
Replogle_exp6,3,FDPS+RRM2B,trainMean,0.3939393939393939
Replogle_exp6,3,FDPS+SQLE,trainMean,1.0
Replogle_exp6,3,FDPS+SREBF1,trainMean,1.0
Replogle_exp6,3,FDPS+SREBF2,trainMean,0.7575757575757576
Replogle_exp6,3,FDPS+TOPBP1,trainMean,0.6060606060606061
Replogle_exp6,3,FDPS+XRCC5,trainMean,0.9696969696969697
Replogle_exp6,3,HMGCR+SREBF2,trainMean,0.7878787878787878
Replogle_exp6,3,HUS1+SQLE,trainMean,0.9696969696969697
Replogle_exp6,3,HUS1+SREBF2,trainMean,0.9090909090909091
Replogle_exp6,3,AHCYL1,trainMean,0.8787878787878788
Replogle_exp6,3,ATR,trainMean,0.15151515151515152
Replogle_exp6,3,FDPS,trainMean,0.7272727272727273
Replogle_exp6,3,POLR1D,trainMean,0.0
Replogle_exp6,3,RAD1,trainMean,0.7878787878787878
Replogle_exp6,3,RPL15,trainMean,0.2727272727272727
Replogle_exp6,3,XRCC6,trainMean,0.030303030303030304
Replogle_exp6,3,AHCYL1+FDPS,trainMean,0.42424242424242425
Replogle_exp6,3,ATR+FDPS,trainMean,0.6363636363636364
Replogle_exp6,3,FDPS+RAD1,trainMean,0.5757575757575758
Replogle_exp6,3,FDPS+XRCC6,trainMean,0.06060606060606061
Replogle_exp6,3,ATM+FDPS,baseControl,0.30303030303030304
Replogle_exp6,3,CHEK1+FDPS,baseControl,0.24242424242424243
Replogle_exp6,3,ETAA1+FDPS,baseControl,0.6363636363636364
Replogle_exp6,3,FDPS+HMGCR,baseControl,0.9696969696969697
Replogle_exp6,3,FDPS+HUS1,baseControl,0.5757575757575758
Replogle_exp6,3,FDPS+IDI1,baseControl,0.3939393939393939
Replogle_exp6,3,FDPS+LIG4,baseControl,0.42424242424242425
Replogle_exp6,3,FDPS+MVD,baseControl,0.12121212121212122
Replogle_exp6,3,FDPS+NHEJ1,baseControl,0.5151515151515151
Replogle_exp6,3,FDPS+PMVK,baseControl,0.9090909090909091
Replogle_exp6,3,FDPS+PRKDC,baseControl,0.45454545454545453
Replogle_exp6,3,FDPS+RAD9A,baseControl,0.36363636363636365
Replogle_exp6,3,FDPS+RAD17,baseControl,0.7878787878787878
Replogle_exp6,3,FDPS+RRM1,baseControl,0.7575757575757576
Replogle_exp6,3,FDPS+RRM2B,baseControl,0.3333333333333333
Replogle_exp6,3,FDPS+SQLE,baseControl,0.18181818181818182
Replogle_exp6,3,FDPS+SREBF1,baseControl,0.48484848484848486
Replogle_exp6,3,FDPS+SREBF2,baseControl,0.8181818181818182
Replogle_exp6,3,FDPS+TOPBP1,baseControl,0.696969696969697
Replogle_exp6,3,FDPS+XRCC5,baseControl,0.09090909090909091
Replogle_exp6,3,HMGCR+SREBF2,baseControl,0.9393939393939394
Replogle_exp6,3,HUS1+SQLE,baseControl,0.21212121212121213
Replogle_exp6,3,HUS1+SREBF2,baseControl,1.0
Replogle_exp6,3,AHCYL1,baseControl,0.8787878787878788
Replogle_exp6,3,ATR,baseControl,0.15151515151515152
Replogle_exp6,3,FDPS,baseControl,0.6666666666666666
Replogle_exp6,3,POLR1D,baseControl,0.0
Replogle_exp6,3,RAD1,baseControl,0.8484848484848485
Replogle_exp6,3,RPL15,baseControl,0.2727272727272727
Replogle_exp6,3,XRCC6,baseControl,0.030303030303030304
Replogle_exp6,3,AHCYL1+FDPS,baseControl,0.7272727272727273
Replogle_exp6,3,ATR+FDPS,baseControl,0.5454545454545454
Replogle_exp6,3,FDPS+RAD1,baseControl,0.6060606060606061
Replogle_exp6,3,FDPS+XRCC6,baseControl,0.06060606060606061
