dataset,seed,condition,subgroup,method,wmse,weighted_r2_deltapert,mse,r2_deltapert,pearson_deltactrl
Norman,1,AHR+FEV,combo_seen1,WitnessCell_v14,0.13386652446932895,0.3439505150558224,0.006215359054166496,0.32816036169969154,0.7472281662502499
Norman,1,AHR+FEV,combo_seen1,WitnessCell_v13,0.14035764366127162,0.31213901162382773,0.006262606714601301,0.32305319881168804,0.74444577521145
Norman,1,AHR+FEV,combo_seen1,trainMean,0.16108414929531417,0.21056310682007195,0.00617710589777858,0.3322952775633655,0.7419382178468378
Norman,1,AHR+FEV,combo_seen1,baseControl,0.28683414666282936,-0.40570911905363194,0.013284510470155728,-0.43596864340172403,
Norman,1,AHR+KLF1,combo_seen1,WitnessCell_v14,0.11482425341843948,-0.14453224164465817,0.006061786450071693,-0.41635906970080283,0.26819405997654594
Norman,1,AHR+KLF1,combo_seen1,WitnessCell_v13,0.1162741893009767,-0.15898474898937254,0.00608249977135875,-0.4211988146687575,0.26122835656663407
Norman,1,AHR+KLF1,combo_seen1,trainMean,0.12079408515593937,-0.20403765707168287,0.006189062296714376,-0.4460975471663162,0.26566168131083284
Norman,1,AHR+KLF1,combo_seen1,baseControl,0.1244188529228206,-0.24016820836341535,0.0036343458020134285,0.15082151416767953,
Norman,1,BAK1+BCL2L11,combo_seen1,WitnessCell_v14,0.011160956910503918,0.3696336005109573,0.0016584267541100142,0.2762781844006813,0.02822278227910436
Norman,1,BAK1+BCL2L11,combo_seen1,WitnessCell_v13,0.011006827600714562,0.3783387625187248,0.0016500677010954595,0.2799259964064825,0.023227936042713303
Norman,1,BAK1+BCL2L11,combo_seen1,trainMean,0.01278740871694042,0.2777722505042277,0.0017910499471908425,0.21840267205190445,-0.044588467888629274
Norman,1,BAK1+BCL2L11,combo_seen1,baseControl,0.003617863255297932,0.7956645247918177,0.0007852096042630987,0.6573419241971448,
Norman,1,BAK1+KLF1,combo_seen1,WitnessCell_v14,0.10487629707661113,-0.0681057037025472,0.003324338529894137,0.11235386916526979,0.10790988647981377
Norman,1,BAK1+KLF1,combo_seen1,WitnessCell_v13,0.10708904215172493,-0.09064125941388457,0.0033491053531915452,0.1057407716496831,0.0882866571063262
Norman,1,BAK1+KLF1,combo_seen1,trainMean,0.11274937274544114,-0.1482885215743126,0.0033024687475758474,0.11819341513282378,0.07619853903281316
Norman,1,BAK1+KLF1,combo_seen1,baseControl,0.10149748709966076,-0.033694437203773964,0.002612952763767367,0.3023040854729442,
Norman,1,BCL2L11+TGFBR2,combo_seen1,WitnessCell_v14,0.00573991073265996,0.5779587587080864,0.0008850483962170883,0.3275306007921649,0.58770840254821
Norman,1,BCL2L11+TGFBR2,combo_seen1,WitnessCell_v13,0.0055615625819476185,0.5910722509581432,0.0008834719817668526,0.3287283776400567,0.5833458664235732
Norman,1,BCL2L11+TGFBR2,combo_seen1,trainMean,0.009163640823720613,0.32622047134101095,0.0009500807600999068,0.27811830327683507,0.5130219464659677
Norman,1,BCL2L11+TGFBR2,combo_seen1,baseControl,0.007558876980347778,0.44421473222450614,0.0007136038284152543,0.4577960484218414,
Norman,1,CBFA2T3+FEV,combo_seen1,WitnessCell_v14,0.2351773158118665,0.17532066774422106,0.014342044972096946,0.13141198041845903,0.6455522786650091
Norman,1,CBFA2T3+FEV,combo_seen1,WitnessCell_v13,0.24434052202145262,0.14318871338392647,0.014403520483744367,0.1276888786558804,0.6426745708622597
Norman,1,CBFA2T3+FEV,combo_seen1,trainMean,0.2953634467175652,-0.035729696849939874,0.015602866535615292,0.05505365724817657,0.5862963557692435
Norman,1,CBFA2T3+FEV,combo_seen1,baseControl,0.35228400593519826,-0.23532891672016953,0.022213649483329902,-0.3453109267152852,
Norman,1,CBL+PTPN9,combo_seen1,WitnessCell_v14,0.012837981608752111,0.6634921385899276,0.0011451402679355355,0.538448021812961,0.8507598874859932
Norman,1,CBL+PTPN9,combo_seen1,WitnessCell_v13,0.012810412425125955,0.6642147792125419,0.0011431857515997155,0.5392357950722343,0.851031600632039
Norman,1,CBL+PTPN9,combo_seen1,trainMean,0.01615394310230141,0.5765744949354367,0.0013586275393820063,0.4524013817524275,0.8218211785720044
Norman,1,CBL+PTPN9,combo_seen1,baseControl,0.05376619876936708,-0.40931410524019696,0.004149039568878863,-0.6722819677319571,
Norman,1,CBL+TGFBR2,combo_seen1,WitnessCell_v14,0.040071036067435714,0.26703990569664127,0.0021075438069785646,0.2228014093581543,0.6338901433501107
Norman,1,CBL+TGFBR2,combo_seen1,WitnessCell_v13,0.04005027096126444,0.2674197310186496,0.002105519515916593,0.22354790684741355,0.6346032580363123
Norman,1,CBL+TGFBR2,combo_seen1,trainMean,0.037434438816940446,0.31526727286805045,0.002035331956405622,0.24943096187663294,0.6458129657643816
Norman,1,CBL+TGFBR2,combo_seen1,baseControl,0.06774494957576435,-0.23915799297190632,0.0034578475541003407,-0.27514988623364434,
Norman,1,CBL+UBASH3A,combo_seen1,WitnessCell_v14,0.02566604255948761,-0.06955945296420407,0.004188009738637253,-0.03887100878435801,0.521800962107044
Norman,1,CBL+UBASH3A,combo_seen1,WitnessCell_v13,0.025665413187220716,-0.06953322566188724,0.004184546710134917,-0.038011975463475345,0.5224274230628958
Norman,1,CBL+UBASH3A,combo_seen1,trainMean,0.02428682897663291,-0.012084642744442542,0.004034980726939785,-0.0009108764836265326,0.5489039683640702
Norman,1,CBL+UBASH3A,combo_seen1,baseControl,0.03215387331371082,-0.3399213794796818,0.005754676929461144,-0.4274959706475483,
Norman,1,CBL+UBASH3B,combo_seen1,WitnessCell_v14,0.08660677070325978,0.4493158566484998,0.0032183772590966588,0.41226691383531555,0.9028900678535988
Norman,1,CBL+UBASH3B,combo_seen1,WitnessCell_v13,0.08659108777842306,0.44941557561918555,0.003216462815347831,0.41261652540729854,0.9034795123607499
Norman,1,CBL+UBASH3B,combo_seen1,trainMean,0.08470963394911052,0.4613786909950067,0.0028869249206518125,0.47279602217402206,0.8756090762227703
Norman,1,CBL+UBASH3B,combo_seen1,baseControl,0.22198981224898734,-0.41150938429450945,0.008764548522955504,-0.6005628730059505,
Norman,1,CDKN1A+CDKN1B,combo_seen1,WitnessCell_v14,0.0052223166625878555,0.8220224524405326,0.0014622141494199195,0.5550207975933429,0.8823487181794475
Norman,1,CDKN1A+CDKN1B,combo_seen1,WitnessCell_v13,0.005223640889603354,0.8219773225313644,0.0014636405600583,0.5545867140711565,0.8822507526495229
Norman,1,CDKN1A+CDKN1B,combo_seen1,trainMean,0.005384835066434543,0.8164837942513183,0.0013375865159432328,0.592947324952065,0.8897484724043235
Norman,1,CDKN1A+CDKN1B,combo_seen1,baseControl,0.04952003414189976,-0.6876522051554441,0.006018793348866685,-0.8316317516771976,
Norman,1,CDKN1A+CDKN1C,combo_seen1,WitnessCell_v14,0.005885449878438979,0.8269035969890035,0.0016197573937500708,0.5480408354546555,0.8751938422041903
Norman,1,CDKN1A+CDKN1C,combo_seen1,WitnessCell_v13,0.005818405496472143,0.8288754328894449,0.001616921944188061,0.5488320078981963,0.8750052428318054
Norman,1,CDKN1A+CDKN1C,combo_seen1,trainMean,0.006907756796031686,0.7968366260923807,0.001515018168700718,0.57726610883886,0.8780675350681317
Norman,1,CDKN1A+CDKN1C,combo_seen1,baseControl,0.053823721921672,-0.5830043333538075,0.006377538645164714,-0.7795177531191722,
Norman,1,CEBPA+KLF1,combo_seen1,WitnessCell_v14,0.00972916339363989,0.9446489363826305,0.00292730811118241,0.751926657618817,0.9387351349479256
Norman,1,CEBPA+KLF1,combo_seen1,WitnessCell_v13,0.009718880807178767,0.9447074359754869,0.0029094650820636813,0.753438756688532,0.9390042619704789
Norman,1,CEBPA+KLF1,combo_seen1,trainMean,0.023623508693871052,0.8656013595747886,0.004319122297871003,0.6339780221655018,0.9462288062573712
Norman,1,CEBPA+KLF1,combo_seen1,baseControl,0.24536126684033893,-0.39590697993581747,0.01598757707771602,-0.35485966342087516,
Norman,1,CEBPB+PTPN12,combo_seen1,WitnessCell_v14,0.02048717779976522,0.4421464302740471,0.003727262561597796,-1.0830543236606234,0.754195695699553
Norman,1,CEBPB+PTPN12,combo_seen1,WitnessCell_v13,0.020483907296195897,0.44223548412562097,0.003727215551964439,-1.0830280513982324,0.7537511747112373
Norman,1,CEBPB+PTPN12,combo_seen1,trainMean,0.026891713754654475,0.2677547556474852,0.004863457458624696,-1.7180392901499295,0.759335313495357
Norman,1,CEBPB+PTPN12,combo_seen1,baseControl,0.05886726139110347,-0.6029202376226834,0.0036587111976655942,-1.0447430395286594,
Norman,1,CEBPE+CNN1,combo_seen1,WitnessCell_v14,0.04836146505538167,0.5295830125887298,0.0023844462110680412,0.009013544514924643,0.6524590163906688
Norman,1,CEBPE+CNN1,combo_seen1,WitnessCell_v13,0.053308555226522406,0.4814621533034513,0.0024062767951758914,-5.9343380716780914e-05,0.6486556199694519
Norman,1,CEBPE+CNN1,combo_seen1,trainMean,0.1097320946908317,-0.06737546820958107,0.0027960324848698274,-0.1620435423289197,0.5966772961685575
Norman,1,CEBPE+CNN1,combo_seen1,baseControl,0.11607854236903054,-0.1291080231295505,0.0037724886924047143,-0.5678630871564652,
Norman,1,CEBPE+ETS2,combo_seen1,WitnessCell_v14,0.17899650632411873,0.07145964089138379,0.005946827638099511,-0.011621921292348514,0.48921514971455093
Norman,1,CEBPE+ETS2,combo_seen1,WitnessCell_v13,0.1808108842586194,0.06204759607856836,0.005969878193215352,-0.015543078634079555,0.48651044653108266
Norman,1,CEBPE+ETS2,combo_seen1,trainMean,0.2181317693089188,-0.13155365747945713,0.006767970018006006,-0.15130742801422326,0.39246748842964263
Norman,1,CEBPE+ETS2,combo_seen1,baseControl,0.22201819345556859,-0.15171439551221,0.007453079729012303,-0.26785225566383186,
Norman,1,CEBPE+KLF1,combo_seen1,WitnessCell_v14,0.12085025061667225,-0.11929886560745051,0.004868088507797649,-0.7111722577829,0.20193942425020744
Norman,1,CEBPE+KLF1,combo_seen1,WitnessCell_v13,0.12499773151033923,-0.15771227919758823,0.004904478344829642,-0.7239635781326934,0.18651195124461284
Norman,1,CEBPE+KLF1,combo_seen1,trainMean,0.14845186605715394,-0.3749413379549771,0.004595889381023166,-0.6154920758011744,0.16372949852703522
Norman,1,CEBPE+KLF1,combo_seen1,baseControl,0.12131839229409797,-0.1236347312412609,0.0023803400402095955,0.1632913340889074,
Norman,1,CEBPE+PTPN12,combo_seen1,WitnessCell_v14,0.02926217868394835,0.5625404671884404,0.001944665257831305,-0.250687454049765,0.6605770616678814
Norman,1,CEBPE+PTPN12,combo_seen1,WitnessCell_v13,0.03432890660998891,0.4867946228564586,0.0019637410007791742,-0.26295578264025177,0.6550190683284551
Norman,1,CEBPE+PTPN12,combo_seen1,trainMean,0.07433822516581863,-0.1113309641881941,0.002265031381031867,-0.45672697132706785,0.5971933816750946
Norman,1,CEBPE+PTPN12,combo_seen1,baseControl,0.07780637828336553,-0.16317866353100752,0.0024541906686963355,-0.578382432052877,
Norman,1,CEBPE+RUNX1T1,combo_seen1,WitnessCell_v14,0.08899010550176176,0.27582223339797973,0.0027759252468688577,-0.15057492815484985,0.5561342828794906
Norman,1,CEBPE+RUNX1T1,combo_seen1,WitnessCell_v13,0.09311773714809882,0.24223266689340905,0.0027969164272961004,-0.15927542394060734,0.5521385940133302
Norman,1,CEBPE+RUNX1T1,combo_seen1,trainMean,0.14094614873067596,-0.14698220238559423,0.0034763775352726683,-0.4409007725972267,0.44140976642291285
Norman,1,CEBPE+RUNX1T1,combo_seen1,baseControl,0.1115150017867616,0.09252062933043059,0.0031176363573799225,-0.29220851028010997,
Norman,1,CEBPE+SET,combo_seen1,WitnessCell_v14,0.08563556580777136,0.29573242146101186,0.003549258360495912,-0.11699000320748998,0.5362933999829471
Norman,1,CEBPE+SET,combo_seen1,WitnessCell_v13,0.09180217896177018,0.24501814553152068,0.0035887384403630587,-0.12941481145145062,0.5289334489528059
Norman,1,CEBPE+SET,combo_seen1,trainMean,0.1327347230021619,-0.09161142423715485,0.0036940683507673093,-0.16256327375269874,0.49386412574694044
Norman,1,CEBPE+SET,combo_seen1,baseControl,0.12576782278374982,-0.03431558108528354,0.004113342641447456,-0.29451342889051735,
Norman,1,CLDN6+KLF1,combo_seen1,WitnessCell_v14,0.08357301317873174,0.6295390714632432,0.003912559437888672,0.2951702894204713,0.7435107746257743
Norman,1,CLDN6+KLF1,combo_seen1,WitnessCell_v13,0.08381566620661565,0.6284634435469697,0.0039178603305701585,0.2942153578178165,0.7424401799447039
Norman,1,CLDN6+KLF1,combo_seen1,trainMean,0.0637976744894335,0.7171988321242437,0.003908276688696203,0.29594180712435114,0.7572114916230107
Norman,1,CLDN6+KLF1,combo_seen1,baseControl,0.31422102531069296,-0.39287322994350404,0.008104714617514318,-0.46002731686930964,
Norman,1,CNN1+MAPK1,combo_seen1,WitnessCell_v14,0.014060847990143704,0.753088232723326,0.0012184916881626978,0.39530910283464704,0.8267806165154786
Norman,1,CNN1+MAPK1,combo_seen1,WitnessCell_v13,0.01299309767249251,0.7718381771168855,0.0012131117107367908,0.3979789801986088,0.8277507549164461
Norman,1,CNN1+MAPK1,combo_seen1,trainMean,0.04334954296502828,0.23877192388153767,0.0023930360457679765,-0.18757241228817545,0.813997293355772
Norman,1,CNN1+MAPK1,combo_seen1,baseControl,0.06130084069377834,-0.07645704738836123,0.003165204024973746,-0.5707698954095777,
Norman,1,CNN1+UBASH3A,combo_seen1,WitnessCell_v14,0.15263997991897882,0.06756366952822668,0.006228156000921654,0.04141679630025663,0.63644817158609
Norman,1,CNN1+UBASH3A,combo_seen1,WitnessCell_v13,0.15176695111029698,0.07289676626471409,0.006219775074919016,0.04270671500113543,0.6371766863336569
Norman,1,CNN1+UBASH3A,combo_seen1,trainMean,0.16211198770539115,0.009701737239907193,0.0060363539604710754,0.070937285893654,0.6391856539553306
Norman,1,CNN1+UBASH3A,combo_seen1,baseControl,0.20618724343894598,-0.25954207255759987,0.00959739486825978,-0.4771469305885272,
Norman,1,CNN1+UBASH3B,combo_seen1,WitnessCell_v14,0.24788231210329265,0.35730809213088877,0.004880440085535603,0.39989854608103714,0.85231590213448
Norman,1,CNN1+UBASH3B,combo_seen1,WitnessCell_v13,0.24678739741616668,0.3601469102912166,0.004871434761188188,0.40100584545141804,0.8527698121436018
Norman,1,CNN1+UBASH3B,combo_seen1,trainMean,0.269215761758808,0.3019962171358729,0.005016999628711662,0.38310711355237226,0.792674356368991
Norman,1,CNN1+UBASH3B,combo_seen1,baseControl,0.492716299779486,-0.27748033353639445,0.011024902267716376,-0.35562772295461764,
Norman,1,COL2A1+KLF1,combo_seen1,WitnessCell_v14,0.04621292990039434,0.6661387411603938,0.0037389813088033654,0.31325160828727094,0.6571725919746789
Norman,1,COL2A1+KLF1,combo_seen1,WitnessCell_v13,0.04692789229548411,0.6609735580447132,0.003760762700293663,0.309250963635743,0.6539573462431254
Norman,1,COL2A1+KLF1,combo_seen1,trainMean,0.04788084254363413,0.6540890525579455,0.003866781345353993,0.28977824420403064,0.6715593697065588
Norman,1,COL2A1+KLF1,combo_seen1,baseControl,0.17164885697355498,-0.24006211229384888,0.005460932932763762,-0.003023711297140297,
Norman,1,DLX2+SNAI1,combo_seen1,WitnessCell_v14,0.13066689541983117,0.03885269818799297,0.007253752807059037,0.14601638603870815,0.6634886092964905
Norman,1,DLX2+SNAI1,combo_seen1,WitnessCell_v13,0.1305701419391625,0.03956438837231113,0.00725532569737773,0.14583120981414555,0.663111924060557
Norman,1,DLX2+SNAI1,combo_seen1,trainMean,0.1306984368708992,0.03862068853863376,0.007251830116807066,0.146242744175466,0.6751299863061604
Norman,1,DLX2+SNAI1,combo_seen1,baseControl,0.16002221517664178,-0.17707641138052788,0.012571639608399365,-0.4800579109550056,
Norman,1,DLX2+ZBTB10,combo_seen1,WitnessCell_v14,0.07939195313541231,0.5770104598313341,0.008221747053062767,0.5225071237810361,0.8158761618091614
Norman,1,DLX2+ZBTB10,combo_seen1,WitnessCell_v13,0.07922897299566999,0.5778787958735102,0.008213970269684212,0.5229587745845932,0.8160564460146241
Norman,1,DLX2+ZBTB10,combo_seen1,trainMean,0.07658335720068826,0.5919742773976084,0.008023014366646392,0.5340488850907967,0.8130172677343527
Norman,1,DLX2+ZBTB10,combo_seen1,baseControl,0.22897292493117427,-0.2199366359272883,0.022955388365024296,-0.33317582557536607,
Norman,1,DUSP9+ETS2,combo_seen1,WitnessCell_v14,0.08529665386843949,0.3249860464297396,0.002441890906847545,0.025828693133572833,0.6196225323003987
Norman,1,DUSP9+ETS2,combo_seen1,WitnessCell_v13,0.07964321058563123,0.3697258214213778,0.002427301306831837,0.03164908817010181,0.6223916900690912
Norman,1,DUSP9+ETS2,combo_seen1,trainMean,0.1449195122998126,-0.1468526432215147,0.002956047834034183,-0.1792897764455863,0.5617083822535947
Norman,1,DUSP9+ETS2,combo_seen1,baseControl,0.1669712507845777,-0.321363957588636,0.003613007564260164,-0.44137819209028084,
Norman,1,DUSP9+KLF1,combo_seen1,WitnessCell_v14,0.26996323874409756,0.0638537890564903,0.0062916524232738595,0.09517252854913971,0.5066560286489921
Norman,1,DUSP9+KLF1,combo_seen1,WitnessCell_v13,0.2692887947798215,0.06619254512041961,0.006305423999828001,0.09319198354234925,0.504717660501717
Norman,1,DUSP9+KLF1,combo_seen1,trainMean,0.3231427063274596,-0.12055560427334888,0.007133262608150398,-0.025862767792433683,0.42915345954633344
Norman,1,DUSP9+KLF1,combo_seen1,baseControl,0.42312867263294485,-0.46727497221341063,0.00842402302195012,-0.2114921387263644,
Norman,1,ETS2+IGDCC3,combo_seen1,WitnessCell_v14,0.00929146260911691,0.8331583500097463,0.0019154243659241922,-0.2785222844896347,0.7329543476741727
Norman,1,ETS2+IGDCC3,combo_seen1,WitnessCell_v13,0.009313027550486769,0.8327711202966803,0.0019157313904198535,-0.2787272195769033,0.733085324034988
Norman,1,ETS2+IGDCC3,combo_seen1,trainMean,0.013650216892638976,0.7548906125007616,0.0024272118602547237,-0.6201341633324633,0.7517576185184932
Norman,1,ETS2+IGDCC3,combo_seen1,baseControl,0.07108053223521055,-0.27635376465612094,0.002256391310248634,-0.5061135401656567,
Norman,1,ETS2+IKZF3,combo_seen1,WitnessCell_v14,0.010250655104213803,0.9512150390663436,0.0017790801453265073,0.7154666768491942,0.918006218523125
Norman,1,ETS2+IKZF3,combo_seen1,WitnessCell_v13,0.0102635195246419,0.951153814662475,0.0017799533047049123,0.7153270299984154,0.9179764637822044
Norman,1,ETS2+IKZF3,combo_seen1,trainMean,0.019955108885394007,0.9050295617691186,0.002326268709216257,0.6279532610637046,0.9279942122104514
Norman,1,ETS2+IKZF3,combo_seen1,baseControl,0.326580327120095,-0.5542624679378001,0.010265894031422964,-0.6418534890336391,
Norman,1,ETS2+MAP7D1,combo_seen1,WitnessCell_v14,0.051857129554283954,0.19297288161735082,0.003020049576385959,0.24217659405364533,0.5005465984134732
Norman,1,ETS2+MAP7D1,combo_seen1,WitnessCell_v13,0.051873812111263615,0.19271325915073412,0.0030210737483867076,0.2419195977712164,0.5003566036418551
Norman,1,ETS2+MAP7D1,combo_seen1,trainMean,0.05048594368489912,0.21431197598003215,0.002877417600764245,0.277967347426593,0.5333613019733462
Norman,1,ETS2+MAP7D1,combo_seen1,baseControl,0.07234412490897198,-0.1258561968048415,0.004037739985659473,-0.013193257549092507,
Norman,1,ETS2+MAPK1,combo_seen1,WitnessCell_v14,0.06648177972092068,0.7360725646645578,0.0025633297550206576,0.7099980283592318,0.9328209786596307
Norman,1,ETS2+MAPK1,combo_seen1,WitnessCell_v13,0.06626263453866649,0.7369425537978401,0.0025612221293639732,0.7102364743081861,0.9328233101408551
Norman,1,ETS2+MAPK1,combo_seen1,trainMean,0.03726333116374048,0.8520675068058318,0.0016711211034956045,0.8109379357396348,0.9316875048514074
Norman,1,ETS2+MAPK1,combo_seen1,baseControl,0.3136926178870418,-0.24533501464814966,0.010893370295612922,-0.23242000267549168,
Norman,1,ETS2+PRTG,combo_seen1,WitnessCell_v14,0.00815106244070568,0.7624918472445082,0.0014624351566914807,0.1522380748854919,0.8160114126217731
Norman,1,ETS2+PRTG,combo_seen1,WitnessCell_v13,0.008174662126087237,0.7618041923870761,0.0014628970137728274,0.1519703400415786,0.8160545625675073
Norman,1,ETS2+PRTG,combo_seen1,trainMean,0.014352307826224278,0.5817980607581262,0.0019751198583057806,-0.1449611326339615,0.8287330418858071
Norman,1,ETS2+PRTG,combo_seen1,baseControl,0.04989070170260747,-0.4537305397007483,0.0029688024644319863,-0.7209909656613345,
Norman,1,ETS2+TGFBR2,combo_seen1,WitnessCell_v14,0.033129995992459776,-0.23899446176597627,0.0026666322465229465,-0.22012920416202264,0.07793722849030975
Norman,1,ETS2+TGFBR2,combo_seen1,WitnessCell_v13,0.033126383886298204,-0.23885937634276844,0.0026665862697392738,-0.22010816728431082,0.0787211646883348
Norman,1,ETS2+TGFBR2,combo_seen1,trainMean,0.034728875317661625,-0.2987892963143435,0.002539058667977626,-0.16175735740078845,0.044479245665049766
Norman,1,ETS2+TGFBR2,combo_seen1,baseControl,0.01778445675908783,0.3348974918366632,0.0014769937905582985,0.3241950551764474,
Norman,1,FEV+ISL2,combo_seen1,WitnessCell_v14,0.1833718396273628,0.1389789595737374,0.008722334941730579,0.010584479810012426,0.487952245115426
Norman,1,FEV+ISL2,combo_seen1,WitnessCell_v13,0.19140123408381698,0.10127700063097811,0.008770007068631146,0.005176805998929779,0.48309441001714437
Norman,1,FEV+ISL2,combo_seen1,trainMean,0.2268957641325317,-0.06538728792112924,0.008836601900205139,-0.002377359297854209,0.47868609807443885
Norman,1,FEV+ISL2,combo_seen1,baseControl,0.2553015053196069,-0.19876622375269726,0.011426740241899,-0.2961889466573506,
Norman,1,FEV+MAP7D1,combo_seen1,WitnessCell_v14,0.13777373616002508,0.13320883566475983,0.0059985189484603445,0.12211218527207268,0.5461919131751743
Norman,1,FEV+MAP7D1,combo_seen1,WitnessCell_v13,0.14483928726938639,0.08875655148165573,0.006041881656857262,0.11576601988652768,0.5403970787089208
Norman,1,FEV+MAP7D1,combo_seen1,trainMean,0.175288509506958,-0.10281201254241523,0.005979596028043436,0.12488156908094339,0.5436476440748614
Norman,1,FEV+MAP7D1,combo_seen1,baseControl,0.20459931448371788,-0.28721832597721364,0.00823318120055157,-0.2049323365505833,
Norman,1,FOSB+PTPN12,combo_seen1,WitnessCell_v14,0.022036613289786094,-0.06346035950888296,0.002819230863753963,-0.8603550677205727,0.4324183130538619
Norman,1,FOSB+PTPN12,combo_seen1,WitnessCell_v13,0.021967682944359697,-0.060133864236480816,0.0028181185315223033,-0.8596210615308837,0.4313705656094877
Norman,1,FOSB+PTPN12,combo_seen1,trainMean,0.023436667065910743,-0.13102526490110078,0.0032316397957325295,-1.1324956208209134,0.43461274428558666
Norman,1,FOSB+PTPN12,combo_seen1,baseControl,0.02228227690726271,-0.0753157891760643,0.001976752964806877,-0.30442045133309703,
Norman,1,FOXA1+KLF1,combo_seen1,WitnessCell_v14,0.11239538725269962,-0.0874142454490121,0.003686234694235965,-0.09682730654358629,0.5427931644981765
Norman,1,FOXA1+KLF1,combo_seen1,WitnessCell_v13,0.11348739452345338,-0.09797930769379737,0.003703440598444359,-0.10194686813825338,0.5381910593983841
Norman,1,FOXA1+KLF1,combo_seen1,trainMean,0.12269473337476339,-0.187059399629244,0.003901522207037205,-0.1608854152601813,0.49494115127031457
Norman,1,FOXA1+KLF1,combo_seen1,baseControl,0.1267228669238198,-0.22603119296420404,0.004346886590703156,-0.29340215873573916,
Norman,1,IRF1+SET,combo_seen1,WitnessCell_v14,0.07578954653719516,0.51982057367856,0.004491528479943378,0.4747142676504009,0.7428818960421418
Norman,1,IRF1+SET,combo_seen1,WitnessCell_v13,0.07614082100565997,0.5175950058996841,0.0045040176114028935,0.4732536596203245,0.7420074483759271
Norman,1,IRF1+SET,combo_seen1,trainMean,0.07926710892504055,0.4977878001802636,0.004575075136746232,0.46494345867078124,0.7401692742976308
Norman,1,IRF1+SET,combo_seen1,baseControl,0.21894607868168448,-0.3871755045414329,0.009975616153843079,-0.1666515887429061,
Norman,1,KLF1+MAP2K6,combo_seen1,WitnessCell_v14,0.06497573952369562,0.08186297101600148,0.0030908155506169767,0.31991271419890976,0.1938195439042544
Norman,1,KLF1+MAP2K6,combo_seen1,WitnessCell_v13,0.06618555081590509,0.06476778204850364,0.0031115956278705945,0.3153403720106711,0.17657298318590886
Norman,1,KLF1+MAP2K6,combo_seen1,trainMean,0.07251364463445999,-0.024651088752976946,0.00317851262722293,0.30061629685374414,0.18503236676324025
Norman,1,KLF1+MAP2K6,combo_seen1,baseControl,0.06856527958851974,0.031141121989031184,0.002971053768991156,0.3462644856568827,
Norman,1,KLF1+TGFBR2,combo_seen1,WitnessCell_v14,0.13681044998341785,-0.059956412573282325,0.0030790732392800184,0.10015222954467029,0.3675915400636738
Norman,1,KLF1+TGFBR2,combo_seen1,WitnessCell_v13,0.13945299238373837,-0.08042984689833599,0.003104508889326404,0.09271875485743797,0.3565594382048785
Norman,1,KLF1+TGFBR2,combo_seen1,trainMean,0.1421911588246056,-0.10164414067517802,0.0028877180694785293,0.15607507045482483,0.3745549997110392
Norman,1,KLF1+TGFBR2,combo_seen1,baseControl,0.15241016961992532,-0.18081723033293184,0.003153749333029356,0.07832841723341544,
Norman,1,OSR2+PTPN12,combo_seen1,WitnessCell_v14,0.008821928041265512,0.8539814889351323,0.002256114814463872,-0.4209800097827239,0.5968744137190335
Norman,1,OSR2+PTPN12,combo_seen1,WitnessCell_v13,0.008893789745981782,0.8527920506313771,0.0022568988785773656,-0.4214738407812708,0.5953734904506116
Norman,1,OSR2+PTPN12,combo_seen1,trainMean,0.019693524647190108,0.6740373381928577,0.0033416058014258494,-1.1046601945781194,0.5703989958173777
Norman,1,OSR2+PTPN12,combo_seen1,baseControl,0.06652444129672833,-0.10109715496806793,0.0014718127856714494,0.07300083613929687,
Norman,1,PTPN12+PTPN9,combo_seen1,WitnessCell_v14,0.03356982674062145,0.61842907520733,0.0017631707332168396,0.521679572055691,0.8127177546014335
Norman,1,PTPN12+PTPN9,combo_seen1,WitnessCell_v13,0.033548848464953776,0.6186675244584663,0.0017626150959769962,0.5218303076806289,0.8127402468125463
Norman,1,PTPN12+PTPN9,combo_seen1,trainMean,0.04650030280514621,0.4714550157916497,0.002146989492956768,0.4175555924811739,0.7650505567944298
Norman,1,PTPN12+PTPN9,combo_seen1,baseControl,0.10680232522531069,-0.2139670043907671,0.005175410102644224,-0.4040071834493415,
Norman,1,PTPN12+SAMD1,combo_seen1,WitnessCell_v14,0.039605544575553146,0.7352320840185582,0.0017346100692118254,0.5671459301895092,0.8643681214918164
Norman,1,PTPN12+SAMD1,combo_seen1,WitnessCell_v13,0.039550153436011634,0.7356023805701499,0.0017320852034727167,0.567775984419158,0.8645459691991888
Norman,1,PTPN12+SAMD1,combo_seen1,trainMean,0.03726440198571641,0.7508829089515168,0.0020103644462351536,0.49833426670317904,0.8439702122663899
Norman,1,PTPN12+SAMD1,combo_seen1,baseControl,0.20500967563814215,-0.37051478919057823,0.006683561729942553,-0.6678139640627168,
Norman,1,PTPN12+SNAI1,combo_seen1,WitnessCell_v14,0.021728795664795107,0.08637699031997337,0.0029352694979950696,-0.543665068748469,0.5378992661119075
Norman,1,PTPN12+SNAI1,combo_seen1,WitnessCell_v13,0.022031989423598908,0.07362870925056597,0.002944031922455876,-0.5482732481905723,0.5363252719601952
Norman,1,PTPN12+SNAI1,combo_seen1,trainMean,0.025942629062093353,-0.09080057672610797,0.002652989626762121,-0.3952134266996712,0.5259624221945715
Norman,1,PTPN12+SNAI1,combo_seen1,baseControl,0.02321789582545943,0.023765320925641542,0.0024399765786562106,-0.28318936833864794,
Norman,1,PTPN12+UBASH3A,combo_seen1,WitnessCell_v14,0.13737144382097435,0.07437978212318752,0.004325794774158584,0.13032429289574,0.6538993917363471
Norman,1,PTPN12+UBASH3A,combo_seen1,WitnessCell_v13,0.13735175357331347,0.07451245665017048,0.004325171478605346,0.13044960281664397,0.6544018326090408
Norman,1,PTPN12+UBASH3A,combo_seen1,trainMean,0.14475654765714374,0.024618338028688846,0.0045914194871533144,0.07692199987017856,0.6129780937325034
Norman,1,PTPN12+UBASH3A,combo_seen1,baseControl,0.18892715925782844,-0.27300691796600174,0.007236145167611575,-0.4547846104362985,
Norman,1,PTPN12+UBASH3B,combo_seen1,WitnessCell_v14,0.07347306562331779,0.5545951522742065,0.002244571957300274,0.5385886826079844,0.8706027036178715
Norman,1,PTPN12+UBASH3B,combo_seen1,WitnessCell_v13,0.07343717751984209,0.5548127113909815,0.0022432125558217745,0.5388681315358832,0.8713287387588361
Norman,1,PTPN12+UBASH3B,combo_seen1,trainMean,0.0831497252098754,0.495933776801707,0.0026148729154070694,0.4624667956014791,0.8118035817397471
Norman,1,PTPN12+UBASH3B,combo_seen1,baseControl,0.21162098075103875,-0.2828784250032106,0.007013568094131855,-0.4417625077274647,
Norman,1,PTPN12+ZBTB10,combo_seen1,WitnessCell_v14,0.012662120896379383,0.712232319771461,0.0027915979739046156,0.2134302311012901,0.8438133492912904
Norman,1,PTPN12+ZBTB10,combo_seen1,WitnessCell_v13,0.012626402808904619,0.713044072499059,0.0027904373103312093,0.2137572634631265,0.8436818067601297
Norman,1,PTPN12+ZBTB10,combo_seen1,trainMean,0.016633252018231213,0.6219817843224258,0.003453664304759678,0.026884257890150254,0.8379522895656331
Norman,1,PTPN12+ZBTB10,combo_seen1,baseControl,0.06453751546312403,-0.4667219863496255,0.006454155629861005,-0.8185439843672626,
Norman,1,PTPN12+ZBTB25,combo_seen1,WitnessCell_v14,0.04345833183650065,0.7048781648372788,0.0017054713865172655,0.6148782042061984,0.8643572740799009
Norman,1,PTPN12+ZBTB25,combo_seen1,WitnessCell_v13,0.043421219327237345,0.7051301927310896,0.00170400326050088,0.6152097297494306,0.8646976849957088
Norman,1,PTPN12+ZBTB25,combo_seen1,trainMean,0.04878006699452554,0.6687387140181573,0.0019209825820756673,0.5662124456931747,0.8459726739939164
Norman,1,PTPN12+ZBTB25,combo_seen1,baseControl,0.18272042250653397,-0.24083884799610877,0.006319736245041635,-0.42709411068091896,
Norman,1,RHOXF2+SET,combo_seen1,WitnessCell_v14,0.07438129841978579,0.3285473919105796,0.004160576092772422,0.35178272625266693,0.7437702627177385
Norman,1,RHOXF2+SET,combo_seen1,WitnessCell_v13,0.0750588738948746,0.32243080306914584,0.004181444520609504,0.3485314276107684,0.7423057954880169
Norman,1,RHOXF2+SET,combo_seen1,trainMean,0.07513572190541049,0.321737083032026,0.0044802703491967156,0.3019743981002194,0.7370949518279649
Norman,1,RHOXF2+SET,combo_seen1,baseControl,0.1437350438497082,-0.297520641842699,0.009104441210082522,-0.41847088686700684,
Norman,1,BAK1+TMSB4X,combo_seen2,WitnessCell_v14,0.030852753296775386,0.9224889255981268,0.000587415608666072,0.709810812193211,0.781354819629899
Norman,1,BAK1+TMSB4X,combo_seen2,WitnessCell_v13,0.030852753296775386,0.9224889255981268,0.000587415608666072,0.709810812193211,0.781354819629899
Norman,1,BAK1+TMSB4X,combo_seen2,trainMean,0.0033749434417531398,0.9915211621569222,0.0005543417949447689,0.7261496070768756,0.8179403428688174
Norman,1,BAK1+TMSB4X,combo_seen2,baseControl,0.5175643991747205,-0.30027204594364054,0.0014941352245065641,0.2618822501879542,
Norman,1,BPGM+SAMD1,combo_seen2,WitnessCell_v14,0.004307333659341618,0.9661662871843512,0.0009569478596300386,0.7066462068399848,0.9230801286963601
Norman,1,BPGM+SAMD1,combo_seen2,WitnessCell_v13,0.004307333659341618,0.9661662871843512,0.0009569478596300386,0.7066462068399848,0.9230801286963601
Norman,1,BPGM+SAMD1,combo_seen2,trainMean,0.012234336428856428,0.903900403831908,0.0011630242072255565,0.6434731952287999,0.9259302009850198
Norman,1,BPGM+SAMD1,combo_seen2,baseControl,0.17307877023870386,-0.3595179454096582,0.005325340916445819,-0.6324911979149748,
Norman,1,CEBPA+CEBPB,combo_seen2,WitnessCell_v14,0.03664052986893573,0.7008456091992018,0.010353604569070387,0.18626155669534006,0.8778021574113198
Norman,1,CEBPA+CEBPB,combo_seen2,WitnessCell_v13,0.03664052986893573,0.7008456091992018,0.010353604569070387,0.18626155669534006,0.8778021574113198
Norman,1,CEBPA+CEBPB,combo_seen2,trainMean,0.10064186125281352,0.17830187500456052,0.017090544055061125,-0.3432261800050407,0.878910360537023
Norman,1,CEBPA+CEBPB,combo_seen2,baseControl,0.15445280961070432,-0.26104170250374215,0.016578804073265997,-0.303006129742863,
Norman,1,CEBPA+CEBPE,combo_seen2,WitnessCell_v14,0.01522232972206023,0.9401919834261813,0.002540134209494032,0.853081958060897,0.9469806454706663
Norman,1,CEBPA+CEBPE,combo_seen2,WitnessCell_v13,0.016570602428267446,0.9348946657467456,0.002562895417172017,0.8517654795647136,0.9464422738678744
Norman,1,CEBPA+CEBPE,combo_seen2,trainMean,0.024673785912453942,0.9030575329969152,0.003234742790482027,0.812906705803977,0.9447291476257054
Norman,1,CEBPA+CEBPE,combo_seen2,baseControl,0.3288938895318296,-0.29221292373143526,0.022884371881675327,-0.3236021527113344,
Norman,1,CEBPA+JUN,combo_seen2,WitnessCell_v14,0.030544418796860887,0.895176128122478,0.006408983206686704,0.7568172446057607,0.8984748214778081
Norman,1,CEBPA+JUN,combo_seen2,WitnessCell_v13,0.030544418796860887,0.895176128122478,0.006408983206686704,0.7568172446057607,0.8984748214778081
Norman,1,CEBPA+JUN,combo_seen2,trainMean,0.02234906261087851,0.9233013634573983,0.006941118758694171,0.7366258685938223,0.8950584720455407
Norman,1,CEBPA+JUN,combo_seen2,baseControl,0.38566317618921553,-0.3235382751133329,0.03365259920681352,-0.27691578170349174,
Norman,1,CEBPB+CEBPE,combo_seen2,WitnessCell_v14,0.022516659227935977,0.8143252623349272,0.0031800068953999443,0.6962334630658298,0.8873893609992197
Norman,1,CEBPB+CEBPE,combo_seen2,WitnessCell_v13,0.023177350372627883,0.8088771337414942,0.0031976049460969045,0.6945524293156387,0.8867323181050323
Norman,1,CEBPB+CEBPE,combo_seen2,trainMean,0.032741555494596807,0.7300096934600653,0.004091055395013686,0.6092065927445526,0.850875823631487
Norman,1,CEBPB+CEBPE,combo_seen2,baseControl,0.17070371449849253,-0.4076407644273117,0.014900149323350473,-0.42331979414998844,
Norman,1,CEBPB+LYL1,combo_seen2,WitnessCell_v14,0.010700419367315517,0.8637307218057128,0.0022765467901085944,0.22501936401378164,0.8264866805277516
Norman,1,CEBPB+LYL1,combo_seen2,WitnessCell_v13,0.010700419367315517,0.8637307218057128,0.0022765467901085944,0.22501936401378164,0.8264866805277516
Norman,1,CEBPB+LYL1,combo_seen2,trainMean,0.008817645010533639,0.887707754274651,0.0024752509974555826,0.15737660189178693,0.8463779315484952
Norman,1,CEBPB+LYL1,combo_seen2,baseControl,0.10135936498725341,-0.2908061853382746,0.005245610497432226,-0.7857074482717272,
Norman,1,CEBPE+FOSB,combo_seen2,WitnessCell_v14,0.07404887173148024,0.5782305357713411,0.005420697191278038,0.5335650254660856,0.903075044368189
Norman,1,CEBPE+FOSB,combo_seen2,WitnessCell_v13,0.075921037206864,0.5675670076035744,0.005451648007743192,0.5309017991724354,0.902225536278451
Norman,1,CEBPE+FOSB,combo_seen2,trainMean,0.1116067478022766,0.3643074212451842,0.007242790091432412,0.3767793158991666,0.818433309716024
Norman,1,CEBPE+FOSB,combo_seen2,baseControl,0.23097234998487629,-0.31557823943644014,0.016052542782446118,-0.3812738693432731,
Norman,1,CEBPE+SPI1,combo_seen2,WitnessCell_v14,0.13431002232319827,0.5603052135918687,0.008363507517390784,0.5215444185348229,0.8290179124189624
Norman,1,CEBPE+SPI1,combo_seen2,WitnessCell_v13,0.13607663369122408,0.5545218044709834,0.008395261528314654,0.5197278501000077,0.8281630064507634
Norman,1,CEBPE+SPI1,combo_seen2,trainMean,0.13042246013072056,0.5730320436400129,0.008716343845963198,0.5013595247688853,0.799532680304395
Norman,1,CEBPE+SPI1,combo_seen2,baseControl,0.3999203346393119,-0.30923130737302196,0.02362675097952649,-0.35162799274543843,
Norman,1,DUSP9+IGDCC3,combo_seen2,WitnessCell_v14,0.07169152780246063,0.6129517627397789,0.002865638566510203,0.5055442265507948,0.8596255650345789
Norman,1,DUSP9+IGDCC3,combo_seen2,WitnessCell_v13,0.06976216299802576,0.6233680179023979,0.0028517217750308912,0.507945519573318,0.8606012170450037
Norman,1,DUSP9+IGDCC3,combo_seen2,trainMean,0.07688776150597776,0.5848983349919408,0.002874297301191639,0.5040501925843219,0.8323208359221209
Norman,1,DUSP9+IGDCC3,combo_seen2,baseControl,0.27211076947913276,-0.4690716866380673,0.009133698639980375,-0.5759873133558941,
Norman,1,DUSP9+PRTG,combo_seen2,WitnessCell_v14,0.07881621806777751,0.6393530705701139,0.0029380261547941496,0.5153924740725107,0.8304781728356811
Norman,1,DUSP9+PRTG,combo_seen2,WitnessCell_v13,0.0772154679251136,0.6466777765492785,0.0029252383382170157,0.517501737852667,0.8314247143415809
Norman,1,DUSP9+PRTG,combo_seen2,trainMean,0.06338700359464539,0.7099540072766316,0.002836850883083004,0.5320806502580677,0.8223050551074015
Norman,1,DUSP9+PRTG,combo_seen2,baseControl,0.31824532238209513,-0.45622564919097597,0.008690669471790294,-0.4334670998437504,
Norman,1,FOXA1+FOXA3,combo_seen2,WitnessCell_v14,0.006108272153518059,0.8806094298703321,0.0011502679252587346,0.6763866274365526,0.9104517408544436
Norman,1,FOXA1+FOXA3,combo_seen2,WitnessCell_v13,0.006108272153518059,0.8806094298703321,0.0011502679252587346,0.6763866274365526,0.9104517408544436
Norman,1,FOXA1+FOXA3,combo_seen2,trainMean,0.0076026714282849996,0.8514003218064374,0.0014590542274526286,0.5895134960033828,0.8866290529040629
Norman,1,FOXA1+FOXA3,combo_seen2,baseControl,0.08435025229047526,-0.6486863156123444,0.006685058659695659,-0.8807569359651353,
Norman,1,FOXL2+ZNF318,combo_seen2,WitnessCell_v14,0.0035341382959592263,0.9002369210436907,0.001085476540504998,0.2306566675368822,0.8527582732676879
Norman,1,FOXL2+ZNF318,combo_seen2,WitnessCell_v13,0.0035341382959592263,0.9002369210436907,0.001085476540504998,0.2306566675368822,0.8527582732676879
Norman,1,FOXL2+ZNF318,combo_seen2,trainMean,0.0036595199189659276,0.8966975981003896,0.001061102859029882,0.24793178001580907,0.8435550714406981
Norman,1,FOXL2+ZNF318,combo_seen2,baseControl,0.04593995711314394,-0.2968116086368664,0.003352344815200111,-1.3760109366266247,
Norman,1,IKZF3+MAPK1,combo_seen2,WitnessCell_v14,0.006143907390764642,0.930247203745241,0.0011656461494546078,0.7433849046706783,0.9294986326345629
Norman,1,IKZF3+MAPK1,combo_seen2,WitnessCell_v13,0.006143907390764642,0.930247203745241,0.0011656461494546078,0.7433849046706783,0.9294986326345629
Norman,1,IKZF3+MAPK1,combo_seen2,trainMean,0.017022042641293138,0.8067459359848569,0.0028705822441742676,0.36804600900187356,0.9113250456181589
Norman,1,IKZF3+MAPK1,combo_seen2,baseControl,0.14122576327119463,-0.6033594364046033,0.007731935232108859,-0.7021729086447956,
Norman,1,MAPK1+PRTG,combo_seen2,WitnessCell_v14,0.008331659631735006,0.7662974600237935,0.0011742021922732106,0.42168124313835653,0.8334628097005992
Norman,1,MAPK1+PRTG,combo_seen2,WitnessCell_v13,0.008331659631735006,0.7662974600237935,0.0011742021922732106,0.42168124313835653,0.8334628097005992
Norman,1,MAPK1+PRTG,combo_seen2,trainMean,0.011658406388913783,0.6729824181984008,0.0023047489174228227,-0.13513629728605903,0.8135113826340111
Norman,1,MAPK1+PRTG,combo_seen2,baseControl,0.04298602314839771,-0.20575530414035414,0.002955728578864083,-0.45575718440779434,
Norman,1,UBASH3A+UBASH3B,combo_seen2,WitnessCell_v14,0.0020238358356324754,0.8824724548919975,0.000432141244921802,0.6071647224547632,0.8872312417257738
Norman,1,UBASH3A+UBASH3B,combo_seen2,WitnessCell_v13,0.0020238358356324754,0.8824724548919975,0.000432141244921802,0.6071647224547632,0.8872312417257738
Norman,1,UBASH3A+UBASH3B,combo_seen2,trainMean,0.00251039380674178,0.8542172165518106,0.0005292178798156805,0.5189178187865073,0.8686208312449144
Norman,1,UBASH3A+UBASH3B,combo_seen2,baseControl,0.022405003876746474,-0.3010961943691348,0.001983422735935452,-0.8030179486841824,
Norman,1,UBASH3B+ZBTB25,combo_seen2,WitnessCell_v14,0.006811064002839581,0.9227545469685707,0.0008508745664039926,0.7693875154439787,0.9259125136473779
Norman,1,UBASH3B+ZBTB25,combo_seen2,WitnessCell_v13,0.006811064002839581,0.9227545469685707,0.0008508745664039926,0.7693875154439787,0.9259125136473779
Norman,1,UBASH3B+ZBTB25,combo_seen2,trainMean,0.010617055520393073,0.8795901399266419,0.0010294584046776265,0.7209859480779617,0.9061187798530825
Norman,1,UBASH3B+ZBTB25,combo_seen2,baseControl,0.11727205476820037,-0.3300026243652352,0.005636589194477853,-0.5276844436116184,
Norman,1,ARID1A,unseen_single,WitnessCell_v14,0.05770406486482608,-0.08647252096748481,0.0036624476891079683,-0.193423877990337,0.6366928803781968
Norman,1,ARID1A,unseen_single,WitnessCell_v13,0.057680349822655644,-0.08602600577462782,0.0036499828836224694,-0.18936216905586134,0.6416925142629435
Norman,1,ARID1A,unseen_single,trainMean,0.05641021808283029,-0.062111516621021545,0.0035293979804900356,-0.15006907467218467,0.7291275184019079
Norman,1,ARID1A,unseen_single,baseControl,0.06732853238556345,-0.2676853959134784,0.005565874116640462,-0.8136633302481235,
Norman,1,BCL2L11,unseen_single,WitnessCell_v14,0.007714884863240172,0.4741619428586583,0.0008989003083149611,0.3613851054759879,0.1893505772222517
Norman,1,BCL2L11,unseen_single,WitnessCell_v13,0.00727270533966159,0.5043004122860026,0.0008948609857593597,0.3642548025090542,0.17185863424696887
Norman,1,BCL2L11,unseen_single,trainMean,0.009628191908881175,0.3437530414389477,0.0007983332646434198,0.4328319738248082,0.10080885387970896
Norman,1,BCL2L11,unseen_single,baseControl,0.0044998203874986875,0.6932971973021074,0.000295095897000352,0.7903520185785523,
Norman,1,BCORL1,unseen_single,WitnessCell_v14,0.0435853524720813,0.033220015849843354,0.0010840609038476237,0.17373462593397904,0.36106451956706165
Norman,1,BCORL1,unseen_single,WitnessCell_v13,0.04372456660181207,0.030132064818110704,0.0010860464931175165,0.17222122050167687,0.3616392615471284
Norman,1,BCORL1,unseen_single,trainMean,0.042499617879771974,0.05730302567789125,0.0009362661159652865,0.2863830161315952,0.3533837154163685
Norman,1,BCORL1,unseen_single,baseControl,0.036430029248000505,0.19193442059389476,0.0008489074622040258,0.35296731086241784,
Norman,1,CBL,unseen_single,WitnessCell_v14,0.08431575206595639,-0.002983237787397286,0.001322175251817687,0.1186927789142983,0.49931950333518643
Norman,1,CBL,unseen_single,WitnessCell_v13,0.08422399556847275,-0.0018917427027991263,0.0013200363336872646,0.12011849308574485,0.5001642709941126
Norman,1,CBL,unseen_single,trainMean,0.08391435925696655,0.0017915551702731847,0.0012628749144319564,0.15821992592375467,0.5338000591924369
Norman,1,CBL,unseen_single,baseControl,0.07797654721481082,0.07242516515996555,0.0017496917447851299,-0.16627199551138028,
Norman,1,CDKN1B,unseen_single,WitnessCell_v14,0.01599145256392847,0.062275076854676814,0.0010140601874490667,0.02145918247291767,0.7371807499464486
Norman,1,CDKN1B,unseen_single,WitnessCell_v13,0.01599247282976913,0.06221524934975231,0.0010160269130527247,0.019561345141490327,0.7366126575915853
Norman,1,CDKN1B,unseen_single,trainMean,0.017452416837896237,-0.023394602372257545,0.0010825001635807385,-0.04458355446155449,0.7505848143624216
Norman,1,CDKN1B,unseen_single,baseControl,0.022731657218879667,-0.33296468431028203,0.002188593033707523,-1.111933436441912,
Norman,1,CDKN1C,unseen_single,WitnessCell_v14,0.01114124602846783,0.2225806355447898,0.0014330808815654287,0.09852389947961393,0.7404828795201823
Norman,1,CDKN1C,unseen_single,WitnessCell_v13,0.01069985060301749,0.25338054340520644,0.001423696130302558,0.10442735481255028,0.7433313675961745
Norman,1,CDKN1C,unseen_single,trainMean,0.015251426694150114,-0.06422157964246811,0.0017561968770025836,-0.10473144453437322,0.7285964675798919
Norman,1,CDKN1C,unseen_single,baseControl,0.02163938139259592,-0.509963435548451,0.003146765365543715,-0.9794652259154022,
Norman,1,CELF2,unseen_single,WitnessCell_v14,0.06332068529494204,0.07434734185509628,0.001422642165383853,0.0958765223432716,0.3947741734685187
Norman,1,CELF2,unseen_single,WitnessCell_v13,0.06328219170308286,0.07491005995361377,0.001382336784503583,0.12149156596874744,0.4056344930977304
Norman,1,CELF2,unseen_single,trainMean,0.0676288092582908,0.011369084754487946,0.0013245421682971691,0.15822144131324778,0.4095164618841703
Norman,1,CELF2,unseen_single,baseControl,0.06465865117083289,0.054788304176385694,0.001513639246761667,0.03804567796525271,
Norman,1,CKS1B,unseen_single,WitnessCell_v14,0.08873990286648425,-0.1746362651951472,0.002784426176441201,-0.03875561341163869,0.5581546585930642
Norman,1,CKS1B,unseen_single,WitnessCell_v13,0.0887087072494703,-0.17422333367419585,0.002716926016417056,-0.01357406228110003,0.5827421862426593
Norman,1,CKS1B,unseen_single,trainMean,0.092011588653092,-0.2179430600995218,0.0027254571688303357,-0.01675668659814722,0.5963378301595429
Norman,1,CKS1B,unseen_single,baseControl,0.09809831583840425,-0.2985121193081417,0.003953439539403057,-0.47486672427681453,
Norman,1,CNN1,unseen_single,WitnessCell_v14,0.09523286889252677,0.30306377472817103,0.0020735423372889115,0.1958771892702721,0.5108211837276057
Norman,1,CNN1,unseen_single,WitnessCell_v13,0.09219206635470563,0.32531707306046953,0.002064615699306587,0.19933895279235103,0.5140379684831085
Norman,1,CNN1,unseen_single,trainMean,0.14451208989892778,-0.0575729956635318,0.0022988891573431413,0.10848735638750817,0.4223739737885157
Norman,1,CNN1,unseen_single,baseControl,0.1541841450729412,-0.1283553390076666,0.0027826190674082687,-0.07910382413508743,
Norman,1,DLX2,unseen_single,WitnessCell_v14,0.08354920778262487,0.24804365193966227,0.0015404766041726028,0.15430698688171063,0.5578809710178446
Norman,1,DLX2,unseen_single,WitnessCell_v13,0.08358850097006969,0.24769000691394838,0.0015407821950683747,0.1541392231618809,0.5582217440725536
Norman,1,DLX2,unseen_single,trainMean,0.10280868411183522,0.07470525807066275,0.0016615010830015205,0.08786679825134192,0.4960895153318843
Norman,1,DLX2,unseen_single,baseControl,0.08467692418402559,0.23789402240575586,0.002177124570161763,-0.19520090904779908,
Norman,1,ETS2,unseen_single,WitnessCell_v14,0.0988625383987961,0.037470361699091126,0.002682281522230963,-0.011012744216714498,0.2572360429149856
Norman,1,ETS2,unseen_single,WitnessCell_v13,0.09888264426086404,0.03727461021973977,0.0026825402205897055,-0.011110253495822286,0.25772857240313674
Norman,1,ETS2,unseen_single,trainMean,0.09495890349691402,0.07547630764204027,0.0024040370669867854,0.09386390199957251,0.30024492919966467
Norman,1,ETS2,unseen_single,baseControl,0.08330546497961233,0.18893465235673412,0.0025592282783626365,0.03536881444406681,
Norman,1,FEV,unseen_single,WitnessCell_v14,0.16366052515237436,0.2590536491600126,0.00476860266123634,0.04528044069457471,0.32162522158718615
Norman,1,FEV,unseen_single,WitnessCell_v13,0.17964192424001102,0.18670046977068167,0.00482104939992015,0.03478010531325948,0.30763039208238846
Norman,1,FEV,unseen_single,trainMean,0.2469546697275113,-0.11804701339637025,0.004894848754326948,0.020004773392856556,0.28578691859280847
Norman,1,FEV,unseen_single,baseControl,0.24595196714884593,-0.11350744091272968,0.005328698856728237,-0.06685613912061794,
Norman,1,HES7,unseen_single,WitnessCell_v14,0.08763127597685605,0.17594459695367515,0.006452129697752811,-0.04589483624384916,0.6791309231429272
Norman,1,HES7,unseen_single,WitnessCell_v13,0.08512320287677351,0.19952968305813867,0.006428678690351405,-0.04209341118037124,0.6815956860887487
Norman,1,HES7,unseen_single,trainMean,0.11694176879811799,-0.09968153887584874,0.00702561456405487,-0.1388571430211325,0.6140325145844728
Norman,1,HES7,unseen_single,baseControl,0.1299474445951309,-0.22198259282407462,0.009307208910729612,-0.5087052175912066,
Norman,1,KLF1,unseen_single,WitnessCell_v14,0.15906230956761014,-0.21029478345769625,0.003649559842298217,0.060819743822864814,0.04252944323938448
Norman,1,KLF1,unseen_single,WitnessCell_v13,0.16175034575951697,-0.2307478762717896,0.0036743082986796793,0.054450958925863824,0.015999382705987896
Norman,1,KLF1,unseen_single,trainMean,0.16478462356471346,-0.25383549903530644,0.0033090182451854574,0.14845495415933307,0.011763349460037402
Norman,1,KLF1,unseen_single,baseControl,0.15687529121131594,-0.19365390281699346,0.0027589478754708723,0.2900104438807102,
Norman,1,NIT1,unseen_single,WitnessCell_v14,0.0597294981573554,-0.08937035613404576,0.004043799467658199,-0.09398335895573595,0.5049120207784289
Norman,1,NIT1,unseen_single,WitnessCell_v13,0.05973773964933011,-0.08952066774429768,0.004045277294372593,-0.09438316063875662,0.5044418266301777
Norman,1,NIT1,unseen_single,trainMean,0.060030007003907385,-0.09485115606186945,0.003953601495203858,-0.06958178274856053,0.5591290421233442
Norman,1,NIT1,unseen_single,baseControl,0.07161552776297907,-0.30615249400478817,0.005345724830180869,-0.44619782769818084,
Norman,1,PTPN12,unseen_single,WitnessCell_v14,0.01972264725372818,0.28433502217579554,0.0012686349351040496,0.26759980894279933,0.583826063206482
Norman,1,PTPN12,unseen_single,WitnessCell_v13,0.019577751860181458,0.2895927625427659,0.0012664407235249639,0.268866557110672,0.5843385039672737
Norman,1,PTPN12,unseen_single,trainMean,0.025789246283826013,0.06419964154008495,0.0014654874426050745,0.1539541807842031,0.48956776149676073
Norman,1,PTPN12,unseen_single,baseControl,0.027113312772657154,0.0161539607459924,0.0019158544759759696,-0.10604882887566824,
Norman,1,PTPN13,unseen_single,WitnessCell_v14,0.057748013951774146,-0.0863185060873406,0.0017495072270943483,0.023710036559454917,0.4141208518811951
Norman,1,PTPN13,unseen_single,WitnessCell_v13,0.05800055622828482,-0.09106916900662454,0.001760742722187431,0.01744021330649237,0.4116970469443937
Norman,1,PTPN13,unseen_single,trainMean,0.060663001717379685,-0.1411533815765642,0.0016157379123292659,0.09835827887530457,0.44087530742760617
Norman,1,PTPN13,unseen_single,baseControl,0.06521327517192826,-0.2267501999461463,0.0019843162155307225,-0.1073220936231638,
Norman,1,RREB1,unseen_single,WitnessCell_v14,0.012275371352517075,-0.02747529234858881,0.0013059111631800139,-0.001259134372147308,0.5105489789498261
Norman,1,RREB1,unseen_single,WitnessCell_v13,0.012274697294946712,-0.027418872263258676,0.0013058747710855288,-0.0012312320782934538,0.5105540017103642
Norman,1,RREB1,unseen_single,trainMean,0.010465458949308885,0.12401831401227703,0.0010807135154603618,0.17140284155380714,0.5470598653796066
Norman,1,RREB1,unseen_single,baseControl,0.010031957498963774,0.16030332866770325,0.001518269364820153,-0.1640769394005297,
Norman,1,RUNX1T1,unseen_single,WitnessCell_v14,0.015678458662631792,0.4025516784099509,0.0007394222399949755,0.36520106188084567,0.36192764388245624
Norman,1,RUNX1T1,unseen_single,WitnessCell_v13,0.016101013454271153,0.3864496714157001,0.0007413510874192786,0.3635451334673997,0.3683387363476908
Norman,1,RUNX1T1,unseen_single,trainMean,0.019215320894342105,0.2677748837326187,0.0006771867066528416,0.4186306834717979,0.3382067802806183
Norman,1,RUNX1T1,unseen_single,baseControl,0.01093100203103604,0.5834597674894368,0.00043486865030086365,0.6266623554166102,
Norman,1,SET,unseen_single,WitnessCell_v14,0.10753884006173914,0.007087382210346105,0.0036552052323644267,0.026455507701260927,0.4999758407129531
Norman,1,SET,unseen_single,WitnessCell_v13,0.10790400599992789,0.003715783005757034,0.0036600328386307995,0.02516970042291722,0.49992421222474737
Norman,1,SET,unseen_single,trainMean,0.1116014033356286,-0.030422510335434083,0.0036834821496138314,0.018924101036706054,0.51659690449288
Norman,1,SET,unseen_single,baseControl,0.12055885778629732,-0.11312722932104857,0.004824405253178605,-0.2849547054874819,
Norman,1,CBL+CNN1,combo_seen0,WitnessCell_v14,0.2843226315404762,0.05018303501786536,0.006583632196071799,0.09394710286144015,0.6118115946612239
Norman,1,CBL+CNN1,combo_seen0,WitnessCell_v13,0.2833564757774508,0.05341060480210935,0.006573903335670208,0.0952860084822581,0.6128333498884112
Norman,1,CBL+CNN1,combo_seen0,trainMean,0.28405016532937355,0.051093244058515674,0.006425329407783131,0.11573305561251268,0.6053898585124319
Norman,1,CBL+CNN1,combo_seen0,baseControl,0.38951691266745603,-0.3012322297190946,0.01004917391519152,-0.38298782017944055,
Norman,1,CBL+PTPN12,combo_seen0,WitnessCell_v14,0.1255824027028689,0.15199321492739337,0.0038605268606066623,0.11678871189558604,0.5921193196288735
Norman,1,CBL+PTPN12,combo_seen0,WitnessCell_v13,0.12550823921504625,0.15249401073576052,0.003855454023134599,0.11794927559059964,0.5927525664308939
Norman,1,CBL+PTPN12,combo_seen0,trainMean,0.12928547318521494,0.12698788912500858,0.004322942994683956,0.01099715437887716,0.5518611143990094
Norman,1,CBL+PTPN12,combo_seen0,baseControl,0.18823069355832817,-0.2710451612719338,0.005929082670111134,-0.3564554609842818,
Norman,1,CDKN1B+CDKN1C,combo_seen0,WitnessCell_v14,0.016367728278859475,0.41140199084143536,0.0028545441402290793,0.11746422954498659,0.7330470821942625
Norman,1,CDKN1B+CDKN1C,combo_seen0,WitnessCell_v13,0.016637701294630762,0.40169352202388076,0.0028638369956506264,0.11459116928867408,0.731368790923175
Norman,1,CDKN1B+CDKN1C,combo_seen0,trainMean,0.021603205596157644,0.22312958837635366,0.002757644692424313,0.14742250821367175,0.7160210661097599
Norman,1,CDKN1B+CDKN1C,combo_seen0,baseControl,0.0433212269115672,-0.5578696982273996,0.005607773310095339,-0.7337481207646992,
Norman,1,CNN1+ETS2,combo_seen0,WitnessCell_v14,0.05258034024809126,0.4773770658935498,0.0017436483989975542,-0.3058282197973563,0.6323525889503923
Norman,1,CNN1+ETS2,combo_seen0,WitnessCell_v13,0.048770584135684636,0.5152441833047615,0.0017363993252552624,-0.3003993471728532,0.6347182984689796
Norman,1,CNN1+ETS2,combo_seen0,trainMean,0.11627845635995872,-0.1557511372022078,0.002075971656546526,-0.5547070006639119,0.6064749583325685
Norman,1,CNN1+ETS2,combo_seen0,baseControl,0.11465699265641394,-0.13963457891644282,0.0019106495235255158,-0.43089631338312673,
Norman,1,KLF1+SET,combo_seen0,WitnessCell_v14,0.12419017204460411,0.11960313958437929,0.005478721471287856,-0.19366205639442913,0.3235742207043818
Norman,1,KLF1+SET,combo_seen0,WitnessCell_v13,0.1329053006048608,0.057820699828899036,0.005544780495982743,-0.20805449296452072,0.3096527863334881
Norman,1,KLF1+SET,combo_seen0,trainMean,0.16405357974905016,-0.16299264404862202,0.005558499516625773,-0.21104348856838517,0.29424821396464185
Norman,1,KLF1+SET,combo_seen0,baseControl,0.1592561545082279,-0.12898320473017422,0.004672936425745553,-0.018103755153061174,
Norman,2,BAK1+BCL2L11,combo_seen1,WitnessCell_v14,0.012572452941611044,0.27265161450736164,0.0017910088159072,0.19403929704826328,-0.0300531041744364
Norman,2,BAK1+BCL2L11,combo_seen1,WitnessCell_v13,0.012590705625889872,0.27159565028918,0.0017947497782019443,0.19235584994626753,-0.02917344910392234
Norman,2,BAK1+BCL2L11,combo_seen1,trainMean,0.013793909174485815,0.2019872641966146,0.0018574501505776511,0.1641404465677736,-0.07612170831267018
Norman,2,BAK1+BCL2L11,combo_seen1,baseControl,0.003617863255297932,0.7906974072684899,0.0007852096042630987,0.6466527249918727,
Norman,2,BAK1+KLF1,combo_seen1,WitnessCell_v14,0.00711235755792467,0.9183977494129678,0.0008191378637963624,0.7534040922848869,0.8464162330214484
Norman,2,BAK1+KLF1,combo_seen1,WitnessCell_v13,0.00691559696480382,0.9206552437943647,0.0008170461141123164,0.754033799364547,0.8469737583293497
Norman,2,BAK1+KLF1,combo_seen1,trainMean,0.013125556448769693,0.8494064819290001,0.001100480091647988,0.6687079194891057,0.8270069886627229
Norman,2,BAK1+KLF1,combo_seen1,baseControl,0.10149748709966076,-0.16451166983755106,0.002612952763767367,0.21338826212761774,
Norman,2,BAK1+TMSB4X,combo_seen1,WitnessCell_v14,0.006326935825171985,0.9846318229316315,0.0012883136052939202,0.36350951646072105,0.69168957124156
Norman,2,BAK1+TMSB4X,combo_seen1,WitnessCell_v13,0.006241619938573034,0.9848390558937206,0.0012874794527098566,0.36392162899247915,0.6925295026471672
Norman,2,BAK1+TMSB4X,combo_seen1,trainMean,0.013226052571959844,0.9678738138874826,0.0013171411886889611,0.349267267974808,0.6986845484882604
Norman,2,BAK1+TMSB4X,combo_seen1,baseControl,0.5175643991747205,-0.2571680115918715,0.0014941352245065641,0.2618234817893682,
Norman,2,BPGM+SAMD1,combo_seen1,WitnessCell_v14,0.030522021956887593,0.7169431924711354,0.0017213034070050063,0.4168692530602812,0.8339999378333354
Norman,2,BPGM+SAMD1,combo_seen1,WitnessCell_v13,0.030581010250943327,0.7163961435822848,0.0017219606168751341,0.4166466082430432,0.8338944636508339
Norman,2,BPGM+SAMD1,combo_seen1,trainMean,0.03328156767759629,0.6913515654473077,0.002126864590851419,0.2794761618111291,0.8054274902764669
Norman,2,BPGM+SAMD1,combo_seen1,baseControl,0.17307877023870386,-0.6051074278103012,0.005325340916445819,-0.8040805668995372,
Norman,2,BPGM+ZBTB1,combo_seen1,WitnessCell_v14,0.020442931685678744,0.7869910741145159,0.0011492176995209799,0.5825161404629529,0.8791823442468926
Norman,2,BPGM+ZBTB1,combo_seen1,WitnessCell_v13,0.02052219637365985,0.7861651609672675,0.0011499664084669908,0.5822441520480679,0.879064030752365
Norman,2,BPGM+ZBTB1,combo_seen1,trainMean,0.023043480491180813,0.7598941725404215,0.0013350890024615746,0.5149934518016452,0.8694026496469301
Norman,2,BPGM+ZBTB1,combo_seen1,baseControl,0.17212860134840127,-0.7935259507362726,0.0047734603998576255,-0.7340863022823962,
Norman,2,CBFA2T3+POU3F2,combo_seen1,WitnessCell_v14,0.024376362103331134,0.40340968012621503,0.003282244017537943,0.08858704526073446,0.7218173514151117
Norman,2,CBFA2T3+POU3F2,combo_seen1,WitnessCell_v13,0.023674489688295303,0.4205873987218701,0.0032761510658713537,0.09027893503244466,0.7224274450724372
Norman,2,CBFA2T3+POU3F2,combo_seen1,trainMean,0.03384374164344704,0.17170377732325193,0.0032988546129929723,0.08397461796929773,0.7212475917835609
Norman,2,CBFA2T3+POU3F2,combo_seen1,baseControl,0.06084528380922938,-0.48913554765413014,0.0068000131486888145,-0.8882264825517912,
Norman,2,CBL+CNN1,combo_seen1,WitnessCell_v14,0.2584511167952268,0.044057712392775894,0.005986988015462004,0.11491508693288355,0.6739694966570198
Norman,2,CBL+CNN1,combo_seen1,WitnessCell_v13,0.25768697786016825,0.04688406010095125,0.005980273727344682,0.11590769207912388,0.6745295726299747
Norman,2,CBL+CNN1,combo_seen1,trainMean,0.2764597575503929,-0.022551484168870317,0.006274159292451068,0.07246119123895256,0.6266557064517857
Norman,2,CBL+CNN1,combo_seen1,baseControl,0.38951691266745603,-0.4407199828509629,0.01004917391519152,-0.4856171748052611,
Norman,2,CBL+UBASH3A,combo_seen1,WitnessCell_v14,0.019894239857636928,0.09728371328152396,0.003601019154138719,0.05552103663534569,0.6166157033643506
Norman,2,CBL+UBASH3A,combo_seen1,WitnessCell_v13,0.019947871386406087,0.09485014181320062,0.003606633747816133,0.054048435299675845,0.6159531610380959
Norman,2,CBL+UBASH3A,combo_seen1,trainMean,0.021930713632454905,0.004877164594139227,0.003925010719823718,-0.029455800476271277,0.5792643443405521
Norman,2,CBL+UBASH3A,combo_seen1,baseControl,0.03215387331371082,-0.4590064927877602,0.005754676929461144,-0.5093425133796383,
Norman,2,CEBPA+CEBPE,combo_seen1,WitnessCell_v14,0.010742036673953497,0.9599623651140484,0.002078185008734991,0.8856324355591091,0.9552337247765018
Norman,2,CEBPA+CEBPE,combo_seen1,WitnessCell_v13,0.012069329718288321,0.955015288883654,0.0021005920429296053,0.8843993220892252,0.9546907385101016
Norman,2,CEBPA+CEBPE,combo_seen1,trainMean,0.02398811901539134,0.9105916708450861,0.003064782895867923,0.8313375595208079,0.945977550534726
Norman,2,CEBPA+CEBPE,combo_seen1,baseControl,0.3288938895318296,-0.22585072691336228,0.022884371881675327,-0.25938252122218164,
Norman,2,CEBPA+JUN,combo_seen1,WitnessCell_v14,0.024250275209306338,0.9203190207310082,0.00565805757618511,0.7936027929382893,0.9117995372391472
Norman,2,CEBPA+JUN,combo_seen1,WitnessCell_v13,0.024234438916921563,0.9203710552450217,0.005652318261879921,0.7938121542654037,0.9119076655468998
Norman,2,CEBPA+JUN,combo_seen1,trainMean,0.02019307217262204,0.9336500822660159,0.005736814373526029,0.7907298665338799,0.9099641118137348
Norman,2,CEBPA+JUN,combo_seen1,baseControl,0.38566317618921553,-0.26720291961690346,0.03365259920681352,-0.2275948756492845,
Norman,2,CEBPB+CEBPE,combo_seen1,WitnessCell_v14,0.039447842795744315,0.6972550974266983,0.004159217206683928,0.6276369977914127,0.8636884613699114
Norman,2,CEBPB+CEBPE,combo_seen1,WitnessCell_v13,0.04019466830048156,0.6915235390283941,0.004179109516728855,0.6258560952991625,0.8629767061840219
Norman,2,CEBPB+CEBPE,combo_seen1,trainMean,0.0332339742801412,0.7449438146044731,0.004061191122956583,0.6364129969801076,0.8522164873274772
Norman,2,CEBPB+CEBPE,combo_seen1,baseControl,0.17070371449849253,-0.3100761854669043,0.014900149323350473,-0.33396840311270237,
Norman,2,CEBPB+JUN,combo_seen1,WitnessCell_v14,0.038591698779257354,0.6572057456363802,0.005751733921679782,0.5157504721560087,0.8130363210031839
Norman,2,CEBPB+JUN,combo_seen1,WitnessCell_v13,0.038918778602653095,0.6543004295263106,0.005759693225167857,0.5150803631056682,0.8127709690688109
Norman,2,CEBPB+JUN,combo_seen1,trainMean,0.038858020216746586,0.6548401213836785,0.005918318547185367,0.5017253925286137,0.800204140541666
Norman,2,CEBPB+JUN,combo_seen1,baseControl,0.14927207180028224,-0.3259226768631809,0.01657870774171014,-0.3957932521749947,
Norman,2,CEBPE+ETS2,combo_seen1,WitnessCell_v14,0.07727110952898412,0.6348878901285304,0.002770130365642025,0.5649613556401061,0.8068182120597036
Norman,2,CEBPE+ETS2,combo_seen1,WitnessCell_v13,0.07914990134100526,0.626010450077809,0.0027936296885587132,0.561270874602878,0.8048312641772711
Norman,2,CEBPE+ETS2,combo_seen1,trainMean,0.07990358676441486,0.62244922678494,0.0029246827940378325,0.5406894730724932,0.7818487628936901
Norman,2,CEBPE+ETS2,combo_seen1,baseControl,0.22201819345556859,-0.049053540663976714,0.007453079729012303,-0.1704783795849414,
Norman,2,CEBPE+FOSB,combo_seen1,WitnessCell_v14,0.09207802724495638,0.5132231621008028,0.006845824024163287,0.4487758817159776,0.8530553027985359
Norman,2,CEBPE+FOSB,combo_seen1,WitnessCell_v13,0.0941465061969713,0.5022880055422871,0.006880020313565924,0.44602240464615805,0.851930728630861
Norman,2,CEBPE+FOSB,combo_seen1,trainMean,0.11405531004709554,0.39703874168982267,0.00746774881382289,0.39869864592828286,0.8131459680171137
Norman,2,CEBPE+FOSB,combo_seen1,baseControl,0.23097234998487629,-0.22105124894433792,0.016052542782446118,-0.29254691768853935,
Norman,2,CEBPE+KLF1,combo_seen1,WitnessCell_v14,0.010624735246750977,0.895047177888064,0.001143649812430079,0.5764535125128518,0.7628815090085049
Norman,2,CEBPE+KLF1,combo_seen1,WitnessCell_v13,0.012631900332946268,0.8752200824030106,0.001158397837254109,0.5709916359456546,0.7588793135073618
Norman,2,CEBPE+KLF1,combo_seen1,trainMean,0.030112413162085246,0.7025448005466403,0.001918001778206444,0.28967511967033155,0.6820003520572149
Norman,2,CEBPE+KLF1,combo_seen1,baseControl,0.12131839229409797,-0.19840234600124895,0.0023803400402095955,0.11844985055910184,
Norman,2,CEBPE+PTPN12,combo_seen1,WitnessCell_v14,0.02857691615226294,0.5752154651402402,0.0019003891770465362,-0.199327973729845,0.6438288021460656
Norman,2,CEBPE+PTPN12,combo_seen1,WitnessCell_v13,0.033968085362014754,0.49507787111460444,0.001920753990493715,-0.21218012566903344,0.6386094385625007
Norman,2,CEBPE+PTPN12,combo_seen1,trainMean,0.0697758651870194,-0.03719058697515387,0.0024593943183675694,-0.5521138722935595,0.5936817360651964
Norman,2,CEBPE+PTPN12,combo_seen1,baseControl,0.07780637828336553,-0.15656098202201263,0.0024541906686963355,-0.5488298698946932,
Norman,2,CEBPE+RUNX1T1,combo_seen1,WitnessCell_v14,0.04470612581346421,0.6766052310763286,0.001485439885954532,0.4607829240647484,0.7221814128766255
Norman,2,CEBPE+RUNX1T1,combo_seen1,WitnessCell_v13,0.048898548418676996,0.6462781223194604,0.0015060607721619438,0.453297509091655,0.7175736705657113
Norman,2,CEBPE+RUNX1T1,combo_seen1,trainMean,0.08858908202344921,0.3591650989917542,0.0019880722044672105,0.2783265812523281,0.6015384355065317
Norman,2,CEBPE+RUNX1T1,combo_seen1,baseControl,0.1115150017867616,0.19332378777739423,0.0031176363573799225,-0.1317070292451319,
Norman,2,CEBPE+SET,combo_seen1,WitnessCell_v14,0.03737365160024254,0.7049885914364415,0.0021538984758130157,0.33327169408138735,0.8208541664372505
Norman,2,CEBPE+SET,combo_seen1,WitnessCell_v13,0.04198718782100776,0.668571335945728,0.0021766153548778825,0.3262397998371799,0.818048041765309
Norman,2,CEBPE+SET,combo_seen1,trainMean,0.07952805478427052,0.3722400017750678,0.0029450807895737316,0.0883652374168793,0.7769600142441684
Norman,2,CEBPE+SET,combo_seen1,baseControl,0.12576782278374982,0.007243312795122803,0.004113342641447456,-0.2732642702483319,
Norman,2,CEBPE+ZC3HAV1,combo_seen1,WitnessCell_v14,0.01475136511103,0.7548491427285806,0.0012468049647438692,0.5254267738110416,0.6001980316586141
Norman,2,CEBPE+ZC3HAV1,combo_seen1,WitnessCell_v13,0.016443920397677718,0.7267208050203162,0.0012605975175102877,0.5201768939590752,0.5937449847335092
Norman,2,CEBPE+ZC3HAV1,combo_seen1,trainMean,0.03296003094157726,0.4522418921772602,0.0015204929565173695,0.42125250686640425,0.4758520235048945
Norman,2,CEBPE+ZC3HAV1,combo_seen1,baseControl,0.04206667230065738,0.30089990319940263,0.0017163790996452511,0.3466920731669699,
Norman,2,CNN1+ETS2,combo_seen1,WitnessCell_v14,0.05076850159931491,0.48228052177431446,0.0015097557572615182,-0.29715209684976096,0.6213521624081458
Norman,2,CNN1+ETS2,combo_seen1,WitnessCell_v13,0.04763049264962478,0.514280842936502,0.0015036807835311133,-0.29193260033530777,0.6233046074354105
Norman,2,CNN1+ETS2,combo_seen1,trainMean,0.12160883425872217,-0.24012449130287328,0.002890152197704927,-1.4831612434238917,0.512094752509917
Norman,2,CNN1+ETS2,combo_seen1,baseControl,0.11465699265641394,-0.1692320344905729,0.0019106495235255158,-0.6415920415376253,
Norman,2,CNN1+MAPK1,combo_seen1,WitnessCell_v14,0.013454788914874137,0.7709814572757663,0.0011093714219814954,0.45643793325045445,0.8299416381021258
Norman,2,CNN1+MAPK1,combo_seen1,WitnessCell_v13,0.01259503762237199,0.7856155767227424,0.001105039470523283,0.4585604725921286,0.8307385591418118
Norman,2,CNN1+MAPK1,combo_seen1,trainMean,0.04293212433701313,0.2692376956691681,0.002312471218881086,-0.13304850848664662,0.8127481092444412
Norman,2,CNN1+MAPK1,combo_seen1,baseControl,0.06130084069377834,-0.04342247896133955,0.003165204024973746,-0.5508645773709209,
Norman,2,CNN1+UBASH3B,combo_seen1,WitnessCell_v14,0.1965738090445571,0.43563726778140566,0.00396024164869722,0.4781031297289161,0.8954346163057737
Norman,2,CNN1+UBASH3B,combo_seen1,WitnessCell_v13,0.1956924995152608,0.4381675044202613,0.003952993158696038,0.4790583654396088,0.8958010944672716
Norman,2,CNN1+UBASH3B,combo_seen1,trainMean,0.26528974418370965,0.23835405344791605,0.004988530583657662,0.3425910007994142,0.8057249080269648
Norman,2,CNN1+UBASH3B,combo_seen1,baseControl,0.492716299779486,-0.4145868084041491,0.011024902267716376,-0.4529067918010936,
Norman,2,DUSP9+IGDCC3,combo_seen1,WitnessCell_v14,0.03669538693090166,0.7841374801392427,0.0016407807711135147,0.6985098109002639,0.9200588375434963
Norman,2,DUSP9+IGDCC3,combo_seen1,WitnessCell_v13,0.03499580896258768,0.7941353358269594,0.0016283326349277618,0.7007971310582366,0.9208436349772784
Norman,2,DUSP9+IGDCC3,combo_seen1,trainMean,0.03746283460138228,0.7796229293505246,0.001471591279756513,0.7295980419674122,0.9164311794137047
Norman,2,DUSP9+IGDCC3,combo_seen1,baseControl,0.27211076947913276,-0.6007057369805471,0.009133698639980375,-0.6782988797942064,
Norman,2,ETS2+IGDCC3,combo_seen1,WitnessCell_v14,0.034501573317636036,0.41919752645756525,0.002056836147989864,-0.4494782065688354,0.4967060348376495
Norman,2,ETS2+IGDCC3,combo_seen1,WitnessCell_v13,0.031115631906802874,0.47619675743687884,0.0020469139168639923,-0.44248588596442273,0.5000279960719225
Norman,2,ETS2+IGDCC3,combo_seen1,trainMean,0.07206440445115417,-0.21313842630468738,0.0031383135807606702,-1.2116089048401988,0.48468143842129763
Norman,2,ETS2+IGDCC3,combo_seen1,baseControl,0.07108053223521055,-0.19657583620455377,0.002256391310248634,-0.5901072299283665,
Norman,2,FOXA1+FOXA3,combo_seen1,WitnessCell_v14,0.015130544969184525,0.7086401511121623,0.0014788114300259563,0.5988094805361444,0.8824479532663189
Norman,2,FOXA1+FOXA3,combo_seen1,WitnessCell_v13,0.015221408306160509,0.7068904502134381,0.0014870419260943296,0.5965766082942401,0.8816668501129262
Norman,2,FOXA1+FOXA3,combo_seen1,trainMean,0.020271287148353797,0.609647955685984,0.001734088603059954,0.529554686059085,0.8615586212856259
Norman,2,FOXA1+FOXA3,combo_seen1,baseControl,0.08435025229047526,-0.6242823249960192,0.006685058659695659,-0.8136065909921815,
Norman,2,FOXA1+FOXF1,combo_seen1,WitnessCell_v14,0.01796683244026903,0.3802698474910088,0.002039471790067333,0.30920166801195714,0.8483915713442487
Norman,2,FOXA1+FOXF1,combo_seen1,WitnessCell_v13,0.018098569338884922,0.375725845172197,0.002046504084305757,0.30681972914248523,0.8466179246075112
Norman,2,FOXA1+FOXF1,combo_seen1,trainMean,0.019169545123703287,0.3387846654364002,0.002121468847782261,0.2814280891013463,0.8397040973119052
Norman,2,FOXA1+FOXF1,combo_seen1,baseControl,0.05029935634264711,-0.7349762614509041,0.005829620657401578,-0.9745760867440558,
Norman,2,FOXA1+HOXB9,combo_seen1,WitnessCell_v14,0.013597128493197868,0.7492401943427447,0.0016786038200949456,0.6295548099812758,0.9062077270910561
Norman,2,FOXA1+HOXB9,combo_seen1,WitnessCell_v13,0.01368103648883124,0.7476927534482469,0.0016864554640928359,0.6278220582039128,0.9054212686700256
Norman,2,FOXA1+HOXB9,combo_seen1,trainMean,0.01852132395010464,0.65842761605388,0.0021506620693611178,0.5253779305080585,0.8752304269221587
Norman,2,FOXA1+HOXB9,combo_seen1,baseControl,0.09039058830020992,-0.6669936131547725,0.008516331408716894,-0.8794393109305054,
Norman,2,FOXA1+KLF1,combo_seen1,WitnessCell_v14,0.016239590473098708,0.8294620816862824,0.001610845989842206,0.48325423968489656,0.7974501922367065
Norman,2,FOXA1+KLF1,combo_seen1,WitnessCell_v13,0.016363129153686904,0.8281647565195158,0.001618916055981938,0.48066543076742985,0.7960218505146239
Norman,2,FOXA1+KLF1,combo_seen1,trainMean,0.01587162903720586,0.8333261801930054,0.0017470993991723805,0.43954529913823204,0.7818879742437045
Norman,2,FOXA1+KLF1,combo_seen1,baseControl,0.1267228669238198,-0.3307634797646981,0.004346886590703156,-0.39444442887830955,
Norman,2,FOXA3+FOXL2,combo_seen1,WitnessCell_v14,0.026330231171620127,0.493539524467977,0.00343156456481754,0.4511934995670501,0.8302350616762131
Norman,2,FOXA3+FOXL2,combo_seen1,WitnessCell_v13,0.026330237601381118,0.49353940079189573,0.0034315648940741075,0.45119344690939467,0.8302342954864358
Norman,2,FOXA3+FOXL2,combo_seen1,trainMean,0.03228358122113074,0.3790271801808679,0.004118715673650118,0.3412981476994452,0.7832516402433939
Norman,2,FOXA3+FOXL2,combo_seen1,baseControl,0.08056123304453408,-0.5495906637218606,0.010224753897423432,-0.6352341033488564,
Norman,2,FOXF1+FOXL2,combo_seen1,WitnessCell_v14,0.03610014324039599,0.4119696377845339,0.004175101197716633,0.25757142994787785,0.8339213850779026
Norman,2,FOXF1+FOXL2,combo_seen1,WitnessCell_v13,0.03609970806124468,0.4119767263590105,0.00417508790497594,0.2575737937014726,0.8339190921798668
Norman,2,FOXF1+FOXL2,combo_seen1,trainMean,0.04107813141286189,0.33088386012800963,0.004346309564100667,0.22712666307492746,0.8079590907228811
Norman,2,FOXF1+FOXL2,combo_seen1,baseControl,0.08051398868107691,-0.31148149779547096,0.009265469640803686,-0.6476126087782821,
Norman,2,FOXL2+HOXB9,combo_seen1,WitnessCell_v14,0.03362670694851154,0.5931582635340447,0.004419925735711557,0.4702334265566548,0.842474758195098
Norman,2,FOXL2+HOXB9,combo_seen1,WitnessCell_v13,0.033625303520398934,0.5931752432856217,0.004419889789053714,0.47023773507650135,0.8424761805259621
Norman,2,FOXL2+HOXB9,combo_seen1,trainMean,0.04169075673555108,0.4955931935041257,0.004967037769439949,0.40465728688170877,0.8122290285821944
Norman,2,FOXL2+HOXB9,combo_seen1,baseControl,0.11444098217506254,-0.38459492873514356,0.012885977091111164,-0.5444965226159866,
Norman,2,FOXL2+MEIS1,combo_seen1,WitnessCell_v14,0.021120080843796622,0.46637480799628284,0.002656558483197794,0.2628354037455286,0.8019240042557007
Norman,2,FOXL2+MEIS1,combo_seen1,WitnessCell_v13,0.021118018264128884,0.46642692164486965,0.0026565324259136356,0.2628426343438677,0.8019251747189314
Norman,2,FOXL2+MEIS1,combo_seen1,trainMean,0.028489330983559227,0.28018150931346697,0.002800783064640555,0.22281473187940615,0.7754339142764907
Norman,2,FOXL2+MEIS1,combo_seen1,baseControl,0.05440449267285999,-0.3745973826111981,0.006390193641797205,-0.7732056514987693,
Norman,2,FOXL2+ZNF318,combo_seen1,WitnessCell_v14,0.006974196739212676,0.8127106798170924,0.0012765118181173008,0.17743079270975903,0.7917799901849516
Norman,2,FOXL2+ZNF318,combo_seen1,WitnessCell_v13,0.006973336373485963,0.8127337846014985,0.001276503525982501,0.17743613606393105,0.7917805507807649
Norman,2,FOXL2+ZNF318,combo_seen1,trainMean,0.011739989791247105,0.6847271751606527,0.0013230594494132413,0.14743604637610463,0.7788125002683393
Norman,2,FOXL2+ZNF318,combo_seen1,baseControl,0.04593995711314394,-0.2336995440028229,0.003352344815200111,-1.160211584464399,
Norman,2,IGDCC3+MAPK1,combo_seen1,WitnessCell_v14,0.020894429137930444,0.6313790035231104,0.0022057614121597123,-0.09504894750117954,0.6244370726980715
Norman,2,IGDCC3+MAPK1,combo_seen1,WitnessCell_v13,0.018721694510855362,0.6697105414667972,0.0021963856370250784,-0.09039434948500724,0.6266896274470212
Norman,2,IGDCC3+MAPK1,combo_seen1,trainMean,0.050304555662122406,0.1125234715392941,0.0039640134975390375,-0.9679321545980013,0.6252736563198686
Norman,2,IGDCC3+MAPK1,combo_seen1,baseControl,0.059354089243346814,-0.04712903987133488,0.002545725547058368,-0.2638239410506482,
Norman,2,IGDCC3+PRTG,combo_seen1,WitnessCell_v14,0.015784796559103684,0.7436035974805779,0.001140203049569402,0.5779896402056265,0.8608499962947247
Norman,2,IGDCC3+PRTG,combo_seen1,WitnessCell_v13,0.013724416517078529,0.7770708663566781,0.0011284984630973937,0.5823217253988401,0.8623761528485375
Norman,2,IGDCC3+PRTG,combo_seen1,trainMean,0.03744474862065713,0.39177557318320355,0.0017877635005708785,0.33831547075050783,0.8303753211175029
Norman,2,IGDCC3+PRTG,combo_seen1,baseControl,0.08931489693168167,-0.4507642324644876,0.004359580541140057,-0.613561859366945,
Norman,2,IGDCC3+TGFBR2,combo_seen1,WitnessCell_v14,0.037103702686155995,0.459138998611867,0.0015430103688678395,0.14943185033934103,0.781218940413401
Norman,2,IGDCC3+TGFBR2,combo_seen1,WitnessCell_v13,0.03390692974648361,0.5057383859556754,0.0015316807555607191,0.1556771798727251,0.7832870215419305
Norman,2,IGDCC3+TGFBR2,combo_seen1,trainMean,0.06365825048407327,0.07205312109513606,0.0014759520642283815,0.18639703168054944,0.7540954543034173
Norman,2,IGDCC3+TGFBR2,combo_seen1,baseControl,0.0904122862580251,-0.31794069440815065,0.0031821670936120947,-0.7541359613225669,
Norman,2,IGDCC3+ZBTB25,combo_seen1,WitnessCell_v14,0.03877635487873693,0.5748799240082895,0.0026363127323775176,0.3350081837170019,0.8255239422385668
Norman,2,IGDCC3+ZBTB25,combo_seen1,WitnessCell_v13,0.037847754748569884,0.5850605239934363,0.0026277660221999456,0.3371640327763441,0.826144145767053
Norman,2,IGDCC3+ZBTB25,combo_seen1,trainMean,0.046661320598802174,0.48843401550067256,0.002466382471727738,0.37787192718837337,0.8178263729729617
Norman,2,IGDCC3+ZBTB25,combo_seen1,baseControl,0.1402403754632613,-0.5375091150390683,0.006890062154480543,-0.7379709509192813,
Norman,2,KIF18B+KIF2C,combo_seen1,WitnessCell_v14,0.007904588505822891,0.1192174326086255,0.0021265929607469933,-0.11636356247826818,0.41087530892680274
Norman,2,KIF18B+KIF2C,combo_seen1,WitnessCell_v13,0.007895042676267025,0.12028109332390535,0.0021259883672610754,-0.11604617868633005,0.41073011474138066
Norman,2,KIF18B+KIF2C,combo_seen1,trainMean,0.009596449592222476,-0.06930114116037789,0.002448083093076079,-0.2851311057049888,0.3989270754980757
Norman,2,KIF18B+KIF2C,combo_seen1,baseControl,0.00623920970479896,0.30478517151932083,0.0017484288232345604,0.08215522863378799,
Norman,2,MAP2K6+SPI1,combo_seen1,WitnessCell_v14,0.02249795759702484,0.27109708566150437,0.0020344400245405625,-0.08849609598955666,0.5881580640844607
Norman,2,MAP2K6+SPI1,combo_seen1,WitnessCell_v13,0.021951570576693842,0.28879927439390085,0.0020313783774196497,-0.08685800840859526,0.586066829287514
Norman,2,MAP2K6+SPI1,combo_seen1,trainMean,0.030640937845952995,0.007275713910432358,0.0024580844171894867,-0.3151605647985398,0.5214540379149557
Norman,2,MAP2K6+SPI1,combo_seen1,baseControl,0.036555790526926105,-0.1843573860476857,0.002439380575743115,-0.30515335979431235,
Norman,2,PTPN12+UBASH3A,combo_seen1,WitnessCell_v14,0.024795380049477476,0.8050827548344783,0.001385081737599566,0.6927925216852928,0.9314812609895481
Norman,2,PTPN12+UBASH3A,combo_seen1,WitnessCell_v13,0.024875799999420502,0.804450571134613,0.0013913609920373467,0.6913997996031506,0.9305430121510746
Norman,2,PTPN12+UBASH3A,combo_seen1,trainMean,0.0371919449519457,0.7076329768724897,0.001927064099840538,0.5725822624094368,0.8783352258660674
Norman,2,PTPN12+UBASH3A,combo_seen1,baseControl,0.18892715925782844,-0.48516220949231736,0.007236145167611575,-0.6049579236483913,
Norman,2,UBASH3A+UBASH3B,combo_seen1,WitnessCell_v14,0.0024857147898462374,0.8237327556651401,0.000597209949240313,0.35542036408877087,0.9121129188225846
Norman,2,UBASH3A+UBASH3B,combo_seen1,WitnessCell_v13,0.0027146213754322903,0.8075005100285233,0.0006035991331667184,0.3485244008612809,0.9113685568485527
Norman,2,UBASH3A+UBASH3B,combo_seen1,trainMean,0.001986486959401181,0.8591340472080303,0.0005466457833882521,0.40999519435832044,0.8895479428790632
Norman,2,UBASH3A+UBASH3B,combo_seen1,baseControl,0.022405003876746474,-0.5887857725263201,0.001983422735935452,-1.1407444846048254,
Norman,2,CBFA2T3+FEV,combo_seen2,WitnessCell_v14,0.0877607292945011,0.6848318942061844,0.008151035118471237,0.505935277469366,0.856612030855464
Norman,2,CBFA2T3+FEV,combo_seen2,WitnessCell_v13,0.0877607292945011,0.6848318942061844,0.008151035118471237,0.505935277469366,0.856612030855464
Norman,2,CBFA2T3+FEV,combo_seen2,trainMean,0.0929918062531801,0.6660459448461232,0.009058483349627052,0.4509314464196231,0.8265390971968579
Norman,2,CBFA2T3+FEV,combo_seen2,baseControl,0.35228400593519826,-0.2651294462181566,0.022213649483329902,-0.34645237185931244,
Norman,2,CBFA2T3+PRDM1,combo_seen2,WitnessCell_v14,0.02211030918493557,0.7019939209762509,0.004267705250678137,0.4841819198274915,0.8233954107057813
Norman,2,CBFA2T3+PRDM1,combo_seen2,WitnessCell_v13,0.02211030918493557,0.7019939209762509,0.004267705250678137,0.4841819198274915,0.8233954107057813
Norman,2,CBFA2T3+PRDM1,combo_seen2,trainMean,0.02198398987712582,0.7036964716421197,0.0042826091834285,0.48238054941253805,0.8228166672993862
Norman,2,CBFA2T3+PRDM1,combo_seen2,baseControl,0.11460613772216308,-0.5446787943565852,0.013266506025621327,-0.6034621106145139,
Norman,2,CBL+TGFBR2,combo_seen2,WitnessCell_v14,0.04019980859010659,0.13296530053983746,0.002045056197080276,0.1512818117624618,0.6449124114286489
Norman,2,CBL+TGFBR2,combo_seen2,WitnessCell_v13,0.040195689232500706,0.13305414738038357,0.002044654620574292,0.15144846991351124,0.6450351685357214
Norman,2,CBL+TGFBR2,combo_seen2,trainMean,0.03663166079669529,0.20992357616832358,0.001997513763609001,0.17101238349821746,0.6605378797798165
Norman,2,CBL+TGFBR2,combo_seen2,baseControl,0.06774494957576435,-0.4611318823498647,0.0034578475541003407,-0.43504032579034546,
Norman,2,CEBPB+FOSB,combo_seen2,WitnessCell_v14,0.02937238614763829,0.7978229531948297,0.004671834697981711,0.625275924680494,0.8542777645789883
Norman,2,CEBPB+FOSB,combo_seen2,WitnessCell_v13,0.02937238614763829,0.7978229531948297,0.004671834697981711,0.625275924680494,0.8542777645789883
Norman,2,CEBPB+FOSB,combo_seen2,trainMean,0.017677513991057076,0.8783215107004043,0.004149114906442825,0.667202855575595,0.8642911321749727
Norman,2,CEBPB+FOSB,combo_seen2,baseControl,0.17727356868161204,-0.22021569553495945,0.016148369533411984,-0.2952476344977857,
Norman,2,CLDN6+KLF1,combo_seen2,WitnessCell_v14,0.020549552586856097,0.9026922147501617,0.002114502759588849,0.5888583322901292,0.8651970194878005
Norman,2,CLDN6+KLF1,combo_seen2,WitnessCell_v13,0.020549552586856097,0.9026922147501617,0.002114502759588849,0.5888583322901292,0.8651970194878005
Norman,2,CLDN6+KLF1,combo_seen2,trainMean,0.028844075070069905,0.863415368739277,0.0020672497735879725,0.5980461526325577,0.8779168192431253
Norman,2,CLDN6+KLF1,combo_seen2,baseControl,0.31422102531069296,-0.4879230057531285,0.008104714617514318,-0.5758720905170753,
Norman,2,DLX2+SNAI1,combo_seen2,WitnessCell_v14,0.018550671346788943,0.8695965762322524,0.002701022999540169,0.6941249350150633,0.889509871679057
Norman,2,DLX2+SNAI1,combo_seen2,WitnessCell_v13,0.018550671346788943,0.8695965762322524,0.002701022999540169,0.6941249350150633,0.889509871679057
Norman,2,DLX2+SNAI1,combo_seen2,trainMean,0.025231290016852134,0.8226346344686852,0.003727162293725377,0.5779206585813077,0.8462693152797934
Norman,2,DLX2+SNAI1,combo_seen2,baseControl,0.16002221517664178,-0.12488892438630739,0.012571639608399365,-0.42366469402185913,
Norman,2,ETS2+MAPK1,combo_seen2,WitnessCell_v14,0.020334079000341954,0.9234820309302828,0.001834669324350661,0.8003069480732897,0.9167809914661874
Norman,2,ETS2+MAPK1,combo_seen2,WitnessCell_v13,0.020334079000341954,0.9234820309302828,0.001834669324350661,0.8003069480732897,0.9167809914661874
Norman,2,ETS2+MAPK1,combo_seen2,trainMean,0.024608438764211253,0.9073974407111194,0.0013961559371392716,0.848036571848383,0.9475796206725249
Norman,2,ETS2+MAPK1,combo_seen2,baseControl,0.3136926178870418,-0.18043812225159694,0.010893370295612922,-0.18567980138253137,
Norman,2,FEV+ISL2,combo_seen2,WitnessCell_v14,0.01611116177490835,0.9204213856944553,0.0018827001499951055,0.7792987066022579,0.9294370437507218
Norman,2,FEV+ISL2,combo_seen2,WitnessCell_v13,0.01611116177490835,0.9204213856944553,0.0018827001499951055,0.7792987066022579,0.9294370437507218
Norman,2,FEV+ISL2,combo_seen2,trainMean,0.01782549636413111,0.9119536927389491,0.0022276017942952906,0.7388672874024151,0.9117034418686126
Norman,2,FEV+ISL2,combo_seen2,baseControl,0.2553015053196069,-0.2610226566711722,0.011426740241899,-0.33951035735228197,
Norman,2,FOSB+OSR2,combo_seen2,WitnessCell_v14,0.0173003538110493,0.9018847706549724,0.0014743260928361571,0.809420913011547,0.9135098821192055
Norman,2,FOSB+OSR2,combo_seen2,WitnessCell_v13,0.0173003538110493,0.9018847706549724,0.0014743260928361571,0.809420913011547,0.9135098821192055
Norman,2,FOSB+OSR2,combo_seen2,trainMean,0.01056775982425262,0.9400672269397462,0.0012093940811792002,0.8436674078276759,0.9272351425886796
Norman,2,FOSB+OSR2,combo_seen2,baseControl,0.20524551336054603,-0.16400570967204398,0.008834176427053832,-0.14195176083744032,
Norman,2,FOSB+PTPN12,combo_seen2,WitnessCell_v14,0.0034790741223725205,0.8040035077767115,0.0008987392664286367,0.32187853176530845,0.760848934249356
Norman,2,FOSB+PTPN12,combo_seen2,WitnessCell_v13,0.0034790741223725205,0.8040035077767115,0.0008987392664286367,0.32187853176530845,0.760848934249356
Norman,2,FOSB+PTPN12,combo_seen2,trainMean,0.004505735364239573,0.7461657052379355,0.0015301389599740956,-0.15452847883678023,0.7189200696844019
Norman,2,FOSB+PTPN12,combo_seen2,baseControl,0.02228227690726271,-0.25529033270302226,0.001976752964806877,-0.4915100217650925,
Norman,2,FOSB+UBASH3B,combo_seen2,WitnessCell_v14,0.002241041707119423,0.8624608908041185,0.0005735351276995906,0.5124749093380951,0.8261168202882665
Norman,2,FOSB+UBASH3B,combo_seen2,WitnessCell_v13,0.002241041707119423,0.8624608908041185,0.0005735351276995906,0.5124749093380951,0.8261168202882665
Norman,2,FOSB+UBASH3B,combo_seen2,trainMean,0.0029158158456808157,0.821048081024043,0.0009075730970541609,0.2285308518096696,0.8135895935372782
Norman,2,FOSB+UBASH3B,combo_seen2,baseControl,0.014260349753788787,0.12480174031259184,0.0014504862064640737,-0.23296444307877517,
Norman,2,FOXA3+FOXF1,combo_seen2,WitnessCell_v14,0.00562393403063554,0.7921382191408822,0.0014185658229292604,0.5509368101656391,0.8719132215137156
Norman,2,FOXA3+FOXF1,combo_seen2,WitnessCell_v13,0.00562393403063554,0.7921382191408822,0.0014185658229292604,0.5509368101656391,0.8719132215137156
Norman,2,FOXA3+FOXF1,combo_seen2,trainMean,0.007152290050745099,0.7356498602098964,0.0016602401724381982,0.4744320385593944,0.8490590253692053
Norman,2,FOXA3+FOXF1,combo_seen2,baseControl,0.04359736259863425,-0.6113676620578565,0.005866402567594103,-0.8570766384434891,
Norman,2,FOXF1+HOXB9,combo_seen2,WitnessCell_v14,0.004298470903304148,0.8896134942677295,0.0010789733141018877,0.5929464167528975,0.8817146867384982
Norman,2,FOXF1+HOXB9,combo_seen2,WitnessCell_v13,0.004298470903304148,0.8896134942677295,0.0010789733141018877,0.5929464167528975,0.8817146867384982
Norman,2,FOXF1+HOXB9,combo_seen2,trainMean,0.005542446472067412,0.8576676885751664,0.0012885516617923295,0.5138808677875728,0.8574369117537729
Norman,2,FOXF1+HOXB9,combo_seen2,baseControl,0.042442256892569884,-0.08993466261708516,0.0048369976097069455,-0.8248062148114972,
Norman,2,HOXC13+ZC3HAV1,combo_seen2,WitnessCell_v14,0.004025596820083825,0.9109473996416513,0.0012460215381729619,0.2557542974442306,0.8712005501144036
Norman,2,HOXC13+ZC3HAV1,combo_seen2,WitnessCell_v13,0.004025596820083825,0.9109473996416513,0.0012460215381729619,0.2557542974442306,0.8712005501144036
Norman,2,HOXC13+ZC3HAV1,combo_seen2,trainMean,0.004026694624933675,0.9109231144534086,0.001262229616380516,0.24607325086268628,0.8714975785021193
Norman,2,HOXC13+ZC3HAV1,combo_seen2,baseControl,0.05345512470368238,-0.18251232552483931,0.0029026814916549783,-0.7337647543557249,
Norman,2,IRF1+SET,combo_seen2,WitnessCell_v14,0.10288084651339154,0.3400344389824713,0.004807641496269681,0.4248096881557647,0.7241778729180285
Norman,2,IRF1+SET,combo_seen2,WitnessCell_v13,0.10285344812575205,0.34021019562602806,0.004806784908962301,0.42491217098873724,0.7242500816674466
Norman,2,IRF1+SET,combo_seen2,trainMean,0.10669098993008655,0.3155929270511997,0.005196317669318043,0.37830814070145125,0.7107213603415794
Norman,2,IRF1+SET,combo_seen2,baseControl,0.21894607868168448,-0.40450702484196,0.009975616153843079,-0.1934911891453417,
Norman,2,KLF1+SET,combo_seen2,WitnessCell_v14,0.024300448409644168,0.8047553505846087,0.0014981309592905963,0.629082639236462,0.8477807093653181
Norman,2,KLF1+SET,combo_seen2,WitnessCell_v13,0.024300448409644168,0.8047553505846087,0.0014981309592905963,0.629082639236462,0.8477807093653181
Norman,2,KLF1+SET,combo_seen2,trainMean,0.01753958904502441,0.8590762254153822,0.0016477769117605732,0.5920322856643061,0.8707568299149823
Norman,2,KLF1+SET,combo_seen2,baseControl,0.1592561545082279,-0.2795612463621062,0.004672936425745553,-0.15695709731149998,
Norman,2,MAP2K3+MAP2K6,combo_seen2,WitnessCell_v14,0.006323768917724151,0.8340124005532703,0.00068951109765762,0.7910669770720276,0.6632506604160054
Norman,2,MAP2K3+MAP2K6,combo_seen2,WitnessCell_v13,0.006392585569067579,0.8322060868016019,0.0007011100812830431,0.7875522972938711,0.6585615383495151
Norman,2,MAP2K3+MAP2K6,combo_seen2,trainMean,0.010352908787982113,0.7282547007384079,0.001013743769430969,0.6928192295364877,0.5030740133930238
Norman,2,MAP2K3+MAP2K6,combo_seen2,baseControl,0.014414800613171543,0.621637320810785,0.0011750263062996328,0.6439480103669384,
Norman,2,PTPN12+ZBTB10,combo_seen2,WitnessCell_v14,0.007432395382226398,0.820926869775847,0.0021371227404075877,0.3869324775088877,0.8697233384836701
Norman,2,PTPN12+ZBTB10,combo_seen2,WitnessCell_v13,0.007432395382226398,0.820926869775847,0.0021371227404075877,0.3869324775088877,0.8697233384836701
Norman,2,PTPN12+ZBTB10,combo_seen2,trainMean,0.007727409352518493,0.813818922417934,0.0022161221729530205,0.36427023847455153,0.8796379935136149
Norman,2,PTPN12+ZBTB10,combo_seen2,baseControl,0.06453751546312403,-0.5549408120171055,0.006454155629861005,-0.8514768136416497,
Norman,2,SGK1+TBX2,combo_seen2,WitnessCell_v14,0.0033003729267569205,0.9840389241506514,0.0008817735045023554,0.7182644290990468,0.926949560217283
Norman,2,SGK1+TBX2,combo_seen2,WitnessCell_v13,0.0033003729267569205,0.9840389241506514,0.0008817735045023554,0.7182644290990468,0.926949560217283
Norman,2,SGK1+TBX2,combo_seen2,trainMean,0.006894020891204116,0.9666595282431829,0.0011539197066292115,0.6313109594912161,0.9242700181771938
Norman,2,SGK1+TBX2,combo_seen2,baseControl,0.253486933976085,-0.22589909376902106,0.00523520003593903,-0.6726994668981157,
Norman,2,SGK1+TBX3,combo_seen2,WitnessCell_v14,0.02424420853338573,0.9788488636338832,0.001005986858924869,0.7427301321893431,0.9190252819138446
Norman,2,SGK1+TBX3,combo_seen2,WitnessCell_v13,0.02424420853338573,0.9788488636338832,0.001005986858924869,0.7427301321893431,0.9190252819138446
Norman,2,SGK1+TBX3,combo_seen2,trainMean,0.005181102578688861,0.9954799016425807,0.0013466298681376631,0.6556144992431427,0.9093306417309976
Norman,2,SGK1+TBX3,combo_seen2,baseControl,1.3777606109251026,-0.20198613707731594,0.005978519655867949,-0.5289394169744634,
Norman,2,BAK1,unseen_single,WitnessCell_v14,0.01392470636779271,0.45209726674514983,0.0009360918345514713,0.35021196312888103,0.041427763810173227
Norman,2,BAK1,unseen_single,WitnessCell_v13,0.013580100356205584,0.46565666043415077,0.0009343830481073329,0.3513981170381294,0.04953945093528666
Norman,2,BAK1,unseen_single,trainMean,0.02155949662977401,0.15168716531260096,0.0007988237641425408,0.4454965780607518,-0.014875881755813638
Norman,2,BAK1,unseen_single,baseControl,0.014596896682515532,0.4256482414676097,0.0002582479026327462,0.8207372487569871,
Norman,2,BPGM,unseen_single,WitnessCell_v14,0.04194790658548923,0.05602975773037222,0.0015640772419037415,0.13867215023729684,0.5692663988348655
Norman,2,BPGM,unseen_single,WitnessCell_v13,0.04200411574762493,0.05476486084473431,0.0015646017926966673,0.13838328329744398,0.5692045045880386
Norman,2,BPGM,unseen_single,trainMean,0.050854443256000206,-0.14439754038785946,0.0017674573628489096,0.026671951292543405,0.48092560922516964
Norman,2,BPGM,unseen_single,baseControl,0.061315317949200775,-0.3798027184357351,0.0022761307430954544,-0.25345139370671,
Norman,2,CEBPE,unseen_single,WitnessCell_v14,0.15024679804782817,0.2736537296967184,0.005481299565469945,0.15378067812221752,0.7350400980837258
Norman,2,CEBPE,unseen_single,WitnessCell_v13,0.15758339873596283,0.23818600182650607,0.005520630358225876,0.14770867341287697,0.7322580736359614
Norman,2,CEBPE,unseen_single,trainMean,0.22302626498054917,-0.078188007019794,0.0069396663479816606,-0.07136632123546871,0.5555999850873465
Norman,2,CEBPE,unseen_single,baseControl,0.23644247466954732,-0.1430467194571028,0.008819064382791465,-0.36151337697640695,
Norman,2,CNN1,unseen_single,WitnessCell_v14,0.08982711662180692,0.27632269684001154,0.001842619691118427,0.18437879986307504,0.6042936507821128
Norman,2,CNN1,unseen_single,WitnessCell_v13,0.08760605613127703,0.29421630320733083,0.0018360995035399167,0.18726490991797995,0.6063398835536602
Norman,2,CNN1,unseen_single,trainMean,0.1398602688734708,-0.12676111628649345,0.002216058516126904,0.019079023626416336,0.45687689283612337
Norman,2,CNN1,unseen_single,baseControl,0.1541841450729412,-0.2421590550010686,0.0027826190674082687,-0.23170457486311302,
Norman,2,COL1A1,unseen_single,WitnessCell_v14,0.13123395118836556,0.3006559374270905,0.003222792347403991,0.1844220226921348,0.680956850019158
Norman,2,COL1A1,unseen_single,WitnessCell_v13,0.12091559811898334,0.3556423101550279,0.0031798667983227256,0.1952850038341647,0.6897223515163674
Norman,2,COL1A1,unseen_single,trainMean,0.19248104086598639,-0.025729027195630527,0.004093297598057384,-0.03587293740222508,0.45894697903061826
Norman,2,COL1A1,unseen_single,baseControl,0.18863686444545277,-0.005243459773186965,0.005058562213884518,-0.28014823598833716,
Norman,2,FOXA1,unseen_single,WitnessCell_v14,0.010911025446275311,0.1591763131653322,0.000720266147650815,0.17455241201919047,0.6685024095224136
Norman,2,FOXA1,unseen_single,WitnessCell_v13,0.011437469572183171,0.11860756066467648,0.0007275096166236186,0.16625116946917518,0.6650459661809575
Norman,2,FOXA1,unseen_single,trainMean,0.012175572871097771,0.06172796303986616,0.0007701124497602554,0.11742698695208376,0.6358512023061343
Norman,2,FOXA1,unseen_single,baseControl,0.012411103203768706,0.04357756245168154,0.0012898033491496588,-0.4781550778106336,
Norman,2,FOXL2,unseen_single,WitnessCell_v14,0.022579144774176912,0.5530560299469758,0.0011478753205661249,0.15956994174215355,0.7508562675719644
Norman,2,FOXL2,unseen_single,WitnessCell_v13,0.022577166254872695,0.5530951938427522,0.0011478632193433448,0.15957880179096184,0.7508527469875421
Norman,2,FOXL2,unseen_single,trainMean,0.04106296589964445,0.18717714134466945,0.0014036800816378564,-0.027720442847803728,0.6523862196235474
Norman,2,FOXL2,unseen_single,baseControl,0.03234673379314444,0.35971101809442596,0.002321284573593253,-0.699555077511256,
Norman,2,HES7,unseen_single,WitnessCell_v14,0.09031259272229347,0.17563876081082574,0.006631338352011161,-0.013603565907370774,0.6730105961797033
Norman,2,HES7,unseen_single,WitnessCell_v13,0.08762966842629298,0.200128134115638,0.00660625244940296,-0.009769172457975372,0.6758480284080516
Norman,2,HES7,unseen_single,trainMean,0.11811490333117565,-0.0781370032881592,0.007217278322153939,-0.1031647994951963,0.5884406938755194
Norman,2,HES7,unseen_single,baseControl,0.1299474445951309,-0.18614285369160344,0.009307208910729612,-0.4226117926405144,
Norman,2,HNF4A,unseen_single,WitnessCell_v14,0.037784115080646975,0.1170106616337182,0.0033734850557373707,-0.08070668121194191,0.6134016467006911
Norman,2,HNF4A,unseen_single,WitnessCell_v13,0.037808720487672615,0.11643564983250432,0.003373981537900853,-0.08086573085417026,0.6120487505532778
Norman,2,HNF4A,unseen_single,trainMean,0.041311399950960385,0.0345803882974316,0.003515999556700726,-0.12636165546438272,0.6452883892516306
Norman,2,HNF4A,unseen_single,baseControl,0.04249079416786489,0.007018739254314954,0.005098278405212854,-0.6332497237008761,
Norman,2,HOXA13,unseen_single,WitnessCell_v14,0.055260876604780865,-0.11811193539751241,0.005215066689723348,-0.1641059189409979,0.8300445092810492
Norman,2,HOXA13,unseen_single,WitnessCell_v13,0.05532526996350158,-0.11941482792057001,0.005217058203870764,-0.16455046424494002,0.823567658708328
Norman,2,HOXA13,unseen_single,trainMean,0.060642387978158296,-0.22699786820825252,0.005601415607059185,-0.2503466303653332,0.7766479392209252
Norman,2,HOXA13,unseen_single,baseControl,0.08176785984613331,-0.6544366583204551,0.008330587876593255,-0.8595518010364651,
Norman,2,IGDCC3,unseen_single,WitnessCell_v14,0.06825218370864555,0.35049275476022446,0.0018725356711967974,-0.26791024567041033,0.6324659884470821
Norman,2,IGDCC3,unseen_single,WitnessCell_v13,0.062186384255603924,0.4082166322809806,0.0018591719460800218,-0.25886155076087425,0.6356744406354369
Norman,2,IGDCC3,unseen_single,trainMean,0.11904259443876042,-0.13284327883447733,0.0016708193276036773,-0.13132634892817818,0.6460009126505238
Norman,2,IGDCC3,unseen_single,baseControl,0.12872969870722978,-0.2250285257508633,0.0026660428098332464,-0.8052008546374141,
Norman,2,JUN,unseen_single,WitnessCell_v14,0.05258191846493846,0.15333037381164427,0.002303892353938763,0.023861329764773953,0.6187249516406942
Norman,2,JUN,unseen_single,WitnessCell_v13,0.053293528459617046,0.14187208956155228,0.002309544343573246,0.021466632097343563,0.61760240459443
Norman,2,JUN,unseen_single,trainMean,0.06584517093246287,-0.060233401275956444,0.0025234503066453307,-0.0691634192553594,0.6152726226041485
Norman,2,JUN,unseen_single,baseControl,0.06978248111616647,-0.12363163851689651,0.0037217498942323755,-0.576872281594736,
Norman,2,KIF2C,unseen_single,WitnessCell_v14,0.009839654082453615,0.7727838309799266,0.0004010719957000373,0.6525157196191442,0.5113072485367847
Norman,2,KIF2C,unseen_single,WitnessCell_v13,0.010271438170506178,0.7628131221004266,0.0004025688322202578,0.6512188772400878,0.5084670100067481
Norman,2,KIF2C,unseen_single,trainMean,0.03916250050194977,0.09566400823301802,0.0006409784043262254,0.44466349694096363,0.3458458090205751
Norman,2,KIF2C,unseen_single,baseControl,0.0334915883576331,0.22661606421827596,0.00045039953083360915,0.6097788962242991,
Norman,2,NCL,unseen_single,WitnessCell_v14,0.006960020847609704,0.7300540941503939,0.0010542220240166375,0.26459158485463063,0.3942610177305575
Norman,2,NCL,unseen_single,WitnessCell_v13,0.00918242813788846,0.6438575493013792,0.0010681137314018086,0.25490095206660746,0.3763603026621994
Norman,2,NCL,unseen_single,trainMean,0.019878883091371785,0.22899324285476685,0.0010137888272078093,0.29279713596913837,0.32422894093321325
Norman,2,NCL,unseen_single,baseControl,0.01249171629245331,0.5155060963156919,0.0009337854342378526,0.34860622275535746,
Norman,2,POU3F2,unseen_single,WitnessCell_v14,0.012592381068365459,0.5938697954038316,0.0009518923326402287,0.14986635547817118,0.685967532904684
Norman,2,POU3F2,unseen_single,WitnessCell_v13,0.011367978554696186,0.6333592962920946,0.0009473429392081421,0.15392941207203614,0.687598424848683
Norman,2,POU3F2,unseen_single,trainMean,0.0323717554521241,-0.0440557344580772,0.001083596548413859,0.03224151376527573,0.6268358244198828
Norman,2,POU3F2,unseen_single,baseControl,0.03188290742543396,-0.028289379547261406,0.0017715233456922716,-0.5821448987320341,
Norman,2,PTPN13,unseen_single,WitnessCell_v14,0.05759194127701274,-0.08681210799165706,0.001748861908853966,0.007034341198912886,0.3896972335334604
Norman,2,PTPN13,unseen_single,WitnessCell_v13,0.05782249898306707,-0.091162940781359,0.0017591193200519532,0.0012104067783402783,0.3870507043164431
Norman,2,PTPN13,unseen_single,trainMean,0.060461691653564326,-0.14096689748118485,0.00160483204394767,0.08881135799461348,0.44068061882649245
Norman,2,PTPN13,unseen_single,baseControl,0.06521327517192826,-0.23063358322550975,0.0019843162155307225,-0.12665148017050964,
Norman,2,RREB1,unseen_single,WitnessCell_v14,0.012897075255874893,-0.17501416729536556,0.0013387488874029825,-0.11112662507874305,0.46651620184703424
Norman,2,RREB1,unseen_single,WitnessCell_v13,0.01287848689617739,-0.1733206371299587,0.0013377453094117586,-0.11029368154699903,0.4666628854209346
Norman,2,RREB1,unseen_single,trainMean,0.010504810807634385,0.042937931365079285,0.0010791613634144606,0.10432424263509932,0.546714345188729
Norman,2,RREB1,unseen_single,baseControl,0.010031957498963774,0.08601818992892452,0.001518269364820153,-0.26012393449351623,
Norman,2,SLC4A1,unseen_single,WitnessCell_v14,0.10645400941629099,-0.061683929022726236,0.0028894855657007118,0.05037475752157383,0.2102311477379351
Norman,2,SLC4A1,unseen_single,WitnessCell_v13,0.10649108706372826,-0.06205371070240151,0.0028902058058673115,0.05013805163490348,0.21161242911261138
Norman,2,SLC4A1,unseen_single,trainMean,0.09394112323588955,0.06310921156695826,0.0026612039107006464,0.12539919251308163,0.26814728647422187
Norman,2,SLC4A1,unseen_single,baseControl,0.08577621182791968,0.14453926076160462,0.0027640181330868987,0.0916094473685688,
Norman,2,SPI1,unseen_single,WitnessCell_v14,0.07128392149646642,0.1457124007396593,0.004516700581245716,0.07426636088785465,0.8039346173607345
Norman,2,SPI1,unseen_single,WitnessCell_v13,0.07122154222476265,0.14645997238202557,0.004515390997963213,0.07453477037748646,0.8125724116571643
Norman,2,SPI1,unseen_single,trainMean,0.0951881990632846,-0.1407635319238123,0.005740841198109305,-0.17663097615049494,0.7502755843079266
Norman,2,SPI1,unseen_single,baseControl,0.12318538619646621,-0.47629010341348366,0.008349770838391418,-0.7113518164280657,
Norman,2,UBASH3A,unseen_single,WitnessCell_v14,0.004239625788197135,0.31518989636602746,0.0004797087050143256,0.35309737091446813,0.6335601545575148
Norman,2,UBASH3A,unseen_single,WitnessCell_v13,0.004684547000489153,0.24332352024696569,0.0004858104645981927,0.3448689517184196,0.6326771006561871
Norman,2,UBASH3A,unseen_single,trainMean,0.002778615411243495,0.5511811648495112,0.0003639268770525685,0.5092328925880902,0.6224890521602152
Norman,2,UBASH3A,unseen_single,baseControl,0.0012935990264473628,0.7910500295029734,0.0004095598789895495,0.44769532068762485,
Norman,2,CEBPE+CNN1,combo_seen0,WitnessCell_v14,0.049166544226490014,0.5292144184785635,0.0023354416521266094,0.06435732591759069,0.6490416664505237
Norman,2,CEBPE+CNN1,combo_seen0,WitnessCell_v13,0.05432998368047782,0.4797728137402205,0.0023584957048247784,0.05512123325164442,0.6448789839468603
Norman,2,CEBPE+CNN1,combo_seen0,trainMean,0.109465724399234,-0.04816975707218085,0.002635357981678416,-0.05579747063975926,0.5975867721878985
Norman,2,CEBPE+CNN1,combo_seen0,baseControl,0.11607854236903054,-0.11148963042070736,0.0037724886924047143,-0.5113635593906274,
Norman,2,CEBPE+SPI1,combo_seen0,WitnessCell_v14,0.22780412298987912,0.2956888793853284,0.012216906988771656,0.33929861095505887,0.788075859189703
Norman,2,CEBPE+SPI1,combo_seen0,WitnessCell_v13,0.2297812920880382,0.2895759865856181,0.01225884238727184,0.3370307066430517,0.7891390772520297
Norman,2,CEBPE+SPI1,combo_seen0,trainMean,0.3231027757451588,0.0010502221292374436,0.01666366395854568,0.09881396869861747,0.6069584038976237
Norman,2,CEBPE+SPI1,combo_seen0,baseControl,0.3999203346393119,-0.23644969787891923,0.02362675097952649,-0.27775608058071954,
Norman,2,CNN1+UBASH3A,combo_seen0,WitnessCell_v14,0.10905115910418921,0.27202958752996187,0.004619403316061096,0.24404452879144833,0.7653898928044349
Norman,2,CNN1+UBASH3A,combo_seen0,WitnessCell_v13,0.10839122061260453,0.2764350032987639,0.004619591458167877,0.24401373973813234,0.7647677979147868
Norman,2,CNN1+UBASH3A,combo_seen0,trainMean,0.14245813331633225,0.049021515021950623,0.005481806489928798,0.10291409417315034,0.6768307593222478
Norman,2,CNN1+UBASH3A,combo_seen0,baseControl,0.20618724343894598,-0.3764018088877299,0.00959739486825978,-0.5705931401972222,
Norman,2,FOXA1+FOXL2,combo_seen0,WitnessCell_v14,0.02361278564556583,0.26166267181258407,0.0025824802528242857,0.24157215923763709,0.7724879111706269
Norman,2,FOXA1+FOXL2,combo_seen0,WitnessCell_v13,0.023724353359062512,0.25817411232063825,0.0025904871620587395,0.23922067450693074,0.7711056568276328
Norman,2,FOXA1+FOXL2,combo_seen0,trainMean,0.02957216277947958,0.07532165060650176,0.002963844100582991,0.12957248013684164,0.7213036640221959
Norman,2,FOXA1+FOXL2,combo_seen0,baseControl,0.049581090053890005,-0.5503282886016978,0.006134386361284859,-0.8015585587937208,
Norman,2,FOXL2+POU3F2,combo_seen0,WitnessCell_v14,0.03255046132346849,0.29258440486679527,0.003234672333032265,0.23642357802348912,0.8115158567319033
Norman,2,FOXL2+POU3F2,combo_seen0,WitnessCell_v13,0.03223372333166457,0.2994680367989707,0.0032304705177255135,0.23741545811748543,0.8116340102319983
Norman,2,FOXL2+POU3F2,combo_seen0,trainMean,0.04030562272546538,0.12404233524665575,0.0034251099130735373,0.19146890224603075,0.7765026183050363
Norman,2,FOXL2+POU3F2,combo_seen0,baseControl,0.07891927346258718,-0.7151438884143986,0.007840781993748967,-0.85089420005404,
Norman,3,AHR+FEV,combo_seen1,WitnessCell_v14,0.21224862480671017,0.0036123601525031024,0.009355208347926006,0.03523014888134479,0.5440837997291257
Norman,3,AHR+FEV,combo_seen1,WitnessCell_v13,0.21898766984271908,-0.028023657203886554,0.009402765068967691,0.030325790905260885,0.5403669644879242
Norman,3,AHR+FEV,combo_seen1,trainMean,0.2422458644807366,-0.13720776939114865,0.009283490894868499,0.0426261184777077,0.5568007746074375
Norman,3,AHR+FEV,combo_seen1,baseControl,0.28683414666282936,-0.34652461791597844,0.013284510470155728,-0.36998500854528826,
Norman,3,AHR+KLF1,combo_seen1,WitnessCell_v14,0.0157940596365171,0.8435101106292736,0.0016064710145334772,0.6283226226116382,0.7509063259960825
Norman,3,AHR+KLF1,combo_seen1,WitnessCell_v13,0.01594544299808386,0.8420101817921444,0.0016120789981458245,0.6270251447096921,0.7500622836257527
Norman,3,AHR+KLF1,combo_seen1,trainMean,0.008787418609096154,0.9129329508917212,0.0012382441800023736,0.7135165557136829,0.8228444386191399
Norman,3,AHR+KLF1,combo_seen1,baseControl,0.1244188529228206,-0.23276047942151812,0.0036343458020134285,0.15914815518347203,
Norman,3,CBL+CNN1,combo_seen1,WitnessCell_v14,0.1312777734691583,0.5727455165417726,0.0033375457413424682,0.5508544716972332,0.8581731578623912
Norman,3,CBL+CNN1,combo_seen1,WitnessCell_v13,0.13001715355067178,0.576848309405156,0.0033269913566776614,0.5522748131827341,0.8588182890353467
Norman,3,CBL+CNN1,combo_seen1,trainMean,0.18992226133233098,0.38188213039865915,0.004371442288075002,0.4117192967270753,0.7836682500058603
Norman,3,CBL+CNN1,combo_seen1,baseControl,0.38951691266745603,-0.26771534070141656,0.01004917391519152,-0.3523534587812376,
Norman,3,CBL+UBASH3B,combo_seen1,WitnessCell_v14,0.046337214170036875,0.7229757680903925,0.002022035340909266,0.6430309366368705,0.9086419447126471
Norman,3,CBL+UBASH3B,combo_seen1,WitnessCell_v13,0.046375966248242285,0.7227440911350114,0.002023441775160864,0.6427826454684042,0.9083169126422007
Norman,3,CBL+UBASH3B,combo_seen1,trainMean,0.07214573272703645,0.5686811010924613,0.002784275641362002,0.5084654319667652,0.8685779558260858
Norman,3,CBL+UBASH3B,combo_seen1,baseControl,0.22198981224898734,-0.32715266404166665,0.008764548522955504,-0.5472888202009516,
Norman,3,CDKN1A+CDKN1B,combo_seen1,WitnessCell_v14,0.00874640241765352,0.7133913064874164,0.0014793467641932513,0.5603046117860928,0.8744362404865682
Norman,3,CDKN1A+CDKN1B,combo_seen1,WitnessCell_v13,0.008455921203240398,0.7229100134228365,0.0014734836392338445,0.5620472654137424,0.874960932473942
Norman,3,CDKN1A+CDKN1B,combo_seen1,trainMean,0.010611881888867504,0.6522618719509906,0.0014932209667940838,0.5561808843096223,0.8693355494871633
Norman,3,CDKN1A+CDKN1B,combo_seen1,baseControl,0.04952003414189976,-0.6227097279976384,0.006018793348866685,-0.7889218012738413,
Norman,3,CDKN1A+CDKN1C,combo_seen1,WitnessCell_v14,0.0080778618838884,0.7762805174488538,0.0014801817183918745,0.60117916987923,0.8766198166010631
Norman,3,CDKN1A+CDKN1C,combo_seen1,WitnessCell_v13,0.007712936826915633,0.7863872568421989,0.001473998588363229,0.6028451552242242,0.8771664998139603
Norman,3,CDKN1A+CDKN1C,combo_seen1,trainMean,0.011339929612661911,0.6859363007714689,0.0017527332766260559,0.5277427550424352,0.8620652202254965
Norman,3,CDKN1A+CDKN1C,combo_seen1,baseControl,0.053823721921672,-0.4906686187975431,0.006377538645164714,-0.7183668903539973,
Norman,3,CEBPA+CEBPB,combo_seen1,WitnessCell_v14,0.015583546726784622,0.8720454533479848,0.005602969397011924,0.562492722810082,0.8813696021312558
Norman,3,CEBPA+CEBPB,combo_seen1,WitnessCell_v13,0.015586613103952469,0.8720202757098479,0.005603602605071547,0.5624432788252178,0.8813664773317633
Norman,3,CEBPA+CEBPB,combo_seen1,trainMean,0.02430661765722814,0.8004214125640052,0.007333933065806645,0.4273306064414072,0.8741113281619346
Norman,3,CEBPA+CEBPB,combo_seen1,baseControl,0.15445280961070432,-0.2681926380019535,0.016578804073265997,-0.29455417568904707,
Norman,3,CEBPB+CEBPE,combo_seen1,WitnessCell_v14,0.041082055373564866,0.6596052050352342,0.004361594755646146,0.5886498503496626,0.8815049052516943
Norman,3,CEBPB+CEBPE,combo_seen1,WitnessCell_v13,0.0410863067356144,0.6595699793996128,0.00436234438721597,0.5885791511958656,0.8814176781875971
Norman,3,CEBPB+CEBPE,combo_seen1,trainMean,0.019246050838379512,0.8405324302924921,0.0031225352218532936,0.705507869768264,0.8892075446090417
Norman,3,CEBPB+CEBPE,combo_seen1,baseControl,0.17070371449849253,-0.41440478983016615,0.014900149323350473,-0.40526091885044635,
Norman,3,CEBPB+FOSB,combo_seen1,WitnessCell_v14,0.057809811251525886,0.5699883571186635,0.0060629907894185885,0.4897066174826922,0.867594313717958
Norman,3,CEBPB+FOSB,combo_seen1,WitnessCell_v13,0.05781697334625308,0.5699350826994354,0.006063557483110807,0.4896589215433287,0.8674533316705001
Norman,3,CEBPB+FOSB,combo_seen1,trainMean,0.06959892034811621,0.4822964228088399,0.0071900290489967595,0.39484911469540585,0.8231553003836186
Norman,3,CEBPB+FOSB,combo_seen1,baseControl,0.17727356868161204,-0.3186290848892084,0.016148369533411984,-0.35913221668186934,
Norman,3,CEBPB+JUN,combo_seen1,WitnessCell_v14,0.05025966368254915,0.5365659079920001,0.00706294352537296,0.38496592292107223,0.7736857499345695
Norman,3,CEBPB+JUN,combo_seen1,WitnessCell_v13,0.05026339693311406,0.5365314844511521,0.0070635721204145106,0.3849111854918619,0.7736275988389366
Norman,3,CEBPB+JUN,combo_seen1,trainMean,0.07013352100950702,0.3533131293186488,0.008749985395427113,0.23805999965907443,0.6936400595617397
Norman,3,CEBPB+JUN,combo_seen1,baseControl,0.14927207180028224,-0.37640728147045355,0.01657870774171014,-0.44365733329936896,
Norman,3,CEBPB+LYL1,combo_seen1,WitnessCell_v14,0.04162254662979366,0.4757629190408639,0.0025491067572745206,0.14987892396502456,0.7166961280100083
Norman,3,CEBPB+LYL1,combo_seen1,WitnessCell_v13,0.04163364197456171,0.4756231728786414,0.00254951161963756,0.14974390332427234,0.7166233597368358
Norman,3,CEBPB+LYL1,combo_seen1,trainMean,0.045407493253945844,0.4280914157212816,0.002959579255306765,0.012987316458153875,0.6602635582653548
Norman,3,CEBPB+LYL1,combo_seen1,baseControl,0.10135936498725341,-0.2766238957314089,0.005245610497432226,-0.7493986973324713,
Norman,3,CEBPB+MAPK1,combo_seen1,WitnessCell_v14,0.032968475939514796,0.7674813066536729,0.0016169343405228742,0.7056076182567725,0.8944161343521593
Norman,3,CEBPB+MAPK1,combo_seen1,WitnessCell_v13,0.032973085144387834,0.7674487990456047,0.0016182182233148345,0.7053738639826923,0.8942875282830101
Norman,3,CEBPB+MAPK1,combo_seen1,trainMean,0.017540283837738077,0.8762926170334041,0.001644416677753198,0.7006039576192669,0.8876791944933772
Norman,3,CEBPB+MAPK1,combo_seen1,baseControl,0.18860311552841375,-0.33017219431583356,0.00768255567225631,-0.3987493527406356,
Norman,3,CEBPB+OSR2,combo_seen1,WitnessCell_v14,0.025511694759890055,0.7743785458078902,0.002356604677893182,0.6694083350756408,0.8999183320830495
Norman,3,CEBPB+OSR2,combo_seen1,WitnessCell_v13,0.025516764321430255,0.7743337113953754,0.0023577879733422086,0.6692423387945247,0.8997950584502424
Norman,3,CEBPB+OSR2,combo_seen1,trainMean,0.03636644254695012,0.6783808473540995,0.0031468723486940244,0.5585471849316506,0.8451964745919143
Norman,3,CEBPB+OSR2,combo_seen1,baseControl,0.15934225150390127,-0.4091980496363552,0.010403519027574921,-0.4594372610144408,
Norman,3,CEBPB+PTPN12,combo_seen1,WitnessCell_v14,0.040514370119296234,-0.07409968251582888,0.002101507590310407,-0.17659759101249417,0.6796766614232437
Norman,3,CEBPB+PTPN12,combo_seen1,WitnessCell_v13,0.040531310778745,-0.0745488060461208,0.002102116319535208,-0.176938407930207,0.6796428835585829
Norman,3,CEBPB+PTPN12,combo_seen1,trainMean,0.037986495582009464,-0.007081752089055149,0.002309813997344878,-0.2932247294721866,0.6740461829433504
Norman,3,CEBPB+PTPN12,combo_seen1,baseControl,0.05886726139110347,-0.5606636999311423,0.0036587111976655942,-1.0484488379829848,
Norman,3,CEBPE+CNN1,combo_seen1,WitnessCell_v14,0.0169274372777925,0.8238085434405038,0.0019168082401260231,0.15603286032895392,0.7603007392394041
Norman,3,CEBPE+CNN1,combo_seen1,WitnessCell_v13,0.015531076680346319,0.8383427463153299,0.0019088189163181484,0.15955054489483123,0.7615427939007317
Norman,3,CEBPE+CNN1,combo_seen1,trainMean,0.05207033281983487,0.4580190945323729,0.005955065225656905,-1.6220042567856123,0.728796241093904
Norman,3,CEBPE+CNN1,combo_seen1,baseControl,0.11607854236903054,-0.20821877048891513,0.0037724886924047143,-0.6610198268768113,
Norman,3,CLDN6+KLF1,combo_seen1,WitnessCell_v14,0.12381112844381281,0.47178299182175243,0.003716659058568289,0.36236603655411004,0.7774556779970974
Norman,3,CLDN6+KLF1,combo_seen1,WitnessCell_v13,0.11783226279646233,0.4972907031578653,0.0036922724965826746,0.3665498209498991,0.7798873703340771
Norman,3,CLDN6+KLF1,combo_seen1,trainMean,0.16424521212906232,0.2992785410417569,0.0032336347197982817,0.4452342035603657,0.7892895775941994
Norman,3,CLDN6+KLF1,combo_seen1,baseControl,0.31422102531069296,-0.3405651978338784,0.008104714617514318,-0.3904534213999771,
Norman,3,CNN1+ETS2,combo_seen1,WitnessCell_v14,0.06088633027010249,0.37964996766628434,0.0028360208973659613,-1.4001488826989097,0.509794872659687
Norman,3,CNN1+ETS2,combo_seen1,WitnessCell_v13,0.0555805416698403,0.4337088363011171,0.002825749248405605,-1.3914558978204936,0.5125448884986381
Norman,3,CNN1+ETS2,combo_seen1,trainMean,0.12398967350570275,-0.2632884528775541,0.0031581578519162966,-1.6727761585621193,0.4947822915471521
Norman,3,CNN1+ETS2,combo_seen1,baseControl,0.11465699265641394,-0.16820095391131273,0.0019106495235255158,-0.616999128383789,
Norman,3,CNN1+MAPK1,combo_seen1,WitnessCell_v14,0.013886869271782603,0.731775185914386,0.0011205442211086787,0.3728025975371877,0.8422346574742225
Norman,3,CNN1+MAPK1,combo_seen1,WitnessCell_v13,0.01247692258605021,0.7590082994585342,0.0011134400496412712,0.3767789849095663,0.8435031408807329
Norman,3,CNN1+MAPK1,combo_seen1,trainMean,0.04507551894228114,0.12936656553158854,0.0024852839902747494,-0.3910773298535941,0.8110203384772646
Norman,3,CNN1+MAPK1,combo_seen1,baseControl,0.06130084069377834,-0.1840254471028009,0.003165204024973746,-0.7716460495991726,
Norman,3,CNN1+UBASH3A,combo_seen1,WitnessCell_v14,0.0872158478084478,0.4786412763693322,0.003728036714692965,0.4388489568463896,0.8160000497493298
Norman,3,CNN1+UBASH3A,combo_seen1,WitnessCell_v13,0.08604636691560341,0.48563219695228554,0.003716809899807869,0.4405388379731593,0.8167823616116985
Norman,3,CNN1+UBASH3A,combo_seen1,trainMean,0.17125373363975954,-0.023720232399818686,0.006392782751957771,0.03774641065707518,0.6017179001986854
Norman,3,CNN1+UBASH3A,combo_seen1,baseControl,0.20618724343894598,-0.23254569862522612,0.00959739486825978,-0.4446177851884785,
Norman,3,DUSP9+ETS2,combo_seen1,WitnessCell_v14,0.14899250959216526,-0.15016151671254274,0.0054407876209418915,-1.0855061288167032,0.2238463530062642
Norman,3,DUSP9+ETS2,combo_seen1,WitnessCell_v13,0.14175505507922753,-0.09429131436126825,0.005421800453376068,-1.0782281652044166,0.22751031644940292
Norman,3,DUSP9+ETS2,combo_seen1,trainMean,0.20986243995949388,-0.6200525979830809,0.006166153989345105,-1.3635460216292317,0.1780619045062547
Norman,3,DUSP9+ETS2,combo_seen1,baseControl,0.1669712507845777,-0.2889500792721651,0.003613007564260164,-0.38490048568028,
Norman,3,DUSP9+IGDCC3,combo_seen1,WitnessCell_v14,0.08393577843329306,0.567340644815914,0.0031252109601254017,0.48203478806787503,0.8559647848803266
Norman,3,DUSP9+IGDCC3,combo_seen1,WitnessCell_v13,0.08147125146567437,0.5800444127268904,0.003107433965425048,0.48498110591488397,0.8572351065533719
Norman,3,DUSP9+IGDCC3,combo_seen1,trainMean,0.08395302392911803,0.5672517503630032,0.003046683607670501,0.49504972922728385,0.821545583328805
Norman,3,DUSP9+IGDCC3,combo_seen1,baseControl,0.27211076947913276,-0.402635112928065,0.009133698639980375,-0.513798016243922,
Norman,3,DUSP9+KLF1,combo_seen1,WitnessCell_v14,0.14884527354453414,0.5085778243684137,0.004210391905839279,0.4134660164980538,0.7462028699992544
Norman,3,DUSP9+KLF1,combo_seen1,WitnessCell_v13,0.14550294009226142,0.5196127516972324,0.004192113906841273,0.4160122563261983,0.7478304138866699
Norman,3,DUSP9+KLF1,combo_seen1,trainMean,0.14229585736550215,0.5302011401188707,0.003982564165905687,0.44520384871034,0.7333784319018627
Norman,3,DUSP9+KLF1,combo_seen1,baseControl,0.42312867263294485,-0.39698633302705066,0.00842402302195012,-0.17351920929830777,
Norman,3,DUSP9+MAPK1,combo_seen1,WitnessCell_v14,0.07347481076189571,0.35595618791105976,0.0039160144397525605,-0.873729350076903,0.3281822897272785
Norman,3,DUSP9+MAPK1,combo_seen1,WitnessCell_v13,0.0656737899459511,0.4243360739208064,0.003896878493151205,-0.8645732079481905,0.33284856033004384
Norman,3,DUSP9+MAPK1,combo_seen1,trainMean,0.1419593695566815,-0.24434554622143656,0.00672597938896688,-2.2182376196538938,0.28880665415826967
Norman,3,DUSP9+MAPK1,combo_seen1,baseControl,0.13430229992333467,-0.177227465004838,0.002155276846619165,-0.03125398212441177,
Norman,3,DUSP9+PRTG,combo_seen1,WitnessCell_v14,0.09045625295258042,0.6091363299348374,0.003063969000918827,0.5146553139409508,0.8309015109332915
Norman,3,DUSP9+PRTG,combo_seen1,WitnessCell_v13,0.08844093911040657,0.6178445500851695,0.003047869384200261,0.517205556263768,0.8321023765037836
Norman,3,DUSP9+PRTG,combo_seen1,trainMean,0.07047581769322073,0.6954722768711616,0.0029552887383182762,0.5318706930511379,0.8137909202185954
Norman,3,DUSP9+PRTG,combo_seen1,baseControl,0.31824532238209513,-0.37514578182389924,0.008690669471790294,-0.3766360707840497,
Norman,3,DUSP9+SNAI1,combo_seen1,WitnessCell_v14,0.06762349476431356,0.36091479780881386,0.006345190476723392,0.32724599807125376,0.8132846104652836
Norman,3,DUSP9+SNAI1,combo_seen1,WitnessCell_v13,0.06568180317580326,0.3792650230635265,0.006323350493218579,0.3295616001574039,0.8143979475147316
Norman,3,DUSP9+SNAI1,combo_seen1,trainMean,0.07531071048023996,0.2882657011121331,0.006079877734768216,0.35537599819777543,0.8053413167370995
Norman,3,DUSP9+SNAI1,combo_seen1,baseControl,0.15448715173281546,-0.4600022217900681,0.014553836048629072,-0.5430823520661487,
Norman,3,ETS2+IKZF3,combo_seen1,WitnessCell_v14,0.3929707141067838,-0.7241066706952439,0.008464940241715704,-0.2533550640717859,0.4473404725107919
Norman,3,ETS2+IKZF3,combo_seen1,WitnessCell_v13,0.3929846986876579,-0.7241680261813057,0.008465423719874583,-0.2534266499048212,0.44743894447788785
Norman,3,ETS2+IKZF3,combo_seen1,trainMean,0.43624599259309793,-0.9139711914752182,0.009177747916819556,-0.3588964009022475,0.39119998232204395
Norman,3,ETS2+IKZF3,combo_seen1,baseControl,0.326580327120095,-0.4328276899346448,0.010265894031422964,-0.5200119438646387,
Norman,3,FOSB+IKZF3,combo_seen1,WitnessCell_v14,0.17074780481330512,-0.2987923434765798,0.004721869409842963,-0.17399433610881743,0.538548053880707
Norman,3,FOSB+IKZF3,combo_seen1,WitnessCell_v13,0.17080170560871655,-0.2992023396136556,0.004724359247896247,-0.17461338240566993,0.5384537508412058
Norman,3,FOSB+IKZF3,combo_seen1,trainMean,0.19455026601523667,-0.4798456483712972,0.005373788459975218,-0.3360804096586918,0.47785204186281
Norman,3,FOSB+IKZF3,combo_seen1,baseControl,0.17956437026595584,-0.36585550553704205,0.006394388113325437,-0.5898312249544557,
Norman,3,FOSB+UBASH3B,combo_seen1,WitnessCell_v14,0.004700513325875927,0.682050241409286,0.0015563845201568402,-0.44464948696317363,0.7415631396126403
Norman,3,FOSB+UBASH3B,combo_seen1,WitnessCell_v13,0.004846979025697294,0.6721430821967662,0.001558074049435504,-0.44621772255921077,0.7421179069803214
Norman,3,FOSB+UBASH3B,combo_seen1,trainMean,0.007165407454017473,0.5153211123416153,0.0016951729395080271,-0.5734740905334517,0.7346320644435839
Norman,3,FOSB+UBASH3B,combo_seen1,baseControl,0.014260349753788787,0.03540859321117218,0.0014504862064640737,-0.3463537621180668,
Norman,3,FOXA1+HOXB9,combo_seen1,WitnessCell_v14,0.03280987200244707,0.39985473947186845,0.0030200454799684663,0.33641729576706825,0.8364540839099458
Norman,3,FOXA1+HOXB9,combo_seen1,WitnessCell_v13,0.03388292446893191,0.38022688624492296,0.0030399659755699533,0.3320402436900137,0.8344871520893863
Norman,3,FOXA1+HOXB9,combo_seen1,trainMean,0.04559871540622475,0.16592625124609306,0.0033719918707747756,0.2590855008304206,0.8121668691240804
Norman,3,FOXA1+HOXB9,combo_seen1,baseControl,0.09039058830020992,-0.65338905194981,0.008516331408716894,-0.8712599740051656,
Norman,3,FOXA3+HOXB9,combo_seen1,WitnessCell_v14,0.019807973640356337,0.6726541480178321,0.0020705202167640895,0.6051134917594864,0.9079114651930421
Norman,3,FOXA3+HOXB9,combo_seen1,WitnessCell_v13,0.02111068368123866,0.6511256092606148,0.0020860301423616724,0.6021554620272911,0.9069904712882714
Norman,3,FOXA3+HOXB9,combo_seen1,trainMean,0.03708021436511161,0.38721372597653925,0.002753684558368384,0.47482141384287335,0.8580318306175414
Norman,3,FOXA3+HOXB9,combo_seen1,baseControl,0.09732584052400607,-0.6084033008455803,0.00945824973497212,-0.8038631942203607,
Norman,3,FOXF1+HOXB9,combo_seen1,WitnessCell_v14,0.011390607616167886,0.6571293898494456,0.001538264526380815,0.39434896636468086,0.8360740634359044
Norman,3,FOXF1+HOXB9,combo_seen1,WitnessCell_v13,0.01188204106136925,0.642336668435233,0.001545201926620626,0.3916175482282508,0.8353818711739672
Norman,3,FOXF1+HOXB9,combo_seen1,trainMean,0.022202019696544374,0.33169324267445655,0.002009994548036049,0.2086177281331787,0.7764553945314231
Norman,3,FOXF1+HOXB9,combo_seen1,baseControl,0.042442256892569884,-0.27756156715174174,0.0048369976097069455,-0.9044400698123751,
Norman,3,FOXL2+HOXB9,combo_seen1,WitnessCell_v14,0.051693847176250377,0.34575395319816615,0.005792937263844606,0.289310535016191,0.8072819416661167
Norman,3,FOXL2+HOXB9,combo_seen1,WitnessCell_v13,0.05218168759589811,0.3395797625844075,0.0058039604607932295,0.2879581865295737,0.8069187871022452
Norman,3,FOXL2+HOXB9,combo_seen1,trainMean,0.06631385754073035,0.1607206367078945,0.0064540898190050405,0.20819897894389094,0.7649643921163933
Norman,3,FOXL2+HOXB9,combo_seen1,baseControl,0.11444098217506254,-0.4483843681604025,0.012885977091111164,-0.580878187967387,
Norman,3,IKZF3+MAP2K3,combo_seen1,WitnessCell_v14,0.48205586138083784,-0.09130662714402704,0.006172973146942835,0.038885563699707526,0.5185608080221248
Norman,3,IKZF3+MAP2K3,combo_seen1,WitnessCell_v13,0.4821140671538121,-0.09143839682234378,0.006175383926520971,0.03851021214703931,0.5183174659886449
Norman,3,IKZF3+MAP2K3,combo_seen1,trainMean,0.4949000692543621,-0.12038410611636308,0.006476786708929561,-0.008417347461321834,0.49127342736828244
Norman,3,IKZF3+MAP2K3,combo_seen1,baseControl,0.588991564238205,-0.3333940086194147,0.008431667138546548,-0.31278669387202385,
Norman,3,IKZF3+MAPK1,combo_seen1,WitnessCell_v14,0.15256123416672607,-0.6122031235703551,0.005985312340770125,-0.233758387436799,0.5148342499809552
Norman,3,IKZF3+MAPK1,combo_seen1,WitnessCell_v13,0.15260257203884237,-0.6126399648617331,0.005987263241592852,-0.23416052856428893,0.5148207432665606
Norman,3,IKZF3+MAPK1,combo_seen1,trainMean,0.1743888804850594,-0.842868533212676,0.00722576802799604,-0.4894547523422488,0.5018825335521626
Norman,3,IKZF3+MAPK1,combo_seen1,baseControl,0.14122576327119463,-0.4924146223515935,0.007731935232108859,-0.5937915016988033,
Norman,3,KLF1+MAP2K6,combo_seen1,WitnessCell_v14,0.015325362024300607,0.7881814850472235,0.0017345354164728568,0.6166037155800081,0.671860835987902
Norman,3,KLF1+MAP2K6,combo_seen1,WitnessCell_v13,0.015399802230591403,0.7871526144780134,0.001745304149109835,0.6142234285926572,0.6702763716050708
Norman,3,KLF1+MAP2K6,combo_seen1,trainMean,0.016165607720050053,0.7765680826892958,0.0017503277129920355,0.6131130357412395,0.7223912504176419
Norman,3,KLF1+MAP2K6,combo_seen1,baseControl,0.06856527958851974,0.05232935595693,0.002971053768991156,0.3432875656355633,
Norman,3,MAP2K3+MAP2K6,combo_seen1,WitnessCell_v14,0.06492053621296653,-0.7097302669257644,0.00465362509285011,-0.40421363073250416,-0.4934634414851267
Norman,3,MAP2K3+MAP2K6,combo_seen1,WitnessCell_v13,0.06504127093198861,-0.7129099049174108,0.004665869028538911,-0.40790819164899106,-0.4877217897876924
Norman,3,MAP2K3+MAP2K6,combo_seen1,trainMean,0.08264917152522723,-1.1766269710014612,0.005802446187684284,-0.7508660164431005,-0.4831587211884143
Norman,3,MAP2K3+MAP2K6,combo_seen1,baseControl,0.014414800613171543,0.6203755800908335,0.0011750263062996328,0.6454402916319422,
Norman,3,MAP2K3+SLC38A2,combo_seen1,WitnessCell_v14,0.09736031109488162,-0.7548704106648478,0.0063762356555777016,-0.35250141722907147,-0.5829539181601726
Norman,3,MAP2K3+SLC38A2,combo_seen1,WitnessCell_v13,0.09723651250233539,-0.7526390035904638,0.006375135207979796,-0.35226799471833803,-0.578237656215702
Norman,3,MAP2K3+SLC38A2,combo_seen1,trainMean,0.1195770897067753,-1.1553166188564883,0.007596311337482482,-0.6112989551556138,-0.5922826296611092
Norman,3,MAP2K3+SLC38A2,combo_seen1,baseControl,0.028401159810807493,0.48808344570737605,0.0019513284092432517,0.5860920797881439,
Norman,3,MAP2K6+SPI1,combo_seen1,WitnessCell_v14,0.013248606702677069,0.5253014378163682,0.00499927766019549,-1.910927014215988,0.7619711440808323
Norman,3,MAP2K6+SPI1,combo_seen1,WitnessCell_v13,0.013391294311084804,0.5201889302091429,0.005009762650230999,-1.9170321043535412,0.761700269120752
Norman,3,MAP2K6+SPI1,combo_seen1,trainMean,0.022496531032024602,0.19394762221572504,0.00659615648505576,-2.840740884472891,0.7620804995031615
Norman,3,MAP2K6+SPI1,combo_seen1,baseControl,0.036555790526926105,-0.3097966897237152,0.002439380575743115,-0.4203769621403095,
Norman,3,OSR2+UBASH3B,combo_seen1,WitnessCell_v14,0.011927248759994727,0.9097997809180048,0.0020424401085507838,-0.2170184356836129,0.7438347304368073
Norman,3,OSR2+UBASH3B,combo_seen1,WitnessCell_v13,0.011929319348118736,0.9097841220258184,0.0020424559875155917,-0.21702789740189288,0.7448668069988215
Norman,3,OSR2+UBASH3B,combo_seen1,trainMean,0.014301450634141125,0.8918447995553973,0.0025202563254356574,-0.5017323630996304,0.747538448684612
Norman,3,OSR2+UBASH3B,combo_seen1,baseControl,0.15676849117403752,-0.18556697639114805,0.0012542495555139185,0.25263667432994796,
Norman,3,PLK4+STIL,combo_seen1,WitnessCell_v14,0.011710786664666729,0.24659862539168842,0.002771438381461548,0.13329043346628788,0.6717204136732136
Norman,3,PLK4+STIL,combo_seen1,WitnessCell_v13,0.011712436157506216,0.24649250697212688,0.002778689665554791,0.13102274556266824,0.6706098283347182
Norman,3,PLK4+STIL,combo_seen1,trainMean,0.011250263543835716,0.2762259051131969,0.0027295113710194695,0.14640223176185196,0.6796609333705935
Norman,3,PLK4+STIL,combo_seen1,baseControl,0.022895130451371107,-0.4729345899488717,0.005041777994581725,-0.5767109416802896,
Norman,3,PTPN9+UBASH3B,combo_seen1,WitnessCell_v14,0.05248599316391468,0.16978382556063032,0.0030938553171685336,0.14642664583376253,0.7006463954485874
Norman,3,PTPN9+UBASH3B,combo_seen1,WitnessCell_v13,0.0525310170086188,0.1690716446175724,0.003094850283607018,0.14615214145229805,0.7005046287973772
Norman,3,PTPN9+UBASH3B,combo_seen1,trainMean,0.058983290644617416,0.06701047340594146,0.003470039193654939,0.04264010757714265,0.6547139328256585
Norman,3,PTPN9+UBASH3B,combo_seen1,baseControl,0.08463529650214655,-0.33874940434323464,0.005960324695499479,-0.644412495317799,
Norman,3,PTPN12+UBASH3B,combo_seen1,WitnessCell_v14,0.05517416017543292,0.6762515956846857,0.0017912500949978144,0.6343072955333342,0.9012474462743886
Norman,3,PTPN12+UBASH3B,combo_seen1,WitnessCell_v13,0.05516992815451735,0.6762764281427438,0.0017911526316096967,0.6343271931735838,0.9009297624251824
Norman,3,PTPN12+UBASH3B,combo_seen1,trainMean,0.05230633132502983,0.6930793101657995,0.0021117455418070974,0.5688765401964686,0.8511738596541367
Norman,3,PTPN12+UBASH3B,combo_seen1,baseControl,0.21162098075103875,-0.24173987641947892,0.007013568094131855,-0.4318551560536421,
Norman,3,RHOXF2+SET,combo_seen1,WitnessCell_v14,0.031456541931989206,0.7096269905823784,0.0031834521003233644,0.49075251170548206,0.814705198328539
Norman,3,RHOXF2+SET,combo_seen1,WitnessCell_v13,0.03145800021612613,0.7096135292694872,0.0031853700991329535,0.4904456950656979,0.8145262482965707
Norman,3,RHOXF2+SET,combo_seen1,trainMean,0.02261492121967689,0.7912433367120355,0.003360256061391404,0.4624697010153903,0.8043606556579936
Norman,3,RHOXF2+SET,combo_seen1,baseControl,0.1437350438497082,-0.326807547112165,0.009104441210082522,-0.45641073666183773,
Norman,3,RHOXF2+ZBTB25,combo_seen1,WitnessCell_v14,0.03452916058303729,0.6129318278612106,0.002350062031493057,0.48396415569851314,0.8335969025158231
Norman,3,RHOXF2+ZBTB25,combo_seen1,WitnessCell_v13,0.03452964551539806,0.6129263918216623,0.0023523032768646953,0.48347201424346165,0.8333772161011926
Norman,3,RHOXF2+ZBTB25,combo_seen1,trainMean,0.0472759437342241,0.4700417612720099,0.0028219310983460164,0.38034929402674744,0.8162037384287287
Norman,3,RHOXF2+ZBTB25,combo_seen1,baseControl,0.12628632994555372,-0.4156561605541871,0.007531687617612071,-0.6538375271312418,
Norman,3,SAMD1+UBASH3B,combo_seen1,WitnessCell_v14,0.014757570749359484,0.8378056420990203,0.0014778627732934919,0.6082947016364294,0.8841371398826167
Norman,3,SAMD1+UBASH3B,combo_seen1,WitnessCell_v13,0.014798945386958938,0.8373509105654364,0.0014787590694489068,0.6080571396927068,0.8840765603226376
Norman,3,SAMD1+UBASH3B,combo_seen1,trainMean,0.019428608873058174,0.7864681935397995,0.001675786719213479,0.5558352583843953,0.8688599045218639
Norman,3,SAMD1+UBASH3B,combo_seen1,baseControl,0.1306626265623011,-0.43605889999529457,0.006664294768667458,-0.7663612738049914,
Norman,3,SNAI1+UBASH3B,combo_seen1,WitnessCell_v14,0.006202357518266261,0.5926325700562209,0.0017880221858738248,-0.29550460870885,0.7715144728496123
Norman,3,SNAI1+UBASH3B,combo_seen1,WitnessCell_v13,0.006222920138985051,0.5912820284387066,0.0017882621997340673,-0.2956785098296273,0.7719141157852387
Norman,3,SNAI1+UBASH3B,combo_seen1,trainMean,0.007683940028315383,0.4953230458001807,0.0017594488724343692,-0.27480192417878824,0.7791595518529831
Norman,3,SNAI1+UBASH3B,combo_seen1,baseControl,0.020532284268847324,-0.3485491361699915,0.00277746502700327,-1.0124016197550145,
Norman,3,UBASH3A+UBASH3B,combo_seen1,WitnessCell_v14,0.005243726738244736,0.7154071438343925,0.0013126689575916372,-0.1962093079023488,0.8178819932784589
Norman,3,UBASH3A+UBASH3B,combo_seen1,WitnessCell_v13,0.005236826615751393,0.7157816342810344,0.0013126260730133045,-0.19617022803269046,0.8184739514738605
Norman,3,UBASH3A+UBASH3B,combo_seen1,trainMean,0.0177252215938307,0.03799879525279237,0.001165608484975846,-0.06219600230069844,0.6964025498751247
Norman,3,UBASH3A+UBASH3B,combo_seen1,baseControl,0.022405003876746474,-0.21598709543342198,0.001983422735935452,-0.807453984882933,
Norman,3,UBASH3B+ZBTB25,combo_seen1,WitnessCell_v14,0.016576611875872196,0.8224899999485121,0.001498368705501551,0.601909368719531,0.85976777892899
Norman,3,UBASH3B+ZBTB25,combo_seen1,WitnessCell_v13,0.016639942564295563,0.8218118257480499,0.0015002866867604475,0.6013997942954692,0.8596312802284741
Norman,3,UBASH3B+ZBTB25,combo_seen1,trainMean,0.03088475343075098,0.6692718256218244,0.001624801538581822,0.5683183532700622,0.8537039476716668
Norman,3,UBASH3B+ZBTB25,combo_seen1,baseControl,0.11727205476820037,-0.25580321261192784,0.005636589194477853,-0.49754419086540125,
Norman,3,BAK1+BCL2L11,combo_seen2,WitnessCell_v14,0.010153175012696077,0.4091370939892077,0.001519937776367773,0.3165351605353506,-0.005351794816573781
Norman,3,BAK1+BCL2L11,combo_seen2,WitnessCell_v13,0.009997034456308791,0.41822367653878156,0.0015114696453526718,0.32034299391826226,-0.010962307405714631
Norman,3,BAK1+BCL2L11,combo_seen2,trainMean,0.012243920401745014,0.28746639543851993,0.0017390673246088055,0.21799998110950547,-0.053317353165756885
Norman,3,BAK1+BCL2L11,combo_seen2,baseControl,0.003617863255297932,0.7894588447552657,0.0007852096042630987,0.6469176801393444,
Norman,3,BCL2L11+TGFBR2,combo_seen2,WitnessCell_v14,0.004953110647825455,0.6386709665913479,0.0007383859327912139,0.43330351905825304,0.5627376258175893
Norman,3,BCL2L11+TGFBR2,combo_seen2,WitnessCell_v13,0.004787068144760949,0.6507837541712883,0.0007369182876256279,0.4344299074598641,0.5584947332870632
Norman,3,BCL2L11+TGFBR2,combo_seen2,trainMean,0.009268463688078057,0.3238663006515473,0.0009441698593627533,0.2753684584841225,0.47434366032374503
Norman,3,BCL2L11+TGFBR2,combo_seen2,baseControl,0.007558876980347778,0.4485805169397822,0.0007136038284152543,0.4523232900431893,
Norman,3,CBL+PTPN9,combo_seen2,WitnessCell_v14,0.006475424979441077,0.8419126729767524,0.0010614523014211754,0.5785177939590289,0.8696268304133279
Norman,3,CBL+PTPN9,combo_seen2,WitnessCell_v13,0.0065104781011237015,0.8410569060845068,0.0010620489021057002,0.5782808953510534,0.8696106027273185
Norman,3,CBL+PTPN9,combo_seen2,trainMean,0.012704668061444558,0.6898354901912936,0.0013571740357358043,0.46109240537933516,0.8238424748003679
Norman,3,CBL+PTPN9,combo_seen2,baseControl,0.05376619876936708,-0.31261726830839054,0.004149039568878863,-0.6475034705760694,
Norman,3,CEBPA+CEBPE,combo_seen2,WitnessCell_v14,0.01800711568627367,0.9283462202408251,0.0032204446446609343,0.8145944512340108,0.9417697710904932
Norman,3,CEBPA+CEBPE,combo_seen2,WitnessCell_v13,0.01800711568627367,0.9283462202408251,0.0032204446446609343,0.8145944512340108,0.9417697710904932
Norman,3,CEBPA+CEBPE,combo_seen2,trainMean,0.12122312832166296,0.5176298364596055,0.010815639462843463,0.37732835334149695,0.9563303768901105
Norman,3,CEBPA+CEBPE,combo_seen2,baseControl,0.3288938895318296,-0.3087320998673986,0.022884371881675327,-0.3174856254465144,
Norman,3,CEBPA+ZC3HAV1,combo_seen2,WitnessCell_v14,0.027088609571151764,0.885156842038817,0.0038840238594532203,0.801248204404705,0.9254711176962696
Norman,3,CEBPA+ZC3HAV1,combo_seen2,WitnessCell_v13,0.027088609571151764,0.885156842038817,0.0038840238594532203,0.801248204404705,0.9254711176962696
Norman,3,CEBPA+ZC3HAV1,combo_seen2,trainMean,0.01220799918999944,0.9482437378085224,0.0032364019557342143,0.8343880667970838,0.9325360762385143
Norman,3,CEBPA+ZC3HAV1,combo_seen2,baseControl,0.2999399432484963,-0.2716064363096331,0.02453160127363503,-0.25532179471450833,
Norman,3,CEBPE+FOSB,combo_seen2,WitnessCell_v14,0.0333623563556347,0.8060595067443903,0.004126136446198163,0.6470608818142961,0.8905093897814322
Norman,3,CEBPE+FOSB,combo_seen2,WitnessCell_v13,0.0333623563556347,0.8060595067443903,0.004126136446198163,0.6470608818142961,0.8905093897814322
Norman,3,CEBPE+FOSB,combo_seen2,trainMean,0.01346602578402288,0.9217199272465335,0.002606230409494452,0.7770697419947703,0.9192464203319202
Norman,3,CEBPE+FOSB,combo_seen2,baseControl,0.23097234998487629,-0.3426776876001043,0.016052542782446118,-0.3730932963923419,
Norman,3,CEBPE+KLF1,combo_seen2,WitnessCell_v14,0.007666768745079284,0.9238258665792344,0.00120380199273635,0.5629928978412002,0.8135525979892217
Norman,3,CEBPE+KLF1,combo_seen2,WitnessCell_v13,0.007666768745079284,0.9238258665792344,0.00120380199273635,0.5629928978412002,0.8135525979892217
Norman,3,CEBPE+KLF1,combo_seen2,trainMean,0.03512507526876643,0.6510104505689275,0.004441833190861389,-0.6124849956418392,0.7562759475456903
Norman,3,CEBPE+KLF1,combo_seen2,baseControl,0.12131839229409797,-0.20537395978386597,0.0023803400402095955,0.13588321883399612,
Norman,3,CEBPE+PTPN12,combo_seen2,WitnessCell_v14,0.0029625797590824036,0.9507826957570222,0.0006738970404695317,0.5132273163079295,0.8786087742750148
Norman,3,CEBPE+PTPN12,combo_seen2,WitnessCell_v13,0.0029625797590824036,0.9507826957570222,0.0006738970404695317,0.5132273163079295,0.8786087742750148
Norman,3,CEBPE+PTPN12,combo_seen2,trainMean,0.030415642371164862,0.4947052751110127,0.004101872369288403,-1.9628849830972679,0.833549887667656
Norman,3,CEBPE+PTPN12,combo_seen2,baseControl,0.07780637828336553,-0.2925964880023004,0.0024541906686963355,-0.7727232890962135,
Norman,3,CEBPE+SPI1,combo_seen2,WitnessCell_v14,0.06114039079630529,0.800387250119686,0.004869239394517344,0.7245557043071584,0.9066193018971309
Norman,3,CEBPE+SPI1,combo_seen2,WitnessCell_v13,0.06114039079630529,0.800387250119686,0.004869239394517344,0.7245557043071584,0.9066193018971309
Norman,3,CEBPE+SPI1,combo_seen2,trainMean,0.02168431700968978,0.9292044736514472,0.003728025367427327,0.7891121716438316,0.9311026982236217
Norman,3,CEBPE+SPI1,combo_seen2,baseControl,0.3999203346393119,-0.3056703872954716,0.02362675097952649,-0.33652368589507575,
Norman,3,COL2A1+KLF1,combo_seen2,WitnessCell_v14,0.015063942594799071,0.8895872551697611,0.0016452444335070388,0.6945342150065636,0.8386216685832424
Norman,3,COL2A1+KLF1,combo_seen2,WitnessCell_v13,0.015063942594799071,0.8895872551697611,0.0016452444335070388,0.6945342150065636,0.8386216685832424
Norman,3,COL2A1+KLF1,combo_seen2,trainMean,0.013587484935415357,0.9004091062072491,0.001860977573536373,0.654479927858673,0.8492269439252907
Norman,3,COL2A1+KLF1,combo_seen2,baseControl,0.17164885697355498,-0.25811827323125036,0.005460932932763762,-0.013909016271444141,
Norman,3,ETS2+IGDCC3,combo_seen2,WitnessCell_v14,0.007204662044053688,0.8691044851696312,0.0013227439146386369,0.06295459092995181,0.7674767764426992
Norman,3,ETS2+IGDCC3,combo_seen2,WitnessCell_v13,0.007204662044053688,0.8691044851696312,0.0013227439146386369,0.06295459092995181,0.7674767764426992
Norman,3,ETS2+IGDCC3,combo_seen2,trainMean,0.006678357926315518,0.8786664671234606,0.0014462870569092972,-0.024564643145251974,0.8140116742628055
Norman,3,ETS2+IGDCC3,combo_seen2,baseControl,0.07108053223521055,-0.29140309489236826,0.002256391310248634,-0.5984508376374986,
Norman,3,ETS2+PRTG,combo_seen2,WitnessCell_v14,0.008397975688818917,0.7568844535880696,0.001366823046501517,0.19085136456856755,0.7819113299744003
Norman,3,ETS2+PRTG,combo_seen2,WitnessCell_v13,0.008397975688818917,0.7568844535880696,0.001366823046501517,0.19085136456856755,0.7819113299744003
Norman,3,ETS2+PRTG,combo_seen2,trainMean,0.005404931997303276,0.8435309835924858,0.001275870218458956,0.24469473287263444,0.8373691294714987
Norman,3,ETS2+PRTG,combo_seen2,baseControl,0.04989070170260747,-0.444301061915777,0.0029688024644319863,-0.7575080176685838,
Norman,3,FOXA1+FOXA3,combo_seen2,WitnessCell_v14,0.020046859319381355,0.6364030465894204,0.0017430397648652539,0.5403676689208399,0.8587434736797753
Norman,3,FOXA1+FOXA3,combo_seen2,WitnessCell_v13,0.020137026404696355,0.6347676543817868,0.001751207193730187,0.5382139519237967,0.8579906403025238
Norman,3,FOXA1+FOXA3,combo_seen2,trainMean,0.021048087517203926,0.6182434178616878,0.0017838201967898077,0.529614038759484,0.8564611064955762
Norman,3,FOXA1+FOXA3,combo_seen2,baseControl,0.08435025229047526,-0.5298902568034292,0.006685058659695659,-0.7628221438736795,
Norman,3,FOXA1+FOXF1,combo_seen2,WitnessCell_v14,0.01531340321782386,0.4709818969981182,0.0017837692741400157,0.3922411907498734,0.8571303765466491
Norman,3,FOXA1+FOXF1,combo_seen2,WitnessCell_v13,0.015444239899152841,0.4664620021076632,0.0017907535135592777,0.38986154832946285,0.8557419718879405
Norman,3,FOXA1+FOXF1,combo_seen2,trainMean,0.019040111044894996,0.34223873801013194,0.0020844010706655976,0.2898111145466591,0.8363824107317787
Norman,3,FOXA1+FOXF1,combo_seen2,baseControl,0.05029935634264711,-0.7376457535991277,0.005829620657401578,-0.986245284346241,
Norman,3,FOXA1+KLF1,combo_seen2,WitnessCell_v14,0.023314881118896243,0.766997738592496,0.001974055245714333,0.4284103594561427,0.74125638814499
Norman,3,FOXA1+KLF1,combo_seen2,WitnessCell_v13,0.023440240107968642,0.7657449366677221,0.0019822442220592926,0.4260392332905506,0.7399172963914029
Norman,3,FOXA1+KLF1,combo_seen2,trainMean,0.014822578001101917,0.8518673899071818,0.0016557467362368068,0.5205769018613289,0.7916819155624608
Norman,3,FOXA1+KLF1,combo_seen2,baseControl,0.1267228669238198,-0.2664321303942392,0.004346886590703156,-0.2586452933670751,
Norman,3,FOXF1+FOXL2,combo_seen2,WitnessCell_v14,0.028142248244909983,0.49304446813351543,0.0033465301441249953,0.38170735814633583,0.8776105268248993
Norman,3,FOXF1+FOXL2,combo_seen2,WitnessCell_v13,0.028122598112494117,0.4933984463673594,0.003345929922092301,0.38181825296882677,0.8775515538342524
Norman,3,FOXF1+FOXL2,combo_seen2,trainMean,0.03804309394830927,0.31469025649363314,0.004140458907317571,0.23502399021082943,0.8193229214976715
Norman,3,FOXF1+FOXL2,combo_seen2,baseControl,0.08051398868107691,-0.4503820590058907,0.009265469640803686,-0.7118542058509718,
Norman,3,KLF1+TGFBR2,combo_seen2,WitnessCell_v14,0.010737044234365074,0.9153615689131427,0.0008889155187419782,0.7384015423189161,0.8482539580840378
Norman,3,KLF1+TGFBR2,combo_seen2,WitnessCell_v13,0.010737044234365074,0.9153615689131427,0.0008889155187419782,0.7384015423189161,0.8482539580840378
Norman,3,KLF1+TGFBR2,combo_seen2,trainMean,0.0031911673831357366,0.9748445293929505,0.0007391173251885396,0.7824855700704516,0.8880476180764878
Norman,3,KLF1+TGFBR2,combo_seen2,baseControl,0.15241016961992532,-0.20142539759920242,0.003153749333029356,0.0718848484040242,
Norman,3,SAMD1+ZBTB1,combo_seen2,WitnessCell_v14,0.005090536562617172,0.9450693275936157,0.0012173468175510718,0.7377216885837217,0.9200700825280297
Norman,3,SAMD1+ZBTB1,combo_seen2,WitnessCell_v13,0.005090536562617172,0.9450693275936157,0.0012173468175510718,0.7377216885837217,0.9200700825280297
Norman,3,SAMD1+ZBTB1,combo_seen2,trainMean,0.007971458253513393,0.9139820416691421,0.0014255850642680575,0.6928565976057137,0.9153383763496722
Norman,3,SAMD1+ZBTB1,combo_seen2,baseControl,0.1393261386105567,-0.5034325720918198,0.007602401018698161,-0.6379431671779068,
Norman,3,SGK1+TBX3,combo_seen2,WitnessCell_v14,0.1718081796156593,0.8507962973529005,0.0011528081421915244,0.7101223629845936,0.9002811064954618
Norman,3,SGK1+TBX3,combo_seen2,WitnessCell_v13,0.1718081796156593,0.8507962973529005,0.0011528081421915244,0.7101223629845936,0.9002811064954618
Norman,3,SGK1+TBX3,combo_seen2,trainMean,0.005181102578688861,0.9955005652800458,0.0013466298681376631,0.6613852124881496,0.9093306417309976
Norman,3,SGK1+TBX3,combo_seen2,baseControl,1.3777606109251026,-0.19649125537105006,0.005978519655867949,-0.5033196654896972,
Norman,3,AHR,unseen_single,WitnessCell_v14,0.04503575606631158,-0.29911291066157264,0.0013755959071184392,-0.061220502875679594,0.6525288628420592
Norman,3,AHR,unseen_single,WitnessCell_v13,0.045459193786150376,-0.31132750317099345,0.0013807167719792515,-0.06517105750776864,0.650065861293207
Norman,3,AHR,unseen_single,trainMean,0.04598082033310297,-0.32637447564087196,0.001450722143411748,-0.11917756849777006,0.6504891613921648
Norman,3,AHR,unseen_single,baseControl,0.047050877597169256,-0.3572416205123572,0.0023845047647646613,-0.8395557390642427,
Norman,3,ATL1,unseen_single,WitnessCell_v14,0.057407003349456774,-0.16554658449601667,0.002909373890746627,-0.14846699814945796,0.6172087596050891
Norman,3,ATL1,unseen_single,WitnessCell_v13,0.05743794620630216,-0.16617482389202132,0.0029240643509048517,-0.15426601515892902,0.6114554280325073
Norman,3,ATL1,unseen_single,trainMean,0.057871496492640326,-0.17497728745857688,0.003034554205103719,-0.1978815681757946,0.6252510877363234
Norman,3,ATL1,unseen_single,baseControl,0.06653143664036965,-0.3508018919877962,0.004403742586687372,-0.7383647544378922,
Norman,3,CDKN1A,unseen_single,WitnessCell_v14,0.015041512707071415,0.5161376892168499,0.001350270957108035,0.16782058051107152,0.8198697482428471
Norman,3,CDKN1A,unseen_single,WitnessCell_v13,0.013832551699294614,0.555028103915273,0.0013440433500125225,0.17165868902571235,0.819860979857569
Norman,3,CDKN1A,unseen_single,trainMean,0.03355842933350013,-0.07952301605454037,0.0019389496373887253,-0.19498532880857766,0.6941384473443803
Norman,3,CDKN1A,unseen_single,baseControl,0.041203128635369984,-0.32544122531191677,0.0032121927983687184,-0.9796920937692368,
Norman,3,CEBPB,unseen_single,WitnessCell_v14,0.07189784218380235,0.048665136260919284,0.0036427280886646165,0.14127157001824087,0.8049173315405992
Norman,3,CEBPB,unseen_single,WitnessCell_v13,0.0719129248457406,0.048465566124959225,0.003643903158900431,0.14099456163491975,0.8042575199429189
Norman,3,CEBPB,unseen_single,trainMean,0.08830468917234618,-0.16842629611242477,0.004791469574396803,-0.12953013367393318,0.7251751320633267
Norman,3,CEBPB,unseen_single,baseControl,0.1083840093464414,-0.4341110057169604,0.007070665657279991,-0.6668226315590404,
Norman,3,CLDN6,unseen_single,WitnessCell_v14,0.13142535058975308,0.21654242348733943,0.003313797282911934,-0.028943398473127546,0.6987266706073765
Norman,3,CLDN6,unseen_single,WitnessCell_v13,0.12467828930271554,0.25676325044959947,0.0032949897410078444,-0.023103603690413976,0.7013601924811605
Norman,3,CLDN6,unseen_single,trainMean,0.19873258134384553,-0.18469188672564862,0.0037777879376627867,-0.17301380483775297,0.59830010694402
Norman,3,CLDN6,unseen_single,baseControl,0.21077800163433158,-0.2564974839450058,0.005229704875221643,-0.6238381071377821,
Norman,3,CNN1,unseen_single,WitnessCell_v14,0.0995854795377604,0.26473040468461007,0.0021578088016174102,0.13758401034346213,0.47878029791404914
Norman,3,CNN1,unseen_single,WitnessCell_v13,0.09550167297262172,0.29488237879201296,0.0021458203011003882,0.14237547960159835,0.4833499473707022
Norman,3,CNN1,unseen_single,trainMean,0.15113453983222175,-0.11587183650081845,0.0024812296178478503,0.008321731361269569,0.3463834018351686
Norman,3,CNN1,unseen_single,baseControl,0.1541841450729412,-0.1383879906793528,0.0027826190674082687,-0.11213522488983996,
Norman,3,CNNM4,unseen_single,WitnessCell_v14,0.11030100098458022,-0.10776496955508486,0.0015584116667189457,0.10000330585417638,0.37578424535728666
Norman,3,CNNM4,unseen_single,WitnessCell_v13,0.11052703272813122,-0.11003503098044098,0.001567373597084751,0.09482771080786156,0.37362908827851843
Norman,3,CNNM4,unseen_single,trainMean,0.11503938889767965,-0.15535311558676534,0.0015493302562637995,0.1052479017221094,0.3605017260454826
Norman,3,CNNM4,unseen_single,baseControl,0.12035358609879367,-0.20872417702912482,0.0017061770063965002,0.014667498853241145,
Norman,3,COL1A1,unseen_single,WitnessCell_v14,0.12589711338451912,0.29109475198874,0.0032022514053775286,0.13684166188778224,0.7032670645022115
Norman,3,COL1A1,unseen_single,WitnessCell_v13,0.11494056711525365,0.3527892018577993,0.003156670898345056,0.14912776616878665,0.7120368098366956
Norman,3,COL1A1,unseen_single,trainMean,0.18681580867236947,-0.05192806744364087,0.0038728052276524485,-0.043904335093481794,0.525702912267741
Norman,3,COL1A1,unseen_single,baseControl,0.18863686444545277,-0.06218212299547177,0.005058562213884518,-0.36352197283493815,
Norman,3,CSRNP1,unseen_single,WitnessCell_v14,0.027981852502892535,0.20281574589674767,0.00205353275428193,0.19734796425869094,-0.37003896540249587
Norman,3,CSRNP1,unseen_single,WitnessCell_v13,0.02820435835971621,0.1964767029228327,0.00205864670875628,0.1953491035339393,-0.3636332125376928
Norman,3,CSRNP1,unseen_single,trainMean,0.024385558703797456,0.305271749818268,0.0017471549729280718,0.3171000107730747,-0.38010552640602724
Norman,3,CSRNP1,unseen_single,baseControl,0.008876464551788903,0.7471154644939852,0.0007383293728037085,0.7114136246949099,
Norman,3,DUSP9,unseen_single,WitnessCell_v14,0.18232472334987665,0.11134897762389906,0.004552273745440118,0.056477294903859,0.5453559568904368
Norman,3,DUSP9,unseen_single,WitnessCell_v13,0.17343274616089055,0.15468849008691277,0.004526056802265143,0.061911124793500916,0.550030715401457
Norman,3,DUSP9,unseen_single,trainMean,0.25396315259370883,-0.2378168525459594,0.005188414878366594,-0.0753718943420485,0.37959900111123834
Norman,3,DUSP9,unseen_single,baseControl,0.2598488677790311,-0.2665038387141174,0.006023699367672065,-0.24849634268256726,
Norman,3,HK2,unseen_single,WitnessCell_v14,0.00634333146992596,0.7347099997196787,0.0007762162041210924,0.3385260085974233,0.5424182171106439
Norman,3,HK2,unseen_single,WitnessCell_v13,0.005640687312300593,0.764095894128185,0.0007732352208040987,0.3410663355353658,0.5455367160880026
Norman,3,HK2,unseen_single,trainMean,0.022274841923870557,0.06842439997910021,0.0009388863119455275,0.19990220129575265,0.43137933954515556
Norman,3,HK2,unseen_single,baseControl,0.020024910295805422,0.16252075377520225,0.001054635390052262,0.10126344022643863,
Norman,3,HNF4A,unseen_single,WitnessCell_v14,0.03290302432802431,0.10148790161247578,0.003093221766153479,-0.0426811069457218,0.6577878588126537
Norman,3,HNF4A,unseen_single,WitnessCell_v13,0.03299094728206271,0.09908691144385506,0.0030949958550110703,-0.043279127092254566,0.6561122471894757
Norman,3,HNF4A,unseen_single,trainMean,0.03822908539387969,-0.04395557667428651,0.0034684540368638593,-0.1691665738679935,0.6587416600886323
Norman,3,HNF4A,unseen_single,baseControl,0.04249079416786489,-0.1603338419381437,0.005098278405212854,-0.7185572108770186,
Norman,3,HOXB9,unseen_single,WitnessCell_v14,0.01854116680418639,0.6369096305002176,0.0007992219772454563,0.17973806828493666,0.7929087559229546
Norman,3,HOXB9,unseen_single,WitnessCell_v13,0.021497296565994025,0.5790199486458,0.0008087985144587874,0.16990942350614624,0.7905939121346826
Norman,3,HOXB9,unseen_single,trainMean,0.05370101816025577,-0.05162327334864858,0.0010637114474253881,-0.09171423145763513,0.7245186724756293
Norman,3,HOXB9,unseen_single,baseControl,0.0556992637002512,-0.09075477565002554,0.0020391117577709004,-1.0927924869843362,
Norman,3,IKZF3,unseen_single,WitnessCell_v14,0.5312081806148471,-0.21163686777665713,0.007523916466537129,-0.03662475107416374,0.6500628005631345
Norman,3,IKZF3,unseen_single,WitnessCell_v13,0.5312634627210334,-0.21176296116231663,0.007525706371700112,-0.03687135934025432,0.6477388020504232
Norman,3,IKZF3,unseen_single,trainMean,0.5694682100672555,-0.2989044663160896,0.008214189120092105,-0.13172864023178277,0.5963762347097691
Norman,3,IKZF3,unseen_single,baseControl,0.6189129387213639,-0.41168333219347275,0.010502691215913278,-0.4470322359009118,
Norman,3,MAP2K6,unseen_single,WitnessCell_v14,0.026894573660784675,0.1445667037525762,0.0019925501152366393,0.2595696761025209,-0.5218807774148181
Norman,3,MAP2K6,unseen_single,WitnessCell_v13,0.027037233516429247,0.14002913449807042,0.002006473351253895,0.2543958106749339,-0.5139710111434499
Norman,3,MAP2K6,unseen_single,trainMean,0.024797642678331983,0.21126359974904996,0.0018242734633427031,0.3221011702483598,-0.46414561585122827
Norman,3,MAP2K6,unseen_single,baseControl,0.0073245479035101806,0.7670287606842449,0.0007210984272806181,0.732040294499724,
Norman,3,PLK4,unseen_single,WitnessCell_v14,0.006953508977718376,0.034269770817929035,0.0016539197840643013,0.01846451340213695,0.4894991385147933
Norman,3,PLK4,unseen_single,WitnessCell_v13,0.006969639185892032,0.03202954510078182,0.0016634342759468466,0.012818041602448815,0.4854612180455138
Norman,3,PLK4,unseen_single,trainMean,0.0067855652135430985,0.05759445054242518,0.0016056130468847967,0.04713263699572767,0.5118305645286629
Norman,3,PLK4,unseen_single,baseControl,0.006828978745187869,0.05156501130545099,0.0021663257544116505,-0.2856280116927694,
Norman,3,PTPN13,unseen_single,WitnessCell_v14,0.06020442282297546,-0.13860495589275756,0.0016738937145013943,0.06897758191625636,0.41266962038547733
Norman,3,PTPN13,unseen_single,WitnessCell_v13,0.06048845482411646,-0.14397665831871076,0.0016865301736289145,0.06194916270958972,0.40853726717237604
Norman,3,PTPN13,unseen_single,trainMean,0.06167514830593795,-0.1664197782120871,0.001655747689718498,0.07907043053957052,0.41644486833514804
Norman,3,PTPN13,unseen_single,baseControl,0.06521327517192826,-0.2333339449011249,0.0019843162155307225,-0.10367992018925598,
Norman,3,RHOXF2,unseen_single,WitnessCell_v14,0.04276038265460706,-0.22472793368476984,0.0033513549009790288,-0.11977287049819041,0.5821059162974083
Norman,3,RHOXF2,unseen_single,WitnessCell_v13,0.042775004702430904,-0.22514673326760315,0.00335373197423026,-0.12056711110133822,0.581247554575701
Norman,3,RHOXF2,unseen_single,trainMean,0.04257688741359513,-0.21947232712996456,0.0035273061933760617,-0.1785626703184766,0.5958893045848653
Norman,3,RHOXF2,unseen_single,baseControl,0.049893388014842506,-0.42902897996790723,0.004921365099225206,-0.6443531905018927,
Norman,3,SLC38A2,unseen_single,WitnessCell_v14,0.012892389962881438,0.29352732440873786,0.0013547059594442858,0.2815244368054426,-0.08624349315262711
Norman,3,SLC38A2,unseen_single,WitnessCell_v13,0.012932167795036042,0.29134759267611177,0.001355581100411094,0.28106030110527935,-0.08449335674437326
Norman,3,SLC38A2,unseen_single,trainMean,0.012108039778117221,0.33650787147768735,0.0012187849753759617,0.353610858879283,-0.09940821177141869
Norman,3,SLC38A2,unseen_single,baseControl,0.004028027121537854,0.779273578746837,0.0005824431958597333,0.6910981307369306,
Norman,3,UBASH3B,unseen_single,WitnessCell_v14,0.006568510936772886,0.43605970622966006,0.0007317645803737284,0.150403296515506,0.6134483776579336
Norman,3,UBASH3B,unseen_single,WitnessCell_v13,0.006873494037386862,0.40987534557154504,0.0007336527053257762,0.1482111369357032,0.6144109511090703
Norman,3,UBASH3B,unseen_single,trainMean,0.010478166630798888,0.10039574801249795,0.0007256997729694741,0.1574446873071883,0.5480087360742737
Norman,3,UBASH3B,unseen_single,baseControl,0.007980908726618129,0.31479812469422175,0.0009678340199676969,-0.12367913798827268,
Norman,3,CNN1+UBASH3B,combo_seen0,WitnessCell_v14,0.38722594247867126,0.01796869448372318,0.0077102594339278465,0.06527601469639466,0.5603731846375508
Norman,3,CNN1+UBASH3B,combo_seen0,WitnessCell_v13,0.385784875543925,0.02162333816334483,0.007699335937541759,0.06660028324571521,0.561239893679545
Norman,3,CNN1+UBASH3B,combo_seen0,trainMean,0.40791262334697964,-0.034494134039245505,0.008012391760283056,0.028648150926067206,0.5302104150048544
Norman,3,CNN1+UBASH3B,combo_seen0,baseControl,0.492716299779486,-0.24956202062378474,0.011024902267716376,-0.3365621057984034,
Norman,3,IKZF3+MAP2K6,combo_seen0,WitnessCell_v14,0.5656005427438819,-0.1260902120909233,0.006554131242862934,0.06121300423481835,0.5483028557924438
Norman,3,IKZF3+MAP2K6,combo_seen0,WitnessCell_v13,0.5657451817217904,-0.12637818306160065,0.006566358034080992,0.05946168858822565,0.546903923528083
Norman,3,IKZF3+MAP2K6,combo_seen0,trainMean,0.585737460168281,-0.16618208594820683,0.0067678089530293795,0.030606681572668437,0.5265482043717713
Norman,3,IKZF3+MAP2K6,combo_seen0,baseControl,0.7005875130055144,-0.3948443848397736,0.009370285930627205,-0.34216149361570336,
Wessels,1,DOT1L+GFI1,combo_seen1,WitnessCell_v14,0.19729448428470814,-0.26189337044377203,0.0061235095365906435,-0.23178794655732604,0.6002988937436073
Wessels,1,DOT1L+GFI1,combo_seen1,WitnessCell_v13,0.19729448428470814,-0.26189337044377203,0.0061235095365906435,-0.23178794655732604,0.6002988937436073
Wessels,1,DOT1L+GFI1,combo_seen1,trainMean,0.20624571402719816,-0.31914533828422686,0.00740026920271868,-0.4886173281381856,0.4950624054489223
Wessels,1,DOT1L+GFI1,combo_seen1,baseControl,0.24806800204200014,-0.5866402364513275,0.009542548057230078,-0.919552114045449,
Wessels,1,DOT1L+IKZF1,combo_seen1,WitnessCell_v14,0.009264443999384335,0.14474927745730704,0.002769793187235991,-0.011347954428508444,0.549726922617
Wessels,1,DOT1L+IKZF1,combo_seen1,WitnessCell_v13,0.009264443999384335,0.14474927745730704,0.002769793187235991,-0.011347954428508444,0.549726922617
Wessels,1,DOT1L+IKZF1,combo_seen1,trainMean,0.009631623101778989,0.11085299694155515,0.003642322747848571,-0.32993888402225413,0.49343282347790357
Wessels,1,DOT1L+IKZF1,combo_seen1,baseControl,0.00870530048232137,0.1963668269837484,0.0032624694835784417,-0.19124122833701174,
Wessels,1,DOT1L+INTS1,combo_seen1,WitnessCell_v14,0.044916159913325746,0.17707636553355444,0.0035320439138155856,0.061851396868876085,0.32694169235782394
Wessels,1,DOT1L+INTS1,combo_seen1,WitnessCell_v13,0.044916159913325746,0.17707636553355444,0.0035320439138155856,0.061851396868876085,0.32694169235782394
Wessels,1,DOT1L+INTS1,combo_seen1,trainMean,0.04745652438484341,0.13053351842007,0.0046200745463425615,-0.22714116465519063,0.2713470620632521
Wessels,1,DOT1L+INTS1,combo_seen1,baseControl,0.018388363585568272,0.6631007854872997,0.002355987753874475,0.37422447902023026,
Wessels,1,EP300+GFI1,combo_seen1,WitnessCell_v14,0.010766661539151146,0.6460289670144701,0.003625426027316193,0.16729595827095234,0.7876590585156593
Wessels,1,EP300+GFI1,combo_seen1,WitnessCell_v13,0.010766661539151146,0.6460289670144701,0.003625426027316193,0.16729595827095234,0.7876590585156593
Wessels,1,EP300+GFI1,combo_seen1,trainMean,0.014247012889604015,0.5316069097971394,0.004950522838903107,-0.1370581955241883,0.7707113586594508
Wessels,1,EP300+GFI1,combo_seen1,baseControl,0.05175712495689188,-0.7015973724754585,0.008984293770820327,-1.0635527186804499,
Wessels,1,EP300+IKZF1,combo_seen1,WitnessCell_v14,0.013362216274486569,0.6639934706973185,0.0043875491251681945,0.11678440814636981,0.7052798587017501
Wessels,1,EP300+IKZF1,combo_seen1,WitnessCell_v13,0.013362216274486569,0.6639934706973185,0.0043875491251681945,0.11678440814636981,0.7052798587017501
Wessels,1,EP300+IKZF1,combo_seen1,trainMean,0.020741844099930115,0.4784252174796797,0.007172288067224456,-0.44378478041440483,0.6412073306236332
Wessels,1,EP300+IKZF1,combo_seen1,baseControl,0.037770593239267174,0.050219987214124684,0.006922139093623398,-0.3934296806838311,
Wessels,1,EP300+INTS1,combo_seen1,WitnessCell_v14,0.011474260269882087,0.774256995914924,0.002727151001270578,0.5291355706003112,0.8458173883185429
Wessels,1,EP300+INTS1,combo_seen1,WitnessCell_v13,0.011474260269882087,0.774256995914924,0.002727151001270578,0.5291355706003112,0.8458173883185429
Wessels,1,EP300+INTS1,combo_seen1,trainMean,0.0158418950936297,0.6883287545582804,0.004395733587595398,0.24104144341408384,0.7989288134965724
Wessels,1,EP300+INTS1,combo_seen1,baseControl,0.06359929852203677,-0.2512437724419554,0.009369843935158613,-0.6177784860600242,
Wessels,1,FLI1+GFI1,combo_seen1,WitnessCell_v14,0.04497888895632703,0.6320966725253512,0.004068671313610924,0.5023013909104701,0.8749049900590526
Wessels,1,FLI1+GFI1,combo_seen1,WitnessCell_v13,0.04497888895632703,0.6320966725253512,0.004068671313610924,0.5023013909104701,0.8749049900590526
Wessels,1,FLI1+GFI1,combo_seen1,trainMean,0.04536985737122242,0.6288987593684218,0.004758406926051971,0.4179297549409957,0.8382858058007654
Wessels,1,FLI1+GFI1,combo_seen1,baseControl,0.21331368455647626,-0.7447921939647173,0.01577177982133271,-0.9292767281752066,
Wessels,1,FLI1+IKZF1,combo_seen1,WitnessCell_v14,0.013497973496930172,0.7960140910210035,0.0026232556818263,0.5103596728297768,0.8836514106711536
Wessels,1,FLI1+IKZF1,combo_seen1,WitnessCell_v13,0.013497973496930172,0.7960140910210035,0.0026232556818263,0.5103596728297768,0.8836514106711536
Wessels,1,FLI1+IKZF1,combo_seen1,trainMean,0.01471780297206076,0.777579618295118,0.0033172254574472936,0.38082766024885084,0.8501835935226841
Wessels,1,FLI1+IKZF1,combo_seen1,baseControl,0.13531025515651118,-1.0448540218691518,0.011803775618072668,-1.2032181596013043,
Wessels,1,FLI1+INTS1,combo_seen1,WitnessCell_v14,0.013087367591439867,0.8168068616467502,0.002263266615330361,0.3347451522878889,0.8523312436386412
Wessels,1,FLI1+INTS1,combo_seen1,WitnessCell_v13,0.013087367591439867,0.8168068616467502,0.002263266615330361,0.3347451522878889,0.8523312436386412
Wessels,1,FLI1+INTS1,combo_seen1,trainMean,0.01250403997716386,0.8249721107391064,0.002832153402198893,0.16752901866926273,0.8403405266106421
Wessels,1,FLI1+INTS1,combo_seen1,baseControl,0.07751692923476777,-0.0850592713015974,0.006071319197546727,-0.7845774337046056,
Wessels,1,GATA2+GFI1,combo_seen1,WitnessCell_v14,0.34835070435388216,-0.2169962016199105,0.007740290573973648,-0.18101915612118424,0.5546900015023769
Wessels,1,GATA2+GFI1,combo_seen1,WitnessCell_v13,0.34835070435388216,-0.2169962016199105,0.007740290573973648,-0.18101915612118424,0.5546900015023769
Wessels,1,GATA2+GFI1,combo_seen1,trainMean,0.3709747347104127,-0.29603539592927697,0.008427263108172434,-0.2858379242105804,0.48702242686319214
Wessels,1,GATA2+GFI1,combo_seen1,baseControl,0.4084102807911819,-0.42682002422611265,0.01088961583564983,-0.6615454913213485,
Wessels,1,GATA2+IKZF1,combo_seen1,WitnessCell_v14,0.006230773825021076,0.31718775330886195,0.0017423637779409827,0.1254561211105255,0.593405636327575
Wessels,1,GATA2+IKZF1,combo_seen1,WitnessCell_v13,0.006230773825021076,0.31718775330886195,0.0017423637779409827,0.1254561211105255,0.593405636327575
Wessels,1,GATA2+IKZF1,combo_seen1,trainMean,0.010066613370834629,-0.10317066312183032,0.002748768116020125,-0.3796879622880791,0.5587099898484537
Wessels,1,GATA2+IKZF1,combo_seen1,baseControl,0.0049007311068670414,0.46294323763265255,0.002325655957716264,-0.16731546418344423,
Wessels,1,GATA2+INTS1,combo_seen1,WitnessCell_v14,0.03352225886905656,0.26147295426011874,0.0025977689256762022,0.18932946953820118,0.2484055091540327
Wessels,1,GATA2+INTS1,combo_seen1,WitnessCell_v13,0.03352225886905656,0.26147295426011874,0.0025977689256762022,0.18932946953820118,0.2484055091540327
Wessels,1,GATA2+INTS1,combo_seen1,trainMean,0.054603992733978694,-0.20297756773937103,0.004340840308420469,-0.354620605664987,0.18484810794088744
Wessels,1,GATA2+INTS1,combo_seen1,baseControl,0.010667811511951293,0.7649780299350987,0.0015162935518177592,0.5268191539907878,
Wessels,1,GFI1+GSE1,combo_seen1,WitnessCell_v14,0.3396987566978859,-0.2336063754375386,0.010804688247724292,-0.22709867350183655,0.47859498156264507
Wessels,1,GFI1+GSE1,combo_seen1,WitnessCell_v13,0.3396987566978859,-0.2336063754375386,0.010804688247724292,-0.22709867350183655,0.47859498156264507
Wessels,1,GFI1+GSE1,combo_seen1,trainMean,0.33969876250657505,-0.23360639653162796,0.010804688249987768,-0.2270986737589018,0.4785949818229852
Wessels,1,GFI1+GSE1,combo_seen1,baseControl,0.3694519004739583,-0.34165407101422685,0.013926898479118871,-0.5816910453960558,
Wessels,1,GFI1+HDAC3,combo_seen1,WitnessCell_v14,0.43715484618211836,0.10358571780772852,0.007938235241308975,0.17205901289465464,0.711313446616758
Wessels,1,GFI1+HDAC3,combo_seen1,WitnessCell_v13,0.43715484618211836,0.10358571780772852,0.007938235241308975,0.17205901289465464,0.711313446616758
Wessels,1,GFI1+HDAC3,combo_seen1,trainMean,0.42890155120724316,0.12050963288092831,0.009336077417525214,0.02626705838423138,0.6090141285661591
Wessels,1,GFI1+HDAC3,combo_seen1,baseControl,0.7029196729312049,-0.4413822460221566,0.014831887622464084,-0.5469342121377561,
Wessels,1,GFI1+KDM1A,combo_seen1,WitnessCell_v14,0.09100732449736691,0.7766608271557311,0.004507579578097426,0.6452298094530429,0.9042217723272925
Wessels,1,GFI1+KDM1A,combo_seen1,WitnessCell_v13,0.09100732449736691,0.7766608271557311,0.004507579578097426,0.6452298094530429,0.9042217723272925
Wessels,1,GFI1+KDM1A,combo_seen1,trainMean,0.5218924310536164,-0.2807653066272888,0.014713993511838318,-0.1580685801458177,0.5506025031196907
Wessels,1,GFI1+KDM1A,combo_seen1,baseControl,0.5847619729854945,-0.43505213540413057,0.020625150579185392,-0.623307691913394,
Wessels,1,GFI1+MED24,combo_seen1,WitnessCell_v14,0.03550412048028468,-0.11863441662793694,0.00599277760308344,-0.22712233184329733,0.7161900093780073
Wessels,1,GFI1+MED24,combo_seen1,WitnessCell_v13,0.03550412048028468,-0.11863441662793694,0.00599277760308344,-0.22712233184329733,0.7161900093780073
Wessels,1,GFI1+MED24,combo_seen1,trainMean,0.03550412081515602,-0.1186344271787858,0.005992777676313919,-0.22712234683847354,0.7161900011306835
Wessels,1,GFI1+MED24,combo_seen1,baseControl,0.07756438890003697,-1.4438345114470943,0.011729947617950456,-1.4019046970695133,
Wessels,1,GFI1+RCOR1,combo_seen1,WitnessCell_v14,0.11525775909954342,-0.17182280425036112,0.00633329063967325,-0.13727047578655793,0.5069917466098123
Wessels,1,GFI1+RCOR1,combo_seen1,WitnessCell_v13,0.11525775909954342,-0.17182280425036112,0.00633329063967325,-0.13727047578655793,0.5069917466098123
Wessels,1,GFI1+RCOR1,combo_seen1,trainMean,0.10969036285294437,-0.11521922343262081,0.007717654820139042,-0.3858610742217221,0.42392750011024083
Wessels,1,GFI1+RCOR1,combo_seen1,baseControl,0.13778002291085506,-0.4008061069245332,0.008484144863821267,-0.5234998699535278,
Wessels,1,GFI1+RING1,combo_seen1,WitnessCell_v14,0.219939932404862,-0.1138113264671643,0.005086195525962734,-0.1235177146431592,0.6259347013429051
Wessels,1,GFI1+RING1,combo_seen1,WitnessCell_v13,0.219939932404862,-0.1138113264671643,0.005086195525962734,-0.1235177146431592,0.6259347013429051
Wessels,1,GFI1+RING1,combo_seen1,trainMean,0.20363386052105012,-0.03123474587176167,0.007122910767774647,-0.5734189506807323,0.4359322836289884
Wessels,1,GFI1+RING1,combo_seen1,baseControl,0.2856762699991444,-0.44671075301696694,0.00825834963219287,-0.8242322887752636,
Wessels,1,GFI1+SMARCD1,combo_seen1,WitnessCell_v14,0.06958136320019648,-0.4673831411727747,0.0053222238153916995,-0.40723717151431127,0.6341492394799544
Wessels,1,GFI1+SMARCD1,combo_seen1,WitnessCell_v13,0.06958136320019648,-0.4673831411727747,0.0053222238153916995,-0.40723717151431127,0.6341492394799544
Wessels,1,GFI1+SMARCD1,combo_seen1,trainMean,0.06866637463150879,-0.44808718693578875,0.006523455120002771,-0.724852026144569,0.5878277047803856
Wessels,1,GFI1+SMARCD1,combo_seen1,baseControl,0.09376296744219742,-0.9773426584810536,0.008908726628759413,-1.355536275380587,
Wessels,1,GSE1+IKZF1,combo_seen1,WitnessCell_v14,0.08603441067925216,-0.361387993005019,0.0063273347337647725,-0.32901984372183324,0.36147341507445996
Wessels,1,GSE1+IKZF1,combo_seen1,WitnessCell_v13,0.08603441067925216,-0.361387993005019,0.0063273347337647725,-0.32901984372183324,0.36147341507445996
Wessels,1,GSE1+IKZF1,combo_seen1,trainMean,0.08603441275931069,-0.3613880259193689,0.006327334812489399,-0.329019860257483,0.36147341505815916
Wessels,1,GSE1+IKZF1,combo_seen1,baseControl,0.08424490009727223,-0.3330712044034738,0.006057551762344144,-0.27235350037146033,
Wessels,1,GSE1+INTS1,combo_seen1,WitnessCell_v14,0.4751905101428982,-0.3766524448319737,0.006541464038186089,-0.33977074694579024,0.3590980500553955
Wessels,1,GSE1+INTS1,combo_seen1,WitnessCell_v13,0.4751905101428982,-0.3766524448319737,0.006541464038186089,-0.33977074694579024,0.3590980500553955
Wessels,1,GSE1+INTS1,combo_seen1,trainMean,0.4751905233355198,-0.3766524830517073,0.006541464164019033,-0.33977077271789513,0.3590980449250817
Wessels,1,GSE1+INTS1,combo_seen1,baseControl,0.4616583168466366,-0.33744895362665583,0.006317182320908724,-0.2938351456600721,
Wessels,1,HDAC3+IKZF1,combo_seen1,WitnessCell_v14,0.01988913930430975,0.5486030195325093,0.003442371640494704,0.43663200125858337,0.6137599542120518
Wessels,1,HDAC3+IKZF1,combo_seen1,WitnessCell_v13,0.01988913930430975,0.5486030195325093,0.003442371640494704,0.43663200125858337,0.6137599542120518
Wessels,1,HDAC3+IKZF1,combo_seen1,trainMean,0.02658546455574879,0.39662555321385307,0.005475883859415826,0.10383362013283914,0.49057050083246995
Wessels,1,HDAC3+IKZF1,combo_seen1,baseControl,0.02690383924353349,0.38939983215451335,0.0049306959875865496,0.19305739733268046,
Wessels,1,HDAC3+INTS1,combo_seen1,WitnessCell_v14,0.03779101803001174,0.5010919546887033,0.002795475780968722,0.48126652710286955,0.6528103189083172
Wessels,1,HDAC3+INTS1,combo_seen1,WitnessCell_v13,0.03779101803001174,0.5010919546887033,0.002795475780968722,0.48126652710286955,0.6528103189083172
Wessels,1,HDAC3+INTS1,combo_seen1,trainMean,0.04206642915632788,0.4446489923361514,0.0044962661337378815,0.1656648351232125,0.5577420754557826
Wessels,1,HDAC3+INTS1,combo_seen1,baseControl,0.042792396755976,0.43506494049049493,0.0041795849442754825,0.2244287615823064,
Wessels,1,IKZF1+KDM1A,combo_seen1,WitnessCell_v14,0.018020703455432566,0.8765286323902365,0.0024545395439092743,0.5938129615143288,0.8890527292280789
Wessels,1,IKZF1+KDM1A,combo_seen1,WitnessCell_v13,0.018020703455432566,0.8765286323902365,0.0024545395439092743,0.5938129615143288,0.8890527292280789
Wessels,1,IKZF1+KDM1A,combo_seen1,trainMean,0.2235847836722899,-0.531922384995936,0.008006283175079247,-0.324911819095671,0.5445218689156944
Wessels,1,IKZF1+KDM1A,combo_seen1,baseControl,0.2763373059362825,-0.8933636619642944,0.011382887038850318,-0.8836857557257753,
Wessels,1,IKZF1+MED24,combo_seen1,WitnessCell_v14,0.03112778371248004,0.03341457025442818,0.005483193900010573,-0.11257887387242094,0.6963426261548381
Wessels,1,IKZF1+MED24,combo_seen1,WitnessCell_v13,0.03112778371248004,0.03341457025442818,0.005483193900010573,-0.11257887387242094,0.6963426261548381
Wessels,1,IKZF1+MED24,combo_seen1,trainMean,0.03112778482181252,0.0334145358072403,0.005483193995334616,-0.11257889321434456,0.6963426167913943
Wessels,1,IKZF1+MED24,combo_seen1,baseControl,0.06193358097698594,-0.9231724795209513,0.010442902063445891,-1.1189387845077317,
Wessels,1,IKZF1+RCOR1,combo_seen1,WitnessCell_v14,0.016869714245704368,0.1366252158384813,0.003975112385099796,-0.012826051332706978,0.3553280761710829
Wessels,1,IKZF1+RCOR1,combo_seen1,WitnessCell_v13,0.016869714245704368,0.1366252158384813,0.003975112385099796,-0.012826051332706978,0.3553280761710829
Wessels,1,IKZF1+RCOR1,combo_seen1,trainMean,0.018008540509839306,0.07834124815092314,0.005553659944916488,-0.415027030062993,0.2947124869976338
Wessels,1,IKZF1+RCOR1,combo_seen1,baseControl,0.0107601195591123,0.44930804596964125,0.0034090646846135653,0.13139826280200784,
Wessels,1,IKZF1+SMARCD1,combo_seen1,WitnessCell_v14,0.01088939304062108,0.5302648189571353,0.00216411369507881,0.20047527999778025,0.756572091995432
Wessels,1,IKZF1+SMARCD1,combo_seen1,WitnessCell_v13,0.01088939304062108,0.5302648189571353,0.00216411369507881,0.20047527999778025,0.756572091995432
Wessels,1,IKZF1+SMARCD1,combo_seen1,trainMean,0.014716361714467342,0.36518107038192393,0.003934781698506869,-0.45369221724462006,0.6674352706617326
Wessels,1,IKZF1+SMARCD1,combo_seen1,baseControl,0.02800076710694771,-0.2078676338760379,0.004908916206796,-0.8135830223143623,
Wessels,1,INTS1+KDM1A,combo_seen1,WitnessCell_v14,0.15951623033704515,0.7745941317212491,0.003581826116758446,0.5615191284624833,0.844652890386143
Wessels,1,INTS1+KDM1A,combo_seen1,WitnessCell_v13,0.15951623033704515,0.7745941317212491,0.003581826116758446,0.5615191284624833,0.844652890386143
Wessels,1,INTS1+KDM1A,combo_seen1,trainMean,1.0722784492826096,-0.515192870258097,0.010493730533291806,-0.2846240883635691,0.39855256297067143
Wessels,1,INTS1+KDM1A,combo_seen1,baseControl,1.0989590683337838,-0.552894163040264,0.012151580019310878,-0.48757511496603945,
Wessels,1,INTS1+MED24,combo_seen1,WitnessCell_v14,0.060836743438460905,-0.3046622096600522,0.006307147524867682,-0.18048049012229606,0.6846447815810464
Wessels,1,INTS1+MED24,combo_seen1,WitnessCell_v13,0.060836743438460905,-0.3046622096600522,0.006307147524867682,-0.18048049012229606,0.6846447815810464
Wessels,1,INTS1+MED24,combo_seen1,trainMean,0.06083674608300177,-0.3046622663730243,0.006307147705422233,-0.18048052391588087,0.684644766021858
Wessels,1,INTS1+MED24,combo_seen1,baseControl,0.10603538784047625,-1.2739606951850386,0.011481344070666345,-1.1489116311873908,
Wessels,1,INTS1+MYB,combo_seen1,WitnessCell_v14,0.07618782152606417,0.007848731009849952,0.007942030344456721,-0.027882624862144434,0.6532725552461813
Wessels,1,INTS1+MYB,combo_seen1,WitnessCell_v13,0.07618782152606417,0.007848731009849952,0.007942030344456721,-0.027882624862144434,0.6532725552461813
Wessels,1,INTS1+MYB,combo_seen1,trainMean,0.07618781618782419,0.007848800526755406,0.00794203002385939,-0.02788258336942606,0.6532725756751779
Wessels,1,INTS1+MYB,combo_seen1,baseControl,0.10859377307642051,-0.41415580081050374,0.013476897063973826,-0.7442225386085379,
Wessels,1,INTS1+RCOR1,combo_seen1,WitnessCell_v14,0.03129555767779269,0.24698617170633763,0.003022921668883102,0.014021124309363864,0.2878226357051132
Wessels,1,INTS1+RCOR1,combo_seen1,WitnessCell_v13,0.03129555767779269,0.24698617170633763,0.003022921668883102,0.014021124309363864,0.2878226357051132
Wessels,1,INTS1+RCOR1,combo_seen1,trainMean,0.03207848338397516,0.22814791071889018,0.004545989883337825,-0.48275426393384513,0.26114695802909926
Wessels,1,INTS1+RCOR1,combo_seen1,baseControl,0.009473627963146443,0.7720515820869709,0.0014207818786674614,0.5365870926295757,
Wessels,1,INTS1+RING1,combo_seen1,WitnessCell_v14,0.046309425902945164,0.3435261995801857,0.0031043981285178326,0.2700738396618376,0.3977337741079731
Wessels,1,INTS1+RING1,combo_seen1,WitnessCell_v13,0.046309425902945164,0.3435261995801857,0.0031043981285178326,0.2700738396618376,0.3977337741079731
Wessels,1,INTS1+RING1,combo_seen1,trainMean,0.04462454619827942,0.36741074060840395,0.003841941072237447,0.0966579739427087,0.39048249130563356
Wessels,1,INTS1+RING1,combo_seen1,baseControl,0.03140596023955737,0.5547949543251711,0.0028073357260652953,0.33992107246716596,
Wessels,1,INTS1+SMARCD1,combo_seen1,WitnessCell_v14,0.022790502029233273,0.2764057206177478,0.0026376090068190067,0.022761962195836927,0.5856410025620501
Wessels,1,INTS1+SMARCD1,combo_seen1,WitnessCell_v13,0.022790502029233273,0.2764057206177478,0.0026376090068190067,0.022761962195836927,0.5856410025620501
Wessels,1,INTS1+SMARCD1,combo_seen1,trainMean,0.03293510491307378,-0.045683569207284114,0.004955051721403148,-0.8358539908392231,0.5101426617049136
Wessels,1,INTS1+SMARCD1,combo_seen1,baseControl,0.013936466707757991,0.5575197259103926,0.002305272099006414,0.1458932780356933,
Wessels,1,INTS1+SSRP1,combo_seen1,WitnessCell_v14,0.027964837543475403,0.12075863953278376,0.003107371756650982,-0.18300809569737453,0.43838690493975657
Wessels,1,INTS1+SSRP1,combo_seen1,WitnessCell_v13,0.027964837543475403,0.12075863953278376,0.003107371756650982,-0.18300809569737453,0.43838690493975657
Wessels,1,INTS1+SSRP1,combo_seen1,trainMean,0.03361668187057255,-0.05694077629898198,0.003352019430867224,-0.27614795853222107,0.4262460684482479
Wessels,1,INTS1+SSRP1,combo_seen1,baseControl,0.013380508432316428,0.579303959142154,0.0019296919139920705,0.2653466224090456,
Wessels,1,MED13L+MED16,combo_seen1,WitnessCell_v14,0.011028887951800747,0.5344300891834144,0.0025538192346066294,0.25414130905300303,0.8084086787025911
Wessels,1,MED13L+MED16,combo_seen1,WitnessCell_v13,0.011028887951800747,0.5344300891834144,0.0025538192346066294,0.25414130905300303,0.8084086787025911
Wessels,1,MED13L+MED16,combo_seen1,trainMean,0.021967938933180366,0.07265252719563042,0.003842605880455268,-0.12225679601127348,0.6877562611577747
Wessels,1,MED13L+MED16,combo_seen1,baseControl,0.03671545076713641,-0.5498941701058329,0.007290863090336319,-1.1293416255711004,
Wessels,1,MED13L+MED19,combo_seen1,WitnessCell_v14,0.024527909344656432,0.5101312000052525,0.004716497266170407,0.38056930045191684,0.8405887608099303
Wessels,1,MED13L+MED19,combo_seen1,WitnessCell_v13,0.024527909344656432,0.5101312000052525,0.004716497266170407,0.38056930045191684,0.8405887608099303
Wessels,1,MED13L+MED19,combo_seen1,trainMean,0.04867453399497529,0.027877377424477046,0.008076717791745975,-0.06073780381004079,0.6871788108839453
Wessels,1,MED13L+MED19,combo_seen1,baseControl,0.09426756178153235,-0.8827017304844342,0.014412370595613552,-0.892816701966594,
Wessels,1,MED13L+MED22,combo_seen1,WitnessCell_v14,0.015468366767137764,0.5080142086794104,0.0033004502382282187,0.2821363515918044,0.8025370679086835
Wessels,1,MED13L+MED22,combo_seen1,WitnessCell_v13,0.015468366767137764,0.5080142086794104,0.0033004502382282187,0.2821363515918044,0.8025370679086835
Wessels,1,MED13L+MED22,combo_seen1,trainMean,0.028686236828709348,0.08760755814468635,0.00504951168671429,-0.09829284505452085,0.6771569041802319
Wessels,1,MED13L+MED22,combo_seen1,baseControl,0.05737821077168139,-0.8249673579655323,0.009288436336941736,-1.0202791484666478,
Wessels,1,MED13L+MED24,combo_seen1,WitnessCell_v14,0.06052854227821721,-0.12986568617015992,0.008079680345553081,-0.10803198089985622,0.6574470594384393
Wessels,1,MED13L+MED24,combo_seen1,WitnessCell_v13,0.06052854227821721,-0.12986568617015992,0.008079680345553081,-0.10803198089985622,0.6574470594384393
Wessels,1,MED13L+MED24,combo_seen1,trainMean,0.06052854084728821,-0.12986565945949557,0.00807968034023362,-0.10803198017035553,0.6574470577950431
Wessels,1,MED13L+MED24,combo_seen1,baseControl,0.10797878750065182,-1.0156032549151828,0.013709002671250279,-0.8800265278251007,
Wessels,1,MED14+MED19,combo_seen1,WitnessCell_v14,0.034543135061305824,0.47507872766447123,0.006405650095702275,0.3636557378108839,0.8348857107910693
Wessels,1,MED14+MED19,combo_seen1,WitnessCell_v13,0.034543135061305824,0.47507872766447123,0.006405650095702275,0.3636557378108839,0.8348857107910693
Wessels,1,MED14+MED19,combo_seen1,trainMean,0.06421924002018416,0.024117379039612752,0.01055262658982207,-0.0483094270108384,0.6686044258447471
Wessels,1,MED14+MED19,combo_seen1,baseControl,0.11280017131070974,-0.7141237857825462,0.017675096792443227,-0.7558633799018646,
Wessels,1,MED14+MED22,combo_seen1,WitnessCell_v14,0.03290894862548739,0.3615238805952752,0.006161905898246119,0.2736529309442619,0.7982568104611484
Wessels,1,MED14+MED22,combo_seen1,WitnessCell_v13,0.03290894862548739,0.3615238805952752,0.006161905898246119,0.2736529309442619,0.7982568104611484
Wessels,1,MED14+MED22,combo_seen1,trainMean,0.05337150934268861,-0.035476233522126366,0.009247151120107823,-0.09002656387816321,0.660939374428869
Wessels,1,MED14+MED22,combo_seen1,baseControl,0.08900061593644586,-0.7267269317659846,0.015551489100708818,-0.833163101527931,
Wessels,1,MED14+MED24,combo_seen1,WitnessCell_v14,0.0425873760190405,-0.056186749376644585,0.007924124838410054,-0.09241522808828284,0.6635768328000037
Wessels,1,MED14+MED24,combo_seen1,WitnessCell_v13,0.0425873760190405,-0.056186749376644585,0.007924124838410054,-0.09241522808828284,0.6635768328000037
Wessels,1,MED14+MED24,combo_seen1,trainMean,0.04258737641087304,-0.05618675909427395,0.007924124927575622,-0.09241524038059601,0.6635768241937665
Wessels,1,MED14+MED24,combo_seen1,baseControl,0.07320694071224483,-0.8155662069460519,0.013642888205649104,-0.8808006101463037,
Wessels,1,SUPT5H+SUPT6H,combo_seen1,WitnessCell_v14,0.011084350812886848,-0.15731680835377926,0.0029530312559892355,-0.3473216049652499,0.6465798813711535
Wessels,1,SUPT5H+SUPT6H,combo_seen1,WitnessCell_v13,0.011084350812886848,-0.15731680835377926,0.0029530312559892355,-0.3473216049652499,0.6465798813711535
Wessels,1,SUPT5H+SUPT6H,combo_seen1,trainMean,0.011084351576107262,-0.1573168880416047,0.0029530314203132834,-0.34732167993815755,0.6465798663790966
Wessels,1,SUPT5H+SUPT6H,combo_seen1,baseControl,0.013269434497178255,-0.3854613445723536,0.004575585644945552,-1.087612646259939,
Wessels,1,SUPT16H+SUPT5H,combo_seen1,WitnessCell_v14,0.01112663659868236,0.05115627697096947,0.005030391308197124,-0.752299368869553,0.6956399952498248
Wessels,1,SUPT16H+SUPT5H,combo_seen1,WitnessCell_v13,0.01112663659868236,0.05115627697096947,0.005030391308197124,-0.752299368869553,0.6956399952498248
Wessels,1,SUPT16H+SUPT5H,combo_seen1,trainMean,0.011126636638327421,0.051156273590165946,0.0050303912829815205,-0.7522993600858856,0.6956399947184068
Wessels,1,SUPT16H+SUPT5H,combo_seen1,baseControl,0.01924750135768763,-0.6413649071092504,0.005880425389801211,-1.0484024140313202,
Wessels,1,DOT1L+EP300,combo_seen2,WitnessCell_v14,0.004818548520438736,0.8361631919091493,0.0017519894945932026,0.5293944840491299,0.8799120412068665
Wessels,1,DOT1L+EP300,combo_seen2,WitnessCell_v13,0.004818548520438736,0.8361631919091493,0.0017519894945932026,0.5293944840491299,0.8799120412068665
Wessels,1,DOT1L+EP300,combo_seen2,trainMean,0.008510140226168517,0.7106443558372535,0.003930601664433968,-0.05580702966360862,0.8022150825440688
Wessels,1,DOT1L+EP300,combo_seen2,baseControl,0.04506680077286997,-0.5323288243699174,0.007573220696022279,-1.0342584496426466,
Wessels,1,DOT1L+FLI1,combo_seen2,WitnessCell_v14,0.004459232686780942,0.8722122751268205,0.0015535518665872544,0.5110618632885806,0.8996187311598427
Wessels,1,DOT1L+FLI1,combo_seen2,WitnessCell_v13,0.004459232686780942,0.8722122751268205,0.0015535518665872544,0.5110618632885806,0.8996187311598427
Wessels,1,DOT1L+FLI1,combo_seen2,trainMean,0.0077846672596088955,0.7769156740913938,0.0032435247661624245,-0.020811077925944277,0.8115482039131066
Wessels,1,DOT1L+FLI1,combo_seen2,baseControl,0.0707696659641455,-1.0280382834476867,0.00804803345931107,-1.532899331150658,
Wessels,1,DOT1L+KDM1A,combo_seen2,WitnessCell_v14,0.05201286740331735,0.8598105739722177,0.002176293451329085,0.7583075709783721,0.9454526536653428
Wessels,1,DOT1L+KDM1A,combo_seen2,WitnessCell_v13,0.05201286740331735,0.8598105739722177,0.002176293451329085,0.7583075709783721,0.9454526536653428
Wessels,1,DOT1L+KDM1A,combo_seen2,trainMean,0.49339329652303143,-0.32983483700626803,0.011840934936798253,-0.31501766226151884,0.5258299548229068
Wessels,1,DOT1L+KDM1A,combo_seen2,baseControl,0.5667093375171943,-0.5274423564283852,0.016353001689735438,-0.8161138599085402,
Wessels,1,DOT1L+MED24,combo_seen2,WitnessCell_v14,0.03145427133015785,0.05215737830204792,0.004458022225237959,-0.1147064810932994,0.7293785284026776
Wessels,1,DOT1L+MED24,combo_seen2,WitnessCell_v13,0.03145427133015785,0.05215737830204792,0.004458022225237959,-0.1147064810932994,0.7293785284026776
Wessels,1,DOT1L+MED24,combo_seen2,trainMean,0.033636778960102504,-0.013610279518691648,0.0055264451145225725,-0.3818603576468007,0.620682601831361
Wessels,1,DOT1L+MED24,combo_seen2,baseControl,0.06654499322484426,-1.0052659995539086,0.00898076670427433,-1.245596442693182,
Wessels,1,DOT1L+RCOR1,combo_seen2,WitnessCell_v14,0.005946615415761776,0.5161432606549298,0.0016650948184423768,0.1992542252117313,0.6213476738151179
Wessels,1,DOT1L+RCOR1,combo_seen2,WitnessCell_v13,0.005946615415761776,0.5161432606549298,0.0016650948184423768,0.1992542252117313,0.6213476738151179
Wessels,1,DOT1L+RCOR1,combo_seen2,trainMean,0.008488914519444408,0.3092846581148506,0.0037370583678539445,-0.7971551319794989,0.4858329055361477
Wessels,1,DOT1L+RCOR1,combo_seen2,baseControl,0.005323817048797721,0.5668183364820858,0.002174100828844973,-0.04552727771372367,
Wessels,1,DOT1L+SMARCD1,combo_seen2,WitnessCell_v14,0.005590479388496749,0.6761724332506858,0.0017135985921340564,0.271398716080855,0.8291385265319193
Wessels,1,DOT1L+SMARCD1,combo_seen2,WitnessCell_v13,0.005590479388496749,0.6761724332506858,0.0017135985921340564,0.271398716080855,0.8291385265319193
Wessels,1,DOT1L+SMARCD1,combo_seen2,trainMean,0.007465340061911942,0.5675714479549905,0.003542670615192943,-0.5063004665040463,0.7023826225163652
Wessels,1,DOT1L+SMARCD1,combo_seen2,baseControl,0.026103902350192852,-0.5120640992109387,0.005460135239347573,-1.3215831082158052,
Wessels,1,EP300+GATA2,combo_seen2,WitnessCell_v14,0.007657720074390098,0.8641626485585707,0.0018158649033012694,0.669208885912285,0.8958686465913308
Wessels,1,EP300+GATA2,combo_seen2,WitnessCell_v13,0.007657720074390098,0.8641626485585707,0.0018158649033012694,0.669208885912285,0.8958686465913308
Wessels,1,EP300+GATA2,combo_seen2,trainMean,0.01490230639156346,0.7356537179560081,0.0037526675335462305,0.3163868788004195,0.8270400397671943
Wessels,1,EP300+GATA2,combo_seen2,baseControl,0.0656545126078842,-0.16462015014870102,0.008870516887266793,-0.6159176590385624,
Wessels,1,EP300+GSE1,combo_seen2,WitnessCell_v14,0.014704826110312857,0.19346740388213524,0.006550797670263291,-0.6804918668379678,0.5296071213700106
Wessels,1,EP300+GSE1,combo_seen2,WitnessCell_v13,0.014704826110312857,0.19346740388213524,0.006550797670263291,-0.6804918668379678,0.5296071213700106
Wessels,1,EP300+GSE1,combo_seen2,trainMean,0.020877790867043375,-0.14510832993754375,0.009432202777537613,-1.4196656425478293,0.49886574458365623
Wessels,1,EP300+GSE1,combo_seen2,baseControl,0.02049714797889015,-0.12423076943645617,0.0058257217882176715,-0.4944864085791638,
Wessels,1,EP300+MED24,combo_seen2,WitnessCell_v14,0.014795938306864109,0.7492391397526759,0.003150461357640113,0.48046573223543343,0.8586230480111559
Wessels,1,EP300+MED24,combo_seen2,WitnessCell_v13,0.014795938306864109,0.7492391397526759,0.003150461357640113,0.48046573223543343,0.8586230480111559
Wessels,1,EP300+MED24,combo_seen2,trainMean,0.015240300218083178,0.7417081151696154,0.004336209146870244,0.2849271937489375,0.8188224243375791
Wessels,1,EP300+MED24,combo_seen2,baseControl,0.09837946370151923,-0.6673304819754904,0.01162512179429525,-0.9170681539789305,
Wessels,1,EP300+MYB,combo_seen2,WitnessCell_v14,0.044535434884427835,0.3321143432082262,0.007998968909179886,0.1609413431257256,0.7173729952194376
Wessels,1,EP300+MYB,combo_seen2,WitnessCell_v13,0.044535434884427835,0.3321143432082262,0.007998968909179886,0.1609413431257256,0.7173729952194376
Wessels,1,EP300+MYB,combo_seen2,trainMean,0.04485508353533821,0.32732066038667296,0.008713073117078907,0.08603477399774895,0.7017149993131462
Wessels,1,EP300+MYB,combo_seen2,baseControl,0.11040893493532856,-0.6557724027243326,0.01638515951619491,-0.7187352635602122,
Wessels,1,EP300+SSRP1,combo_seen2,WitnessCell_v14,0.00707931437109323,0.7555871805442533,0.002909600891945447,0.38845045263810285,0.8193255868222954
Wessels,1,EP300+SSRP1,combo_seen2,WitnessCell_v13,0.00707931437109323,0.7555871805442533,0.002909600891945447,0.38845045263810285,0.8193255868222954
Wessels,1,EP300+SSRP1,combo_seen2,trainMean,0.009996727592708168,0.6548636989138894,0.004505377330159601,0.05304487822334769,0.7884749457883362
Wessels,1,EP300+SSRP1,combo_seen2,baseControl,0.04331223122837283,-0.4953516677648371,0.008345947529857067,-0.7541788801066704,
Wessels,1,FLI1+MED24,combo_seen2,WitnessCell_v14,0.02082948674432924,0.6863719729438507,0.0034642934921184786,0.35708149429199365,0.8513341103721975
Wessels,1,FLI1+MED24,combo_seen2,WitnessCell_v13,0.02082948674432924,0.6863719729438507,0.0034642934921184786,0.35708149429199365,0.8513341103721975
Wessels,1,FLI1+MED24,combo_seen2,trainMean,0.021690512209447406,0.6734075767883079,0.004143754872880704,0.2309841250593383,0.8205487101240425
Wessels,1,FLI1+MED24,combo_seen2,baseControl,0.13038556866102322,-0.9632057744717912,0.012408144741490063,-1.3027569384512816,
Wessels,1,GATA2+SSRP1,combo_seen2,WitnessCell_v14,0.015913775464506463,0.269531502654934,0.003695299856018531,0.13182447832487232,0.33436883426249997
Wessels,1,GATA2+SSRP1,combo_seen2,WitnessCell_v13,0.015913775464506463,0.269531502654934,0.003695299856018531,0.13182447832487232,0.33436883426249997
Wessels,1,GATA2+SSRP1,combo_seen2,trainMean,0.022085466431483125,-0.013759274997456217,0.004888037701775355,-0.14839792359335657,0.32202118342585917
Wessels,1,GATA2+SSRP1,combo_seen2,baseControl,0.012169871459842843,0.44138286115816416,0.003508122241830761,0.17580007683515408,
Wessels,1,HDAC3+MED24,combo_seen2,WitnessCell_v14,0.04509085884051309,-0.0005048841357078171,0.006792222415686676,-0.26238816813634425,0.6363772627851301
Wessels,1,HDAC3+MED24,combo_seen2,WitnessCell_v13,0.04509085884051309,-0.0005048841357078171,0.006792222415686676,-0.26238816813634425,0.6363772627851301
Wessels,1,HDAC3+MED24,combo_seen2,trainMean,0.04406417995307599,0.022275725232435817,0.007553257941102788,-0.40383262976026457,0.5974948412708028
Wessels,1,HDAC3+MED24,combo_seen2,baseControl,0.09156434636195016,-1.0316884198602754,0.011367301528167537,-1.1127027465495831,
Wessels,1,KDM1A+RING1,combo_seen2,WitnessCell_v14,0.01063421242738595,0.948788634945998,0.0021516293311366333,0.6583771417230198,0.9056880405986439
Wessels,1,KDM1A+RING1,combo_seen2,WitnessCell_v13,0.01063421242738595,0.948788634945998,0.0021516293311366333,0.6583771417230198,0.9056880405986439
Wessels,1,KDM1A+RING1,combo_seen2,trainMean,0.2202167787768889,-0.06050184026010297,0.010190885739809013,-0.6180479901566254,0.40826052016501085
Wessels,1,KDM1A+RING1,combo_seen2,baseControl,0.2999412468220932,-0.44443237246244816,0.011945762101274413,-0.8966767808367644,
Wessels,1,SMARCA5+SMARCD1,combo_seen2,WitnessCell_v14,0.010283803583874757,0.700417918175142,0.0034091545075321155,0.023452136214323738,0.7065745018150744
Wessels,1,SMARCA5+SMARCD1,combo_seen2,WitnessCell_v13,0.010283803583874757,0.700417918175142,0.0034091545075321155,0.023452136214323738,0.7065745018150744
Wessels,1,SMARCA5+SMARCD1,combo_seen2,trainMean,0.01326106223717207,0.613686064711463,0.005103912270769034,-0.46200901541921335,0.6778631269454012
Wessels,1,SMARCA5+SMARCD1,combo_seen2,baseControl,0.027640800441601405,0.19478347947205887,0.004663561055240201,-0.33587098386622194,
Wessels,1,SMARCD1+SSRP1,combo_seen2,WitnessCell_v14,0.01063776893547902,0.4926883925939457,0.003387936425251998,0.09505371876303614,0.6942557041883992
Wessels,1,SMARCD1+SSRP1,combo_seen2,WitnessCell_v13,0.01063776893547902,0.4926883925939457,0.003387936425251998,0.09505371876303614,0.6942557041883992
Wessels,1,SMARCD1+SSRP1,combo_seen2,trainMean,0.015239503437953328,0.27323322850215115,0.005182689817500361,-0.38433999002882113,0.6089890642375839
Wessels,1,SMARCD1+SSRP1,combo_seen2,baseControl,0.022502899657265707,-0.07315568383423932,0.00647881272528545,-0.7305453074260961,
Wessels,1,GFI1,unseen_single,WitnessCell_v14,0.08554170705152345,-0.2985510254510546,0.007609893129954088,-0.3180416166992357,0.5201389956027839
Wessels,1,GFI1,unseen_single,WitnessCell_v13,0.08554170705152345,-0.2985510254510546,0.007609893129954088,-0.3180416166992357,0.5201389956027839
Wessels,1,GFI1,unseen_single,trainMean,0.08131733321212306,-0.23442365214836935,0.007014591850614504,-0.2149347993964541,0.5741540004863631
Wessels,1,GFI1,unseen_single,baseControl,0.09324847532236663,-0.4155422825344477,0.009814070356039525,-0.6998074660941291,
Wessels,1,INTS1,unseen_single,WitnessCell_v14,0.03226077276302099,0.43923793621530793,0.0028013859103116026,0.3717183413374652,-0.005467308195611819
Wessels,1,INTS1,unseen_single,WitnessCell_v13,0.03226077276302099,0.43923793621530793,0.0028013859103116026,0.3717183413374652,-0.005467308195611819
Wessels,1,INTS1,unseen_single,trainMean,0.039771661140341044,0.30868243780051907,0.0032984356271215337,0.26024236818946334,-0.042889234697639646
Wessels,1,INTS1,unseen_single,baseControl,0.01252393075105666,0.782306973665889,0.0018655088748440547,0.5816124419622246,
Wessels,1,GFI1+INTS1,combo_seen0,WitnessCell_v14,0.5123152422829625,-0.37373523887355176,0.008222425392621593,-0.334585098192971,0.3521484890990399
Wessels,1,GFI1+INTS1,combo_seen0,WitnessCell_v13,0.5123152422829625,-0.37373523887355176,0.008222425392621593,-0.334585098192971,0.3521484890990399
Wessels,1,GFI1+INTS1,combo_seen0,trainMean,0.5123152531466599,-0.3737352680037491,0.008222425483431446,-0.3345851129323538,0.3521484871060279
Wessels,1,GFI1+INTS1,combo_seen0,baseControl,0.5569103492963119,-0.493313703321695,0.008476216566585303,-0.37577804341918175,
Wessels,1,IKZF1+INTS1,combo_seen0,WitnessCell_v14,0.04060939838288322,-0.2330999603392463,0.004207546012539874,-0.3479826086323734,0.23267953798151658
Wessels,1,IKZF1+INTS1,combo_seen0,WitnessCell_v13,0.04060939838288322,-0.2330999603392463,0.004207546012539874,-0.3479826086323734,0.23267953798151658
Wessels,1,IKZF1+INTS1,combo_seen0,trainMean,0.04060940044427891,-0.23310002293330223,0.004207546125954607,-0.34798264496735043,0.23267953973009683
Wessels,1,IKZF1+INTS1,combo_seen0,baseControl,0.007933090798193626,0.7591125616688915,0.0016675658876213217,0.4657575202831258,
Wessels,1,MED13L+MED14,combo_seen0,WitnessCell_v14,0.06992534460769737,-0.20067522784994574,0.008032705041069151,-0.11094011549315574,0.6879437347932771
Wessels,1,MED13L+MED14,combo_seen0,WitnessCell_v13,0.06992534460769737,-0.20067522784994574,0.008032705041069151,-0.11094011549315574,0.6879437347932771
Wessels,1,MED13L+MED14,combo_seen0,trainMean,0.06992534270309547,-0.200675195146377,0.008032704977584827,-0.11094010671313925,0.6879437364545482
Wessels,1,MED13L+MED14,combo_seen0,baseControl,0.12406128394684063,-1.1302334826653468,0.014284534314093858,-0.9755813414696455,
Wessels,2,DOT1L+IKZF1,combo_seen1,WitnessCell_v14,0.010056396221952271,0.27052527534388415,0.0027114226164495167,0.21815386474777698,0.5926005045589522
Wessels,2,DOT1L+IKZF1,combo_seen1,WitnessCell_v13,0.010056396221952271,0.27052527534388415,0.0027114226164495167,0.21815386474777698,0.5926005045589522
Wessels,2,DOT1L+IKZF1,combo_seen1,trainMean,0.011318844033627137,0.1789493519724541,0.00396085307604161,-0.14212282918112562,0.52421306150708
Wessels,2,DOT1L+IKZF1,combo_seen1,baseControl,0.00870530048232137,0.3685315760999982,0.0032624694835784417,0.05925799186029912,
Wessels,2,DOT1L+RCOR1,combo_seen1,WitnessCell_v14,0.011861523230035293,0.35647505120331247,0.0023160344004255215,0.24403173258348032,0.5992787793458731
Wessels,2,DOT1L+RCOR1,combo_seen1,WitnessCell_v13,0.011861523230035293,0.35647505120331247,0.0023160344004255215,0.24403173258348032,0.5992787793458731
Wessels,2,DOT1L+RCOR1,combo_seen1,trainMean,0.012866039576718946,0.30197687942313456,0.003470516430918273,-0.13279849938317878,0.551153284248632
Wessels,2,DOT1L+RCOR1,combo_seen1,baseControl,0.005323817048797721,0.7111661776241962,0.002174100828844973,0.29035974747664073,
Wessels,2,EP300+IKZF1,combo_seen1,WitnessCell_v14,0.013972215131525665,0.6926221122193013,0.0038155497957690055,0.2931901979618028,0.717268060981984
Wessels,2,EP300+IKZF1,combo_seen1,WitnessCell_v13,0.013972215131525665,0.6926221122193013,0.0038155497957690055,0.2931901979618028,0.717268060981984
Wessels,2,EP300+IKZF1,combo_seen1,trainMean,0.025790272311102237,0.43263402734266143,0.008052188220856524,-0.4916239774065998,0.6342949042955475
Wessels,2,EP300+IKZF1,combo_seen1,baseControl,0.037770593239267174,0.1690762659447994,0.006922139093623398,-0.2822885362078553,
Wessels,2,EP300+RCOR1,combo_seen1,WitnessCell_v14,0.015981183871473445,0.7389307911677405,0.003156048596956597,0.5379140001105158,0.8610765765640279
Wessels,2,EP300+RCOR1,combo_seen1,WitnessCell_v13,0.015981183871473445,0.7389307911677405,0.003156048596956597,0.5379140001105158,0.8610765765640279
Wessels,2,EP300+RCOR1,combo_seen1,trainMean,0.02017348662302005,0.6704451788793271,0.004830434945155956,0.2927623599693919,0.807695691550068
Wessels,2,EP300+RCOR1,combo_seen1,baseControl,0.08399772889184716,-0.3721899955512693,0.011643744109414076,-0.7047935017364018,
Wessels,2,FLI1+IKZF1,combo_seen1,WitnessCell_v14,0.01306651737303359,0.7817831686890188,0.0024242490722626974,0.48200213019517146,0.8922863243684622
Wessels,2,FLI1+IKZF1,combo_seen1,WitnessCell_v13,0.01306651737303359,0.7817831686890188,0.0024242490722626974,0.48200213019517146,0.8922863243684622
Wessels,2,FLI1+IKZF1,combo_seen1,trainMean,0.012375531388470314,0.7933229514579824,0.003179723737281338,0.32057718766403276,0.8619004582912712
Wessels,2,FLI1+IKZF1,combo_seen1,baseControl,0.13531025515651118,-1.259743302761867,0.011803775618072668,-1.5221544666237383,
Wessels,2,FLI1+RCOR1,combo_seen1,WitnessCell_v14,0.006859793675583431,0.8703929917559983,0.0016463852399304136,0.4176866887869005,0.9035881945345499
Wessels,2,FLI1+RCOR1,combo_seen1,WitnessCell_v13,0.006859793675583431,0.8703929917559983,0.0016463852399304136,0.4176866887869005,0.9035881945345499
Wessels,2,FLI1+RCOR1,combo_seen1,trainMean,0.010752945731473923,0.7968368741137231,0.0025679086930116613,0.09175120278427373,0.8890473191293752
Wessels,2,FLI1+RCOR1,combo_seen1,baseControl,0.04039833725679881,0.23672520231586025,0.006080701199491573,-1.1506954533454534,
Wessels,2,GATA2+IKZF1,combo_seen1,WitnessCell_v14,0.008072748508116737,0.4236106137946054,0.0019337225208038132,0.32483654622253666,0.595497534174663
Wessels,2,GATA2+IKZF1,combo_seen1,WitnessCell_v13,0.008072748508116737,0.4236106137946054,0.0019337225208038132,0.32483654622253666,0.595497534174663
Wessels,2,GATA2+IKZF1,combo_seen1,trainMean,0.019342184279458087,-0.38102031959735894,0.004189257472168712,-0.46268842258544174,0.5701891903346492
Wessels,2,GATA2+IKZF1,combo_seen1,baseControl,0.0049007311068670414,0.6500907476797206,0.002325655957716264,0.1879921282309187,
Wessels,2,GATA2+RCOR1,combo_seen1,WitnessCell_v14,0.008306764965747535,0.3015608106101981,0.0016258684547924517,0.2965559920758677,0.6529858649677144
Wessels,2,GATA2+RCOR1,combo_seen1,WitnessCell_v13,0.008306764965747535,0.3015608106101981,0.0016258684547924517,0.2965559920758677,0.6529858649677144
Wessels,2,GATA2+RCOR1,combo_seen1,trainMean,0.01678581602177692,-0.4113643258041999,0.003461138149533513,-0.4974870105329463,0.6716156247600593
Wessels,2,GATA2+RCOR1,combo_seen1,baseControl,0.004330572049414392,0.6358821702240218,0.002184376184366507,0.054913493514486045,
Wessels,2,GFI1+RCOR1,combo_seen1,WitnessCell_v14,0.015265445025269745,0.7886599146854482,0.003187182363148234,0.3509743578124541,0.8078985871133328
Wessels,2,GFI1+RCOR1,combo_seen1,WitnessCell_v13,0.015265445025269745,0.7886599146854482,0.003187182363148234,0.3509743578124541,0.8078985871133328
Wessels,2,GFI1+RCOR1,combo_seen1,trainMean,0.017002052380168036,0.7646177235842688,0.006177154949526066,-0.2578922387258673,0.7810140777806708
Wessels,2,GFI1+RCOR1,combo_seen1,baseControl,0.13778002291085506,-0.907474151485242,0.008484144863821267,-0.7276788527452283,
Wessels,2,GSE1+IKZF1,combo_seen1,WitnessCell_v14,0.01567281523751004,0.6658224657853558,0.003510528214059413,0.2746792823306282,0.7016777205829969
Wessels,2,GSE1+IKZF1,combo_seen1,WitnessCell_v13,0.01567281523751004,0.6658224657853558,0.003510528214059413,0.2746792823306282,0.7016777205829969
Wessels,2,GSE1+IKZF1,combo_seen1,trainMean,0.015941737770039502,0.6600884692152711,0.004971089058313607,-0.027091555320388094,0.6772756917733446
Wessels,2,GSE1+IKZF1,combo_seen1,baseControl,0.08424490009727223,-0.796279261768299,0.006057551762344144,-0.2515688590641427,
Wessels,2,GSE1+RCOR1,combo_seen1,WitnessCell_v14,0.010560455182412408,0.5692843025144686,0.0026296757618476073,0.18411359283143502,0.7622125091694691
Wessels,2,GSE1+RCOR1,combo_seen1,WitnessCell_v13,0.010560455182412408,0.5692843025144686,0.0026296757618476073,0.18411359283143502,0.7622125091694691
Wessels,2,GSE1+RCOR1,combo_seen1,trainMean,0.013689635866183165,0.44165843625321066,0.003863956998863765,-0.1988360082239986,0.7514541803932612
Wessels,2,GSE1+RCOR1,combo_seen1,baseControl,0.033416004535939695,-0.36289558094493835,0.00517258459129767,-0.6048524001317175,
Wessels,2,HDAC3+IKZF1,combo_seen1,WitnessCell_v14,0.024466640069319014,0.5616535589883977,0.004098656654794362,0.46398979867562984,0.5700193345812818
Wessels,2,HDAC3+IKZF1,combo_seen1,WitnessCell_v13,0.024466640069319014,0.5616535589883977,0.004098656654794362,0.46398979867562984,0.5700193345812818
Wessels,2,HDAC3+IKZF1,combo_seen1,trainMean,0.03216859859289624,0.4236646034937408,0.006437482647417277,0.15812504913578918,0.47016038366977403
Wessels,2,HDAC3+IKZF1,combo_seen1,baseControl,0.02690383924353349,0.5179884876493617,0.0049306959875865496,0.35517815431453104,
Wessels,2,IKZF1+INTS1,combo_seen1,WitnessCell_v14,0.04596988994013647,0.06588925278323499,0.004827903421032093,-0.05076935590866816,0.26460692087467313
Wessels,2,IKZF1+INTS1,combo_seen1,WitnessCell_v13,0.04596988994013647,0.06588925278323499,0.004827903421032093,-0.05076935590866816,0.26460692087467313
Wessels,2,IKZF1+INTS1,combo_seen1,trainMean,0.06189237101149275,-0.25765645747358734,0.006106820988993482,-0.3291194536535371,0.2703788338381481
Wessels,2,IKZF1+INTS1,combo_seen1,baseControl,0.007933090798193626,0.8387991491193661,0.0016675658876213217,0.6370625132976381,
Wessels,2,IKZF1+KDM1A,combo_seen1,WitnessCell_v14,0.017723756476183232,0.8284185583198195,0.0023004186755961526,0.5231752357472057,0.8946659314038672
Wessels,2,IKZF1+KDM1A,combo_seen1,WitnessCell_v13,0.017723756476183232,0.8284185583198195,0.0023004186755961526,0.5231752357472057,0.8946659314038672
Wessels,2,IKZF1+KDM1A,combo_seen1,trainMean,0.11410540032250689,-0.10463992873851691,0.005411851918832667,-0.12175450614427041,0.7236391849800489
Wessels,2,IKZF1+KDM1A,combo_seen1,baseControl,0.2763373059362825,-1.6751864598387347,0.011382887038850318,-1.3594150431809635,
Wessels,2,IKZF1+MED24,combo_seen1,WitnessCell_v14,0.007235832119243895,0.7299165223884689,0.0024812303332701277,0.3808049578377204,0.8846244173042173
Wessels,2,IKZF1+MED24,combo_seen1,WitnessCell_v13,0.007235832119243895,0.7299165223884689,0.0024812303332701277,0.3808049578377204,0.8846244173042173
Wessels,2,IKZF1+MED24,combo_seen1,trainMean,0.01225635638792777,0.5425212606447622,0.004906545733788119,-0.2244364224340365,0.8644171900086022
Wessels,2,IKZF1+MED24,combo_seen1,baseControl,0.06193358097698594,-1.311722640263195,0.010442902063445891,-1.6060430975587185,
Wessels,2,IKZF1+SMARCD1,combo_seen1,WitnessCell_v14,0.011435682506919145,0.5706761967776666,0.002221378149568284,0.2898851651286898,0.7594897335726888
Wessels,2,IKZF1+SMARCD1,combo_seen1,WitnessCell_v13,0.011435682506919145,0.5706761967776666,0.002221378149568284,0.2898851651286898,0.7594897335726888
Wessels,2,IKZF1+SMARCD1,combo_seen1,trainMean,0.01568582238905073,0.41111543446027743,0.004184563878540739,-0.33769249877420005,0.6870582658513025
Wessels,2,IKZF1+SMARCD1,combo_seen1,baseControl,0.02800076710694771,-0.05121804669061736,0.004908916206796,-0.5692484515810645,
Wessels,2,INTS1+RCOR1,combo_seen1,WitnessCell_v14,0.05530911399820845,0.11575536780207507,0.0048193705073120464,-0.044184546217873155,0.24303114259106817
Wessels,2,INTS1+RCOR1,combo_seen1,WitnessCell_v13,0.05530911399820845,0.11575536780207507,0.0048193705073120464,-0.044184546217873155,0.24303114259106817
Wessels,2,INTS1+RCOR1,combo_seen1,trainMean,0.07547906285897374,-0.20670810562141972,0.006156341081773916,-0.3338580648823979,0.2452175671882674
Wessels,2,INTS1+RCOR1,combo_seen1,baseControl,0.009473627963146443,0.8485420563033472,0.0014207818786674614,0.6921675810149737,
Wessels,2,KDM1A+RCOR1,combo_seen1,WitnessCell_v14,0.020151062760814895,0.8106781166962397,0.0035506683070167548,0.5069091458098502,0.876058167451
Wessels,2,KDM1A+RCOR1,combo_seen1,WitnessCell_v13,0.020151062760814895,0.8106781166962397,0.0035506683070167548,0.5069091458098502,0.876058167451
Wessels,2,KDM1A+RCOR1,combo_seen1,trainMean,0.0968738623417009,0.08985733015014574,0.007293648853171363,-0.012888626083738197,0.7220522238529877
Wessels,2,KDM1A+RCOR1,combo_seen1,baseControl,0.20894713002380932,-0.9630857506903803,0.015005175624013949,-1.0838090821090423,
Wessels,2,MED13L+MED14,combo_seen1,WitnessCell_v14,0.04476467572322892,0.047475821967697285,0.005879885804114547,0.01194252808503371,0.7772728518633193
Wessels,2,MED13L+MED14,combo_seen1,WitnessCell_v13,0.04476467572322892,0.047475821967697285,0.005879885804114547,0.01194252808503371,0.7772728518633193
Wessels,2,MED13L+MED14,combo_seen1,trainMean,0.054869326203536586,-0.16753576334049924,0.006605887390298918,-0.11005495889840744,0.7398908666631652
Wessels,2,MED13L+MED14,combo_seen1,baseControl,0.12406128394684063,-1.6398353301546642,0.014284534314093858,-1.4003766964300057,
Wessels,2,MED13L+MED19,combo_seen1,WitnessCell_v14,0.03501604245052051,0.138357613898761,0.0060884062949621235,0.03220242750017566,0.7796523421022283
Wessels,2,MED13L+MED19,combo_seen1,WitnessCell_v13,0.03501604245052051,0.138357613898761,0.0060884062949621235,0.03220242750017566,0.7796523421022283
Wessels,2,MED13L+MED19,combo_seen1,trainMean,0.040356530142664146,0.006943832215544399,0.006740937479163361,-0.07152226915368365,0.7332585079105597
Wessels,2,MED13L+MED19,combo_seen1,baseControl,0.09426756178153235,-1.319648971758033,0.014412370595613552,-1.290953757134143,
Wessels,2,MED13L+MED24,combo_seen1,WitnessCell_v14,0.014362872656077972,0.6601777078518898,0.0031980505750498684,0.46636856819469075,0.8746580962403201
Wessels,2,MED13L+MED24,combo_seen1,WitnessCell_v13,0.014362872656077972,0.6601777078518898,0.0031980505750498684,0.46636856819469075,0.8746580962403201
Wessels,2,MED13L+MED24,combo_seen1,trainMean,0.01618821268441468,0.6169905789792693,0.005505613002344052,0.08132530100435587,0.8385852373287679
Wessels,2,MED13L+MED24,combo_seen1,baseControl,0.10797878750065182,-1.5547534919010433,0.013709002671250279,-1.2875043881906159,
Wessels,2,MED14+MED22,combo_seen1,WitnessCell_v14,0.033651121021897656,0.18091192438671133,0.006375067657832641,0.08072375418149824,0.7826588451075663
Wessels,2,MED14+MED22,combo_seen1,WitnessCell_v13,0.033651121021897656,0.18091192438671133,0.006375067657832641,0.08072375418149824,0.7826588451075663
Wessels,2,MED14+MED22,combo_seen1,trainMean,0.04259225076109763,-0.03672043166836381,0.0074585901876356745,-0.0755187481601527,0.7286308126883582
Wessels,2,MED14+MED22,combo_seen1,baseControl,0.08900061593644586,-1.1663273324042707,0.015551489100708818,-1.2425039677535379,
Wessels,2,MED16+MED19,combo_seen1,WitnessCell_v14,0.03731765850810244,0.17643480008291634,0.005602063939435248,0.06870496416938476,0.7783220230817083
Wessels,2,MED16+MED19,combo_seen1,WitnessCell_v13,0.03731765850810244,0.17643480008291634,0.005602063939435248,0.06870496416938476,0.7783220230817083
Wessels,2,MED16+MED19,combo_seen1,trainMean,0.04754049963916958,-0.04917357237163933,0.006593445741069903,-0.09610374927208332,0.7148805845469985
Wessels,2,MED16+MED19,combo_seen1,baseControl,0.09150101914265005,-1.0193403909967156,0.013437026301051156,-1.2337902647637207,
Wessels,2,MED16+MED24,combo_seen1,WitnessCell_v14,0.005422735605432834,0.7970842587855571,0.002126640236574781,0.26519225542790004,0.9025961304661498
Wessels,2,MED16+MED24,combo_seen1,WitnessCell_v13,0.005422735605432834,0.7970842587855571,0.002126640236574781,0.26519225542790004,0.9025961304661498
Wessels,2,MED16+MED24,combo_seen1,trainMean,0.016588874989240058,0.3792535522139474,0.005532008837110166,-0.9114483336857084,0.8717841345425109
Wessels,2,MED16+MED24,combo_seen1,baseControl,0.04759395922426066,-0.780939403286651,0.007317673747183572,-1.528440518149365,
Wessels,2,MED19+MED22,combo_seen1,WitnessCell_v14,0.0328567337065505,0.1819777650428378,0.005825183535708785,0.06773227711616014,0.8032941695108821
Wessels,2,MED19+MED22,combo_seen1,WitnessCell_v13,0.0328567337065505,0.1819777650428378,0.005825183535708785,0.06773227711616014,0.8032941695108821
Wessels,2,MED19+MED22,combo_seen1,trainMean,0.038675474964239204,0.03711066502117566,0.00652305065255506,-0.0439550171827352,0.752134442577788
Wessels,2,MED19+MED22,combo_seen1,baseControl,0.09460214115274754,-1.355275348689795,0.014685596017219202,-1.3502962737978481,
Wessels,2,MED22+MED24,combo_seen1,WitnessCell_v14,0.006477165947557911,0.849095747873614,0.0016851734810904857,0.6441689512576692,0.9291418904126851
Wessels,2,MED22+MED24,combo_seen1,WitnessCell_v13,0.006477165947557911,0.849095747873614,0.0016851734810904857,0.6441689512576692,0.9291418904126851
Wessels,2,MED22+MED24,combo_seen1,trainMean,0.011691581811390362,0.7276108990093857,0.004033864931486858,0.14823345776421792,0.8872136734662872
Wessels,2,MED22+MED24,combo_seen1,baseControl,0.10317730197479152,-1.4038126731637202,0.012257151017169492,-1.5881459386663335,
Wessels,2,MED24+RCOR1,combo_seen1,WitnessCell_v14,0.0064139709750449855,0.798656292088083,0.0021110378642592476,0.5024305773299695,0.9038734574488337
Wessels,2,MED24+RCOR1,combo_seen1,WitnessCell_v13,0.0064139709750449855,0.798656292088083,0.0021110378642592476,0.5024305773299695,0.9038734574488337
Wessels,2,MED24+RCOR1,combo_seen1,trainMean,0.011508234053469757,0.6387400995640551,0.00453494893960717,-0.06888273484861629,0.874540387591029
Wessels,2,MED24+RCOR1,combo_seen1,baseControl,0.08841829644438343,-1.7755765847135545,0.011129674909273655,-1.6232527672143848,
Wessels,2,RCOR1+RING1,combo_seen1,WitnessCell_v14,0.012658192638971073,0.46728735099577867,0.0029876828622327784,0.28715825072629364,0.548332322791498
Wessels,2,RCOR1+RING1,combo_seen1,WitnessCell_v13,0.012658192638971073,0.46728735099577867,0.0029876828622327784,0.28715825072629364,0.548332322791498
Wessels,2,RCOR1+RING1,combo_seen1,trainMean,0.01786588983325649,0.24812445415072504,0.004747961826598735,-0.13283289091401707,0.3812005866482514
Wessels,2,RCOR1+RING1,combo_seen1,baseControl,0.008882384335730152,0.6261900396117661,0.003242348815323227,0.22639660638436931,
Wessels,2,RCOR1+SMARCD1,combo_seen1,WitnessCell_v14,0.011901834984361618,0.6729245356748641,0.002501149037712237,0.33189670183627185,0.7065352353471075
Wessels,2,RCOR1+SMARCD1,combo_seen1,WitnessCell_v13,0.011901834984361618,0.6729245356748641,0.002501149037712237,0.33189670183627185,0.7065352353471075
Wessels,2,RCOR1+SMARCD1,combo_seen1,trainMean,0.016082923118003023,0.5580236532065772,0.004530256730870158,-0.2101155979858118,0.6537549181542639
Wessels,2,RCOR1+SMARCD1,combo_seen1,baseControl,0.016737577116652635,0.5400330441230223,0.004165188376413154,-0.11259906938621134,
Wessels,2,SUPT5H+SUPT6H,combo_seen1,WitnessCell_v14,0.010286854234683732,0.13830383340627084,0.0025351203407358754,-0.008639934168894303,0.7078776074954088
Wessels,2,SUPT5H+SUPT6H,combo_seen1,WitnessCell_v13,0.010286854234683732,0.13830383340627084,0.0025351203407358754,-0.008639934168894303,0.7078776074954088
Wessels,2,SUPT5H+SUPT6H,combo_seen1,trainMean,0.014558574569080131,-0.21952422101478297,0.0034051025506243835,-0.3547768748142208,0.6911682288797512
Wessels,2,SUPT5H+SUPT6H,combo_seen1,baseControl,0.013269434497178255,-0.1115371695005487,0.004575585644945552,-0.8204731071513465,
Wessels,2,DOT1L+GSE1,combo_seen2,WitnessCell_v14,0.015290590027479787,0.7985719829903997,0.002387614081327281,0.5138596447463191,0.8125145572757106
Wessels,2,DOT1L+GSE1,combo_seen2,WitnessCell_v13,0.015290590027479787,0.7985719829903997,0.002387614081327281,0.5138596447463191,0.8125145572757106
Wessels,2,DOT1L+GSE1,combo_seen2,trainMean,0.016014656606380503,0.7890336136463271,0.004419017391469326,0.10024710385069102,0.6860709867870032
Wessels,2,DOT1L+GSE1,combo_seen2,baseControl,0.14134727584658763,-0.8620145744748475,0.007024465979199296,-0.4302463757865773,
Wessels,2,DOT1L+KDM1A,combo_seen2,WitnessCell_v14,0.0697201564509799,0.7550563670136506,0.002362424891978229,0.6581941456374694,0.9512385008308903
Wessels,2,DOT1L+KDM1A,combo_seen2,WitnessCell_v13,0.0697201564509799,0.7550563670136506,0.002362424891978229,0.6581941456374694,0.9512385008308903
Wessels,2,DOT1L+KDM1A,combo_seen2,trainMean,0.37609844147035887,-0.3213240374614632,0.009587837115994521,-0.3872097555563221,0.6509960847396778
Wessels,2,DOT1L+KDM1A,combo_seen2,baseControl,0.5667093375171943,-0.9909858360164066,0.016353001689735438,-1.3660230354546403,
Wessels,2,EP300+HDAC3,combo_seen2,WitnessCell_v14,0.006031484703713086,0.7438062664682891,0.0018955974578723316,0.3804333059249949,0.7828031668664159
Wessels,2,EP300+HDAC3,combo_seen2,WitnessCell_v13,0.006031484703713086,0.7438062664682891,0.0018955974578723316,0.3804333059249949,0.7828031668664159
Wessels,2,EP300+HDAC3,combo_seen2,trainMean,0.01547636973650953,0.3426247202661946,0.006577264213334139,-1.1497464178324117,0.6955174268028568
Wessels,2,EP300+HDAC3,combo_seen2,baseControl,0.010607138020562203,0.5494505208806939,0.002784425114280234,0.08992436353530364,
Wessels,2,EP300+RING1,combo_seen2,WitnessCell_v14,0.008924566580771927,0.7701893284051436,0.002090765149673475,0.5825991192447615,0.88294073739075
Wessels,2,EP300+RING1,combo_seen2,WitnessCell_v13,0.008924566580771927,0.7701893284051436,0.002090765149673475,0.5825991192447615,0.88294073739075
Wessels,2,EP300+RING1,combo_seen2,trainMean,0.016156154190302415,0.5839734499978027,0.004823002291659917,0.037134608476813935,0.7226591233666176
Wessels,2,EP300+RING1,combo_seen2,baseControl,0.05590640922868922,-0.43960934517345196,0.009046781847871672,-0.8061018053088735,
Wessels,2,EP300+SSRP1,combo_seen2,WitnessCell_v14,0.00924140910416649,0.7096647692957316,0.003031534987144279,0.37137631941130633,0.7992956292647911
Wessels,2,EP300+SSRP1,combo_seen2,WitnessCell_v13,0.00924140910416649,0.7096647692957316,0.003031534987144279,0.37137631941130633,0.7992956292647911
Wessels,2,EP300+SSRP1,combo_seen2,trainMean,0.012559718381799848,0.6054142076324203,0.00501972430645794,-0.04089762527815366,0.7884398110838087
Wessels,2,EP300+SSRP1,combo_seen2,baseControl,0.04331223122837283,-0.3607304366967987,0.008345947529857067,-0.7306283042971105,
Wessels,2,FLI1+SMARCD1,combo_seen2,WitnessCell_v14,0.017163170505193632,0.7737437329011219,0.0017322634205630479,0.5175803761810609,0.8984422554997995
Wessels,2,FLI1+SMARCD1,combo_seen2,WitnessCell_v13,0.017163170505193632,0.7737437329011219,0.0017322634205630479,0.5175803761810609,0.8984422554997995
Wessels,2,FLI1+SMARCD1,combo_seen2,trainMean,0.00928503124859711,0.8775985759992124,0.003057061542060899,0.14863613604851955,0.8616676612493243
Wessels,2,FLI1+SMARCD1,combo_seen2,baseControl,0.10422574035564786,-0.37397265507266675,0.00863081414133407,-1.4036033214626316,
Wessels,2,GATA2+GSE1,combo_seen2,WitnessCell_v14,0.01126019488483823,0.8393881661495071,0.0014213161229503187,0.5418513755530967,0.8754766651918389
Wessels,2,GATA2+GSE1,combo_seen2,WitnessCell_v13,0.01126019488483823,0.8393881661495071,0.0014213161229503187,0.5418513755530967,0.8754766651918389
Wessels,2,GATA2+GSE1,combo_seen2,trainMean,0.006833687611300364,0.9025264562081232,0.002743523909939915,0.11564944266793664,0.8313749634635775
Wessels,2,GATA2+GSE1,combo_seen2,baseControl,0.14084715628448508,-1.0089989822412484,0.005932453701601881,-0.9122737433963841,
Wessels,2,GATA2+KDM1A,combo_seen2,WitnessCell_v14,0.020601134880822165,0.8722112606046011,0.0014807157627569011,0.6660778713405882,0.9373423882833701
Wessels,2,GATA2+KDM1A,combo_seen2,WitnessCell_v13,0.020601134880822165,0.8722112606046011,0.0014807157627569011,0.6660778713405882,0.9373423882833701
Wessels,2,GATA2+KDM1A,combo_seen2,trainMean,0.15176842371131047,0.05858120640967657,0.0047209560390787525,-0.06464166150400885,0.7552619323100437
Wessels,2,GATA2+KDM1A,combo_seen2,baseControl,0.3308033028302618,-1.0519712773622927,0.010969288519184937,-1.4737280876821752,
Wessels,2,GATA2+MED24,combo_seen2,WitnessCell_v14,0.00600977920689119,0.827490149393345,0.0012691047034166804,0.650384368263307,0.9429327049599694
Wessels,2,GATA2+MED24,combo_seen2,WitnessCell_v13,0.00600977920689119,0.827490149393345,0.0012691047034166804,0.650384368263307,0.9429327049599694
Wessels,2,GATA2+MED24,combo_seen2,trainMean,0.012480091860101895,0.641760752229497,0.0035475278601295036,0.022719567121892936,0.9115268332925909
Wessels,2,GATA2+MED24,combo_seen2,baseControl,0.0914506705699587,-1.625078388871938,0.010727161946242306,-1.9551411246688661,
Wessels,2,GATA2+RING1,combo_seen2,WitnessCell_v14,0.005964204009176483,0.7694447924766968,0.001435975846770005,0.6105801809032374,0.5876031986773994
Wessels,2,GATA2+RING1,combo_seen2,WitnessCell_v13,0.005964204009176483,0.7694447924766968,0.001435975846770005,0.6105801809032374,0.5876031986773994
Wessels,2,GATA2+RING1,combo_seen2,trainMean,0.013461963046090611,0.47960772653197503,0.0032824203255568136,0.10984607975610217,0.5032501475054793
Wessels,2,GATA2+RING1,combo_seen2,baseControl,0.004238260307381725,0.8361637222330538,0.0016070446641297483,0.5641883226702639,
Wessels,2,GATA2+SMARCD1,combo_seen2,WitnessCell_v14,0.004055564288104198,0.8548405873273868,0.000984031663253577,0.6117527309454673,0.8341009448952779
Wessels,2,GATA2+SMARCD1,combo_seen2,WitnessCell_v13,0.004055564288104198,0.8548405873273868,0.000984031663253577,0.6117527309454673,0.8341009448952779
Wessels,2,GATA2+SMARCD1,combo_seen2,trainMean,0.009881906217805277,0.6463003417625508,0.0034028542354379433,-0.3425877573199405,0.7579697987769617
Wessels,2,GATA2+SMARCD1,combo_seen2,baseControl,0.014653118083471642,0.47552600237204223,0.003243862800155184,-0.27985807812700103,
Wessels,2,GFI1+GSE1,combo_seen2,WitnessCell_v14,0.02334609701181404,0.8912207814574735,0.0035222375700183065,0.5192659724864086,0.867472278018738
Wessels,2,GFI1+GSE1,combo_seen2,WitnessCell_v13,0.02334609701181404,0.8912207814574735,0.0035222375700183065,0.5192659724864086,0.867472278018738
Wessels,2,GFI1+GSE1,combo_seen2,trainMean,0.04405087150080464,0.7947485879309962,0.005643242895381674,0.22977969787535002,0.8645233973981622
Wessels,2,GFI1+GSE1,combo_seen2,baseControl,0.3694519004739583,-0.7214307386057468,0.013926898479118871,-0.9008184040819622,
Wessels,2,GFI1+HDAC3,combo_seen2,WitnessCell_v14,0.11169674898705703,0.7127441009687889,0.002564751970306277,0.6870114465282708,0.9256537341186423
Wessels,2,GFI1+HDAC3,combo_seen2,WitnessCell_v13,0.11169674898705703,0.7127441009687889,0.002564751970306277,0.6870114465282708,0.9256537341186423
Wessels,2,GFI1+HDAC3,combo_seen2,trainMean,0.0293929550731509,0.9244087244141695,0.004836672381506559,0.40975848353725064,0.8420143463605412
Wessels,2,GFI1+HDAC3,combo_seen2,baseControl,0.7029196729312049,-0.8077323147334889,0.014831887622464084,-0.8100038935366978,
Wessels,2,GFI1+RING1,combo_seen2,WitnessCell_v14,0.011391746162092122,0.919641928219161,0.001378779090119795,0.6290140069037378,0.9133838735806797
Wessels,2,GFI1+RING1,combo_seen2,WitnessCell_v13,0.011391746162092122,0.919641928219161,0.001378779090119795,0.6290140069037378,0.9133838735806797
Wessels,2,GFI1+RING1,combo_seen2,trainMean,0.009200440259450392,0.9350995336215905,0.0034420623583610306,0.0738495155123936,0.8360901992160278
Wessels,2,GFI1+RING1,combo_seen2,baseControl,0.2856762699991444,-1.0151778212074891,0.00825834963219287,-1.2220615772241157,
Wessels,2,GSE1+HDAC3,combo_seen2,WitnessCell_v14,0.05354012784301521,0.7528058929971235,0.002086521882782763,0.6739693499958349,0.901234452344624
Wessels,2,GSE1+HDAC3,combo_seen2,WitnessCell_v13,0.05354012784301521,0.7528058929971235,0.002086521882782763,0.6739693499958349,0.901234452344624
Wessels,2,GSE1+HDAC3,combo_seen2,trainMean,0.01612148442104163,0.9255673061389585,0.003472405480351407,0.4574173292028382,0.830012547155938
Wessels,2,GSE1+HDAC3,combo_seen2,baseControl,0.3850923011475884,-0.7779663839237483,0.010360381276636148,-0.6188672018180517,
Wessels,2,GSE1+KDM1A,combo_seen2,WitnessCell_v14,0.01196051071986044,0.9097813403845147,0.0022735442009896266,0.5634706130300522,0.9148204562591227
Wessels,2,GSE1+KDM1A,combo_seen2,WitnessCell_v13,0.01196051071986044,0.9097813403845147,0.0022735442009896266,0.5634706130300522,0.9148204562591227
Wessels,2,GSE1+KDM1A,combo_seen2,trainMean,0.024657187110728257,0.814009750660206,0.004041553687606607,0.22400587026674057,0.8265298887157484
Wessels,2,GSE1+KDM1A,combo_seen2,baseControl,0.27724254813961774,-1.0912527623092845,0.012762932651405393,-1.4505330328883046,
Wessels,2,INTS1+RING1,combo_seen2,WitnessCell_v14,0.05181592563907626,0.4629825635629168,0.0036139661906571374,0.3802773915463977,0.410197153586175
Wessels,2,INTS1+RING1,combo_seen2,WitnessCell_v13,0.05181592563907626,0.4629825635629168,0.0036139661906571374,0.3802773915463977,0.410197153586175
Wessels,2,INTS1+RING1,combo_seen2,trainMean,0.054908985173494046,0.43092626269722933,0.004264233657918589,0.2687695827446479,0.401987611182964
Wessels,2,INTS1+RING1,combo_seen2,baseControl,0.03140596023955737,0.6745103354098312,0.0028073357260652953,0.5185983135481893,
Wessels,2,INTS1+SSRP1,combo_seen2,WitnessCell_v14,0.023058209646760128,0.47609173881205946,0.002856409948997428,0.2660118006453869,0.49235921897318957
Wessels,2,INTS1+SSRP1,combo_seen2,WitnessCell_v13,0.023058209646760128,0.47609173881205946,0.002856409948997428,0.2660118006453869,0.49235921897318957
Wessels,2,INTS1+SSRP1,combo_seen2,trainMean,0.05164004169055137,-0.17331938880913667,0.0051388571898515175,-0.3204899166674269,0.4307660709028332
Wessels,2,INTS1+SSRP1,combo_seen2,baseControl,0.013380508432316428,0.6959799128389631,0.0019296919139920705,0.5041429211667151,
Wessels,2,MED24+RING1,combo_seen2,WitnessCell_v14,0.011194037161258122,0.7209746987674575,0.002144081083460607,0.5930371214041258,0.9274088576425484
Wessels,2,MED24+RING1,combo_seen2,WitnessCell_v13,0.011194037161258122,0.7209746987674575,0.002144081083460607,0.5930371214041258,0.9274088576425484
Wessels,2,MED24+RING1,combo_seen2,trainMean,0.01169913941088775,0.7083843968660207,0.004370055080334698,0.17053034568773617,0.8344742292922338
Wessels,2,MED24+RING1,combo_seen2,baseControl,0.11888933297189386,-1.963464518469611,0.01423165475776222,-1.70127619336743,
Wessels,2,MED24+SSRP1,combo_seen2,WitnessCell_v14,0.008715970046569127,0.782106774821909,0.002343099217306149,0.5314775322284402,0.8987845152066081
Wessels,2,MED24+SSRP1,combo_seen2,WitnessCell_v13,0.008715970046569127,0.782106774821909,0.002343099217306149,0.5314775322284402,0.8987845152066081
Wessels,2,MED24+SSRP1,combo_seen2,trainMean,0.012367940875270208,0.6908100289783168,0.004190069554353552,0.16216022213637993,0.8816439947281504
Wessels,2,MED24+SSRP1,combo_seen2,baseControl,0.09001654007868551,-1.2503512669640648,0.012283594067254438,-1.4562083257024003,
Wessels,2,RCOR1,unseen_single,WitnessCell_v14,0.014156395500550048,0.332954538209715,0.003554575095873337,0.27940817391376094,0.40602539469418264
Wessels,2,RCOR1,unseen_single,WitnessCell_v13,0.014156395500550048,0.332954538209715,0.003554575095873337,0.27940817391376094,0.40602539469418264
Wessels,2,RCOR1,unseen_single,trainMean,0.014471387380006667,0.3181122074988946,0.0036072490480054233,0.26872998641447166,0.42246572786259706
Wessels,2,RCOR1,unseen_single,baseControl,0.011072298696052611,0.4782763312524426,0.004039168730797347,0.1811702121655182,
Wessels,2,IKZF1+RCOR1,combo_seen0,WitnessCell_v14,0.02627840006568656,0.03781562604955846,0.005439761509680288,-0.03493701494699053,0.328864578981501
Wessels,2,IKZF1+RCOR1,combo_seen0,WitnessCell_v13,0.02627840006568656,0.03781562604955846,0.005439761509680288,-0.03493701494699053,0.328864578981501
Wessels,2,IKZF1+RCOR1,combo_seen0,trainMean,0.03273161200083529,-0.19846891449590376,0.006644446844519868,-0.2641333578694889,0.32172411111768606
Wessels,2,IKZF1+RCOR1,combo_seen0,baseControl,0.0107601195591123,0.6060179129727441,0.0034090646846135653,0.3514114135010069,
Wessels,2,MED13L+MED16,combo_seen0,WitnessCell_v14,0.021733633607325456,0.043822664976056025,0.0033970314480359833,-0.10910475026921418,0.7329735278665923
Wessels,2,MED13L+MED16,combo_seen0,WitnessCell_v13,0.021733633607325456,0.043822664976056025,0.0033970314480359833,-0.10910475026921418,0.7329735278665923
Wessels,2,MED13L+MED16,combo_seen0,trainMean,0.024379461965260814,-0.07258129921742773,0.003664868148345807,-0.19655138158662622,0.7300671141236101
Wessels,2,MED13L+MED16,combo_seen0,baseControl,0.03671545076713641,-0.6153066027988274,0.007290863090336319,-1.3804109590241387,
Wessels,2,MED13L+MED22,combo_seen0,WitnessCell_v14,0.02842686806199278,-0.03663565533728885,0.004576603307375977,-0.13957596845407072,0.7113851056575785
Wessels,2,MED13L+MED22,combo_seen0,WitnessCell_v13,0.02842686806199278,-0.03663565533728885,0.004576603307375977,-0.13957596845407072,0.7113851056575785
Wessels,2,MED13L+MED22,combo_seen0,trainMean,0.02834500010029968,-0.0336501963716449,0.0047202075487519325,-0.17533347930854437,0.7088698975072306
Wessels,2,MED13L+MED22,combo_seen0,baseControl,0.05737821077168139,-1.0923971995673072,0.009288436336941736,-1.3128241892923125,
Wessels,2,MED16+MED22,combo_seen0,WitnessCell_v14,0.03743952813991961,-0.0352002112323575,0.005560127450237697,-0.09744743525083455,0.745783666888605
Wessels,2,MED16+MED22,combo_seen0,WitnessCell_v13,0.03743952813991961,-0.0352002112323575,0.005560127450237697,-0.09744743525083455,0.745783666888605
Wessels,2,MED16+MED22,combo_seen0,trainMean,0.03662297035911783,-0.01262244839276283,0.005461609754967288,-0.07800219897361393,0.7411476451320727
Wessels,2,MED16+MED22,combo_seen0,baseControl,0.07853564632045307,-1.1715048693019474,0.012120620320348939,-1.392345104184157,
Wessels,3,DOT1L+FLI1,combo_seen1,WitnessCell_v14,0.04293121545173218,0.07966357036042793,0.004142629051984529,-0.049168730660146265,0.7011011306312055
Wessels,3,DOT1L+FLI1,combo_seen1,WitnessCell_v13,0.04293121545173218,0.07966357036042793,0.004142629051984529,-0.049168730660146265,0.7011011306312055
Wessels,3,DOT1L+FLI1,combo_seen1,trainMean,0.04230945709598356,0.09299249336452053,0.005063391229251931,-0.28236240372163657,0.6256366053448729
Wessels,3,DOT1L+FLI1,combo_seen1,baseControl,0.0707696659641455,-0.5171222387927732,0.00804803345931107,-1.0382575757708263,
Wessels,3,DOT1L+IKZF1,combo_seen1,WitnessCell_v14,0.008533072444027227,0.24558276605145912,0.002564676721822615,0.18795825449986314,0.5940036843179003
Wessels,3,DOT1L+IKZF1,combo_seen1,WitnessCell_v13,0.008533072444027227,0.24558276605145912,0.002564676721822615,0.18795825449986314,0.5940036843179003
Wessels,3,DOT1L+IKZF1,combo_seen1,trainMean,0.010694043071066,0.05452925117877638,0.0038988702012536635,-0.23448126493483,0.5239753755767003
Wessels,3,DOT1L+IKZF1,combo_seen1,baseControl,0.00870530048232137,0.2303559176787845,0.0032624694835784417,-0.032980644906872136,
Wessels,3,DOT1L+KDM1A,combo_seen1,WitnessCell_v14,0.41589404667379426,-0.11780459166994861,0.009656116631920097,-0.010224141981686419,0.6884359860735777
Wessels,3,DOT1L+KDM1A,combo_seen1,WitnessCell_v13,0.41589404667379426,-0.11780459166994861,0.009656116631920097,-0.010224141981686419,0.6884359860735777
Wessels,3,DOT1L+KDM1A,combo_seen1,trainMean,0.42201794143734606,-0.13426387436550247,0.01054460600383344,-0.10317801232267931,0.598114808148838
Wessels,3,DOT1L+KDM1A,combo_seen1,baseControl,0.5667093375171943,-0.5231530835444154,0.016353001689735438,-0.7108531028123104,
Wessels,3,DOT1L+RING1,combo_seen1,WitnessCell_v14,0.007633202319710559,0.2993340444159466,0.002044000770424674,0.2048729977747077,0.7012944637756923
Wessels,3,DOT1L+RING1,combo_seen1,WitnessCell_v13,0.007633202319710559,0.2993340444159466,0.002044000770424674,0.2048729977747077,0.7012944637756923
Wessels,3,DOT1L+RING1,combo_seen1,trainMean,0.00974920834358287,0.1051018833071442,0.0033335836614073124,-0.2967814991631832,0.6121166150513964
Wessels,3,DOT1L+RING1,combo_seen1,baseControl,0.01006548287588615,0.07607045087269226,0.0037219181664637172,-0.4478456549765828,
Wessels,3,EP300+FLI1,combo_seen1,WitnessCell_v14,0.01612016091047437,0.5989552001772177,0.00312794280710263,0.34459584581365443,0.834840823049345
Wessels,3,EP300+FLI1,combo_seen1,WitnessCell_v13,0.01612016091047437,0.5989552001772177,0.00312794280710263,0.34459584581365443,0.834840823049345
Wessels,3,EP300+FLI1,combo_seen1,trainMean,0.020693638540925288,0.4851741138106185,0.005137914325844083,-0.07655753339394811,0.7903406249612085
Wessels,3,EP300+FLI1,combo_seen1,baseControl,0.08005257443884996,-0.9915848774354583,0.010326428208111915,-1.1637172937227391,
Wessels,3,EP300+IKZF1,combo_seen1,WitnessCell_v14,0.014501585881566142,0.524295656094621,0.004083975429130997,0.051942601736327365,0.7149151199900409
Wessels,3,EP300+IKZF1,combo_seen1,WitnessCell_v13,0.014501585881566142,0.524295656094621,0.004083975429130997,0.051942601736327365,0.7149151199900409
Wessels,3,EP300+IKZF1,combo_seen1,trainMean,0.02186508767435524,0.28274622710165087,0.007992781170802469,-0.8554507619293514,0.6417429475781027
Wessels,3,EP300+IKZF1,combo_seen1,baseControl,0.037770593239267174,-0.23901174826970473,0.006922139093623398,-0.6069110339667896,
Wessels,3,EP300+KDM1A,combo_seen1,WitnessCell_v14,0.014149123070612963,0.548933932642976,0.0038927752282796966,0.2777542004864193,0.8269176601215834
Wessels,3,EP300+KDM1A,combo_seen1,WitnessCell_v13,0.014149123070612963,0.548933932642976,0.0038927752282796966,0.2777542004864193,0.8269176601215834
Wessels,3,EP300+KDM1A,combo_seen1,trainMean,0.01623433757503894,0.4824584697175901,0.005429744277812404,-0.007407252438758283,0.7889870929871692
Wessels,3,EP300+KDM1A,combo_seen1,baseControl,0.07598450509515844,-1.422343188499672,0.012205854900113148,-1.2646124972837942,
Wessels,3,EP300+RING1,combo_seen1,WitnessCell_v14,0.007343105901962028,0.747628623755513,0.0020974198214370756,0.5077796730718818,0.8767578646021625
Wessels,3,EP300+RING1,combo_seen1,WitnessCell_v13,0.007343105901962028,0.747628623755513,0.0020974198214370756,0.5077796730718818,0.8767578646021625
Wessels,3,EP300+RING1,combo_seen1,trainMean,0.011213784129437144,0.6145993028782994,0.004113551487973467,0.03463596674763658,0.8328726345280326
Wessels,3,EP300+RING1,combo_seen1,baseControl,0.05590640922868922,-0.9214182154395885,0.009046781847871672,-1.1230894612961748,
Wessels,3,FLI1+GATA2,combo_seen1,WitnessCell_v14,0.06062850556975273,0.080071561938302,0.00375892928517268,0.039447913749864005,0.6206679283625802
Wessels,3,FLI1+GATA2,combo_seen1,WitnessCell_v13,0.06062850556975273,0.080071561938302,0.00375892928517268,0.039447913749864005,0.6206679283625802
Wessels,3,FLI1+GATA2,combo_seen1,trainMean,0.06729482878461024,-0.02107789317407671,0.004464023940467632,-0.1407310922290348,0.6281766628522061
Wessels,3,FLI1+GATA2,combo_seen1,baseControl,0.06179754161085654,0.06233354433050864,0.006040321195613476,-0.5435361204995115,
Wessels,3,FLI1+GFI1,combo_seen1,WitnessCell_v14,0.13823371853470806,0.09242551583464775,0.008785638032607897,0.04273408832431713,0.6679785008689054
Wessels,3,FLI1+GFI1,combo_seen1,WitnessCell_v13,0.13823371853470806,0.09242551583464775,0.008785638032607897,0.04273408832431713,0.6679785008689054
Wessels,3,FLI1+GFI1,combo_seen1,trainMean,0.1382337178970222,0.09242552002137894,0.008785637963568804,0.04273409584668175,0.6679785047504725
Wessels,3,FLI1+GFI1,combo_seen1,baseControl,0.21331368455647626,-0.400512547003107,0.01577177982133271,-0.7184622372764227,
Wessels,3,FLI1+GSE1,combo_seen1,WitnessCell_v14,0.09002475714117977,0.37128135390533457,0.007489614061149945,0.062939537491975,0.6890940041423549
Wessels,3,FLI1+GSE1,combo_seen1,WitnessCell_v13,0.09002475714117977,0.37128135390533457,0.007489614061149945,0.062939537491975,0.6890940041423549
Wessels,3,FLI1+GSE1,combo_seen1,trainMean,0.08333883772241801,0.41797475623542657,0.008199965244531404,-0.02593580414883978,0.6591232414177091
Wessels,3,FLI1+GSE1,combo_seen1,baseControl,0.20332431666579034,-0.41998482586035313,0.014185916772605703,-0.7748660509747618,
Wessels,3,FLI1+HDAC3,combo_seen1,WitnessCell_v14,0.13557379261927766,0.21255702214955152,0.0056143035721842125,0.1439311165811895,0.6468478031334551
Wessels,3,FLI1+HDAC3,combo_seen1,WitnessCell_v13,0.13557379261927766,0.21255702214955152,0.0056143035721842125,0.1439311165811895,0.6468478031334551
Wessels,3,FLI1+HDAC3,combo_seen1,trainMean,0.14181400361103247,0.1763124778993097,0.006997197654452468,-0.06693254222757261,0.5838668469730435
Wessels,3,FLI1+HDAC3,combo_seen1,baseControl,0.21816288429126274,-0.2671389355108098,0.00959449967767962,-0.4629690967775535,
Wessels,3,FLI1+INTS1,combo_seen1,WitnessCell_v14,0.11003050860873476,-0.05051197739408253,0.00434489950641766,0.1277668584516244,0.5456284816886245
Wessels,3,FLI1+INTS1,combo_seen1,WitnessCell_v13,0.11003050860873476,-0.05051197739408253,0.00434489950641766,0.1277668584516244,0.5456284816886245
Wessels,3,FLI1+INTS1,combo_seen1,trainMean,0.10584511992333556,-0.01055214262047044,0.005231998647517228,-0.050317184588556385,0.4577850390377314
Wessels,3,FLI1+INTS1,combo_seen1,baseControl,0.07751692923476777,0.25991014999753825,0.006071319197546727,-0.21880973523029468,
Wessels,3,FLI1+MED24,combo_seen1,WitnessCell_v14,0.032758396662506545,0.44471129867829673,0.003087683004324173,0.3174182644769119,0.8761714486581358
Wessels,3,FLI1+MED24,combo_seen1,WitnessCell_v13,0.032758396662506545,0.44471129867829673,0.003087683004324173,0.3174182644769119,0.8761714486581358
Wessels,3,FLI1+MED24,combo_seen1,trainMean,0.0482610958420429,0.18192451509195118,0.005395287737950358,-0.19271468692190452,0.843395638320448
Wessels,3,FLI1+MED24,combo_seen1,baseControl,0.13038556866102322,-1.2101702302096569,0.012408144741490063,-1.7430189434623564,
Wessels,3,FLI1+RCOR1,combo_seen1,WitnessCell_v14,0.03724040032223796,0.26901169538751457,0.0030102085344722177,0.14116510736343313,0.7140817522599575
Wessels,3,FLI1+RCOR1,combo_seen1,WitnessCell_v13,0.03724040032223796,0.26901169538751457,0.0030102085344722177,0.14116510736343313,0.7140817522599575
Wessels,3,FLI1+RCOR1,combo_seen1,trainMean,0.0449205739880712,0.1182582910594614,0.004625611638560362,-0.3197214177980423,0.5997675538306259
Wessels,3,FLI1+RCOR1,combo_seen1,baseControl,0.04039833725679881,0.20702484922331443,0.006080701199491573,-0.7348692962682142,
Wessels,3,FLI1+SMARCD1,combo_seen1,WitnessCell_v14,0.05236285318358087,0.3257951125417311,0.003990445590673045,0.04174345255666778,0.7352553607592082
Wessels,3,FLI1+SMARCD1,combo_seen1,WitnessCell_v13,0.05236285318358087,0.3257951125417311,0.003990445590673045,0.04174345255666778,0.7352553607592082
Wessels,3,FLI1+SMARCD1,combo_seen1,trainMean,0.04572394252909022,0.41127529054050893,0.005443417654036455,-0.30716996107927685,0.6738367899504829
Wessels,3,FLI1+SMARCD1,combo_seen1,baseControl,0.10422574035564786,-0.34197239597265394,0.00863081414133407,-1.0725841194353762,
Wessels,3,FLI1+SSRP1,combo_seen1,WitnessCell_v14,0.05433941095432943,0.1133369872803337,0.005038607610943893,0.030445844850786385,0.6482912123801745
Wessels,3,FLI1+SSRP1,combo_seen1,WitnessCell_v13,0.05433941095432943,0.1133369872803337,0.005038607610943893,0.030445844850786385,0.6482912123801745
Wessels,3,FLI1+SSRP1,combo_seen1,trainMean,0.06240308914584247,-0.018239065410005084,0.005529030275128116,-0.06392374463786332,0.6315084447289389
Wessels,3,FLI1+SSRP1,combo_seen1,baseControl,0.07009248772822102,-0.1437079505766905,0.008645117842474315,-0.6635369477313549,
Wessels,3,GATA2+IKZF1,combo_seen1,WitnessCell_v14,0.007348408666758944,0.21604304171193234,0.002006644587927027,0.176007936406677,0.6187071787790176
Wessels,3,GATA2+IKZF1,combo_seen1,WitnessCell_v13,0.007348408666758944,0.21604304171193234,0.002006644587927027,0.176007936406677,0.6187071787790176
Wessels,3,GATA2+IKZF1,combo_seen1,trainMean,0.01421772959486451,-0.5168029640719844,0.003854995770005914,-0.5829838222383898,0.5911266321566477
Wessels,3,GATA2+IKZF1,combo_seen1,baseControl,0.0049007311068670414,0.4771708507031469,0.002325655957716264,0.045011725874986475,
Wessels,3,GATA2+KDM1A,combo_seen1,WitnessCell_v14,0.23831293399009193,-0.055550336689078605,0.006381156656212316,0.024944823544805872,0.6647081374880894
Wessels,3,GATA2+KDM1A,combo_seen1,WitnessCell_v13,0.23831293399009193,-0.055550336689078605,0.006381156656212316,0.024944823544805872,0.6647081374880894
Wessels,3,GATA2+KDM1A,combo_seen1,trainMean,0.20949866696377695,0.07207559091726945,0.006202854099230935,0.05218985771751139,0.6636204888974551
Wessels,3,GATA2+KDM1A,combo_seen1,baseControl,0.3308033028302618,-0.46521437940443233,0.010969288519184937,-0.6761321072174498,
Wessels,3,GATA2+RING1,combo_seen1,WitnessCell_v14,0.017808937834391775,0.23153935198973086,0.0028907706146457193,0.19312184215388006,0.3709400983772386
Wessels,3,GATA2+RING1,combo_seen1,WitnessCell_v13,0.017808937834391775,0.23153935198973086,0.0028907706146457193,0.19312184215388006,0.3709400983772386
Wessels,3,GATA2+RING1,combo_seen1,trainMean,0.03338947343356481,-0.4407651163747912,0.005347755701275513,-0.4926771591612773,0.35124149636430313
Wessels,3,GATA2+RING1,combo_seen1,baseControl,0.004238260307381725,0.8171178824625283,0.0016070446641297483,0.5514382111123111,
Wessels,3,GFI1+KDM1A,combo_seen1,WitnessCell_v14,0.41126599827246707,0.043741146848637946,0.012534086528093055,0.08287036823857796,0.6353254480834423
Wessels,3,GFI1+KDM1A,combo_seen1,WitnessCell_v13,0.41126599827246707,0.043741146848637946,0.012534086528093055,0.08287036823857796,0.6353254480834423
Wessels,3,GFI1+KDM1A,combo_seen1,trainMean,0.41126600717719686,0.04374112614372483,0.012534086589545952,0.08287036374201795,0.6353254458143516
Wessels,3,GFI1+KDM1A,combo_seen1,baseControl,0.5847619729854945,-0.3596645869157733,0.020625150579185392,-0.5091595796243529,
Wessels,3,GFI1+RING1,combo_seen1,WitnessCell_v14,0.1854770900942176,0.09939214271319563,0.00580236613067351,-0.0562196879111867,0.5985700543527895
Wessels,3,GFI1+RING1,combo_seen1,WitnessCell_v13,0.1854770900942176,0.09939214271319563,0.00580236613067351,-0.0562196879111867,0.5985700543527895
Wessels,3,GFI1+RING1,combo_seen1,trainMean,0.18547709690960784,0.0993921096201914,0.005802366136873212,-0.056219689039734844,0.598570052194756
Wessels,3,GFI1+RING1,combo_seen1,baseControl,0.2856762699991444,-0.38713785767785835,0.00825834963219287,-0.503288705803151,
Wessels,3,GSE1+IKZF1,combo_seen1,WitnessCell_v14,0.013759471075325973,0.7971378482227285,0.00357926395418466,0.39199594786234093,0.712344744988125
Wessels,3,GSE1+IKZF1,combo_seen1,WitnessCell_v13,0.013759471075325973,0.7971378482227285,0.00357926395418466,0.39199594786234093,0.712344744988125
Wessels,3,GSE1+IKZF1,combo_seen1,trainMean,0.016209113006591717,0.7610216610132119,0.004986786370148348,0.15290228409943696,0.6569562727969216
Wessels,3,GSE1+IKZF1,combo_seen1,baseControl,0.08424490009727223,-0.24206094961314073,0.006057551762344144,-0.028986982989308796,
Wessels,3,GSE1+KDM1A,combo_seen1,WitnessCell_v14,0.03682187126130953,0.8034185921502437,0.0034271187952181334,0.5336346575683799,0.8704331162472465
Wessels,3,GSE1+KDM1A,combo_seen1,WitnessCell_v13,0.03682187126130953,0.8034185921502437,0.0034271187952181334,0.5336346575683799,0.8704331162472465
Wessels,3,GSE1+KDM1A,combo_seen1,trainMean,0.03219758629271137,0.828106323063601,0.004329914998686864,0.4107813554989771,0.8128138266345666
Wessels,3,GSE1+KDM1A,combo_seen1,baseControl,0.27724254813961774,-0.48011843402446397,0.012762932651405393,-0.7367911099870497,
Wessels,3,GSE1+RING1,combo_seen1,WitnessCell_v14,0.029698711236524025,0.8685481212416203,0.002672747779685191,0.5412217419035523,0.8047044129017528
Wessels,3,GSE1+RING1,combo_seen1,WitnessCell_v13,0.029698711236524025,0.8685481212416203,0.002672747779685191,0.5412217419035523,0.8047044129017528
Wessels,3,GSE1+RING1,combo_seen1,trainMean,0.02490608526685406,0.8897611524362039,0.0038662464485943473,0.3363572034220855,0.7502396388431417
Wessels,3,GSE1+RING1,combo_seen1,baseControl,0.3071343284131383,-0.3594322049721914,0.007216731536999582,-0.23875494308121326,
Wessels,3,HDAC3+IKZF1,combo_seen1,WitnessCell_v14,0.026940148454855827,0.49164305019711085,0.0045382016971740186,0.3948846932996636,0.5288956706119567
Wessels,3,HDAC3+IKZF1,combo_seen1,WitnessCell_v13,0.026940148454855827,0.49164305019711085,0.0045382016971740186,0.3948846932996636,0.5288956706119567
Wessels,3,HDAC3+IKZF1,combo_seen1,trainMean,0.032037063455566936,0.3954649549832715,0.006448660628880401,0.14014768081346507,0.4619064353177674
Wessels,3,HDAC3+IKZF1,combo_seen1,baseControl,0.02690383924353349,0.492328200093315,0.0049306959875865496,0.3425502404107569,
Wessels,3,HDAC3+KDM1A,combo_seen1,WitnessCell_v14,0.25557378185447155,0.24679104825518972,0.009149595790096098,0.28260831268276077,0.7703100702163115
Wessels,3,HDAC3+KDM1A,combo_seen1,WitnessCell_v13,0.25557378185447155,0.24679104825518972,0.009149595790096098,0.28260831268276077,0.7703100702163115
Wessels,3,HDAC3+KDM1A,combo_seen1,trainMean,0.25442540964747573,0.25017544950311066,0.010414457457409057,0.18343439652804383,0.6768323452824743
Wessels,3,HDAC3+KDM1A,combo_seen1,baseControl,0.4974862376992929,-0.4661562108836397,0.019030968289662886,-0.49215973752417974,
Wessels,3,HDAC3+RING1,combo_seen1,WitnessCell_v14,0.015693299728473546,0.594446799474676,0.002715471158857222,0.47813760076647094,0.6946003458435079
Wessels,3,HDAC3+RING1,combo_seen1,WitnessCell_v13,0.015693299728473546,0.594446799474676,0.002715471158857222,0.47813760076647094,0.6946003458435079
Wessels,3,HDAC3+RING1,combo_seen1,trainMean,0.02066726806519316,0.4659073072601554,0.0046241469571887345,0.11132607038901743,0.6029207313560944
Wessels,3,HDAC3+RING1,combo_seen1,baseControl,0.025409126810574653,0.3433660938823673,0.004173856061214222,0.1978634974428063,
Wessels,3,IKZF1+INTS1,combo_seen1,WitnessCell_v14,0.013868963012221151,0.6732194552743251,0.0018501437896168203,0.5576054128170239,0.5920772836440631
Wessels,3,IKZF1+INTS1,combo_seen1,WitnessCell_v13,0.013868963012221151,0.6732194552743251,0.0018501437896168203,0.5576054128170239,0.5920772836440631
Wessels,3,IKZF1+INTS1,combo_seen1,trainMean,0.010139477898225903,0.7610935938111241,0.0019355453311540925,0.5371847406913206,0.6343407248144286
Wessels,3,IKZF1+INTS1,combo_seen1,baseControl,0.007933090798193626,0.8130804927442967,0.0016675658876213217,0.601262276697188,
Wessels,3,IKZF1+MED24,combo_seen1,WitnessCell_v14,0.006873750867803815,0.6603667719592348,0.0026703552246827122,0.21913922263581898,0.8871087079255529
Wessels,3,IKZF1+MED24,combo_seen1,WitnessCell_v13,0.006873750867803815,0.6603667719592348,0.0026703552246827122,0.21913922263581898,0.8871087079255529
Wessels,3,IKZF1+MED24,combo_seen1,trainMean,0.011099778382054611,0.4515580161492251,0.004823350647686212,-0.41043607286360007,0.8692987184167311
Wessels,3,IKZF1+MED24,combo_seen1,baseControl,0.06193358097698594,-2.060149027201872,0.010442902063445891,-2.053695833358376,
Wessels,3,IKZF1+RCOR1,combo_seen1,WitnessCell_v14,0.018676308416063676,0.24428647752374,0.004459108131722253,0.10212528266496335,0.35145117263120845
Wessels,3,IKZF1+RCOR1,combo_seen1,WitnessCell_v13,0.018676308416063676,0.24428647752374,0.004459108131722253,0.10212528266496335,0.35145117263120845
Wessels,3,IKZF1+RCOR1,combo_seen1,trainMean,0.02110778665739738,0.14589974361211633,0.006158070083103387,-0.2399733919572502,0.30219311707790697
Wessels,3,IKZF1+RCOR1,combo_seen1,baseControl,0.0107601195591123,0.5646051846472819,0.0034090646846135653,0.3135593711444633,
Wessels,3,IKZF1+SMARCD1,combo_seen1,WitnessCell_v14,0.01105618897828554,0.41735603096312135,0.0024708577848692923,0.11163643795588574,0.7481278282921001
Wessels,3,IKZF1+SMARCD1,combo_seen1,WitnessCell_v13,0.01105618897828554,0.41735603096312135,0.0024708577848692923,0.11163643795588574,0.7481278282921001
Wessels,3,IKZF1+SMARCD1,combo_seen1,trainMean,0.014045149621875516,0.2598424522700823,0.004248525969501511,-0.5275001608006114,0.684678578937987
Wessels,3,IKZF1+SMARCD1,combo_seen1,baseControl,0.02800076710694771,-0.4755968910545112,0.004908916206796,-0.7649345559060845,
Wessels,3,INTS1+KDM1A,combo_seen1,WitnessCell_v14,0.6952536082778213,0.027660211174226568,0.007461599329963684,0.2177729647639597,0.6429308895293702
Wessels,3,INTS1+KDM1A,combo_seen1,WitnessCell_v13,0.6952536082778213,0.027660211174226568,0.007461599329963684,0.2177729647639597,0.6429308895293702
Wessels,3,INTS1+KDM1A,combo_seen1,trainMean,0.7253172484922117,-0.014384983887476777,0.008117285462346528,0.14903496414262185,0.5771185128563096
Wessels,3,INTS1+KDM1A,combo_seen1,baseControl,1.0989590683337838,-0.5369379111583781,0.012151580019310878,-0.27389504469483716,
Wessels,3,INTS1+RING1,combo_seen1,WitnessCell_v14,0.034533275643054695,0.6214393275625686,0.0024598098110355407,0.5684299980499303,0.5513936996374927
Wessels,3,INTS1+RING1,combo_seen1,WitnessCell_v13,0.034533275643054695,0.6214393275625686,0.0024598098110355407,0.5684299980499303,0.5513936996374927
Wessels,3,INTS1+RING1,combo_seen1,trainMean,0.024055758261920163,0.7362959680467991,0.002394739586784663,0.5798464728850399,0.600329610892443
Wessels,3,INTS1+RING1,combo_seen1,baseControl,0.03140596023955737,0.655721584314253,0.0028073357260652953,0.5074570890249228,
Wessels,3,KDM1A+MED24,combo_seen1,WitnessCell_v14,0.024985146569743932,0.638111501888428,0.004160555898154266,0.4889455514933029,0.8895705186553535
Wessels,3,KDM1A+MED24,combo_seen1,WitnessCell_v13,0.024985146569743932,0.638111501888428,0.004160555898154266,0.4889455514933029,0.8895705186553535
Wessels,3,KDM1A+MED24,combo_seen1,trainMean,0.018829766604351955,0.727266920879616,0.004906666647654641,0.3972983709374571,0.8705086171096361
Wessels,3,KDM1A+MED24,combo_seen1,baseControl,0.18282252188162765,-1.6480280065609518,0.019422664363290914,-1.3857482672245252,
Wessels,3,KDM1A+RCOR1,combo_seen1,WitnessCell_v14,0.15185877611960114,-0.02692451106460214,0.00918478838784847,0.034923404089800214,0.6439994435807759
Wessels,3,KDM1A+RCOR1,combo_seen1,WitnessCell_v13,0.15185877611960114,-0.02692451106460214,0.00918478838784847,0.034923404089800214,0.6439994435807759
Wessels,3,KDM1A+RCOR1,combo_seen1,trainMean,0.13522367542297697,0.08556811587410673,0.0099399612581998,-0.044425148350079935,0.5820919353404098
Wessels,3,KDM1A+RCOR1,combo_seen1,baseControl,0.20894713002380932,-0.4129768118838162,0.015005175624013949,-0.5766442514251855,
Wessels,3,KDM1A+SMARCD1,combo_seen1,WitnessCell_v14,0.11351568233628151,-0.22461984948312397,0.005704455875285246,-0.06054387568603925,0.6879983531873369
Wessels,3,KDM1A+SMARCD1,combo_seen1,WitnessCell_v13,0.11351568233628151,-0.22461984948312397,0.005704455875285246,-0.06054387568603925,0.6879983531873369
Wessels,3,KDM1A+SMARCD1,combo_seen1,trainMean,0.11633096583420735,-0.2549914420465982,0.00717458913498966,-0.33386369077601175,0.6229375170936446
Wessels,3,KDM1A+SMARCD1,combo_seen1,baseControl,0.1726436124873819,-0.8624985586766467,0.010889062772373915,-1.0244400320871154,
Wessels,3,MED24+RING1,combo_seen1,WitnessCell_v14,0.008245859831517257,0.7649002986996731,0.0020633937829186984,0.575004303199182,0.9262964612494256
Wessels,3,MED24+RING1,combo_seen1,WitnessCell_v13,0.008245859831517257,0.7649002986996731,0.0020633937829186984,0.575004303199182,0.9262964612494256
Wessels,3,MED24+RING1,combo_seen1,trainMean,0.009879330331608925,0.7183280267351879,0.0036542133414469743,0.2473443711212857,0.899177624588457
Wessels,3,MED24+RING1,combo_seen1,baseControl,0.11888933297189386,-2.3896824880109953,0.01423165475776222,-1.931283442101051,
Wessels,3,RCOR1+RING1,combo_seen1,WitnessCell_v14,0.014541716304947168,0.30403905831361067,0.003595581776185574,0.12533373727456276,0.464292709202488
Wessels,3,RCOR1+RING1,combo_seen1,WitnessCell_v13,0.014541716304947168,0.30403905831361067,0.003595581776185574,0.12533373727456276,0.464292709202488
Wessels,3,RCOR1+RING1,combo_seen1,trainMean,0.016721359198968277,0.19972218888418125,0.0052760218920349594,-0.2834524807441434,0.3959807402715273
Wessels,3,RCOR1+RING1,combo_seen1,baseControl,0.008882384335730152,0.5748925066972932,0.003242348815323227,0.21126168245306898,
Wessels,3,RING1+SMARCD1,combo_seen1,WitnessCell_v14,0.008725065603722833,0.4581207229597788,0.002480130984404136,0.1255273366896007,0.725695225268753
Wessels,3,RING1+SMARCD1,combo_seen1,WitnessCell_v13,0.008725065603722833,0.4581207229597788,0.002480130984404136,0.1255273366896007,0.725695225268753
Wessels,3,RING1+SMARCD1,combo_seen1,trainMean,0.011319381044550674,0.29699806333298584,0.004480535522620709,-0.5797979446090942,0.6557839021142072
Wessels,3,RING1+SMARCD1,combo_seen1,baseControl,0.01445033420346407,0.10254695989659679,0.004012472031816765,-0.414762819458224,
Wessels,3,SUPT5H+SUPT6H,combo_seen1,WitnessCell_v14,0.012292074493081652,-0.25296622849081785,0.003119577945841964,-0.3850542110084174,0.7079583578983254
Wessels,3,SUPT5H+SUPT6H,combo_seen1,WitnessCell_v13,0.012292074493081652,-0.25296622849081785,0.003119577945841964,-0.3850542110084174,0.7079583578983254
Wessels,3,SUPT5H+SUPT6H,combo_seen1,trainMean,0.012292074301530252,-0.252966208965437,0.0031195778936941843,-0.3850541878554452,0.7079583600248984
Wessels,3,SUPT5H+SUPT6H,combo_seen1,baseControl,0.013269434497178255,-0.35259132260328285,0.004575585644945552,-1.0315037083168792,
Wessels,3,SUPT16H+SUPT5H,combo_seen1,WitnessCell_v14,0.011479376491228464,-0.14855586702981793,0.005629166564278681,-1.1230001909966392,0.7095746745676005
Wessels,3,SUPT16H+SUPT5H,combo_seen1,WitnessCell_v13,0.011479376491228464,-0.14855586702981793,0.005629166564278681,-1.1230001909966392,0.7095746745676005
Wessels,3,SUPT16H+SUPT5H,combo_seen1,trainMean,0.011479376745624426,-0.14855589248311452,0.005629166619089648,-1.1230002116682067,0.7095746729519886
Wessels,3,SUPT16H+SUPT5H,combo_seen1,baseControl,0.01924750135768763,-0.9257867033918281,0.005880425389801211,-1.217760672585316,
Wessels,3,DOT1L+EP300,combo_seen2,WitnessCell_v14,0.006686611162245434,0.6728982817687423,0.001978883024029019,0.2932903660817001,0.8664100915143954
Wessels,3,DOT1L+EP300,combo_seen2,WitnessCell_v13,0.006686611162245434,0.6728982817687423,0.001978883024029019,0.2932903660817001,0.8664100915143954
Wessels,3,DOT1L+EP300,combo_seen2,trainMean,0.008510140226168517,0.5836932307225898,0.003930601664433968,-0.40371817314152403,0.8022150825440688
Wessels,3,DOT1L+EP300,combo_seen2,baseControl,0.04506680077286997,-1.2046186940293393,0.007573220696022279,-1.7045903980577641,
Wessels,3,DOT1L+GSE1,combo_seen2,WitnessCell_v14,0.01319364101672987,0.8748397410519813,0.0023069507519599404,0.620206499345949,0.8195872623603938
Wessels,3,DOT1L+GSE1,combo_seen2,WitnessCell_v13,0.01319364101672987,0.8748397410519813,0.0023069507519599404,0.620206499345949,0.8195872623603938
Wessels,3,DOT1L+GSE1,combo_seen2,trainMean,0.016014656606380503,0.8480784367805252,0.004419017391469326,0.27249678688138224,0.6860709867870032
Wessels,3,DOT1L+GSE1,combo_seen2,baseControl,0.14134727584658763,-0.3408778989911303,0.007024465979199296,-0.156438438141272,
Wessels,3,DOT1L+SMARCD1,combo_seen2,WitnessCell_v14,0.005827458834930576,0.6225281467714348,0.0018916948890589907,0.12591472866171893,0.8128306260230705
Wessels,3,DOT1L+SMARCD1,combo_seen2,WitnessCell_v13,0.005827458834930576,0.6225281467714348,0.0018916948890589907,0.12591472866171893,0.8128306260230705
Wessels,3,DOT1L+SMARCD1,combo_seen2,trainMean,0.007465340061911942,0.5164348941840404,0.003542670615192943,-0.6369427352438726,0.7023826225163652
Wessels,3,DOT1L+SMARCD1,combo_seen2,baseControl,0.026103902350192852,-0.6908722439293182,0.005460135239347573,-1.5229352893176862,
Wessels,3,EP300+GFI1,combo_seen2,WitnessCell_v14,0.010646620485318222,0.5994233705766758,0.0031543882667807734,0.20373048216767464,0.8115304081594763
Wessels,3,EP300+GFI1,combo_seen2,WitnessCell_v13,0.010646620485318222,0.5994233705766758,0.0031543882667807734,0.20373048216767464,0.8115304081594763
Wessels,3,EP300+GFI1,combo_seen2,trainMean,0.015202052013057965,0.42802631463135077,0.0051609086472793044,-0.30278009318735966,0.7861590012105631
Wessels,3,EP300+GFI1,combo_seen2,baseControl,0.05175712495689188,-0.9473498367359034,0.008984293770820327,-1.2679260331690347,
Wessels,3,GATA2+GFI1,combo_seen2,WitnessCell_v14,0.3111667737621582,-0.002967460530938215,0.007392496500075951,0.042891283480871456,0.5724954185821748
Wessels,3,GATA2+GFI1,combo_seen2,WitnessCell_v13,0.3111667737621582,-0.002967460530938215,0.007392496500075951,0.042891283480871456,0.5724954185821748
Wessels,3,GATA2+GFI1,combo_seen2,trainMean,0.2808753736570424,0.0946692127938833,0.0077808048837151944,-0.007383118228315055,0.5649358633278402
Wessels,3,GATA2+GFI1,combo_seen2,baseControl,0.4084102807911819,-0.31640733111484476,0.01088961583564983,-0.40988179510644396,
Wessels,3,GATA2+GSE1,combo_seen2,WitnessCell_v14,0.007560079481705329,0.9272946070564908,0.0013340471559544324,0.6923215830943676,0.8841273706015197
Wessels,3,GATA2+GSE1,combo_seen2,WitnessCell_v13,0.007560079481705329,0.9272946070564908,0.0013340471559544324,0.6923215830943676,0.8841273706015197
Wessels,3,GATA2+GSE1,combo_seen2,trainMean,0.007012185070972802,0.9325637154726466,0.00281982216890644,0.3496493605851404,0.8122531710620647
Wessels,3,GATA2+GSE1,combo_seen2,baseControl,0.14084715628448508,-0.3545291246500788,0.005932453701601881,-0.3682334654571777,
Wessels,3,GATA2+HDAC3,combo_seen2,WitnessCell_v14,0.004744012304752235,0.8371690764279665,0.001192038907699866,0.7320094128009722,0.8131511465910152
Wessels,3,GATA2+HDAC3,combo_seen2,WitnessCell_v13,0.004744012304752235,0.8371690764279665,0.001192038907699866,0.7320094128009722,0.8131511465910152
Wessels,3,GATA2+HDAC3,combo_seen2,trainMean,0.0141730328269298,0.5135324538020443,0.0038479707325447914,0.13491084101510342,0.6668764852968307
Wessels,3,GATA2+HDAC3,combo_seen2,baseControl,0.0143078738257268,0.5089042439747854,0.0034238129345366785,0.2302687161809206,
Wessels,3,GATA2+RCOR1,combo_seen2,WitnessCell_v14,0.0034297444043662347,0.5549393039962436,0.0013714789846530056,0.3527094311794593,0.6406626411993389
Wessels,3,GATA2+RCOR1,combo_seen2,WitnessCell_v13,0.0034297444043662347,0.5549393039962436,0.0013714789846530056,0.3527094311794593,0.6406626411993389
Wessels,3,GATA2+RCOR1,combo_seen2,trainMean,0.008057495359955293,-0.045580681867573025,0.00339453044521019,-0.6021007739427136,0.6068501441177133
Wessels,3,GATA2+RCOR1,combo_seen2,baseControl,0.004330572049414392,0.4380434273897643,0.002184376184366507,-0.030949886012560546,
Wessels,3,GFI1+INTS1,combo_seen2,WitnessCell_v14,0.34265577740254055,0.1717346126260103,0.005493148062413506,0.29070779857423223,0.5921396279225652
Wessels,3,GFI1+INTS1,combo_seen2,WitnessCell_v13,0.34265577740254055,0.1717346126260103,0.005493148062413506,0.29070779857423223,0.5921396279225652
Wessels,3,GFI1+INTS1,combo_seen2,trainMean,0.36093434786548473,0.12755176720634065,0.0062124777219638725,0.19782573678084292,0.5224648375796037
Wessels,3,GFI1+INTS1,combo_seen2,baseControl,0.5569103492963119,-0.34616018935705783,0.008476216566585303,-0.09447519709369168,
Wessels,3,GFI1+SMARCD1,combo_seen2,WitnessCell_v14,0.05763407974978422,-0.050893962228038214,0.004564178214955638,-0.08733214006445666,0.699430141467312
Wessels,3,GFI1+SMARCD1,combo_seen2,WitnessCell_v13,0.05763407974978422,-0.050893962228038214,0.004564178214955638,-0.08733214006445666,0.699430141467312
Wessels,3,GFI1+SMARCD1,combo_seen2,trainMean,0.06013906122949024,-0.09656954035724374,0.006128956282505207,-0.46011194943724565,0.6361192428593893
Wessels,3,GFI1+SMARCD1,combo_seen2,baseControl,0.09376296744219742,-0.7096644345389815,0.008908726628759413,-1.122341489374191,
Wessels,3,HDAC3+INTS1,combo_seen2,WitnessCell_v14,0.006880389863278088,0.9243141785697219,0.0009135270133994725,0.8633045267209022,0.8859058903258719
Wessels,3,HDAC3+INTS1,combo_seen2,WitnessCell_v13,0.006880389863278088,0.9243141785697219,0.0009135270133994725,0.8633045267209022,0.8859058903258719
Wessels,3,HDAC3+INTS1,combo_seen2,trainMean,0.005336496385739365,0.9412973507983802,0.001833843028529732,0.7255931822184356,0.8330394336778228
Wessels,3,HDAC3+INTS1,combo_seen2,baseControl,0.042792396755976,0.5292741016417737,0.0041795849442754825,0.37458845366612703,
Wessels,3,INTS1+MED24,combo_seen2,WitnessCell_v14,0.015289504448514278,0.498669541467474,0.0019388364969301951,0.46521578547342834,0.9262759373628179
Wessels,3,INTS1+MED24,combo_seen2,WitnessCell_v13,0.015289504448514278,0.498669541467474,0.0019388364969301951,0.46521578547342834,0.9262759373628179
Wessels,3,INTS1+MED24,combo_seen2,trainMean,0.008867774685560516,0.7092328555025744,0.0025239375744637764,0.3038288811816672,0.886717327588639
Wessels,3,INTS1+MED24,combo_seen2,baseControl,0.10603538784047625,-2.4768144242834365,0.011481344070666345,-2.1668691920449623,
Wessels,3,INTS1+RCOR1,combo_seen2,WitnessCell_v14,0.004922294445532435,0.9128092230689704,0.0010053150703974874,0.7712029254638637,0.6746377083937909
Wessels,3,INTS1+RCOR1,combo_seen2,WitnessCell_v13,0.004922294445532435,0.9128092230689704,0.0010053150703974874,0.7712029254638637,0.6746377083937909
Wessels,3,INTS1+RCOR1,combo_seen2,trainMean,0.0060122435453318045,0.8935024729591639,0.002500488614502112,0.43092021918780377,0.588338038104059
Wessels,3,INTS1+RCOR1,combo_seen2,baseControl,0.009473627963146443,0.8321894410010415,0.0014207818786674614,0.6766479017721853,
Wessels,3,INTS1+SMARCD1,combo_seen2,WitnessCell_v14,0.004951788145179591,0.8710311970853265,0.000871871349935454,0.7492509255300928,0.7980023372631151
Wessels,3,INTS1+SMARCD1,combo_seen2,WitnessCell_v13,0.004951788145179591,0.8710311970853265,0.000871871349935454,0.7492509255300928,0.7980023372631151
Wessels,3,INTS1+SMARCD1,combo_seen2,trainMean,0.005619609791003436,0.8536378523586844,0.0020830814859125477,0.4009084543532262,0.7237952857566157
Wessels,3,INTS1+SMARCD1,combo_seen2,baseControl,0.013936466707757991,0.6370261862051931,0.002305272099006414,0.3370067209228148,
Wessels,3,MED16+MED24,combo_seen2,WitnessCell_v14,0.00791656734343451,0.4937604953878031,0.0031990642679181865,-0.47210742933025496,0.9060648483825917
Wessels,3,MED16+MED24,combo_seen2,WitnessCell_v13,0.00791656734343451,0.4937604953878031,0.0031990642679181865,-0.47210742933025496,0.9060648483825917
Wessels,3,MED16+MED24,combo_seen2,trainMean,0.01453757284955141,0.07036808273675321,0.005440789923647398,-1.503678137494473,0.8786090430163717
Wessels,3,MED16+MED24,combo_seen2,baseControl,0.04759395922426066,-2.0434835320645357,0.007317673747183572,-2.367360261147276,
Wessels,3,MED19+MED24,combo_seen2,WitnessCell_v14,0.011023449515933204,0.756533770780878,0.0024643044985930497,0.5015898573155684,0.9067906711644617
Wessels,3,MED19+MED24,combo_seen2,WitnessCell_v13,0.011023449515933204,0.756533770780878,0.0024643044985930497,0.5015898573155684,0.9067906711644617
Wessels,3,MED19+MED24,combo_seen2,trainMean,0.012750636688244988,0.7183867508856461,0.004210121557318097,0.148495128219853,0.8795959318521237
Wessels,3,MED19+MED24,combo_seen2,baseControl,0.1239068502926444,-1.736632809137018,0.013819594569195785,-1.7950385615926718,
Wessels,3,MED24+RCOR1,combo_seen2,WitnessCell_v14,0.008753376058124575,0.6731569152740797,0.0021836389543711185,0.41587835784932436,0.8962423549630013
Wessels,3,MED24+RCOR1,combo_seen2,WitnessCell_v13,0.008753376058124575,0.6731569152740797,0.0021836389543711185,0.41587835784932436,0.8962423549630013
Wessels,3,MED24+RCOR1,combo_seen2,trainMean,0.009204996164484672,0.6562938320811694,0.0044917553655658,-0.20154090263929647,0.8423353080805835
Wessels,3,MED24+RCOR1,combo_seen2,baseControl,0.08841829644438343,-2.3014586102775976,0.011129674909273655,-1.9771789753038145,
Wessels,3,ATXN7L3,unseen_single,WitnessCell_v14,0.06797432384970742,0.3318780647254823,0.008199736939913148,0.29831831850377855,-0.359791648196143
Wessels,3,ATXN7L3,unseen_single,WitnessCell_v13,0.06797432384970742,0.3318780647254823,0.008199736939913148,0.29831831850377855,-0.359791648196143
Wessels,3,ATXN7L3,unseen_single,trainMean,0.060753024138308555,0.4028564645848858,0.00741068726023684,0.3658402048858057,-0.30402439739637505
Wessels,3,ATXN7L3,unseen_single,baseControl,0.03192420814846181,0.6862158750204526,0.004793432515133532,0.5898083301934336,
Wessels,3,FLI1,unseen_single,WitnessCell_v14,0.0585648929640539,0.1412284947396376,0.004217305561351496,0.031193512448844496,0.602009383959949
Wessels,3,FLI1,unseen_single,WitnessCell_v13,0.0585648929640539,0.1412284947396376,0.004217305561351496,0.031193512448844496,0.602009383959949
Wessels,3,FLI1,unseen_single,trainMean,0.06309660376644988,0.07477735122663065,0.004605537996915897,-0.0579918920187521,0.550785327781507
Wessels,3,FLI1,unseen_single,baseControl,0.05455574485548454,0.20001699381742222,0.006445568722889052,-0.4806868280823806,
Wessels,3,RING1,unseen_single,WitnessCell_v14,0.039066754733564406,0.21201273925073183,0.005414354046578918,0.2688548140326613,0.00679794211098886
Wessels,3,RING1,unseen_single,WitnessCell_v13,0.039066754733564406,0.21201273925073183,0.005414354046578918,0.2688548140326613,0.00679794211098886
Wessels,3,RING1,unseen_single,trainMean,0.034118076250306335,0.3118289545710463,0.004844420692715415,0.3458176473484501,0.06570191744467248
Wessels,3,RING1,unseen_single,baseControl,0.018692773810556014,0.6229615761216374,0.004018396068401538,0.4573626114128475,
Wessels,3,FLI1+IKZF1,combo_seen0,WitnessCell_v14,0.07418296526145012,0.11180308555265794,0.005918635834182111,0.02079214010338515,0.7057748579498931
Wessels,3,FLI1+IKZF1,combo_seen0,WitnessCell_v13,0.07418296526145012,0.11180308555265794,0.005918635834182111,0.02079214010338515,0.7057748579498931
Wessels,3,FLI1+IKZF1,combo_seen0,trainMean,0.07418296266499229,0.11180311664019704,0.005918635790433635,0.02079214734134538,0.7057748605330104
Wessels,3,FLI1+IKZF1,combo_seen0,baseControl,0.13531025515651118,-0.6200774760017524,0.011803775618072668,-0.9528739705388571,
Wessels,3,FLI1+KDM1A,combo_seen0,WitnessCell_v14,0.12214944643038278,0.12361995280876825,0.0067471072857910605,0.08140936906911544,0.7076804815385834
Wessels,3,FLI1+KDM1A,combo_seen0,WitnessCell_v13,0.12214944643038278,0.12361995280876825,0.0067471072857910605,0.08140936906911544,0.7076804815385834
Wessels,3,FLI1+KDM1A,combo_seen0,trainMean,0.12214944920251387,0.12361993291968576,0.006747107351775584,0.08140936008559674,0.7076804780445226
Wessels,3,FLI1+KDM1A,combo_seen0,baseControl,0.20632659288468605,-0.4803219702853354,0.013450646369624553,-0.8312496321381677,
Wessels,3,FLI1+RING1,combo_seen0,WitnessCell_v14,0.07652265684315344,0.01418460031439972,0.005245443044315314,-0.10398492211206367,0.6203549291011597
Wessels,3,FLI1+RING1,combo_seen0,WitnessCell_v13,0.07652265684315344,0.01418460031439972,0.005245443044315314,-0.10398492211206367,0.6203549291011597
Wessels,3,FLI1+RING1,combo_seen0,trainMean,0.07652265595947347,0.014184611698548899,0.005245442990983471,-0.10398491088754924,0.6203549313584994
Wessels,3,FLI1+RING1,combo_seen0,baseControl,0.08064822648638806,-0.038963712284210805,0.007730197596993301,-0.626940092558274,
Wessels,3,IKZF1+KDM1A,combo_seen0,WitnessCell_v14,0.16303868822773815,-0.020305358907990234,0.0070109105250041265,-0.004411820391847288,0.625689282140202
Wessels,3,IKZF1+KDM1A,combo_seen0,WitnessCell_v13,0.16303868822773815,-0.020305358907990234,0.0070109105250041265,-0.004411820391847288,0.625689282140202
Wessels,3,IKZF1+KDM1A,combo_seen0,trainMean,0.16303869401794197,-0.02030539514341423,0.007010910617147226,-0.004411833592645964,0.6256892759809105
Wessels,3,IKZF1+KDM1A,combo_seen0,baseControl,0.2763373059362825,-0.7293345351205858,0.011382887038850318,-0.63075912197577,
Wessels,3,KDM1A+RING1,combo_seen0,WitnessCell_v14,0.1926400830152197,0.08555057154347889,0.006810832566556942,0.03998699173902831,0.6566979735636872
Wessels,3,KDM1A+RING1,combo_seen0,WitnessCell_v13,0.1926400830152197,0.08555057154347889,0.006810832566556942,0.03998699173902831,0.6566979735636872
Wessels,3,KDM1A+RING1,combo_seen0,trainMean,0.1926400895565951,0.08555054049201283,0.006810832623993612,0.03998698364310882,0.6566979698323313
Wessels,3,KDM1A+RING1,combo_seen0,baseControl,0.2999412468220932,-0.4238007865960567,0.011945762101274413,-0.6838010476319463,
Schmidt,1,CBY1+LCP2,combo_seen1,WitnessCell_v14,0.06795629201342296,0.045257170117209644,0.01642088215944664,-0.02421482587453805,0.11684722347474075
Schmidt,1,CBY1+LCP2,combo_seen1,WitnessCell_v13,0.06802265488306564,0.044324813861672974,0.01646272133067896,-0.026824448126396838,0.11485627999021654
Schmidt,1,CBY1+LCP2,combo_seen1,trainMean,0.07256082174243417,-0.0194335540748527,0.0164904975547566,-0.028556926334990962,0.1219877363367023
Schmidt,1,CBY1+LCP2,combo_seen1,baseControl,0.07044629302949554,0.010274234084935108,0.016225443876000768,-0.012024811628952525,
Schmidt,1,CBY1+PRKD2,combo_seen1,WitnessCell_v14,0.07245855844071314,-0.10193125606765441,0.015953305234138487,-0.041421750480098884,0.05051557879333528
Schmidt,1,CBY1+PRKD2,combo_seen1,WitnessCell_v13,0.07250616425792461,-0.10265523318070824,0.01600035209690304,-0.044492940146175775,0.04901873505945976
Schmidt,1,CBY1+PRKD2,combo_seen1,trainMean,0.07320982569421844,-0.11335633663939859,0.015893043890139864,-0.037487927774880525,0.0675768290670915
Schmidt,1,CBY1+PRKD2,combo_seen1,baseControl,0.07261741762278603,-0.1043471459474219,0.015539649597334402,-0.01441857019526216,
Schmidt,1,CBY1+TRIM21,combo_seen1,WitnessCell_v14,0.08641449096372648,0.05763419368445999,0.018882255348860996,0.02912348993630287,0.05694841554527119
Schmidt,1,CBY1+TRIM21,combo_seen1,WitnessCell_v13,0.08645037861939514,0.05724283224503235,0.01892421511035485,0.026966028020360744,0.05603257834203419
Schmidt,1,CBY1+TRIM21,combo_seen1,trainMean,0.0866652321878909,0.054899814840691175,0.018939022090875564,0.0262046915535602,0.051856465832693314
Schmidt,1,CBY1+TRIM21,combo_seen1,baseControl,0.08837462167430685,0.03625861029607569,0.018426086499725332,0.052578506938565917,
Schmidt,1,EMP3+JMJD1C,combo_seen1,WitnessCell_v14,0.060044053236146186,0.29206903750617863,0.015630840222651713,0.12435406146337258,0.26620789707479786
Schmidt,1,EMP3+JMJD1C,combo_seen1,WitnessCell_v13,0.06066508965797977,0.28474689837404377,0.015650679918325815,0.12324263375434541,0.26369479678301383
Schmidt,1,EMP3+JMJD1C,combo_seen1,trainMean,0.06964664791488012,0.17885259512813778,0.015652786153679266,0.12312464160507008,0.27372636380964704
Schmidt,1,EMP3+JMJD1C,combo_seen1,baseControl,0.07720777878556799,0.08970540458495369,0.016578404249222224,0.07127114464310702,
Schmidt,1,EMP3+LCP2,combo_seen1,WitnessCell_v14,0.09392154703510086,0.26806077003126627,0.018322051531224248,-0.06405620981639637,0.1696646601865896
Schmidt,1,EMP3+LCP2,combo_seen1,WitnessCell_v13,0.09514584816785804,0.2585196790180909,0.01834489130540366,-0.06538263352528007,0.16603787315705712
Schmidt,1,EMP3+LCP2,combo_seen1,trainMean,0.1575600712436564,-0.22788008567193918,0.018279722659240646,-0.06159795349002817,0.13365900652226417
Schmidt,1,EMP3+LCP2,combo_seen1,baseControl,0.15861263884298749,-0.23608284150874925,0.018667792109438176,-0.08413515177369257,
Schmidt,1,EMP3+MAP4K1,combo_seen1,WitnessCell_v14,0.07474911482404702,0.2470375879363197,0.020972232184823674,0.07063172273205165,0.25918449992441267
Schmidt,1,EMP3+MAP4K1,combo_seen1,WitnessCell_v13,0.07497615021568549,0.2447506161572648,0.02098339240461476,0.07013716620846533,0.2576902571174851
Schmidt,1,EMP3+MAP4K1,combo_seen1,trainMean,0.07834929600165091,0.21077226078514344,0.02101563316896074,0.06870844162855572,0.2629739337463788
Schmidt,1,EMP3+MAP4K1,combo_seen1,baseControl,0.10028122882499618,-0.010152375964830096,0.022017234823895362,0.024323237595342828,
Schmidt,1,EMP3+PRKD2,combo_seen1,WitnessCell_v14,0.052012884988772115,0.32240431001262815,0.013992306170168414,0.002534267195754225,0.19622838069787077
Schmidt,1,EMP3+PRKD2,combo_seen1,WitnessCell_v13,0.05318283716481208,0.30716280683226893,0.014010247552032411,0.0012552847756405194,0.19250485136214054
Schmidt,1,EMP3+PRKD2,combo_seen1,trainMean,0.07506252159542323,0.022126130407450817,0.014082446629027563,-0.003891551233158097,0.1665209500349347
Schmidt,1,EMP3+PRKD2,combo_seen1,baseControl,0.07671335521224623,0.000619964312511212,0.014381094828671576,-0.025181204395814616,
Schmidt,1,EMP3+TBX21,combo_seen1,WitnessCell_v14,0.07835366193020943,0.54090891064606,0.017152466364843712,0.21015796887129423,0.5315475669854534
Schmidt,1,EMP3+TBX21,combo_seen1,WitnessCell_v13,0.0805534658569807,0.528019782604973,0.017202788535993566,0.20784071810243265,0.5296453618083171
Schmidt,1,EMP3+TBX21,combo_seen1,trainMean,0.09800222952499102,0.42578369404332517,0.01726839583845999,0.20481961291938056,0.5334229575440971
Schmidt,1,EMP3+TBX21,combo_seen1,baseControl,0.20660207068716874,-0.21052631565625335,0.024482069784250438,-0.12735785707534153,
Schmidt,1,EMP3+TNFRSF1A,combo_seen1,WitnessCell_v14,0.036726799436067034,0.565836378906389,0.010706418125734795,0.30056470895097,0.6647364740997387
Schmidt,1,EMP3+TNFRSF1A,combo_seen1,WitnessCell_v13,0.03766643701902987,0.5547285104888061,0.010727923690976275,0.2991597805139148,0.6638289485513185
Schmidt,1,EMP3+TNFRSF1A,combo_seen1,trainMean,0.05609442454498881,0.3368831791071343,0.011215299764147365,0.26732018471395536,0.6451135973960326
Schmidt,1,EMP3+TNFRSF1A,combo_seen1,baseControl,0.1355274766359706,-0.6021298048685577,0.019735206547620326,-0.289273384753054,
Schmidt,1,EMP3+TNFRSF1B,combo_seen1,WitnessCell_v14,0.025394967552907974,0.7298826141806853,0.007893090574589607,0.3122865009412117,0.7058586210503707
Schmidt,1,EMP3+TNFRSF1B,combo_seen1,WitnessCell_v13,0.027085168653916598,0.7119045363602592,0.007916345093780034,0.31026036851434424,0.7046601111258427
Schmidt,1,EMP3+TNFRSF1B,combo_seen1,trainMean,0.059311221058706766,0.36912729072202377,0.008255099237022927,0.2807452128261243,0.6902813006145682
Schmidt,1,EMP3+TNFRSF1B,combo_seen1,baseControl,0.13366469379076923,-0.4217445873037693,0.015059863801868804,-0.31214402427790167,
Schmidt,1,EMP3+VAV1,combo_seen1,WitnessCell_v14,0.11379993218702006,0.3890510946927489,0.017363786969384162,0.29239993273977827,0.6113571990338839
Schmidt,1,EMP3+VAV1,combo_seen1,WitnessCell_v13,0.11404326809861681,0.3877447159809615,0.017372150519015583,0.29205910569023186,0.6117393463336838
Schmidt,1,EMP3+VAV1,combo_seen1,trainMean,0.11411228057506259,0.38737421402962624,0.016929497934868386,0.3100978548909529,0.6368061446918895
Schmidt,1,EMP3+VAV1,combo_seen1,baseControl,0.20345043394044932,-0.09224862890015029,0.026474091870899857,-0.07885850140480222,
Schmidt,1,JMJD1C+TRAF3IP2,combo_seen1,WitnessCell_v14,0.07641350536158745,0.17132298180224048,0.01716460763463951,0.0482326671750698,0.2689251407044702
Schmidt,1,JMJD1C+TRAF3IP2,combo_seen1,WitnessCell_v13,0.0760364961874633,0.17541151087531515,0.017151014473096145,0.04898639993623577,0.2704347673050369
Schmidt,1,JMJD1C+TRAF3IP2,combo_seen1,trainMean,0.0844179234888987,0.08451794236895227,0.01775779120433058,0.015340989368168523,0.24215176203912275
Schmidt,1,JMJD1C+TRAF3IP2,combo_seen1,baseControl,0.09711703229957298,-0.05319933120986864,0.018352595097403702,-0.01764053441112412,
Schmidt,1,PRKD2+TRAF3IP2,combo_seen1,WitnessCell_v14,0.07090692577048827,0.10437175105757446,0.01656735023776944,-0.012204461618364304,0.20544735070793468
Schmidt,1,PRKD2+TRAF3IP2,combo_seen1,WitnessCell_v13,0.07052161573231377,0.1092386177428849,0.016559365236033036,-0.011716607238054788,0.20697091546592508
Schmidt,1,PRKD2+TRAF3IP2,combo_seen1,trainMean,0.08480657559484087,-0.07119528837934186,0.017231413337357785,-0.05277628647585231,0.1226900734304193
Schmidt,1,PRKD2+TRAF3IP2,combo_seen1,baseControl,0.0855289399153811,-0.0803195013454776,0.01732594491010065,-0.05855181957685418,
Schmidt,1,TNFRSF1A+TRAF3IP2,combo_seen1,WitnessCell_v14,0.04358582117688194,0.3571494340236284,0.012076361930290193,0.09392873966116855,0.5449417823020017
Schmidt,1,TNFRSF1A+TRAF3IP2,combo_seen1,WitnessCell_v13,0.043261481063577294,0.3619331508328305,0.0120682966586043,0.09453386485728266,0.5456028266866408
Schmidt,1,TNFRSF1A+TRAF3IP2,combo_seen1,trainMean,0.057184932130758676,0.15657512023481257,0.012641032243356708,0.05156237591772905,0.5226882991641145
Schmidt,1,TNFRSF1A+TRAF3IP2,combo_seen1,baseControl,0.09418143907709081,-0.3890891528571232,0.01607652311338157,-0.2061973335423184,
Schmidt,1,TNFRSF1B+TRAF3IP2,combo_seen1,WitnessCell_v14,0.05161370907670731,0.5841917998107373,0.012188031283035266,0.11191256213014233,0.5662031286038862
Schmidt,1,TNFRSF1B+TRAF3IP2,combo_seen1,WitnessCell_v13,0.05026191371155236,0.5950820769844607,0.012170254904199958,0.11320784751035196,0.5671747483239321
Schmidt,1,TNFRSF1B+TRAF3IP2,combo_seen1,trainMean,0.081654585758212,0.3421777479533168,0.012458968129139743,0.09217060349106476,0.5576261170433072
Schmidt,1,TNFRSF1B+TRAF3IP2,combo_seen1,baseControl,0.16211479725088657,-0.30602243618564406,0.01625350375927599,-0.18432027082792213,
Schmidt,1,TNFRSF12A+TRAF3IP2,combo_seen1,WitnessCell_v14,0.09452787291362867,0.15210656778550247,0.01884795393110665,0.055246134571762195,0.38527204783566865
Schmidt,1,TNFRSF12A+TRAF3IP2,combo_seen1,WitnessCell_v13,0.0945289092607128,0.15209727198883372,0.018848014962322638,0.05524307538149531,0.3849769822459669
Schmidt,1,TNFRSF12A+TRAF3IP2,combo_seen1,trainMean,0.10336527960468594,0.07283704801113355,0.020028440918839967,-0.003925786625909478,0.3030728670518623
Schmidt,1,TNFRSF12A+TRAF3IP2,combo_seen1,baseControl,0.12599710749592422,-0.13016527962532343,0.022145587102432678,-0.11004775869444017,
Schmidt,1,TRAF3IP2+TRIM21,combo_seen1,WitnessCell_v14,0.06023732559154994,0.057431846412508425,0.014089430964127608,-0.00756092830962829,0.1769967246340733
Schmidt,1,TRAF3IP2+TRIM21,combo_seen1,WitnessCell_v13,0.06003160367028758,0.06065089589009598,0.014083622191740058,-0.00714553239235971,0.17888794308869596
Schmidt,1,TRAF3IP2+TRIM21,combo_seen1,trainMean,0.06858923597672262,-0.07325530932311586,0.014319212634001694,-0.02399303498564187,0.125230476668093
Schmidt,1,TRAF3IP2+TRIM21,combo_seen1,baseControl,0.0702796193902148,-0.09970571291031893,0.014406002248414644,-0.03019951874557414,
Schmidt,1,TRAF3IP2+VAV1,combo_seen1,WitnessCell_v14,0.05465500652754792,0.14702052284305223,0.012104251960048917,0.14971675839909182,0.5340142613617453
Schmidt,1,TRAF3IP2+VAV1,combo_seen1,WitnessCell_v13,0.05474697733565803,0.14558517013156858,0.012111784176042204,0.14918764540207652,0.5336084380525309
Schmidt,1,TRAF3IP2+VAV1,combo_seen1,trainMean,0.06017203743437183,0.06091836244921067,0.012822773298420758,0.09924303604378149,0.4952401816790212
Schmidt,1,TRAF3IP2+VAV1,combo_seen1,baseControl,0.09171312431612041,-0.4313311405088638,0.01703313178212943,-0.19652057426817948,
Schmidt,1,MGST3+TRIM21,combo_seen2,WitnessCell_v14,0.06404449831467898,0.4282717395040764,0.015340803849171376,0.05537570113881085,0.198485850920966
Schmidt,1,MGST3+TRIM21,combo_seen2,WitnessCell_v13,0.06404449831467898,0.4282717395040764,0.015340803849171376,0.05537570113881085,0.198485850920966
Schmidt,1,MGST3+TRIM21,combo_seen2,trainMean,0.06728500184708863,0.3993436114607838,0.015414659832329708,0.050827950121747234,0.22184038013307053
Schmidt,1,MGST3+TRIM21,combo_seen2,baseControl,0.11660466920400693,-0.040935387800978384,0.01570644324140496,0.03286111468555031,
Schmidt,1,PRKD2+TNFRSF1B,combo_seen2,WitnessCell_v14,0.03882638069979982,0.6198319319336646,0.009411165271848904,0.3766064171065645,0.7136751565085482
Schmidt,1,PRKD2+TNFRSF1B,combo_seen2,WitnessCell_v13,0.03882638069979982,0.6198319319336646,0.009411165271848904,0.3766064171065645,0.7136751565085482
Schmidt,1,PRKD2+TNFRSF1B,combo_seen2,trainMean,0.036709720444930025,0.6405571869109022,0.009559784144458943,0.36676193464283724,0.7062448509594297
Schmidt,1,PRKD2+TNFRSF1B,combo_seen2,baseControl,0.17124667163869128,-0.6767598510671129,0.019495993458909813,-0.2914104537906046,
Schmidt,1,ABCB10,unseen_single,WitnessCell_v14,0.047115239854168794,0.6478503744338839,0.002109898042203038,0.13665410508468767,0.3339091072520433
Schmidt,1,ABCB10,unseen_single,WitnessCell_v13,0.045424635936758676,0.660486318522024,0.0021046256595964926,0.13881150311470392,0.3416411183783821
Schmidt,1,ABCB10,unseen_single,trainMean,0.1485467329647528,-0.11027082860067461,0.002379404361721465,0.02637523380471829,0.2129055662545548
Schmidt,1,ABCB10,unseen_single,baseControl,0.1478565712921895,-0.10511240904629049,0.0023019889897944426,0.05805270931284756,
Schmidt,1,CBY1,unseen_single,WitnessCell_v14,0.00956325886132314,-0.7993038788106035,0.000846207223716885,0.18397186594554116,0.13689818516338909
Schmidt,1,CBY1,unseen_single,WitnessCell_v13,0.012904914231535983,-1.4280282034850416,0.0009192242255427803,0.11355893861017818,0.13393012992519762
Schmidt,1,CBY1,unseen_single,trainMean,0.004860441041983891,0.08551984774342103,0.0008742378149442861,0.1569409562408608,0.137894772421465
Schmidt,1,CBY1,unseen_single,baseControl,0.0018698496163658336,0.6481923456943764,0.000493207962550253,0.524381780135525,
Schmidt,1,EMP3,unseen_single,WitnessCell_v14,0.016429608759491038,0.9585735563547615,0.0010929371763510301,0.09060707630837228,0.4409773535312252
Schmidt,1,EMP3,unseen_single,WitnessCell_v13,0.03456440231211297,0.9128475738238786,0.0011082558760029209,0.0778609483835293,0.40567680259870176
Schmidt,1,EMP3,unseen_single,trainMean,0.5065481763197994,-0.27723610385963804,0.0010793952807379129,0.10187479078493078,0.16007913811475918
Schmidt,1,EMP3,unseen_single,baseControl,0.47184308631721167,-0.18972894064952217,0.0007729212677631043,0.35688057220154923,
Schmidt,1,EOMES,unseen_single,WitnessCell_v14,0.20834030081886523,0.4577808513469571,0.010032306708763816,0.08270114358980885,0.47269565113301004
Schmidt,1,EOMES,unseen_single,WitnessCell_v13,0.19738177247675942,0.4863011322757673,0.009993577818553116,0.08624229994912136,0.4736197201036704
Schmidt,1,EOMES,unseen_single,trainMean,0.44123371329584216,-0.14833936324348818,0.011127548857981508,-0.01744176472976977,0.3107987586383359
Schmidt,1,EOMES,unseen_single,baseControl,0.4559801448335684,-0.1867179079735728,0.012311476487829114,-0.12569358482045123,
Schmidt,1,FOSL1,unseen_single,WitnessCell_v14,0.04122916118901352,0.05765758773597107,0.003218807926537784,0.06889730072558342,0.5169071613450973
Schmidt,1,FOSL1,unseen_single,WitnessCell_v13,0.04505541267048433,-0.02979602390672298,0.00324989002101281,0.05990620131073632,0.5010443891033275
Schmidt,1,FOSL1,unseen_single,trainMean,0.05462069546672985,-0.2484221468801764,0.0036803122278713835,-0.06460178045776344,0.3777393005711747
Schmidt,1,FOSL1,unseen_single,baseControl,0.05853130227154116,-0.3378038016018836,0.004395524442163239,-0.2714908022570459,
Schmidt,1,FOXD2,unseen_single,WitnessCell_v14,0.05658486029719385,0.2582872335048695,0.0041789112538767855,0.03156812722214897,0.39883366162558365
Schmidt,1,FOXD2,unseen_single,WitnessCell_v13,0.060464887541164095,0.20742794488797467,0.004204586458039617,0.02561808795574949,0.39111967324129704
Schmidt,1,FOXD2,unseen_single,trainMean,0.07949525939750726,-0.04202163725934316,0.004435947165513044,-0.027998050223265514,0.32778736598896946
Schmidt,1,FOXD2,unseen_single,baseControl,0.08450200779698291,-0.10764995527613785,0.005037457991269511,-0.16739374926882,
Schmidt,1,IKZF3,unseen_single,WitnessCell_v14,0.03565751365442617,0.6418269703344983,0.0029567849458776523,-0.004503694845416462,0.15879389264575605
Schmidt,1,IKZF3,unseen_single,WitnessCell_v13,0.033270228528520414,0.6658068011916876,0.002947189859956543,-0.0012439720598442783,0.13226657836810674
Schmidt,1,IKZF3,unseen_single,trainMean,0.09888067284569425,0.006762206929439518,0.002794279324320606,0.0507040731442,0.12193274450336285
Schmidt,1,IKZF3,unseen_single,baseControl,0.10123402844866253,-0.01687680824039095,0.002525977222370015,0.14185390570808376,
Schmidt,1,INPPL1,unseen_single,WitnessCell_v14,0.03502871683387,0.5134966216984698,0.003660793416898039,0.14165861842496352,-0.04125958703242692
Schmidt,1,INPPL1,unseen_single,WitnessCell_v13,0.03633098029728722,0.49540987369123113,0.003667776960038281,0.14002119631870236,-0.02430261582186663
Schmidt,1,INPPL1,unseen_single,trainMean,0.06982612308728552,0.030205846911984247,0.004032861524690972,0.054420302214920335,-0.18686801002222786
Schmidt,1,INPPL1,unseen_single,baseControl,0.06051985915621809,0.15945776508251275,0.0030237235086333796,0.29103155564006555,
Schmidt,1,TRAF3IP2,unseen_single,WitnessCell_v14,0.014437511393812559,0.9000757477374777,0.0012234933704756666,0.16124815680781823,0.6227622905795259
Schmidt,1,TRAF3IP2,unseen_single,WitnessCell_v13,0.013583983744788143,0.9059831447803437,0.001222075039208155,0.16222047753598035,0.6253899011520223
Schmidt,1,TRAF3IP2,unseen_single,trainMean,0.17658668009642825,-0.22218376054193212,0.0015156390700777854,-0.039028975815043276,0.4845439403580129
Schmidt,1,TRAF3IP2,unseen_single,baseControl,0.18188363738782867,-0.25884482228395345,0.0020274482916751457,-0.38989391577842625,
Schmidt,1,CBY1+EMP3,combo_seen0,WitnessCell_v14,0.05744229915249396,0.2679751879440969,0.013408628466286234,-0.030034261689844577,0.060047964211240125
Schmidt,1,CBY1+EMP3,combo_seen0,WitnessCell_v13,0.05942044719204542,0.24276635284807802,0.013470096207982838,-0.034756137614395444,0.053537314234335526
Schmidt,1,CBY1+EMP3,combo_seen0,trainMean,0.08548679600727965,-0.08941418960896974,0.013796271461300247,-0.05981251732370274,-0.0012690556048657764
Schmidt,1,CBY1+EMP3,combo_seen0,baseControl,0.08031973768747205,-0.023566983782515427,0.012568210784128559,0.034525585644946344,
Schmidt,1,EMP3+TRAF3IP2,combo_seen0,WitnessCell_v14,0.059779638076702495,0.30934973312736513,0.014636760990288392,-0.012307527587886335,0.2838187721575762
Schmidt,1,EMP3+TRAF3IP2,combo_seen0,WitnessCell_v13,0.05984437092914578,0.30860185704022625,0.014644472126164465,-0.012840845095686282,0.2828881296397845
Schmidt,1,EMP3+TRAF3IP2,combo_seen0,trainMean,0.08862688364435761,-0.023930268071003402,0.014741244552086,-0.019533818717945017,0.23359004350838944
Schmidt,1,EMP3+TRAF3IP2,combo_seen0,baseControl,0.09477698928308399,-0.09498409571765576,0.015586943767050866,-0.07802405996408801,
Schmidt,2,ARHGDIB+TNFRSF1A,combo_seen1,WitnessCell_v14,0.1452135932557421,0.23798702526548665,0.023726444326477813,-0.027946995655999896,0.20328332713983865
Schmidt,2,ARHGDIB+TNFRSF1A,combo_seen1,WitnessCell_v13,0.14523439739468808,0.23787785488102342,0.023731066790224888,-0.028147263663120814,0.20307637740728088
Schmidt,2,ARHGDIB+TNFRSF1A,combo_seen1,trainMean,0.137053789470106,0.2808058565920549,0.025533154016175938,-0.10622260122051363,0.10935377132798163
Schmidt,2,ARHGDIB+TNFRSF1A,combo_seen1,baseControl,0.21809768754921377,-0.14447459047035993,0.024709575329435338,-0.0705410964374078,
Schmidt,2,CBY1+EMP3,combo_seen1,WitnessCell_v14,0.05440553336317244,0.2778432838164989,0.011710663251670079,0.05119501623284184,0.24173688026939688
Schmidt,2,CBY1+EMP3,combo_seen1,WitnessCell_v13,0.055444138001929495,0.26405727219280883,0.011727355193373666,0.04984262507132009,0.23895157377298837
Schmidt,2,CBY1+EMP3,combo_seen1,trainMean,0.0786321426886535,-0.04373078325427393,0.01245501031150961,-0.009112430480516798,0.12464250181771483
Schmidt,2,CBY1+EMP3,combo_seen1,baseControl,0.08031973768747205,-0.06613122650439895,0.012568210784128559,-0.018284000892665686,
Schmidt,2,EMP3+LCP2,combo_seen1,WitnessCell_v14,0.09394146676599341,0.23720329225479986,0.01832845239950931,-0.08574721357403847,0.16136481752406034
Schmidt,2,EMP3+LCP2,combo_seen1,WitnessCell_v13,0.09459192829876242,0.2319216000182175,0.018342998381391716,-0.08660889348859291,0.1593903167294056
Schmidt,2,EMP3+LCP2,combo_seen1,trainMean,0.0993841669676543,0.19300903025319815,0.018957120949464154,-0.12298849895356012,0.1553589373826426
Schmidt,2,EMP3+LCP2,combo_seen1,baseControl,0.15861263884298749,-0.28792111600291803,0.018667792109438176,-0.10584913688318554,
Schmidt,2,EMP3+MAP4K1,combo_seen1,WitnessCell_v14,0.0747182269917567,0.23611526540492322,0.020718926039803517,0.0649331159956561,0.265080531195753
Schmidt,2,EMP3+MAP4K1,combo_seen1,WitnessCell_v13,0.07491863545893428,0.234066381552561,0.020728777378511344,0.06448851473731365,0.26415982078696054
Schmidt,2,EMP3+MAP4K1,combo_seen1,trainMean,0.07813370427032754,0.20119699901264865,0.02107296957991664,0.04895475933665505,0.26472204986751824
Schmidt,2,EMP3+MAP4K1,combo_seen1,baseControl,0.10028122882499618,-0.025229090009076804,0.022017234823895362,0.006339077536134496,
Schmidt,2,EMP3+PRKD2,combo_seen1,WitnessCell_v14,0.05436798308182281,0.2833270334777921,0.01382868365588232,0.010918281440461253,0.19411745404466774
Schmidt,2,EMP3+PRKD2,combo_seen1,WitnessCell_v13,0.05526059215307856,0.27156075570216165,0.013842371942062422,0.009939241500286577,0.19165388427751764
Schmidt,2,EMP3+PRKD2,combo_seen1,trainMean,0.07548326426565378,0.004987644242178901,0.014124944502071617,-0.010271456800905465,0.1588016411823498
Schmidt,2,EMP3+PRKD2,combo_seen1,baseControl,0.07671335521224623,-0.011227283695459889,0.014381094828671576,-0.028592333288329108,
Schmidt,2,EMP3+TBX21,combo_seen1,WitnessCell_v14,0.09194547803739812,0.45925832821126855,0.016752878496694015,0.2322353185847108,0.5496201813545192
Schmidt,2,EMP3+TBX21,combo_seen1,WitnessCell_v13,0.09333759751943677,0.45107111735418803,0.016784724278030995,0.23077586395024696,0.5483552796171188
Schmidt,2,EMP3+TBX21,combo_seen1,trainMean,0.09810308749553684,0.42304473615988225,0.017183050956399912,0.21252102163300157,0.536477744930726
Schmidt,2,EMP3+TBX21,combo_seen1,baseControl,0.20660207068716874,-0.2150499565944144,0.024482069784250438,-0.12198441073879818,
Schmidt,2,EMP3+TNFRSF1B,combo_seen1,WitnessCell_v14,0.03312388110821628,0.6648197193009467,0.007517624665336368,0.40469742411049336,0.6978438552448831
Schmidt,2,EMP3+TNFRSF1B,combo_seen1,WitnessCell_v13,0.03428017170577452,0.6531192242474515,0.007533533412452071,0.4034376487746987,0.6970709043544909
Schmidt,2,EMP3+TNFRSF1B,combo_seen1,trainMean,0.05914243156720895,0.4015382210448608,0.008080087724793806,0.360157330258558,0.688686981782655
Schmidt,2,EMP3+TNFRSF1B,combo_seen1,baseControl,0.13366469379076923,-0.35255193791980144,0.015059863801868804,-0.19255431241944065,
Schmidt,2,EMP3+TRAF3IP2,combo_seen1,WitnessCell_v14,0.0523484738934405,0.3775809250465162,0.012395357515998004,0.15016059833896733,0.45791930239923306
Schmidt,2,EMP3+TRAF3IP2,combo_seen1,WitnessCell_v13,0.052757163375437115,0.37272164051712664,0.01240710560507812,0.14935513637616238,0.4572860803550871
Schmidt,2,EMP3+TRAF3IP2,combo_seen1,trainMean,0.05885528602823043,0.30021546071462235,0.012575505600547326,0.1378094466931853,0.4358281800885433
Schmidt,2,EMP3+TRAF3IP2,combo_seen1,baseControl,0.09477698928308399,-0.12689065428219126,0.015586943767050866,-0.06865808006088336,
Schmidt,2,EMP3+VAV1,combo_seen1,WitnessCell_v14,0.18594745423038678,0.01868435720900996,0.025127856868560783,0.0007833699629790081,0.23401280768014132
Schmidt,2,EMP3+VAV1,combo_seen1,WitnessCell_v13,0.18614389915094054,0.01764764243233219,0.025133545070192595,0.0005571769495740231,0.23390374416197915
Schmidt,2,EMP3+VAV1,combo_seen1,trainMean,0.18897901660351096,0.0026856462228543876,0.024871317143032083,0.010984747714940513,0.23969405497412663
Schmidt,2,EMP3+VAV1,combo_seen1,baseControl,0.20345043394044932,-0.07368554296535268,0.026474091870899857,-0.05275006145186567,
Schmidt,2,FOXQ1+TNFRSF1A,combo_seen1,WitnessCell_v14,0.1271563048178065,0.13775858055901014,0.01991234938668757,0.1485087890873218,0.5109519977202422
Schmidt,2,FOXQ1+TNFRSF1A,combo_seen1,WitnessCell_v13,0.1271728086100551,0.13764666905548695,0.019913990837067668,0.1484385974416922,0.5107200233537017
Schmidt,2,FOXQ1+TNFRSF1A,combo_seen1,trainMean,0.13287348160860776,0.09899065128992013,0.021600520054976053,0.07631929207451627,0.42431922898092284
Schmidt,2,FOXQ1+TNFRSF1A,combo_seen1,baseControl,0.20940679845035104,-0.4199784697670699,0.026949544824158702,-0.15241552416762238,
Schmidt,2,JMJD1C+TNFRSF1B,combo_seen1,WitnessCell_v14,0.06647097778751788,0.47622202194136964,0.013151669408452275,0.33126128619219575,0.6518188581414563
Schmidt,2,JMJD1C+TNFRSF1B,combo_seen1,WitnessCell_v13,0.0664729450354403,0.47620652042215883,0.01315182477744954,0.33125338595837994,0.6518460709399445
Schmidt,2,JMJD1C+TNFRSF1B,combo_seen1,trainMean,0.047489116496086364,0.6257952832043081,0.012309195966363096,0.3740995441032311,0.6705667099916471
Schmidt,2,JMJD1C+TNFRSF1B,combo_seen1,baseControl,0.2010049439451434,-0.5838786583811273,0.023054036436727775,-0.1722562509720138,
Schmidt,2,JMJD1C+TRAF3IP2,combo_seen1,WitnessCell_v14,0.07639129802703669,0.15585734325287814,0.01766676517885857,0.0055141473394630935,0.21203943419653465
Schmidt,2,JMJD1C+TRAF3IP2,combo_seen1,WitnessCell_v13,0.07641977267461283,0.15554269138446308,0.017668423554578958,0.005420795151010904,0.2117869425698961
Schmidt,2,JMJD1C+TRAF3IP2,combo_seen1,trainMean,0.07756425064675902,0.14289592793171857,0.018298434416220737,-0.030043359298440153,0.1960815839610151
Schmidt,2,JMJD1C+TRAF3IP2,combo_seen1,baseControl,0.09711703229957298,-0.07316712476521459,0.018352595097403702,-0.03309213651722476,
Schmidt,2,PRKD2+TNFRSF1A,combo_seen1,WitnessCell_v14,0.07882253363052939,0.1552722107466269,0.011977803263504306,0.08404961714636316,0.466940617970812
Schmidt,2,PRKD2+TNFRSF1A,combo_seen1,WitnessCell_v13,0.07864905771138622,0.1571313228928235,0.01197400116453591,0.08434036612003848,0.4667260258629018
Schmidt,2,PRKD2+TNFRSF1A,combo_seen1,trainMean,0.11060168914528787,-0.18529963522006532,0.014377080710351329,-0.09942468508296542,0.17788135586143922
Schmidt,2,PRKD2+TNFRSF1A,combo_seen1,baseControl,0.1103548403125236,-0.18265419794246962,0.014814877189709304,-0.1329032657590845,
Schmidt,2,TNFRSF1A+TRAF3IP2,combo_seen1,WitnessCell_v14,0.06067550508071276,0.1331263545379323,0.012058215530786105,0.14061002134621992,0.4863360433620915
Schmidt,2,TNFRSF1A+TRAF3IP2,combo_seen1,WitnessCell_v13,0.06071644593703764,0.13254143069883983,0.012061125938876401,0.14040259633045316,0.4859887884669478
Schmidt,2,TNFRSF1A+TRAF3IP2,combo_seen1,trainMean,0.06528810582659864,0.06722592209277778,0.012462839424663705,0.11177244429060318,0.45059539311145497
Schmidt,2,TNFRSF1A+TRAF3IP2,combo_seen1,baseControl,0.09418143907709081,-0.3455744178646114,0.01607652311338157,-0.14577507923639588,
Schmidt,2,PRKD2+TRIM21,combo_seen2,WitnessCell_v14,0.06698706500096258,-0.024069979961320875,0.017265407777089663,-0.037966293842916166,0.08068368386598622
Schmidt,2,PRKD2+TRIM21,combo_seen2,WitnessCell_v13,0.06698706500096258,-0.024069979961320875,0.017265407777089663,-0.037966293842916166,0.08068368386598622
Schmidt,2,PRKD2+TRIM21,combo_seen2,trainMean,0.06386883069823115,0.023600270106613808,0.016541189337767333,0.00557245943191742,0.14747493607870987
Schmidt,2,PRKD2+TRIM21,combo_seen2,baseControl,0.06693938998703268,-0.0233411444680931,0.016725159536599584,-0.0054875090278396765,
Schmidt,2,TNFRSF12A+TRAF3IP2,combo_seen2,WitnessCell_v14,0.09325011886858023,0.19195314945420439,0.01878725723561245,0.09450064935683566,0.38654284045241405
Schmidt,2,TNFRSF12A+TRAF3IP2,combo_seen2,WitnessCell_v13,0.09325011886858023,0.19195314945420439,0.01878725723561245,0.09450064935683566,0.38654284045241405
Schmidt,2,TNFRSF12A+TRAF3IP2,combo_seen2,trainMean,0.08650669382055534,0.2503874274804615,0.01810487200822338,0.12738993024228729,0.4239223674208481
Schmidt,2,TNFRSF12A+TRAF3IP2,combo_seen2,baseControl,0.12599710749592422,-0.09181164726928936,0.022145587102432678,-0.06736254735752634,
Schmidt,2,TRAF3IP2+VAV1,combo_seen2,WitnessCell_v14,0.06448692986760146,0.026064827726192674,0.013039341654399522,0.11493249134196659,0.48905463239171115
Schmidt,2,TRAF3IP2+VAV1,combo_seen2,WitnessCell_v13,0.06443451317966277,0.02685646808032982,0.013037325874419657,0.11506931583909741,0.48890122449156004
Schmidt,2,TRAF3IP2+VAV1,combo_seen2,trainMean,0.0649146539350806,0.01960498362753249,0.012577026394219823,0.1463129265193649,0.4955166272312815
Schmidt,2,TRAF3IP2+VAV1,combo_seen2,baseControl,0.09171312431612041,-0.3851277726196414,0.01703313178212943,-0.1561528112860473,
Schmidt,2,DEPDC7,unseen_single,WitnessCell_v14,0.024253114993861413,0.8962814124382571,0.0012508353587281512,0.30488836401003205,0.6914448327246526
Schmidt,2,DEPDC7,unseen_single,WitnessCell_v13,0.00984042292507857,0.9579173740339056,0.0012277995262693561,0.31768978913372325,0.6907384776493074
Schmidt,2,DEPDC7,unseen_single,trainMean,0.2745577725775196,-0.17414791390904605,0.0017593535913037577,0.022295664571337026,0.463359021281393
Schmidt,2,DEPDC7,unseen_single,baseControl,0.276264041504077,-0.18144478291361765,0.002277418092248378,-0.2656020673620676,
Schmidt,2,EMP3,unseen_single,WitnessCell_v14,0.0023572928059362864,0.993798141377024,0.00037771674776116186,0.5941699347547649,0.7186508644159582
Schmidt,2,EMP3,unseen_single,WitnessCell_v13,0.011072281016770415,0.9708696682368249,0.0003850784134169716,0.58626034305379,0.7067309801802709
Schmidt,2,EMP3,unseen_single,trainMean,0.49954152531008855,-0.3142558737196788,0.0008642850654748837,0.07138651756595471,0.21733553397687894
Schmidt,2,EMP3,unseen_single,baseControl,0.47184308631721167,-0.24138338105421386,0.0007729212677631043,0.1695504888650753,
Schmidt,2,FOSL1,unseen_single,WitnessCell_v14,0.05266829811437175,-0.1914066009659421,0.0038361063715078043,-0.08347733079444652,0.3295973043256039
Schmidt,2,FOSL1,unseen_single,WitnessCell_v13,0.057119709899698334,-0.292101735886364,0.0038722668806454794,-0.09369057519550239,0.32134906162899873
Schmidt,2,FOSL1,unseen_single,trainMean,0.05456661192595019,-0.23434825062600995,0.0036630562646521696,-0.03460072266328562,0.41181263029371623
Schmidt,2,FOSL1,unseen_single,baseControl,0.05853130227154116,-0.32403328731099235,0.004395524442163239,-0.2414804566967379,
Schmidt,2,IKZF3,unseen_single,WitnessCell_v14,0.03408452395494993,0.648816940480472,0.002514957910767699,0.08743129777933667,0.2851451800769672
Schmidt,2,IKZF3,unseen_single,WitnessCell_v13,0.026692320585705375,0.7249810259531946,0.0024852468277870663,0.09821215590866017,0.26041674184668817
Schmidt,2,IKZF3,unseen_single,trainMean,0.09908623902529612,-0.020915199613145363,0.002719170957800078,0.013331276260495906,0.08030135705405174
Schmidt,2,IKZF3,unseen_single,baseControl,0.10123402844866253,-0.0430445173615297,0.002525977222370015,0.08343286947752027,
Schmidt,2,JMJD1C,unseen_single,WitnessCell_v14,0.023100398946363183,0.6918859827898873,0.0029924815612419648,0.15913539786450448,0.19980240908397554
Schmidt,2,JMJD1C,unseen_single,WitnessCell_v13,0.02285391767579676,0.6951735595377004,0.002991103309471145,0.1595226761494981,0.1964445013950999
Schmidt,2,JMJD1C,unseen_single,trainMean,0.07575923272970028,-0.010479584846249557,0.0035765905669574794,-0.004994798644005316,-0.16838269265022696
Schmidt,2,JMJD1C,unseen_single,baseControl,0.06837709277789357,0.08798368418385194,0.0028791620105574974,0.19097733137366912,
Schmidt,2,LTBR,unseen_single,WitnessCell_v14,0.38077822489013535,-0.186848440174048,0.008641496988786463,-0.0024304576522877763,0.5054396573937786
Schmidt,2,LTBR,unseen_single,WitnessCell_v13,0.37976384034887206,-0.183686702890141,0.008634682721595847,-0.0016399894050247443,0.4766591433916454
Schmidt,2,LTBR,unseen_single,trainMean,0.4252711380207486,-0.3255284935387164,0.008640788782262364,-0.002348304318092742,0.5319912242534909
Schmidt,2,LTBR,unseen_single,baseControl,0.4695884384485373,-0.4636611793051404,0.010279431192548214,-0.19243401092689294,
Schmidt,2,RELA,unseen_single,WitnessCell_v14,0.12346738335078845,0.28689231304060947,0.0023078293333342135,-0.18859637798735118,0.29864927026471105
Schmidt,2,RELA,unseen_single,WitnessCell_v13,0.12524487591344954,0.2766260906947007,0.0023117173598850033,-0.19059881993963823,0.30550480640788913
Schmidt,2,RELA,unseen_single,trainMean,0.22608759651479987,-0.3058088591933159,0.0019703012289216375,-0.014760004309702923,0.45045346714194695
Schmidt,2,RELA,unseen_single,baseControl,0.23462312259453083,-0.35510729813734954,0.0024829400205376635,-0.2787832585987502,
Schmidt,2,TNFRSF1A,unseen_single,WitnessCell_v14,0.13796987063781288,-0.15880890311471685,0.0056552669965602665,0.13654530289942512,0.7486997830863095
Schmidt,2,TNFRSF1A,unseen_single,WitnessCell_v13,0.1391839479643988,-0.16900593822545296,0.005672515823638786,0.1339117259578797,0.7343140920059708
Schmidt,2,TNFRSF1A,unseen_single,trainMean,0.1828133055760235,-0.5354489000388147,0.006847409468118378,-0.04547280823591726,0.6532821292332356
Schmidt,2,TNFRSF1A,unseen_single,baseControl,0.2207416621538645,-0.854009155837635,0.008781228713821984,-0.34073124821087863,
Schmidt,2,WT1,unseen_single,WitnessCell_v14,0.04210938190658265,0.6330516087704641,0.0026276926688628428,0.06788614270459725,0.40381786950221277
Schmidt,2,WT1,unseen_single,WitnessCell_v13,0.044363407250508566,0.6134096445265074,0.002634435962501591,0.06549411356094204,0.4031506755980279
Schmidt,2,WT1,unseen_single,trainMean,0.12016673212986195,-0.047153556710609834,0.002733381356957236,0.03039549857428947,0.3621700263204673
Schmidt,2,WT1,unseen_single,baseControl,0.12403634450364363,-0.08087402400198873,0.003169156795818163,-0.12418586858652048,
Schmidt,2,EMP3+JMJD1C,combo_seen0,WitnessCell_v14,0.06967226974357468,0.14677684155432524,0.016728894404499862,0.02540724128646432,0.08299782763662049
Schmidt,2,EMP3+JMJD1C,combo_seen0,WitnessCell_v13,0.07008776752874118,0.14168855702029592,0.016742454454732294,0.024617259208463804,0.07913536633056184
Schmidt,2,EMP3+JMJD1C,combo_seen0,trainMean,0.08619756571675499,-0.05559585674271594,0.01806037974042597,-0.0521624973555459,-0.03157487869001261
Schmidt,2,EMP3+JMJD1C,combo_seen0,baseControl,0.07720777878556799,0.05449520857510959,0.016578404249222224,0.03417450420563306,
Schmidt,2,EMP3+TNFRSF1A,combo_seen0,WitnessCell_v14,0.08895018245719272,0.07239697425896152,0.015305649446691716,0.08569896982769198,0.5698587139213649
Schmidt,2,EMP3+TNFRSF1A,combo_seen0,WitnessCell_v13,0.08958259475748326,0.06580196178051378,0.015322454970168542,0.08469507205249716,0.5693632576370954
Schmidt,2,EMP3+TNFRSF1A,combo_seen0,trainMean,0.12206332624007993,-0.27291825181813234,0.017510725982554525,-0.04602387900469962,0.31668158283734493
Schmidt,2,EMP3+TNFRSF1A,combo_seen0,baseControl,0.1355274766359706,-0.4133270323427938,0.019735206547620326,-0.17890585041804274,
Schmidt,3,CBY1+EMP3,combo_seen1,WitnessCell_v14,0.060759369076948,0.21569823912407304,0.012506740618180412,0.022279631140768696,0.11828979430351642
Schmidt,3,CBY1+EMP3,combo_seen1,WitnessCell_v13,0.060759369076948,0.21569823912407304,0.012506740618180412,0.022279631140768696,0.11828979430351642
Schmidt,3,CBY1+EMP3,combo_seen1,trainMean,0.08409243644946608,-0.08549260773489498,0.013326590309469507,-0.04181250661501723,0.042935576238520505
Schmidt,3,CBY1+EMP3,combo_seen1,baseControl,0.08031973768747205,-0.03679338114254804,0.012568210784128559,0.017474171816115103,
Schmidt,3,CBY1+LCP2,combo_seen1,WitnessCell_v14,0.06815394523782795,0.0426260779229084,0.016178667299086843,-0.011677848865945473,0.10991403342828719
Schmidt,3,CBY1+LCP2,combo_seen1,WitnessCell_v13,0.06815394523782795,0.0426260779229084,0.016178667299086843,-0.011677848865945473,0.10991403342828719
Schmidt,3,CBY1+LCP2,combo_seen1,trainMean,0.07299843414634377,-0.025425556221236656,0.016457443866594163,-0.029110191896199566,0.12091677537578352
Schmidt,3,CBY1+LCP2,combo_seen1,baseControl,0.07044629302949554,0.010424948723194105,0.016225443876000768,-0.014602862764479863,
Schmidt,3,EMP3+JMJD1C,combo_seen1,WitnessCell_v14,0.058791091090353,0.2973226559050227,0.015143152418620916,0.1385789743244502,0.3058603686826442
Schmidt,3,EMP3+JMJD1C,combo_seen1,WitnessCell_v13,0.058791091090353,0.2973226559050227,0.015143152418620916,0.1385789743244502,0.3058603686826442
Schmidt,3,EMP3+JMJD1C,combo_seen1,trainMean,0.06874226087102016,0.17838522129658807,0.015519071393510681,0.11719475392115752,0.28694456839581206
Schmidt,3,EMP3+JMJD1C,combo_seen1,baseControl,0.07720777878556799,0.07720445505700713,0.016578404249222224,0.05693440852723919,
Schmidt,3,EMP3+MAP4K1,combo_seen1,WitnessCell_v14,0.07525329357545571,0.23640060467116109,0.020666789010287193,0.07674678644013266,0.2684757037841993
Schmidt,3,EMP3+MAP4K1,combo_seen1,WitnessCell_v13,0.07525329357545571,0.23640060467116109,0.020666789010287193,0.07674678644013266,0.2684757037841993
Schmidt,3,EMP3+MAP4K1,combo_seen1,trainMean,0.07817182115827867,0.20678614141501706,0.021150990918422062,0.055115899925792355,0.2635188152231112
Schmidt,3,EMP3+MAP4K1,combo_seen1,baseControl,0.10028122882499618,-0.01755925960661564,0.022017234823895362,0.01641794500610072,
Schmidt,3,EMP3+PRKD2,combo_seen1,WitnessCell_v14,0.05631572849638031,0.26494235551761325,0.013793461818779745,0.015468950754663147,0.20166512011964
Schmidt,3,EMP3+PRKD2,combo_seen1,WitnessCell_v13,0.05631572849638031,0.26494235551761325,0.013793461818779745,0.015468950754663147,0.20166512011964
Schmidt,3,EMP3+PRKD2,combo_seen1,trainMean,0.07527082853693046,0.017532057209382335,0.014061456295634529,-0.003659596303085877,0.16575980990028202
Schmidt,3,EMP3+PRKD2,combo_seen1,baseControl,0.07671335521224623,-0.0012964350852484596,0.014381094828671576,-0.026474322906508307,
Schmidt,3,EMP3+TBX21,combo_seen1,WitnessCell_v14,0.1401350429468453,0.19419656559483256,0.020886085103730613,0.03659407097823453,0.40683159408627767
Schmidt,3,EMP3+TBX21,combo_seen1,WitnessCell_v13,0.1401350429468453,0.19419656559483256,0.020886085103730613,0.03659407097823453,0.40683159408627767
Schmidt,3,EMP3+TBX21,combo_seen1,trainMean,0.19423532085193077,-0.11689043178616942,0.021437494194984627,0.01115939592102455,0.3498062989791755
Schmidt,3,EMP3+TBX21,combo_seen1,baseControl,0.20660207068716874,-0.18800162053746727,0.024482069784250438,-0.12927679207141574,
Schmidt,3,EMP3+TNFRSF1A,combo_seen1,WitnessCell_v14,0.04571179938683134,0.48269899566402763,0.010738509398457023,0.31762884029074523,0.6596123922777667
Schmidt,3,EMP3+TNFRSF1A,combo_seen1,WitnessCell_v13,0.04571179938683134,0.48269899566402763,0.010738509398457023,0.31762884029074523,0.6596123922777667
Schmidt,3,EMP3+TNFRSF1A,combo_seen1,trainMean,0.05605376642284653,0.36566335046294673,0.011090641037581998,0.2952528785958608,0.6472300289117531
Schmidt,3,EMP3+TNFRSF1A,combo_seen1,baseControl,0.1355274766359706,-0.5337068485452028,0.019735206547620326,-0.25406006358166877,
Schmidt,3,EMP3+TRAF3IP2,combo_seen1,WitnessCell_v14,0.053956112318137,0.35205860130754174,0.012614418880764077,0.11394837544467051,0.43334388724789485
Schmidt,3,EMP3+TRAF3IP2,combo_seen1,WitnessCell_v13,0.053956112318137,0.35205860130754174,0.012614418880764077,0.11394837544467051,0.43334388724789485
Schmidt,3,EMP3+TRAF3IP2,combo_seen1,trainMean,0.05843776215093095,0.29823992652999964,0.012514617580426272,0.1209585362085479,0.44074873329200626
Schmidt,3,EMP3+TRAF3IP2,combo_seen1,baseControl,0.09477698928308399,-0.1381460294591872,0.015586943767050866,-0.09484527009867616,
Schmidt,3,EMP3+VAV1,combo_seen1,WitnessCell_v14,0.12169457029239383,0.3509100361912614,0.017803402339303137,0.2819034853422877,0.6303296722350877
Schmidt,3,EMP3+VAV1,combo_seen1,WitnessCell_v13,0.12169457029239383,0.3509100361912614,0.017803402339303137,0.2819034853422877,0.6303296722350877
Schmidt,3,EMP3+VAV1,combo_seen1,trainMean,0.11653046585318207,0.3784541439973761,0.017173389401016172,0.30731492561370044,0.6333758904817197
Schmidt,3,EMP3+VAV1,combo_seen1,baseControl,0.20345043394044932,-0.08515634252198279,0.026474091870899857,-0.06782696581834324,
Schmidt,3,JMJD1C+TNFRSF1B,combo_seen1,WitnessCell_v14,0.16343527891502696,-0.31252740059206485,0.022696141329048045,-0.2065643434910427,0.18185725539242975
Schmidt,3,JMJD1C+TNFRSF1B,combo_seen1,WitnessCell_v13,0.16343527891502696,-0.31252740059206485,0.022696141329048045,-0.2065643434910427,0.18185725539242975
Schmidt,3,JMJD1C+TNFRSF1B,combo_seen1,trainMean,0.22513704180817565,-0.8080462077903448,0.026926630264933492,-0.4314641196939626,-0.05118673691661177
Schmidt,3,JMJD1C+TNFRSF1B,combo_seen1,baseControl,0.2010049439451434,-0.6142444785109094,0.023054036436727775,-0.22559063828607795,
Schmidt,3,MGST3+TRIM21,combo_seen1,WitnessCell_v14,0.08321161216844553,0.2775987738444812,0.015164470808586,0.06298541093310384,0.18645899524335244
Schmidt,3,MGST3+TRIM21,combo_seen1,WitnessCell_v13,0.08321161216844553,0.2775987738444812,0.015164470808586,0.06298541093310384,0.18645899524335244
Schmidt,3,MGST3+TRIM21,combo_seen1,trainMean,0.11073004496618329,0.0386976267939686,0.01581524704211295,0.022773864303497704,0.10546496029628447
Schmidt,3,MGST3+TRIM21,combo_seen1,baseControl,0.11660466920400693,-0.012302896354362103,0.01570644324140496,0.02949686505282767,
Schmidt,3,PRKD2+TNFRSF1B,combo_seen1,WitnessCell_v14,0.10982850479816728,-0.007332739113681708,0.014812905394911976,0.055973119575935426,0.5910039242215028
Schmidt,3,PRKD2+TNFRSF1B,combo_seen1,WitnessCell_v13,0.10982850479816728,-0.007332739113681708,0.014812905394911976,0.055973119575935426,0.5910039242215028
Schmidt,3,PRKD2+TNFRSF1B,combo_seen1,trainMean,0.15679824451778065,-0.4381330732725097,0.017732691403500582,-0.13010492546042207,0.2931823043716425
Schmidt,3,PRKD2+TNFRSF1B,combo_seen1,baseControl,0.17124667163869128,-0.57065216468997,0.019495993458909813,-0.24248021540084697,
Schmidt,3,TNFRSF1B+TRAF3IP2,combo_seen1,WitnessCell_v14,0.08520473492235217,0.3153648925102398,0.012247432970292344,0.12453899047443961,0.4849511605125817
Schmidt,3,TNFRSF1B+TRAF3IP2,combo_seen1,WitnessCell_v13,0.08520473492235217,0.3153648925102398,0.012247432970292344,0.12453899047443961,0.4849511605125817
Schmidt,3,TNFRSF1B+TRAF3IP2,combo_seen1,trainMean,0.10145173481173647,0.18481737627429973,0.013443812785121962,0.039020344811524055,0.4018653800635338
Schmidt,3,TNFRSF1B+TRAF3IP2,combo_seen1,baseControl,0.16211479725088657,-0.3026210543661345,0.01625350375927599,-0.1618196926603468,
Schmidt,3,TNFRSF12A+TRAF3IP2,combo_seen1,WitnessCell_v14,0.08920058007446427,0.21835597004707752,0.017605715341884997,0.13633013699815544,0.46201915956728806
Schmidt,3,TNFRSF12A+TRAF3IP2,combo_seen1,WitnessCell_v13,0.08920058007446427,0.21835597004707752,0.017605715341884997,0.13633013699815544,0.46201915956728806
Schmidt,3,TNFRSF12A+TRAF3IP2,combo_seen1,trainMean,0.09936979912416641,0.12924545806556753,0.018356517639876765,0.09949861352660827,0.4111742528532367
Schmidt,3,TNFRSF12A+TRAF3IP2,combo_seen1,baseControl,0.12599710749592422,-0.10408347998758538,0.022145587102432678,-0.08637881548331472,
Schmidt,3,PRKD2+VAV1,combo_seen2,WitnessCell_v14,0.04177796672705568,0.262106590677623,0.01080710754180026,0.16560413755080594,0.5264896753324636
Schmidt,3,PRKD2+VAV1,combo_seen2,WitnessCell_v13,0.04177796672705568,0.262106590677623,0.01080710754180026,0.16560413755080594,0.5264896753324636
Schmidt,3,PRKD2+VAV1,combo_seen2,trainMean,0.039924346171029565,0.29484572325944813,0.010704837369519117,0.17350021966836549,0.5299957264495092
Schmidt,3,PRKD2+VAV1,combo_seen2,baseControl,0.06887776912949084,-0.21653722933733244,0.014799776745307152,-0.14266212616951512,
Schmidt,3,TNFRSF1A+TRAF3IP2,combo_seen2,WitnessCell_v14,0.04070668539059899,0.40255238540354954,0.010948162479076477,0.1947247199943415,0.572435084787495
Schmidt,3,TNFRSF1A+TRAF3IP2,combo_seen2,WitnessCell_v13,0.04070668539059899,0.40255238540354954,0.010948162479076477,0.1947247199943415,0.572435084787495
Schmidt,3,TNFRSF1A+TRAF3IP2,combo_seen2,trainMean,0.039664495722780774,0.41784849033128835,0.013105495860713835,0.036045375740572094,0.5648218753580605
Schmidt,3,TNFRSF1A+TRAF3IP2,combo_seen2,baseControl,0.09418143907709081,-0.38229078530829663,0.01607652311338157,-0.1824839717521105,
Schmidt,3,TRAF3IP2+TRIM21,combo_seen2,WitnessCell_v14,0.053692211503870435,0.1316456429725119,0.012876770450671855,0.06317514695638593,0.31216472947395635
Schmidt,3,TRAF3IP2+TRIM21,combo_seen2,WitnessCell_v13,0.053692211503870435,0.1316456429725119,0.012876770450671855,0.06317514695638593,0.31216472947395635
Schmidt,3,TRAF3IP2+TRIM21,combo_seen2,trainMean,0.05239049896704976,0.15269800273355583,0.012936924229010938,0.0587987736438067,0.31794204682039834
Schmidt,3,TRAF3IP2+TRIM21,combo_seen2,baseControl,0.0702796193902148,-0.13661948350418274,0.014406002248414644,-0.04808119326324278,
Schmidt,3,ABCB10,unseen_single,WitnessCell_v14,0.045650081179713614,0.6595554721696018,0.0020459926537573763,0.1627335286189745,0.35193291529283083
Schmidt,3,ABCB10,unseen_single,WitnessCell_v13,0.045650081179713614,0.6595554721696018,0.0020459926537573763,0.1627335286189745,0.35193291529283083
Schmidt,3,ABCB10,unseen_single,trainMean,0.14774831470605193,-0.10186233929835287,0.0023283329021632636,0.047193512833721196,0.19809689260907318
Schmidt,3,ABCB10,unseen_single,baseControl,0.1478565712921895,-0.10266968424494904,0.0023019889897944426,0.05797403763712494,
Schmidt,3,APOL2,unseen_single,WitnessCell_v14,0.7349011096591795,0.4956670024799885,0.0015425577484142524,0.4259511710815236,0.6108920334710862
Schmidt,3,APOL2,unseen_single,WitnessCell_v13,0.7349011096591795,0.4956670024799885,0.0015425577484142524,0.4259511710815236,0.6108920334710862
Schmidt,3,APOL2,unseen_single,trainMean,2.127193059078027,-0.45980681984017724,0.0025146137836433236,0.06420936320430348,0.11473248167992212
Schmidt,3,APOL2,unseen_single,baseControl,2.1387345330683836,-0.4677272680431397,0.002336637068540157,0.1304417781558721,
Schmidt,3,EMP3,unseen_single,WitnessCell_v14,0.041719053037974546,0.8935861664909732,0.0007473224086605313,0.3339640839077924,0.470738020003736
Schmidt,3,EMP3,unseen_single,WitnessCell_v13,0.041719053037974546,0.8935861664909732,0.0007473224086605313,0.3339640839077924,0.470738020003736
Schmidt,3,EMP3,unseen_single,trainMean,0.5013059773856464,-0.2786937125835123,0.0009454833005563269,0.15735721431850158,0.1781852041880077
Schmidt,3,EMP3,unseen_single,baseControl,0.47184308631721167,-0.2035419783867376,0.0007729212677631043,0.31114962073137453,
Schmidt,3,FOSB,unseen_single,WitnessCell_v14,0.027261059189812892,-0.1169526303424051,0.0022728804577903695,-0.14657585791369843,0.33825350531754067
Schmidt,3,FOSB,unseen_single,WitnessCell_v13,0.027261059189812892,-0.1169526303424051,0.0022728804577903695,-0.14657585791369843,0.33825350531754067
Schmidt,3,FOSB,unseen_single,trainMean,0.026487377638372167,-0.08525299468584024,0.002092252228293649,-0.05545625393770437,0.4173144479531743
Schmidt,3,FOSB,unseen_single,baseControl,0.028233075410957396,-0.15677852512453216,0.0025941276812321656,-0.30863203185707233,
Schmidt,3,LCP2,unseen_single,WitnessCell_v14,0.14401655571604768,0.7628066249241964,0.001315029700052437,0.33898893704970734,0.6741386805079527
Schmidt,3,LCP2,unseen_single,WitnessCell_v13,0.14401655571604768,0.7628066249241964,0.001315029700052437,0.33898893704970734,0.6741386805079527
Schmidt,3,LCP2,unseen_single,trainMean,0.7507266909701554,-0.2364369964644213,0.0019410703845355198,0.024304167356832496,0.3419638235128091
Schmidt,3,LCP2,unseen_single,baseControl,0.7478350160138296,-0.2316744458041664,0.0022100374029326766,-0.11089443288937195,
Schmidt,3,LHX6,unseen_single,WitnessCell_v14,0.023661105125514375,0.8664989374888441,0.0012105127650598204,0.297772944510158,0.5943112202906944
Schmidt,3,LHX6,unseen_single,WitnessCell_v13,0.023661105125514375,0.8664989374888441,0.0012105127650598204,0.297772944510158,0.5943112202906944
Schmidt,3,LHX6,unseen_single,trainMean,0.2211888249852096,-0.24799509551554144,0.0017204258840776189,0.0019687213256014413,0.3081587749850743
Schmidt,3,LHX6,unseen_single,baseControl,0.22307209207415696,-0.2586208949460025,0.0018983551449975663,-0.1012493070899223,
Schmidt,3,MGST3,unseen_single,WitnessCell_v14,0.591108027982758,0.5416242747366292,0.0015463634849737012,0.3773754018859917,0.5548088368808229
Schmidt,3,MGST3,unseen_single,WitnessCell_v13,0.591108027982758,0.5416242747366292,0.0015463634849737012,0.3773754018859917,0.5548088368808229
Schmidt,3,MGST3,unseen_single,trainMean,1.757610065402313,-0.36294171339267556,0.0023063144887040914,0.07139030014128889,0.16060794259317182
Schmidt,3,MGST3,unseen_single,baseControl,1.8086209105589715,-0.4024981599947899,0.0022337590325564663,0.10060387907267554,
Schmidt,3,TNFRSF1B,unseen_single,WitnessCell_v14,0.14870260302528154,0.344577832168832,0.004714958975199956,0.26520371990742864,0.9010767169644612
Schmidt,3,TNFRSF1B,unseen_single,WitnessCell_v13,0.14870260302528154,0.344577832168832,0.004714958975199956,0.26520371990742864,0.9010767169644612
Schmidt,3,TNFRSF1B,unseen_single,trainMean,0.3211535512577823,-0.41551763378524953,0.0069398180338262555,-0.08152637225409087,0.7041341652473263
Schmidt,3,TNFRSF1B,unseen_single,baseControl,0.38536284112122104,-0.6985267479568416,0.00923286193300585,-0.4388826368724221,
Schmidt,3,TNFRSF12A,unseen_single,WitnessCell_v14,0.05022174747777723,0.39088652788963885,0.0010174519598655626,0.029235755229936933,0.5315661482621569
Schmidt,3,TNFRSF12A,unseen_single,WitnessCell_v13,0.05022174747777723,0.39088652788963885,0.0010174519598655626,0.029235755229936933,0.5315661482621569
Schmidt,3,TNFRSF12A,unseen_single,trainMean,0.10213384997313171,-0.2387283816569894,0.0009838147261419302,0.06132948061446586,0.4848614829543966
Schmidt,3,TNFRSF12A,unseen_single,baseControl,0.10339772602474673,-0.25405727738004247,0.0013113951803430807,-0.2512193224425674,
Schmidt,3,EMP3+LCP2,combo_seen0,WitnessCell_v14,0.10423304216287606,0.18010860549494623,0.01761720398518294,-0.0425944001330858,0.20468413624875162
Schmidt,3,EMP3+LCP2,combo_seen0,WitnessCell_v13,0.10423304216287606,0.18010860549494623,0.01761720398518294,-0.0425944001330858,0.20468413624875162
Schmidt,3,EMP3+LCP2,combo_seen0,trainMean,0.1553609089964756,-0.2220603916524737,0.017762138387450575,-0.051171686081410206,0.17651343850717557
Schmidt,3,EMP3+LCP2,combo_seen0,baseControl,0.15861263884298749,-0.24763832033121536,0.018667792109438176,-0.1047686983994891,
Schmidt,3,EMP3+TNFRSF1B,combo_seen0,WitnessCell_v14,0.05965348551074636,0.3991687616831948,0.009580291853201589,0.20082397696451793,0.6664348665609533
Schmidt,3,EMP3+TNFRSF1B,combo_seen0,WitnessCell_v13,0.05965348551074636,0.3991687616831948,0.009580291853201589,0.20082397696451793,0.6664348665609533
Schmidt,3,EMP3+TNFRSF1B,combo_seen0,trainMean,0.11554150400722817,-0.163736608771051,0.012447673583853264,-0.03836943834474593,0.40849242922975804
Schmidt,3,EMP3+TNFRSF1B,combo_seen0,baseControl,0.13366469379076923,-0.34627378101949957,0.015059863801868804,-0.2562750952739976,
Replogle_exp6,1,AHCYL1+FDPS,combo_seen1,WitnessCell_v14,0.003599528809911615,0.6747323209257874,0.0011753041515523547,-0.005189076046294927,0.41463751853908537
Replogle_exp6,1,AHCYL1+FDPS,combo_seen1,WitnessCell_v13,0.003757949436110607,0.6604168057229809,0.0011786930341308288,-0.008087447283549931,0.40961176843280167
Replogle_exp6,1,AHCYL1+FDPS,combo_seen1,trainMean,0.00760900226059525,0.3124204205397024,0.001305407031715171,-0.11646069346472232,0.35763349960877255
Replogle_exp6,1,AHCYL1+FDPS,combo_seen1,baseControl,0.010987064741242506,0.007165316087631157,0.0012077512132164451,-0.03293970714162908,
Replogle_exp6,1,ATM+FDPS,combo_seen1,WitnessCell_v14,0.0060654932969035485,0.4580403134622699,0.0017065193586070606,0.03968299316254065,0.4307425292523833
Replogle_exp6,1,ATM+FDPS,combo_seen1,WitnessCell_v13,0.0063233336976923835,0.43500193950847854,0.0017125697386056469,0.03627823670245922,0.42678953843536827
Replogle_exp6,1,ATM+FDPS,combo_seen1,trainMean,0.01101886706285227,0.01544994824527357,0.0019331001875639996,-0.08782181501513175,0.34869787319145057
Replogle_exp6,1,ATM+FDPS,combo_seen1,baseControl,0.012983623501282949,-0.16010358571683092,0.00204325063053524,-0.14980724938037904,
Replogle_exp6,1,ATR+FDPS,combo_seen1,WitnessCell_v14,0.0025892640710143966,0.7882412406355795,0.0010999801404058865,0.05069681433009876,0.7437206017093893
Replogle_exp6,1,ATR+FDPS,combo_seen1,WitnessCell_v13,0.0026032945570287364,0.787093780110044,0.0011001645766125188,0.05053764247591919,0.7418065475215392
Replogle_exp6,1,ATR+FDPS,combo_seen1,trainMean,0.007043150800328477,0.42398734366642754,0.0013087322957877462,-0.1294601529096322,0.7351624535148155
Replogle_exp6,1,ATR+FDPS,combo_seen1,baseControl,0.01606357419805245,-0.31373334269658093,0.0014310156344778738,-0.23499293364697804,
Replogle_exp6,1,ETAA1+FDPS,combo_seen1,WitnessCell_v14,0.003939326995314629,0.6738662330785076,0.0011785042738980487,-0.2159857233010949,0.38208627118496397
Replogle_exp6,1,ETAA1+FDPS,combo_seen1,WitnessCell_v13,0.004283117863219956,0.6454040589770611,0.001182341536622288,-0.21994502730412324,0.3761442748562434
Replogle_exp6,1,ETAA1+FDPS,combo_seen1,trainMean,0.011670651382907325,0.03379600057011911,0.001292536583745519,-0.3336447457083114,0.3284930976590962
Replogle_exp6,1,ETAA1+FDPS,combo_seen1,baseControl,0.01364727114346289,-0.1298467863953121,0.0012737750318191556,-0.3142864966168841,
Replogle_exp6,1,ETAA1+TOPBP1,combo_seen1,WitnessCell_v14,0.0030981104460301202,0.29051187275806845,0.0010223149085116187,-0.1490263735993813,0.2693145817500567
Replogle_exp6,1,ETAA1+TOPBP1,combo_seen1,WitnessCell_v13,0.0035009177871839,0.19826628271440128,0.0010293247993952205,-0.15690510982268302,0.27188238416098226
Replogle_exp6,1,ETAA1+TOPBP1,combo_seen1,trainMean,0.004061822191701816,0.0698154019418642,0.0010316840299239825,-0.1595567566649414,0.3213293526192027
Replogle_exp6,1,ETAA1+TOPBP1,combo_seen1,baseControl,0.0038065666699096407,0.12827063305105624,0.0009043698580696757,-0.016462549610344768,
Replogle_exp6,1,FDPS+IDI1,combo_seen1,WitnessCell_v14,0.006662495140502408,0.5229851711944862,0.001775158113697926,-0.5294449001330879,0.7298180759984442
Replogle_exp6,1,FDPS+IDI1,combo_seen1,WitnessCell_v13,0.006765175366513489,0.5156335725216963,0.00177713788941058,-0.5311506399450858,0.7280686613070354
Replogle_exp6,1,FDPS+IDI1,combo_seen1,trainMean,0.009352361228672704,0.33039876257437384,0.001723565329725051,-0.4849934680481993,0.7260960680519921
Replogle_exp6,1,FDPS+IDI1,combo_seen1,baseControl,0.02010114633706106,-0.43918226978919894,0.0016732341702102313,-0.4416290293293479,
Replogle_exp6,1,FDPS+LIG4,combo_seen1,WitnessCell_v14,0.005477126475132918,0.6293573675307487,0.0013883847321068434,-0.02619965050205053,0.42014858149260514
Replogle_exp6,1,FDPS+LIG4,combo_seen1,WitnessCell_v13,0.0059711465696749375,0.5959265331023142,0.0013942201193432276,-0.030512772221153783,0.41499282136704857
Replogle_exp6,1,FDPS+LIG4,combo_seen1,trainMean,0.014571031505421328,0.01396370898470134,0.0015922657070472123,-0.17689461306500887,0.33040106348240705
Replogle_exp6,1,FDPS+LIG4,combo_seen1,baseControl,0.016389431537120545,-0.10908924180822543,0.0016090093886715663,-0.18927040475565637,
Replogle_exp6,1,FDPS+MVD,combo_seen1,WitnessCell_v14,0.007093776946165323,0.8131670499067313,0.0020637101547590726,0.2956487801076644,0.8204781090154362
Replogle_exp6,1,FDPS+MVD,combo_seen1,WitnessCell_v13,0.007243697343143079,0.80921850877567,0.002068500898219868,0.2940136832443665,0.8195332464140644
Replogle_exp6,1,FDPS+MVD,combo_seen1,trainMean,0.010556933024849087,0.7219558838770904,0.0023166210366804157,0.20932944510098017,0.7974082876614682
Replogle_exp6,1,FDPS+MVD,combo_seen1,baseControl,0.050302916995337274,-0.32485732943944456,0.0037746298676588977,-0.28829387489154223,
Replogle_exp6,1,FDPS+NHEJ1,combo_seen1,WitnessCell_v14,0.00465751662174276,0.31209133701467906,0.0014526697728030225,-0.18172191445963204,0.3890860851962204
Replogle_exp6,1,FDPS+NHEJ1,combo_seen1,WitnessCell_v13,0.004719416138601667,0.3029488653199853,0.0014887773516705457,-0.21109480981732842,0.3783060053482109
Replogle_exp6,1,FDPS+NHEJ1,combo_seen1,trainMean,0.00755867563089807,-0.11640577360842408,0.001766075046850946,-0.43667172300078994,0.3811662365008734
Replogle_exp6,1,FDPS+NHEJ1,combo_seen1,baseControl,0.007188141076200704,-0.06167834034027364,0.001440977024105671,-0.1722100641860025,
Replogle_exp6,1,FDPS+PMVK,combo_seen1,WitnessCell_v14,0.013957978773903755,0.5562176971497956,0.001654661639931047,-0.871836391772278,0.26112933025698004
Replogle_exp6,1,FDPS+PMVK,combo_seen1,WitnessCell_v13,0.016287900160510932,0.4821397883667826,0.0016741917365703813,-0.8939298184536741,0.25493389169641417
Replogle_exp6,1,FDPS+PMVK,combo_seen1,trainMean,0.03588505057145536,-0.14093527712412213,0.0018700704904758981,-1.1155177075345089,0.10981978385584361
Replogle_exp6,1,FDPS+PMVK,combo_seen1,baseControl,0.030803398138083946,0.020631627059898516,0.0006341753332448858,0.28258899651438296,
Replogle_exp6,1,FDPS+PRKDC,combo_seen1,WitnessCell_v14,0.0035387273974300834,0.9708492947418635,0.0012457587352177472,0.14250028970414352,0.5357899933690192
Replogle_exp6,1,FDPS+PRKDC,combo_seen1,WitnessCell_v13,0.0037739613614188663,0.968911525826428,0.0012505706068293657,0.13918810862421516,0.5321864525066425
Replogle_exp6,1,FDPS+PRKDC,combo_seen1,trainMean,0.008936500036525795,0.9263844740362664,0.0015045091450570623,-0.03560675077136599,0.47841344039004974
Replogle_exp6,1,FDPS+PRKDC,combo_seen1,baseControl,0.1575133590204967,-0.297535805205027,0.0015490825774896924,-0.06628821766968263,
Replogle_exp6,1,FDPS+RAD1,combo_seen1,WitnessCell_v14,0.004395471832145638,0.6906842024410091,0.0014379025374570043,-0.30612704039141225,0.36491474434486365
Replogle_exp6,1,FDPS+RAD1,combo_seen1,WitnessCell_v13,0.004688278389264269,0.6700789756975948,0.0014429920797123428,-0.3107501553729526,0.3596273446254392
Replogle_exp6,1,FDPS+RAD1,combo_seen1,trainMean,0.009630761385360374,0.32226920049242813,0.0014775378443048852,-0.34212999934006505,0.36539579170354436
Replogle_exp6,1,FDPS+RAD1,combo_seen1,baseControl,0.01801214759600243,-0.26754123611072456,0.0013350007908133324,-0.21265564695990524,
Replogle_exp6,1,FDPS+RAD9A,combo_seen1,WitnessCell_v14,0.0030669362212143786,0.6915718362588005,0.0009655813982973582,0.1851590042235539,0.6757512979860016
Replogle_exp6,1,FDPS+RAD9A,combo_seen1,WitnessCell_v13,0.003261268917258779,0.6720286595271636,0.0009687535619835819,0.18248205847728505,0.6735926411670621
Replogle_exp6,1,FDPS+RAD9A,combo_seen1,trainMean,0.0077178328599786334,0.2238518034384941,0.0010427857017073884,0.12000734370090327,0.6607113478095953
Replogle_exp6,1,FDPS+RAD9A,combo_seen1,baseControl,0.012098026101002819,-0.2166447901378059,0.001687934347760623,-0.4244248151008474,
Replogle_exp6,1,FDPS+RAD17,combo_seen1,WitnessCell_v14,0.0027157720844467295,0.5083135915571668,0.0009435721069594626,-0.10881219075902249,0.4946250401423398
Replogle_exp6,1,FDPS+RAD17,combo_seen1,WitnessCell_v13,0.0027470316844668326,0.5026540884820495,0.0009443831853661761,-0.10976530670892415,0.49107653102276455
Replogle_exp6,1,FDPS+RAD17,combo_seen1,trainMean,0.005169487500111615,0.06407214472203349,0.0010462326771578706,-0.22945086893389322,0.4501226898201713
Replogle_exp6,1,FDPS+RAD17,combo_seen1,baseControl,0.006363660948954793,-0.15213114327925426,0.0011193740004812487,-0.31540083539755104,
Replogle_exp6,1,FDPS+RRM1,combo_seen1,WitnessCell_v14,0.008053558111578029,0.33594579481798736,0.0010058146928109534,-0.24281767390907394,0.7648136007210399
Replogle_exp6,1,FDPS+RRM1,combo_seen1,WitnessCell_v13,0.008132030794793502,0.3294753485184523,0.0010074663189852814,-0.24485847746346345,0.7626042177986212
Replogle_exp6,1,FDPS+RRM1,combo_seen1,trainMean,0.01035440633989699,0.1462299052282351,0.0010488012671071802,-0.2959332971526065,0.7495380951279742
Replogle_exp6,1,FDPS+RRM1,combo_seen1,baseControl,0.01773364866913713,-0.46222375362651746,0.0011562768333088893,-0.42873363715914725,
Replogle_exp6,1,FDPS+RRM2B,combo_seen1,WitnessCell_v14,0.00607562694228081,0.4485821525375997,0.001417535515010377,-0.0862135292139683,0.4623232505376541
Replogle_exp6,1,FDPS+RRM2B,combo_seen1,WitnessCell_v13,0.0064119902783030805,0.4180541513162075,0.0014231765925630838,-0.09053611209969614,0.4580973036483633
Replogle_exp6,1,FDPS+RRM2B,combo_seen1,trainMean,0.012689686724037032,-0.15170332293540745,0.0015918861727403052,-0.2198130343044742,0.380129099360017
Replogle_exp6,1,FDPS+RRM2B,combo_seen1,baseControl,0.013833849191573412,-0.2555463684334143,0.0017863241913034244,-0.36880486140185087,
Replogle_exp6,1,FDPS+SQLE,combo_seen1,WitnessCell_v14,0.004278560017298989,0.9533778688007741,0.0008999023581884494,0.5568692704671545,0.9065661630921874
Replogle_exp6,1,FDPS+SQLE,combo_seen1,WitnessCell_v13,0.004461919507540443,0.9513798577465651,0.0009026131943836725,0.5555343980669405,0.9056211711931723
Replogle_exp6,1,FDPS+SQLE,combo_seen1,trainMean,0.012480548605031234,0.8640033627787206,0.0012258528671008173,0.396364427367618,0.891329826995963
Replogle_exp6,1,FDPS+SQLE,combo_seen1,baseControl,0.1183062609340149,-0.28914634752219515,0.0029947507958144348,-0.47467788348701956,
Replogle_exp6,1,FDPS+SREBF1,combo_seen1,WitnessCell_v14,0.0023395661117129856,0.8040873081966792,0.0009432862482222971,0.07562296839263927,0.7629014205223064
Replogle_exp6,1,FDPS+SREBF1,combo_seen1,WitnessCell_v13,0.0024476604661769347,0.795035605897799,0.0009448936466574125,0.07404779203778145,0.7610161165906122
Replogle_exp6,1,FDPS+SREBF1,combo_seen1,trainMean,0.006862885320894281,0.4253095349507098,0.0011395812137217467,-0.11673704731819012,0.7254016275193658
Replogle_exp6,1,FDPS+SREBF1,combo_seen1,baseControl,0.017407344704240216,-0.45767189098965555,0.0015297584169063272,-0.4990927167243109,
Replogle_exp6,1,FDPS+SREBF2,combo_seen1,WitnessCell_v14,0.0023501665916033677,0.9339063962069231,0.0005487772298651748,0.2953661019087024,0.6672418847580649
Replogle_exp6,1,FDPS+SREBF2,combo_seen1,WitnessCell_v13,0.0026550366921592036,0.9253325513967362,0.000550269301380814,0.29345027138389346,0.6627793513700542
Replogle_exp6,1,FDPS+SREBF2,combo_seen1,trainMean,0.016379404600068807,0.5393629192622981,0.0007360871486953666,0.05485882304636869,0.5556385285995169
Replogle_exp6,1,FDPS+SREBF2,combo_seen1,baseControl,0.04357317884998924,-0.2254060751290372,0.0008494940640713539,-0.09075646946772564,
Replogle_exp6,1,FDPS+XRCC5,combo_seen1,WitnessCell_v14,0.007128592180068733,0.8856874337261905,0.002263278275618814,0.29012243563725637,0.7605764144760324
Replogle_exp6,1,FDPS+XRCC5,combo_seen1,WitnessCell_v13,0.007131377068763506,0.8856427758518943,0.002263544181359114,0.29003903426266275,0.7600628344910272
Replogle_exp6,1,FDPS+XRCC5,combo_seen1,trainMean,0.009320372625993317,0.8505405153510706,0.0025964577391725248,0.18562064784073518,0.7589839038947205
Replogle_exp6,1,FDPS+XRCC5,combo_seen1,baseControl,0.07783121820904895,-0.2480846238573089,0.0041229641866588436,-0.29316832415579563,
Replogle_exp6,1,FDPS+XRCC6,combo_seen1,WitnessCell_v14,0.005559066209209628,0.9606253374403451,0.0018166209360292855,0.6671285400641158,0.8728952072093176
Replogle_exp6,1,FDPS+XRCC6,combo_seen1,WitnessCell_v13,0.00571359807869109,0.9595307938629606,0.0018220035844880686,0.6661422418137427,0.8723801555131668
Replogle_exp6,1,FDPS+XRCC6,combo_seen1,trainMean,0.00820477331319796,0.9418858908263366,0.0020508196658741997,0.6242147590036571,0.8696959550046823
Replogle_exp6,1,FDPS+XRCC6,combo_seen1,baseControl,0.17684543241732098,-0.25258972723015893,0.006918965215194088,-0.2678077229811946,
Replogle_exp6,1,HMGCR+SREBF1,combo_seen1,WitnessCell_v14,0.012254860959482647,0.34787672570668604,0.001500315222895563,-0.15143282924715296,0.684217172447693
Replogle_exp6,1,HMGCR+SREBF1,combo_seen1,WitnessCell_v13,0.012432086778932039,0.3384459306898546,0.0015022669019491971,-0.15293066603519234,0.6842918137821001
Replogle_exp6,1,HMGCR+SREBF1,combo_seen1,trainMean,0.01196864030517815,0.36310751052526025,0.0012699762133497345,0.025343286465033033,0.7001992998293457
Replogle_exp6,1,HMGCR+SREBF1,combo_seen1,baseControl,0.024298102299726124,-0.2929855412639648,0.0017563199801339557,-0.3479063952213963,
Replogle_exp6,1,HMGCR+SREBF2,combo_seen1,WitnessCell_v14,0.008778780858119149,-0.00041797386762731925,0.0009727641347613759,-0.3618974568771671,0.4741267488270424
Replogle_exp6,1,HMGCR+SREBF2,combo_seen1,WitnessCell_v13,0.009306147445370748,-0.06051595572074375,0.0009770273436002389,-0.3678660705095025,0.4745874498426771
Replogle_exp6,1,HMGCR+SREBF2,combo_seen1,trainMean,0.004200735697253898,0.5212898507298493,0.0007423553609081736,-0.039318619994126,0.47004744826625344
Replogle_exp6,1,HMGCR+SREBF2,combo_seen1,baseControl,0.00942219926658694,-0.07374106404969538,0.0005566028520062583,0.22074017580443417,
Replogle_exp6,1,HUS1+IDI1,combo_seen1,WitnessCell_v14,0.0042726916559946235,0.18221561927603347,0.0019965233142719154,-1.3172672568051218,0.5252422304818721
Replogle_exp6,1,HUS1+IDI1,combo_seen1,WitnessCell_v13,0.004459247893080779,0.14650913982492475,0.0020197117128323,-1.3441809003061103,0.5235773322597251
Replogle_exp6,1,HUS1+IDI1,combo_seen1,trainMean,0.005248482542366985,-0.004548746134826587,0.0025799393272608593,-1.9944097746665217,0.5342555215780523
Replogle_exp6,1,HUS1+IDI1,combo_seen1,baseControl,0.005847457891068858,-0.11919139391865241,0.0011413455869134696,-0.3247041686653702,
Replogle_exp6,1,HUS1+MVD,combo_seen1,WitnessCell_v14,0.006891635117213889,0.6507188833789708,0.002129269167208278,0.02262832539795767,0.7649361111032104
Replogle_exp6,1,HUS1+MVD,combo_seen1,WitnessCell_v13,0.006968851759418998,0.6468053977471269,0.0021508852357809685,0.012706173016019506,0.7634437048708685
Replogle_exp6,1,HUS1+MVD,combo_seen1,trainMean,0.009195367073446179,0.5339613858645548,0.0026092396662963048,-0.19768650265560406,0.773683581752408
Replogle_exp6,1,HUS1+MVD,combo_seen1,baseControl,0.027631884108659754,-0.40043620587349404,0.0030685309166647453,-0.4085091949745969,
Replogle_exp6,1,HUS1+PMVK,combo_seen1,WitnessCell_v14,0.011928467557973079,-0.30196426657059194,0.0010339572064532376,-0.8350427879302957,0.3131044154709785
Replogle_exp6,1,HUS1+PMVK,combo_seen1,WitnessCell_v13,0.014073357964115626,-0.5360740255095018,0.0010693534099152227,-0.8978631324064834,0.31524973103050646
Replogle_exp6,1,HUS1+PMVK,combo_seen1,trainMean,0.0171203592588985,-0.8686470728620932,0.0014594755977382179,-1.5902427615711,0.2646330402285744
Replogle_exp6,1,HUS1+PMVK,combo_seen1,baseControl,0.005907721993226476,0.35518599563336917,0.00040746172396306085,0.276846572324871,
Replogle_exp6,1,HUS1+RRM1,combo_seen1,WitnessCell_v14,0.004729018201850415,0.33195207655470593,0.000759016875220162,0.0316875273303,0.7549875324185734
Replogle_exp6,1,HUS1+RRM1,combo_seen1,WitnessCell_v13,0.004982821746366834,0.2960983488589858,0.0007803682027325312,0.0044486642519450115,0.750915815254702
Replogle_exp6,1,HUS1+RRM1,combo_seen1,trainMean,0.007719635763432221,-0.09051951618562337,0.001055812234984543,-0.34694786019910095,0.7546915794715247
Replogle_exp6,1,HUS1+RRM1,combo_seen1,baseControl,0.01143301168279548,-0.6150920523902226,0.0010167951710879214,-0.297172010871521,
Replogle_exp6,1,HUS1+SQLE,combo_seen1,WitnessCell_v14,0.00409746210982909,0.9528517699031376,0.0009927976510337797,0.5093183484319017,0.8852671662375188
Replogle_exp6,1,HUS1+SQLE,combo_seen1,WitnessCell_v13,0.004118217436383281,0.9526129447753189,0.0010156893960521832,0.49800430146451635,0.883045436961293
Replogle_exp6,1,HUS1+SQLE,combo_seen1,trainMean,0.00735580148832739,0.9153590657283788,0.0012998653863170373,0.3575527763284905,0.8834995910799238
Replogle_exp6,1,HUS1+SQLE,combo_seen1,baseControl,0.11170232281747623,-0.2853241048694035,0.0029440130097871066,-0.45505296509928406,
Replogle_exp6,1,HUS1+SREBF1,combo_seen1,WitnessCell_v14,0.004550312391507216,0.6657462658791721,0.0011330362665142408,0.301755045788096,0.7322147058976289
Replogle_exp6,1,HUS1+SREBF1,combo_seen1,WitnessCell_v13,0.004635569900677374,0.6594834781076876,0.0011550839414515256,0.28816794515236377,0.7276013228578657
Replogle_exp6,1,HUS1+SREBF1,combo_seen1,trainMean,0.003715007666648733,0.7271055088036424,0.0012071985054824697,0.25605182279071237,0.7457398266488411
Replogle_exp6,1,HUS1+SREBF1,combo_seen1,baseControl,0.022420652393064053,-0.6469609422408049,0.0024196000340313308,-0.49110276952648024,
Replogle_exp6,1,HUS1+SREBF2,combo_seen1,WitnessCell_v14,0.001455025313965256,0.8969289399181801,0.00041622058328075087,0.34385446639191397,0.6011128719314469
Replogle_exp6,1,HUS1+SREBF2,combo_seen1,WitnessCell_v13,0.001954995973219004,0.861512026298545,0.00043810539777197404,0.3093544347762943,0.5916332162231923
Replogle_exp6,1,HUS1+SREBF2,combo_seen1,trainMean,0.00277169768006381,0.8036585237600069,0.000633532073228479,0.0012765900000075714,0.5300011359200626
Replogle_exp6,1,HUS1+SREBF2,combo_seen1,baseControl,0.017909805832338824,-0.26869454110597113,0.0004378286512620315,0.30979070821815313,
Replogle_exp6,1,CHEK1,unseen_single,WitnessCell_v14,0.004695990043489995,0.37267348160230307,0.0012421589688622497,0.11747007997134762,0.22006144282801157
Replogle_exp6,1,CHEK1,unseen_single,WitnessCell_v13,0.004875671221168526,0.3486702859884343,0.0012444368130328299,0.1158517157489799,0.2284824484696397
Replogle_exp6,1,CHEK1,unseen_single,trainMean,0.006936567153820568,0.07335993434004184,0.0012129699821749147,0.13820829040385452,0.2296064121828752
Replogle_exp6,1,CHEK1,unseen_single,baseControl,0.006308323216326407,0.15728559822832622,0.0012427529268927756,0.1170480842797168,
Replogle_exp6,1,FDPS,unseen_single,WitnessCell_v14,0.005223178443827208,0.7781647931996154,0.0006375579242159789,0.11710172408893349,0.734791452030815
Replogle_exp6,1,FDPS,unseen_single,WitnessCell_v13,0.0061308819724375735,0.7396134394313578,0.0006421907582056847,0.1106861169939023,0.7352977938812942
Replogle_exp6,1,FDPS,unseen_single,trainMean,0.024250127749647157,-0.029934581430258733,0.0008687256729251731,-0.2030222976343854,0.5985362272662277
Replogle_exp6,1,FDPS,unseen_single,baseControl,0.028746512757902513,-0.22090192227216998,0.001264261442768826,-0.750765233596729,
Replogle_exp6,1,HMGCR,unseen_single,WitnessCell_v14,0.012755427243233277,-0.17703011251585044,0.0009158393865064447,-0.3394220509613639,0.1760805735098612
Replogle_exp6,1,HMGCR,unseen_single,WitnessCell_v13,0.013097446080664979,-0.2085905191590962,0.0009183372682544699,-0.34307522196852225,0.17815717438074347
Replogle_exp6,1,HMGCR,unseen_single,trainMean,0.010604951320268424,0.021408941645406854,0.0005430464293909436,0.20579047708716902,0.16326615015487356
Replogle_exp6,1,HMGCR,unseen_single,baseControl,0.008060408705597091,0.2562112123131196,0.00047094270413174517,0.3112427223078442,
Replogle_exp6,1,HSPE1,unseen_single,WitnessCell_v14,0.10990442053739954,0.31277412466512344,0.007717327450843774,0.10161575799959865,0.5389129381050661
Replogle_exp6,1,HSPE1,unseen_single,WitnessCell_v13,0.1320124167082633,0.1745341253445153,0.007939601825591388,0.07574050559574796,0.5687604024031911
Replogle_exp6,1,HSPE1,unseen_single,trainMean,0.16529798249155658,-0.033598559124316196,0.008825702167666632,-0.027411601039888822,0.47590662831672753
Replogle_exp6,1,HSPE1,unseen_single,baseControl,0.18572555137076263,-0.16133094545902882,0.009887012676632287,-0.15096015372180505,
Replogle_exp6,1,HUS1,unseen_single,WitnessCell_v14,0.0015223842850180516,0.5201425053998867,0.0001860298959539646,0.49489451868110945,0.43903762854760486
Replogle_exp6,1,HUS1,unseen_single,WitnessCell_v13,0.002374362825772778,0.2515977680146241,0.00020882151325568314,0.43301107372090086,0.41431451481494297
Replogle_exp6,1,HUS1,unseen_single,trainMean,0.0018376527147929917,0.4207694887922432,0.0002057059295295196,0.44147045821672715,0.41193190363653187
Replogle_exp6,1,HUS1,unseen_single,baseControl,0.0007613080802394784,0.7600347089774339,0.00017851727770529645,0.5152926629524885,
Replogle_exp6,1,MTOR,unseen_single,WitnessCell_v14,0.07940457284677659,-0.10676994274297602,0.005940069704644994,-0.11119239151855509,0.31914878441889555
Replogle_exp6,1,MTOR,unseen_single,WitnessCell_v13,0.07963456517338754,-0.1099756598072279,0.005953244841921624,-0.11365702796676969,0.31013750116939354
Replogle_exp6,1,MTOR,unseen_single,trainMean,0.0756769000988132,-0.05481227826703838,0.005820193520613028,-0.08876748571038995,0.41930140692792683
Replogle_exp6,1,MTOR,unseen_single,baseControl,0.08320024684340613,-0.1596754334636057,0.006471267586943203,-0.21056210846631518,
Replogle_exp6,1,TOPBP1,unseen_single,WitnessCell_v14,0.001670607311931706,0.5396760721493847,0.0003492751321015984,0.3150204947302855,0.26370989879596574
Replogle_exp6,1,TOPBP1,unseen_single,WitnessCell_v13,0.002340243256308993,0.3551626643939245,0.0003562000380156812,0.3014397436515399,0.2709088685574498
Replogle_exp6,1,TOPBP1,unseen_single,trainMean,0.0027380713724372923,0.24554396482422203,0.0003586211899520253,0.29669151137527994,0.2528227850791768
Replogle_exp6,1,TOPBP1,unseen_single,baseControl,0.001954261553093729,0.4615171693895208,0.00029708716598172047,0.4173687123051576,
Replogle_exp6,1,CHEK1+FDPS,combo_seen0,WitnessCell_v14,0.009380654527224096,0.14310850405642994,0.002260293034615553,-0.029499099330484668,0.4032885733588623
Replogle_exp6,1,CHEK1+FDPS,combo_seen0,WitnessCell_v13,0.009597424859913065,0.12330725734011971,0.0022672489186319053,-0.03266730638161164,0.4016013005226883
Replogle_exp6,1,CHEK1+FDPS,combo_seen0,trainMean,0.011748001996619805,-0.07314078948503044,0.002619021272345977,-0.19288959427606533,0.3823400960023723
Replogle_exp6,1,CHEK1+FDPS,combo_seen0,baseControl,0.013458501840028588,-0.22938924372413205,0.002582010856191963,-0.176032403853017,
Replogle_exp6,1,FDPS+HMGCR,combo_seen0,WitnessCell_v14,0.01736992462906188,0.42336961045755495,0.0016068658870386548,-1.2014131485152015,0.28522554216291374
Replogle_exp6,1,FDPS+HMGCR,combo_seen0,WitnessCell_v13,0.0185769973185657,0.38329834877861335,0.0016135649504260055,-1.210590894052403,0.27748387014856657
Replogle_exp6,1,FDPS+HMGCR,combo_seen0,trainMean,0.035406396757377966,-0.17538819485389312,0.0016999522462911242,-1.3289418594416946,0.15702984816447055
Replogle_exp6,1,FDPS+HMGCR,combo_seen0,baseControl,0.029415245235384708,0.023500407699666992,0.0005040904805401628,0.3093938823061433,
Replogle_exp6,1,FDPS+HUS1,combo_seen0,WitnessCell_v14,0.0070296182446397465,0.6610648810705855,0.0008414492285212048,-0.05696534134782105,0.6271599651806469
Replogle_exp6,1,FDPS+HUS1,combo_seen0,WitnessCell_v13,0.008141376232465851,0.6074611414774862,0.000868328441787508,-0.09072899084941777,0.6148538940110662
Replogle_exp6,1,FDPS+HUS1,combo_seen0,trainMean,0.017276092327503642,0.16702810823006875,0.0009523672381988081,-0.19629221691765752,0.6605548489010086
Replogle_exp6,1,FDPS+HUS1,combo_seen0,baseControl,0.02962591679876516,-0.42842232453221984,0.001383808123748254,-0.7382358629622323,
Replogle_exp6,1,FDPS+TOPBP1,combo_seen0,WitnessCell_v14,0.004000426105943894,0.48543297469848534,0.0011307371327215344,0.013468711315628767,0.44994333725121327
Replogle_exp6,1,FDPS+TOPBP1,combo_seen0,WitnessCell_v13,0.004462465240624009,0.42600177991851407,0.00113789153774382,0.0072267261520059245,0.4468736747683961
Replogle_exp6,1,FDPS+TOPBP1,combo_seen0,trainMean,0.0087912642234899,-0.1308032095379672,0.001771999907714842,-0.546012156069364,0.3409373891530964
Replogle_exp6,1,FDPS+TOPBP1,combo_seen0,baseControl,0.008019480492052249,-0.03153017003052394,0.0012616716030264858,-0.10076734584139735,
Replogle_exp6,1,HMGCR+HUS1,combo_seen0,WitnessCell_v14,0.01886358763169616,-0.36495019488730107,0.0011997126106706231,-1.154786121243462,0.27368709142745345
Replogle_exp6,1,HMGCR+HUS1,combo_seen0,WitnessCell_v13,0.02006643646543497,-0.4519871245577214,0.0012243915914188384,-1.1991116744882202,0.2746228312499619
Replogle_exp6,1,HMGCR+HUS1,combo_seen0,trainMean,0.02109120790293465,-0.5261385532594292,0.0014513495023217942,-1.6067474300603228,0.2742462390140229
Replogle_exp6,1,HMGCR+HUS1,combo_seen0,baseControl,0.010688439045707838,0.2265953198655598,0.00040694929994167223,0.2690843659016895,
Replogle_exp6,2,AHCYL1+FDPS,combo_seen1,WitnessCell_v14,0.004693480946843373,0.571943147048634,0.001133416076141045,-0.0020713503188045657,0.3877375850037741
Replogle_exp6,2,AHCYL1+FDPS,combo_seen1,WitnessCell_v13,0.004382250045820108,0.600328160547589,0.0011267583257983866,0.003814873651714734,0.39358014223611604
Replogle_exp6,2,AHCYL1+FDPS,combo_seen1,trainMean,0.00758457281573873,0.3082685522204711,0.0012530595511292654,-0.10785006747488657,0.35217233606731546
Replogle_exp6,2,AHCYL1+FDPS,combo_seen1,baseControl,0.010987064741242506,-0.002046968886124656,0.0012077512132164451,-0.06779223848451088,
Replogle_exp6,2,ATM+FDPS,combo_seen1,WitnessCell_v14,0.007848797629706316,0.30301578653759853,0.001730782759142853,-0.0027423555420091894,0.3977681485946753
Replogle_exp6,2,ATM+FDPS,combo_seen1,WitnessCell_v13,0.007468027653960774,0.33682869324965936,0.0017218477627719791,0.0024342035959650232,0.40279564847788873
Replogle_exp6,2,ATM+FDPS,combo_seen1,trainMean,0.011128698940284978,0.011755960123459142,0.0018723950785774395,-0.08478654624906778,0.3537462347269058
Replogle_exp6,2,ATM+FDPS,combo_seen1,baseControl,0.012983623501282949,-0.15296393675425324,0.00204325063053524,-0.18377302951658114,
Replogle_exp6,2,ATR+FDPS,combo_seen1,WitnessCell_v14,0.003041580225354772,0.7473580452067757,0.0009237808427805838,0.14629928605977227,0.7440027798111707
Replogle_exp6,2,ATR+FDPS,combo_seen1,WitnessCell_v13,0.0027055021514724143,0.7752736072692155,0.0009193629655227422,0.15038201303835663,0.746170743352881
Replogle_exp6,2,ATR+FDPS,combo_seen1,trainMean,0.006831182547060617,0.4325833335408906,0.00119299526429725,-0.1024919133333635,0.7455843516804896
Replogle_exp6,2,ATR+FDPS,combo_seen1,baseControl,0.01606357419805245,-0.3342843146241865,0.0014310156344778738,-0.3224555135135627,
Replogle_exp6,2,CHEK1+FDPS,combo_seen1,WitnessCell_v14,0.008212495922549436,0.23439472842820075,0.0021748019548094855,-0.030754149287271604,0.4274398773376854
Replogle_exp6,2,CHEK1+FDPS,combo_seen1,WitnessCell_v13,0.008100717879053913,0.24481517309608536,0.0021699579817083745,-0.028458333173089656,0.42970165760425477
Replogle_exp6,2,CHEK1+FDPS,combo_seen1,trainMean,0.00885511048290654,0.17448735073960842,0.002208601604777079,-0.04677359849344365,0.4387648961174971
Replogle_exp6,2,CHEK1+FDPS,combo_seen1,baseControl,0.013458501840028588,-0.2546611959821794,0.002582010856191963,-0.22375207436200273,
Replogle_exp6,2,ETAA1+FDPS,combo_seen1,WitnessCell_v14,0.006452523472047775,0.47658511092986344,0.0011925353723993464,-0.2662954587936135,0.3335099550742495
Replogle_exp6,2,ETAA1+FDPS,combo_seen1,WitnessCell_v13,0.0058189573016454,0.5279786421950052,0.0011854637481184664,-0.25878644403361006,0.3405186210896016
Replogle_exp6,2,ETAA1+FDPS,combo_seen1,trainMean,0.012044967729271458,0.022938006319379478,0.0012887416101919865,-0.3684521954775153,0.30192017758071
Replogle_exp6,2,ETAA1+FDPS,combo_seen1,baseControl,0.01364727114346289,-0.10703741607603057,0.0012737750318191556,-0.3525599119731164,
Replogle_exp6,2,FDPS+HMGCR,combo_seen1,WitnessCell_v14,0.016718858927632092,0.4393844997827334,0.0009504050260637281,-0.4702135651630437,0.26434007992987
Replogle_exp6,2,FDPS+HMGCR,combo_seen1,WitnessCell_v13,0.01552142370557321,0.47953680616309413,0.0009440579322504324,-0.4603950318348706,0.28096695351117706
Replogle_exp6,2,FDPS+HMGCR,combo_seen1,trainMean,0.033710112380020765,-0.13036491282735052,0.0012563454645956613,-0.9434831402667194,0.19450770295966835
Replogle_exp6,2,FDPS+HMGCR,combo_seen1,baseControl,0.029415245235384708,0.013650244132758171,0.0005040904805401628,0.22020544690384491,
Replogle_exp6,2,FDPS+HUS1,combo_seen1,WitnessCell_v14,0.011836040767324084,0.4397521696621264,0.0007313608384100196,0.025017878190641607,0.694966655614599
Replogle_exp6,2,FDPS+HUS1,combo_seen1,WitnessCell_v13,0.010591569292836984,0.4986580535809766,0.0007241476535297106,0.03463382415090932,0.6985965530377174
Replogle_exp6,2,FDPS+HUS1,combo_seen1,trainMean,0.022113056219670725,-0.04670066728832589,0.0007468811359663683,0.00432766366466486,0.6734226450883075
Replogle_exp6,2,FDPS+HUS1,combo_seen1,baseControl,0.02962591679876516,-0.40231483944364776,0.001383808123748254,-0.844764047801956,
Replogle_exp6,2,FDPS+IDI1,combo_seen1,WitnessCell_v14,0.0030735595732090037,0.7852178388120054,0.0012728516051764356,-0.11487189458694447,0.7080256942652803
Replogle_exp6,2,FDPS+IDI1,combo_seen1,WitnessCell_v13,0.0027887145185522422,0.8051229797359588,0.0012673595124631002,-0.11006145181131988,0.7101104098107653
Replogle_exp6,2,FDPS+IDI1,combo_seen1,trainMean,0.00923921208426639,0.35435839395131485,0.0016042712918506999,-0.4051574962103417,0.7277775510388453
Replogle_exp6,2,FDPS+IDI1,combo_seen1,baseControl,0.02010114633706106,-0.40467999718075887,0.0016732341702102313,-0.46556106135508024,
Replogle_exp6,2,FDPS+LIG4,combo_seen1,WitnessCell_v14,0.008615163834665861,0.4267834955038674,0.0014472001054072654,-0.09410495434450428,0.3631799638544047
Replogle_exp6,2,FDPS+LIG4,combo_seen1,WitnessCell_v13,0.007878527354678016,0.47579616621407494,0.001438498922680759,-0.08752672988600851,0.36947792961350745
Replogle_exp6,2,FDPS+LIG4,combo_seen1,trainMean,0.014939235002403278,0.006006591138030037,0.0015850197474640954,-0.19829866785859296,0.31473556629439914
Replogle_exp6,2,FDPS+LIG4,combo_seen1,baseControl,0.016389431537120545,-0.09048334270607516,0.0016090093886715663,-0.2164351959033135,
Replogle_exp6,2,FDPS+MVD,combo_seen1,WitnessCell_v14,0.030915804844358213,0.20143695723547206,0.002601375964812221,0.13549153454573104,0.5747305971762107
Replogle_exp6,2,FDPS+MVD,combo_seen1,WitnessCell_v13,0.030827324060841012,0.203722438207661,0.002599090229804057,0.13625114687823192,0.5733367561590428
Replogle_exp6,2,FDPS+MVD,combo_seen1,trainMean,0.032948154977190114,0.14894084030732735,0.00285109068530381,0.052504495096741266,0.4875381688414725
Replogle_exp6,2,FDPS+MVD,combo_seen1,baseControl,0.050302916995337274,-0.29933704323594856,0.0037746298676588977,-0.25441286407180175,
Replogle_exp6,2,FDPS+NHEJ1,combo_seen1,WitnessCell_v14,0.004947141129234325,0.26550916475822506,0.001346681678963351,-0.1487936941272776,0.3506990835433364
Replogle_exp6,2,FDPS+NHEJ1,combo_seen1,WitnessCell_v13,0.0046945387331214904,0.3030124702145027,0.001339148003427411,-0.14236705367877067,0.35656791408677374
Replogle_exp6,2,FDPS+NHEJ1,combo_seen1,trainMean,0.007538093113033214,-0.11916360622987754,0.0014906956015270307,-0.27164550735981763,0.3077225810446461
Replogle_exp6,2,FDPS+NHEJ1,combo_seen1,baseControl,0.007188141076200704,-0.06720702017075864,0.001440977024105671,-0.2292328205943721,
Replogle_exp6,2,FDPS+PRKDC,combo_seen1,WitnessCell_v14,0.02673780279235558,0.779013769990078,0.0012834702187630067,0.08309857453122449,0.4717817247145244
Replogle_exp6,2,FDPS+PRKDC,combo_seen1,WitnessCell_v13,0.026353667929875785,0.7821886200603709,0.0012756124774383419,0.08871208555487253,0.4764308352456369
Replogle_exp6,2,FDPS+PRKDC,combo_seen1,trainMean,0.008895931875559341,0.9264756920053654,0.00143045606271759,-0.021907001660157466,0.4855938182570794
Replogle_exp6,2,FDPS+PRKDC,combo_seen1,baseControl,0.1575133590204967,-0.3018378382269573,0.0015490825774896924,-0.10665288738687373,
Replogle_exp6,2,FDPS+RAD1,combo_seen1,WitnessCell_v14,0.005924211856989157,0.5974652182608471,0.0013494103996411118,-0.2849869577081101,0.35420683954612076
Replogle_exp6,2,FDPS+RAD1,combo_seen1,WitnessCell_v13,0.005457335349070254,0.6291882622287222,0.0013412951861757403,-0.2772591801062829,0.3601558924558534
Replogle_exp6,2,FDPS+RAD1,combo_seen1,trainMean,0.009841139169336249,0.33132019866577067,0.0014489857498617773,-0.37980838962889796,0.35524597630113036
Replogle_exp6,2,FDPS+RAD1,combo_seen1,baseControl,0.01801214759600243,-0.22387856414290264,0.0013350007908133324,-0.2712652912571205,
Replogle_exp6,2,FDPS+RAD9A,combo_seen1,WitnessCell_v14,0.0042374007014434455,0.5667642624051938,0.0008902137094113299,0.19846813422236087,0.6847345553967031
Replogle_exp6,2,FDPS+RAD9A,combo_seen1,WitnessCell_v13,0.0038396894347783495,0.6074266274028499,0.0008837217229191088,0.2043133981075398,0.6875974314020625
Replogle_exp6,2,FDPS+RAD9A,combo_seen1,trainMean,0.007773520874085511,0.2052280898415273,0.0009874675369721541,0.11090259682978187,0.6690424957384276
Replogle_exp6,2,FDPS+RAD9A,combo_seen1,baseControl,0.012098026101002819,-0.23691329439855857,0.001687934347760623,-0.5197846907630599,
Replogle_exp6,2,FDPS+RRM1,combo_seen1,WitnessCell_v14,0.002177735019858738,0.8142806499799734,0.0006737230055534241,0.09399327876124486,0.7479761333272548
Replogle_exp6,2,FDPS+RRM1,combo_seen1,WitnessCell_v13,0.0019359780040408166,0.8348979222518764,0.0006686347098715252,0.10083589813070493,0.7508527921497816
Replogle_exp6,2,FDPS+RRM1,combo_seen1,trainMean,0.010301314429042363,0.12149393628350236,0.0009659042815947301,-0.2989251724887443,0.7568879273539082
Replogle_exp6,2,FDPS+RRM1,combo_seen1,baseControl,0.01773364866913713,-0.5123427204331283,0.0011562768333088893,-0.5549336655499533,
Replogle_exp6,2,FDPS+RRM2B,combo_seen1,WitnessCell_v14,0.008284239906899039,0.25435560570048854,0.0014787323297960797,-0.15583463126054053,0.4106306944920883
Replogle_exp6,2,FDPS+RRM2B,combo_seen1,WitnessCell_v13,0.007771901033429883,0.3004699883447982,0.0014701400041499974,-0.14911853576124257,0.41632828229367397
Replogle_exp6,2,FDPS+RRM2B,combo_seen1,trainMean,0.012971504767773721,-0.1675337658515903,0.0015992621949737016,-0.25004545594215877,0.3605525503359754
Replogle_exp6,2,FDPS+RRM2B,combo_seen1,baseControl,0.013833849191573412,-0.24515130141163577,0.0017863241913034244,-0.3962603788149426,
Replogle_exp6,2,FDPS+SQLE,combo_seen1,WitnessCell_v14,0.006166342823996322,0.9298499016072707,0.0006121639590748311,0.7001166977299882,0.9043344726912692
Replogle_exp6,2,FDPS+SQLE,combo_seen1,WitnessCell_v13,0.005740442637797625,0.9346950652350622,0.0006058673357651821,0.7032012507541512,0.905523931179683
Replogle_exp6,2,FDPS+SQLE,combo_seen1,trainMean,0.010898714782298265,0.8760130702825527,0.0010837105059773673,0.4691182314483957,0.8930795968168074
Replogle_exp6,2,FDPS+SQLE,combo_seen1,baseControl,0.1183062609340149,-0.345886221684065,0.0029947507958144348,-0.4670510160086008,
Replogle_exp6,2,FDPS+SREBF1,combo_seen1,WitnessCell_v14,0.0028862760754452964,0.758814231697042,0.0007323227791360532,0.2420683380962616,0.7658504652185402
Replogle_exp6,2,FDPS+SREBF1,combo_seen1,WitnessCell_v13,0.0025390150568923636,0.7878323898260889,0.0007271588941157235,0.24741280103916719,0.7681260981900792
Replogle_exp6,2,FDPS+SREBF1,combo_seen1,trainMean,0.006832143689453669,0.42908585948665257,0.0010269094397918766,-0.0628198391484065,0.7345519256383023
Replogle_exp6,2,FDPS+SREBF1,combo_seen1,baseControl,0.017407344704240216,-0.4546092254736489,0.0015297584169063272,-0.5832531395580662,
Replogle_exp6,2,FDPS+TOPBP1,combo_seen1,WitnessCell_v14,0.004287974598027015,0.426700896278951,0.0010466603110509075,0.02846682587575089,0.4335375819185375
Replogle_exp6,2,FDPS+TOPBP1,combo_seen1,WitnessCell_v13,0.004080805684158511,0.45439923028828144,0.0010406904176775002,0.03400821250999353,0.4388380721620878
Replogle_exp6,2,FDPS+TOPBP1,combo_seen1,trainMean,0.006470949147367902,0.1348387772358881,0.0011809277270183934,-0.09616314952226324,0.3772832615105624
Replogle_exp6,2,FDPS+TOPBP1,combo_seen1,baseControl,0.008019480492052249,-0.07219874402180992,0.0012616716030264858,-0.17111139521476781,
Replogle_exp6,2,FDPS+XRCC6,combo_seen1,WitnessCell_v14,0.026485932461667423,0.8222204084669589,0.001919458475855832,0.6686257009744683,0.8524440974598673
Replogle_exp6,2,FDPS+XRCC6,combo_seen1,WitnessCell_v13,0.026247060274198673,0.8238237728181388,0.0019111380885076478,0.6700621282584167,0.8531407091900808
Replogle_exp6,2,FDPS+XRCC6,combo_seen1,trainMean,0.007924592281032266,0.9468083375646004,0.001997928817067063,0.655078622649905,0.865941904097557
Replogle_exp6,2,FDPS+XRCC6,combo_seen1,baseControl,0.17684543241732098,-0.18702668992821558,0.006918965215194088,-0.1944865059634584,
Replogle_exp6,2,HMGCR+SREBF2,combo_seen1,WitnessCell_v14,0.008192651735926594,0.08436774728651053,0.0009684368494423078,-0.4907721700939618,0.301234326832462
Replogle_exp6,2,HMGCR+SREBF2,combo_seen1,WitnessCell_v13,0.008651145363222874,0.033125296569960994,0.0009735076458260376,-0.49857794713913606,0.31082661766085373
Replogle_exp6,2,HMGCR+SREBF2,combo_seen1,trainMean,0.012904550249185897,-0.44224639295986456,0.0012282251902696849,-0.8906797416030015,0.2388180063890211
Replogle_exp6,2,HMGCR+SREBF2,combo_seen1,baseControl,0.00942219926658694,-0.053049710650813875,0.0005566028520062583,0.14318828115256532,
Replogle_exp6,2,HUS1+PMVK,combo_seen1,WitnessCell_v14,0.006016877394369736,0.24603566250701947,0.00046192021313948094,0.013742930214834082,0.4690714602190465
Replogle_exp6,2,HUS1+PMVK,combo_seen1,WitnessCell_v13,0.006813681215656614,0.14618957526738308,0.00046848681101914583,-0.0002775724586441264,0.47055640237938345
Replogle_exp6,2,HUS1+PMVK,combo_seen1,trainMean,0.005932218022170518,0.25664417973100073,0.0004973785548005828,-0.06196503655379004,0.5043197533114677
Replogle_exp6,2,HUS1+PMVK,combo_seen1,baseControl,0.005907721993226476,0.2597137340900916,0.00040746172396306085,0.1300185735667846,
Replogle_exp6,2,HUS1+SREBF2,combo_seen1,WitnessCell_v14,0.01746930571698071,-0.20420618965168758,0.0005893563608968611,-0.01715152057395697,0.33376601548097623
Replogle_exp6,2,HUS1+SREBF2,combo_seen1,WitnessCell_v13,0.01778535821193339,-0.22599253748043568,0.000592756579968586,-0.023019851228480492,0.33963716705128644
Replogle_exp6,2,HUS1+SREBF2,combo_seen1,trainMean,0.01883623500179683,-0.29843229870602195,0.000715103184667896,-0.2341739903262381,0.3154212806772447
Replogle_exp6,2,HUS1+SREBF2,combo_seen1,baseControl,0.017909805832338824,-0.23457104639243953,0.0004378286512620315,0.24436536545678278,
Replogle_exp6,2,ETAA1+TOPBP1,combo_seen2,WitnessCell_v14,0.002570974582199063,0.3648507193307001,0.0010233850781437527,-0.23364454076814867,0.2451799145221325
Replogle_exp6,2,ETAA1+TOPBP1,combo_seen2,WitnessCell_v13,0.002570974582199063,0.3648507193307001,0.0010233850781437527,-0.23364454076814867,0.2451799145221325
Replogle_exp6,2,ETAA1+TOPBP1,combo_seen2,trainMean,0.002566726181512478,0.3659002702125962,0.0010371294755183742,-0.25021279171246036,0.2486505483767824
Replogle_exp6,2,ETAA1+TOPBP1,combo_seen2,baseControl,0.0038065666699096407,0.05960249511885585,0.0009043698580696757,-0.09017706244706947,
Replogle_exp6,2,HUS1+RRM1,combo_seen2,WitnessCell_v14,0.0014067461706366415,0.7899540208567986,0.0005883456486273136,0.1750637684060815,0.7536246618229357
Replogle_exp6,2,HUS1+RRM1,combo_seen2,WitnessCell_v13,0.0014067461706366415,0.7899540208567986,0.0005883456486273136,0.1750637684060815,0.7536246618229357
Replogle_exp6,2,HUS1+RRM1,combo_seen2,trainMean,0.006274240542512587,0.06317214459833653,0.0007900974982278721,-0.10781826006629003,0.7734935323840592
Replogle_exp6,2,HUS1+RRM1,combo_seen2,baseControl,0.01143301168279548,-0.7071012408596968,0.0010167951710879214,-0.42567753955038445,
Replogle_exp6,2,FDPS,unseen_single,WitnessCell_v14,0.009285490105128077,0.6122098254409227,0.000677037718883868,0.02500580260400609,0.7663662106838586
Replogle_exp6,2,FDPS,unseen_single,WitnessCell_v13,0.007502779775990525,0.6866612051632197,0.0006679389319492484,0.03810886055360074,0.7653982480406265
Replogle_exp6,2,FDPS,unseen_single,trainMean,0.026842263184320043,-0.12101416381452168,0.0009485704461335896,-0.36602534099022366,0.5564776716453674
Replogle_exp6,2,FDPS,unseen_single,baseControl,0.028746512757902513,-0.20054139029185847,0.001264261442768826,-0.820648298182229,
Replogle_exp6,2,HSPE1,unseen_single,WitnessCell_v14,0.12698401853749458,0.20942895918027282,0.008416227232721273,0.02920634216579765,0.4686632918472638
Replogle_exp6,2,HSPE1,unseen_single,WitnessCell_v13,0.1419703117646989,0.11612801020170316,0.008566899818835218,0.011826584352200631,0.4771199036310551
Replogle_exp6,2,HSPE1,unseen_single,trainMean,0.17411029926002486,-0.08396758969152596,0.009294376707503643,-0.07208630561760998,0.3340410278097114
Replogle_exp6,2,HSPE1,unseen_single,baseControl,0.18572555137076263,-0.15628127180939066,0.009887012676632287,-0.14044558636489213,
Replogle_exp6,2,MTOR,unseen_single,WitnessCell_v14,0.07864674463028076,-0.06902248380562015,0.0059332357464435305,-0.07123755760880379,0.3662332048017153
Replogle_exp6,2,MTOR,unseen_single,WitnessCell_v13,0.07884433435086818,-0.07170826380668438,0.005944554696651786,-0.07328117850875793,0.34727363296137753
Replogle_exp6,2,MTOR,unseen_single,trainMean,0.07760380155619506,-0.054846059838318695,0.005992496713341061,-0.08193704371617772,0.3707841699033243
Replogle_exp6,2,MTOR,unseen_single,baseControl,0.08320024684340613,-0.1309169241765884,0.006471267586943203,-0.1683784667793382,
Replogle_exp6,2,PMVK,unseen_single,WitnessCell_v14,0.004494280731410652,0.10498199117681506,0.0006442259064625257,0.0528782869028247,0.19308399664263803
Replogle_exp6,2,PMVK,unseen_single,WitnessCell_v13,0.005406004541731804,-0.0765841543483663,0.0006564947322139039,0.03484102521128185,0.19923784543590603
Replogle_exp6,2,PMVK,unseen_single,trainMean,0.0037136796962855905,0.2604355611463214,0.0005225011699858592,0.23183436392731926,0.2795029730703756
Replogle_exp6,2,PMVK,unseen_single,baseControl,0.0032471572236008072,0.35334164323758066,0.0005565181883566585,0.18182355810499307,
Replogle_exp6,2,RAD17,unseen_single,WitnessCell_v14,0.002325352587851725,0.2505927194211163,0.0005619371901828981,0.22451278096615568,0.15100794787435343
Replogle_exp6,2,RAD17,unseen_single,WitnessCell_v13,0.0029758515683025576,0.040951964506886096,0.0005750264055678425,0.2064493400415538,0.15703133355804152
Replogle_exp6,2,RAD17,unseen_single,trainMean,0.002144762454821244,0.3087927365715395,0.000513477693351996,0.2913880849853545,0.2000904181337943
Replogle_exp6,2,RAD17,unseen_single,baseControl,0.0017404303684311236,0.4390996031067095,0.0004946198137827193,0.3174124251421142,
Replogle_exp6,2,SREBF2,unseen_single,WitnessCell_v14,0.013813377309104362,-0.04818883312245337,0.0005317652562916843,0.14856551135883345,0.19629454005332445
Replogle_exp6,2,SREBF2,unseen_single,WitnessCell_v13,0.014684001698573706,-0.11425368768082,0.0005387973333169446,0.13730612042411694,0.21024423266029854
Replogle_exp6,2,SREBF2,unseen_single,trainMean,0.015503690043373403,-0.17645340542062127,0.0004681372694732307,0.2504432887785767,0.19844659989224872
Replogle_exp6,2,SREBF2,unseen_single,baseControl,0.015330261807245163,-0.1632932971871388,0.0004448674088898054,0.28770176253589974,
Replogle_exp6,2,XRCC5,unseen_single,WitnessCell_v14,0.0629330265770386,0.30931719089954746,0.004186713891169564,0.1748816883372779,0.7617040820972536
Replogle_exp6,2,XRCC5,unseen_single,WitnessCell_v13,0.06226775646952096,0.3166184546661702,0.004180544597648534,0.17609753379186222,0.760408851502887
Replogle_exp6,2,XRCC5,unseen_single,trainMean,0.09778732037857092,-0.073204719477445,0.005583913170118547,-0.10047859184195973,0.288008096878711
Replogle_exp6,2,XRCC5,unseen_single,baseControl,0.1029702116512769,-0.13008636172792065,0.005953368247437538,-0.1732908636037418,
Replogle_exp6,2,FDPS+PMVK,combo_seen0,WitnessCell_v14,0.01745109117827506,0.43662655638577486,0.001039195169625372,-0.312340980479074,0.23842854395828852
Replogle_exp6,2,FDPS+PMVK,combo_seen0,WitnessCell_v13,0.01618261261234668,0.4775768402698879,0.0010359820889552726,-0.30828336208341023,0.2528702416630993
Replogle_exp6,2,FDPS+PMVK,combo_seen0,trainMean,0.03397010540936323,-0.09665665424039394,0.0014043791162596745,-0.7735111943033408,0.1520899710398351
Replogle_exp6,2,FDPS+PMVK,combo_seen0,baseControl,0.030803398138083946,0.00557413248311911,0.0006341753332448858,0.1991357321971935,
Replogle_exp6,2,FDPS+RAD17,combo_seen0,WitnessCell_v14,0.003094001093238808,0.431230333905837,0.0007454330853472191,0.05395402599987764,0.5778687253083855
Replogle_exp6,2,FDPS+RAD17,combo_seen0,WitnessCell_v13,0.0032665132686501884,0.3995174516381722,0.0007470675076503486,0.0518797437201054,0.5795497144492401
Replogle_exp6,2,FDPS+RAD17,combo_seen0,trainMean,0.005457362568992376,-0.003225982338396882,0.0010122235450106265,-0.2846357753216504,0.5172435052504636
Replogle_exp6,2,FDPS+RAD17,combo_seen0,baseControl,0.006363660948954793,-0.16983065099198957,0.0011193740004812487,-0.4206228397582179,
Replogle_exp6,2,FDPS+SREBF2,combo_seen0,WitnessCell_v14,0.024869748420051026,0.31524198515234125,0.0007937790908833607,-0.06907554640442304,0.4691392598043054
Replogle_exp6,2,FDPS+SREBF2,combo_seen0,WitnessCell_v13,0.023394336904074678,0.3558656313468799,0.0007890817644112685,-0.06274910505258102,0.47872986683933755
Replogle_exp6,2,FDPS+SREBF2,combo_seen0,trainMean,0.040801445220433274,-0.123417742719653,0.0011251115181321587,-0.5153198475843868,0.3929589867859921
Replogle_exp6,2,FDPS+SREBF2,combo_seen0,baseControl,0.04357317884998924,-0.1997340281039881,0.0008494940640713539,-0.14411344559823536,
Replogle_exp6,2,FDPS+XRCC5,combo_seen0,WitnessCell_v14,0.040256193427167575,0.40173118287721854,0.0026547197478176358,0.21610733179084418,0.6356950998561386
Replogle_exp6,2,FDPS+XRCC5,combo_seen0,WitnessCell_v13,0.039447076331907305,0.41375590469725276,0.002645181391652265,0.21892384282593502,0.6369909657462169
Replogle_exp6,2,FDPS+XRCC5,combo_seen0,trainMean,0.06204852064371971,0.07786375488039865,0.003256208647725306,0.03849809863754361,0.4590697718806947
Replogle_exp6,2,FDPS+XRCC5,combo_seen0,baseControl,0.07783121820904895,-0.15669135327952577,0.0041229641866588436,-0.21743976925160946,
Replogle_exp6,3,ATM+FDPS,combo_seen1,WitnessCell_v14,0.007671564632875091,0.3293436992748624,0.001787677417108058,-0.03717479665777246,0.3820553192691577
Replogle_exp6,3,ATM+FDPS,combo_seen1,WitnessCell_v13,0.00787959253443879,0.3111576799180735,0.001792558916868833,-0.040006945496994906,0.3792214920099078
Replogle_exp6,3,ATM+FDPS,combo_seen1,trainMean,0.01140150480813402,0.0032683809303529765,0.0019384238281202418,-0.12463485891071535,0.34788592496000353
Replogle_exp6,3,ATM+FDPS,combo_seen1,baseControl,0.012983623501282949,-0.13504210993201649,0.00204325063053524,-0.18545327975027792,
Replogle_exp6,3,CHEK1+FDPS,combo_seen1,WitnessCell_v14,0.009643081587608848,0.10848277897093805,0.0021414659406761402,-0.04681213858581823,0.4383248664722194
Replogle_exp6,3,CHEK1+FDPS,combo_seen1,WitnessCell_v13,0.009750020427976562,0.09859612428295927,0.0021456245223820266,-0.04884497680487887,0.4371652961539946
Replogle_exp6,3,CHEK1+FDPS,combo_seen1,trainMean,0.011607447647886867,-0.07312578207174836,0.002460622681322322,-0.2028254301698169,0.4168559363099182
Replogle_exp6,3,CHEK1+FDPS,combo_seen1,baseControl,0.013458501840028588,-0.24425849253983278,0.002582010856191963,-0.2621635744385029,
Replogle_exp6,3,ETAA1+FDPS,combo_seen1,WitnessCell_v14,0.005565653047143045,0.5661541450461998,0.001090257561437394,-0.1987140997212613,0.409738645761086
Replogle_exp6,3,ETAA1+FDPS,combo_seen1,WitnessCell_v13,0.0059278011548199935,0.5379244918385393,0.0010942997206800453,-0.20315836449764713,0.4060473661978993
Replogle_exp6,3,ETAA1+FDPS,combo_seen1,trainMean,0.012153952891562998,0.052592384281829996,0.0012463859580094858,-0.3703738221185049,0.35046690987932205
Replogle_exp6,3,ETAA1+FDPS,combo_seen1,baseControl,0.01364727114346289,-0.06381263202549947,0.0012737750318191556,-0.4004875036147124,
Replogle_exp6,3,FDPS+HMGCR,combo_seen1,WitnessCell_v14,0.012377406909240456,0.583090906007923,0.0005002914309596576,0.21385990167029012,0.5686227487815096
Replogle_exp6,3,FDPS+HMGCR,combo_seen1,WitnessCell_v13,0.013898012409088709,0.5318722407487384,0.0005084908702217458,0.20097559546624044,0.56001588720157
Replogle_exp6,3,FDPS+HMGCR,combo_seen1,trainMean,0.03863681921603135,-0.30140678190564296,0.0008792445298389446,-0.381613472406616,0.4202018565967545
Replogle_exp6,3,FDPS+HMGCR,combo_seen1,baseControl,0.029415245235384708,0.009204162829647866,0.0005040904805401628,0.20789021075423975,
Replogle_exp6,3,FDPS+HUS1,combo_seen1,WitnessCell_v14,0.008265502667122875,0.6305363262230448,0.0006016276391786868,0.15501773905750638,0.7719668344832457
Replogle_exp6,3,FDPS+HUS1,combo_seen1,WitnessCell_v13,0.00887033449003798,0.6035006580597179,0.0006051333553398219,0.15009398260891227,0.7707445696048623
Replogle_exp6,3,FDPS+HUS1,combo_seen1,trainMean,0.022534715822686655,-0.007290086359332371,0.0007416038867697258,-0.04157802627200713,0.6772750591545156
Replogle_exp6,3,FDPS+HUS1,combo_seen1,baseControl,0.02962591679876516,-0.32426308481154464,0.001383808123748254,-0.9435498653480296,
Replogle_exp6,3,FDPS+IDI1,combo_seen1,WitnessCell_v14,0.006338479957888778,0.5527606175610424,0.0010189563948090632,0.0073255975107781035,0.6297858861201636
Replogle_exp6,3,FDPS+IDI1,combo_seen1,WitnessCell_v13,0.006428157985305827,0.5464329891916528,0.0010214749021519442,0.004872050151445206,0.6287390413370519
Replogle_exp6,3,FDPS+IDI1,combo_seen1,trainMean,0.011886159201569131,0.16131966398903752,0.0012920453329852164,-0.2587195442749277,0.5842312873297364
Replogle_exp6,3,FDPS+IDI1,combo_seen1,baseControl,0.02010114633706106,-0.41832495074997467,0.0016732341702102313,-0.6300763591058596,
Replogle_exp6,3,FDPS+LIG4,combo_seen1,WitnessCell_v14,0.007737937463559563,0.5012042765787776,0.0014576993554490803,-0.14500689819564738,0.3702898301101877
Replogle_exp6,3,FDPS+LIG4,combo_seen1,WitnessCell_v13,0.008143113450176296,0.4750861992087866,0.0014624853121478348,-0.14876621482980434,0.36678771306151586
Replogle_exp6,3,FDPS+LIG4,combo_seen1,trainMean,0.015188250239439595,0.020949148095230075,0.001565721384224547,-0.22985702016534093,0.34461678055582345
Replogle_exp6,3,FDPS+LIG4,combo_seen1,baseControl,0.016389431537120545,-0.05648028282979056,0.0016090093886715663,-0.26385927413882304,
Replogle_exp6,3,FDPS+MVD,combo_seen1,WitnessCell_v14,0.007367698981603143,0.779713178734534,0.0014537132646598753,0.44331382421603105,0.811231821567074
Replogle_exp6,3,FDPS+MVD,combo_seen1,WitnessCell_v13,0.007480319842182368,0.7763459277858831,0.0014573120921859868,0.441935686187356,0.810619660563666
Replogle_exp6,3,FDPS+MVD,combo_seen1,trainMean,0.010837052175262218,0.6759829925818888,0.002310294144394977,0.11529402431349034,0.8044784557890633
Replogle_exp6,3,FDPS+MVD,combo_seen1,baseControl,0.050302916995337274,-0.5040068429712492,0.0037746298676588977,-0.4454599246699571,
Replogle_exp6,3,FDPS+NHEJ1,combo_seen1,WitnessCell_v14,0.004894154389590496,0.31608351225030384,0.001393908800899076,-0.15104861953827542,0.3437343714974871
Replogle_exp6,3,FDPS+NHEJ1,combo_seen1,WitnessCell_v13,0.005028402222700806,0.2973235183473545,0.0013979126410511083,-0.15435487219761446,0.3404607804653949
Replogle_exp6,3,FDPS+NHEJ1,combo_seen1,trainMean,0.007908742100664149,-0.10517950384008068,0.0015494228506404751,-0.27946751764565936,0.3056574495423257
Replogle_exp6,3,FDPS+NHEJ1,combo_seen1,baseControl,0.007188141076200704,-0.0044816339959896645,0.001440977024105671,-0.18991616475437967,
Replogle_exp6,3,FDPS+PMVK,combo_seen1,WitnessCell_v14,0.013808995962961031,0.5644646767644291,0.0006361977734543334,0.19050147311763788,0.49047116910347294
Replogle_exp6,3,FDPS+PMVK,combo_seen1,WitnessCell_v13,0.015322915938240821,0.5167156856317758,0.0006442033400511203,0.1803151841405941,0.48251496484932266
Replogle_exp6,3,FDPS+PMVK,combo_seen1,trainMean,0.04094171373169179,-0.2913004371772596,0.001029181089609948,-0.3095307948201096,0.34513916063887556
Replogle_exp6,3,FDPS+PMVK,combo_seen1,baseControl,0.030803398138083946,0.028461736044448682,0.0006341753332448858,0.1930748275658407,
Replogle_exp6,3,FDPS+PRKDC,combo_seen1,WitnessCell_v14,0.025738343538909587,0.7875584858496523,0.0013406359484549849,0.06044264104704211,0.46395318079453596
Replogle_exp6,3,FDPS+PRKDC,combo_seen1,WitnessCell_v13,0.02594586896816134,0.7858455933183868,0.0013448810230384876,0.05746756711378631,0.4613594742597364
Replogle_exp6,3,FDPS+PRKDC,combo_seen1,trainMean,0.009338155503319087,0.9229238707029647,0.001501806436051789,-0.05251040772218407,0.4786084835315492
Replogle_exp6,3,FDPS+PRKDC,combo_seen1,baseControl,0.1575133590204967,-0.30009829259739873,0.0015490825774896924,-0.08564292713737132,
Replogle_exp6,3,FDPS+RAD9A,combo_seen1,WitnessCell_v14,0.0036958944504948067,0.633202432069916,0.0009118129357687371,0.1524511301577185,0.6825557691680216
Replogle_exp6,3,FDPS+RAD9A,combo_seen1,WitnessCell_v13,0.003907939701993733,0.6121580858141628,0.0009152742279770614,0.14923378788905917,0.6809786117396329
Replogle_exp6,3,FDPS+RAD9A,combo_seen1,trainMean,0.008135953999481544,0.19255049629424914,0.0010612329367075683,0.013562167345658849,0.6576978571980555
Replogle_exp6,3,FDPS+RAD9A,combo_seen1,baseControl,0.012098026101002819,-0.20066376625241977,0.001687934347760623,-0.5689696786395766,
Replogle_exp6,3,FDPS+RAD17,combo_seen1,WitnessCell_v14,0.0030384958223203247,0.4452232568295713,0.0008814942860850087,-0.18485688237412057,0.5056023689109634
Replogle_exp6,3,FDPS+RAD17,combo_seen1,WitnessCell_v13,0.0031275798144843776,0.42895806183461727,0.0008838057072926259,-0.18796376958728023,0.5031919944234526
Replogle_exp6,3,FDPS+RAD17,combo_seen1,trainMean,0.005230971789972458,0.04491509517982473,0.0009942344074261506,-0.3363960480833166,0.4786815114720487
Replogle_exp6,3,FDPS+RAD17,combo_seen1,baseControl,0.006363660948954793,-0.16189433928726205,0.0011193740004812487,-0.5046019121818286,
Replogle_exp6,3,FDPS+RRM1,combo_seen1,WitnessCell_v14,0.0017791964677022656,0.830791487375939,0.0005461841590782905,0.21447578216649932,0.7783653376719908
Replogle_exp6,3,FDPS+RRM1,combo_seen1,WitnessCell_v13,0.0019009884286268555,0.8192085976098458,0.000548747532500013,0.2107891283728195,0.7767879253610566
Replogle_exp6,3,FDPS+RRM1,combo_seen1,trainMean,0.011218011097855914,-0.06687654057666137,0.0010510755167954453,-0.5116609654296767,0.7553827518737609
Replogle_exp6,3,FDPS+RRM1,combo_seen1,baseControl,0.01773364866913713,-0.6865390467965413,0.0011562768333088893,-0.6629619149276136,
Replogle_exp6,3,FDPS+RRM2B,combo_seen1,WitnessCell_v14,0.007849782322118318,0.30834540098803465,0.0014981873731413793,-0.20300767116873497,0.40977148490227616
Replogle_exp6,3,FDPS+RRM2B,combo_seen1,WitnessCell_v13,0.008128037708145238,0.2838279545738732,0.0015028539346953185,-0.20675480550454162,0.4066166111985648
Replogle_exp6,3,FDPS+RRM2B,combo_seen1,trainMean,0.01313381752004691,-0.1572378592879211,0.0015900025816699913,-0.2767330290045029,0.38346675178234163
Replogle_exp6,3,FDPS+RRM2B,combo_seen1,baseControl,0.013833849191573412,-0.21891856649696928,0.0017863241913034244,-0.4343744606700244,
Replogle_exp6,3,FDPS+SQLE,combo_seen1,WitnessCell_v14,0.008359754650152712,0.9137008018501698,0.0007996218591682099,0.6366160963763201,0.8845774413298781
Replogle_exp6,3,FDPS+SQLE,combo_seen1,WitnessCell_v13,0.00858832157702617,0.9113412657946003,0.0008030010543087701,0.6350804391063196,0.8839038253798485
Replogle_exp6,3,FDPS+SQLE,combo_seen1,trainMean,0.012281737702008445,0.8732134901171404,0.0012287898607623755,0.441582979232814,0.8885026246422518
Replogle_exp6,3,FDPS+SQLE,combo_seen1,baseControl,0.1183062609340149,-0.2212960645350477,0.0029947507958144348,-0.360948580989513,
Replogle_exp6,3,FDPS+SREBF1,combo_seen1,WitnessCell_v14,0.0025308838866189617,0.7782964318500494,0.0008027127775989048,0.09568927677281991,0.7613680942535773
Replogle_exp6,3,FDPS+SREBF1,combo_seen1,WitnessCell_v13,0.0027233137041472863,0.7614397212794721,0.0008055742719766501,0.09246560808027748,0.7600637331184226
Replogle_exp6,3,FDPS+SREBF1,combo_seen1,trainMean,0.007258451921397098,0.3641649469868077,0.0011358517427973007,-0.27961450181515235,0.7293624789859264
Replogle_exp6,3,FDPS+SREBF1,combo_seen1,baseControl,0.017407344704240216,-0.5248706008800148,0.0015297584169063272,-0.7233772514415675,
Replogle_exp6,3,FDPS+SREBF2,combo_seen1,WitnessCell_v14,0.024373092201444707,0.3929935808748044,0.0009760243808295998,-0.2197415928683475,0.4297736256121599
Replogle_exp6,3,FDPS+SREBF2,combo_seen1,WitnessCell_v13,0.02573565931166001,0.35905915123601884,0.0009853974927716762,-0.23145520854733692,0.42767803181252895
Replogle_exp6,3,FDPS+SREBF2,combo_seen1,trainMean,0.04512220364964614,-0.12375840677228633,0.0014873853215266537,-0.8587914164048511,0.35408558997956413
Replogle_exp6,3,FDPS+SREBF2,combo_seen1,baseControl,0.04357317884998924,-0.08518029001120797,0.0008494940640713539,-0.06161614729529896,
Replogle_exp6,3,FDPS+TOPBP1,combo_seen1,WitnessCell_v14,0.004368945967956179,0.43166795738893293,0.0010834454469853922,-0.005815600185123726,0.4276994890748785
Replogle_exp6,3,FDPS+TOPBP1,combo_seen1,WitnessCell_v13,0.004484944976613123,0.4165782872455184,0.001086788138223048,-0.00891878457044859,0.4246894610866982
Replogle_exp6,3,FDPS+TOPBP1,combo_seen1,trainMean,0.006966464826764839,0.09377108029889747,0.0012848979289379042,-0.19283382949019412,0.35404568214265386
Replogle_exp6,3,FDPS+TOPBP1,combo_seen1,baseControl,0.008019480492052249,-0.04320990970272742,0.0012616716030264858,-0.1712716908502745,
Replogle_exp6,3,FDPS+XRCC5,combo_seen1,WitnessCell_v14,0.011173491571262417,0.8242000751728538,0.0020334621761091292,0.4093688306264208,0.7497914650665216
Replogle_exp6,3,FDPS+XRCC5,combo_seen1,WitnessCell_v13,0.011195357600926832,0.8238560424820198,0.0020355499804857458,0.4087624154420756,0.749391752879937
Replogle_exp6,3,FDPS+XRCC5,combo_seen1,trainMean,0.009121154033653683,0.8564908575599373,0.0025391132562169903,0.26249947045441646,0.7583002513340277
Replogle_exp6,3,FDPS+XRCC5,combo_seen1,baseControl,0.07783121820904895,-0.22456997645634735,0.0041229641866588436,-0.19753944157996184,
Replogle_exp6,3,HMGCR+SREBF2,combo_seen2,WitnessCell_v14,0.018956136151367237,-0.9199431830217428,0.0009883492704582863,-0.40654726086224646,0.16905321990701028
Replogle_exp6,3,HMGCR+SREBF2,combo_seen2,WitnessCell_v13,0.019217023674552313,-0.9463667757663268,0.0009916936972229845,-0.4113068073562296,0.1762788268192695
Replogle_exp6,3,HMGCR+SREBF2,combo_seen2,trainMean,0.022182783654393374,-1.246749227670369,0.0012510907156907006,-0.78046189929293,0.17939898438536614
Replogle_exp6,3,HMGCR+SREBF2,combo_seen2,baseControl,0.00942219926658694,0.045686995150048704,0.0005566028520062583,0.20788304268742908,
Replogle_exp6,3,HUS1+SQLE,combo_seen2,WitnessCell_v14,0.007987873878135399,0.9132429620458747,0.0007763750475487665,0.6451032447062801,0.8651277597511243
Replogle_exp6,3,HUS1+SQLE,combo_seen2,WitnessCell_v13,0.007987873878135399,0.9132429620458747,0.0007763750475487665,0.6451032447062801,0.8651277597511243
Replogle_exp6,3,HUS1+SQLE,combo_seen2,trainMean,0.002484681235460474,0.9730136469932515,0.0008197756770966903,0.6252639381071131,0.8836965845373705
Replogle_exp6,3,HUS1+SQLE,combo_seen2,baseControl,0.11170232281747623,-0.2132092729663735,0.0029440130097871066,-0.34576796100638973,
Replogle_exp6,3,HUS1+SREBF2,combo_seen2,WitnessCell_v14,0.018646523980212583,-0.08165448220578075,0.0006336754153641852,0.017942518521214867,0.30413680507641694
Replogle_exp6,3,HUS1+SREBF2,combo_seen2,WitnessCell_v13,0.01894445252010545,-0.09893683150016463,0.0006368806496829541,0.012975110497612685,0.311495472376318
Replogle_exp6,3,HUS1+SREBF2,combo_seen2,trainMean,0.020183082546418367,-0.17078774168469968,0.0008126578070418334,-0.25944081139538255,0.29475953258714405
Replogle_exp6,3,HUS1+SREBF2,combo_seen2,baseControl,0.017909805832338824,-0.03891866251007592,0.0004378286512620315,0.32146191543421254,
Replogle_exp6,3,AHCYL1,unseen_single,WitnessCell_v14,0.005116877298490967,0.333829848239388,0.000917600871761035,0.049077930346390186,0.06505577822575224
Replogle_exp6,3,AHCYL1,unseen_single,WitnessCell_v13,0.0053011008886992604,0.3098456387522588,0.0009195244583487149,0.04708449180965035,0.08005813745880494
Replogle_exp6,3,AHCYL1,unseen_single,trainMean,0.0061206456133763775,0.2031484870003939,0.0007430879072580632,0.22992805210801126,0.08699189497581693
Replogle_exp6,3,AHCYL1,unseen_single,baseControl,0.004389630530037664,0.4285106587897657,0.0006581473685324682,0.31795306970353754,
Replogle_exp6,3,ATR,unseen_single,WitnessCell_v14,0.01561515195099239,-0.1167502546981849,0.002813209697060036,-0.01852371433151312,0.2640617899155958
Replogle_exp6,3,ATR,unseen_single,WitnessCell_v13,0.015870031879021983,-0.1349785258951497,0.0028292500354820784,-0.024331125377275775,0.2521602432188533
Replogle_exp6,3,ATR,unseen_single,trainMean,0.015778777372567932,-0.12845226898489015,0.002814084938935434,-0.018840596008268484,0.2769131110698004
Replogle_exp6,3,ATR,unseen_single,baseControl,0.016113482691982782,-0.15238942002117017,0.003006165216151466,-0.08838333845094981,
Replogle_exp6,3,FDPS,unseen_single,WitnessCell_v14,0.006988879471203622,0.7228081819465509,0.000667884915701282,-0.021078808459644494,0.725007284448747
Replogle_exp6,3,FDPS,unseen_single,WitnessCell_v13,0.007908823764184543,0.6863214987622206,0.0006725802254084974,-0.028257112877791757,0.724395635855807
Replogle_exp6,3,FDPS,unseen_single,trainMean,0.027994139950685767,-0.11029909440359842,0.0009124303624677956,-0.394945873770435,0.584916924995124
Replogle_exp6,3,FDPS,unseen_single,baseControl,0.028746512757902513,-0.1401395841624622,0.001264261442768826,-0.9328338419028408,
Replogle_exp6,3,POLR1D,unseen_single,WitnessCell_v14,0.09861729889026821,0.020865968765542253,0.006887625678818748,-0.06551895827711185,0.467141781521947
Replogle_exp6,3,POLR1D,unseen_single,WitnessCell_v13,0.09639478023395372,0.04293251972504897,0.0068645521051958055,-0.0619494654973205,0.46620056509987917
Replogle_exp6,3,POLR1D,unseen_single,trainMean,0.11139537120161593,-0.10600270026520042,0.007281750789455693,-0.12649029976684711,0.40107505073935934
Replogle_exp6,3,POLR1D,unseen_single,baseControl,0.12004121910333887,-0.19184406891669337,0.007992568592470412,-0.23645415092708655,
Replogle_exp6,3,RAD1,unseen_single,WitnessCell_v14,0.008422494391460492,0.16152261061075202,0.000866462267439094,0.18044469544903663,0.17441284656645958
Replogle_exp6,3,RAD1,unseen_single,WitnessCell_v13,0.00862034650740222,0.14182600792400413,0.0008699614009197543,0.17713499171100455,0.18086858962416694
Replogle_exp6,3,RAD1,unseen_single,trainMean,0.009907052422181874,0.013731673135249478,0.0008401120459224031,0.20536841645990578,0.16202753557518046
Replogle_exp6,3,RAD1,unseen_single,baseControl,0.008594935500504865,0.14435572818676212,0.0008115560095355973,0.23237853793574026,
Replogle_exp6,3,RPL15,unseen_single,WitnessCell_v14,0.010470273388542728,0.4252333548994459,0.002100930499801921,0.06432530653770285,0.2603785404170573
Replogle_exp6,3,RPL15,unseen_single,WitnessCell_v13,0.00978030686047679,0.4631091325273815,0.0020915702891771597,0.0684939890371441,0.2678752647503947
Replogle_exp6,3,RPL15,unseen_single,trainMean,0.018052730118740118,0.008993677604616002,0.002172348546699188,0.03251841947286371,0.1686209348393453
Replogle_exp6,3,RPL15,unseen_single,baseControl,0.017285668985794096,0.05110157083812561,0.0022318433102264763,0.006021710214153875,
Replogle_exp6,3,XRCC6,unseen_single,WitnessCell_v14,0.07145523701651893,0.33050519525758393,0.005204519953535151,0.16304438236164787,0.6890392303969755
Replogle_exp6,3,XRCC6,unseen_single,WitnessCell_v13,0.07537284434143524,0.2937994496668729,0.005242618591120214,0.15691761773477264,0.7050032173116485
Replogle_exp6,3,XRCC6,unseen_single,trainMean,0.10982610533913478,-0.029007949867214444,0.006536494315935179,-0.0511547051841188,0.3049353572625018
Replogle_exp6,3,XRCC6,unseen_single,baseControl,0.11280803181508484,-0.056946899720685895,0.006999027558908288,-0.12553616581967253,
Replogle_exp6,3,AHCYL1+FDPS,combo_seen0,WitnessCell_v14,0.006181429711531728,0.46607902657846767,0.0014221636735593454,-0.23469436973545954,0.3495717778913164
Replogle_exp6,3,AHCYL1+FDPS,combo_seen0,WitnessCell_v13,0.006033696059926685,0.4788395203077632,0.0014228607814781597,-0.2352995850411661,0.3508027442950913
Replogle_exp6,3,AHCYL1+FDPS,combo_seen0,trainMean,0.013955387212695687,-0.20539653005785752,0.001847623930073489,-0.6040705484628208,0.3019329524965666
Replogle_exp6,3,AHCYL1+FDPS,combo_seen0,baseControl,0.010987064741242506,0.05099231481255939,0.0012077512132164451,-0.048545712932871465,
Replogle_exp6,3,ATR+FDPS,combo_seen0,WitnessCell_v14,0.008465623050072778,0.3436474334016648,0.0011888900951446686,-0.08039175067787752,0.4910957211441487
Replogle_exp6,3,ATR+FDPS,combo_seen0,WitnessCell_v13,0.009043122803147207,0.29887300358139923,0.0012019312647941025,-0.0922427806141013,0.4859717003470139
Replogle_exp6,3,ATR+FDPS,combo_seen0,trainMean,0.01445831851393429,-0.12097531501067915,0.0016419575461443323,-0.492112176779272,0.4464732681356918
Replogle_exp6,3,ATR+FDPS,combo_seen0,baseControl,0.01606357419805245,-0.24543321752837532,0.0014310156344778738,-0.30042086555766434,
Replogle_exp6,3,FDPS+RAD1,combo_seen0,WitnessCell_v14,0.009911686570130744,0.3773031519605553,0.0011279624580950538,-0.033980890083617155,0.4838374886721241
Replogle_exp6,3,FDPS+RAD1,combo_seen0,WitnessCell_v13,0.010063656537662453,0.36775571327702916,0.0011311922782256333,-0.03694160235684896,0.4827579210207439
Replogle_exp6,3,FDPS+RAD1,combo_seen0,trainMean,0.01824756804222398,-0.14639451357553268,0.001648863028547768,-0.5114801469218029,0.4113878460573538
Replogle_exp6,3,FDPS+RAD1,combo_seen0,baseControl,0.01801214759600243,-0.13160433949275174,0.0013350007908133324,-0.22376883737665887,
Replogle_exp6,3,FDPS+XRCC6,combo_seen0,WitnessCell_v14,0.09329180574562404,0.3830703200662505,0.004392615759200685,0.25908816533634893,0.6891121737889083
Replogle_exp6,3,FDPS+XRCC6,combo_seen0,WitnessCell_v13,0.09965645283231336,0.3409815250354318,0.004428962756225293,0.2529574401087644,0.6861682780829599
Replogle_exp6,3,FDPS+XRCC6,combo_seen0,trainMean,0.13135397011737496,0.13136891182599353,0.005175496333242547,0.1270380352467919,0.5047888029472952
Replogle_exp6,3,FDPS+XRCC6,combo_seen0,baseControl,0.17684543241732098,-0.16946172439245433,0.006918965215194088,-0.16703656604288675,
