dataset,seed,condition,subgroup,all_gene_mse_v1,all_gene_mse_v2,relative_all_gene_mse_gain,top100_mse_v1,top100_mse_v2,relative_top100_mse_gain,top100_pcc_v1,top100_pcc_v2,top100_pcc_delta
Norman,1,AHR+FEV,combo_seen1,0.006324642589923414,0.006176804421871462,0.023374944267600402,0.15527230505102357,0.14620092514462424,0.058422394794863226,0.853914793443832,0.8800615194141727,0.026146725970340623
Norman,1,AHR+KLF1,combo_seen1,0.0058033687978633185,0.006022321954083131,-0.03772863036042554,0.09338237591263843,0.09231318101377972,0.011449643344467526,0.454977596096159,0.46719540190324904,0.012217805807090032
Norman,1,BAK1+BCL2L11,combo_seen1,0.0014154737083853064,0.0013180783940367853,0.06880757570525575,0.0034667628653517386,0.0030316147979197335,0.12551999785767143,0.2528259996082889,0.5882152047518759,0.33538920514358705
Norman,1,BAK1+KLF1,combo_seen1,0.0032654096503266132,0.0033227193240891306,-0.017550531142941,0.09182929496610899,0.08818650391749205,0.03966916058716735,0.20306776153553419,0.2712729291521808,0.06820516761664663
Norman,1,BCL2L11+TGFBR2,combo_seen1,0.001095881047559544,0.0009256173547919667,0.15536694712144478,0.005680988786892582,0.003348362398685249,0.4106021813648475,0.827991406096637,0.9238335641904094,0.09584215809377239
Norman,1,CBFA2T3+FEV,combo_seen1,0.013258192886546555,0.011981823144935223,0.0962702649247545,0.31375311808685535,0.27802379150070666,0.11387720002278302,0.6963592805649221,0.7882227019973886,0.09186342143246651
Norman,1,CBL+PTPN9,combo_seen1,0.0011316441842246507,0.001127499091801405,0.0036628937620404346,0.020207564675647167,0.022343401669494767,-0.10569492307113934,0.9462003666004849,0.9494996575068352,0.003299290906350283
Norman,1,CBL+TGFBR2,combo_seen1,0.0017715126848881807,0.0018632771444577977,-0.05180005785587092,0.04616000041571607,0.05187890715401069,-0.12389312579701586,0.8464389067831829,0.8016270110989505,-0.04481189568423238
Norman,1,CBL+UBASH3A,combo_seen1,0.002842229288839949,0.0030318372955418565,-0.06671101710421676,0.031730009485780614,0.03527354270909691,-0.11167766038343875,0.965298537923493,0.8664952397045108,-0.09880329821898215
Norman,1,CBL+UBASH3B,combo_seen1,0.002471250643006188,0.0028267144983390308,-0.14383966124149736,0.07925158550640632,0.09068356650291431,-0.144249240232347,0.967045753934043,0.9636961539926225,-0.003349599941420478
Norman,1,CDKN1A+CDKN1B,combo_seen1,0.0008617188281914836,0.0011009840910792608,-0.2776604793351571,0.0046191599527959145,0.005364882353742623,-0.16144112967885715,0.9805504860203387,0.9796192702134309,-0.0009312158069078036
Norman,1,CDKN1A+CDKN1C,combo_seen1,0.0009627738641538146,0.0011824094270219754,-0.2281278824090217,0.006268406337214454,0.006092770155610316,0.02801927190989772,0.9794015836680863,0.9795552278723236,0.00015364420423735758
Norman,1,CEBPA+KLF1,combo_seen1,0.002710912929398601,0.002963595687048614,-0.09320947010499127,0.016053762581918516,0.017449918024355048,-0.08696749035076878,0.9861647474590141,0.9834057567550181,-0.0027589907039959893
Norman,1,CEBPB+PTPN12,combo_seen1,0.0038015022594312985,0.0034103085985139085,0.1029050186533132,0.05544802165817395,0.04853411128147771,0.12469174138112864,0.8491404952543522,0.8637749143490661,0.014634419094713857
Norman,1,CEBPE+CNN1,combo_seen1,0.002513479475810711,0.0021462055170847253,0.14612172578314897,0.05242521117504371,0.03667833872005057,0.30036831711398454,0.6963373465001649,0.812639116156883,0.11630176965671812
Norman,1,CEBPE+ETS2,combo_seen1,0.0068008505918874095,0.006036793113481938,0.11234734068660467,0.21392251311713853,0.17863406168087573,0.1649590355033822,0.3328377507277009,0.5141619089587629,0.18132415823106202
Norman,1,CEBPE+KLF1,combo_seen1,0.004607975515058125,0.005156245426232071,-0.11898281780844705,0.07174243225692359,0.06688985965459533,0.06763880802019998,0.30035038110275974,0.3745035505485967,0.07415316944583694
Norman,1,CEBPE+PTPN12,combo_seen1,0.0019532544454288047,0.001732581549948431,0.11297703481326453,0.03395322863327479,0.023214524465430503,0.3162793230603159,0.7409126967796509,0.8343504600894437,0.09343776330979281
Norman,1,CEBPE+RUNX1T1,combo_seen1,0.003320366003062562,0.0027434591492150767,0.17374797034886252,0.09410503159184218,0.06983076621184883,0.2579486449276921,0.31167410975183185,0.530143779037015,0.2184696692851832
Norman,1,CEBPE+SET,combo_seen1,0.003526485909858999,0.0035172645829262502,0.0026148770102749673,0.09160543945451258,0.07737140509106992,0.15538416111753584,0.439881478728013,0.5592456099064912,0.11936413117847822
Norman,1,CLDN6+KLF1,combo_seen1,0.003547542721883262,0.003602055048492444,-0.015366221320724054,0.07064542179266843,0.06796992601409717,0.03787217502109847,0.8823004779196486,0.8795006291224357,-0.002799848797212956
Norman,1,CNN1+MAPK1,combo_seen1,0.0009402315349972419,0.0008211304534785492,0.12667207712730252,0.014578330595708046,0.00958161577153768,0.34274945209717167,0.9241212230439053,0.9500602795737925,0.02593905652988715
Norman,1,CNN1+UBASH3A,combo_seen1,0.006292043909007886,0.006445392532400973,-0.024371829823620243,0.20773447719583948,0.21030412530838885,-0.01236986824352155,0.8033970814428403,0.7988190648897194,-0.004578016553120845
Norman,1,CNN1+UBASH3B,combo_seen1,0.004452405856000984,0.00449903784998973,-0.010473437394727763,0.1641304932472899,0.164125734723983,2.8992317105401666e-05,0.9203228094483944,0.9306060068184395,0.010283197370045127
Norman,1,COL2A1+KLF1,combo_seen1,0.003349802706988985,0.003473635337122474,-0.03696714134092923,0.047463076689296654,0.04403430810510057,0.07224075688648528,0.8414697080390374,0.8519713102178106,0.010501602178773162
Norman,1,DLX2+SNAI1,combo_seen1,0.004724876193871942,0.004772676763425871,-0.010116787740581478,0.11001365985190736,0.10487361559305518,0.046721873136221004,0.6009589782851364,0.6130577981644807,0.012098819879344247
Norman,1,DLX2+ZBTB10,combo_seen1,0.006364105752182461,0.006267196957335022,0.015227401715348005,0.0946347389987651,0.08889121856627752,0.06069145953435264,0.9066332766442279,0.9171532599961695,0.010519983351941598
Norman,1,DUSP9+ETS2,combo_seen1,0.0028899898542585,0.002466229406771521,0.14663042739148488,0.06515954417516585,0.0529054569033506,0.1880628145413828,0.7510691007608427,0.8190767870480071,0.06800768628716447
Norman,1,DUSP9+KLF1,combo_seen1,0.007172550711576782,0.006395568147552842,0.10832723186883275,0.24708534038636873,0.2178266399408467,0.1184153636948677,0.6172692106531731,0.7147109043917652,0.09744169373859213
Norman,1,ETS2+IGDCC3,combo_seen1,0.0015598339113370757,0.0016795223268919659,-0.07673151268540784,0.016890062015232313,0.017014495681641834,-0.007367271138335722,0.8951509526533039,0.8961482762350247,0.000997323581720777
Norman,1,ETS2+IKZF3,combo_seen1,0.0013867190734913003,0.0014627310296232805,-0.05481424290257089,0.012888758158196584,0.012387459967334142,0.038894219653244334,0.9869792068048694,0.9865039543840722,-0.00047525242079715646
Norman,1,ETS2+MAP7D1,combo_seen1,0.002775289947838176,0.0029242162313219944,-0.053661522321235444,0.0793551225465784,0.08148782961287317,-0.026875480723288606,0.5899478244873064,0.550138409301236,-0.039809415186070396
Norman,1,ETS2+MAPK1,combo_seen1,0.0024736249660553813,0.002450643562550142,0.009290577116824234,0.07573180696187203,0.0737596298453131,0.026041595938042707,0.9789457874741754,0.9803343259411054,0.0013885384669299894
Norman,1,ETS2+PRTG,combo_seen1,0.001219478999911063,0.0013244342315720213,-0.08606563267478386,0.01559126684365884,0.015836109466651187,-0.015703831218303328,0.9202879729261236,0.9201148770834507,-0.0001730958426728879
Norman,1,ETS2+TGFBR2,combo_seen1,0.0022911719793194695,0.0024140092969670846,-0.053613311770729886,0.049426017594434095,0.05007512148648548,-0.013132838202292843,0.050566507548304336,0.06461669904748199,0.014050191499177654
Norman,1,FEV+ISL2,combo_seen1,0.008731703974272706,0.008604608094163559,0.01455567899274024,0.2350801850594234,0.22525880614299626,0.04177884628576631,0.6011086470538473,0.6350491504114827,0.03394050335763543
Norman,1,FEV+MAP7D1,combo_seen1,0.005336729727679287,0.005329675375358216,0.0013218492749376405,0.15320568228146025,0.14942914063676896,0.024650140833244422,0.6451160684908499,0.6567569408272625,0.011640872336412644
Norman,1,FOSB+PTPN12,combo_seen1,0.002927576267600752,0.002518548158639281,0.13971561167787555,0.038186947345952696,0.032997712241127984,0.1358902836043191,0.5500265152864504,0.6107402862088424,0.06071377092239194
Norman,1,FOXA1+KLF1,combo_seen1,0.003349039627511331,0.003365207730237128,-0.0048276833134433695,0.0716228596475415,0.06703032124690975,0.06412112589795761,0.6397920440731791,0.655823859853725,0.01603181578054591
Norman,1,IRF1+SET,combo_seen1,0.004272636367891914,0.004274570621198493,-0.0004527072140083603,0.0883647324206927,0.08128242206243845,0.08014860866138675,0.842508749391976,0.8477074781350826,0.005198728743106673
Norman,1,KLF1+MAP2K6,combo_seen1,0.0026340357930126498,0.0027607240464359154,-0.048096633219386654,0.08413150549784153,0.08261411463359583,0.018035940938732238,0.3825120654076397,0.37212824467029354,-0.010383820737346172
Norman,1,KLF1+TGFBR2,combo_seen1,0.00301541203307667,0.0031186054761963584,-0.03422200415324283,0.0847441578568385,0.08199849198826593,0.032399470807308345,0.5610596145074344,0.5515993234143911,-0.00946029109304325
Norman,1,OSR2+PTPN12,combo_seen1,0.002387026971098703,0.002045851020327088,0.14292923997192133,0.025339424277102455,0.01942355264338463,0.2334651162166933,0.7484668752597354,0.7963704638311946,0.047903588571459155
Norman,1,PTPN12+PTPN9,combo_seen1,0.0017198314177925744,0.0015314998888183607,0.10950580796805053,0.04100359178371498,0.035850438287949954,0.12567566087738824,0.8970251675307203,0.9088182837804356,0.011793116249715352
Norman,1,PTPN12+SAMD1,combo_seen1,0.0018382276775772686,0.0015954664641636156,0.1320626472851314,0.036495266616402254,0.03134966715251796,0.14099361207493358,0.932984818022331,0.9425406371194683,0.00955581909713732
Norman,1,PTPN12+SNAI1,combo_seen1,0.0019895916569894257,0.002404249668119174,-0.20841362581766798,0.03067070702663962,0.0309358404572148,-0.008644516422294855,0.6850061183173033,0.7081034354887287,0.02309731717142538
Norman,1,PTPN12+UBASH3A,combo_seen1,0.004339808998630507,0.00404558328679155,0.06779692653105344,0.1377596740001565,0.12992332210298524,0.05688422213573451,0.7381724401080637,0.7557436654464336,0.017571225338369856
Norman,1,PTPN12+UBASH3B,combo_seen1,0.0019498374048207935,0.0017950991389040062,0.07935957405177023,0.05752956391278079,0.05249814842958456,0.08745791104594919,0.9457944493043118,0.9474071043930395,0.0016126550887277658
Norman,1,PTPN12+ZBTB10,combo_seen1,0.0024037989748345785,0.002246445679756137,0.06546025550629503,0.021472065456900346,0.01756654058110811,0.18188864427744839,0.9253830592392245,0.9390003168117306,0.013617257572506092
Norman,1,PTPN12+ZBTB25,combo_seen1,0.0019082930003123694,0.0016748933738472479,0.12230806612344973,0.044957207937877525,0.03948308715574553,0.12176291707652777,0.9509267865927346,0.9593143126015549,0.008387526008820312
Norman,1,RHOXF2+SET,combo_seen1,0.0038020184227316356,0.003792774626201801,0.0024312866225391005,0.07247764248176672,0.06717955811819903,0.0730995681171684,0.8163275500570407,0.8302339458509242,0.01390639579388353
Norman,1,BAK1+TMSB4X,combo_seen2,0.0003985980367408506,0.0003985980367408506,0.0,0.003107241983729442,0.003107241983729442,0.0,0.9877906028805484,0.9877906028805484,0.0
Norman,1,BPGM+SAMD1,combo_seen2,0.0007078212179123289,0.0007078212179123289,0.0,0.005873034547083472,0.005873034547083472,0.0,0.9851849303974572,0.9851849303974572,0.0
Norman,1,CEBPA+CEBPB,combo_seen2,0.005723742440445799,0.005723742440445799,0.0,0.017826811235671678,0.017826811235671678,0.0,0.9947143827085257,0.9947143827085257,0.0
Norman,1,CEBPA+CEBPE,combo_seen2,0.002097801879769331,0.0020736947928471634,0.011491593727057934,0.021479004187366892,0.013952428610324152,0.3504154806892573,0.9811948397393259,0.9881305408597261,0.006935701120400206
Norman,1,CEBPA+JUN,combo_seen2,0.004260432353836109,0.004260432353836109,0.0,0.02562419544384566,0.02562419544384566,0.0,0.9888142826324339,0.9888142826324339,0.0
Norman,1,CEBPB+CEBPE,combo_seen2,0.002931470562953276,0.0023231479785629883,0.20751447825470917,0.04868076513769323,0.030856030761768148,0.3661555919572738,0.9612800998411649,0.9761479143979401,0.014867814556775216
Norman,1,CEBPB+LYL1,combo_seen2,0.0021414409057470252,0.0021414409057470252,0.0,0.025284609319373687,0.025284609319373687,0.0,0.9107331817165516,0.9107331817165516,0.0
Norman,1,CEBPE+FOSB,combo_seen2,0.005731340525839339,0.004506680009835803,0.2136778490969506,0.15155851668056167,0.11273221616199,0.2561802620462792,0.9482144731220334,0.974077165566199,0.025862692444165614
Norman,1,CEBPE+SPI1,combo_seen2,0.009604210113110315,0.008061707569530669,0.1606069135736669,0.21831300414172852,0.17616521977828817,0.19306126324970577,0.906701411911351,0.9397388871818827,0.03303747527053169
Norman,1,DUSP9+IGDCC3,combo_seen2,0.0027092103949787503,0.002579796788924667,0.04776801620647051,0.0673283001000699,0.06059075969888533,0.10006996153431143,0.9302830834310152,0.9482963749473874,0.01801329151637221
Norman,1,DUSP9+PRTG,combo_seen2,0.0027363439520818517,0.002570756230247648,0.060514220702489505,0.07105286700895058,0.0644060813406967,0.09354704388517615,0.9409627959136577,0.9592133029900596,0.018250507076401856
Norman,1,FOXA1+FOXA3,combo_seen2,0.000783275847370033,0.000783275847370033,0.0,0.0054413230475063926,0.0054413230475063926,0.0,0.9847159366940603,0.9847159366940603,0.0
Norman,1,FOXL2+ZNF318,combo_seen2,0.0008240718039347905,0.0008240718039347905,0.0,0.0054306346145918645,0.0054306346145918645,0.0,0.9617492241700837,0.9617492241700837,0.0
Norman,1,IKZF3+MAPK1,combo_seen2,0.000945760293942842,0.000945760293942842,0.0,0.007026512334379084,0.007026512334379084,0.0,0.9846641294297843,0.9846641294297843,0.0
Norman,1,MAPK1+PRTG,combo_seen2,0.0010537554321491038,0.0010537554321491038,0.0,0.010859871729879471,0.010859871729879471,0.0,0.9273379429424031,0.9273379429424031,0.0
Norman,1,UBASH3A+UBASH3B,combo_seen2,0.00033299188998050166,0.00033299188998050166,0.0,0.003365279662776276,0.003365279662776276,0.0,0.9791247715275644,0.9791247715275644,0.0
Norman,1,UBASH3B+ZBTB25,combo_seen2,0.0006716193552884579,0.0006716193552884579,0.0,0.010109209039791399,0.010109209039791399,0.0,0.9903506757184022,0.9903506757184022,0.0
Norman,1,ARID1A,unseen_single,0.003272456973738536,0.0036481855616330647,-0.11481544017530261,0.08289996866562642,0.08951589303124166,-0.07980611418926221,0.8344431773433212,0.7717863338242675,-0.06265684351905365
Norman,1,BCL2L11,unseen_single,0.0008620929407122626,0.0007674661049708509,0.10976407678646675,0.002927435724973762,0.0015337716117819538,0.47606992744624627,0.35649719507837474,0.8334925649805541,0.4769953699021794
Norman,1,BCORL1,unseen_single,0.0009181472660772839,0.0009242844703565041,-0.0066843354067163355,0.016682688263878896,0.01603669908068223,0.03872212757193046,0.3720986304156515,0.42911735627273306,0.057018725857081565
Norman,1,CBL,unseen_single,0.0010069069734226135,0.0010485214593125747,-0.04132902739615353,0.026135693279136233,0.029689655213661504,-0.13598116172270625,0.6597958266552605,0.5788556706374822,-0.08094015601777826
Norman,1,CDKN1B,unseen_single,0.0009037689175957571,0.0008754704518503858,0.0313116164922467,0.022328593507089902,0.017080864451451707,0.23502282192435928,0.9061694383928631,0.9072398210467331,0.001070382653869939
Norman,1,CDKN1C,unseen_single,0.0015765741506883527,0.0013278467419091042,0.15776448489317862,0.03641275768462205,0.023254399707906673,0.3613666970978267,0.88985228864958,0.8797552095730365,-0.010097079076543447
Norman,1,CELF2,unseen_single,0.001236971451228106,0.0012210351352438618,0.012883333700565302,0.030707545607686692,0.029894719159366822,0.026469925623635766,0.4006523596415803,0.4153367550863194,0.014684395444739096
Norman,1,CKS1B,unseen_single,0.0021244548278566357,0.002248533106529275,-0.05840476203385413,0.05958895597029417,0.06034792908122312,-0.012736808332525697,0.8077500469768025,0.803488767367629,-0.004261279609173552
Norman,1,CNN1,unseen_single,0.00227264700679941,0.0020398404859964994,0.10243848697417127,0.07687957384823617,0.07005006640321253,0.08883383587044076,0.5466764093113908,0.659149648172207,0.11247323886081617
Norman,1,DLX2,unseen_single,0.001552638284591905,0.001410269521107652,0.09169473978394982,0.0516938951006072,0.043092004938426284,0.16640050329811337,0.3102957932636638,0.49880475450213146,0.18850896123846766
Norman,1,ETS2,unseen_single,0.0023882859125763196,0.002514807340672747,-0.05297582983267889,0.07700463014444821,0.07892786504382608,-0.024975574790375547,0.09259944514951163,0.07593228070973301,-0.016667164439778615
Norman,1,FEV,unseen_single,0.004928441722046781,0.0047481349479413775,0.03658494596757094,0.14754659523353744,0.13876253930623905,0.05953411472081036,0.4837048141021841,0.5630033055711019,0.07929849146891782
Norman,1,HES7,unseen_single,0.007909587024176264,0.007505620223744038,0.05107305845393323,0.17458403411576282,0.15938822976484335,0.08704005740206155,0.7233198189237449,0.833624437132439,0.11030461820869408
Norman,1,KLF1,unseen_single,0.00348552662665466,0.0036126593058279414,-0.036474453587893176,0.10007469796981634,0.09760302268737635,0.024698303692962227,0.2523721799979867,0.2744609481809269,0.0220887681829402
Norman,1,NIT1,unseen_single,0.003491276891799086,0.0037348423541815065,-0.06976400610176436,0.07460829137022978,0.07916510905218815,-0.061076558627324785,0.6827756322486211,0.6253895144395253,-0.05738611780909586
Norman,1,PTPN12,unseen_single,0.0013437174720268734,0.0011243041847729819,0.16328825949023862,0.0322583687545982,0.026816694835741638,0.168690300500111,0.6159031737292302,0.7071712714953543,0.0912680977661241
Norman,1,PTPN13,unseen_single,0.0013070676416360781,0.0014019953566048683,-0.07262647467117127,0.036650143359998166,0.038243017351976966,-0.04346160331032547,0.692762684400247,0.605840454624658,-0.08692222977558905
Norman,1,RREB1,unseen_single,0.001027819771178367,0.001188975440807979,-0.15679370464420186,0.023409025887330827,0.02488703075888328,-0.06313824755742453,0.7092577079092468,0.6547360438449221,-0.05452166406432468
Norman,1,RUNX1T1,unseen_single,0.0008020568707208212,0.0006974265353303183,0.13045251429174837,0.014593337306445282,0.013194591834443796,0.09584822461300319,-0.002105974951468555,0.15041066617603008,0.15251664112749863
Norman,1,SET,unseen_single,0.0036726697586331853,0.0037079133939029573,-0.009596189580325412,0.10388640448026884,0.10072408549461169,0.030440162035425627,0.6215063672515362,0.5954258583246643,-0.02608050892687186
Norman,1,CBL+CNN1,combo_seen0,0.006674416719657861,0.006813830691166402,-0.02088781347708349,0.2285813692653827,0.2406091791252328,-0.05261937969181484,0.7650329062169824,0.7626850870009171,-0.0023478192160653055
Norman,1,CBL+PTPN12,combo_seen0,0.0042759135519687295,0.003839550398479082,0.10205144425540032,0.11905668387791234,0.11476990881632762,0.036006168842907006,0.7013034853847929,0.7285600811727619,0.027256595787969018
Norman,1,CDKN1B+CDKN1C,combo_seen0,0.0020683552810894213,0.0021470288852668096,-0.0380367942087542,0.034057066009992996,0.01955183308554611,0.42590964589230246,0.9071273107002592,0.9284151134853603,0.021287802785101118
Norman,1,CNN1+ETS2,combo_seen0,0.0018109906804665836,0.0016154168469002597,0.10799273330105502,0.02917739019248202,0.023000892380308783,0.21168780934234147,0.7575639235660933,0.81042846492339,0.05286454135729679
Norman,1,KLF1+SET,combo_seen0,0.005054039348753434,0.005118995440793115,-0.012852312290703155,0.13020726021160597,0.11432455156335941,0.12198020772754778,0.4446189803703936,0.5350529817054441,0.09043400133505053
Norman,2,BAK1+BCL2L11,combo_seen1,0.0013775530169858725,0.001458179673275379,-0.05852889529139148,0.003291716127626432,0.00384941398683733,-0.16942465194076103,0.5468723530289857,0.5567074865062526,0.009835133477266833
Norman,2,BAK1+KLF1,combo_seen1,0.0007995911682069878,0.0007496916424366329,0.06240629931199739,0.00830265872907275,0.007185662979152672,0.13453470585377472,0.9510650541320623,0.9595981201272831,0.008533065995220745
Norman,2,BAK1+TMSB4X,combo_seen1,0.0010480179624175966,0.0010528051074555095,-0.004567808195643698,0.006060610624814078,0.0038537903698019414,0.36412506785648113,0.9412972772063022,0.9631508519948634,0.021853574788561203
Norman,2,BPGM+SAMD1,combo_seen1,0.0018404563390305162,0.0015781119834227188,0.14254310197110714,0.0323988889462616,0.02775189724596199,0.1434305882528051,0.9205738602361487,0.9314757675541019,0.010901907317953152
Norman,2,BPGM+ZBTB1,combo_seen1,0.0011964027949192583,0.001042428197469502,0.1286979586671289,0.022673809725798404,0.018281288975545647,0.19372663012404653,0.9293008112788724,0.9408654037999277,0.01156459252105524
Norman,2,CBFA2T3+POU3F2,combo_seen1,0.0024143118563406886,0.002372231543634931,0.017429526593775467,0.03281665142242396,0.029907650638399747,0.08864404678523848,0.8786680099512036,0.884835712099712,0.006167702148508369
Norman,2,CBL+CNN1,combo_seen1,0.00649186884979636,0.006211189279300236,0.043235557740037796,0.22324294508057466,0.21908856602066887,0.01860922887577189,0.7901790415239797,0.8339106305456656,0.043731589021685946
Norman,2,CBL+UBASH3A,combo_seen1,0.0026236617627840852,0.002328006158051148,0.11268815551102274,0.021339502734708776,0.018014633183290128,0.155808201941404,0.9865543420724593,0.9701946340046954,-0.01635970806776388
Norman,2,CEBPA+CEBPE,combo_seen1,0.0016111884738343675,0.001595135649933429,0.009963343309386618,0.017677929780163484,0.01183839712339358,0.3303289881444421,0.9848846038154275,0.99113191653267,0.006247312717242437
Norman,2,CEBPA+JUN,combo_seen1,0.003963448587922849,0.0033958962258764094,0.14319659999522802,0.03130186353586271,0.015613525311335546,0.5011950233107673,0.9918533867927857,0.9917935142108184,-5.987258196726852e-05
Norman,2,CEBPB+CEBPE,combo_seen1,0.0042571668138878934,0.003473102011760737,0.18417525936952955,0.08400083856887125,0.062048803415512506,0.2613311429666329,0.9442887899175351,0.9585451179094406,0.01425632799190557
Norman,2,CEBPB+JUN,combo_seen1,0.004767936782003374,0.004003463767481168,0.16033623126206653,0.043953532038558236,0.027783862849753517,0.3678809970179388,0.9502712927696735,0.968143287804459,0.017871995034785537
Norman,2,CEBPE+ETS2,combo_seen1,0.003672680866946901,0.002881401187692248,0.21545015968470024,0.10957108687714225,0.0788324081411637,0.28053640437503935,0.8280336655933487,0.8881153900329418,0.06008172443959314
Norman,2,CEBPE+FOSB,combo_seen1,0.007191778594756515,0.005915216325489258,0.17750299907702824,0.1893439633506562,0.14669810195796162,0.22522958027299994,0.9120045699487002,0.9416584381751648,0.029653868226464652
Norman,2,CEBPE+KLF1,combo_seen1,0.001279580284177376,0.0010277094726800005,0.19683861545217515,0.02469951383359593,0.015540531995974615,0.3708162800015682,0.8172298874454054,0.8841992383686406,0.0669693509232352
Norman,2,CEBPE+PTPN12,combo_seen1,0.0023103112835867815,0.0017606212151624614,0.23792900650639628,0.045297189800779805,0.028265435612847237,0.3760002389295983,0.636197740237726,0.7828953284095349,0.1466975881718089
Norman,2,CEBPE+RUNX1T1,combo_seen1,0.0019812729752314694,0.0014563832468440742,0.264925497369222,0.05991771387572433,0.03773339999835088,0.3702463335531469,0.7070051052524662,0.8528593047903066,0.1458541995378404
Norman,2,CEBPE+SET,combo_seen1,0.0022978081831843632,0.0020371176220387336,0.11345183773536646,0.039444183022695985,0.029082810121192165,0.2626844342432429,0.8413302901710081,0.893522046032154,0.05219175586114588
Norman,2,CEBPE+ZC3HAV1,combo_seen1,0.0014096234873447985,0.0010998057770325884,0.21978756249003084,0.03391062117279717,0.01950585267342956,0.4247863354070022,0.6130159467220593,0.8058482289053666,0.19283228218330728
Norman,2,CNN1+ETS2,combo_seen1,0.001719420078749627,0.001367728824003156,0.2045406233724007,0.038350834279868115,0.0297214096308548,0.22501269688266587,0.6224552062037052,0.7028943806717458,0.08043917446804061
Norman,2,CNN1+MAPK1,combo_seen1,0.0008746200220718659,0.0006937829797631606,0.20676069349558784,0.014467242887819254,0.00908624056671761,0.37194387091075926,0.9212527491805454,0.9508259569794909,0.029573207798945456
Norman,2,CNN1+UBASH3B,combo_seen1,0.003820177151170646,0.0035945544906000174,0.059060784786247225,0.13799090283175997,0.12912981914871172,0.06421498447511269,0.9351517311944642,0.954763112067449,0.019611380872984863
Norman,2,DUSP9+IGDCC3,combo_seen1,0.0011573180781003214,0.001215095766825426,-0.04992377620156406,0.023007474700845028,0.024055117851840536,-0.04553490396566775,0.9628999903824981,0.9739605414551321,0.01106055107263404
Norman,2,ETS2+IGDCC3,combo_seen1,0.0020112420085615012,0.0020160016937243626,-0.002366540248562937,0.03688149379860341,0.03740664868497241,-0.014238980916464179,0.6391026104277947,0.6125069368148107,-0.026595673612983983
Norman,2,FOXA1+FOXA3,combo_seen1,0.0010280370557916574,0.0010353813139190172,-0.007143962453478149,0.015089066269552087,0.014029770280417892,0.07020288533504065,0.9754165443170617,0.9758739752418167,0.0004574309247550312
Norman,2,FOXA1+FOXF1,combo_seen1,0.0014490924946613996,0.0013372430629508755,0.0771858470888425,0.022486465883497758,0.02069035189468738,0.07987533470648678,0.9693052561432585,0.9708280609821911,0.0015228048389326343
Norman,2,FOXA1+HOXB9,combo_seen1,0.0013121516284560633,0.0012642311152212494,0.03652056073062178,0.02181149866925134,0.020234644859106917,0.07229461093232377,0.966516133103122,0.964912013375492,-0.0016041197276299712
Norman,2,FOXA1+KLF1,combo_seen1,0.001566711158544307,0.0013986692797992198,0.10725772764727196,0.030608099327569936,0.026167697243321904,0.14507278079329755,0.8424489295949527,0.865734966643332,0.023286037048379393
Norman,2,FOXA3+FOXL2,combo_seen1,0.0030578458282378993,0.0028709776401236006,0.06111105615222677,0.03970932203262237,0.038582916248155734,0.02836628093376309,0.9573926058603298,0.9613921395145837,0.003999533654253873
Norman,2,FOXF1+FOXL2,combo_seen1,0.0034084469948104197,0.003235726869088434,0.050674141620791875,0.06352308850402807,0.057968601104948496,0.08744044928998315,0.9301465447575709,0.9513004578243611,0.021153913066790264
Norman,2,FOXL2+HOXB9,combo_seen1,0.002806697624858518,0.002689505950060354,0.04175429293138459,0.03441808152736771,0.028667578036764976,0.16707797864997767,0.9403041925293177,0.9614749411023268,0.021170748573009046
Norman,2,FOXL2+MEIS1,combo_seen1,0.0020519350446179924,0.0019064927933957127,0.07088053376921423,0.035898487606154515,0.030721419966059812,0.14421408770455096,0.8921709864108698,0.9332187934986177,0.04104780708774791
Norman,2,FOXL2+ZNF318,combo_seen1,0.0009878169936505645,0.0009350437189537104,0.05342414135013597,0.011456368814741165,0.011091943818674439,0.03180981705108971,0.9126699756548861,0.9229663427476278,0.010296367092741732
Norman,2,IGDCC3+MAPK1,combo_seen1,0.002004820397728239,0.0020223962302342064,-0.008766786553989356,0.025233344327988884,0.022617340306297855,0.10367250522513384,0.8007017239780478,0.8110393651021188,0.010337641124070984
Norman,2,IGDCC3+PRTG,combo_seen1,0.0008842056157071514,0.000759287836565952,0.14127684434722262,0.01127785264294569,0.007226976939715148,0.35918856465679827,0.951907805963419,0.970854720648874,0.018946914685455063
Norman,2,IGDCC3+TGFBR2,combo_seen1,0.0012445234001794148,0.0014003816904226208,-0.1252353231933903,0.03218850671864316,0.03645568017131647,-0.13256823281590208,0.8969362892339511,0.9384505325056688,0.04151424327171771
Norman,2,IGDCC3+ZBTB25,combo_seen1,0.001977299057281736,0.0024134223384397685,-0.22056515910020563,0.04520152785773131,0.05434442644464612,-0.20226968025708014,0.9476137899042438,0.9606650725872982,0.013051282683054333
Norman,2,KIF18B+KIF2C,combo_seen1,0.001662863205879611,0.001399986473475253,0.15808680562229602,0.002261257818710859,0.0015371426433113736,0.3202267204596347,0.795341185345838,0.9189090453340282,0.1235678599881902
Norman,2,MAP2K6+SPI1,combo_seen1,0.0022205119478508803,0.001769165763432969,0.20326221836128652,0.0301679491362039,0.02203799946502683,0.26948963731248454,0.660540161560249,0.7570324789314251,0.09649231737117614
Norman,2,PTPN12+UBASH3A,combo_seen1,0.001447377664317558,0.001123953524161685,0.22345525161075921,0.03786764053120496,0.02593289279765788,0.31517009156438497,0.9843846417842363,0.9891850558867668,0.004800414102530404
Norman,2,UBASH3A+UBASH3B,combo_seen1,0.00037771958234545717,0.00047490727320908047,-0.2573011710436997,0.004065796414602138,0.006934610775425569,-0.7055971495572685,0.9766428433164511,0.9762745340869387,-0.0003683092295124757
Norman,2,CBFA2T3+FEV,combo_seen2,0.006044247007171304,0.00602435705668642,0.0032907242972178264,0.12348981868621849,0.12277262307955017,0.005807730663939795,0.9102766184672154,0.9074374769638182,-0.002839141503397258
Norman,2,CBFA2T3+PRDM1,combo_seen2,0.00283112615149269,0.0028343965464323164,-0.0011551569109352284,0.026880491773111692,0.026777187071249854,0.003843110562626415,0.953409046858841,0.9513752818735275,-0.002033764985313491
Norman,2,CBL+TGFBR2,combo_seen2,0.001730394630975958,0.0017730995100203343,-0.024679271583436652,0.04450232050373411,0.04941313924249509,-0.11034972296217503,0.8548048491112772,0.8093200467859155,-0.04548480232536167
Norman,2,CEBPB+FOSB,combo_seen2,0.004288627692923012,0.00429823468936657,-0.002240109688096913,0.051427645056299987,0.051160175406035534,0.005200892437747102,0.9688240132184459,0.967350441690606,-0.0014735715278398898
Norman,2,CLDN6+KLF1,combo_seen2,0.0015221547731863352,0.0015604871401241843,-0.025182962740121197,0.01750602628526327,0.018968095204948087,-0.08351803521028647,0.9628523816572798,0.9592287504121172,-0.0036236312451626285
Norman,2,DLX2+SNAI1,combo_seen2,0.0014869516983808725,0.0015041151717754382,-0.011542724227864848,0.01630671845273723,0.017026145686304523,-0.04411845557108578,0.9477271764104708,0.9459848668574167,-0.0017423095530541
Norman,2,ETS2+MAPK1,combo_seen2,0.0017305412821596428,0.001709480088103996,0.012170292770689201,0.030596016944276175,0.029354707862777513,0.04057093718307939,0.9656568177021412,0.9641250961397602,-0.0015317215623810165
Norman,2,FEV+ISL2,combo_seen2,0.0018434541953566857,0.0018282493463236144,0.008248021063593243,0.0265789494030206,0.025913861847940433,0.025023094216228982,0.9825768005398151,0.9817496091626773,-0.0008271913771378259
Norman,2,FOSB+OSR2,combo_seen2,0.0014344597377681176,0.0014235781036318386,0.007585876305744052,0.022866096433926977,0.022213729802204388,0.028529864448339194,0.9645085775218729,0.9640284958588271,-0.000480081663045806
Norman,2,FOSB+PTPN12,combo_seen2,0.0006449453639199352,0.000660562170275325,-0.024214153987357892,0.00422771789586929,0.004614445683081842,-0.0914743596280173,0.9575953229939506,0.9536677616679202,-0.003927561326030338
Norman,2,FOSB+UBASH3B,combo_seen2,0.0004413825206093971,0.0004366551539843168,0.010710362110745612,0.0024361940270293137,0.0024287233280888497,0.0030665451345735853,0.9649322848437154,0.9652112166683198,0.00027893182460436705
Norman,2,FOXA3+FOXF1,combo_seen2,0.0008670565580428936,0.0008705224654801302,-0.003997325670495804,0.004767294079857234,0.004745761540550033,0.00451672142446174,0.9791413443483868,0.978841238367798,-0.0003001059805888273
Norman,2,FOXF1+HOXB9,combo_seen2,0.000956024131952639,0.0009550335969678042,0.00103609830727987,0.009365687251806917,0.009279993311919843,0.009149775940953085,0.9789622021016975,0.9781550690451395,-0.0008071330565579959
Norman,2,HOXC13+ZC3HAV1,combo_seen2,0.0011845181231498728,0.0012093501439317713,-0.020963816674974312,0.01018193965680678,0.010701510583643959,-0.05102867865552883,0.9577112081967889,0.9576270639315564,-8.414426523251084e-05
Norman,2,IRF1+SET,combo_seen2,0.004720881406528405,0.004715183610521426,0.0012069347895711895,0.12131002604384236,0.1190446340338995,0.018674400491218487,0.8399145529779097,0.83753118171581,-0.002383371262099754
Norman,2,KLF1+SET,combo_seen2,0.0014012467637133184,0.0014172592243226298,-0.011427295337245444,0.027295895229649335,0.027930437794926734,-0.023246812751103584,0.9115003412655321,0.9096165104285922,-0.0018838308369399925
Norman,2,MAP2K3+MAP2K6,combo_seen2,0.0009356404541002188,0.0005887149895370395,0.37078929522859133,0.014839780298491392,0.006888842585148741,0.5357854060784809,0.7766301570754695,0.8966833969966508,0.12005323992118133
Norman,2,PTPN12+ZBTB10,combo_seen2,0.001706155281140962,0.0017133020126662531,-0.0041887931328922195,0.009390825272645483,0.00961549054676112,-0.023923911647048116,0.9688375730272708,0.9688724625731794,3.488954590857851e-05
Norman,2,SGK1+TBX2,combo_seen2,0.0005797956065053089,0.0005886979923242643,-0.015354351980371403,0.0032026285244847524,0.003252965995342573,-0.01571754902979863,0.991167371725142,0.9912932854687155,0.0001259137435735136
Norman,2,SGK1+TBX3,combo_seen2,0.000749089031528433,0.0007102528284165389,0.051844575847884315,0.009564437142413318,0.00732936207089115,0.23368600140731433,0.9832195389601776,0.9865700184580682,0.0033504794978906904
Norman,2,BAK1,unseen_single,0.0009488487730656423,0.000942660615220693,0.006521753540299103,0.008167854309628903,0.0056723420070070585,0.30552850332797193,0.049806705114100756,0.4503488266299937,0.40054212151589297
Norman,2,BPGM,unseen_single,0.0017111428727584449,0.001501561796090694,0.12248017392603579,0.05304290113949905,0.04761886622226987,0.10225750855829606,0.6807621740480646,0.7293552643489606,0.04859309030089598
Norman,2,CEBPE,unseen_single,0.006328443498270481,0.005086107599682302,0.19630986654581023,0.2027936109296588,0.15807557423408217,0.22051008653861182,0.544918631273663,0.7773894234240154,0.23247079215035238
Norman,2,CNN1,unseen_single,0.002178125447051057,0.0018098500735721406,0.1690790463779398,0.07581538178720262,0.06379930582888027,0.15849126753788406,0.5768350412449953,0.7582156364844606,0.18138059523946526
Norman,2,COL1A1,unseen_single,0.004012036482457903,0.0032393408404045978,0.1925943708218542,0.11674454069120274,0.09029906309482548,0.22652431916561608,0.4764057316976458,0.7984498932832077,0.3220441615855619
Norman,2,FOXA1,unseen_single,0.0006558415639644893,0.0006436075793712117,0.018653872010374644,0.01599157904602165,0.01491653991233607,0.06722532719200269,0.7284041587135542,0.740305562743587,0.011901404030032814
Norman,2,FOXL2,unseen_single,0.001218527865442764,0.001066698009098415,0.12460105398507249,0.02918195843962388,0.022852550684079462,0.21689455039968167,0.7145281598711148,0.8526612294070656,0.13813306953595073
Norman,2,HES7,unseen_single,0.008191973636947666,0.007715030008291352,0.058220845158142326,0.18052797139041898,0.16247552431416729,0.09999806089445584,0.7058040484173598,0.8249225044773887,0.11911845606002891
Norman,2,HNF4A,unseen_single,0.0031813542793900766,0.0032553377528832545,-0.023255339391927744,0.07280050182395967,0.07051902600203187,0.03133873757415404,0.6863686393247106,0.6685462149965309,-0.01782242432817971
Norman,2,HOXA13,unseen_single,0.005047125105013229,0.005020595050259306,0.005256468623607362,0.11118784276463484,0.11310318056923262,-0.017226144126675922,0.9326790176838182,0.9118950800018201,-0.020783937681998155
Norman,2,IGDCC3,unseen_single,0.0015114867044267407,0.0018462560837769115,-0.22148350916334278,0.04354764807786678,0.052376344476277543,-0.20273646885876204,0.810419006698568,0.8111019122384604,0.0006829055398923645
Norman,2,JUN,unseen_single,0.0019449370324504036,0.0019275438031887276,0.008942823840298007,0.05355816523019448,0.0429188958927422,0.1986488762586322,0.7245022153790848,0.7832943933919002,0.058792178012815444
Norman,2,KIF2C,unseen_single,0.0005424907217770834,0.0002672765576056801,0.5073158915416297,0.008885965180315104,0.0028610235421840024,0.6780289496832635,0.5434272671847168,0.8809783876503967,0.3375511204656799
Norman,2,NCL,unseen_single,0.0008384850915810025,0.0008092903073741743,0.03481848932075824,0.00837496076133416,0.002885280224597761,0.6554873142906372,0.2611342592462143,0.8256551261448521,0.5645208668986379
Norman,2,POU3F2,unseen_single,0.0009267248945965287,0.000868891226804809,0.062406511499724975,0.021483166883584825,0.018867509393857482,0.12175381329490824,0.7903206390538413,0.8547202055746188,0.0643995665207775
Norman,2,PTPN13,unseen_single,0.0013118698949918673,0.001467697246560303,-0.11878262635899707,0.03807820840582986,0.04064957499858294,-0.06752856030798443,0.6802897781694155,0.5808586336313291,-0.09943114453808644
Norman,2,RREB1,unseen_single,0.0010138663341770786,0.0012334509865852292,-0.2165814614866171,0.023611119109851933,0.02618437998364944,-0.10898512949874507,0.7235526533694315,0.643933648178067,-0.07961900519136456
Norman,2,SLC4A1,unseen_single,0.0026316183139032984,0.002845130509289078,-0.08113342054877691,0.08268464643779268,0.09352701909281379,-0.13112921348920936,0.13666302370196395,0.03718816409334217,-0.09947485960862179
Norman,2,SPI1,unseen_single,0.0052297498872095815,0.004297890877468014,0.1781842401336666,0.13309730061820485,0.10217862160473754,0.2323013229408674,0.9007062011705486,0.8847935814901444,-0.01591261968040414
Norman,2,UBASH3A,unseen_single,0.00030526533919266954,0.00038084330948871337,-0.24758123701801096,0.001644131364061967,0.0021215577296919788,-0.29038212886498865,0.8646512803425115,0.8830590453560829,0.018407765013571442
Norman,2,CEBPE+CNN1,combo_seen0,0.0024118646537381167,0.002098337345408656,0.1299937406701196,0.052172892209909644,0.03678831552337811,0.29487682271157306,0.7017107168990826,0.8160617440239653,0.11435102712488265
Norman,2,CEBPE+SPI1,combo_seen0,0.01670583556776458,0.012086584460061781,0.27650524207337834,0.4386027244441135,0.3052119600481504,0.30412662065659307,0.7466689896061192,0.8897094841852158,0.14304049457909662
Norman,2,CNN1+UBASH3A,combo_seen0,0.0056036025683087205,0.0046736186607512975,0.16596178908492984,0.17002260800078162,0.13970171568613288,0.17833447369839986,0.8432189245897611,0.9139116463990811,0.07069272180931996
Norman,2,FOXA1+FOXL2,combo_seen0,0.0025615690780761416,0.0021452628466617943,0.16252000969929445,0.043272392823866655,0.036315317756712505,0.16077398574818383,0.9152493047510181,0.9348532211412588,0.019603916390240728
Norman,2,FOXL2+POU3F2,combo_seen0,0.003217148000532309,0.003039582905455063,0.0551933249722631,0.06015804197116907,0.05980075399320636,0.005939155701476122,0.9364966351337854,0.9392698747327104,0.002773239598924948
Norman,3,AHR+FEV,combo_seen1,0.00936000476129568,0.009330301046566103,0.0031734721815958548,0.2560188879739727,0.2504146423656467,0.021889969340448606,0.6966336983750958,0.6614327637802245,-0.03520093459487128
Norman,3,AHR+KLF1,combo_seen1,0.0015446659353456247,0.0015084525156140287,0.02344417579422645,0.02387371342925164,0.022104375599241256,0.07411238453765111,0.9260852825999871,0.9265402141820006,0.0004549315820134847
Norman,3,CBL+CNN1,combo_seen1,0.003564183988292473,0.003427098376956181,0.03846199067909699,0.12017593327695945,0.11507383818559959,0.04245521505209776,0.9436978033045142,0.9562544184830276,0.012556615178513364
Norman,3,CBL+UBASH3B,combo_seen1,0.0017824358246687404,0.001743635498801624,0.021768147458732356,0.04573926933743496,0.0447616758396898,0.02137317696382743,0.9693231206398835,0.9656502981531053,-0.003672822486778138
Norman,3,CDKN1A+CDKN1B,combo_seen1,0.0011467810514936758,0.0009115291251661994,0.2051410999693988,0.015433437194601747,0.008497694249812426,0.44939716651163625,0.9565854765862465,0.9803027427389742,0.023717266152727734
Norman,3,CDKN1A+CDKN1C,combo_seen1,0.001178117473802363,0.0009816573868054552,0.16675763781249653,0.013385513883199444,0.007678129419475262,0.4263851588759464,0.9592400059211842,0.9766833039120044,0.017443297990820228
Norman,3,CEBPA+CEBPB,combo_seen1,0.0030065754373665913,0.003103974828416141,-0.032395458912835455,0.006363189475038127,0.005592221959017079,0.12116054677382186,0.9912449610555287,0.9917412276033546,0.0004962665478258632
Norman,3,CEBPB+CEBPE,combo_seen1,0.0043601881354657195,0.003496037950297272,0.1981910317445846,0.08828568857341274,0.06754973116046487,0.23487337243459536,0.9633257948594522,0.9702786066723544,0.006952811812902193
Norman,3,CEBPB+FOSB,combo_seen1,0.007378172711698662,0.006083126221812327,0.17552401393815836,0.13706333413666225,0.11127933835463809,0.18811738343031706,0.9609823994508209,0.9720859107094877,0.01110351125866682
Norman,3,CEBPB+JUN,combo_seen1,0.006146591341726275,0.005306271361376648,0.1367131689144674,0.04827389503919083,0.03952184900884847,0.18129976922800764,0.9601662486032837,0.9680427227149261,0.007876474111642384
Norman,3,CEBPB+LYL1,combo_seen1,0.0024915173608965236,0.0021278712939432278,0.14595365565602356,0.05799281920873672,0.04842058830059233,0.16505889933873608,0.7580875012348045,0.8000545075647518,0.04196700632994732
Norman,3,CEBPB+MAPK1,combo_seen1,0.001857242099804325,0.001441466036523357,0.22386745558092466,0.04786525001646948,0.03509318242050583,0.26683382185550125,0.9442690469123705,0.9561488148354742,0.011879767923103746
Norman,3,CEBPB+OSR2,combo_seen1,0.003172911081031948,0.0024834223908640966,0.21730476290044795,0.07238918792261739,0.05413898939633881,0.252112215235619,0.9468489931499559,0.9609240908384373,0.014075097688481475
Norman,3,CEBPB+PTPN12,combo_seen1,0.0023900868526856686,0.0019397429764758676,0.1884215528417987,0.0446084582305235,0.03622988903554904,0.18782467557332874,0.750602286384669,0.8071732486047518,0.05657096222008284
Norman,3,CEBPE+CNN1,combo_seen1,0.00195229965654617,0.0017272162718022445,0.11529141235527465,0.03423061190137562,0.028087994735595444,0.17944806781363218,0.8135547886702449,0.8450558874910914,0.03150109882084651
Norman,3,CLDN6+KLF1,combo_seen1,0.003274147510707016,0.003189019741861575,0.025999979709850768,0.09487939308047967,0.0851545962223738,0.10249640667343851,0.8516616003748874,0.8873671644653,0.03570556409041259
Norman,3,CNN1+ETS2,combo_seen1,0.003003432932912202,0.0026615821072540386,0.11382002971070053,0.059754685999512704,0.05111369725076883,0.14460771744017434,0.5226882353481969,0.5749706117849432,0.05228237643674638
Norman,3,CNN1+MAPK1,combo_seen1,0.0009097155430507893,0.0007620001503308669,0.16237536430844018,0.013392228746994661,0.00853454873713261,0.36272379315146924,0.9290878754643206,0.9543055026357787,0.025217627171458146
Norman,3,CNN1+UBASH3A,combo_seen1,0.003841667800460056,0.0037236830976518686,0.03071184416155352,0.11575054596917962,0.11119578900693444,0.039349766552789774,0.9262932104891524,0.9428798665193107,0.016586656030158298
Norman,3,DUSP9+ETS2,combo_seen1,0.006143091833870104,0.00562226248323129,0.08478293418425015,0.14989548780649004,0.13835694965365425,0.07697722140730244,0.19333679002571458,0.25461562384243275,0.06127883381671817
Norman,3,DUSP9+IGDCC3,combo_seen1,0.002989469481257706,0.0027870554614562947,0.06770901026768572,0.0786615977755096,0.07152724543761817,0.09069676360060708,0.9210533924202619,0.9456129919807479,0.024559599560486034
Norman,3,DUSP9+KLF1,combo_seen1,0.00460095261923777,0.004418981290665914,0.039550793853209185,0.15096837308362202,0.14222422035199883,0.0579204276565911,0.815225574569969,0.844726792247769,0.029501217677800007
Norman,3,DUSP9+MAPK1,combo_seen1,0.0035160181597682105,0.003087702646203441,0.1218183451000736,0.0561805484656695,0.046774453666853386,0.1674261831844511,0.4721164678510974,0.5507103422270537,0.07859387437595633
Norman,3,DUSP9+PRTG,combo_seen1,0.0029307462473532418,0.002740301558292518,0.06498163709420925,0.08019557586390222,0.07358167029019158,0.08247220002428714,0.9417046141503551,0.9617903168110634,0.020085702660708304
Norman,3,DUSP9+SNAI1,combo_seen1,0.006021262021096107,0.006184143864997711,-0.027051113758366756,0.13083339042039654,0.1317201333447044,-0.00677764996732522,0.9172008217285531,0.9352767732258381,0.018075951497285025
Norman,3,ETS2+IKZF3,combo_seen1,0.008894439519215503,0.008670378570281839,0.025191126259232414,0.31615962144072574,0.30493961154865873,0.03548843410470289,0.35356683096711783,0.38489926313397255,0.03133243216685472
Norman,3,FOSB+IKZF3,combo_seen1,0.004583662398050136,0.004443082393279457,0.03066979907387616,0.15287781789485616,0.14506329654969974,0.05111612301093261,0.5031213941527963,0.5378056344119987,0.03468424025920236
Norman,3,FOSB+UBASH3B,combo_seen1,0.0012936142119508237,0.0013620259949492235,-0.05288422341559779,0.013464746623858359,0.01359704248916728,-0.009825351267620906,0.8830040452175412,0.8934993044528831,0.010495259235341892
Norman,3,FOXA1+HOXB9,combo_seen1,0.0029324280319057467,0.002540877863329313,0.1335242209923803,0.06272624405167154,0.05179151932393058,0.1743245573373299,0.929481025312568,0.9347138535258069,0.005232828213238894
Norman,3,FOXA3+HOXB9,combo_seen1,0.0019259473511881087,0.001686690119009359,0.12422833471078681,0.03354739991995531,0.024588180044567906,0.2670615277715788,0.9633026382477806,0.9848185013538165,0.021515863106035926
Norman,3,FOXF1+HOXB9,combo_seen1,0.0019546668127124497,0.001750119462830857,0.10464563502653768,0.035303730472473586,0.02716345036156588,0.23057846867641096,0.9437870601200206,0.9673530820773389,0.023566021957318384
Norman,3,FOXL2+HOXB9,combo_seen1,0.004691052379663382,0.0040297923846479514,0.14096197217539502,0.07621885110244069,0.05551055649873526,0.2716951817585493,0.8381023545963753,0.9219484179679235,0.08384606337154821
Norman,3,IKZF3+MAP2K3,combo_seen1,0.006037853282236534,0.005742878125256394,0.04885431016483325,0.2303469103383552,0.22256149824250127,0.03379863912399772,0.5826791900748057,0.6119475147723495,0.029268324697543813
Norman,3,IKZF3+MAPK1,combo_seen1,0.005890945551192654,0.005716831100721794,0.02955628242661475,0.201709956185261,0.19312546044661405,0.04255861188508958,0.42786318757935937,0.4548654939178395,0.02700230633848011
Norman,3,KLF1+MAP2K6,combo_seen1,0.0015259632835090686,0.001429684433908278,0.06309381794520638,0.014965224293941315,0.014055901633989813,0.0607623809767851,0.9147235839954448,0.9216747119878966,0.006951127992451789
Norman,3,MAP2K3+MAP2K6,combo_seen1,0.005287649838140609,0.004465282082092264,0.15552613755103145,0.11246452568624588,0.09984603751831045,0.11219971889748195,-0.5911285471656105,-0.5719595627521884,0.019168984413422074
Norman,3,MAP2K3+SLC38A2,combo_seen1,0.006369531319644288,0.005535776576674829,0.13089734568037592,0.15310060301700376,0.1354409591950218,0.11534666404952455,-0.7299801858992695,-0.612608372175294,0.11737181372397554
Norman,3,MAP2K6+SPI1,combo_seen1,0.005415624249455663,0.005076166196061171,0.06268124185842687,0.04552300124403418,0.04195457465951495,0.07838733139298182,0.9102822910348422,0.9127522961816008,0.002470005146758658
Norman,3,OSR2+UBASH3B,combo_seen1,0.001938708648362167,0.0020264863475105447,-0.045276374674726304,0.022981470695583033,0.02114989403342757,0.07969797435581384,0.8531316493783078,0.870120370876751,0.016988721498443216
Norman,3,PLK4+STIL,combo_seen1,0.0016800645088997238,0.0016858525353739384,-0.00344512156738861,0.0030198672171284457,0.003435122664624319,-0.1375078497294774,0.9387154323327744,0.9364731908537123,-0.002242241479062157
Norman,3,PTPN9+UBASH3B,combo_seen1,0.003315647868467792,0.0029202300386423994,0.11925808937247638,0.08550822409636372,0.07729218019654495,0.09608483846606,0.7489043853117766,0.7756757226298951,0.026771337318118538
Norman,3,PTPN12+UBASH3B,combo_seen1,0.0013915937072278843,0.0013429301781357806,0.034969638651962266,0.03988653008577667,0.038310026631975296,0.039524707975626704,0.9682018202948124,0.9650476052377787,-0.003154215057033727
Norman,3,RHOXF2+SET,combo_seen1,0.0026230711754963894,0.0027065333822431175,-0.03181850630909157,0.043209097670486134,0.04421885388351995,-0.023369065022700645,0.929895453589321,0.9282841737067484,-0.0016112798825725916
Norman,3,RHOXF2+ZBTB25,combo_seen1,0.0016935056305597482,0.0018383921559539554,-0.08555420352887659,0.02835301253302582,0.03157574551930921,-0.11366457030022913,0.9509800997310457,0.9492042560338321,-0.0017758436972136193
Norman,3,SAMD1+UBASH3B,combo_seen1,0.0011705954133805173,0.0011636641997548075,0.005921100959804168,0.016120889771991394,0.015650916687341043,0.02915304870249082,0.9795930576239585,0.978429517721328,-0.001163539902630517
Norman,3,SNAI1+UBASH3B,combo_seen1,0.0015564862029781967,0.001591084859436338,-0.022228694601943752,0.009460613491528783,0.009202346416927198,0.027299188877427685,0.9076580657683067,0.9190014295082051,0.011343363739898416
Norman,3,UBASH3A+UBASH3B,combo_seen1,0.0011069323077963445,0.0011891887019551118,-0.07431022979401636,0.012632992480437479,0.013516952125026483,-0.06997230829970323,0.9245974963401128,0.9290122197152306,0.004414723375117835
Norman,3,UBASH3B+ZBTB25,combo_seen1,0.0012270288411113136,0.0012574032148820653,-0.024754408986215636,0.020299250729213254,0.020502337864362192,-0.010004661642839337,0.9620542890457673,0.9583648876265594,-0.003689401419207927
Norman,3,BAK1+BCL2L11,combo_seen2,0.0014226262807980731,0.001202438287816202,0.15477571021558018,0.003172215412225454,0.002787069780193817,0.12141219368247107,0.3316177811308074,0.6098373482759443,0.27821956714513685
Norman,3,BCL2L11+TGFBR2,combo_seen2,0.0009901765760849124,0.0007431203915335019,0.24950719954238162,0.005765117630465512,0.003541335267690302,0.3857306138948024,0.8234625734606814,0.9024368055451805,0.07897423208449905
Norman,3,CBL+PTPN9,combo_seen2,0.0011339989017280575,0.0010018580021650346,0.11652647931286209,0.015746834167292934,0.013578861534305518,0.13767672980835846,0.9505991324880586,0.9574819231688558,0.006882790680797224
Norman,3,CEBPA+CEBPE,combo_seen2,0.0028947748176241894,0.0028981846559743684,-0.0011779287043050671,0.03125612995225954,0.03127014955840994,-0.0004485394120069005,0.9818409155441032,0.9819674566652224,0.0001265411211192058
Norman,3,CEBPA+ZC3HAV1,combo_seen2,0.0019412911128755032,0.0019355166606330116,0.0029745421509390487,0.01752304109637863,0.01745301279934036,0.003996355236120574,0.984910933934953,0.9849959252453395,8.499131038652852e-05
Norman,3,CEBPE+FOSB,combo_seen2,0.003309257766408639,0.003287633414669391,0.006534502074377772,0.06237383841354546,0.06185447144525922,0.00832667960632441,0.9694726787574159,0.9697331018838439,0.0002604231264279333
Norman,3,CEBPE+KLF1,combo_seen2,0.0012588757574472232,0.0012649681891718832,-0.004839581419070597,0.012538925218654986,0.012568442362477103,-0.0023540409809767863,0.9228866081625585,0.9228906128265952,4.004664036716399e-06
Norman,3,CEBPE+PTPN12,combo_seen2,0.0004971338997272132,0.0004980087574201006,-0.0017598029290850188,0.00414914601861329,0.004164056856538207,-0.003593712503253938,0.9724741635595986,0.9726722189981568,0.00019805543855822005
Norman,3,CEBPE+SPI1,combo_seen2,0.004520872490614708,0.004499052660067475,0.004826464491650783,0.08839545208022631,0.08780391140330296,0.006691980899497853,0.9738211170409634,0.9739310819408507,0.00010996489988723823
Norman,3,COL2A1+KLF1,combo_seen2,0.0014797361813937706,0.0014773794985785326,0.0015926371503724335,0.016917573294212455,0.01687900243803998,0.00227992842127482,0.9468844801735379,0.9469206914671977,3.621129365982689e-05
Norman,3,ETS2+IGDCC3,combo_seen2,0.0012576189810616562,0.001253482910921105,0.0032888102062992247,0.00874870121791324,0.00871771511171049,0.0035417949968739246,0.9287374531759107,0.929076552105851,0.0003390989299403291
Norman,3,ETS2+PRTG,combo_seen2,0.0012782950720174359,0.0012739995318877743,0.003360366650621784,0.010904421175144795,0.010866918539910085,0.0034392137493911828,0.9272810385995693,0.9275651647957177,0.000284126196148371
Norman,3,FOXA1+FOXA3,combo_seen2,0.0011793254479865248,0.001234787376943619,-0.047028518761962686,0.01882794029498235,0.017851926287849592,0.05183859688533562,0.9710268966680187,0.9696839295077289,-0.0013429671602898097
Norman,3,FOXA1+FOXF1,combo_seen2,0.0012094193326305416,0.001143762063983565,0.05428825790651875,0.018296783475027553,0.016127884052251875,0.11853992947645195,0.9740150502088767,0.9738409045982366,-0.00017414561064010847
Norman,3,FOXA1+KLF1,combo_seen2,0.0019260966002080926,0.0017605522686223903,0.08594809396777774,0.03723130417605147,0.032806918376834006,0.11883510119055651,0.811589715830744,0.8372040208007742,0.025614304970030144
Norman,3,FOXF1+FOXL2,combo_seen2,0.0028072586814005137,0.0025091233334247785,0.10620159444194804,0.05149196680550022,0.043284620665446506,0.15939080693994837,0.9583164932315522,0.9700505464630607,0.011734053231508446
Norman,3,KLF1+TGFBR2,combo_seen2,0.0006179856378332605,0.0006135258944485291,0.007216580955453734,0.006635312933043956,0.006585367781997641,0.007527173405430156,0.9802713143664765,0.9804916651036633,0.00022035073718673637
Norman,3,SAMD1+ZBTB1,combo_seen2,0.0007510137736949326,0.0007499572244382923,0.001406830731535285,0.003923319996728211,0.003916870766542415,0.0016438195689299846,0.992136589481525,0.9921473685759319,1.0779094406832002e-05
Norman,3,SGK1+TBX3,combo_seen2,0.0008869405128912118,0.000887887184093298,-0.001067344639608603,0.020040457165616664,0.020087497988881268,-0.002347292922304774,0.9714691581640142,0.9713259790841976,-0.00014317907981664657
Norman,3,AHR,unseen_single,0.0011392173036268109,0.0011551669505406245,-0.014000530770588179,0.03240388597398487,0.032254067584321866,0.004623469845045324,0.8546985451439018,0.8023098584440013,-0.05238868669990049
Norman,3,ATL1,unseen_single,0.0027336068484707086,0.0029201375164651594,-0.06823609916649269,0.07896695872906499,0.084723476405326,-0.0728978014211181,0.7758086736264667,0.6980466390168322,-0.07776203460963449
Norman,3,CDKN1A,unseen_single,0.0015001382656916243,0.0011067642816766858,0.2622251515153353,0.038628516091298394,0.02714641023191079,0.2972442905197207,0.8553993421791202,0.931547814324724,0.07614847214560383
Norman,3,CEBPB,unseen_single,0.004565640127059407,0.00351842719376826,0.22936826034197885,0.1356454572597828,0.10435957544986256,0.23064452317044987,0.7784400137872273,0.8760439786847427,0.09760396489751544
Norman,3,CLDN6,unseen_single,0.003000394830499937,0.0028210031552268118,0.05978935620390812,0.09950069019456516,0.09047528921020609,0.09070691838127619,0.7369441713823652,0.8306974156340945,0.09375324425172926
Norman,3,CNN1,unseen_single,0.00240740039661631,0.0021292968572790734,0.1155202681399079,0.0838230089848874,0.07444972770469387,0.11182229549745057,0.4397759933135901,0.6070529912234227,0.16727699790983264
Norman,3,CNNM4,unseen_single,0.00134161559924666,0.0013174892299832439,0.01798307151240908,0.04499828669268005,0.04606712322102327,-0.023752827205243115,0.49142553612691525,0.4564438287834498,-0.03498170734346545
Norman,3,COL1A1,unseen_single,0.0038190521704831067,0.0032088694817193277,0.15977333158205886,0.11054018866480593,0.08893582409683937,0.19544352899087294,0.5784608577598439,0.8563010303921033,0.27784017263225935
Norman,3,CSRNP1,unseen_single,0.0017263883453510422,0.001721021486429945,0.003108720546885905,0.02741725818313756,0.02758885940166226,-0.006258875974339354,-0.6666965980163416,-0.47177274453773665,0.19492385347860497
Norman,3,DUSP9,unseen_single,0.0044712976719233615,0.004120327745748907,0.07849397466384342,0.15019794079091803,0.13687905445721846,0.08867555882300697,0.5691082688515333,0.7243183983693343,0.155210129517801
Norman,3,HK2,unseen_single,0.0007342947165656454,0.0005522746440085134,0.247884219307003,0.008655882734271566,0.00508010351242698,0.41310393539492707,0.6373426537226377,0.8247653531825677,0.18742269945993006
Norman,3,HNF4A,unseen_single,0.003084486292774704,0.0029718483193743924,0.03651757949586669,0.06956186226537514,0.0630974903320249,0.09292982854152142,0.7362571216088204,0.7342939737450536,-0.0019631478637668343
Norman,3,HOXB9,unseen_single,0.0009723061262961472,0.0007667788631760885,0.21138122815597554,0.02616329971981881,0.018005032902625034,0.3118210204584345,0.8106515489360052,0.8882774265709091,0.07762587763490392
Norman,3,IKZF3,unseen_single,0.007655364852912866,0.007392322363410433,0.03436054251579473,0.2884172610114451,0.2763653532576956,0.04178636088382807,0.7658436101939475,0.7677168533698365,0.0018732431758889945
Norman,3,MAP2K6,unseen_single,0.0019790343893301807,0.0018223482048131407,0.07917304790750583,0.044768838645333826,0.04322893985356625,0.034396666037439724,-0.6438743460006308,-0.6184553358900959,0.025419010110534823
Norman,3,PLK4,unseen_single,0.0008474042406391109,0.000846263216806714,0.001346492945959773,0.0014834861073440555,0.0017789602798979102,-0.1991755575539928,0.8728683856876168,0.8607471357215352,-0.01212124996608166
Norman,3,PTPN13,unseen_single,0.0013277290130869186,0.0013590421912776057,-0.023584012913813752,0.037612662482244735,0.03965156044942107,-0.05420775432047146,0.6806384665385178,0.605745815297432,-0.0748926512410858
Norman,3,RHOXF2,unseen_single,0.0028418341020939185,0.0030148364530095005,-0.06087700572954293,0.0704210410776243,0.07589226606684024,-0.07769304323668083,0.8413639734007085,0.7483646872988213,-0.09299928610188712
Norman,3,SLC38A2,unseen_single,0.0014749125517730592,0.0013639281830473058,0.07524810104323412,0.01745790643574224,0.0155845820628675,0.10730521324363443,-0.32076180764644396,-0.07872339217988794,0.24203841546655602
Norman,3,UBASH3B,unseen_single,0.0006598596664161443,0.0006576341571994846,0.003372700787649305,0.012370890966146414,0.011570934708675772,0.06466440126744008,0.6773610285891997,0.7012519885244325,0.023890959935232825
Norman,3,CNN1+UBASH3B,combo_seen0,0.007547598878850136,0.007222506989081584,0.04307222667589338,0.25760723240653083,0.24828633014627755,0.03618261091964971,0.6559791284320322,0.6768620381591166,0.020882909727084398
Norman,3,IKZF3+MAP2K6,combo_seen0,0.005466853145958806,0.005276449772438216,0.034828697321298896,0.20302908757453736,0.19456496247321248,0.04168922395524965,0.6521814183081067,0.6789869936793785,0.026805575371271817
Replogle_exp6,1,AHCYL1+FDPS,combo_seen1,0.0009551092462788171,0.0008027493334937353,0.15952092745273733,0.006126270706677975,0.0016830718701857919,0.7252697520612091,0.6047969654533423,0.9274869826542274,0.3226900172008851
Replogle_exp6,1,ATM+FDPS,combo_seen1,0.0012472426233840375,0.0010961502926064165,0.1211410899089345,0.006905780868584407,0.0012132596443596307,0.8243124611904559,0.6619788036301822,0.9866812330104394,0.3247024293802572
Replogle_exp6,1,ATR+FDPS,combo_seen1,0.0011490520023445978,0.0009693870042995228,0.15635932723538645,0.009669023130197034,0.005144120947143997,0.46797924900204774,0.896703284642137,0.9366378262781024,0.03993454163596544
Replogle_exp6,1,ETAA1+FDPS,combo_seen1,0.0011122276485645058,0.0009826528229223217,0.11650027385078905,0.01305521015950451,0.008961270038850198,0.31358668842828424,0.7109241301074701,0.8391148069588801,0.12819067685140995
Replogle_exp6,1,ETAA1+TOPBP1,combo_seen1,0.000741431941866455,0.000666959779039355,0.10044369364452573,0.0012409159370860342,0.001171462238595296,0.05596970464722378,0.6759489306002242,0.7129511229257033,0.03700219232547908
Replogle_exp6,1,FDPS+IDI1,combo_seen1,0.0014423164151029992,0.0014946735221461986,-0.036300708010357424,0.015576882415249993,0.012186065724222601,0.21768262741122915,0.9345626927793184,0.9683336473104596,0.033770954531141206
Replogle_exp6,1,FDPS+LIG4,combo_seen1,0.001128214043298572,0.0009275918811070788,0.17782278405694363,0.010245986721320197,0.004825988659590593,0.528987418112839,0.5302991844929094,0.8575237983660725,0.32722461387316315
Replogle_exp6,1,FDPS+MVD,combo_seen1,0.0020895326901044188,0.0018196938440107292,0.12913837020669205,0.024055235325096604,0.01695916225865908,0.29499079807522216,0.929711078753014,0.9635652493982675,0.033854170645253534
Replogle_exp6,1,FDPS+NHEJ1,combo_seen1,0.001356981412288212,0.0010506620294693997,0.22573587231550998,0.0044428122499393504,0.0016797626044888383,0.6219145644716881,0.7734136822193891,0.9427083473863583,0.16929466516696923
Replogle_exp6,1,FDPS+PMVK,combo_seen1,0.001649021757145562,0.0014372033182071936,0.12845096677500709,0.016855442503846917,0.009278479148329036,0.4495262200199485,0.2013691235579264,0.6729291403583558,0.4715600168004294
Replogle_exp6,1,FDPS+PRKDC,combo_seen1,0.001204912245574865,0.000944218637516954,0.21635899959962127,0.008611338654763013,0.0033234567182803794,0.6140603857865764,0.8461113897199186,0.9429969043825295,0.09688551466261086
Replogle_exp6,1,FDPS+RAD1,combo_seen1,0.000953645651816538,0.0008647788262263828,0.09318642141436752,0.005821426218723503,0.0019776380100806046,0.6602829039179591,0.7135284615058247,0.9254470614326356,0.21191859992681084
Replogle_exp6,1,FDPS+RAD9A,combo_seen1,0.0008318854103278548,0.0007896620122632259,0.05075626707768344,0.009744410872492787,0.007221195402172357,0.25893976591680273,0.8246648703766912,0.8734475439671959,0.0487826735905047
Replogle_exp6,1,FDPS+RAD17,combo_seen1,0.0008019446782356049,0.0007191174465406902,0.10328297442804495,0.00739494141797986,0.004526130057451303,0.38794240527090684,0.7828712563328931,0.8823719965298491,0.09950074019695598
Replogle_exp6,1,FDPS+RRM1,combo_seen1,0.000901902433382805,0.000814791386252822,0.09658588768105637,0.01449356390430808,0.011276990108114247,0.22193118389865008,0.9038076718827287,0.9538540400714639,0.0500463681887352
Replogle_exp6,1,FDPS+RRM2B,combo_seen1,0.0012247950806253474,0.0010587947182144947,0.13553317206834098,0.018794385323042076,0.01260616045104926,0.32925923171352667,0.7005330014750196,0.868388839214279,0.16785583773925938
Replogle_exp6,1,FDPS+SQLE,combo_seen1,0.001121154109757838,0.0007873085909507406,0.2977695179471856,0.01774373506448628,0.007615298318955594,0.5708176271073019,0.9586470989970667,0.9853286405306085,0.026681541533541853
Replogle_exp6,1,FDPS+SREBF1,combo_seen1,0.0009763003178937299,0.0007547846789428987,0.22689292924612478,0.01040035989525922,0.005177309039047282,0.5021990497264189,0.9039259819965068,0.9664608286352531,0.06253484663874631
Replogle_exp6,1,FDPS+SREBF2,combo_seen1,0.0006383185083437316,0.00045651314792256794,0.2848191898632247,0.007920831879508306,0.0037070683422031504,0.5319849734731057,0.8460120915057636,0.9352846608761887,0.08927256937042505
Replogle_exp6,1,FDPS+XRCC5,combo_seen1,0.0020364837341528175,0.0016520781854170137,0.1887594495792609,0.014439132212448625,0.005854668184471844,0.5945276974869534,0.9445419998894355,0.9764920430983672,0.03195004320893169
Replogle_exp6,1,FDPS+XRCC6,combo_seen1,0.0015566040302498955,0.001354617517076338,0.1297610113094278,0.011182879284787032,0.0055942750712670965,0.4997464491208952,0.9732806463072943,0.9859006148073848,0.012619968500090506
Replogle_exp6,1,HMGCR+SREBF1,combo_seen1,0.0011448839271497476,0.0013788211048196444,-0.2043326595144859,0.016333811811198674,0.01913717569590198,-0.1716294957421564,0.8629416728040827,0.8632846766101516,0.0003430038060688867
Replogle_exp6,1,HMGCR+SREBF2,combo_seen1,0.0006127657431651679,0.000841445994129011,-0.37319359561881305,0.0046221277789090945,0.006784604909438616,-0.46785316935567395,0.8309985559000611,0.8407435957726302,0.009745039872569139
Replogle_exp6,1,HUS1+IDI1,combo_seen1,0.0022045757801414695,0.0016322845707727842,0.25959244155896555,0.028424597167501543,0.018230702389744197,0.35862934899961385,0.8648289321903807,0.8647125644732584,-0.00011636771712231209
Replogle_exp6,1,HUS1+MVD,combo_seen1,0.0024059464131146115,0.0019816795894290868,0.17634092819893324,0.025345163431614606,0.01791449309337039,0.29317902637690135,0.930541426509923,0.9288170136397225,-0.0017244128702005312
Replogle_exp6,1,HUS1+PMVK,combo_seen1,0.0014339998787069673,0.000980435851590831,0.31629293269195624,0.021075290944971087,0.013940345933576726,0.3385455047820764,0.24702035788091858,0.4277813585472408,0.18076100066632222
Replogle_exp6,1,HUS1+RRM1,combo_seen1,0.0010101102913533553,0.0006977493670624124,0.3092344736656814,0.0166725967938945,0.01003101459335316,0.39835319492482935,0.9285037761257343,0.924763690091213,-0.0037400860345213616
Replogle_exp6,1,HUS1+SQLE,combo_seen1,0.0009725343078767746,0.0006990686764101464,0.28118867298743955,0.009870010443306907,0.00493443297262006,0.5000579785641242,0.9830537798515718,0.9861689933383403,0.0031152134867684644
Replogle_exp6,1,HUS1+SREBF1,combo_seen1,0.000915808449934239,0.0007327972563521138,0.1998356682505677,0.0047197711655228335,0.003775339722632888,0.20010110867002723,0.9544045313736083,0.9546992613574258,0.000294729983817521
Replogle_exp6,1,HUS1+SREBF2,combo_seen1,0.0005612128138339594,0.00035211257906456406,0.37258635158544295,0.0018824197761909552,0.001451353923200549,0.22899560366001928,0.9233261991239733,0.9257101757027546,0.0023839765787813105
Replogle_exp6,1,CHEK1,unseen_single,0.0010489230871609681,0.0007930546346630609,0.24393442725190162,0.002093980928454362,0.0009458339029801669,0.5483082533715726,-0.5960289550563102,0.6643524399030882,1.2603813949593983
Replogle_exp6,1,FDPS,unseen_single,0.0007337735838179761,0.0006020317476200154,0.1795401730224201,0.015700181362585237,0.011175586612734578,0.2881874193270864,0.8166680084680209,0.9111662878348613,0.09449827936684041
Replogle_exp6,1,HMGCR,unseen_single,0.0005652711647672236,0.0007942580538115183,-0.40509211033007597,0.010620743806424074,0.012408640824520483,-0.1683400946942135,0.16669112099730207,0.28478294156090084,0.11809182056359877
Replogle_exp6,1,HSPE1,unseen_single,0.0090315268272746,0.008154161519693656,0.09714473802274044,0.21474029653608132,0.1868418363962595,0.12991720971724663,0.7613248882132015,0.631444186309813,-0.12988070190338852
Replogle_exp6,1,HUS1,unseen_single,0.0003495215608018015,0.0001637984312088353,0.531363871135497,0.003769411605672044,0.0028673150583007284,0.2393202551862154,0.4866372237676503,0.5773427238367319,0.09070550006908162
Replogle_exp6,1,MTOR,unseen_single,0.004981614281279068,0.005351339499317535,-0.07421795369181759,0.11102604323537933,0.12290029964730287,-0.10695018993651492,0.602976121992154,0.35227225677100077,-0.25070386522115323
Replogle_exp6,1,TOPBP1,unseen_single,0.00041279674326686195,0.00021919909268762418,0.4689902566747774,0.0015907504290197728,0.00119850848842776,0.24657666811613801,0.45283945819302224,0.6871830968210341,0.23434363862801183
Replogle_exp6,1,CHEK1+FDPS,combo_seen0,0.001799903619369909,0.0013354363655696728,0.25805118051978354,0.006437740675149818,0.001951680675939802,0.6968376369254136,0.6835719694927193,0.9499544183650416,0.2663824488723223
Replogle_exp6,1,FDPS+HMGCR,combo_seen0,0.0015705732875905066,0.0014912996845240633,0.050474310045130595,0.021370448322111973,0.016982010702139044,0.2053507513659514,0.1838801841222101,0.5150554659506466,0.3311752818284365
Replogle_exp6,1,FDPS+HUS1,combo_seen0,0.0009359499265843229,0.000816984817833287,0.12710627499613136,0.012003999777676064,0.013610864583212574,-0.13386078268052035,0.8280864148033966,0.8306343922538733,0.002547977450476635
Replogle_exp6,1,FDPS+TOPBP1,combo_seen0,0.0013472799900602112,0.0007148649433193449,0.4694013504294702,0.005385366369205293,0.0012654382243475462,0.7650228159808031,0.7105315917693418,0.9352065758939361,0.2246749841245943
Replogle_exp6,1,HMGCR+HUS1,combo_seen0,0.0014637640966256283,0.001200960513076941,0.17953957482255545,0.020760550341403557,0.017155491951828406,0.17364946161304046,0.24698603273809597,0.3239621898253504,0.07697615708725444
Replogle_exp6,2,AHCYL1+FDPS,combo_seen1,0.0008707261424106958,0.0007597931349377879,0.1274028676407698,0.006379284054395292,0.003200068760481269,0.4983655323709188,0.6056876855796371,0.9049223735919563,0.2992346880123191
Replogle_exp6,2,ATM+FDPS,combo_seen1,0.0012045563257932566,0.0010987435108418238,0.08784380828497172,0.007644821885600798,0.003566744683448553,0.5334430629225514,0.6263707321337565,0.9529600269512288,0.32658929481747234
Replogle_exp6,2,ATR+FDPS,combo_seen1,0.0008993348826835931,0.0008088872560299935,0.10057168736044808,0.006170680607521493,0.004080383772545516,0.3387465610240946,0.9120443392326156,0.9433245672659106,0.031280228033295
Replogle_exp6,2,CHEK1+FDPS,combo_seen1,0.0014581641437824467,0.0013973818995852052,0.041684089172275,0.00538546366819796,0.003022501085626002,0.4387667855835026,0.7930313822366636,0.9563495533350483,0.16331817109838476
Replogle_exp6,2,ETAA1+FDPS,combo_seen1,0.0011004038308762053,0.0010129552784397897,0.07946950926805114,0.014460063296458301,0.011870524513113713,0.17908211950765407,0.7095242320129939,0.8381346197172896,0.12861038770429578
Replogle_exp6,2,FDPS+HMGCR,combo_seen1,0.0010333118605869638,0.0008532581782319739,0.17424911996336903,0.016873739403177004,0.01262090514395711,0.2520386357524975,0.23423551943783213,0.48227770180072554,0.2480421823628934
Replogle_exp6,2,FDPS+HUS1,combo_seen1,0.0006970691431421868,0.0006991788854665284,-0.0030265897509556307,0.017025758282752244,0.016320068237207445,0.04144837685494986,0.8238090551150659,0.8658384285927342,0.04202937347766833
Replogle_exp6,2,FDPS+IDI1,combo_seen1,0.0010516570697078744,0.0010218629196519736,0.028330670628379698,0.006231403173821585,0.003363591293659162,0.46021927969774673,0.9355332121985069,0.9656774445740222,0.030144232375515223
Replogle_exp6,2,FDPS+LIG4,combo_seen1,0.0010869599067182948,0.0009580903350937528,0.11855963667843081,0.010415120629626946,0.006821763492883246,0.34501349187660907,0.5661305925287442,0.86495289568299,0.29882230315424585
Replogle_exp6,2,FDPS+MVD,combo_seen1,0.0024704597587572887,0.0021674118878711405,0.1226686125171251,0.05275466189245729,0.047900057193966034,0.09202228816076165,0.7623867151885348,0.8490368851355485,0.08665016994701369
Replogle_exp6,2,FDPS+NHEJ1,combo_seen1,0.0010682049520030854,0.0009252159247720539,0.13385916903202905,0.007514554475449334,0.0038325833976983054,0.48997862611553755,0.5887981785278372,0.9704083216712077,0.3816101431433705
Replogle_exp6,2,FDPS+PRKDC,combo_seen1,0.0011241996313178947,0.000986048406758204,0.12288851615948014,0.010173867744763946,0.006940606204159879,0.3178006262434548,0.8362142091788017,0.9295750304923818,0.09336082131358003
Replogle_exp6,2,FDPS+RAD1,combo_seen1,0.0008577200142164005,0.0007729964814063809,0.09877760971617491,0.006132514111115222,0.0032280985468091656,0.47360927536094605,0.7063527391118439,0.9091775921323205,0.2028248530204766
Replogle_exp6,2,FDPS+RAD9A,combo_seen1,0.0007224941910091572,0.0006705739876278393,0.07186245097527699,0.008970895555475408,0.006949913836326455,0.22528204755604825,0.8474932484875625,0.9016692949922767,0.05417604650471419
Replogle_exp6,2,FDPS+RRM1,combo_seen1,0.0006191920892724854,0.0005283716614837885,0.14667569137616998,0.005967822168975123,0.00279655031190402,0.5313951668261117,0.9048561298026332,0.955755648080214,0.05089951827758077
Replogle_exp6,2,FDPS+RRM2B,combo_seen1,0.00121631590115341,0.001106153064328938,0.09057090902125571,0.020140053094953467,0.01653317181152503,0.17908995901963237,0.7008900409227742,0.8577095388411567,0.15681949791838257
Replogle_exp6,2,FDPS+SQLE,combo_seen1,0.000598253167431274,0.00047081727003388816,0.21301332669003445,0.007149948369713244,0.00361684477539882,0.49414393106395577,0.9616348440115882,0.9800886351261777,0.018453791114589557
Replogle_exp6,2,FDPS+SREBF1,combo_seen1,0.0006641909950489048,0.0005337494497592707,0.1963916196726359,0.006229218284899374,0.003013952345118242,0.5161588168415053,0.9122232385557917,0.957055637547396,0.044832398991604294
Replogle_exp6,2,FDPS+TOPBP1,combo_seen1,0.0007317389365308777,0.0006067512930246045,0.1708090649089015,0.005374265346823927,0.002465381206852329,0.5412617264405608,0.7159624834095908,0.9328639091187108,0.21690142570911997
Replogle_exp6,2,FDPS+XRCC6,combo_seen1,0.001600110139120551,0.001518353848288813,0.05109416460336464,0.02150365308370035,0.01998366211233813,0.07068524429062537,0.9685989942665338,0.9800536524584526,0.01145465819191871
Replogle_exp6,2,HMGCR+SREBF2,combo_seen1,0.0009712260595113098,0.0008268496251607575,0.1486537896472814,0.010081920673067672,0.007757014518620392,0.23060151233464035,0.37403038479499634,0.5622097101878034,0.18817932539280707
Replogle_exp6,2,HUS1+PMVK,combo_seen1,0.0004202624988236479,0.0004037378391583927,0.039319852976435345,0.007622865459987107,0.007513259730117655,0.014378547075870494,0.5487670626340713,0.5696435317306882,0.02087646909661689
Replogle_exp6,2,HUS1+SREBF2,combo_seen1,0.0006029316738535879,0.0005204866200342324,0.13674029312876318,0.01107379337322024,0.01013435283559332,0.08483457348037302,0.32979003679826413,0.38012900279498807,0.05033896599672394
Replogle_exp6,2,ETAA1+TOPBP1,combo_seen2,0.0006517416526460999,0.0006517416526460999,0.0,0.0008226457605452473,0.0008226457605452473,0.0,0.7767094198023506,0.7767094198023506,0.0
Replogle_exp6,2,HUS1+RRM1,combo_seen2,0.0005062768886162873,0.0005054103979550651,0.0017114955880967594,0.0030375191116180015,0.0030210324747344548,0.00542766523525339,0.953106721090516,0.9533276062853212,0.0002208851948052315
Replogle_exp6,2,FDPS,unseen_single,0.0007388794924148101,0.0006483364336067546,0.12254103644444402,0.016850121199987682,0.013775536587317061,0.1824666170753044,0.8316089247973146,0.9370422885776512,0.10543336378033652
Replogle_exp6,2,HSPE1,unseen_single,0.009317269749828064,0.008909841965562678,0.043728237477819495,0.22345483485474602,0.20486409992967036,0.08319683455119833,0.7586225295538203,0.6191293316022495,-0.13949319795157078
Replogle_exp6,2,MTOR,unseen_single,0.005210862642482065,0.005365584249844634,-0.029692129303349152,0.1163828544088466,0.12303278731266762,-0.05713842419142054,0.5725652887264275,0.4187702699411273,-0.15379501878530022
Replogle_exp6,2,PMVK,unseen_single,0.000495546559745024,0.00048363044756826856,0.024046402789854326,0.006271070075870272,0.006231071153137586,0.006378324950727777,0.2742188844190194,0.3460090957152524,0.07179021129623298
Replogle_exp6,2,RAD17,unseen_single,0.0004235153572449017,0.00031386217348759293,0.25891194234522363,0.0011956179509787985,0.0011037122234253704,0.0768688087011315,0.3523471548338224,0.514376247271683,0.16202909243786057
Replogle_exp6,2,SREBF2,unseen_single,0.0005642751709492997,0.0004965083082872979,0.12009541824779427,0.010388673845011447,0.009798090922090514,0.05684873081317557,0.4187326318180864,0.3730407713006487,-0.04569186051743768
Replogle_exp6,2,XRCC5,unseen_single,0.003687143078579923,0.002807246358957933,0.2386391579794283,0.08301758477893335,0.06006792232787567,0.27644338861664186,0.6278912309458722,0.937139970031807,0.30924873908593487
Replogle_exp6,2,FDPS+PMVK,combo_seen0,0.001093597920053949,0.0008479900163179788,0.2245870252970616,0.014054226676155102,0.009570692052054559,0.3190168144724367,0.31301182691697255,0.6533387348469256,0.34032690792995307
Replogle_exp6,2,FDPS+RAD17,combo_seen0,0.0006890126894813053,0.0004894094053118906,0.28969464164684366,0.006895212393077816,0.004228020925682453,0.3868178839672854,0.7920252196359323,0.9072692634771699,0.11524404384123754
Replogle_exp6,2,FDPS+SREBF2,combo_seen0,0.000959747848471891,0.0007014272340115783,0.2691546689806186,0.016712934249597796,0.012640866919596906,0.24364766049976447,0.5771746411142632,0.7104319234736696,0.13325728235940637
Replogle_exp6,2,FDPS+XRCC5,combo_seen0,0.0025899714145392098,0.0019825121488466564,0.23454284564010464,0.042992242832778166,0.030906517077617917,0.28111410242467844,0.7452285596897233,0.9337821001759438,0.18855354048622042
Replogle_exp6,3,ATM+FDPS,combo_seen1,0.0012270403292585898,0.0011019732995181848,0.10192576947815056,0.007687873366477774,0.0030735104846469565,0.6002131749400684,0.6160746394270891,0.9700075107914126,0.3539328713643235
Replogle_exp6,3,CHEK1+FDPS,combo_seen1,0.0015415201292317427,0.0012264292145089317,0.20440272478300034,0.007445985509314945,0.0033579593923892355,0.5490241838117439,0.6492881825559487,0.9417757457657213,0.29248756320977265
Replogle_exp6,3,ETAA1+FDPS,combo_seen1,0.0009684677476724903,0.0008999909442178153,0.07070633340061627,0.012935918855376543,0.010066271496193853,0.22183560296453014,0.7235484501080897,0.8551754317531398,0.13162698164505016
Replogle_exp6,3,FDPS+HMGCR,combo_seen1,0.0006157361308691783,0.0003947330401621161,0.3589249998941793,0.011178429014289932,0.0041607745909363085,0.6277853904500009,0.5735707639961983,0.8522559476573854,0.2786851836611871
Replogle_exp6,3,FDPS+HUS1,combo_seen1,0.0006122654569290262,0.0005649806569793101,0.07722924658674202,0.014596560367415664,0.012595966587988151,0.13705926115946448,0.8422324569604674,0.905710043844194,0.06347758688372651
Replogle_exp6,3,FDPS+IDI1,combo_seen1,0.0010615465908278613,0.0008302420927242777,0.2178938730547829,0.017849916012805566,0.014308266866475593,0.19841265044548037,0.8077203598623237,0.897961455163367,0.0902410953010433
Replogle_exp6,3,FDPS+LIG4,combo_seen1,0.0010799109682875603,0.0009614737704678019,0.10967311315262127,0.010738259635543066,0.006515478729070791,0.39324630338561534,0.5031583157137188,0.8151182308636403,0.3119599151499215
Replogle_exp6,3,FDPS+MVD,combo_seen1,0.0013610256070845882,0.0011703704879236414,0.14008194861913242,0.014181122335832703,0.009726158886807912,0.31414745205095923,0.9233115010380247,0.9502342937206248,0.026922792682600116
Replogle_exp6,3,FDPS+NHEJ1,combo_seen1,0.0011019805250458647,0.0009727395182710513,0.11728066316728629,0.0074513686370500445,0.003504237088670047,0.5297190007153699,0.5735034700946963,0.9605262128853745,0.3870227427906783
Replogle_exp6,3,FDPS+PMVK,combo_seen1,0.0007210235876403014,0.0005021030904547416,0.30362459833252103,0.011034100675577576,0.004126832385272166,0.6259928646104954,0.5171967490764023,0.8654448361222639,0.3482480870458615
Replogle_exp6,3,FDPS+PRKDC,combo_seen1,0.0011787448855431091,0.0010497019355514353,0.10947487583983626,0.010315611563484055,0.00622127181287172,0.396907127164983,0.8274758041070128,0.93081407259212,0.10333826848510719
Replogle_exp6,3,FDPS+RAD9A,combo_seen1,0.0007724855153989726,0.0006700900755349689,0.13255321662713448,0.009260216255595033,0.0059276231504714035,0.3598828594429502,0.8354729572941133,0.91131290016755,0.07583994287343665
Replogle_exp6,3,FDPS+RAD17,combo_seen1,0.0007331798111074874,0.0006451865059538329,0.12001599583155226,0.007631341500537343,0.005019822865267284,0.3422096410029842,0.7837320846497875,0.899039211185434,0.11530712653564645
Replogle_exp6,3,FDPS+RRM1,combo_seen1,0.0005422348451136163,0.00041276108829715766,0.2387780091656219,0.006300278396555388,0.0022768777288755585,0.6386068066261298,0.8986239866433892,0.96258071771861,0.06395673107522082
Replogle_exp6,3,FDPS+RRM2B,combo_seen1,0.0011942361897188608,0.0011149397970893736,0.06639925444576814,0.019437048566490332,0.016356946563215357,0.15846551973868617,0.6939163830891978,0.8388189579342004,0.14490257484500257
Replogle_exp6,3,FDPS+SQLE,combo_seen1,0.0008153205534732206,0.0006577037260498516,0.19331884465800603,0.009245342484400992,0.005009773169035238,0.4581300608941343,0.950544576116034,0.9729461843118492,0.02240160819581516
Replogle_exp6,3,FDPS+SREBF1,combo_seen1,0.0007512839325990865,0.0006100397410601476,0.18800374320571572,0.007921814726027656,0.0037952204003620475,0.5209152786807049,0.9037411718690408,0.9536486553038875,0.049907483434846744
Replogle_exp6,3,FDPS+SREBF2,combo_seen1,0.0012451015489968345,0.0008804787278708699,0.2928458497379089,0.0185471745481141,0.01304954624229409,0.296413251061953,0.5293811641286487,0.6904439996629743,0.16106283553432565
Replogle_exp6,3,FDPS+TOPBP1,combo_seen1,0.0007795312182194129,0.0006405309719148554,0.17831261026602455,0.005520967753977401,0.002131037269771734,0.6140101944561264,0.679458303887944,0.9226374765726414,0.24317917268469735
Replogle_exp6,3,FDPS+XRCC5,combo_seen1,0.0015980653211017707,0.0014383923073538175,0.09991644999709287,0.00882369223095951,0.005039174070753241,0.428904143656281,0.9340560802811912,0.9646630698216025,0.0306069895404113
Replogle_exp6,3,HMGCR+SREBF2,combo_seen2,0.0009209980236825915,0.0008253157991633986,0.10388971752253005,0.01975559577084022,0.01941406806749008,0.017287643830728894,0.0034322593125024514,0.0068059384954107065,0.003373679182908255
Replogle_exp6,3,HUS1+SQLE,combo_seen2,0.0005768336573981461,0.0005788907241325651,-0.003566135068639236,0.005155470266935791,0.005137356773902935,0.003513451168368772,0.9807858945021335,0.9807817354676247,-4.159034508788295e-06
Replogle_exp6,3,HUS1+SREBF2,combo_seen2,0.0006548002434695695,0.0005588491785367871,0.14653486447159747,0.011776575885892563,0.010854718391259894,0.07827890751648656,0.3181050208178593,0.3593878294701171,0.04128280865225781
Replogle_exp6,3,AHCYL1,unseen_single,0.0006978566560063657,0.000628787675991804,0.09897301891454868,0.0021464031401972343,0.0007737707009534273,0.6395035552909576,-0.04874211072503163,0.7901057832336045,0.8388478939586361
Replogle_exp6,3,ATR,unseen_single,0.001705245766496872,0.001649477376493734,0.03270401903281327,0.010212462252910882,0.01192407135011004,-0.1676000414798394,0.7303433635283864,0.4807046679880975,-0.24963869554028884
Replogle_exp6,3,FDPS,unseen_single,0.000715620607815794,0.0006413975845326827,0.10371839836984806,0.015841258228374136,0.013025257874984866,0.17776367967699555,0.79949941821031,0.9096654269173206,0.11016600870701054
Replogle_exp6,3,POLR1D,unseen_single,0.005570863500505741,0.005880501263026755,-0.05558164591412158,0.1344083294090148,0.1412230583902505,-0.05070168650410038,0.7644014253194795,0.6934558553722258,-0.07094556994725376
Replogle_exp6,3,RAD1,unseen_single,0.0007907015540303443,0.0005511185086752395,0.30300060007964835,0.004499662512853162,0.0031699126035265503,0.29552214316700803,-0.12700958399137693,0.48570717012444503,0.6127167541158219
Replogle_exp6,3,RPL15,unseen_single,0.0017156320570843274,0.0015048845409056434,0.12283957699930372,0.011642405851428325,0.004666740578730718,0.5991601187689065,-0.14071536455448874,0.9879147854848058,1.1286301500392946
Replogle_exp6,3,XRCC6,unseen_single,0.005076451868559256,0.004336258068319222,0.14580928164105847,0.11677874276786046,0.09381752735972476,0.1966215328570486,0.5572183058110728,0.808748893480352,0.25153058766927916
Replogle_exp6,3,AHCYL1+FDPS,combo_seen0,0.0013185170794871423,0.0010513075321824544,0.2026591475088235,0.007985739709719603,0.002899215766913063,0.63695088090783,0.4316193521505334,0.876098588913072,0.44447923676253864
Replogle_exp6,3,ATR+FDPS,combo_seen0,0.0015840034223350177,0.0012565660772044767,0.20671504904191285,0.02100680121509378,0.020714380984836814,0.013920264549695381,0.6759337535480335,0.7191261767657232,0.04319242321768968
Replogle_exp6,3,FDPS+RAD1,combo_seen0,0.001117274953165097,0.0006729578285362522,0.3976793029953381,0.009843654202210277,0.004718629544953506,0.5206424923079893,0.46536986042029865,0.7890908727665938,0.3237210123462952
Replogle_exp6,3,FDPS+XRCC6,combo_seen0,0.004977851065332848,0.004194164462623503,0.15743472281988471,0.13471297749054115,0.11546573545512023,0.1428759306932575,0.7155934864431073,0.8697280976574601,0.1541346112143528
Schmidt,1,CBY1+LCP2,combo_seen1,0.009606774964337284,0.00923197721459855,0.039013899162838296,0.010732753709057236,0.01048172340859617,0.023389179260605363,-0.23674182431414917,-0.17508737311050554,0.06165445120364363
Schmidt,1,CBY1+PRKD2,combo_seen1,0.008773438934582276,0.008987267862240956,-0.024372304777301207,0.008719823293950121,0.008564362667142144,0.01782841481613927,0.022592727721239665,0.07569611486734448,0.05310338714610482
Schmidt,1,CBY1+TRIM21,combo_seen1,0.010836252215403032,0.010831732360658992,0.00041710497819665536,0.022915184869637253,0.022836562160558654,0.0034310309746954674,-0.3908745089011366,-0.5405603036475569,-0.1496857947464203
Schmidt,1,EMP3+JMJD1C,combo_seen1,0.007637227250605501,0.007632968342984667,0.000557651027144165,0.008675124438824707,0.009523117675268162,-0.09774997954477066,-0.13059992421918035,-0.15995332582315028,-0.02935340160396993
Schmidt,1,EMP3+LCP2,combo_seen1,0.0104485599206045,0.01039871487926862,0.004770517823952611,0.05547684097727129,0.015033119704287407,0.7290199038109175,-0.11093561487748042,0.9317017638681385,1.042637378745619
Schmidt,1,EMP3+MAP4K1,combo_seen1,0.010344498802344886,0.00983834456180839,0.04892979836024153,0.011585678115529765,0.011341403450605947,0.02108419226634527,0.28409832671103014,0.25619313678931904,-0.027905189921711093
Schmidt,1,EMP3+PRKD2,combo_seen1,0.0073821699575803874,0.007402556805307327,-0.002761633482307658,0.022644317007722216,0.006043424336798655,0.7331151858217797,0.0576088785395046,0.9671819063314353,0.9095730277919307
Schmidt,1,EMP3+TBX21,combo_seen1,0.00847102371261973,0.008185778662381796,0.0336730317273211,0.05035819435469124,0.019764363295217125,0.6075243850879667,0.5384051259374144,0.933058547375283,0.39465342143786863
Schmidt,1,EMP3+TNFRSF1A,combo_seen1,0.005752795593318959,0.005455481535488557,0.05168166554982228,0.02722591921604305,0.005881242670145883,0.7839836876221861,0.7054591846442265,0.9710452835711043,0.2655860989268778
Schmidt,1,EMP3+TNFRSF1B,combo_seen1,0.003987304633217072,0.003892198063530264,0.023852345991952364,0.026002621070700248,0.004732103783026657,0.818014354392958,0.756552192911335,0.9714922204515942,0.2149400275402592
Schmidt,1,EMP3+VAV1,combo_seen1,0.008276021976103531,0.008419753624297381,-0.017367238585018995,0.025659468423088656,0.009027348746097097,0.6481864473086982,0.27097173180593126,0.9293712138220915,0.6583994820161603
Schmidt,1,JMJD1C+TRAF3IP2,combo_seen1,0.009034645624552272,0.008601829716639028,0.04790624069825574,0.006463247009570721,0.007015889631489164,-0.08550541563707752,0.14469163746898447,0.1164719513457225,-0.028219686123261978
Schmidt,1,PRKD2+TRAF3IP2,combo_seen1,0.01014584068952709,0.009625460852615517,0.05128996727188195,0.01020125550962035,0.010723009674678229,-0.051146073595140805,0.08393125715470887,-0.00888161239225536,-0.09281286954696423
Schmidt,1,TNFRSF1A+TRAF3IP2,combo_seen1,0.006474973088854755,0.006707033141257735,-0.035839539287417274,0.004227681709878151,0.004104832080167738,0.02905839136928627,0.9475656789778545,0.9519943671801304,0.004428688202275932
Schmidt,1,TNFRSF1B+TRAF3IP2,combo_seen1,0.00747577726476415,0.007604825046228557,-0.017262122304345907,0.023455853977768792,0.00629622813299334,0.731571140451299,0.30388982592285974,0.9524117518413855,0.6485219259185258
Schmidt,1,TNFRSF12A+TRAF3IP2,combo_seen1,0.009722827585228877,0.008821057717542588,0.09274769708518507,0.009405331836610584,0.009132641973579155,0.028993114519359542,0.14155401780266774,0.22273541967660554,0.0811814018739378
Schmidt,1,TRAF3IP2+TRIM21,combo_seen1,0.00850345224843561,0.008298835690647119,0.02406276319434092,0.007141369946098991,0.007439952333674923,-0.04181023946799378,0.08702442856045181,0.14537124852841093,0.058346819967959124
Schmidt,1,TRAF3IP2+VAV1,combo_seen1,0.007486853082875723,0.007141965686995961,0.04606573577203004,0.00394013867387663,0.004818866785601145,-0.22301959003385793,0.36639801473829353,0.22291949499394983,-0.1434785197443437
Schmidt,1,MGST3+TRIM21,combo_seen2,0.0073983428008410155,0.0073983428008410155,0.0,0.013915801226442804,0.013915801226442804,0.0,0.9849158844896265,0.9849158844896265,0.0
Schmidt,1,PRKD2+TNFRSF1B,combo_seen2,0.005323817209855218,0.005323817209855218,0.0,0.00584916220599621,0.00584916220599621,0.0,0.9658749047341734,0.9658749047341734,0.0
Schmidt,1,ABCB10,unseen_single,0.001912017290692964,0.0016290556953401133,0.14799112786804255,0.05008791316926984,0.036322754381310204,0.2748199698685969,0.1899290882753883,0.5469820242026178,0.3570529359272295
Schmidt,1,CBY1,unseen_single,0.000553414107256523,0.0006880339230295409,-0.2432533143045048,0.004725631473834709,0.013603074313781374,-1.8785728191248232,0.4648836567157602,0.1747083921511921,-0.2901752645645681
Schmidt,1,EMP3,unseen_single,0.0007942325578774678,0.0009101372992554223,-0.14593300190022676,0.02384217890457357,0.011778278758425681,0.5059898340010237,0.17484582044751068,0.7555019342155012,0.5806561137679904
Schmidt,1,EOMES,unseen_single,0.010840545950359834,0.00973090616112096,0.1023601389007573,0.28553662273763036,0.2312605840201416,0.19008433383118467,0.5392274342629054,0.6462497034994654,0.10702226923656
Schmidt,1,FOSL1,unseen_single,0.0030375042398160276,0.0026877801713107038,0.11513533509553409,0.07900275866522252,0.0673467480063786,0.1475392866752508,0.4682714580020862,0.5103793271186811,0.042107869116594865
Schmidt,1,FOXD2,unseen_single,0.0038525915082532687,0.003580548638791318,0.07061295465121678,0.09502783312435223,0.08028087444156273,0.1551856776897334,0.5755758159012482,0.5528144866121955,-0.022761329289052723
Schmidt,1,IKZF3,unseen_single,0.0026248686625643357,0.0028418634605742446,-0.08266882115081456,0.061779102790157074,0.06176646720744897,0.0002045284268860263,0.17825254695191364,0.41304044960613007,0.23478790265421642
Schmidt,1,INPPL1,unseen_single,0.0033615113813930215,0.003292772363685826,0.02044884276985842,0.07732209506824264,0.07601006773135249,0.016968336614937605,-0.1608232591452969,0.14709034814428715,0.30791360728958406
Schmidt,1,TRAF3IP2,unseen_single,0.001675460717371648,0.0012512794878718014,0.2531728885683897,0.042614901722096275,0.019938894012959788,0.5321145137682844,0.5322139790276836,0.8299220563774063,0.2977080773497227
Schmidt,1,CBY1+EMP3,combo_seen0,0.006553734966612121,0.006164162198500559,0.05944286274868203,0.03133431096447438,0.007665744648472755,0.755356208178189,-0.2494847474523822,0.9868344467097315,1.2363191941621137
Schmidt,1,EMP3+TRAF3IP2,combo_seen0,0.010280106048772724,0.010036833871579408,0.023664364554134076,0.02960632243674977,0.01139275767690355,0.6151917313863361,-0.2255005330615136,0.8434094746519403,1.068910007713454
Schmidt,2,ARHGDIB+TNFRSF1A,combo_seen1,0.018915247911064314,0.017340627112533535,0.08324610948449253,0.025376298975447225,0.023547953661482567,0.07204932901104567,0.9346710668549134,0.9459861013494398,0.011315034494526421
Schmidt,2,CBY1+EMP3,combo_seen1,0.006156269039101439,0.005856043511760413,0.04876744752936378,0.028838469616695898,0.0097112741091232,0.6632527925996149,0.13892014624233373,0.9735845743148167,0.834664428072483
Schmidt,2,EMP3+LCP2,combo_seen1,0.0107054886579048,0.01013324533906444,0.053453264687532163,0.033185241464756605,0.014206406172231754,0.5719058971645801,0.6644104804551233,0.9738495742829311,0.30943909382780777
Schmidt,2,EMP3+MAP4K1,combo_seen1,0.010394488098414376,0.010207849928743153,0.01795549409496109,0.011575262644812272,0.01137099285307112,0.017647097781638685,0.2880078913230736,0.28214148056650606,-0.005866410756567519
Schmidt,2,EMP3+PRKD2,combo_seen1,0.007368171687253499,0.007120426573302147,0.03362368908693265,0.023372251592954578,0.007451231212023231,0.6811932653390844,-0.08070038291121943,0.9671226963725484,1.047823079283768
Schmidt,2,EMP3+TBX21,combo_seen1,0.008584642182460798,0.008043379929845145,0.06305006558357212,0.054641172408144624,0.025728902530306148,0.5291297496671011,0.4763232403628209,0.9432783207956422,0.4669550804328213
Schmidt,2,EMP3+TNFRSF1B,combo_seen1,0.004356591294310774,0.0039378836776547575,0.09610899631618003,0.02892114713402748,0.00890910377571127,0.6919519224315563,0.7411673014323528,0.9858738946001193,0.24470659316776655
Schmidt,2,EMP3+TRAF3IP2,combo_seen1,0.008326695545214851,0.007773945407157609,0.06638289283614965,0.027402936568170482,0.008994480450307034,0.6717694679206588,-0.12625883376527633,0.964564614415441,1.0908234481807173
Schmidt,2,EMP3+VAV1,combo_seen1,0.012411800933626371,0.011962575091762712,0.03619344559793941,0.03130871187535176,0.01347394212487875,0.5696423992618391,-0.23344015443266042,0.9265285597153234,1.159968714147984
Schmidt,2,FOXQ1+TNFRSF1A,combo_seen1,0.014878367564346281,0.013065689105637525,0.12183315480473554,0.02528246322746174,0.02299620602652378,0.09042857811633762,0.2698545709981221,0.31636281407235706,0.046508243074234956
Schmidt,2,JMJD1C+TNFRSF1B,combo_seen1,0.007772243435787654,0.007693691366401827,0.010106743314823398,0.00781475959701046,0.00804775719248841,-0.029815068855999577,0.927310008769154,0.9319799471167218,0.0046699383475677925
Schmidt,2,JMJD1C+TRAF3IP2,combo_seen1,0.009302642019116179,0.0089232493145337,0.04078332841389113,0.006447289326208802,0.006484227267882428,-0.005729220421901847,0.06467873263725085,0.0519781651008801,-0.01270056753637075
Schmidt,2,PRKD2+TNFRSF1A,combo_seen1,0.0096667010123522,0.007980083205263036,0.17447708426421674,0.00661691735043878,0.005811350536266794,0.12174352066201459,-0.043103030077136846,0.07142833584738797,0.11453136592452481
Schmidt,2,TNFRSF1A+TRAF3IP2,combo_seen1,0.00809456368840204,0.007063139130775406,0.12742188428320944,0.014543031778577704,0.010696841976867748,0.2644696003054536,0.45780316034433943,0.8008350766572685,0.34303191631292906
Schmidt,2,PRKD2+TRIM21,combo_seen2,0.00824513724726554,0.00824995457182804,-0.0005842625074674763,0.006302514983539625,0.00630371050398174,-0.00018968942481484811,0.0037695985945165934,0.004256828247612877,0.0004872296530962837
Schmidt,2,TNFRSF12A+TRAF3IP2,combo_seen2,0.008478234209654534,0.008480632859472412,-0.0002829185604646097,0.008469574298836954,0.00847180392885451,-0.0002632517218560584,0.23124874167366058,0.23125769973935947,8.958065698894124e-06
Schmidt,2,TRAF3IP2+VAV1,combo_seen2,0.007381524685178075,0.007097040963097237,0.03853996758313017,0.004436397716009678,0.004221596631556449,0.048417905292411856,0.38766968074691693,0.4288952841622846,0.041225603415367684
Schmidt,2,DEPDC7,unseen_single,0.0017575938691191532,0.0011692214281060528,0.3347601805802684,0.04514558872331835,0.018362226560787783,0.593266428015293,0.43697417718843956,0.9459398231978898,0.5089656460094503
Schmidt,2,EMP3,unseen_single,0.0007885640286848498,0.0003050060263783479,0.6132133659621396,0.023289932171236646,0.003370317210909708,0.8552886635250878,0.22180779309174367,0.9278475478171884,0.7060397547254447
Schmidt,2,FOSL1,unseen_single,0.0031305578048911103,0.0032411345736597414,-0.03532174636605288,0.08265756383360082,0.08552180725089667,-0.034651921547819924,0.4355291623680804,0.2928841517151093,-0.14264501065297114
Schmidt,2,IKZF3,unseen_single,0.002584591331193043,0.00238897487980525,0.07568564090845915,0.0617632200518438,0.05298766356108588,0.14208385643416502,0.15143316739230567,0.5400358619235319,0.38860269453122626
Schmidt,2,JMJD1C,unseen_single,0.002975312808835198,0.002654462882060922,0.10783737623200877,0.06409375640896525,0.05105780449152616,0.20338879553665326,0.011147819257164935,0.5192071958957768,0.5080593766386119
Schmidt,2,LTBR,unseen_single,0.009239818580162441,0.008709916977132415,0.05734978435266099,0.29522147867383836,0.2710088080674689,0.08201527448183973,0.5823791174915695,0.45881896955510454,-0.12356014793646491
Schmidt,2,RELA,unseen_single,0.002251779245509175,0.002337501688224795,-0.03806875957604648,0.06977871279740612,0.06569189238504554,0.05856829752973747,0.3939193143138672,0.4833790208072766,0.08945970649340945
Schmidt,2,TNFRSF1A,unseen_single,0.00716473944793232,0.005307775586279703,0.25918093395406305,0.22512958893733395,0.16106849906899584,0.2845520669705032,0.6426005120845406,0.6179861916663465,-0.024614320418194113
Schmidt,2,WT1,unseen_single,0.002642431875570758,0.0025039705535830166,0.05239920213944369,0.07504952208181045,0.06348163439215895,0.15413672690735467,0.4963008046893085,0.5138426937653965,0.017541889076088002
Schmidt,2,EMP3+JMJD1C,combo_seen0,0.008962020569206247,0.007955802699542325,0.11227578221827736,0.009486670299957714,0.009061293674216677,0.044839402265611894,-0.15006191586062015,-0.16202135390358927,-0.011959438042969117
Schmidt,2,EMP3+TNFRSF1A,combo_seen0,0.012693092174286666,0.01037265727074125,0.18281084480313578,0.049166340309737,0.023646304050401815,0.519055030302533,0.29384877955542066,0.904565179360786,0.6107163998053653
Schmidt,3,CBY1+EMP3,combo_seen1,0.006539161904212451,0.006093208823856301,0.06819728382453302,0.03182386369450763,0.012451852690237807,0.6087259293915708,-0.31874117120329215,0.9820591360919801,1.3008003072952723
Schmidt,3,CBY1+LCP2,combo_seen1,0.009304616015380136,0.00856954317588457,0.07900087851884724,0.011398039677398886,0.010387429878136038,0.08866522909784046,-0.24198005339708067,-0.09356170060192603,0.14841835279515464
Schmidt,3,EMP3+JMJD1C,combo_seen1,0.00770840717649873,0.0075028314476945955,0.026669028256692335,0.008620601720105698,0.008827130296541355,-0.02395755924484641,-0.12363116876833558,-0.14550962269320833,-0.021878453924872754
Schmidt,3,EMP3+MAP4K1,combo_seen1,0.010330114469511934,0.00993505905311989,0.038243082161190156,0.011702769497283322,0.011324008855657994,0.032365043309898006,0.2662904881774386,0.275209884692561,0.008919396515122413
Schmidt,3,EMP3+PRKD2,combo_seen1,0.0073493646545665465,0.007183853029881095,0.02252053510266508,0.02314025689922082,0.009035720663494378,0.6095237532216581,-0.04244615021554906,0.9607146244084922,1.0031607746240412
Schmidt,3,EMP3+TBX21,combo_seen1,0.0131729455311133,0.012274779398225917,0.06818263468606892,0.07363626989181825,0.03349325271468045,0.5451527791414935,-0.15775185472985792,0.9576124981378115,1.1153643528676693
Schmidt,3,EMP3+TNFRSF1A,combo_seen1,0.005918620622793148,0.005558186350406969,0.06089835712701606,0.030118445491673692,0.012107098696410069,0.598017145348451,0.683172910963463,0.9610110646738617,0.27783815371039866
Schmidt,3,EMP3+TRAF3IP2,combo_seen1,0.008170854097837023,0.008067892095933322,0.012601130881893602,0.027604685508878138,0.011818070985914636,0.5718817016729373,-0.13453794785224482,0.9057844208836682,1.040322368735913
Schmidt,3,EMP3+VAV1,combo_seen1,0.008444374299602249,0.008265931197849335,0.02113159547668545,0.02621217113757741,0.012316285000322107,0.5301310625633124,0.23280822087447445,0.9161169627581625,0.6833087418836881
Schmidt,3,JMJD1C+TNFRSF1B,combo_seen1,0.017955280290401207,0.01470698635799352,0.18091023252609467,0.02402420091575527,0.01817998399638473,0.24326373808911392,0.05491030705369649,0.6434276449298058,0.5885173378761093
Schmidt,3,MGST3+TRIM21,combo_seen1,0.008159663822075811,0.007460900540138627,0.08563628320650833,0.06571399417832467,0.03747384445160094,0.4297433154053898,0.24237499385766684,0.9710941858638922,0.7287191920062254
Schmidt,3,PRKD2+TNFRSF1B,combo_seen1,0.012903269648573083,0.01015215275587427,0.21321083474397098,0.05002784438829129,0.034481220374245,0.3107594221606094,0.14483001971964748,0.8861681536433219,0.7413381339236744
Schmidt,3,TNFRSF1B+TRAF3IP2,combo_seen1,0.008800223750921102,0.007428848129866181,0.15583417647890851,0.009080525339590775,0.00874025217349296,0.03747285023414179,0.9623177764323321,0.9671979661821801,0.004880189749848052
Schmidt,3,TNFRSF12A+TRAF3IP2,combo_seen1,0.008532391282527545,0.007863442511956972,0.07840108926326819,0.00848972923010427,0.00807737628268288,0.04857080081649746,0.22348262576762726,0.26568567072536886,0.0422030449577416
Schmidt,3,PRKD2+VAV1,combo_seen2,0.006259133178517416,0.006252392428773023,0.001076946208386932,0.0036237360493050607,0.0036292386048584445,-0.0015184758157093252,0.1917002309764388,0.19074873700911255,-0.0009514939673262446
Schmidt,3,TNFRSF1A+TRAF3IP2,combo_seen2,0.005776706176877559,0.0057682076081851785,0.001471178978497777,0.004051082111297855,0.004036940237228971,0.003490888034444969,0.9410443927615123,0.9413936015914052,0.0003492088298928664
Schmidt,3,TRAF3IP2+TRIM21,combo_seen2,0.007454757042827272,0.007447943597604383,0.0009139728073961974,0.0057448954086284035,0.005748363270355656,-0.0006036422738077423,0.4468095673155363,0.44634028935590575,-0.00046927795963053187
Schmidt,3,ABCB10,unseen_single,0.0019248173842704522,0.0015565023919097108,0.19135061610031165,0.05040446409217623,0.035385891192265984,0.297961166146818,0.1694107066038851,0.5684020690395365,0.39899136243565136
Schmidt,3,APOL2,unseen_single,0.0021950963427149017,0.0012420790013065526,0.434157409341612,0.07824363310220724,0.034318851328077854,0.5613847418965298,0.1655268149930377,0.9129279573248853,0.7474011423318476
Schmidt,3,EMP3,unseen_single,0.0008360741330576484,0.0006263952960405045,0.2507897669914951,0.024085467721110358,0.009468308364636652,0.6068870875055543,0.16079119107475032,0.7796380637101107,0.6188468726353604
Schmidt,3,FOSB,unseen_single,0.00177823812826796,0.0019746207112060093,-0.11043660565828152,0.0444376532350085,0.05255343749433275,-0.18263305256926893,0.468074357465293,0.24590465821998908,-0.22216969924530394
Schmidt,3,LCP2,unseen_single,0.001931054115124479,0.0012497746636485401,0.3528018433766277,0.05816543581572281,0.029594663876770396,0.4911984503901782,0.42393968473100224,0.8423918052331593,0.418452120502157
Schmidt,3,LHX6,unseen_single,0.0016045634723104401,0.0011334197818622432,0.29362733140733194,0.04859187741611422,0.027926462145577365,0.42528538450098474,0.46412491378615384,0.7612332644979933,0.2971083507118395
Schmidt,3,MGST3,unseen_single,0.0018852738640865697,0.0011670795683969561,0.3809495847636887,0.06988573765468184,0.029654915030097973,0.5756657076923434,0.1879221812426348,0.8686797549535861,0.6807575737109512
Schmidt,3,TNFRSF1B,unseen_single,0.00759900468516551,0.004691238789343204,0.3826508886747677,0.24435117361643563,0.14304713288364623,0.4145838108058731,0.7782232191120991,0.9051983330058929,0.1269751138937938
Schmidt,3,TNFRSF12A,unseen_single,0.0008373930096477614,0.0007738148531729286,0.07592391594190177,0.021855604418034885,0.016440825334499573,0.24775242907796802,0.47263648321866736,0.6461005830465696,0.17346409982790223
Schmidt,3,EMP3+LCP2,combo_seen0,0.010057767640315147,0.009701454138894772,0.03542669846459187,0.0554461262809918,0.021799694033157714,0.6068310719728107,-0.12699493610836904,0.9261460305314037,1.0531409666397726
Schmidt,3,EMP3+TNFRSF1B,combo_seen0,0.010077020915241134,0.006811177291808464,0.32408820532397603,0.052842435914625306,0.01838519071148929,0.6520752612314608,0.47168797274698204,0.9933199294258934,0.5216319566789114
Wessels,1,DOT1L+GFI1,combo_seen1,0.006044414212064165,0.006044414212064165,0.0,0.22738867685908118,0.22738867685908118,0.0,0.6075732811852774,0.6075732811852774,0.0
Wessels,1,DOT1L+IKZF1,combo_seen1,0.002122444825057544,0.002122444825057544,0.0,0.010294010148224059,0.010294010148224059,0.0,0.8852765128939343,0.8852765128939343,0.0
Wessels,1,DOT1L+INTS1,combo_seen1,0.0035622074918696925,0.0035622074918696925,0.0,0.05094878490303376,0.05094878490303376,0.0,0.42437702509242964,0.42437702509242964,0.0
Wessels,1,EP300+GFI1,combo_seen1,0.002887226159670427,0.002887226159670427,0.0,0.03953738228862706,0.03953738228862706,0.0,0.8799923530755576,0.8799923530755576,0.0
Wessels,1,EP300+IKZF1,combo_seen1,0.002645716030884557,0.002645716030884557,0.0,0.01048506944273981,0.01048506944273981,0.0,0.9519789496593187,0.9519789496593187,0.0
Wessels,1,EP300+INTS1,combo_seen1,0.002221619915848571,0.002221619915848571,0.0,0.013252560291717173,0.013252560291717173,0.0,0.9559474475766315,0.9559474475766315,0.0
Wessels,1,FLI1+GFI1,combo_seen1,0.0035711410689964495,0.0035711410689964495,0.0,0.08290619763950076,0.08290619763950076,0.0,0.95571220680838,0.95571220680838,0.0
Wessels,1,FLI1+IKZF1,combo_seen1,0.0016592529597855682,0.0016592529597855682,0.0,0.013118888000029973,0.013118888000029973,0.0,0.9732000898353486,0.9732000898353486,0.0
Wessels,1,FLI1+INTS1,combo_seen1,0.0023347559926837785,0.0023347559926837785,0.0,0.026259785880298397,0.026259785880298397,0.0,0.9094559120185445,0.9094559120185445,0.0
Wessels,1,GATA2+GFI1,combo_seen1,0.006478104537012412,0.006478104537012412,0.0,0.2514217565308375,0.2514217565308375,0.0,0.6496948587281901,0.6496948587281901,0.0
Wessels,1,GATA2+IKZF1,combo_seen1,0.0012917734144130798,0.0012917734144130798,0.0,0.01097132198370643,0.01097132198370643,0.0,0.8485275289637048,0.8485275289637048,0.0
Wessels,1,GATA2+INTS1,combo_seen1,0.002542327563254628,0.002542327563254628,0.0,0.03232306946373252,0.03232306946373252,0.0,0.2569691769338801,0.2569691769338801,0.0
Wessels,1,GFI1+GSE1,combo_seen1,0.009672894408872782,0.009672894408872782,0.0,0.34363069304104354,0.34363069304104354,0.0,0.5348838197036042,0.5348838197036042,0.0
Wessels,1,GFI1+HDAC3,combo_seen1,0.00744474546213083,0.00744474546213083,0.0,0.29122087871447067,0.29122087871447067,0.0,0.7894514472638178,0.7894514472638178,0.0
Wessels,1,GFI1+KDM1A,combo_seen1,0.0030622002062250064,0.0030622002062250064,0.0,0.07413181738062014,0.07413181738062014,0.0,0.9715052814050288,0.9715052814050288,0.0
Wessels,1,GFI1+MED24,combo_seen1,0.005700475169758732,0.005700475169758732,0.0,0.1326522989483012,0.1326522989483012,0.0,0.8423929729013291,0.8423929729013291,0.0
Wessels,1,GFI1+RCOR1,combo_seen1,0.005329930189244514,0.005329930189244514,0.0,0.17666320376846315,0.17666320376846315,0.0,0.62184297100361,0.62184297100361,0.0
Wessels,1,GFI1+RING1,combo_seen1,0.005120538200609264,0.005120538200609264,0.0,0.18780537187134227,0.18780537187134227,0.0,0.7297164209495974,0.7297164209495974,0.0
Wessels,1,GFI1+SMARCD1,combo_seen1,0.004761519924853064,0.004761519924853064,0.0,0.16333075178767106,0.16333075178767106,0.0,0.582846014128217,0.582846014128217,0.0
Wessels,1,GSE1+IKZF1,combo_seen1,0.004198491631249442,0.004198491631249442,0.0,0.09323822064547034,0.09323822064547034,0.0,0.5948531104151336,0.5948531104151336,0.0
Wessels,1,GSE1+INTS1,combo_seen1,0.006510725862588037,0.006510725862588037,0.0,0.21894231742850345,0.21894231742850345,0.0,0.282201482419614,0.282201482419614,0.0
Wessels,1,HDAC3+IKZF1,combo_seen1,0.002251781165488882,0.002251781165488882,0.0,0.01180010041835009,0.01180010041835009,0.0,0.9289099628094808,0.9289099628094808,0.0
Wessels,1,HDAC3+INTS1,combo_seen1,0.0027666430039773437,0.0027666430039773437,0.0,0.03807184381444762,0.03807184381444762,0.0,0.7609470727660715,0.7609470727660715,0.0
Wessels,1,IKZF1+KDM1A,combo_seen1,0.0017894701870484033,0.0017894701870484033,0.0,0.01990295323864266,0.01990295323864266,0.0,0.9680567405590033,0.9680567405590033,0.0
Wessels,1,IKZF1+MED24,combo_seen1,0.00581018731795578,0.00581018731795578,0.0,0.09533806225214388,0.09533806225214388,0.0,0.9135677547320589,0.9135677547320589,0.0
Wessels,1,IKZF1+RCOR1,combo_seen1,0.0027979371303170322,0.0027979371303170322,0.0,0.005997676026017651,0.005997676026017651,0.0,0.8745517907357773,0.8745517907357773,0.0
Wessels,1,IKZF1+SMARCD1,combo_seen1,0.0014203474027390094,0.0014203474027390094,0.0,0.012934112411446437,0.012934112411446437,0.0,0.9313497324552786,0.9313497324552786,0.0
Wessels,1,INTS1+KDM1A,combo_seen1,0.0033725585775753026,0.0033725585775753026,0.0,0.058706679609463644,0.058706679609463644,0.0,0.9153360722967236,0.9153360722967236,0.0
Wessels,1,INTS1+MED24,combo_seen1,0.0063386605785806585,0.0063386605785806585,0.0,0.12948810106908618,0.12948810106908618,0.0,0.8497072280020438,0.8497072280020438,0.0
Wessels,1,INTS1+MYB,combo_seen1,0.007135599636174615,0.007135599636174615,0.0,0.16439184425766473,0.16439184425766473,0.0,0.8053491072259779,0.8053491072259779,0.0
Wessels,1,INTS1+RCOR1,combo_seen1,0.0025865226308771755,0.0025865226308771755,0.0,0.023332887670965297,0.023332887670965297,0.0,0.4859915670693936,0.4859915670693936,0.0
Wessels,1,INTS1+RING1,combo_seen1,0.0030119014706314023,0.0030119014706314023,0.0,0.04657807868371199,0.04657807868371199,0.0,0.4229828612057728,0.4229828612057728,0.0
Wessels,1,INTS1+SMARCD1,combo_seen1,0.0025285009193055734,0.0025285009193055734,0.0,0.011956521886795643,0.011956521886795643,0.0,0.8839592727670715,0.8839592727670715,0.0
Wessels,1,INTS1+SSRP1,combo_seen1,0.002772110027275534,0.002772110027275534,0.0,0.025737092848349352,0.025737092848349352,0.0,0.6535986800806841,0.6535986800806841,0.0
Wessels,1,MED13L+MED16,combo_seen1,0.001972406395963658,0.001972406395963658,0.0,0.011952588829058157,0.011952588829058157,0.0,0.9672723656135626,0.9672723656135626,0.0
Wessels,1,MED13L+MED19,combo_seen1,0.002968879643489116,0.002968879643489116,0.0,0.0366537943554512,0.0366537943554512,0.0,0.9760673099593062,0.9760673099593062,0.0
Wessels,1,MED13L+MED22,combo_seen1,0.0022459280598325854,0.0022459280598325854,0.0,0.01956197678926509,0.01956197678926509,0.0,0.9633704800529218,0.9633704800529218,0.0
Wessels,1,MED13L+MED24,combo_seen1,0.007664704622938987,0.007664704622938987,0.0,0.14352504056865,0.14352504056865,0.0,0.9081036577180637,0.9081036577180637,0.0
Wessels,1,MED14+MED19,combo_seen1,0.005522115023371566,0.005522115023371566,0.0,0.0869690389255555,0.0869690389255555,0.0,0.9746826691098346,0.9746826691098346,0.0
Wessels,1,MED14+MED22,combo_seen1,0.0051467451379690575,0.0051467451379690575,0.0,0.06154867729396172,0.06154867729396172,0.0,0.9587391361310442,0.9587391361310442,0.0
Wessels,1,MED14+MED24,combo_seen1,0.009197671137362933,0.009197671137362933,0.0,0.1663292293654008,0.1663292293654008,0.0,0.8890829773940717,0.8890829773940717,0.0
Wessels,1,SUPT5H+SUPT6H,combo_seen1,0.0021950686519560778,0.0021950686519560778,0.0,0.019958550203500885,0.019958550203500885,0.0,0.8418402650040644,0.8418402650040644,0.0
Wessels,1,SUPT16H+SUPT5H,combo_seen1,0.0034008429608860706,0.0034008429608860706,0.0,0.01846100372380668,0.01846100372380668,0.0,0.9468890176938792,0.9468890176938792,0.0
Wessels,1,DOT1L+EP300,combo_seen2,0.001253847822141978,0.001253847822141978,0.0,0.006814018735609626,0.006814018735609626,0.0,0.9752590812458245,0.9752590812458245,0.0
Wessels,1,DOT1L+FLI1,combo_seen2,0.0011730540946108473,0.0011730540946108473,0.0,0.008924143974674106,0.008924143974674106,0.0,0.9833213602541147,0.9833213602541147,0.0
Wessels,1,DOT1L+KDM1A,combo_seen2,0.0017650050399943627,0.0017650050399943627,0.0,0.04256657900249939,0.04256657900249939,0.0,0.9855107727384796,0.9855107727384796,0.0
Wessels,1,DOT1L+MED24,combo_seen2,0.00482729143032018,0.00482729143032018,0.0,0.09619270194799427,0.09619270194799427,0.0,0.9148492258616778,0.9148492258616778,0.0
Wessels,1,DOT1L+RCOR1,combo_seen2,0.0010201234827870395,0.0010201234827870395,0.0,0.0029190928582923025,0.0029190928582923025,0.0,0.9570657963160706,0.9570657963160706,0.0
Wessels,1,DOT1L+SMARCD1,combo_seen2,0.0011568434568011148,0.0011568434568011148,0.0,0.007552819482337913,0.007552819482337913,0.0,0.9787520331674596,0.9787520331674596,0.0
Wessels,1,EP300+GATA2,combo_seen2,0.0009385803728498927,0.0009385803728498927,0.0,0.0034364436436724556,0.0034364436436724556,0.0,0.9848607412459028,0.9848607412459028,0.0
Wessels,1,EP300+GSE1,combo_seen2,0.0037998065275171196,0.0037998065275171196,0.0,0.012756341143052734,0.012756341143052734,0.0,0.9407455498349141,0.9407455498349141,0.0
Wessels,1,EP300+MED24,combo_seen2,0.002650421087092119,0.002650421087092119,0.0,0.03249851792913317,0.03249851792913317,0.0,0.9587450404653597,0.9587450404653597,0.0
Wessels,1,EP300+MYB,combo_seen2,0.006976336428903877,0.006976336428903877,0.0,0.1132821090352234,0.1132821090352234,0.0,0.835552070957791,0.835552070957791,0.0
Wessels,1,EP300+SSRP1,combo_seen2,0.0017044884671163897,0.0017044884671163897,0.0,0.0063494350581581975,0.0063494350581581975,0.0,0.9866610612002887,0.9866610612002887,0.0
Wessels,1,FLI1+MED24,combo_seen2,0.003304237828168499,0.003304237828168499,0.0,0.04058858044425164,0.04058858044425164,0.0,0.950620325359919,0.950620325359919,0.0
Wessels,1,GATA2+SSRP1,combo_seen2,0.002061023853038454,0.002061023853038454,0.0,0.005208554578523587,0.005208554578523587,0.0,0.8557627324997389,0.8557627324997389,0.0
Wessels,1,HDAC3+MED24,combo_seen2,0.006516895426259643,0.006516895426259643,0.0,0.10452520278395064,0.10452520278395064,0.0,0.8541179091779674,0.8541179091779674,0.0
Wessels,1,KDM1A+RING1,combo_seen2,0.0012982284546680756,0.0012982284546680756,0.0,0.013652355316130977,0.013652355316130977,0.0,0.9900341597206656,0.9900341597206656,0.0
Wessels,1,SMARCA5+SMARCD1,combo_seen2,0.0025781306807133825,0.0025781306807133825,0.0,0.012688361473982583,0.012688361473982583,0.0,0.9502647468111577,0.9502647468111577,0.0
Wessels,1,SMARCD1+SSRP1,combo_seen2,0.001880615257112785,0.001880615257112785,0.0,0.008468236344888684,0.008468236344888684,0.0,0.9577181153466401,0.9577181153466401,0.0
Wessels,1,GFI1,unseen_single,0.006663651739904776,0.006663651739904776,0.0,0.21840418365222095,0.21840418365222095,0.0,0.5893888423914434,0.5893888423914434,0.0
Wessels,1,INTS1,unseen_single,0.002474608358818498,0.002474608358818498,0.0,0.049727272130513395,0.049727272130513395,0.0,-0.2929126653535638,-0.2929126653535638,0.0
Wessels,1,GFI1+INTS1,combo_seen0,0.00829993139620561,0.00829993139620561,0.0,0.30311663417381135,0.30311663417381135,0.0,0.3324271024765796,0.3324271024765796,0.0
Wessels,1,IKZF1+INTS1,combo_seen0,0.003954612838428153,0.003954612838428153,0.0,0.03628628711030644,0.03628628711030644,0.0,0.33643579072574314,0.33643579072574314,0.0
Wessels,1,MED13L+MED14,combo_seen0,0.007799064940427548,0.007799064940427548,0.0,0.15482577489160015,0.15482577489160015,0.0,0.8914215019309072,0.8914215019309072,0.0
Wessels,2,DOT1L+IKZF1,combo_seen1,0.0020736926981350626,0.0020736926981350626,0.0,0.007487864204403751,0.007487864204403751,0.0,0.9176622657859939,0.9176622657859939,0.0
Wessels,2,DOT1L+RCOR1,combo_seen1,0.001612307039346692,0.001612307039346692,0.0,0.00534008470035605,0.00534008470035605,0.0,0.9522768785271509,0.9522768785271509,0.0
Wessels,2,EP300+IKZF1,combo_seen1,0.0021787175249891417,0.0021787175249891417,0.0,0.00872178259834846,0.00872178259834846,0.0,0.9584615554285515,0.9584615554285515,0.0
Wessels,2,EP300+RCOR1,combo_seen1,0.0018535322988180252,0.0018535322988180252,0.0,0.019490239854521762,0.019490239854521762,0.0,0.9724303247300402,0.9724303247300402,0.0
Wessels,2,FLI1+IKZF1,combo_seen1,0.0015519034885042749,0.0015519034885042749,0.0,0.009687754375099653,0.009687754375099653,0.0,0.9796460450610999,0.9796460450610999,0.0
Wessels,2,FLI1+RCOR1,combo_seen1,0.0012845036327180758,0.0012845036327180758,0.0,0.014114616267087059,0.014114616267087059,0.0,0.9828352346808864,0.9828352346808864,0.0
Wessels,2,GATA2+IKZF1,combo_seen1,0.0014412925238652479,0.0014412925238652479,0.0,0.008151804661721086,0.008151804661721086,0.0,0.8882282021623655,0.8882282021623655,0.0
Wessels,2,GATA2+RCOR1,combo_seen1,0.0011910455530586641,0.0011910455530586641,0.0,0.004582698409129083,0.004582698409129083,0.0,0.9286772056796845,0.9286772056796845,0.0
Wessels,2,GFI1+RCOR1,combo_seen1,0.001753877255062377,0.001753877255062377,0.0,0.014471265196051042,0.014471265196051042,0.0,0.9726507677972501,0.9726507677972501,0.0
Wessels,2,GSE1+IKZF1,combo_seen1,0.0021018345809113398,0.0021018345809113398,0.0,0.008535923821027686,0.008535923821027686,0.0,0.969245659296086,0.969245659296086,0.0
Wessels,2,GSE1+RCOR1,combo_seen1,0.0018987929419648324,0.0018987929419648324,0.0,0.009125226458127323,0.009125226458127323,0.0,0.9727991529094141,0.9727991529094141,0.0
Wessels,2,HDAC3+IKZF1,combo_seen1,0.0027691947912046153,0.0027691947912046153,0.0,0.01195803676243649,0.01195803676243649,0.0,0.926865592671193,0.926865592671193,0.0
Wessels,2,IKZF1+INTS1,combo_seen1,0.004560830057069682,0.004560830057069682,0.0,0.03211410054907725,0.03211410054907725,0.0,0.46364382335114673,0.46364382335114673,0.0
Wessels,2,IKZF1+KDM1A,combo_seen1,0.001670073068499334,0.001670073068499334,0.0,0.01864543977748003,0.01864543977748003,0.0,0.9753407184469354,0.9753407184469354,0.0
Wessels,2,IKZF1+MED24,combo_seen1,0.00152334654503789,0.00152334654503789,0.0,0.008716629115367474,0.008716629115367474,0.0,0.9850521679560994,0.9850521679560994,0.0
Wessels,2,IKZF1+SMARCD1,combo_seen1,0.0016220025139293257,0.0016220025139293257,0.0,0.013194374761072061,0.013194374761072061,0.0,0.9278257540298872,0.9278257540298872,0.0
Wessels,2,INTS1+RCOR1,combo_seen1,0.004359134549597058,0.004359134549597058,0.0,0.0377275983743478,0.0377275983743478,0.0,0.33958563584404666,0.33958563584404666,0.0
Wessels,2,KDM1A+RCOR1,combo_seen1,0.002253105474014373,0.002253105474014373,0.0,0.02201055568189871,0.02201055568189871,0.0,0.9822812968798202,0.9822812968798202,0.0
Wessels,2,MED13L+MED14,combo_seen1,0.00530765416095628,0.00530765416095628,0.0,0.09171279137586598,0.09171279137586598,0.0,0.9582287058728765,0.9582287058728765,0.0
Wessels,2,MED13L+MED19,combo_seen1,0.004176142977064717,0.004176142977064717,0.0,0.05825374799297212,0.05825374799297212,0.0,0.9718450775387755,0.9718450775387755,0.0
Wessels,2,MED13L+MED24,combo_seen1,0.0019871051180301805,0.0019871051180301805,0.0,0.015566818763301595,0.015566818763301595,0.0,0.9892084029893126,0.9892084029893126,0.0
Wessels,2,MED14+MED22,combo_seen1,0.005494424924240891,0.005494424924240891,0.0,0.06494258527226746,0.06494258527226746,0.0,0.9678108008327656,0.9678108008327656,0.0
Wessels,2,MED16+MED19,combo_seen1,0.004447651783017972,0.004447651783017972,0.0,0.06311776156508306,0.06311776156508306,0.0,0.969782403358584,0.969782403358584,0.0
Wessels,2,MED16+MED24,combo_seen1,0.0021194204765087412,0.0021194204765087412,0.0,0.01371842807639776,0.01371842807639776,0.0,0.984873533150827,0.984873533150827,0.0
Wessels,2,MED19+MED22,combo_seen1,0.004414832429703166,0.004414832429703166,0.0,0.06497071282206608,0.06497071282206608,0.0,0.9758016167671028,0.9758016167671028,0.0
Wessels,2,MED22+MED24,combo_seen1,0.001100387563204828,0.001100387563204828,0.0,0.004920941100897162,0.004920941100897162,0.0,0.9942305614873818,0.9942305614873818,0.0
Wessels,2,MED24+RCOR1,combo_seen1,0.0012312681529281781,0.0012312681529281781,0.0,0.004845781914052471,0.004845781914052471,0.0,0.9906703241566448,0.9906703241566448,0.0
Wessels,2,RCOR1+RING1,combo_seen1,0.002111298319628296,0.002111298319628296,0.0,0.009504322678860666,0.009504322678860666,0.0,0.8490613072854226,0.8490613072854226,0.0
Wessels,2,RCOR1+SMARCD1,combo_seen1,0.0018860869007997529,0.0018860869007997529,0.0,0.007621748355590323,0.007621748355590323,0.0,0.9485643242797301,0.9485643242797301,0.0
Wessels,2,SUPT5H+SUPT6H,combo_seen1,0.001855960585756029,0.001855960585756029,0.0,0.012154005164486646,0.012154005164486646,0.0,0.907261026592565,0.907261026592565,0.0
Wessels,2,DOT1L+GSE1,combo_seen2,0.0013303865633579254,0.0013303865633579254,0.0,0.013141295640200737,0.013141295640200737,0.0,0.981394936098181,0.981394936098181,0.0
Wessels,2,DOT1L+KDM1A,combo_seen2,0.0019789610322081272,0.0019789610322081272,0.0,0.0554054015603071,0.0554054015603071,0.0,0.9847552910733197,0.9847552910733197,0.0
Wessels,2,EP300+HDAC3,combo_seen2,0.0012207054421026942,0.0012207054421026942,0.0,0.009493113836606741,0.009493113836606741,0.0,0.9787481398296431,0.9787481398296431,0.0
Wessels,2,EP300+RING1,combo_seen2,0.0013548413463073219,0.0013548413463073219,0.0,0.008867810048004661,0.008867810048004661,0.0,0.9785857667099402,0.9785857667099402,0.0
Wessels,2,EP300+SSRP1,combo_seen2,0.002011268344578749,0.002011268344578749,0.0,0.01640659266695973,0.01640659266695973,0.0,0.9772048600060509,0.9772048600060509,0.0
Wessels,2,FLI1+SMARCD1,combo_seen2,0.0011647754471939933,0.0011647754471939933,0.0,0.0183806883215826,0.0183806883215826,0.0,0.9614100145932662,0.9614100145932662,0.0
Wessels,2,GATA2+GSE1,combo_seen2,0.0010537300397087898,0.0010537300397087898,0.0,0.012296781218540028,0.012296781218540028,0.0,0.9877783918027542,0.9877783918027542,0.0
Wessels,2,GATA2+KDM1A,combo_seen2,0.0010379634259382313,0.0010379634259382313,0.0,0.018415482894213926,0.018415482894213926,0.0,0.9897266727869521,0.9897266727869521,0.0
Wessels,2,GATA2+MED24,combo_seen2,0.0008162015388581742,0.0008162015388581742,0.0,0.009637723184516835,0.009637723184516835,0.0,0.9941735970938675,0.9941735970938675,0.0
Wessels,2,GATA2+RING1,combo_seen2,0.0009535373384327452,0.0009535373384327452,0.0,0.005737077063310884,0.005737077063310884,0.0,0.9103352427621965,0.9103352427621965,0.0
Wessels,2,GATA2+SMARCD1,combo_seen2,0.0006009935615026712,0.0006009935615026712,0.0,0.002796680804590102,0.002796680804590102,0.0,0.9787084148549873,0.9787084148549873,0.0
Wessels,2,GFI1+GSE1,combo_seen2,0.0020139505543176977,0.0020139505543176977,0.0,0.023609871884904057,0.023609871884904057,0.0,0.9818478813605143,0.9818478813605143,0.0
Wessels,2,GFI1+HDAC3,combo_seen2,0.0021187608035212573,0.0021187608035212573,0.0,0.06810402641230687,0.06810402641230687,0.0,0.9727723523715405,0.9727723523715405,0.0
Wessels,2,GFI1+RING1,combo_seen2,0.0009643827348820901,0.0009643827348820901,0.0,0.00990873922592076,0.00990873922592076,0.0,0.9892676840054508,0.9892676840054508,0.0
Wessels,2,GSE1+HDAC3,combo_seen2,0.0017359481201847718,0.0017359481201847718,0.0,0.040921642302958604,0.040921642302958604,0.0,0.9634735501144049,0.9634735501144049,0.0
Wessels,2,GSE1+KDM1A,combo_seen2,0.0014661774878996583,0.0014661774878996583,0.0,0.012018946604675212,0.012018946604675212,0.0,0.9886120957321367,0.9886120957321367,0.0
Wessels,2,INTS1+RING1,combo_seen2,0.0035694554690243498,0.0035694554690243498,0.0,0.04422295411553418,0.04422295411553418,0.0,0.5093048736725774,0.5093048736725774,0.0
Wessels,2,INTS1+SSRP1,combo_seen2,0.00254632902840105,0.00254632902840105,0.0,0.02100245446635963,0.02100245446635963,0.0,0.7331134529034007,0.7331134529034007,0.0
Wessels,2,MED24+RING1,combo_seen2,0.001276228199483344,0.001276228199483344,0.0,0.012746112953266496,0.012746112953266496,0.0,0.9903379314275557,0.9903379314275557,0.0
Wessels,2,MED24+SSRP1,combo_seen2,0.0017582214141196742,0.0017582214141196742,0.0,0.013991649348661005,0.013991649348661005,0.0,0.9849584904319523,0.9849584904319523,0.0
Wessels,2,RCOR1,unseen_single,0.0021128951052108943,0.0021128951052108943,0.0,0.0065262492746937135,0.0065262492746937135,0.0,0.19164250954960732,0.19164250954960732,0.0
Wessels,2,IKZF1+RCOR1,combo_seen0,0.004202345110474888,0.004202345110474888,0.0,0.006188017745507863,0.006188017745507863,0.0,0.8408187455074911,0.8408187455074911,0.0
Wessels,2,MED13L+MED16,combo_seen0,0.0027494675894342195,0.0027494675894342195,0.0,0.026609882380490623,0.026609882380490623,0.0,0.9502238897279325,0.9502238897279325,0.0
Wessels,2,MED13L+MED22,combo_seen0,0.0034471497490043018,0.0034471497490043018,0.0,0.043853236010122865,0.043853236010122865,0.0,0.9424831569338455,0.9424831569338455,0.0
Wessels,2,MED16+MED22,combo_seen0,0.0044159647425468865,0.0044159647425468865,0.0,0.07309236567261682,0.07309236567261682,0.0,0.9590056370104442,0.9590056370104442,0.0
Wessels,3,DOT1L+FLI1,combo_seen1,0.0038581819737721467,0.0038581819737721467,0.0,0.08343603743657234,0.08343603743657234,0.0,0.8689308562144896,0.8689308562144896,0.0
Wessels,3,DOT1L+IKZF1,combo_seen1,0.0019570565317975053,0.0019570565317975053,0.0,0.007926812378269558,0.007926812378269558,0.0,0.91078606825706,0.91078606825706,0.0
Wessels,3,DOT1L+KDM1A,combo_seen1,0.009261690782394721,0.009261690782394721,0.0,0.3410106954856761,0.3410106954856761,0.0,0.6913735188212284,0.6913735188212284,0.0
Wessels,3,DOT1L+RING1,combo_seen1,0.0015004758153193728,0.0015004758153193728,0.0,0.011465821720283785,0.011465821720283785,0.0,0.8922944107762304,0.8922944107762304,0.0
Wessels,3,EP300+FLI1,combo_seen1,0.002327450812354891,0.002327450812354891,0.0,0.020483414847112965,0.020483414847112965,0.0,0.9630347609928124,0.9630347609928124,0.0
Wessels,3,EP300+IKZF1,combo_seen1,0.0024068198156458292,0.0024068198156458292,0.0,0.009124342921305739,0.009124342921305739,0.0,0.9590570147884786,0.9590570147884786,0.0
Wessels,3,EP300+KDM1A,combo_seen1,0.00261939760091101,0.00261939760091101,0.0,0.026306558186438265,0.026306558186438265,0.0,0.9420410588031096,0.9420410588031096,0.0
Wessels,3,EP300+RING1,combo_seen1,0.0014500949811485013,0.0014500949811485013,0.0,0.006626250814998462,0.006626250814998462,0.0,0.9760512303053637,0.9760512303053637,0.0
Wessels,3,FLI1+GATA2,combo_seen1,0.0036966262557281944,0.0036966262557281944,0.0,0.08691193392923889,0.08691193392923889,0.0,0.7402495929257976,0.7402495929257976,0.0
Wessels,3,FLI1+GFI1,combo_seen1,0.008612803407152533,0.008612803407152533,0.0,0.22231263889957645,0.22231263889957645,0.0,0.8027226409938318,0.8027226409938318,0.0
Wessels,3,FLI1+GSE1,combo_seen1,0.005529048868628496,0.005529048868628496,0.0,0.07164254046817906,0.07164254046817906,0.0,0.9251498359844239,0.9251498359844239,0.0
Wessels,3,FLI1+HDAC3,combo_seen1,0.004991385768052957,0.004991385768052957,0.0,0.12893137885747388,0.12893137885747388,0.0,0.6887660479213632,0.6887660479213632,0.0
Wessels,3,FLI1+INTS1,combo_seen1,0.0038614210306433545,0.0038614210306433545,0.0,0.11175897959298191,0.11175897959298191,0.0,0.34724915338252416,0.34724915338252416,0.0
Wessels,3,FLI1+MED24,combo_seen1,0.0027124809619450685,0.0027124809619450685,0.0,0.018122035717128455,0.018122035717128455,0.0,0.9724545023058319,0.9724545023058319,0.0
Wessels,3,FLI1+RCOR1,combo_seen1,0.0027446696625755187,0.0027446696625755187,0.0,0.05282245784448756,0.05282245784448756,0.0,0.8302361810075896,0.8302361810075896,0.0
Wessels,3,FLI1+SMARCD1,combo_seen1,0.0034589685466768485,0.0034589685466768485,0.0,0.05907515020158516,0.05907515020158516,0.0,0.8813905467994106,0.8813905467994106,0.0
Wessels,3,FLI1+SSRP1,combo_seen1,0.004365763896799186,0.004365763896799186,0.0,0.07541848317646646,0.07541848317646646,0.0,0.8707954709396872,0.8707954709396872,0.0
Wessels,3,GATA2+IKZF1,combo_seen1,0.0016043372472506641,0.0016043372472506641,0.0,0.007830164700125566,0.007830164700125566,0.0,0.8971804471647331,0.8971804471647331,0.0
Wessels,3,GATA2+KDM1A,combo_seen1,0.006140523745608569,0.006140523745608569,0.0,0.22017489551692082,0.22017489551692082,0.0,0.726625327961948,0.726625327961948,0.0
Wessels,3,GATA2+RING1,combo_seen1,0.0023362679042271887,0.0023362679042271887,0.0,0.011339857822151961,0.011339857822151961,0.0,0.7457254272398142,0.7457254272398142,0.0
Wessels,3,GFI1+KDM1A,combo_seen1,0.01073164860641452,0.01073164860641452,0.0,0.368556672402365,0.368556672402365,0.0,0.69698982683869,0.69698982683869,0.0
Wessels,3,GFI1+RING1,combo_seen1,0.005477887734539999,0.005477887734539999,0.0,0.1573489525574169,0.1573489525574169,0.0,0.7383712393294894,0.7383712393294894,0.0
Wessels,3,GSE1+IKZF1,combo_seen1,0.002170498637862253,0.002170498637862253,0.0,0.010581216109978937,0.010581216109978937,0.0,0.9654931757137638,0.9654931757137638,0.0
Wessels,3,GSE1+KDM1A,combo_seen1,0.0025880614512241054,0.0025880614512241054,0.0,0.0536569313034759,0.0536569313034759,0.0,0.9666731423745822,0.9666731423745822,0.0
Wessels,3,GSE1+RING1,combo_seen1,0.0019827647041464743,0.0019827647041464743,0.0,0.024203553196266516,0.024203553196266516,0.0,0.957896784246189,0.957896784246189,0.0
Wessels,3,HDAC3+IKZF1,combo_seen1,0.00322561055127267,0.00322561055127267,0.0,0.01262281286129741,0.01262281286129741,0.0,0.9227399369329811,0.9227399369329811,0.0
Wessels,3,HDAC3+KDM1A,combo_seen1,0.008809676972103777,0.008809676972103777,0.0,0.31055649929588863,0.31055649929588863,0.0,0.8194930500677342,0.8194930500677342,0.0
Wessels,3,HDAC3+RING1,combo_seen1,0.0017782575785761838,0.0017782575785761838,0.0,0.016466736287949004,0.016466736287949004,0.0,0.906803226306202,0.906803226306202,0.0
Wessels,3,IKZF1+INTS1,combo_seen1,0.0016359873277802214,0.0016359873277802214,0.0,0.009749315411972475,0.009749315411972475,0.0,0.8396767892545398,0.8396767892545398,0.0
Wessels,3,IKZF1+MED24,combo_seen1,0.001551194816787283,0.001551194816787283,0.0,0.006895598856964709,0.006895598856964709,0.0,0.9875332956388692,0.9875332956388692,0.0
Wessels,3,IKZF1+RCOR1,combo_seen1,0.0032945753422376563,0.0032945753422376563,0.0,0.00494860926352189,0.00494860926352189,0.0,0.8968773736371133,0.8968773736371133,0.0
Wessels,3,IKZF1+SMARCD1,combo_seen1,0.0018597404486283284,0.0018597404486283284,0.0,0.013842919475791672,0.013842919475791672,0.0,0.9238817077760496,0.9238817077760496,0.0
Wessels,3,INTS1+KDM1A,combo_seen1,0.007043227865747178,0.007043227865747178,0.0,0.275592907861093,0.275592907861093,0.0,0.7182076139486988,0.7182076139486988,0.0
Wessels,3,INTS1+RING1,combo_seen1,0.0023850635944015616,0.0023850635944015616,0.0,0.02849672926540746,0.02849672926540746,0.0,0.7345083955015643,0.7345083955015643,0.0
Wessels,3,KDM1A+MED24,combo_seen1,0.003176022255555921,0.003176022255555921,0.0,0.06024215304936947,0.06024215304936947,0.0,0.9463101359101502,0.9463101359101502,0.0
Wessels,3,KDM1A+RCOR1,combo_seen1,0.0076030738263293055,0.0076030738263293055,0.0,0.22425287729701718,0.22425287729701718,0.0,0.7815637678704739,0.7815637678704739,0.0
Wessels,3,KDM1A+SMARCD1,combo_seen1,0.0055663204954911095,0.0055663204954911095,0.0,0.1803671664843154,0.1803671664843154,0.0,0.5819310282834615,0.5819310282834615,0.0
Wessels,3,MED24+RING1,combo_seen1,0.001343408631011415,0.001343408631011415,0.0,0.008221917251544808,0.008221917251544808,0.0,0.9874642731625465,0.9874642731625465,0.0
Wessels,3,RCOR1+RING1,combo_seen1,0.0027325375558365267,0.0027325375558365267,0.0,0.011133127125640652,0.011133127125640652,0.0,0.7599593059413308,0.7599593059413308,0.0
Wessels,3,RING1+SMARCD1,combo_seen1,0.0018807677977243868,0.0018807677977243868,0.0,0.013187218469968353,0.013187218469968353,0.0,0.9193808555194887,0.9193808555194887,0.0
Wessels,3,SUPT5H+SUPT6H,combo_seen1,0.0025579364900019776,0.0025579364900019776,0.0,0.016510488664298776,0.016510488664298776,0.0,0.8929550656394308,0.8929550656394308,0.0
Wessels,3,SUPT16H+SUPT5H,combo_seen1,0.003755477755360053,0.003755477755360053,0.0,0.021885503684752682,0.021885503684752682,0.0,0.9537782557473358,0.9537782557473358,0.0
Wessels,3,DOT1L+EP300,combo_seen2,0.0012058140919944688,0.0012058140919944688,0.0,0.00903844735592603,0.00903844735592603,0.0,0.9824237325670825,0.9824237325670825,0.0
Wessels,3,DOT1L+GSE1,combo_seen2,0.0012804066845996487,0.0012804066845996487,0.0,0.014070472747059394,0.014070472747059394,0.0,0.9790637325995132,0.9790637325995132,0.0
Wessels,3,DOT1L+SMARCD1,combo_seen2,0.0013538577079821557,0.0013538577079821557,0.0,0.010122106269799933,0.010122106269799933,0.0,0.9779816315473295,0.9779816315473295,0.0
Wessels,3,EP300+GFI1,combo_seen2,0.0024905222051472544,0.0024905222051472544,0.0,0.031485882315628724,0.031485882315628724,0.0,0.907021225388046,0.907021225388046,0.0
Wessels,3,GATA2+GFI1,combo_seen2,0.006165406327121452,0.006165406327121452,0.0,0.2186494017115736,0.2186494017115736,0.0,0.7204952960406068,0.7204952960406068,0.0
Wessels,3,GATA2+GSE1,combo_seen2,0.0009827646353178848,0.0009827646353178848,0.0,0.009373721022546749,0.009373721022546749,0.0,0.9893621048146624,0.9893621048146624,0.0
Wessels,3,GATA2+HDAC3,combo_seen2,0.0007613488618173754,0.0007613488618173754,0.0,0.004624000993788988,0.004624000993788988,0.0,0.9639617054985964,0.9639617054985964,0.0
Wessels,3,GATA2+RCOR1,combo_seen2,0.0008178261842522049,0.0008178261842522049,0.0,0.0028915636403424073,0.0028915636403424073,0.0,0.9540449765206581,0.9540449765206581,0.0
Wessels,3,GFI1+INTS1,combo_seen2,0.005542183806505678,0.005542183806505678,0.0,0.21166415940315683,0.21166415940315683,0.0,0.764585118783186,0.764585118783186,0.0
Wessels,3,GFI1+SMARCD1,combo_seen2,0.004202488007125273,0.004202488007125273,0.0,0.12935433090796905,0.12935433090796905,0.0,0.6924823020394107,0.6924823020394107,0.0
Wessels,3,HDAC3+INTS1,combo_seen2,0.0008675913771634502,0.0008675913771634502,0.0,0.00823565001779204,0.00823565001779204,0.0,0.9581117973025133,0.9581117973025133,0.0
Wessels,3,INTS1+MED24,combo_seen2,0.0018094512162073863,0.0018094512162073863,0.0,0.03371673803620622,0.03371673803620622,0.0,0.9805739902587631,0.9805739902587631,0.0
Wessels,3,INTS1+RCOR1,combo_seen2,0.0007357221176103763,0.0007357221176103763,0.0,0.0033751912477345486,0.0033751912477345486,0.0,0.9290920467573022,0.9290920467573022,0.0
Wessels,3,INTS1+SMARCD1,combo_seen2,0.0007454330262712827,0.0007454330262712827,0.0,0.004581345273460841,0.004581345273460841,0.0,0.965421465421752,0.965421465421752,0.0
Wessels,3,MED16+MED24,combo_seen2,0.0034422059281829635,0.0034422059281829635,0.0,0.03463040206793735,0.03463040206793735,0.0,0.9879790567307466,0.9879790567307466,0.0
Wessels,3,MED19+MED24,combo_seen2,0.001739603150405107,0.001739603150405107,0.0,0.011427992063321919,0.011427992063321919,0.0,0.9848253213486271,0.9848253213486271,0.0
Wessels,3,MED24+RCOR1,combo_seen2,0.0013482252282521685,0.0013482252282521685,0.0,0.00955367342122588,0.00955367342122588,0.0,0.9893507908549911,0.9893507908549911,0.0
Wessels,3,ATXN7L3,unseen_single,0.0065631800642154976,0.0065631800642154976,0.0,0.07936931840696473,0.07936931840696473,0.0,-0.7704018027881654,-0.7704018027881654,0.0
Wessels,3,FLI1,unseen_single,0.003555017364631172,0.003555017364631172,0.0,0.09361767038628961,0.09361767038628961,0.0,0.6894843846753348,0.6894843846753348,0.0
Wessels,3,RING1,unseen_single,0.0036532760110187194,0.0036532760110187194,0.0,0.02465989921356387,0.02465989921356387,0.0,0.15592111359070823,0.15592111359070823,0.0
Wessels,3,FLI1+IKZF1,combo_seen0,0.004384755964401907,0.004384755964401907,0.0,0.07423377690926905,0.07423377690926905,0.0,0.8625622319152673,0.8625622319152673,0.0
Wessels,3,FLI1+KDM1A,combo_seen0,0.006900369826573078,0.006900369826573078,0.0,0.18285018648463341,0.18285018648463341,0.0,0.8009747923460446,0.8009747923460446,0.0
Wessels,3,FLI1+RING1,combo_seen0,0.004806418669966263,0.004806418669966263,0.0,0.09261431781203626,0.09261431781203626,0.0,0.7568072053576966,0.7568072053576966,0.0
Wessels,3,IKZF1+KDM1A,combo_seen0,0.006391804965486871,0.006391804965486871,0.0,0.18818786196773785,0.18818786196773785,0.0,0.7103602126086093,0.7103602126086093,0.0
Wessels,3,KDM1A+RING1,combo_seen0,0.006980577484622899,0.006980577484622899,0.0,0.22350528268852313,0.22350528268852313,0.0,0.6983060020885042,0.6983060020885042,0.0
