DataSet,seed,perturb,subgroup,DEG,method,cor,mse
Norman,1,AHR+FEV,combo_seen1,100,WitnessCell,0.8539147846994606,0.1552723089393514
Norman,1,AHR+FEV,combo_seen1,100,factorized_only,0.8539147846994606,0.1552723089393514
Norman,1,AHR+FEV,combo_seen1,5000,WitnessCell,0.7409248866387702,0.0063562641765501655
Norman,1,AHR+FEV,combo_seen1,5000,factorized_only,0.7409248866387702,0.0063562641765501655
Norman,1,AHR+KLF1,combo_seen1,100,WitnessCell,0.45497759869625265,0.09338237616639333
Norman,1,AHR+KLF1,combo_seen1,100,factorized_only,0.45497759869625265,0.09338237616639333
Norman,1,AHR+KLF1,combo_seen1,5000,WitnessCell,0.2636767273298445,0.005832383200831394
Norman,1,AHR+KLF1,combo_seen1,5000,factorized_only,0.2636767273298445,0.005832383200831394
Norman,1,BAK1+BCL2L11,combo_seen1,100,WitnessCell,0.2528255461408855,0.0034667652385403126
Norman,1,BAK1+BCL2L11,combo_seen1,100,factorized_only,0.2528255461408855,0.0034667652385403126
Norman,1,BAK1+BCL2L11,combo_seen1,5000,WitnessCell,-0.026966631558260432,0.0014225496933667617
Norman,1,BAK1+BCL2L11,combo_seen1,5000,factorized_only,-0.026966631558260432,0.0014225496933667617
Norman,1,BAK1+KLF1,combo_seen1,100,WitnessCell,0.20306783807594977,0.09182929215961291
Norman,1,BAK1+KLF1,combo_seen1,100,factorized_only,0.20306783807594977,0.09182929215961291
Norman,1,BAK1+KLF1,combo_seen1,5000,WitnessCell,0.05537126503157836,0.0032817352504329535
Norman,1,BAK1+KLF1,combo_seen1,5000,factorized_only,0.05537126503157836,0.0032817352504329535
Norman,1,BCL2L11+TGFBR2,combo_seen1,100,WitnessCell,0.8279914271032096,0.005680988087523506
Norman,1,BCL2L11+TGFBR2,combo_seen1,100,factorized_only,0.8274483517438327,0.005581711213061049
Norman,1,BCL2L11+TGFBR2,combo_seen1,5000,WitnessCell,0.4455109039699837,0.0011013577543985634
Norman,1,BCL2L11+TGFBR2,combo_seen1,5000,factorized_only,0.46319200786761905,0.0009395723674402398
Norman,1,CBFA2T3+FEV,combo_seen1,100,WitnessCell,0.6963592504293736,0.313753127920474
Norman,1,CBFA2T3+FEV,combo_seen1,100,factorized_only,0.6963592504293736,0.313753127920474
Norman,1,CBFA2T3+FEV,combo_seen1,5000,WitnessCell,0.5796303604007599,0.013324481497156947
Norman,1,CBFA2T3+FEV,combo_seen1,5000,factorized_only,0.5796303604007599,0.013324481497156947
Norman,1,CBL+PTPN9,combo_seen1,100,WitnessCell,0.9462003582598316,0.020207568486653726
Norman,1,CBL+PTPN9,combo_seen1,100,factorized_only,0.9211883775178551,0.03153970472474942
Norman,1,CBL+PTPN9,combo_seen1,5000,WitnessCell,0.8751392389974174,0.0011373012955127623
Norman,1,CBL+PTPN9,combo_seen1,5000,factorized_only,0.8418685060306638,0.001419358299739106
Norman,1,CBL+TGFBR2,combo_seen1,100,WitnessCell,0.846438894878693,0.04616000245650353
Norman,1,CBL+TGFBR2,combo_seen1,100,factorized_only,0.8563928919774474,0.04858860629965628
Norman,1,CBL+TGFBR2,combo_seen1,5000,WitnessCell,0.6979126144908863,0.0017803697768080063
Norman,1,CBL+TGFBR2,combo_seen1,5000,factorized_only,0.6900366853910427,0.001835009692114462
Norman,1,CBL+UBASH3A,combo_seen1,100,WitnessCell,0.9652985434350875,0.031730009689156645
Norman,1,CBL+UBASH3A,combo_seen1,100,factorized_only,0.9652985434350875,0.031730009689156645
Norman,1,CBL+UBASH3A,combo_seen1,5000,WitnessCell,0.6280248792570577,0.0028564387019678226
Norman,1,CBL+UBASH3A,combo_seen1,5000,factorized_only,0.6280248792570577,0.0028564387019678226
Norman,1,CBL+UBASH3B,combo_seen1,100,WitnessCell,0.9670457554838853,0.07925159016809541
Norman,1,CBL+UBASH3B,combo_seen1,100,factorized_only,0.9435011557444335,0.08951237151322804
Norman,1,CBL+UBASH3B,combo_seen1,5000,WitnessCell,0.9133481377028937,0.0024836060455464375
Norman,1,CBL+UBASH3B,combo_seen1,5000,factorized_only,0.8662593324917104,0.002779743527154714
Norman,1,CDKN1A+CDKN1B,combo_seen1,100,WitnessCell,0.9805504876442821,0.004619160244226789
Norman,1,CDKN1A+CDKN1B,combo_seen1,100,factorized_only,0.9805504876442821,0.004619160244226789
Norman,1,CDKN1A+CDKN1B,combo_seen1,5000,WitnessCell,0.9164357586257404,0.0008660206892529861
Norman,1,CDKN1A+CDKN1B,combo_seen1,5000,factorized_only,0.9164357586257404,0.0008660206892529861
Norman,1,CDKN1A+CDKN1C,combo_seen1,100,WitnessCell,0.9794015910894265,0.006268404658721896
Norman,1,CDKN1A+CDKN1C,combo_seen1,100,factorized_only,0.9794015910894265,0.006268404658721896
Norman,1,CDKN1A+CDKN1C,combo_seen1,5000,WitnessCell,0.9102604281877579,0.000967581875751904
Norman,1,CDKN1A+CDKN1C,combo_seen1,5000,factorized_only,0.9102604281877579,0.000967581875751904
Norman,1,CEBPA+KLF1,combo_seen1,100,WitnessCell,0.9861647479920396,0.01605376117681506
Norman,1,CEBPA+KLF1,combo_seen1,100,factorized_only,0.9846646637020058,0.015855442810362917
Norman,1,CEBPA+KLF1,combo_seen1,5000,WitnessCell,0.9479002559524957,0.0027244473925100324
Norman,1,CEBPA+KLF1,combo_seen1,5000,factorized_only,0.9417729735221074,0.002950480276478529
Norman,1,CEBPB+PTPN12,combo_seen1,100,WitnessCell,0.849140499424728,0.05544801807403405
Norman,1,CEBPB+PTPN12,combo_seen1,100,factorized_only,0.8652713782763936,0.04947153791872428
Norman,1,CEBPB+PTPN12,combo_seen1,5000,WitnessCell,0.7732627413982356,0.0038204887142401405
Norman,1,CEBPB+PTPN12,combo_seen1,5000,factorized_only,0.7899112682441286,0.003732840405229954
Norman,1,CEBPE+CNN1,combo_seen1,100,WitnessCell,0.696337378861009,0.0524252083109595
Norman,1,CEBPE+CNN1,combo_seen1,100,factorized_only,0.696337378861009,0.0524252083109595
Norman,1,CEBPE+CNN1,combo_seen1,5000,WitnessCell,0.6155997450992473,0.0025260436102100318
Norman,1,CEBPE+CNN1,combo_seen1,5000,factorized_only,0.6155997450992473,0.0025260436102100318
Norman,1,CEBPE+ETS2,combo_seen1,100,WitnessCell,0.33283781813188434,0.21392250385502226
Norman,1,CEBPE+ETS2,combo_seen1,100,factorized_only,0.33283781813188434,0.21392250385502226
Norman,1,CEBPE+ETS2,combo_seen1,5000,WitnessCell,0.4038620262865032,0.006834852620492242
Norman,1,CEBPE+ETS2,combo_seen1,5000,factorized_only,0.4038620262865032,0.006834852620492242
Norman,1,CEBPE+KLF1,combo_seen1,100,WitnessCell,0.30035034823665424,0.07174243376671344
Norman,1,CEBPE+KLF1,combo_seen1,100,factorized_only,0.30035034823665424,0.07174243376671344
Norman,1,CEBPE+KLF1,combo_seen1,5000,WitnessCell,0.0976700917154597,0.004631014214849116
Norman,1,CEBPE+KLF1,combo_seen1,5000,factorized_only,0.0976700917154597,0.004631014214849116
Norman,1,CEBPE+PTPN12,combo_seen1,100,WitnessCell,0.7409126969009678,0.03395322746386432
Norman,1,CEBPE+PTPN12,combo_seen1,100,factorized_only,0.7409126969009678,0.03395322746386432
Norman,1,CEBPE+PTPN12,combo_seen1,5000,WitnessCell,0.6320130577758363,0.0019630083482191692
Norman,1,CEBPE+PTPN12,combo_seen1,5000,factorized_only,0.6320130577758363,0.0019630083482191692
Norman,1,CEBPE+RUNX1T1,combo_seen1,100,WitnessCell,0.3116741760888198,0.09410502278251012
Norman,1,CEBPE+RUNX1T1,combo_seen1,100,factorized_only,0.3116741760888198,0.09410502278251012
Norman,1,CEBPE+RUNX1T1,combo_seen1,5000,WitnessCell,0.44279246228033053,0.0033369668488803703
Norman,1,CEBPE+RUNX1T1,combo_seen1,5000,factorized_only,0.44279246228033053,0.0033369668488803703
Norman,1,CEBPE+SET,combo_seen1,100,WitnessCell,0.43988157417414225,0.09160542713243106
Norman,1,CEBPE+SET,combo_seen1,100,factorized_only,0.43988157417414225,0.09160542713243106
Norman,1,CEBPE+SET,combo_seen1,5000,WitnessCell,0.49459742184604916,0.003544116695974148
Norman,1,CEBPE+SET,combo_seen1,5000,factorized_only,0.49459742184604916,0.003544116695974148
Norman,1,CLDN6+KLF1,combo_seen1,100,WitnessCell,0.8823004725833711,0.0706454272394951
Norman,1,CLDN6+KLF1,combo_seen1,100,factorized_only,0.8823004725833711,0.0706454272394951
Norman,1,CLDN6+KLF1,combo_seen1,5000,WitnessCell,0.7515770751098177,0.0035652624631960323
Norman,1,CLDN6+KLF1,combo_seen1,5000,factorized_only,0.7515770751098177,0.0035652624631960323
Norman,1,CNN1+MAPK1,combo_seen1,100,WitnessCell,0.9241212223460699,0.014578330534589347
Norman,1,CNN1+MAPK1,combo_seen1,100,factorized_only,0.9182304752784908,0.024165936551806683
Norman,1,CNN1+MAPK1,combo_seen1,5000,WitnessCell,0.8752315232534371,0.0009449314111235859
Norman,1,CNN1+MAPK1,combo_seen1,5000,factorized_only,0.864588832821913,0.0016490547434908215
Norman,1,CNN1+UBASH3A,combo_seen1,100,WitnessCell,0.8033970345376773,0.20773448532967964
Norman,1,CNN1+UBASH3A,combo_seen1,100,factorized_only,0.8033970345376773,0.20773448532967964
Norman,1,CNN1+UBASH3A,combo_seen1,5000,WitnessCell,0.6612971195703682,0.006323501462964304
Norman,1,CNN1+UBASH3A,combo_seen1,5000,factorized_only,0.6612971195703682,0.006323501462964304
Norman,1,CNN1+UBASH3B,combo_seen1,100,WitnessCell,0.9203228131539103,0.16413049887846248
Norman,1,CNN1+UBASH3B,combo_seen1,100,factorized_only,0.8925871011619255,0.17888396455885225
Norman,1,CNN1+UBASH3B,combo_seen1,5000,WitnessCell,0.8489839225158865,0.004474667335841521
Norman,1,CNN1+UBASH3B,combo_seen1,5000,factorized_only,0.7946657127147899,0.004887653065165447
Norman,1,COL2A1+KLF1,combo_seen1,100,WitnessCell,0.8414697083607915,0.04746307614466352
Norman,1,COL2A1+KLF1,combo_seen1,100,factorized_only,0.8414697083607915,0.04746307614466352
Norman,1,COL2A1+KLF1,combo_seen1,5000,WitnessCell,0.6788789157514484,0.003366545598373857
Norman,1,COL2A1+KLF1,combo_seen1,5000,factorized_only,0.6788789157514484,0.003366545598373857
Norman,1,DLX2+SNAI1,combo_seen1,100,WitnessCell,0.6009590560079244,0.11001364993381085
Norman,1,DLX2+SNAI1,combo_seen1,100,factorized_only,0.6009590560079244,0.11001364993381085
Norman,1,DLX2+SNAI1,combo_seen1,5000,WitnessCell,0.687435915688172,0.004748493235229688
Norman,1,DLX2+SNAI1,combo_seen1,5000,factorized_only,0.687435915688172,0.004748493235229688
Norman,1,DLX2+ZBTB10,combo_seen1,100,WitnessCell,0.9066332762463752,0.09463473635352485
Norman,1,DLX2+ZBTB10,combo_seen1,100,factorized_only,0.9066332762463752,0.09463473635352485
Norman,1,DLX2+ZBTB10,combo_seen1,5000,WitnessCell,0.8315834705596623,0.006395797039291432
Norman,1,DLX2+ZBTB10,combo_seen1,5000,factorized_only,0.8315834705596623,0.006395797039291432
Norman,1,DUSP9+ETS2,combo_seen1,100,WitnessCell,0.7510690859555819,0.06515954750034739
Norman,1,DUSP9+ETS2,combo_seen1,100,factorized_only,0.7510690859555819,0.06515954750034739
Norman,1,DUSP9+ETS2,combo_seen1,5000,WitnessCell,0.5704372053095694,0.0029044384213638163
Norman,1,DUSP9+ETS2,combo_seen1,5000,factorized_only,0.5704372053095694,0.0029044384213638163
Norman,1,DUSP9+KLF1,combo_seen1,100,WitnessCell,0.6172691552354648,0.24708535092272538
Norman,1,DUSP9+KLF1,combo_seen1,100,factorized_only,0.6172691552354648,0.24708535092272538
Norman,1,DUSP9+KLF1,combo_seen1,5000,WitnessCell,0.4510354111482307,0.0072084104616945924
Norman,1,DUSP9+KLF1,combo_seen1,5000,factorized_only,0.4510354111482307,0.0072084104616945924
Norman,1,ETS2+IGDCC3,combo_seen1,100,WitnessCell,0.8951509602304322,0.016890059810176928
Norman,1,ETS2+IGDCC3,combo_seen1,100,factorized_only,0.8963456015134452,0.020190205452638964
Norman,1,ETS2+IGDCC3,combo_seen1,5000,WitnessCell,0.779720060858982,0.0015676278435771689
Norman,1,ETS2+IGDCC3,combo_seen1,5000,factorized_only,0.7879466279449308,0.0018469117749733996
Norman,1,ETS2+IKZF3,combo_seen1,100,WitnessCell,0.98697920937449,0.012888757002597792
Norman,1,ETS2+IKZF3,combo_seen1,100,factorized_only,0.9796219140892473,0.01907918684130794
Norman,1,ETS2+IKZF3,combo_seen1,5000,WitnessCell,0.9348697026446271,0.0013936510420507677
Norman,1,ETS2+IKZF3,combo_seen1,5000,factorized_only,0.9269138107573908,0.0016216984991369613
Norman,1,ETS2+MAP7D1,combo_seen1,100,WitnessCell,0.589947819456653,0.07935512156773562
Norman,1,ETS2+MAP7D1,combo_seen1,100,factorized_only,0.589947819456653,0.07935512156773562
Norman,1,ETS2+MAP7D1,combo_seen1,5000,WitnessCell,0.5537152789061824,0.0027891655046162534
Norman,1,ETS2+MAP7D1,combo_seen1,5000,factorized_only,0.5537152789061824,0.0027891655046162534
Norman,1,ETS2+MAPK1,combo_seen1,100,WitnessCell,0.9789457868196957,0.07573180785660409
Norman,1,ETS2+MAPK1,combo_seen1,100,factorized_only,0.9804219500964323,0.05081585441673916
Norman,1,ETS2+MAPK1,combo_seen1,5000,WitnessCell,0.9406895609516137,0.002485992427707992
Norman,1,ETS2+MAPK1,combo_seen1,5000,factorized_only,0.934232267674213,0.0018379425538545462
Norman,1,ETS2+PRTG,combo_seen1,100,WitnessCell,0.9202879681686158,0.015591267636231096
Norman,1,ETS2+PRTG,combo_seen1,100,factorized_only,0.9211147772094794,0.018481424676580527
Norman,1,ETS2+PRTG,combo_seen1,5000,WitnessCell,0.8438565210626469,0.0012255735821676901
Norman,1,ETS2+PRTG,combo_seen1,5000,factorized_only,0.8455764586913361,0.0014932060435612728
Norman,1,ETS2+TGFBR2,combo_seen1,100,WitnessCell,0.050566558544856303,0.04942601611489371
Norman,1,ETS2+TGFBR2,combo_seen1,100,factorized_only,-0.04011549846802068,0.051657871060904546
Norman,1,ETS2+TGFBR2,combo_seen1,5000,WitnessCell,0.15262447290889544,0.0023026252738278406
Norman,1,ETS2+TGFBR2,combo_seen1,5000,factorized_only,0.11054636905137924,0.002259207527035997
Norman,1,FEV+ISL2,combo_seen1,100,WitnessCell,0.6011086109111862,0.23508019442266623
Norman,1,FEV+ISL2,combo_seen1,100,factorized_only,0.6011086109111862,0.23508019442266623
Norman,1,FEV+ISL2,combo_seen1,5000,WitnessCell,0.5201875254061107,0.008775359518536727
Norman,1,FEV+ISL2,combo_seen1,5000,factorized_only,0.5201875254061107,0.008775359518536727
Norman,1,FEV+MAP7D1,combo_seen1,100,WitnessCell,0.6451161309552538,0.153205671413204
Norman,1,FEV+MAP7D1,combo_seen1,100,factorized_only,0.6451161309552538,0.153205671413204
Norman,1,FEV+MAP7D1,combo_seen1,5000,WitnessCell,0.5643187756741248,0.005363411186435725
Norman,1,FEV+MAP7D1,combo_seen1,5000,factorized_only,0.5643187756741248,0.005363411186435725
Norman,1,FOSB+PTPN12,combo_seen1,100,WitnessCell,0.550026480125107,0.03818695118289377
Norman,1,FOSB+PTPN12,combo_seen1,100,factorized_only,0.6068399617857299,0.03330617267835874
Norman,1,FOSB+PTPN12,combo_seen1,5000,WitnessCell,0.4236113750015619,0.00294221017010376
Norman,1,FOSB+PTPN12,combo_seen1,5000,factorized_only,0.4663341366167479,0.00273424066251279
Norman,1,FOXA1+KLF1,combo_seen1,100,WitnessCell,0.6397919803658908,0.07162286639790938
Norman,1,FOXA1+KLF1,combo_seen1,100,factorized_only,0.6078375899298537,0.07724267862203883
Norman,1,FOXA1+KLF1,combo_seen1,5000,WitnessCell,0.5516494299815,0.0033657840872445156
Norman,1,FOXA1+KLF1,combo_seen1,5000,factorized_only,0.520915170291727,0.0034760487677883106
Norman,1,IRF1+SET,combo_seen1,100,WitnessCell,0.8425087402411742,0.08836473504484686
Norman,1,IRF1+SET,combo_seen1,100,factorized_only,0.8425087402411742,0.08836473504484686
Norman,1,IRF1+SET,combo_seen1,5000,WitnessCell,0.7539952750165468,0.0042939978610987365
Norman,1,IRF1+SET,combo_seen1,5000,factorized_only,0.7539952750165468,0.0042939978610987365
Norman,1,KLF1+MAP2K6,combo_seen1,100,WitnessCell,0.3825120714311905,0.08413150602351152
Norman,1,KLF1+MAP2K6,combo_seen1,100,factorized_only,0.2627120713110509,0.08926515457614383
Norman,1,KLF1+MAP2K6,combo_seen1,5000,WitnessCell,0.25398782137531806,0.002647205317766128
Norman,1,KLF1+MAP2K6,combo_seen1,5000,factorized_only,0.2192393403521237,0.0028580664255662457
Norman,1,KLF1+TGFBR2,combo_seen1,100,WitnessCell,0.5610596106295782,0.08474415887659659
Norman,1,KLF1+TGFBR2,combo_seen1,100,factorized_only,0.5873745195032686,0.08479161398053879
Norman,1,KLF1+TGFBR2,combo_seen1,5000,WitnessCell,0.3248089022439954,0.0030304817303177926
Norman,1,KLF1+TGFBR2,combo_seen1,5000,factorized_only,0.3385208151212816,0.00288954922119324
Norman,1,OSR2+PTPN12,combo_seen1,100,WitnessCell,0.7484668622294575,0.02533942632125213
Norman,1,OSR2+PTPN12,combo_seen1,100,factorized_only,0.7363539884331661,0.026904814412064822
Norman,1,OSR2+PTPN12,combo_seen1,5000,WitnessCell,0.6165945892647906,0.002398955019056896
Norman,1,OSR2+PTPN12,combo_seen1,5000,factorized_only,0.606847218505395,0.002794894658612067
Norman,1,PTPN12+PTPN9,combo_seen1,100,WitnessCell,0.897025148843801,0.04100359776001336
Norman,1,PTPN12+PTPN9,combo_seen1,100,factorized_only,0.8712402100234695,0.05413468662340727
Norman,1,PTPN12+PTPN9,combo_seen1,5000,WitnessCell,0.8217201236031193,0.0017284277757954214
Norman,1,PTPN12+PTPN9,combo_seen1,5000,factorized_only,0.7915223731469465,0.0019929889049756567
Norman,1,PTPN12+SAMD1,combo_seen1,100,WitnessCell,0.9329848198921542,0.03649526971987499
Norman,1,PTPN12+SAMD1,combo_seen1,100,factorized_only,0.9256414474256293,0.04267069935757148
Norman,1,PTPN12+SAMD1,combo_seen1,5000,WitnessCell,0.8527175486083957,0.0018474180580149643
Norman,1,PTPN12+SAMD1,combo_seen1,5000,factorized_only,0.838686184096103,0.0019909717267530313
Norman,1,PTPN12+SNAI1,combo_seen1,100,WitnessCell,0.6850061607095814,0.03067070224161053
Norman,1,PTPN12+SNAI1,combo_seen1,100,factorized_only,0.6850061607095814,0.03067070224161053
Norman,1,PTPN12+SNAI1,combo_seen1,5000,WitnessCell,0.6235853956544949,0.001999533361966798
Norman,1,PTPN12+SNAI1,combo_seen1,5000,factorized_only,0.6235853956544949,0.001999533361966798
Norman,1,PTPN12+UBASH3A,combo_seen1,100,WitnessCell,0.7381724221545027,0.13775967893037902
Norman,1,PTPN12+UBASH3A,combo_seen1,100,factorized_only,0.7381724221545027,0.13775967893037902
Norman,1,PTPN12+UBASH3A,combo_seen1,5000,WitnessCell,0.6232679951625049,0.004361505654590614
Norman,1,PTPN12+UBASH3A,combo_seen1,5000,factorized_only,0.6232679951625049,0.004361505654590614
Norman,1,PTPN12+UBASH3B,combo_seen1,100,WitnessCell,0.9457944545361745,0.05752956765250064
Norman,1,PTPN12+UBASH3B,combo_seen1,100,factorized_only,0.9172277367469077,0.06730501319434624
Norman,1,PTPN12+UBASH3B,combo_seen1,5000,WitnessCell,0.8596998353985092,0.00195958504806689
Norman,1,PTPN12+UBASH3B,combo_seen1,5000,factorized_only,0.8087177144651913,0.0022904446452460645
Norman,1,PTPN12+ZBTB10,combo_seen1,100,WitnessCell,0.9253830550857849,0.021472067929621207
Norman,1,PTPN12+ZBTB10,combo_seen1,100,factorized_only,0.9253830550857849,0.021472067929621207
Norman,1,PTPN12+ZBTB10,combo_seen1,5000,WitnessCell,0.8711519151692184,0.002415817671086586
Norman,1,PTPN12+ZBTB10,combo_seen1,5000,factorized_only,0.8711519151692184,0.002415817671086586
Norman,1,PTPN12+ZBTB25,combo_seen1,100,WitnessCell,0.9509267789185655,0.044957210354853935
Norman,1,PTPN12+ZBTB25,combo_seen1,100,factorized_only,0.943719593825241,0.05751803300900356
Norman,1,PTPN12+ZBTB25,combo_seen1,5000,WitnessCell,0.8507493017017512,0.0019178322547278026
Norman,1,PTPN12+ZBTB25,combo_seen1,5000,factorized_only,0.8449022571560647,0.002095834199035497
Norman,1,RHOXF2+SET,combo_seen1,100,WitnessCell,0.816327539195099,0.07247764542588454
Norman,1,RHOXF2+SET,combo_seen1,100,factorized_only,0.8237187582202815,0.07010182923538691
Norman,1,RHOXF2+SET,combo_seen1,5000,WitnessCell,0.7471951176356909,0.0038210220531501265
Norman,1,RHOXF2+SET,combo_seen1,5000,factorized_only,0.7467645532030541,0.0038950882167756015
Norman,1,BAK1+TMSB4X,combo_seen2,100,WitnessCell,0.9877906082289762,0.003107241368401374
Norman,1,BAK1+TMSB4X,combo_seen2,100,factorized_only,0.9877906082289762,0.003107241368401374
Norman,1,BAK1+TMSB4X,combo_seen2,5000,WitnessCell,0.8431392055323493,0.0004005886710704227
Norman,1,BAK1+TMSB4X,combo_seen2,5000,factorized_only,0.8431392055323493,0.0004005886710704227
Norman,1,BPGM+SAMD1,combo_seen2,100,WitnessCell,0.9851849324647908,0.0058730334638369954
Norman,1,BPGM+SAMD1,combo_seen2,100,factorized_only,0.9806959166423594,0.0067666179829939735
Norman,1,BPGM+SAMD1,combo_seen2,5000,WitnessCell,0.9448320880816992,0.0007113547464698621
Norman,1,BPGM+SAMD1,combo_seen2,5000,factorized_only,0.9356095230345204,0.000751673764164177
Norman,1,CEBPA+CEBPB,combo_seen2,100,WitnessCell,0.9947143836665759,0.01782681114916849
Norman,1,CEBPA+CEBPB,combo_seen2,100,factorized_only,0.9921346279077804,0.013811119969555263
Norman,1,CEBPA+CEBPB,combo_seen2,5000,WitnessCell,0.9332080881147014,0.005752346010710463
Norman,1,CEBPA+CEBPB,combo_seen2,5000,factorized_only,0.9258068269929066,0.0061255466691285
Norman,1,CEBPA+CEBPE,combo_seen2,100,WitnessCell,0.9811948395497658,0.021479004116597093
Norman,1,CEBPA+CEBPE,combo_seen2,100,factorized_only,0.9816762767345747,0.021908315802233503
Norman,1,CEBPA+CEBPE,combo_seen2,5000,WitnessCell,0.9521877141525552,0.002108277021420026
Norman,1,CEBPA+CEBPE,combo_seen2,5000,factorized_only,0.9502908683488935,0.0021985809701516447
Norman,1,CEBPA+JUN,combo_seen2,100,WitnessCell,0.98881428294667,0.025624196202942286
Norman,1,CEBPA+JUN,combo_seen2,100,factorized_only,0.9862946679318103,0.03585001772546467
Norman,1,CEBPA+JUN,combo_seen2,5000,WitnessCell,0.928870185246365,0.004281731381121338
Norman,1,CEBPA+JUN,combo_seen2,5000,factorized_only,0.9208275626618595,0.004759748509313121
Norman,1,CEBPB+CEBPE,combo_seen2,100,WitnessCell,0.9612800993402234,0.04868076853229604
Norman,1,CEBPB+CEBPE,combo_seen2,100,factorized_only,0.9558041082887115,0.05549193341276946
Norman,1,CEBPB+CEBPE,combo_seen2,5000,WitnessCell,0.8979003838481959,0.0029461254606915235
Norman,1,CEBPB+CEBPE,combo_seen2,5000,factorized_only,0.8764898165004279,0.0034105387010565304
Norman,1,CEBPB+LYL1,combo_seen2,100,WitnessCell,0.9107331843875619,0.025284607994615037
Norman,1,CEBPB+LYL1,combo_seen2,100,factorized_only,0.9288064101940179,0.020776811788938074
Norman,1,CEBPB+LYL1,combo_seen2,5000,WitnessCell,0.840477245981141,0.002152133441538386
Norman,1,CEBPB+LYL1,combo_seen2,5000,factorized_only,0.8592229422213992,0.0020313357275361884
Norman,1,CEBPE+FOSB,combo_seen2,100,WitnessCell,0.9482144758156684,0.15155851106291623
Norman,1,CEBPE+FOSB,combo_seen2,100,factorized_only,0.9182598130816226,0.17406598713515806
Norman,1,CEBPE+FOSB,combo_seen2,5000,WitnessCell,0.89463481870229,0.005759993527532158
Norman,1,CEBPE+FOSB,combo_seen2,5000,factorized_only,0.8397052346435022,0.0065271544368483885
Norman,1,CEBPE+SPI1,combo_seen2,100,WitnessCell,0.9067014209948453,0.2183130032324432
Norman,1,CEBPE+SPI1,combo_seen2,100,factorized_only,0.9122464605909162,0.18734330441980945
Norman,1,CEBPE+SPI1,combo_seen2,5000,WitnessCell,0.8026105723899095,0.009652225949363782
Norman,1,CEBPE+SPI1,combo_seen2,5000,factorized_only,0.8098617837851313,0.008826867128788463
Norman,1,DUSP9+IGDCC3,combo_seen2,100,WitnessCell,0.9302830769575935,0.06732829898372007
Norman,1,DUSP9+IGDCC3,combo_seen2,100,factorized_only,0.9236210997481548,0.06736199415709908
Norman,1,DUSP9+IGDCC3,combo_seen2,5000,WitnessCell,0.8288767810113251,0.0027227541990266276
Norman,1,DUSP9+IGDCC3,combo_seen2,5000,factorized_only,0.8041014084411718,0.002940121661435196
Norman,1,DUSP9+PRTG,combo_seen2,100,WitnessCell,0.9409627955920876,0.07105286665103955
Norman,1,DUSP9+PRTG,combo_seen2,100,factorized_only,0.9469946937532798,0.0611170983026307
Norman,1,DUSP9+PRTG,combo_seen2,5000,WitnessCell,0.8489519302630146,0.002750023018956721
Norman,1,DUSP9+PRTG,combo_seen2,5000,factorized_only,0.8500074386838131,0.0025968537657837334
Norman,1,FOXA1+FOXA3,combo_seen2,100,WitnessCell,0.9847159355786372,0.00544132268739839
Norman,1,FOXA1+FOXA3,combo_seen2,100,factorized_only,0.9799470425436626,0.009504989572793447
Norman,1,FOXA1+FOXA3,combo_seen2,5000,WitnessCell,0.9384524340771255,0.0007871847583591102
Norman,1,FOXA1+FOXA3,combo_seen2,5000,factorized_only,0.915571149423283,0.0010814011759411068
Norman,1,FOXL2+ZNF318,combo_seen2,100,WitnessCell,0.9617492266796861,0.005430635072716361
Norman,1,FOXL2+ZNF318,combo_seen2,100,factorized_only,0.9521791859026456,0.005592654195007449
Norman,1,FOXL2+ZNF318,combo_seen2,5000,WitnessCell,0.888647843214747,0.0008281905324721833
Norman,1,FOXL2+ZNF318,combo_seen2,5000,factorized_only,0.8766938077383999,0.0007501448375582902
Norman,1,IKZF3+MAPK1,combo_seen2,100,WitnessCell,0.9846641302821206,0.007026511753086926
Norman,1,IKZF3+MAPK1,combo_seen2,100,factorized_only,0.9615983703302617,0.022713934826212756
Norman,1,IKZF3+MAPK1,combo_seen2,5000,WitnessCell,0.9428252349056895,0.0009504878209663903
Norman,1,IKZF3+MAPK1,combo_seen2,5000,factorized_only,0.9194344527606203,0.0019420990636529244
Norman,1,MAPK1+PRTG,combo_seen2,100,WitnessCell,0.9273379457510214,0.010859870551537334
Norman,1,MAPK1+PRTG,combo_seen2,100,factorized_only,0.9190577262285523,0.016931378626073575
Norman,1,MAPK1+PRTG,combo_seen2,5000,WitnessCell,0.8517341514244754,0.0010590221685846423
Norman,1,MAPK1+PRTG,combo_seen2,5000,factorized_only,0.8276454583364081,0.0019242207629850043
Norman,1,UBASH3A+UBASH3B,combo_seen2,100,WitnessCell,0.9791247847639216,0.003365278745569716
Norman,1,UBASH3A+UBASH3B,combo_seen2,100,factorized_only,0.9563933954382622,0.006026440621216049
Norman,1,UBASH3A+UBASH3B,combo_seen2,5000,WitnessCell,0.9122964386671029,0.000334655842590548
Norman,1,UBASH3A+UBASH3B,combo_seen2,5000,factorized_only,0.8892957316728517,0.00042734436482334966
Norman,1,UBASH3B+ZBTB25,combo_seen2,100,WitnessCell,0.9903506749966864,0.010109208846674926
Norman,1,UBASH3B+ZBTB25,combo_seen2,100,factorized_only,0.9763981436317488,0.022937674543283628
Norman,1,UBASH3B+ZBTB25,combo_seen2,5000,WitnessCell,0.9456061968554348,0.0006749734421895023
Norman,1,UBASH3B+ZBTB25,combo_seen2,5000,factorized_only,0.914592048851268,0.0010291400846079034
Norman,1,ARID1A,unseen_single,100,WitnessCell,0.8344431685183649,0.08289996895128293
Norman,1,ARID1A,unseen_single,100,factorized_only,0.8344431685183649,0.08289996895128293
Norman,1,ARID1A,unseen_single,5000,WitnessCell,0.7430430365375963,0.003288818412568365
Norman,1,ARID1A,unseen_single,5000,factorized_only,0.7430430365375963,0.003288818412568365
Norman,1,BCL2L11,unseen_single,100,WitnessCell,0.35649724473013195,0.002927435572787802
Norman,1,BCL2L11,unseen_single,100,factorized_only,0.35649724473013195,0.002927435572787802
Norman,1,BCL2L11,unseen_single,5000,WitnessCell,0.13494155111757217,0.0008664005749294656
Norman,1,BCL2L11,unseen_single,5000,factorized_only,0.13494155111757217,0.0008664005749294656
Norman,1,BCORL1,unseen_single,100,WitnessCell,0.3720986237741419,0.016682688334874584
Norman,1,BCORL1,unseen_single,100,factorized_only,0.3720986237741419,0.016682688334874584
Norman,1,BCORL1,unseen_single,5000,WitnessCell,0.38200149983633386,0.0009227375626264259
Norman,1,BCORL1,unseen_single,5000,factorized_only,0.38200149983633386,0.0009227375626264259
Norman,1,CBL,unseen_single,100,WitnessCell,0.6597958035499295,0.026135694208359084
Norman,1,CBL,unseen_single,100,factorized_only,0.6597958035499295,0.026135694208359084
Norman,1,CBL,unseen_single,5000,WitnessCell,0.5700201521155449,0.0010119409759270404
Norman,1,CBL,unseen_single,5000,factorized_only,0.5700201521155449,0.0010119409759270404
Norman,1,CDKN1B,unseen_single,100,WitnessCell,0.9061694304413197,0.022328593169740518
Norman,1,CDKN1B,unseen_single,100,factorized_only,0.9061694304413197,0.022328593169740518
Norman,1,CDKN1B,unseen_single,5000,WitnessCell,0.8016260852747812,0.000908284035002889
Norman,1,CDKN1B,unseen_single,5000,factorized_only,0.8016260852747812,0.000908284035002889
Norman,1,CDKN1C,unseen_single,100,WitnessCell,0.889852279988297,0.03641275758966317
Norman,1,CDKN1C,unseen_single,100,factorized_only,0.889852279988297,0.03641275758966317
Norman,1,CDKN1C,unseen_single,5000,WitnessCell,0.7769276853800805,0.001584456360400481
Norman,1,CDKN1C,unseen_single,5000,factorized_only,0.7769276853800805,0.001584456360400481
Norman,1,CELF2,unseen_single,100,WitnessCell,0.4006523319324635,0.03070754669338091
Norman,1,CELF2,unseen_single,100,factorized_only,0.4006523319324635,0.03070754669338091
Norman,1,CELF2,unseen_single,5000,WitnessCell,0.3914243366002421,0.0012431560088308146
Norman,1,CELF2,unseen_single,5000,factorized_only,0.3914243366002421,0.0012431560088308146
Norman,1,CKS1B,unseen_single,100,WitnessCell,0.8077500410387384,0.059588955930918154
Norman,1,CKS1B,unseen_single,100,factorized_only,0.8077500410387384,0.059588955930918154
Norman,1,CKS1B,unseen_single,5000,WitnessCell,0.6195632261118161,0.0021350749899919606
Norman,1,CKS1B,unseen_single,5000,factorized_only,0.6195632261118161,0.0021350749899919606
Norman,1,CNN1,unseen_single,100,WitnessCell,0.546676413274881,0.07687957377952
Norman,1,CNN1,unseen_single,100,factorized_only,0.546676413274881,0.07687957377952
Norman,1,CNN1,unseen_single,5000,WitnessCell,0.4174243127409087,0.0022840098018361227
Norman,1,CNN1,unseen_single,5000,factorized_only,0.4174243127409087,0.0022840098018361227
Norman,1,DLX2,unseen_single,100,WitnessCell,0.3102957863411007,0.05169389551226788
Norman,1,DLX2,unseen_single,100,factorized_only,0.3102957863411007,0.05169389551226788
Norman,1,DLX2,unseen_single,5000,WitnessCell,0.5118417368830251,0.0015604008014451559
Norman,1,DLX2,unseen_single,5000,factorized_only,0.5118417368830251,0.0015604008014451559
Norman,1,ETS2,unseen_single,100,WitnessCell,0.09259943952096637,0.07700463039905951
Norman,1,ETS2,unseen_single,100,factorized_only,0.09259943952096637,0.07700463039905951
Norman,1,ETS2,unseen_single,5000,WitnessCell,0.27014937311831655,0.0024002265137072014
Norman,1,ETS2,unseen_single,5000,factorized_only,0.27014937311831655,0.0024002265137072014
Norman,1,FEV,unseen_single,100,WitnessCell,0.48370486124403317,0.1475465924521585
Norman,1,FEV,unseen_single,100,factorized_only,0.48370486124403317,0.1475465924521585
Norman,1,FEV,unseen_single,5000,WitnessCell,0.2845854865203078,0.004953078889267699
Norman,1,FEV,unseen_single,5000,factorized_only,0.2845854865203078,0.004953078889267699
Norman,1,HES7,unseen_single,100,WitnessCell,0.7233198356679913,0.1745840320716149
Norman,1,HES7,unseen_single,100,factorized_only,0.7233198356679913,0.1745840320716149
Norman,1,HES7,unseen_single,5000,WitnessCell,0.6322985866379087,0.007949134619798731
Norman,1,HES7,unseen_single,5000,factorized_only,0.6322985866379087,0.007949134619798731
Norman,1,KLF1,unseen_single,100,WitnessCell,0.252372193232698,0.10007469746386238
Norman,1,KLF1,unseen_single,100,factorized_only,0.252372193232698,0.10007469746386238
Norman,1,KLF1,unseen_single,5000,WitnessCell,-0.007965628571261651,0.003502953893488146
Norman,1,KLF1,unseen_single,5000,factorized_only,-0.007965628571261651,0.003502953893488146
Norman,1,NIT1,unseen_single,100,WitnessCell,0.6827756504192948,0.07460828896826116
Norman,1,NIT1,unseen_single,100,factorized_only,0.6827756504192948,0.07460828896826116
Norman,1,NIT1,unseen_single,5000,WitnessCell,0.5892817263789505,0.0035087326517998555
Norman,1,NIT1,unseen_single,5000,factorized_only,0.5892817263789505,0.0035087326517998555
Norman,1,PTPN12,unseen_single,100,WitnessCell,0.6159031709672234,0.03225836847454979
Norman,1,PTPN12,unseen_single,100,factorized_only,0.6159031709672234,0.03225836847454979
Norman,1,PTPN12,unseen_single,5000,WitnessCell,0.48982315079813626,0.0013504349490530635
Norman,1,PTPN12,unseen_single,5000,factorized_only,0.48982315079813626,0.0013504349490530635
Norman,1,PTPN13,unseen_single,100,WitnessCell,0.6927626966181138,0.0366501434879197
Norman,1,PTPN13,unseen_single,100,factorized_only,0.6927626966181138,0.0366501434879197
Norman,1,PTPN13,unseen_single,5000,WitnessCell,0.5559532087338047,0.0013136015648941522
Norman,1,PTPN13,unseen_single,5000,factorized_only,0.5559532087338047,0.0013136015648941522
Norman,1,RREB1,unseen_single,100,WitnessCell,0.7092577155598723,0.023409025416717303
Norman,1,RREB1,unseen_single,100,factorized_only,0.7092577155598723,0.023409025416717303
Norman,1,RREB1,unseen_single,5000,WitnessCell,0.633339275224049,0.0010329565161667032
Norman,1,RREB1,unseen_single,5000,factorized_only,0.633339275224049,0.0010329565161667032
Norman,1,RUNX1T1,unseen_single,100,WitnessCell,-0.0021060212888264307,0.014593337955674269
Norman,1,RUNX1T1,unseen_single,100,factorized_only,-0.0021060212888264307,0.014593337955674269
Norman,1,RUNX1T1,unseen_single,5000,WitnessCell,0.3107580185790936,0.000806066775454658
Norman,1,RUNX1T1,unseen_single,5000,factorized_only,0.3107580185790936,0.000806066775454658
Norman,1,SET,unseen_single,100,WitnessCell,0.6215063441387466,0.10388640517768909
Norman,1,SET,unseen_single,100,factorized_only,0.6215063441387466,0.10388640517768909
Norman,1,SET,unseen_single,5000,WitnessCell,0.500681022655336,0.0036910328333249376
Norman,1,SET,unseen_single,5000,factorized_only,0.500681022655336,0.0036910328333249376
Norman,1,CBL+CNN1,combo_seen0,100,WitnessCell,0.7650328863812693,0.22858138282520876
Norman,1,CBL+CNN1,combo_seen0,100,factorized_only,0.7650328863812693,0.22858138282520876
Norman,1,CBL+CNN1,combo_seen0,5000,WitnessCell,0.6158488787970593,0.006707785279185706
Norman,1,CBL+CNN1,combo_seen0,5000,factorized_only,0.6158488787970593,0.006707785279185706
Norman,1,CBL+PTPN12,combo_seen0,100,WitnessCell,0.7013034383786391,0.11905669539086539
Norman,1,CBL+PTPN12,combo_seen0,100,factorized_only,0.7013034383786391,0.11905669539086539
Norman,1,CBL+PTPN12,combo_seen0,5000,WitnessCell,0.5544945223584138,0.004297289702825836
Norman,1,CBL+PTPN12,combo_seen0,5000,factorized_only,0.5544945223584138,0.004297289702825836
Norman,1,CDKN1B+CDKN1C,combo_seen0,100,WitnessCell,0.9071272990250797,0.03405706684562382
Norman,1,CDKN1B+CDKN1C,combo_seen0,100,factorized_only,0.9071272990250797,0.03405706684562382
Norman,1,CDKN1B+CDKN1C,combo_seen0,5000,WitnessCell,0.7634998388053088,0.0020786944925951447
Norman,1,CDKN1B+CDKN1C,combo_seen0,5000,factorized_only,0.7634998388053088,0.0020786944925951447
Norman,1,CNN1+ETS2,combo_seen0,100,WitnessCell,0.7575639206361064,0.02917739019123956
Norman,1,CNN1+ETS2,combo_seen0,100,factorized_only,0.7575639206361064,0.02917739019123956
Norman,1,CNN1+ETS2,combo_seen0,5000,WitnessCell,0.6292261431834472,0.0018200439216582514
Norman,1,CNN1+ETS2,combo_seen0,5000,factorized_only,0.6292261431834472,0.0018200439216582514
Norman,1,KLF1+SET,combo_seen0,100,WitnessCell,0.44461897260433697,0.13020726089050225
Norman,1,KLF1+SET,combo_seen0,100,factorized_only,0.44461897260433697,0.13020726089050225
Norman,1,KLF1+SET,combo_seen0,5000,WitnessCell,0.3233081909615371,0.005079306350103488
Norman,1,KLF1+SET,combo_seen0,5000,factorized_only,0.3233081909615371,0.005079306350103488
Norman,2,BAK1+BCL2L11,combo_seen1,100,WitnessCell,0.5468723435583477,0.003291715895757108
Norman,2,BAK1+BCL2L11,combo_seen1,100,factorized_only,0.473055620445992,0.003728346088550308
Norman,2,BAK1+BCL2L11,combo_seen1,5000,WitnessCell,-0.0492645482971423,0.0013844396045638663
Norman,2,BAK1+BCL2L11,combo_seen1,5000,factorized_only,-0.06742702508315397,0.001526045610745915
Norman,2,BAK1+KLF1,combo_seen1,100,WitnessCell,0.9510650526609677,0.008302658942536071
Norman,2,BAK1+KLF1,combo_seen1,100,factorized_only,0.9494674168858079,0.010288067216575209
Norman,2,BAK1+KLF1,combo_seen1,5000,WitnessCell,0.8382493819037669,0.000803570371520356
Norman,2,BAK1+KLF1,combo_seen1,5000,factorized_only,0.836148451221888,0.0009856784776659617
Norman,2,BAK1+TMSB4X,combo_seen1,100,WitnessCell,0.9412972992814842,0.006060609337475661
Norman,2,BAK1+TMSB4X,combo_seen1,100,factorized_only,0.9412972992814842,0.006060609337475661
Norman,2,BAK1+TMSB4X,combo_seen1,5000,WitnessCell,0.7461760187894705,0.0010532559097910248
Norman,2,BAK1+TMSB4X,combo_seen1,5000,factorized_only,0.7461760187894705,0.0010532559097910248
Norman,2,BPGM+SAMD1,combo_seen1,100,WitnessCell,0.9205738665372214,0.032398886607720404
Norman,2,BPGM+SAMD1,combo_seen1,100,factorized_only,0.919382555280829,0.0333911680946594
Norman,2,BPGM+SAMD1,combo_seen1,5000,WitnessCell,0.8255360915626055,0.0018496553104045336
Norman,2,BPGM+SAMD1,combo_seen1,5000,factorized_only,0.8140210222150701,0.0019959053313077465
Norman,2,BPGM+ZBTB1,combo_seen1,100,WitnessCell,0.9293008067435925,0.022673811279778765
Norman,2,BPGM+ZBTB1,combo_seen1,100,factorized_only,0.933543192752784,0.021941884348664956
Norman,2,BPGM+ZBTB1,combo_seen1,5000,WitnessCell,0.8695987764220827,0.0012023833265094653
Norman,2,BPGM+ZBTB1,combo_seen1,5000,factorized_only,0.8717377756757463,0.0012456577669403292
Norman,2,CBFA2T3+POU3F2,combo_seen1,100,WitnessCell,0.8786680096419198,0.03281665066100401
Norman,2,CBFA2T3+POU3F2,combo_seen1,100,factorized_only,0.8786680096419198,0.03281665066100401
Norman,2,CBFA2T3+POU3F2,combo_seen1,5000,WitnessCell,0.7478091022043631,0.002426380271534842
Norman,2,CBFA2T3+POU3F2,combo_seen1,5000,factorized_only,0.7478091022043631,0.002426380271534842
Norman,2,CBL+CNN1,combo_seen1,100,WitnessCell,0.7901790031526362,0.22324295537347974
Norman,2,CBL+CNN1,combo_seen1,100,factorized_only,0.7901790031526362,0.22324295537347974
Norman,2,CBL+CNN1,combo_seen1,5000,WitnessCell,0.6392193948928396,0.006524324988647534
Norman,2,CBL+CNN1,combo_seen1,5000,factorized_only,0.6392193948928396,0.006524324988647534
Norman,2,CBL+UBASH3A,combo_seen1,100,WitnessCell,0.9865543389668222,0.021339506384837965
Norman,2,CBL+UBASH3A,combo_seen1,100,factorized_only,0.9865543389668222,0.021339506384837965
Norman,2,CBL+UBASH3A,combo_seen1,5000,WitnessCell,0.6701003237018122,0.0026367776655657426
Norman,2,CBL+UBASH3A,combo_seen1,5000,factorized_only,0.6701003237018122,0.0026367776655657426
Norman,2,CEBPA+CEBPE,combo_seen1,100,WitnessCell,0.9848846046416933,0.017677928245291984
Norman,2,CEBPA+CEBPE,combo_seen1,100,factorized_only,0.9826051078015249,0.02456893142695259
Norman,2,CEBPA+CEBPE,combo_seen1,5000,WitnessCell,0.9610935411728632,0.0016192097131250513
Norman,2,CEBPA+CEBPE,combo_seen1,5000,factorized_only,0.9559965534766991,0.0024835941711464646
Norman,2,CEBPA+JUN,combo_seen1,100,WitnessCell,0.9918533881502929,0.0313018625966934
Norman,2,CEBPA+JUN,combo_seen1,100,factorized_only,0.9917547670515596,0.017397714795046454
Norman,2,CEBPA+JUN,combo_seen1,5000,WitnessCell,0.9421868994543472,0.003983260517552577
Norman,2,CEBPA+JUN,combo_seen1,5000,factorized_only,0.9397511693420121,0.003659180441574743
Norman,2,CEBPB+CEBPE,combo_seen1,100,WitnessCell,0.9442887940274569,0.08400083748286061
Norman,2,CEBPB+CEBPE,combo_seen1,100,factorized_only,0.9539770372583907,0.04811715715979707
Norman,2,CEBPB+CEBPE,combo_seen1,5000,WitnessCell,0.8631530610783376,0.004278451120041779
Norman,2,CEBPB+CEBPE,combo_seen1,5000,factorized_only,0.8782176167331741,0.0033156013416340046
Norman,2,CEBPB+JUN,combo_seen1,100,WitnessCell,0.9502712999409283,0.043953531808873514
Norman,2,CEBPB+JUN,combo_seen1,100,factorized_only,0.9497128549715552,0.02834775946677937
Norman,2,CEBPB+JUN,combo_seen1,5000,WitnessCell,0.850080083892346,0.004791772940737016
Norman,2,CEBPB+JUN,combo_seen1,5000,factorized_only,0.8465639588147762,0.004252203248573992
Norman,2,CEBPE+ETS2,combo_seen1,100,WitnessCell,0.8280336798580362,0.1095710859186659
Norman,2,CEBPE+ETS2,combo_seen1,100,factorized_only,0.8631293932447774,0.08082941112296109
Norman,2,CEBPE+ETS2,combo_seen1,5000,WitnessCell,0.7521147428746455,0.003691043536145706
Norman,2,CEBPE+ETS2,combo_seen1,5000,factorized_only,0.7838197880951385,0.0030802252839026035
Norman,2,CEBPE+FOSB,combo_seen1,100,WitnessCell,0.9120045677504485,0.18934396420020097
Norman,2,CEBPE+FOSB,combo_seen1,100,factorized_only,0.9086113706056524,0.17198299018976573
Norman,2,CEBPE+FOSB,combo_seen1,5000,WitnessCell,0.8329471077999109,0.007227735609209013
Norman,2,CEBPE+FOSB,combo_seen1,5000,factorized_only,0.834223086735156,0.0065604904376928164
Norman,2,CEBPE+KLF1,combo_seen1,100,WitnessCell,0.8172298904929534,0.024699513358895652
Norman,2,CEBPE+KLF1,combo_seen1,100,factorized_only,0.7934029650281386,0.03403367908981012
Norman,2,CEBPE+KLF1,combo_seen1,5000,WitnessCell,0.7255033455633761,0.0012859776734377077
Norman,2,CEBPE+KLF1,combo_seen1,5000,factorized_only,0.7099251075384554,0.0016574171729484795
Norman,2,CEBPE+PTPN12,combo_seen1,100,WitnessCell,0.6361977500821828,0.04529718911764674
Norman,2,CEBPE+PTPN12,combo_seen1,100,factorized_only,0.6967558392816569,0.040941156115722695
Norman,2,CEBPE+PTPN12,combo_seen1,5000,WitnessCell,0.5644627889753748,0.0023218616091516104
Norman,2,CEBPE+PTPN12,combo_seen1,5000,factorized_only,0.6168589942259046,0.0022690468974801512
Norman,2,CEBPE+RUNX1T1,combo_seen1,100,WitnessCell,0.7070050669526501,0.05991771483336865
Norman,2,CEBPE+RUNX1T1,combo_seen1,100,factorized_only,0.7070050669526501,0.05991771483336865
Norman,2,CEBPE+RUNX1T1,combo_seen1,5000,WitnessCell,0.6020279523483477,0.001991178598384815
Norman,2,CEBPE+RUNX1T1,combo_seen1,5000,factorized_only,0.6020279523483477,0.001991178598384815
Norman,2,CEBPE+SET,combo_seen1,100,WitnessCell,0.8413302961759189,0.03944418162356588
Norman,2,CEBPE+SET,combo_seen1,100,factorized_only,0.8299060424959602,0.04548553091897892
Norman,2,CEBPE+SET,combo_seen1,5000,WitnessCell,0.7968531373854119,0.0023092960501207346
Norman,2,CEBPE+SET,combo_seen1,5000,factorized_only,0.7889178475647525,0.0027166928872272935
Norman,2,CEBPE+ZC3HAV1,combo_seen1,100,WitnessCell,0.6130159618367089,0.03391062010828287
Norman,2,CEBPE+ZC3HAV1,combo_seen1,100,factorized_only,0.6130159618367089,0.03391062010828287
Norman,2,CEBPE+ZC3HAV1,combo_seen1,5000,WitnessCell,0.5032658051047667,0.0014166711206633432
Norman,2,CEBPE+ZC3HAV1,combo_seen1,5000,factorized_only,0.5032658051047667,0.0014166711206633432
Norman,2,CNN1+ETS2,combo_seen1,100,WitnessCell,0.6224551916624231,0.038350834848304316
Norman,2,CNN1+ETS2,combo_seen1,100,factorized_only,0.5456058022048446,0.055508224738233
Norman,2,CNN1+ETS2,combo_seen1,5000,WitnessCell,0.5937248428046634,0.0017280165599950386
Norman,2,CNN1+ETS2,combo_seen1,5000,factorized_only,0.5395608109242891,0.0026616328909543903
Norman,2,CNN1+MAPK1,combo_seen1,100,WitnessCell,0.9212527408678731,0.014467243599647779
Norman,2,CNN1+MAPK1,combo_seen1,100,factorized_only,0.9134004829544313,0.03190161680768848
Norman,2,CNN1+MAPK1,combo_seen1,5000,WitnessCell,0.8721191535563884,0.0008789917676240641
Norman,2,CNN1+MAPK1,combo_seen1,5000,factorized_only,0.8649537153709296,0.0018424094043253333
Norman,2,CNN1+UBASH3B,combo_seen1,100,WitnessCell,0.9351517247179508,0.13799090664229957
Norman,2,CNN1+UBASH3B,combo_seen1,100,factorized_only,0.9025672530693388,0.17029645602593418
Norman,2,CNN1+UBASH3B,combo_seen1,5000,WitnessCell,0.8796796616793356,0.0038392776254655473
Norman,2,CNN1+UBASH3B,combo_seen1,5000,factorized_only,0.8127247689640353,0.004696282037077473
Norman,2,DUSP9+IGDCC3,combo_seen1,100,WitnessCell,0.9628999895053242,0.02300747432624615
Norman,2,DUSP9+IGDCC3,combo_seen1,100,factorized_only,0.9626289225465148,0.019266816504817093
Norman,2,DUSP9+IGDCC3,combo_seen1,5000,WitnessCell,0.9267242864032353,0.0011631033857078148
Norman,2,DUSP9+IGDCC3,combo_seen1,5000,factorized_only,0.9245373975952388,0.0012132350505391928
Norman,2,ETS2+IGDCC3,combo_seen1,100,WitnessCell,0.6391025818222441,0.03688149623294268
Norman,2,ETS2+IGDCC3,combo_seen1,100,factorized_only,0.5542285256061171,0.050161376547511655
Norman,2,ETS2+IGDCC3,combo_seen1,5000,WitnessCell,0.5533142562812471,0.002021294112368356
Norman,2,ETS2+IGDCC3,combo_seen1,5000,factorized_only,0.4873606901047782,0.0030347560504376775
Norman,2,FOXA1+FOXA3,combo_seen1,100,WitnessCell,0.9754165514487786,0.015089066969678312
Norman,2,FOXA1+FOXA3,combo_seen1,100,factorized_only,0.9689038119180673,0.01977135655783705
Norman,2,FOXA1+FOXA3,combo_seen1,5000,WitnessCell,0.9208388999471172,0.0010331677165836498
Norman,2,FOXA1+FOXA3,combo_seen1,5000,factorized_only,0.9013946701754019,0.0012826528305592464
Norman,2,FOXA1+FOXF1,combo_seen1,100,WitnessCell,0.9693052555310346,0.022486466255685816
Norman,2,FOXA1+FOXF1,combo_seen1,100,factorized_only,0.9693052555310346,0.022486466255685816
Norman,2,FOXA1+FOXF1,combo_seen1,5000,WitnessCell,0.857619055370741,0.0014563373911637755
Norman,2,FOXA1+FOXF1,combo_seen1,5000,factorized_only,0.857619055370741,0.0014563373911637755
Norman,2,FOXA1+HOXB9,combo_seen1,100,WitnessCell,0.9665161365712043,0.021811495545205145
Norman,2,FOXA1+HOXB9,combo_seen1,100,factorized_only,0.9545370593835942,0.02897881513563028
Norman,2,FOXA1+HOXB9,combo_seen1,5000,WitnessCell,0.9161895754042501,0.001318710402830848
Norman,2,FOXA1+HOXB9,combo_seen1,5000,factorized_only,0.8843983596666661,0.0017432615115621402
Norman,2,FOXA1+KLF1,combo_seen1,100,WitnessCell,0.8424489397242433,0.030608097197685327
Norman,2,FOXA1+KLF1,combo_seen1,100,factorized_only,0.8398261762833164,0.03177725139231806
Norman,2,FOXA1+KLF1,combo_seen1,5000,WitnessCell,0.7902275861622463,0.0015745442531190942
Norman,2,FOXA1+KLF1,combo_seen1,5000,factorized_only,0.8019345577584532,0.0015081098637457918
Norman,2,FOXA3+FOXL2,combo_seen1,100,WitnessCell,0.957392621595166,0.03970932009715742
Norman,2,FOXA3+FOXL2,combo_seen1,100,factorized_only,0.9497958293984831,0.04781369489801846
Norman,2,FOXA3+FOXL2,combo_seen1,5000,WitnessCell,0.8488473646084572,0.003073130183177993
Norman,2,FOXA3+FOXL2,combo_seen1,5000,factorized_only,0.8173015244811346,0.003592354435141155
Norman,2,FOXF1+FOXL2,combo_seen1,100,WitnessCell,0.93014657088581,0.0635230843663063
Norman,2,FOXF1+FOXL2,combo_seen1,100,factorized_only,0.93014657088581,0.0635230843663063
Norman,2,FOXF1+FOXL2,combo_seen1,5000,WitnessCell,0.8292750582782957,0.003425484521676014
Norman,2,FOXF1+FOXL2,combo_seen1,5000,factorized_only,0.8292750582782957,0.003425484521676014
Norman,2,FOXL2+HOXB9,combo_seen1,100,WitnessCell,0.9403041970477811,0.03441807705168612
Norman,2,FOXL2+HOXB9,combo_seen1,100,factorized_only,0.9344519918493971,0.03873607921405701
Norman,2,FOXL2+HOXB9,combo_seen1,5000,WitnessCell,0.8744637699667689,0.0028207285997789468
Norman,2,FOXL2+HOXB9,combo_seen1,5000,factorized_only,0.8572275387462106,0.003154917638204045
Norman,2,FOXL2+MEIS1,combo_seen1,100,WitnessCell,0.892171020164326,0.03589848557775498
Norman,2,FOXL2+MEIS1,combo_seen1,100,factorized_only,0.892171020164326,0.03589848557775498
Norman,2,FOXL2+MEIS1,combo_seen1,5000,WitnessCell,0.8017340205183987,0.002062192886572425
Norman,2,FOXL2+MEIS1,combo_seen1,5000,factorized_only,0.8017340205183987,0.002062192886572425
Norman,2,FOXL2+ZNF318,combo_seen1,100,WitnessCell,0.9126699665125825,0.011456369135455516
Norman,2,FOXL2+ZNF318,combo_seen1,100,factorized_only,0.9126699665125825,0.011456369135455516
Norman,2,FOXL2+ZNF318,combo_seen1,5000,WitnessCell,0.8101337601642999,0.000992754079221514
Norman,2,FOXL2+ZNF318,combo_seen1,5000,factorized_only,0.8101337601642999,0.000992754079221514
Norman,2,IGDCC3+MAPK1,combo_seen1,100,WitnessCell,0.8007017306098603,0.025233343157175445
Norman,2,IGDCC3+MAPK1,combo_seen1,100,factorized_only,0.7745245788590915,0.04008764757738918
Norman,2,IGDCC3+MAPK1,combo_seen1,5000,WitnessCell,0.6792667618109424,0.002014842173149224
Norman,2,IGDCC3+MAPK1,combo_seen1,5000,factorized_only,0.6533057789850755,0.0036044274788223376
Norman,2,IGDCC3+PRTG,combo_seen1,100,WitnessCell,0.9519078064575682,0.011277852538038648
Norman,2,IGDCC3+PRTG,combo_seen1,100,factorized_only,0.9506204705000663,0.012864395176000163
Norman,2,IGDCC3+PRTG,combo_seen1,5000,WitnessCell,0.9034600722700142,0.0008886262045944402
Norman,2,IGDCC3+PRTG,combo_seen1,5000,factorized_only,0.8935583028336267,0.001101239058089734
Norman,2,IGDCC3+TGFBR2,combo_seen1,100,WitnessCell,0.8969362602917169,0.032188508490620785
Norman,2,IGDCC3+TGFBR2,combo_seen1,100,factorized_only,0.9109742695652249,0.03475776900460749
Norman,2,IGDCC3+TGFBR2,combo_seen1,5000,WitnessCell,0.7811770194503581,0.001250743509159284
Norman,2,IGDCC3+TGFBR2,combo_seen1,5000,factorized_only,0.7760541826905354,0.0013385502879830814
Norman,2,IGDCC3+ZBTB25,combo_seen1,100,WitnessCell,0.9476137851740855,0.04520153471083197
Norman,2,IGDCC3+ZBTB25,combo_seen1,100,factorized_only,0.9406916236605873,0.054041756681927094
Norman,2,IGDCC3+ZBTB25,combo_seen1,5000,WitnessCell,0.8803813012499778,0.0019871841725637752
Norman,2,IGDCC3+ZBTB25,combo_seen1,5000,factorized_only,0.8667192814029343,0.0022347348830333664
Norman,2,KIF18B+KIF2C,combo_seen1,100,WitnessCell,0.7953411999251303,0.002261257561141536
Norman,2,KIF18B+KIF2C,combo_seen1,100,factorized_only,0.7953411999251303,0.002261257561141536
Norman,2,KIF18B+KIF2C,combo_seen1,5000,WitnessCell,0.552336482421532,0.0016711732459345015
Norman,2,KIF18B+KIF2C,combo_seen1,5000,factorized_only,0.552336482421532,0.0016711732459345015
Norman,2,MAP2K6+SPI1,combo_seen1,100,WitnessCell,0.6605401410410201,0.030167950796814554
Norman,2,MAP2K6+SPI1,combo_seen1,100,factorized_only,0.6605401410410201,0.030167950796814554
Norman,2,MAP2K6+SPI1,combo_seen1,5000,WitnessCell,0.5224665128195605,0.002231613496374292
Norman,2,MAP2K6+SPI1,combo_seen1,5000,factorized_only,0.5224665128195605,0.002231613496374292
Norman,2,PTPN12+UBASH3A,combo_seen1,100,WitnessCell,0.9843846427335563,0.037867640634478957
Norman,2,PTPN12+UBASH3A,combo_seen1,100,factorized_only,0.9699952345900053,0.041015384498826475
Norman,2,PTPN12+UBASH3A,combo_seen1,5000,WitnessCell,0.9393846160683845,0.0014546139935608874
Norman,2,PTPN12+UBASH3A,combo_seen1,5000,factorized_only,0.8909574168521638,0.0017282457446248184
Norman,2,UBASH3A+UBASH3B,combo_seen1,100,WitnessCell,0.9766428441242648,0.004065796739606864
Norman,2,UBASH3A+UBASH3B,combo_seen1,100,factorized_only,0.9697490070837199,0.004251501735808988
Norman,2,UBASH3A+UBASH3B,combo_seen1,5000,WitnessCell,0.9341664421411993,0.00037960759169311607
Norman,2,UBASH3A+UBASH3B,combo_seen1,5000,factorized_only,0.9135303639021857,0.0004285907658772119
Norman,2,CBFA2T3+FEV,combo_seen2,100,WitnessCell,0.9102766018132522,0.12348983180289863
Norman,2,CBFA2T3+FEV,combo_seen2,100,factorized_only,0.8951136517125499,0.13621946547589062
Norman,2,CBFA2T3+FEV,combo_seen2,5000,WitnessCell,0.8765521530587341,0.006074464652387303
Norman,2,CBFA2T3+FEV,combo_seen2,5000,factorized_only,0.8507872895507025,0.006909705016356544
Norman,2,CBFA2T3+PRDM1,combo_seen2,100,WitnessCell,0.9534090541930821,0.026880487807043885
Norman,2,CBFA2T3+PRDM1,combo_seen2,100,factorized_only,0.9534090541930821,0.026880487807043885
Norman,2,CBFA2T3+PRDM1,combo_seen2,5000,WitnessCell,0.8778833542177792,0.0028452708925179836
Norman,2,CBFA2T3+PRDM1,combo_seen2,5000,factorized_only,0.8778833542177792,0.0028452708925179836
Norman,2,CBL+TGFBR2,combo_seen2,100,WitnessCell,0.8548048186878404,0.0445023223524629
Norman,2,CBL+TGFBR2,combo_seen2,100,factorized_only,0.8774798733626956,0.04601594023586886
Norman,2,CBL+TGFBR2,combo_seen2,5000,WitnessCell,0.7078120411768738,0.0017390460042609448
Norman,2,CBL+TGFBR2,combo_seen2,5000,factorized_only,0.7120900482428592,0.0017695796553816841
Norman,2,CEBPB+FOSB,combo_seen2,100,WitnessCell,0.9688240200700469,0.05142764072470626
Norman,2,CEBPB+FOSB,combo_seen2,100,factorized_only,0.9758706305146475,0.0203645595960434
Norman,2,CEBPB+FOSB,combo_seen2,5000,WitnessCell,0.8861759600341841,0.004310064670884746
Norman,2,CEBPB+FOSB,combo_seen2,5000,factorized_only,0.8978680948483315,0.0032781479443175585
Norman,2,CLDN6+KLF1,combo_seen2,100,WitnessCell,0.9628523889017144,0.017506023282278495
Norman,2,CLDN6+KLF1,combo_seen2,100,factorized_only,0.964343763180649,0.017322356165654366
Norman,2,CLDN6+KLF1,combo_seen2,5000,WitnessCell,0.8967437516768996,0.001529752375703405
Norman,2,CLDN6+KLF1,combo_seen2,5000,factorized_only,0.909829693401919,0.0014025806115108216
Norman,2,DLX2+SNAI1,combo_seen2,100,WitnessCell,0.9477271774721525,0.016306718664197476
Norman,2,DLX2+SNAI1,combo_seen2,100,factorized_only,0.9249203687141606,0.02344884128609449
Norman,2,DLX2+SNAI1,combo_seen2,5000,WitnessCell,0.9127141373471482,0.001494383663614021
Norman,2,DLX2+SNAI1,combo_seen2,5000,factorized_only,0.877297675645661,0.0020205461075114657
Norman,2,ETS2+MAPK1,combo_seen2,100,WitnessCell,0.965656820458934,0.030596014666193997
Norman,2,ETS2+MAPK1,combo_seen2,100,factorized_only,0.9778301263355123,0.017790972185404146
Norman,2,ETS2+MAPK1,combo_seen2,5000,WitnessCell,0.9235809341573713,0.0017391935518806117
Norman,2,ETS2+MAPK1,combo_seen2,5000,factorized_only,0.9537735933696445,0.001136283269935113
Norman,2,FEV+ISL2,combo_seen2,100,WitnessCell,0.9825768045764705,0.026578945336506656
Norman,2,FEV+ISL2,combo_seen2,100,factorized_only,0.9777435863729657,0.03212600770398565
Norman,2,FEV+ISL2,combo_seen2,5000,WitnessCell,0.9383131733347828,0.0018526688237388207
Norman,2,FEV+ISL2,combo_seen2,5000,factorized_only,0.913260097561415,0.0023828260411680848
Norman,2,FOSB+OSR2,combo_seen2,100,WitnessCell,0.9645085788387038,0.02286609758445084
Norman,2,FOSB+OSR2,combo_seen2,100,factorized_only,0.9724274836072901,0.01393566003415774
Norman,2,FOSB+OSR2,combo_seen2,5000,WitnessCell,0.9179598097884031,0.001441631357849043
Norman,2,FOSB+OSR2,combo_seen2,5000,factorized_only,0.9347277465465645,0.0010909186505367238
Norman,2,FOSB+PTPN12,combo_seen2,100,WitnessCell,0.9575953298551756,0.004227717252697395
Norman,2,FOSB+PTPN12,combo_seen2,100,factorized_only,0.9346500055547041,0.007367948739017467
Norman,2,FOSB+PTPN12,combo_seen2,5000,WitnessCell,0.8111534062008127,0.0006481672036042213
Norman,2,FOSB+PTPN12,combo_seen2,5000,factorized_only,0.7566430923030264,0.001304363546200916
Norman,2,FOSB+UBASH3B,combo_seen2,100,WitnessCell,0.964932278204564,0.0024361944384760554
Norman,2,FOSB+UBASH3B,combo_seen2,100,factorized_only,0.9429626675851157,0.00654069243193683
Norman,2,FOSB+UBASH3B,combo_seen2,5000,WitnessCell,0.8673940015551401,0.00044358875204620956
Norman,2,FOSB+UBASH3B,combo_seen2,5000,factorized_only,0.8590749710568305,0.0007369141010363703
Norman,2,FOXA3+FOXF1,combo_seen2,100,WitnessCell,0.9791413513302978,0.004767292420026414
Norman,2,FOXA3+FOXF1,combo_seen2,100,factorized_only,0.9721300500140255,0.007135547083802581
Norman,2,FOXA3+FOXF1,combo_seen2,5000,WitnessCell,0.9056673105272226,0.0008713828142998546
Norman,2,FOXA3+FOXF1,combo_seen2,5000,factorized_only,0.8802824060028314,0.001091488832061843
Norman,2,FOXF1+HOXB9,combo_seen2,100,WitnessCell,0.9789622033157268,0.009365687207995738
Norman,2,FOXF1+HOXB9,combo_seen2,100,factorized_only,0.9685395474685913,0.013508530447737371
Norman,2,FOXF1+HOXB9,combo_seen2,5000,WitnessCell,0.9222203734746639,0.0009608031213806761
Norman,2,FOXF1+HOXB9,combo_seen2,5000,factorized_only,0.8946087297578752,0.001270070234477279
Norman,2,HOXC13+ZC3HAV1,combo_seen2,100,WitnessCell,0.957711194714482,0.010181941933001046
Norman,2,HOXC13+ZC3HAV1,combo_seen2,100,factorized_only,0.957711194714482,0.010181941933001046
Norman,2,HOXC13+ZC3HAV1,combo_seen2,5000,WitnessCell,0.8821441370698382,0.0011904387084410405
Norman,2,HOXC13+ZC3HAV1,combo_seen2,5000,factorized_only,0.8821441370698382,0.0011904387084410405
Norman,2,IRF1+SET,combo_seen2,100,WitnessCell,0.8399145419247349,0.1213100245128522
Norman,2,IRF1+SET,combo_seen2,100,factorized_only,0.8360484584026541,0.12441862172210855
Norman,2,IRF1+SET,combo_seen2,5000,WitnessCell,0.7287975954048543,0.004744484406941379
Norman,2,IRF1+SET,combo_seen2,5000,factorized_only,0.7141827020022607,0.0050884272181934784
Norman,2,KLF1+SET,combo_seen2,100,WitnessCell,0.9115003248261679,0.027295899785072974
Norman,2,KLF1+SET,combo_seen2,100,factorized_only,0.9396378344420567,0.02129333906554185
Norman,2,KLF1+SET,combo_seen2,5000,WitnessCell,0.8545301151716369,0.0014082497752480442
Norman,2,KLF1+SET,combo_seen2,5000,factorized_only,0.879960784809656,0.001480275777336607
Norman,2,MAP2K3+MAP2K6,combo_seen2,100,WitnessCell,0.7766301534093947,0.014839779813390259
Norman,2,MAP2K3+MAP2K6,combo_seen2,100,factorized_only,0.8093441502674835,0.011270776809432635
Norman,2,MAP2K3+MAP2K6,combo_seen2,5000,WitnessCell,0.4663337219622007,0.0009403164148111694
Norman,2,MAP2K3+MAP2K6,combo_seen2,5000,factorized_only,0.5267365920771813,0.0008929403555721862
Norman,2,PTPN12+ZBTB10,combo_seen2,100,WitnessCell,0.9688375756369862,0.00939082429212964
Norman,2,PTPN12+ZBTB10,combo_seen2,100,factorized_only,0.9654701125843508,0.011830352941759336
Norman,2,PTPN12+ZBTB10,combo_seen2,5000,WitnessCell,0.8975634570647473,0.0017146836843263066
Norman,2,PTPN12+ZBTB10,combo_seen2,5000,factorized_only,0.9014060427692628,0.0018085400366374665
Norman,2,SGK1+TBX2,combo_seen2,100,WitnessCell,0.9911673720093658,0.003202628410443249
Norman,2,SGK1+TBX2,combo_seen2,100,factorized_only,0.986622501240356,0.005996368000853259
Norman,2,SGK1+TBX2,combo_seen2,5000,WitnessCell,0.9514416070110099,0.0005826664167515624
Norman,2,SGK1+TBX2,combo_seen2,5000,factorized_only,0.9427980023761738,0.0008166554509584982
Norman,2,SGK1+TBX3,combo_seen2,100,WitnessCell,0.9832195464772411,0.00956443295703552
Norman,2,SGK1+TBX3,combo_seen2,100,factorized_only,0.9732699592365387,0.012880971014842075
Norman,2,SGK1+TBX3,combo_seen2,5000,WitnessCell,0.9366562819480992,0.0007528311816874331
Norman,2,SGK1+TBX3,combo_seen2,5000,factorized_only,0.9206191882042113,0.0010606059895278412
Norman,2,BAK1,unseen_single,100,WitnessCell,0.04980669920939371,0.008167854603883251
Norman,2,BAK1,unseen_single,100,factorized_only,0.04980669920939371,0.008167854603883251
Norman,2,BAK1,unseen_single,5000,WitnessCell,-0.09274001333094029,0.0009535927349912438
Norman,2,BAK1,unseen_single,5000,factorized_only,-0.09274001333094029,0.0009535927349912438
Norman,2,BPGM,unseen_single,100,WitnessCell,0.6807621733727106,0.05304290117189106
Norman,2,BPGM,unseen_single,100,factorized_only,0.6807621733727106,0.05304290117189106
Norman,2,BPGM,unseen_single,5000,WitnessCell,0.48969808255582487,0.001719698317199721
Norman,2,BPGM,unseen_single,5000,factorized_only,0.48969808255582487,0.001719698317199721
Norman,2,CEBPE,unseen_single,100,WitnessCell,0.5449186313608416,0.2027936109164665
Norman,2,CEBPE,unseen_single,100,factorized_only,0.5449186313608416,0.2027936109164665
Norman,2,CEBPE,unseen_single,5000,WitnessCell,0.5473341092649325,0.006360085077071742
Norman,2,CEBPE,unseen_single,5000,factorized_only,0.5473341092649325,0.006360085077071742
Norman,2,CNN1,unseen_single,100,WitnessCell,0.5768350425707472,0.0758153816189757
Norman,2,CNN1,unseen_single,100,factorized_only,0.5768350425707472,0.0758153816189757
Norman,2,CNN1,unseen_single,5000,WitnessCell,0.44438383542396276,0.002189015596418009
Norman,2,CNN1,unseen_single,5000,factorized_only,0.44438383542396276,0.002189015596418009
Norman,2,COL1A1,unseen_single,100,WitnessCell,0.4764057278688121,0.1167445409941666
Norman,2,COL1A1,unseen_single,100,factorized_only,0.4764057278688121,0.1167445409941666
Norman,2,COL1A1,unseen_single,5000,WitnessCell,0.49080929197870243,0.004032095743147926
Norman,2,COL1A1,unseen_single,5000,factorized_only,0.49080929197870243,0.004032095743147926
Norman,2,FOXA1,unseen_single,100,WitnessCell,0.7284041597516716,0.015991579075612192
Norman,2,FOXA1,unseen_single,100,factorized_only,0.7284041597516716,0.015991579075612192
Norman,2,FOXA1,unseen_single,5000,WitnessCell,0.6728932009459019,0.0006591201032782942
Norman,2,FOXA1,unseen_single,5000,factorized_only,0.6728932009459019,0.0006591201032782942
Norman,2,FOXL2,unseen_single,100,WitnessCell,0.7145281631704418,0.02918195830888248
Norman,2,FOXL2,unseen_single,100,factorized_only,0.7145281631704418,0.02918195830888248
Norman,2,FOXL2,unseen_single,5000,WitnessCell,0.7052142820412949,0.0012246198442371521
Norman,2,FOXL2,unseen_single,5000,factorized_only,0.7052142820412949,0.0012246198442371521
Norman,2,HES7,unseen_single,100,WitnessCell,0.705804051089837,0.18052797103891188
Norman,2,HES7,unseen_single,100,factorized_only,0.705804051089837,0.18052797103891188
Norman,2,HES7,unseen_single,5000,WitnessCell,0.6120896520965732,0.008232933166899443
Norman,2,HES7,unseen_single,5000,factorized_only,0.6120896520965732,0.008232933166899443
Norman,2,HNF4A,unseen_single,100,WitnessCell,0.6863686511689019,0.0728005006997887
Norman,2,HNF4A,unseen_single,100,factorized_only,0.6863686511689019,0.0728005006997887
Norman,2,HNF4A,unseen_single,5000,WitnessCell,0.6871700032761012,0.003197260803016616
Norman,2,HNF4A,unseen_single,5000,factorized_only,0.6871700032761012,0.003197260803016616
Norman,2,HOXA13,unseen_single,100,WitnessCell,0.932679019998453,0.11118784270398784
Norman,2,HOXA13,unseen_single,100,factorized_only,0.932679019998453,0.11118784270398784
Norman,2,HOXA13,unseen_single,5000,WitnessCell,0.8189878972378213,0.005072360143845425
Norman,2,HOXA13,unseen_single,5000,factorized_only,0.8189878972378213,0.005072360143845425
Norman,2,IGDCC3,unseen_single,100,WitnessCell,0.8104190065963225,0.04354764813554877
Norman,2,IGDCC3,unseen_single,100,factorized_only,0.8104190065963225,0.04354764813554877
Norman,2,IGDCC3,unseen_single,5000,WitnessCell,0.6866144643221747,0.0015190436029854557
Norman,2,IGDCC3,unseen_single,5000,factorized_only,0.6866144643221747,0.0015190436029854557
Norman,2,JUN,unseen_single,100,WitnessCell,0.7245022155191487,0.0535581652191018
Norman,2,JUN,unseen_single,100,factorized_only,0.7245022155191487,0.0535581652191018
Norman,2,JUN,unseen_single,5000,WitnessCell,0.6590849297489961,0.0019546608459239667
Norman,2,JUN,unseen_single,5000,factorized_only,0.6590849297489961,0.0019546608459239667
Norman,2,KIF2C,unseen_single,100,WitnessCell,0.543427274825845,0.00888596519281021
Norman,2,KIF2C,unseen_single,100,factorized_only,0.543427274825845,0.00888596519281021
Norman,2,KIF2C,unseen_single,5000,WitnessCell,0.5089971864810262,0.0005452023296659477
Norman,2,KIF2C,unseen_single,5000,factorized_only,0.5089971864810262,0.0005452023296659477
Norman,2,NCL,unseen_single,100,WitnessCell,0.2611342805793082,0.008374960617511869
Norman,2,NCL,unseen_single,100,factorized_only,0.2611342805793082,0.008374960617511869
Norman,2,NCL,unseen_single,5000,WitnessCell,0.37037261389574927,0.0008426756114487704
Norman,2,NCL,unseen_single,5000,factorized_only,0.37037261389574927,0.0008426756114487704
Norman,2,POU3F2,unseen_single,100,WitnessCell,0.7903206408039927,0.021483166919099038
Norman,2,POU3F2,unseen_single,100,factorized_only,0.7903206408039927,0.021483166919099038
Norman,2,POU3F2,unseen_single,5000,WitnessCell,0.699494959517456,0.0009313572995220283
Norman,2,POU3F2,unseen_single,5000,factorized_only,0.699494959517456,0.0009313572995220283
Norman,2,PTPN13,unseen_single,100,WitnessCell,0.6802897781694638,0.03807820840582276
Norman,2,PTPN13,unseen_single,100,factorized_only,0.6802897781694638,0.03807820840582276
Norman,2,PTPN13,unseen_single,5000,WitnessCell,0.5476627654936712,0.0013184281756630843
Norman,2,PTPN13,unseen_single,5000,factorized_only,0.5476627654936712,0.0013184281756630843
Norman,2,RREB1,unseen_single,100,WitnessCell,0.7235526542599318,0.023611119157166963
Norman,2,RREB1,unseen_single,100,factorized_only,0.7235526542599318,0.023611119157166963
Norman,2,RREB1,unseen_single,5000,WitnessCell,0.6387076944603255,0.0010189333366984433
Norman,2,RREB1,unseen_single,5000,factorized_only,0.6387076944603255,0.0010189333366984433
Norman,2,SLC4A1,unseen_single,100,WitnessCell,0.13666302846155223,0.0826846461861471
Norman,2,SLC4A1,unseen_single,100,factorized_only,0.13666302846155223,0.0826846461861471
Norman,2,SLC4A1,unseen_single,5000,WitnessCell,0.2980391004688559,0.0026447758988903166
Norman,2,SLC4A1,unseen_single,5000,factorized_only,0.2980391004688559,0.0026447758988903166
Norman,2,SPI1,unseen_single,100,WitnessCell,0.9007061965544804,0.13309730090988645
Norman,2,SPI1,unseen_single,100,factorized_only,0.9007061965544804,0.13309730090988645
Norman,2,SPI1,unseen_single,5000,WitnessCell,0.7631795554426012,0.005255898114456618
Norman,2,SPI1,unseen_single,5000,factorized_only,0.7631795554426012,0.005255898114456618
Norman,2,UBASH3A,unseen_single,100,WitnessCell,0.8646512883345027,0.0016441313737063192
Norman,2,UBASH3A,unseen_single,100,factorized_only,0.8646512883345027,0.0016441313737063192
Norman,2,UBASH3A,unseen_single,5000,WitnessCell,0.7389503085169113,0.000306791461675588
Norman,2,UBASH3A,unseen_single,5000,factorized_only,0.7389503085169113,0.000306791461675588
Norman,2,CEBPE+CNN1,combo_seen0,100,WitnessCell,0.7017107296208314,0.05217289042666856
Norman,2,CEBPE+CNN1,combo_seen0,100,factorized_only,0.7017107296208314,0.05217289042666856
Norman,2,CEBPE+CNN1,combo_seen0,5000,WitnessCell,0.6187192414717606,0.0024239205160369016
Norman,2,CEBPE+CNN1,combo_seen0,5000,factorized_only,0.6187192414717606,0.0024239205160369016
Norman,2,CEBPE+SPI1,combo_seen0,100,WitnessCell,0.7466689855147661,0.4386027235105861
Norman,2,CEBPE+SPI1,combo_seen0,100,factorized_only,0.7466689855147661,0.4386027235105861
Norman,2,CEBPE+SPI1,combo_seen0,5000,WitnessCell,0.6211748206420553,0.01678935879020995
Norman,2,CEBPE+SPI1,combo_seen0,5000,factorized_only,0.6211748206420553,0.01678935879020995
Norman,2,CNN1+UBASH3A,combo_seen0,100,WitnessCell,0.8432188919258864,0.17002261582985598
Norman,2,CNN1+UBASH3A,combo_seen0,100,factorized_only,0.8432188919258864,0.17002261582985598
Norman,2,CNN1+UBASH3A,combo_seen0,5000,WitnessCell,0.7002629855705371,0.005631618635662025
Norman,2,CNN1+UBASH3A,combo_seen0,5000,factorized_only,0.7002629855705371,0.005631618635662025
Norman,2,FOXA1+FOXL2,combo_seen0,100,WitnessCell,0.9152492992405573,0.04327239186566818
Norman,2,FOXA1+FOXL2,combo_seen0,100,factorized_only,0.9152492992405573,0.04327239186566818
Norman,2,FOXA1+FOXL2,combo_seen0,5000,WitnessCell,0.7441608119289659,0.0025743752503671643
Norman,2,FOXA1+FOXL2,combo_seen0,5000,factorized_only,0.7441608119289659,0.0025743752503671643
Norman,2,FOXL2+POU3F2,combo_seen0,100,WitnessCell,0.9364966518805153,0.06015803834841917
Norman,2,FOXL2+POU3F2,combo_seen0,100,factorized_only,0.9364966518805153,0.06015803834841917
Norman,2,FOXL2+POU3F2,combo_seen0,5000,WitnessCell,0.803583410590172,0.0032332308838078495
Norman,2,FOXL2+POU3F2,combo_seen0,5000,factorized_only,0.803583410590172,0.0032332308838078495
Norman,3,AHR+FEV,combo_seen1,100,WitnessCell,0.6966337256593157,0.25601888571890913
Norman,3,AHR+FEV,combo_seen1,100,factorized_only,0.6966337256593157,0.25601888571890913
Norman,3,AHR+FEV,combo_seen1,5000,WitnessCell,0.554585777767928,0.00940680381151675
Norman,3,AHR+FEV,combo_seen1,5000,factorized_only,0.554585777767928,0.00940680381151675
Norman,3,AHR+KLF1,combo_seen1,100,WitnessCell,0.926085301375573,0.023873713134084977
Norman,3,AHR+KLF1,combo_seen1,100,factorized_only,0.9569970184733659,0.013853567244872302
Norman,3,AHR+KLF1,combo_seen1,5000,WitnessCell,0.7579619741361211,0.0015523717792781137
Norman,3,AHR+KLF1,combo_seen1,5000,factorized_only,0.8230406383978021,0.0011692147871423888
Norman,3,CBL+CNN1,combo_seen1,100,WitnessCell,0.9436978013711806,0.12017593525058831
Norman,3,CBL+CNN1,combo_seen1,100,factorized_only,0.9183430472741398,0.1701398306451187
Norman,3,CBL+CNN1,combo_seen1,5000,WitnessCell,0.8527574558028856,0.0035820031056410244
Norman,3,CBL+CNN1,combo_seen1,5000,factorized_only,0.7872987452982999,0.004795508167444321
Norman,3,CBL+UBASH3B,combo_seen1,100,WitnessCell,0.9693231221372196,0.04573926756247711
Norman,3,CBL+UBASH3B,combo_seen1,100,factorized_only,0.9318556035622736,0.08066896761647359
Norman,3,CBL+UBASH3B,combo_seen1,5000,WitnessCell,0.9136550455014829,0.0017913409610938757
Norman,3,CBL+UBASH3B,combo_seen1,5000,factorized_only,0.8662659488813577,0.0026475755221614656
Norman,3,CDKN1A+CDKN1B,combo_seen1,100,WitnessCell,0.9565854717837937,0.015433436015610043
Norman,3,CDKN1A+CDKN1B,combo_seen1,100,factorized_only,0.9599016133112783,0.010633556855169837
Norman,3,CDKN1A+CDKN1B,combo_seen1,5000,WitnessCell,0.8791637180044936,0.0011525129203655456
Norman,3,CDKN1A+CDKN1B,combo_seen1,5000,factorized_only,0.8966658530280079,0.0009904555020525643
Norman,3,CDKN1A+CDKN1C,combo_seen1,100,WitnessCell,0.9592400128636684,0.013385511419907294
Norman,3,CDKN1A+CDKN1C,combo_seen1,100,factorized_only,0.957125487007747,0.012078979487432357
Norman,3,CDKN1A+CDKN1C,combo_seen1,5000,WitnessCell,0.885162614046637,0.0011839962211667974
Norman,3,CDKN1A+CDKN1C,combo_seen1,5000,factorized_only,0.888517514253164,0.0012368032421674901
Norman,3,CEBPA+CEBPB,combo_seen1,100,WitnessCell,0.9912449625710066,0.006363188561914406
Norman,3,CEBPA+CEBPB,combo_seen1,100,factorized_only,0.993040136381622,0.009058047838681516
Norman,3,CEBPA+CEBPB,combo_seen1,5000,WitnessCell,0.9334358983405989,0.003021594292559041
Norman,3,CEBPA+CEBPB,combo_seen1,5000,factorized_only,0.9267079578556935,0.0033352245576657082
Norman,3,CEBPB+CEBPE,combo_seen1,100,WitnessCell,0.9633257912783992,0.08828569062208218
Norman,3,CEBPB+CEBPE,combo_seen1,100,factorized_only,0.9836609479278353,0.02736904513159789
Norman,3,CEBPB+CEBPE,combo_seen1,5000,WitnessCell,0.9007614139770457,0.004381987661958637
Norman,3,CEBPB+CEBPE,combo_seen1,5000,factorized_only,0.9269771611844573,0.0021521611239848333
Norman,3,CEBPB+FOSB,combo_seen1,100,WitnessCell,0.9609823964698089,0.13706333269202595
Norman,3,CEBPB+FOSB,combo_seen1,100,factorized_only,0.9466927105362651,0.14258923799509124
Norman,3,CEBPB+FOSB,combo_seen1,5000,WitnessCell,0.8685845946180552,0.007415061193930799
Norman,3,CEBPB+FOSB,combo_seen1,5000,factorized_only,0.8425075514620031,0.007751809922228665
Norman,3,CEBPB+JUN,combo_seen1,100,WitnessCell,0.9601662420927153,0.048273895358124944
Norman,3,CEBPB+JUN,combo_seen1,100,factorized_only,0.8753356898923403,0.06934132405188001
Norman,3,CEBPB+JUN,combo_seen1,5000,WitnessCell,0.7922328760809977,0.006177308956161715
Norman,3,CEBPB+JUN,combo_seen1,5000,factorized_only,0.7234912390878467,0.00743632690245612
Norman,3,CEBPB+LYL1,combo_seen1,100,WitnessCell,0.7580874725949245,0.05799282161042164
Norman,3,CEBPB+LYL1,combo_seen1,100,factorized_only,0.7580874725949245,0.05799282161042164
Norman,3,CEBPB+LYL1,combo_seen1,5000,WitnessCell,0.649770162813352,0.0025039707665638704
Norman,3,CEBPB+LYL1,combo_seen1,5000,factorized_only,0.649770162813352,0.0025039707665638704
Norman,3,CEBPB+MAPK1,combo_seen1,100,WitnessCell,0.9442690507619206,0.047865250519022656
Norman,3,CEBPB+MAPK1,combo_seen1,100,factorized_only,0.9581842254319709,0.028085673496588085
Norman,3,CEBPB+MAPK1,combo_seen1,5000,WitnessCell,0.8868110868733201,0.00186652667720942
Norman,3,CEBPB+MAPK1,combo_seen1,5000,factorized_only,0.8998382905651364,0.0014690186613528899
Norman,3,CEBPB+OSR2,combo_seen1,100,WitnessCell,0.9468489980860354,0.07238918579544369
Norman,3,CEBPB+OSR2,combo_seen1,100,factorized_only,0.9273470680567285,0.08064967459480187
Norman,3,CEBPB+OSR2,combo_seen1,5000,WitnessCell,0.9008647878087652,0.003188773224021467
Norman,3,CEBPB+OSR2,combo_seen1,5000,factorized_only,0.8625197365319722,0.0035676214298479515
Norman,3,CEBPB+PTPN12,combo_seen1,100,WitnessCell,0.7506023015298572,0.04460845569585759
Norman,3,CEBPB+PTPN12,combo_seen1,100,factorized_only,0.8167696984801941,0.03658956479970102
Norman,3,CEBPB+PTPN12,combo_seen1,5000,WitnessCell,0.6181418515917164,0.002402035169690598
Norman,3,CEBPB+PTPN12,combo_seen1,5000,factorized_only,0.6840639796438114,0.0020749502094367755
Norman,3,CEBPE+CNN1,combo_seen1,100,WitnessCell,0.8135547802954095,0.03423061403924222
Norman,3,CEBPE+CNN1,combo_seen1,100,factorized_only,0.7892103757816523,0.06598153403040477
Norman,3,CEBPE+CNN1,combo_seen1,5000,WitnessCell,0.765592915644597,0.0019620532662506787
Norman,3,CEBPE+CNN1,combo_seen1,5000,factorized_only,0.7414561752772694,0.004719367453081437
Norman,3,CLDN6+KLF1,combo_seen1,100,WitnessCell,0.8516616057612061,0.09487939706938166
Norman,3,CLDN6+KLF1,combo_seen1,100,factorized_only,0.852535689338829,0.08566522900813853
Norman,3,CLDN6+KLF1,combo_seen1,5000,WitnessCell,0.7899503581640425,0.00329050229368505
Norman,3,CLDN6+KLF1,combo_seen1,5000,factorized_only,0.8117039406607134,0.0029375646648782273
Norman,3,CNN1+ETS2,combo_seen1,100,WitnessCell,0.5226882362195491,0.05975468509323952
Norman,3,CNN1+ETS2,combo_seen1,100,factorized_only,0.5309220885331489,0.055376206878042435
Norman,3,CNN1+ETS2,combo_seen1,5000,WitnessCell,0.5116827618435673,0.003018449076462537
Norman,3,CNN1+ETS2,combo_seen1,5000,factorized_only,0.5275881565779048,0.002687172000733776
Norman,3,CNN1+MAPK1,combo_seen1,100,WitnessCell,0.9290878758969534,0.013392228085777525
Norman,3,CNN1+MAPK1,combo_seen1,100,factorized_only,0.9186237945893394,0.024890234938949422
Norman,3,CNN1+MAPK1,combo_seen1,5000,WitnessCell,0.8806202625775128,0.0009142630116187176
Norman,3,CNN1+MAPK1,combo_seen1,5000,factorized_only,0.864152933404765,0.0016941600556354172
Norman,3,CNN1+UBASH3A,combo_seen1,100,WitnessCell,0.9262932159690014,0.11575054119383531
Norman,3,CNN1+UBASH3A,combo_seen1,100,factorized_only,0.7549376389242373,0.22166049638602314
Norman,3,CNN1+UBASH3A,combo_seen1,5000,WitnessCell,0.8212209549407357,0.0038608739601536006
Norman,3,CNN1+UBASH3A,combo_seen1,5000,factorized_only,0.6228877642011271,0.006696112964781686
Norman,3,DUSP9+ETS2,combo_seen1,100,WitnessCell,0.19333675214315255,0.14989549101200217
Norman,3,DUSP9+ETS2,combo_seen1,100,factorized_only,0.16307999654852956,0.15255439656001515
Norman,3,DUSP9+ETS2,combo_seen1,5000,WitnessCell,0.1926056945135916,0.0061738055272018205
Norman,3,DUSP9+ETS2,combo_seen1,5000,factorized_only,0.17995593442282035,0.005972246286064291
Norman,3,DUSP9+IGDCC3,combo_seen1,100,WitnessCell,0.9210533893204754,0.07866159813200758
Norman,3,DUSP9+IGDCC3,combo_seen1,100,factorized_only,0.9164577480479692,0.073204832724673
Norman,3,DUSP9+IGDCC3,combo_seen1,5000,WitnessCell,0.8166053747621106,0.0030044145503155106
Norman,3,DUSP9+IGDCC3,combo_seen1,5000,factorized_only,0.7928057724995127,0.0030908734026921084
Norman,3,DUSP9+KLF1,combo_seen1,100,WitnessCell,0.8152255690767711,0.1509683813991706
Norman,3,DUSP9+KLF1,combo_seen1,100,factorized_only,0.8192479283859225,0.13967538232024768
Norman,3,DUSP9+KLF1,combo_seen1,5000,WitnessCell,0.7297544859164735,0.004623911218430939
Norman,3,DUSP9+KLF1,combo_seen1,5000,factorized_only,0.7374566208806124,0.004381031496827991
Norman,3,DUSP9+MAPK1,combo_seen1,100,WitnessCell,0.4721164444829431,0.05618054935070134
Norman,3,DUSP9+MAPK1,combo_seen1,100,factorized_only,0.4797583192667013,0.06629550282412029
Norman,3,DUSP9+MAPK1,combo_seen1,5000,WitnessCell,0.4141298340408248,0.003533597473101251
Norman,3,DUSP9+MAPK1,combo_seen1,5000,factorized_only,0.41861404485700815,0.004919393117792842
Norman,3,DUSP9+PRTG,combo_seen1,100,WitnessCell,0.9417046115241642,0.08019557657438395
Norman,3,DUSP9+PRTG,combo_seen1,100,factorized_only,0.9438290015571542,0.06652831993573066
Norman,3,DUSP9+PRTG,combo_seen1,5000,WitnessCell,0.8472058941570005,0.0029453969626993225
Norman,3,DUSP9+PRTG,combo_seen1,5000,factorized_only,0.8423614791148827,0.0027326532619065375
Norman,3,DUSP9+SNAI1,combo_seen1,100,WitnessCell,0.9172008243762544,0.13083338910636083
Norman,3,DUSP9+SNAI1,combo_seen1,100,factorized_only,0.919834015840636,0.1291356889192838
Norman,3,DUSP9+SNAI1,combo_seen1,5000,WitnessCell,0.8225196331075831,0.006051366944395916
Norman,3,DUSP9+SNAI1,combo_seen1,5000,factorized_only,0.8221232190742326,0.006109887261310439
Norman,3,ETS2+IKZF3,combo_seen1,100,WitnessCell,0.3535668526662163,0.3161596167353182
Norman,3,ETS2+IKZF3,combo_seen1,100,factorized_only,0.31151213115626614,0.32733576104649614
Norman,3,ETS2+IKZF3,combo_seen1,5000,WitnessCell,0.4128620091081284,0.008938909891523227
Norman,3,ETS2+IKZF3,combo_seen1,5000,factorized_only,0.38426401720028713,0.009174246693111112
Norman,3,FOSB+IKZF3,combo_seen1,100,WitnessCell,0.5031213882678283,0.1528778202783026
Norman,3,FOSB+IKZF3,combo_seen1,100,factorized_only,0.44313998624429574,0.16482736831604114
Norman,3,FOSB+IKZF3,combo_seen1,5000,WitnessCell,0.533962160647703,0.004606577363319791
Norman,3,FOSB+IKZF3,combo_seen1,5000,factorized_only,0.4948959834547926,0.004966226644093012
Norman,3,FOSB+UBASH3B,combo_seen1,100,WitnessCell,0.8830040448597567,0.01346474579161047
Norman,3,FOSB+UBASH3B,combo_seen1,100,factorized_only,0.8810708749596158,0.013388907250581754
Norman,3,FOSB+UBASH3B,combo_seen1,5000,WitnessCell,0.7850206655249635,0.0013000811783816257
Norman,3,FOSB+UBASH3B,combo_seen1,5000,factorized_only,0.7844054427069751,0.0013254473584106794
Norman,3,FOXA1+HOXB9,combo_seen1,100,WitnessCell,0.9294810476190243,0.06272623952701499
Norman,3,FOXA1+HOXB9,combo_seen1,100,factorized_only,0.9294810476190243,0.06272623952701499
Norman,3,FOXA1+HOXB9,combo_seen1,5000,WitnessCell,0.8143458979278363,0.002947088917767691
Norman,3,FOXA1+HOXB9,combo_seen1,5000,factorized_only,0.8143458979278363,0.002947088917767691
Norman,3,FOXA3+HOXB9,combo_seen1,100,WitnessCell,0.9633026439372581,0.03354739948739847
Norman,3,FOXA3+HOXB9,combo_seen1,100,factorized_only,0.9511493565923265,0.041712054008396705
Norman,3,FOXA3+HOXB9,combo_seen1,5000,WitnessCell,0.9125046289973565,0.0019355729987476842
Norman,3,FOXA3+HOXB9,combo_seen1,5000,factorized_only,0.8765610893370329,0.0024688220876431534
Norman,3,FOXF1+HOXB9,combo_seen1,100,WitnessCell,0.9437870677445774,0.03530373062560572
Norman,3,FOXF1+HOXB9,combo_seen1,100,factorized_only,0.9223408483312171,0.044782963692640045
Norman,3,FOXF1+HOXB9,combo_seen1,5000,WitnessCell,0.8648416286922225,0.0019644368364568426
Norman,3,FOXF1+HOXB9,combo_seen1,5000,factorized_only,0.8217395250744307,0.002388707040286471
Norman,3,FOXL2+HOXB9,combo_seen1,100,WitnessCell,0.8381023649536374,0.07621884855665609
Norman,3,FOXL2+HOXB9,combo_seen1,100,factorized_only,0.8381023649536374,0.07621884855665609
Norman,3,FOXL2+HOXB9,combo_seen1,5000,WitnessCell,0.7933357469161354,0.004714503815854319
Norman,3,FOXL2+HOXB9,combo_seen1,5000,factorized_only,0.7933357469161354,0.004714503815854319
Norman,3,IKZF3+MAP2K3,combo_seen1,100,WitnessCell,0.5826791616671707,0.2303469109097035
Norman,3,IKZF3+MAP2K3,combo_seen1,100,factorized_only,0.5826791616671707,0.2303469109097035
Norman,3,IKZF3+MAP2K3,combo_seen1,5000,WitnessCell,0.47313823262597077,0.006068039332879603
Norman,3,IKZF3+MAP2K3,combo_seen1,5000,factorized_only,0.47313823262597077,0.006068039332879603
Norman,3,IKZF3+MAPK1,combo_seen1,100,WitnessCell,0.42786317137878765,0.2017099598791062
Norman,3,IKZF3+MAPK1,combo_seen1,100,factorized_only,0.47416758501508816,0.19876299372102085
Norman,3,IKZF3+MAPK1,combo_seen1,5000,WitnessCell,0.5178234765082512,0.005920399546888463
Norman,3,IKZF3+MAPK1,combo_seen1,5000,factorized_only,0.5322450494151226,0.0063812628925319385
Norman,3,KLF1+MAP2K6,combo_seen1,100,WitnessCell,0.9147235686983706,0.014965227208290117
Norman,3,KLF1+MAP2K6,combo_seen1,100,factorized_only,0.9334469613229244,0.011057113202033947
Norman,3,KLF1+MAP2K6,combo_seen1,5000,WitnessCell,0.6970218746040929,0.0015335791960751544
Norman,3,KLF1+MAP2K6,combo_seen1,5000,factorized_only,0.7487161139267915,0.0013614189931472065
Norman,3,MAP2K3+MAP2K6,combo_seen1,100,WitnessCell,-0.5911285153918502,0.11246452070888167
Norman,3,MAP2K3+MAP2K6,combo_seen1,100,factorized_only,-0.5911285153918502,0.11246452070888167
Norman,3,MAP2K3+MAP2K6,combo_seen1,5000,WitnessCell,-0.4900703008206423,0.005314085097938543
Norman,3,MAP2K3+MAP2K6,combo_seen1,5000,factorized_only,-0.4900703008206423,0.005314085097938543
Norman,3,MAP2K3+SLC38A2,combo_seen1,100,WitnessCell,-0.7299801800774317,0.15310060030861047
Norman,3,MAP2K3+SLC38A2,combo_seen1,100,factorized_only,-0.7299801800774317,0.15310060030861047
Norman,3,MAP2K3+SLC38A2,combo_seen1,5000,WitnessCell,-0.5842046061067968,0.006401377738257121
Norman,3,MAP2K3+SLC38A2,combo_seen1,5000,factorized_only,-0.5842046061067968,0.006401377738257121
Norman,3,MAP2K6+SPI1,combo_seen1,100,WitnessCell,0.9102822862566988,0.04552300609590116
Norman,3,MAP2K6+SPI1,combo_seen1,100,factorized_only,0.9102822862566988,0.04552300609590116
Norman,3,MAP2K6+SPI1,combo_seen1,5000,WitnessCell,0.7824725071005921,0.00544270082508161
Norman,3,MAP2K6+SPI1,combo_seen1,5000,factorized_only,0.7824725071005921,0.00544270082508161
Norman,3,OSR2+UBASH3B,combo_seen1,100,WitnessCell,0.8531316495245924,0.022981470048332106
Norman,3,OSR2+UBASH3B,combo_seen1,100,factorized_only,0.843151043427304,0.02480206892224576
Norman,3,OSR2+UBASH3B,combo_seen1,5000,WitnessCell,0.7587000253852578,0.0019484005423051258
Norman,3,OSR2+UBASH3B,combo_seen1,5000,factorized_only,0.7468348770686525,0.002202139086521574
Norman,3,PLK4+STIL,combo_seen1,100,WitnessCell,0.93871542323785,0.003019867542071718
Norman,3,PLK4+STIL,combo_seen1,100,factorized_only,0.93871542323785,0.003019867542071718
Norman,3,PLK4+STIL,combo_seen1,5000,WitnessCell,0.7238773990474414,0.0016884581781758626
Norman,3,PLK4+STIL,combo_seen1,5000,factorized_only,0.7238773990474414,0.0016884581781758626
Norman,3,PTPN9+UBASH3B,combo_seen1,100,WitnessCell,0.7489043939681875,0.08550822248157325
Norman,3,PTPN9+UBASH3B,combo_seen1,100,factorized_only,0.7489043939681875,0.08550822248157325
Norman,3,PTPN9+UBASH3B,combo_seen1,5000,WitnessCell,0.6577307146736661,0.003332222414368065
Norman,3,PTPN9+UBASH3B,combo_seen1,5000,factorized_only,0.6577307146736661,0.003332222414368065
Norman,3,PTPN12+UBASH3B,combo_seen1,100,WitnessCell,0.9682018215813579,0.03988653081760048
Norman,3,PTPN12+UBASH3B,combo_seen1,100,factorized_only,0.9453451847623059,0.049191502866807894
Norman,3,PTPN12+UBASH3B,combo_seen1,5000,WitnessCell,0.9159602221175639,0.001398550784648634
Norman,3,PTPN12+UBASH3B,combo_seen1,5000,factorized_only,0.8499524350691379,0.0018510429495715761
Norman,3,RHOXF2+SET,combo_seen1,100,WitnessCell,0.9298954569205926,0.043209097066369405
Norman,3,RHOXF2+SET,combo_seen1,100,factorized_only,0.9212223391315572,0.03817153741488446
Norman,3,RHOXF2+SET,combo_seen1,5000,WitnessCell,0.8369463893155955,0.0026361819548919516
Norman,3,RHOXF2+SET,combo_seen1,5000,factorized_only,0.815665034674774,0.0028989076887581612
Norman,3,RHOXF2+ZBTB25,combo_seen1,100,WitnessCell,0.9509801003221826,0.0283530112695228
Norman,3,RHOXF2+ZBTB25,combo_seen1,100,factorized_only,0.9371377654760099,0.05575883148768366
Norman,3,RHOXF2+ZBTB25,combo_seen1,5000,WitnessCell,0.8674416959693831,0.00170197168140245
Norman,3,RHOXF2+ZBTB25,combo_seen1,5000,factorized_only,0.8325685663754206,0.0023707637201243765
Norman,3,SAMD1+UBASH3B,combo_seen1,100,WitnessCell,0.9795930566772076,0.016120892579482654
Norman,3,SAMD1+UBASH3B,combo_seen1,100,factorized_only,0.9602570577490402,0.026471529336405883
Norman,3,SAMD1+UBASH3B,combo_seen1,5000,WitnessCell,0.9052570318125636,0.001176440157104193
Norman,3,SAMD1+UBASH3B,combo_seen1,5000,factorized_only,0.8836920536076027,0.001440499191270912
Norman,3,SNAI1+UBASH3B,combo_seen1,100,WitnessCell,0.9076580640550936,0.009460614898689752
Norman,3,SNAI1+UBASH3B,combo_seen1,100,factorized_only,0.9176250484270837,0.008527018863279967
Norman,3,SNAI1+UBASH3B,combo_seen1,5000,WitnessCell,0.7935232782718044,0.0015642621405889468
Norman,3,SNAI1+UBASH3B,combo_seen1,5000,factorized_only,0.8146009160220089,0.0013962764550764582
Norman,3,UBASH3A+UBASH3B,combo_seen1,100,WitnessCell,0.9245975137271815,0.0126329903827457
Norman,3,UBASH3A+UBASH3B,combo_seen1,100,factorized_only,0.7975060589711251,0.021973957659233944
Norman,3,UBASH3A+UBASH3B,combo_seen1,5000,WitnessCell,0.8384678366623441,0.0011124629544630165
Norman,3,UBASH3A+UBASH3B,combo_seen1,5000,factorized_only,0.7176135103048826,0.0010518469591275564
Norman,3,UBASH3B+ZBTB25,combo_seen1,100,WitnessCell,0.9620542834185233,0.020299251442944498
Norman,3,UBASH3B+ZBTB25,combo_seen1,100,factorized_only,0.9517089096303033,0.04304190253490568
Norman,3,UBASH3B+ZBTB25,combo_seen1,5000,WitnessCell,0.8860043899951375,0.0012331495801020846
Norman,3,UBASH3B+ZBTB25,combo_seen1,5000,factorized_only,0.8685791407433296,0.0015849387196616616
Norman,3,BAK1+BCL2L11,combo_seen2,100,WitnessCell,0.3316176219953457,0.0031722159641327224
Norman,3,BAK1+BCL2L11,combo_seen2,100,factorized_only,0.23077704436359917,0.0034554290667399984
Norman,3,BAK1+BCL2L11,combo_seen2,5000,WitnessCell,-0.06653419222268461,0.0014297379454707832
Norman,3,BAK1+BCL2L11,combo_seen2,5000,factorized_only,-0.04194152581232083,0.0013804854680500047
Norman,3,BCL2L11+TGFBR2,combo_seen2,100,WitnessCell,0.8234625526769371,0.005765118409628325
Norman,3,BCL2L11+TGFBR2,combo_seen2,100,factorized_only,0.7897521805072887,0.0067013485515667
Norman,3,BCL2L11+TGFBR2,combo_seen2,5000,WitnessCell,0.44574846547330915,0.0009951250305342443
Norman,3,BCL2L11+TGFBR2,combo_seen2,5000,factorized_only,0.4233208511702038,0.000926744542413849
Norman,3,CBL+PTPN9,combo_seen2,100,WitnessCell,0.9505991326893304,0.01574683367147722
Norman,3,CBL+PTPN9,combo_seen2,100,factorized_only,0.9357582871047444,0.02956681626169269
Norman,3,CBL+PTPN9,combo_seen2,5000,WitnessCell,0.8772110665603273,0.001139668276730982
Norman,3,CBL+PTPN9,combo_seen2,5000,factorized_only,0.8425981844291899,0.0014340024284385624
Norman,3,CEBPA+CEBPE,combo_seen2,100,WitnessCell,0.9818409150881504,0.031256127883498006
Norman,3,CEBPA+CEBPE,combo_seen2,100,factorized_only,0.9896585471237421,0.05852630821990333
Norman,3,CEBPA+CEBPE,combo_seen2,5000,WitnessCell,0.9525749365823618,0.0029092003407634407
Norman,3,CEBPA+CEBPE,combo_seen2,5000,factorized_only,0.9603723791551168,0.005527607008636092
Norman,3,CEBPA+ZC3HAV1,combo_seen2,100,WitnessCell,0.9849109336018488,0.017523041017026994
Norman,3,CEBPA+ZC3HAV1,combo_seen2,100,factorized_only,0.9910594319456942,0.011903269611546467
Norman,3,CEBPA+ZC3HAV1,combo_seen2,5000,WitnessCell,0.9472076806144055,0.0019509861279458363
Norman,3,CEBPA+ZC3HAV1,combo_seen2,5000,factorized_only,0.9469463021954694,0.001986615849822408
Norman,3,CEBPE+FOSB,combo_seen2,100,WitnessCell,0.9694726820213132,0.06237383968270922
Norman,3,CEBPE+FOSB,combo_seen2,100,factorized_only,0.9848604097302394,0.016739769342524257
Norman,3,CEBPE+FOSB,combo_seen2,5000,WitnessCell,0.9087080676969765,0.003325802809966666
Norman,3,CEBPE+FOSB,combo_seen2,5000,factorized_only,0.9393039204907607,0.0017507416834461012
Norman,3,CEBPE+KLF1,combo_seen2,100,WitnessCell,0.922886602950661,0.012538924958816651
Norman,3,CEBPE+KLF1,combo_seen2,100,factorized_only,0.885401628663337,0.030348397174666863
Norman,3,CEBPE+KLF1,combo_seen2,5000,WitnessCell,0.8031556062902074,0.0012651694485108667
Norman,3,CEBPE+KLF1,combo_seen2,5000,factorized_only,0.7074496979082339,0.003982677470421092
Norman,3,CEBPE+PTPN12,combo_seen2,100,WitnessCell,0.9724741662879259,0.004149145740981245
Norman,3,CEBPE+PTPN12,combo_seen2,100,factorized_only,0.9436928836298005,0.040161291826103056
Norman,3,CEBPE+PTPN12,combo_seen2,5000,WitnessCell,0.9106362111529166,0.0004996180000666481
Norman,3,CEBPE+PTPN12,combo_seen2,5000,factorized_only,0.8650598705684621,0.002990723506430205
Norman,3,CEBPE+SPI1,combo_seen2,100,WitnessCell,0.9738211280358264,0.0883954453966014
Norman,3,CEBPE+SPI1,combo_seen2,100,factorized_only,0.9818614394671091,0.03275759286487273
Norman,3,CEBPE+SPI1,combo_seen2,5000,WitnessCell,0.9197918198228435,0.004543466076496682
Norman,3,CEBPE+SPI1,combo_seen2,5000,factorized_only,0.9397539815729664,0.002839709989740445
Norman,3,COL2A1+KLF1,combo_seen2,100,WitnessCell,0.946884484661804,0.016917573168288454
Norman,3,COL2A1+KLF1,combo_seen2,100,factorized_only,0.9426715253705178,0.015360722607716704
Norman,3,COL2A1+KLF1,combo_seen2,5000,WitnessCell,0.8476613135267793,0.001487127902122924
Norman,3,COL2A1+KLF1,combo_seen2,5000,factorized_only,0.8593495660873391,0.0014983726528745552
Norman,3,ETS2+IGDCC3,combo_seen2,100,WitnessCell,0.9287374476146659,0.008748701797746979
Norman,3,ETS2+IGDCC3,combo_seen2,100,factorized_only,0.9479696390523686,0.008507229808471113
Norman,3,ETS2+IGDCC3,combo_seen2,5000,WitnessCell,0.7787757983179382,0.0012639050836332967
Norman,3,ETS2+IGDCC3,combo_seen2,5000,factorized_only,0.8348086282139373,0.0011714769054100788
Norman,3,ETS2+PRTG,combo_seen2,100,WitnessCell,0.9272810410132759,0.010904421223542928
Norman,3,ETS2+PRTG,combo_seen2,100,factorized_only,0.9474760635935509,0.008550887620034671
Norman,3,ETS2+PRTG,combo_seen2,5000,WitnessCell,0.7900252875086529,0.0012846826113596028
Norman,3,ETS2+PRTG,combo_seen2,5000,factorized_only,0.844708538847221,0.0010976069760207082
Norman,3,FOXA1+FOXA3,combo_seen2,100,WitnessCell,0.9710269010290657,0.01882794053729301
Norman,3,FOXA1+FOXA3,combo_seen2,100,factorized_only,0.9673348694486776,0.022438297037948186
Norman,3,FOXA1+FOXA3,combo_seen2,5000,WitnessCell,0.9094559724143729,0.0011852088033645
Norman,3,FOXA1+FOXA3,combo_seen2,5000,factorized_only,0.8981156796216445,0.0013358040179780137
Norman,3,FOXA1+FOXF1,combo_seen2,100,WitnessCell,0.9740150570434606,0.01829678456127409
Norman,3,FOXA1+FOXF1,combo_seen2,100,factorized_only,0.9685591858261718,0.023303758448045
Norman,3,FOXA1+FOXF1,combo_seen2,5000,WitnessCell,0.8815770529507757,0.0012154646766895764
Norman,3,FOXA1+FOXF1,combo_seen2,5000,factorized_only,0.8565759282022288,0.001448255582348614
Norman,3,FOXA1+KLF1,combo_seen2,100,WitnessCell,0.8115897310999469,0.03723130251679385
Norman,3,FOXA1+KLF1,combo_seen2,100,factorized_only,0.8653400564574735,0.02665164797430163
Norman,3,FOXA1+KLF1,combo_seen2,5000,WitnessCell,0.7323055132091728,0.0019357246172606907
Norman,3,FOXA1+KLF1,combo_seen2,5000,factorized_only,0.816838904510996,0.001378750603421197
Norman,3,FOXF1+FOXL2,combo_seen2,100,WitnessCell,0.9583164885192017,0.05149197060489104
Norman,3,FOXF1+FOXL2,combo_seen2,100,factorized_only,0.9452542448066119,0.06098678140373618
Norman,3,FOXF1+FOXL2,combo_seen2,5000,WitnessCell,0.8799879743905463,0.0028212917822893267
Norman,3,FOXF1+FOXL2,combo_seen2,5000,factorized_only,0.8401094940168345,0.003309338482938692
Norman,3,KLF1+TGFBR2,combo_seen2,100,WitnessCell,0.9802713142174713,0.006635313379796748
Norman,3,KLF1+TGFBR2,combo_seen2,100,factorized_only,0.9894323329194648,0.003328182149052965
Norman,3,KLF1+TGFBR2,combo_seen2,5000,WitnessCell,0.8917306859876651,0.0006210469812600417
Norman,3,KLF1+TGFBR2,combo_seen2,5000,factorized_only,0.9196482754130224,0.00046656449970819517
Norman,3,SAMD1+ZBTB1,combo_seen2,100,WitnessCell,0.9921365905130278,0.003923319062239832
Norman,3,SAMD1+ZBTB1,combo_seen2,100,factorized_only,0.9878820001170601,0.0062874939384054505
Norman,3,SAMD1+ZBTB1,combo_seen2,5000,WitnessCell,0.949500945967475,0.0007547636200649063
Norman,3,SAMD1+ZBTB1,combo_seen2,5000,factorized_only,0.9402671685973737,0.0008503821463574368
Norman,3,SGK1+TBX3,combo_seen2,100,WitnessCell,0.9714691579078866,0.020040455799289168
Norman,3,SGK1+TBX3,combo_seen2,100,factorized_only,0.9407579260560038,0.029646062839499995
Norman,3,SGK1+TBX3,combo_seen2,5000,WitnessCell,0.9212374179494357,0.0008913708244007218
Norman,3,SGK1+TBX3,combo_seen2,5000,factorized_only,0.8834673641093557,0.0013473328188809658
Norman,3,AHR,unseen_single,100,WitnessCell,0.8546985576293012,0.03240388551635452
Norman,3,AHR,unseen_single,100,factorized_only,0.8546985576293012,0.03240388551635452
Norman,3,AHR,unseen_single,5000,WitnessCell,0.7007863087230538,0.0011449129422308325
Norman,3,AHR,unseen_single,5000,factorized_only,0.7007863087230538,0.0011449129422308325
Norman,3,ATL1,unseen_single,100,WitnessCell,0.775808669809068,0.07896695837159964
Norman,3,ATL1,unseen_single,100,factorized_only,0.775808669809068,0.07896695837159964
Norman,3,ATL1,unseen_single,5000,WitnessCell,0.7160155711445207,0.0027472745383606252
Norman,3,ATL1,unseen_single,5000,factorized_only,0.7160155711445207,0.0027472745383606252
Norman,3,CDKN1A,unseen_single,100,WitnessCell,0.8553993414913829,0.03862851596749588
Norman,3,CDKN1A,unseen_single,100,factorized_only,0.8553993414913829,0.03862851596749588
Norman,3,CDKN1A,unseen_single,5000,WitnessCell,0.7373182795990556,0.001507636800097158
Norman,3,CDKN1A,unseen_single,5000,factorized_only,0.7373182795990556,0.001507636800097158
Norman,3,CEBPB,unseen_single,100,WitnessCell,0.7784400120496682,0.1356454574460157
Norman,3,CEBPB,unseen_single,100,factorized_only,0.7784400120496682,0.1356454574460157
Norman,3,CEBPB,unseen_single,5000,WitnessCell,0.6894986613551095,0.004588467979564523
Norman,3,CEBPB,unseen_single,5000,factorized_only,0.6894986613551095,0.004588467979564523
Norman,3,CLDN6,unseen_single,100,WitnessCell,0.7369441675048121,0.09950069027365965
Norman,3,CLDN6,unseen_single,100,factorized_only,0.7369441675048121,0.09950069027365965
Norman,3,CLDN6,unseen_single,5000,WitnessCell,0.6260364276226813,0.0030153965394732565
Norman,3,CLDN6,unseen_single,5000,factorized_only,0.6260364276226813,0.0030153965394732565
Norman,3,CNN1,unseen_single,100,WitnessCell,0.43977600243240245,0.08382300856681912
Norman,3,CNN1,unseen_single,100,factorized_only,0.43977600243240245,0.08382300856681912
Norman,3,CNN1,unseen_single,5000,WitnessCell,0.3640827287044774,0.0024194369602760623
Norman,3,CNN1,unseen_single,5000,factorized_only,0.3640827287044774,0.0024194369602760623
Norman,3,CNNM4,unseen_single,100,WitnessCell,0.49142553296355196,0.04499828689862895
Norman,3,CNNM4,unseen_single,100,factorized_only,0.49142553296355196,0.04499828689862895
Norman,3,CNNM4,unseen_single,5000,WitnessCell,0.4285149855165131,0.0013483232360270683
Norman,3,CNNM4,unseen_single,5000,factorized_only,0.4285149855165131,0.0013483232360270683
Norman,3,COL1A1,unseen_single,100,WitnessCell,0.5784608752953587,0.11054018669596744
Norman,3,COL1A1,unseen_single,100,factorized_only,0.5784608752953587,0.11054018669596744
Norman,3,COL1A1,unseen_single,5000,WitnessCell,0.5361897719626815,0.003838146349568962
Norman,3,COL1A1,unseen_single,5000,factorized_only,0.5361897719626815,0.003838146349568962
Norman,3,CSRNP1,unseen_single,100,WitnessCell,-0.6666965917087387,0.027417257984109614
Norman,3,CSRNP1,unseen_single,100,factorized_only,-0.6666965917087387,0.027417257984109614
Norman,3,CSRNP1,unseen_single,5000,WitnessCell,-0.3816888213110715,0.0017350200497135045
Norman,3,CSRNP1,unseen_single,5000,factorized_only,-0.3816888213110715,0.0017350200497135045
Norman,3,DUSP9,unseen_single,100,WitnessCell,0.5691082688515333,0.15019794079091803
Norman,3,DUSP9,unseen_single,100,factorized_only,0.5691082688515333,0.15019794079091803
Norman,3,DUSP9,unseen_single,5000,WitnessCell,0.4524052360453175,0.004493652945928408
Norman,3,DUSP9,unseen_single,5000,factorized_only,0.4524052360453175,0.004493652945928408
Norman,3,HK2,unseen_single,100,WitnessCell,0.6373426537226377,0.008655882734271566
Norman,3,HK2,unseen_single,100,factorized_only,0.6373426537226377,0.008655882734271566
Norman,3,HK2,unseen_single,5000,WitnessCell,0.5286221870060122,0.0007379655585071003
Norman,3,HK2,unseen_single,5000,factorized_only,0.5286221870060122,0.0007379655585071003
Norman,3,HNF4A,unseen_single,100,WitnessCell,0.7362571345123489,0.06956186085340099
Norman,3,HNF4A,unseen_single,100,factorized_only,0.7362571345123489,0.06956186085340099
Norman,3,HNF4A,unseen_single,5000,WitnessCell,0.7000208821561499,0.0030999084934917568
Norman,3,HNF4A,unseen_single,5000,factorized_only,0.7000208821561499,0.0030999084934917568
Norman,3,HOXB9,unseen_single,100,WitnessCell,0.8106515515589888,0.026163299466175047
Norman,3,HOXB9,unseen_single,100,factorized_only,0.8106515515589888,0.026163299466175047
Norman,3,HOXB9,unseen_single,5000,WitnessCell,0.7633613666818985,0.0009771673274414404
Norman,3,HOXB9,unseen_single,5000,factorized_only,0.7633613666818985,0.0009771673274414404
Norman,3,IKZF3,unseen_single,100,WitnessCell,0.7658436101939475,0.2884172610114451
Norman,3,IKZF3,unseen_single,100,factorized_only,0.7658436101939475,0.2884172610114451
Norman,3,IKZF3,unseen_single,5000,WitnessCell,0.6434078427606066,0.007693641314919884
Norman,3,IKZF3,unseen_single,5000,factorized_only,0.6434078427606066,0.007693641314919884
Norman,3,MAP2K6,unseen_single,100,WitnessCell,-0.6438743577268321,0.04476883913922508
Norman,3,MAP2K6,unseen_single,100,factorized_only,-0.6438743577268321,0.04476883913922508
Norman,3,MAP2K6,unseen_single,5000,WitnessCell,-0.46275223343256655,0.0019889290472023717
Norman,3,MAP2K6,unseen_single,5000,factorized_only,-0.46275223343256655,0.0019889290472023717
Norman,3,PLK4,unseen_single,100,WitnessCell,0.8728683669731724,0.0014834862510656863
Norman,3,PLK4,unseen_single,100,factorized_only,0.8728683669731724,0.0014834862510656863
Norman,3,PLK4,unseen_single,5000,WitnessCell,0.5712332328502462,0.0008516409065668269
Norman,3,PLK4,unseen_single,5000,factorized_only,0.5712332328502462,0.0008516409065668269
Norman,3,PTPN13,unseen_single,100,WitnessCell,0.68063846383863,0.03761266240737248
Norman,3,PTPN13,unseen_single,100,factorized_only,0.68063846383863,0.03761266240737248
Norman,3,PTPN13,unseen_single,5000,WitnessCell,0.5430465118873103,0.0013343664110884192
Norman,3,PTPN13,unseen_single,5000,factorized_only,0.5430465118873103,0.0013343664110884192
Norman,3,RHOXF2,unseen_single,100,WitnessCell,0.8413639801275764,0.07042104016361189
Norman,3,RHOXF2,unseen_single,100,factorized_only,0.8413639801275764,0.07042104016361189
Norman,3,RHOXF2,unseen_single,5000,WitnessCell,0.659561217572495,0.002856040579709147
Norman,3,RHOXF2,unseen_single,5000,factorized_only,0.659561217572495,0.002856040579709147
Norman,3,SLC38A2,unseen_single,100,WitnessCell,-0.3207618120173605,0.017457906472885077
Norman,3,SLC38A2,unseen_single,100,factorized_only,-0.3207618120173605,0.017457906472885077
Norman,3,SLC38A2,unseen_single,5000,WitnessCell,-0.2575262191432234,0.0014822864501729046
Norman,3,SLC38A2,unseen_single,5000,factorized_only,-0.2575262191432234,0.0014822864501729046
Norman,3,UBASH3B,unseen_single,100,WitnessCell,0.6773610285891997,0.012370890966146414
Norman,3,UBASH3B,unseen_single,100,factorized_only,0.6773610285891997,0.012370890966146414
Norman,3,UBASH3B,unseen_single,5000,WitnessCell,0.6145881629721043,0.0006631581056851147
Norman,3,UBASH3B,unseen_single,5000,factorized_only,0.6145881629721043,0.0006631581056851147
Norman,3,CNN1+UBASH3B,combo_seen0,100,WitnessCell,0.6559791394749871,0.257607233408761
Norman,3,CNN1+UBASH3B,combo_seen0,100,factorized_only,0.6559791394749871,0.257607233408761
Norman,3,CNN1+UBASH3B,combo_seen0,5000,WitnessCell,0.5419378486682287,0.007585334956095684
Norman,3,CNN1+UBASH3B,combo_seen0,5000,factorized_only,0.5419378486682287,0.007585334956095684
Norman,3,IKZF3+MAP2K6,combo_seen0,100,WitnessCell,0.652181412994918,0.20302908720769341
Norman,3,IKZF3+MAP2K6,combo_seen0,100,factorized_only,0.652181412994918,0.20302908720769341
Norman,3,IKZF3+MAP2K6,combo_seen0,5000,WitnessCell,0.5415912419692779,0.005494182827505572
Norman,3,IKZF3+MAP2K6,combo_seen0,5000,factorized_only,0.5415912419692779,0.005494182827505572
Wessels,1,DOT1L+GFI1,combo_seen1,100,WitnessCell,0.6075732774571583,0.22738867605477808
Wessels,1,DOT1L+GFI1,combo_seen1,100,factorized_only,0.5342830272521142,0.23920712455278148
Wessels,1,DOT1L+GFI1,combo_seen1,5000,WitnessCell,0.5979966986422224,0.006068561465622847
Wessels,1,DOT1L+GFI1,combo_seen1,5000,factorized_only,0.48912058224055255,0.00739502254161017
Wessels,1,DOT1L+IKZF1,combo_seen1,100,WitnessCell,0.8852764962352612,0.010294011376548123
Wessels,1,DOT1L+IKZF1,combo_seen1,100,factorized_only,0.8374215245850125,0.013982043591851921
Wessels,1,DOT1L+IKZF1,combo_seen1,5000,WitnessCell,0.5957920731733259,0.0021309048676324454
Wessels,1,DOT1L+IKZF1,combo_seen1,5000,factorized_only,0.5278460014971067,0.003057996624943769
Wessels,1,DOT1L+INTS1,combo_seen1,100,WitnessCell,0.42437698846925537,0.05094878708198586
Wessels,1,DOT1L+INTS1,combo_seen1,100,factorized_only,0.3593347065063954,0.0561993335048612
Wessels,1,DOT1L+INTS1,combo_seen1,5000,WitnessCell,0.29941367079430914,0.0035764373537249695
Wessels,1,DOT1L+INTS1,combo_seen1,5000,factorized_only,0.2615223238789251,0.004583207673005495
Wessels,1,EP300+GFI1,combo_seen1,100,WitnessCell,0.8799923556248885,0.03953738199145311
Wessels,1,EP300+GFI1,combo_seen1,100,factorized_only,0.9019422479704639,0.03789677220075895
Wessels,1,EP300+GFI1,combo_seen1,5000,WitnessCell,0.8291257681593838,0.0028987648319244333
Wessels,1,EP300+GFI1,combo_seen1,5000,factorized_only,0.8140780523048015,0.004042733916018894
Wessels,1,EP300+IKZF1,combo_seen1,100,WitnessCell,0.9519789571341097,0.010485067686041342
Wessels,1,EP300+IKZF1,combo_seen1,100,factorized_only,0.9240365149846822,0.021853701089000702
Wessels,1,EP300+IKZF1,combo_seen1,5000,WitnessCell,0.8144941181824682,0.0026562388939942116
Wessels,1,EP300+IKZF1,combo_seen1,5000,factorized_only,0.7521572175823514,0.005229641026696575
Wessels,1,EP300+INTS1,combo_seen1,100,WitnessCell,0.9559474504865256,0.01325255938567071
Wessels,1,EP300+INTS1,combo_seen1,100,factorized_only,0.9424786661583203,0.024893476014715022
Wessels,1,EP300+INTS1,combo_seen1,5000,WitnessCell,0.8581030427336522,0.0022304981175010536
Wessels,1,EP300+INTS1,combo_seen1,5000,factorized_only,0.8098565708863377,0.004118802853421013
Wessels,1,FLI1+GFI1,combo_seen1,100,WitnessCell,0.9557121972155885,0.0829061954312685
Wessels,1,FLI1+GFI1,combo_seen1,100,factorized_only,0.9425867954326301,0.0869444138255026
Wessels,1,FLI1+GFI1,combo_seen1,5000,WitnessCell,0.8933037668396999,0.0035854055400214527
Wessels,1,FLI1+GFI1,combo_seen1,5000,factorized_only,0.8545562645303137,0.004303191103258112
Wessels,1,FLI1+IKZF1,combo_seen1,100,WitnessCell,0.9732000842532652,0.013118888567401297
Wessels,1,FLI1+IKZF1,combo_seen1,100,factorized_only,0.9625404534178548,0.01668686905296053
Wessels,1,FLI1+IKZF1,combo_seen1,5000,WitnessCell,0.9030040675628653,0.0016658785372632018
Wessels,1,FLI1+IKZF1,combo_seen1,5000,factorized_only,0.8702090746812402,0.002410103418035318
Wessels,1,FLI1+INTS1,combo_seen1,100,WitnessCell,0.909455908350341,0.026259790873092985
Wessels,1,FLI1+INTS1,combo_seen1,100,factorized_only,0.910626210755882,0.02817332466837761
Wessels,1,FLI1+INTS1,combo_seen1,5000,WitnessCell,0.8500881309493444,0.002344081154954231
Wessels,1,FLI1+INTS1,combo_seen1,5000,factorized_only,0.8369759642903353,0.00299357469670115
Wessels,1,GATA2+GFI1,combo_seen1,100,WitnessCell,0.6496948654171979,0.2514217528917624
Wessels,1,GATA2+GFI1,combo_seen1,100,factorized_only,0.5275681040616641,0.2576437663262678
Wessels,1,GATA2+GFI1,combo_seen1,5000,WitnessCell,0.5718454560714186,0.0065040082640178895
Wessels,1,GATA2+GFI1,combo_seen1,5000,factorized_only,0.5040784882822155,0.007213350889276601
Wessels,1,GATA2+IKZF1,combo_seen1,100,WitnessCell,0.8485275380337988,0.010971321330608201
Wessels,1,GATA2+IKZF1,combo_seen1,100,factorized_only,0.7867180237139517,0.017129411612376962
Wessels,1,GATA2+IKZF1,combo_seen1,5000,WitnessCell,0.6538988881865947,0.0012969288132933254
Wessels,1,GATA2+IKZF1,combo_seen1,5000,factorized_only,0.6110245756709891,0.002356346176326833
Wessels,1,GATA2+INTS1,combo_seen1,100,WitnessCell,0.25696919774303145,0.03232306996914871
Wessels,1,GATA2+INTS1,combo_seen1,100,factorized_only,0.09839843134983903,0.04660739404248235
Wessels,1,GATA2+INTS1,combo_seen1,5000,WitnessCell,0.20808269810597785,0.002552490836137784
Wessels,1,GATA2+INTS1,combo_seen1,5000,factorized_only,0.14289271381221286,0.004359694738416202
Wessels,1,GFI1+GSE1,combo_seen1,100,WitnessCell,0.5348837932514741,0.3436306971172696
Wessels,1,GFI1+GSE1,combo_seen1,100,factorized_only,0.5348837932514741,0.3436306971172696
Wessels,1,GFI1+GSE1,combo_seen1,5000,WitnessCell,0.49354107735678937,0.009711552078583268
Wessels,1,GFI1+GSE1,combo_seen1,5000,factorized_only,0.49354107735678937,0.009711552078583268
Wessels,1,GFI1+HDAC3,combo_seen1,100,WitnessCell,0.789451470673443,0.29122087564078514
Wessels,1,GFI1+HDAC3,combo_seen1,100,factorized_only,0.7587739628093291,0.29963679298741686
Wessels,1,GFI1+HDAC3,combo_seen1,5000,WitnessCell,0.7182217855646541,0.007474498534026367
Wessels,1,GFI1+HDAC3,combo_seen1,5000,factorized_only,0.6030586648989378,0.009119952444373828
Wessels,1,GFI1+KDM1A,combo_seen1,100,WitnessCell,0.9715052781287443,0.07413181545548249
Wessels,1,GFI1+KDM1A,combo_seen1,100,factorized_only,0.5274881592505979,0.46247127806442123
Wessels,1,GFI1+KDM1A,combo_seen1,5000,WitnessCell,0.9168737593547993,0.0030744205747544394
Wessels,1,GFI1+KDM1A,combo_seen1,5000,factorized_only,0.5314784730478033,0.01250559814371086
Wessels,1,GFI1+MED24,combo_seen1,100,WitnessCell,0.8423929642530865,0.13265230110475082
Wessels,1,GFI1+MED24,combo_seen1,100,factorized_only,0.8423929642530865,0.13265230110475082
Wessels,1,GFI1+MED24,combo_seen1,5000,WitnessCell,0.7222296087964576,0.005723266533772571
Wessels,1,GFI1+MED24,combo_seen1,5000,factorized_only,0.7222296087964576,0.005723266533772571
Wessels,1,GFI1+RCOR1,combo_seen1,100,WitnessCell,0.6218429638089483,0.17666320260704574
Wessels,1,GFI1+RCOR1,combo_seen1,100,factorized_only,0.6485674729676484,0.1693901069935363
Wessels,1,GFI1+RCOR1,combo_seen1,5000,WitnessCell,0.591583200764981,0.005351242492693142
Wessels,1,GFI1+RCOR1,combo_seen1,5000,factorized_only,0.49930353735095684,0.006648422346137485
Wessels,1,GFI1+RING1,combo_seen1,100,WitnessCell,0.7297164130656004,0.18780537439988954
Wessels,1,GFI1+RING1,combo_seen1,100,factorized_only,0.687225119632218,0.1913068331441973
Wessels,1,GFI1+RING1,combo_seen1,5000,WitnessCell,0.6589829962531715,0.005141007202392772
Wessels,1,GFI1+RING1,combo_seen1,5000,factorized_only,0.4367406930376587,0.007507230182237305
Wessels,1,GFI1+SMARCD1,combo_seen1,100,WitnessCell,0.5828460210502182,0.16333075123567112
Wessels,1,GFI1+SMARCD1,combo_seen1,100,factorized_only,0.5959741989886724,0.1585916859443965
Wessels,1,GFI1+SMARCD1,combo_seen1,5000,WitnessCell,0.624404937057084,0.0047805509381199885
Wessels,1,GFI1+SMARCD1,combo_seen1,5000,factorized_only,0.5719759973637197,0.006216258609680602
Wessels,1,GSE1+IKZF1,combo_seen1,100,WitnessCell,0.5948530700790563,0.09323822551596704
Wessels,1,GSE1+IKZF1,combo_seen1,100,factorized_only,0.5948530700790563,0.09323822551596704
Wessels,1,GSE1+IKZF1,combo_seen1,5000,WitnessCell,0.5220239115479129,0.004215244880501233
Wessels,1,GSE1+IKZF1,combo_seen1,5000,factorized_only,0.5220239115479129,0.004215244880501233
Wessels,1,GSE1+INTS1,combo_seen1,100,WitnessCell,0.2822014498460561,0.21894232840771025
Wessels,1,GSE1+INTS1,combo_seen1,100,factorized_only,0.2822014498460561,0.21894232840771025
Wessels,1,GSE1+INTS1,combo_seen1,5000,WitnessCell,0.3632656425607357,0.006536729469446732
Wessels,1,GSE1+INTS1,combo_seen1,5000,factorized_only,0.3632656425607357,0.006536729469446732
Wessels,1,HDAC3+IKZF1,combo_seen1,100,WitnessCell,0.9289099869001377,0.011800097000024903
Wessels,1,HDAC3+IKZF1,combo_seen1,100,factorized_only,0.9120575133416089,0.014642844363799335
Wessels,1,HDAC3+IKZF1,combo_seen1,5000,WitnessCell,0.7168663139478582,0.002260770599107719
Wessels,1,HDAC3+IKZF1,combo_seen1,5000,factorized_only,0.5741991910989085,0.004308843929741763
Wessels,1,HDAC3+INTS1,combo_seen1,100,WitnessCell,0.7609471148393819,0.03807183967473403
Wessels,1,HDAC3+INTS1,combo_seen1,100,factorized_only,0.7423798823005794,0.039770108684978635
Wessels,1,HDAC3+INTS1,combo_seen1,5000,WitnessCell,0.6601491445266553,0.0027776960549575967
Wessels,1,HDAC3+INTS1,combo_seen1,5000,factorized_only,0.564589461937461,0.004477368617251601
Wessels,1,IKZF1+KDM1A,combo_seen1,100,WitnessCell,0.9680567386430673,0.019902953447299594
Wessels,1,IKZF1+KDM1A,combo_seen1,100,factorized_only,0.5255491122702177,0.26637792747009226
Wessels,1,IKZF1+KDM1A,combo_seen1,5000,WitnessCell,0.9179080549010388,0.001796618332404217
Wessels,1,IKZF1+KDM1A,combo_seen1,5000,factorized_only,0.5677442416066897,0.007528244407033792
Wessels,1,IKZF1+MED24,combo_seen1,100,WitnessCell,0.9135677632870012,0.09533806024968544
Wessels,1,IKZF1+MED24,combo_seen1,100,factorized_only,0.9135677632870012,0.09533806024968544
Wessels,1,IKZF1+MED24,combo_seen1,5000,WitnessCell,0.7244125084445896,0.0058334199124617046
Wessels,1,IKZF1+MED24,combo_seen1,5000,factorized_only,0.7244125084445896,0.0058334199124617046
Wessels,1,IKZF1+RCOR1,combo_seen1,100,WitnessCell,0.8745517887431339,0.00599767643978169
Wessels,1,IKZF1+RCOR1,combo_seen1,100,factorized_only,0.8156126491015503,0.007306503068128345
Wessels,1,IKZF1+RCOR1,combo_seen1,5000,WitnessCell,0.44907231010057463,0.0028090997790715232
Wessels,1,IKZF1+RCOR1,combo_seen1,5000,factorized_only,0.37392095990854296,0.0043689250412155016
Wessels,1,IKZF1+SMARCD1,combo_seen1,100,WitnessCell,0.9313497342778442,0.01293411224440202
Wessels,1,IKZF1+SMARCD1,combo_seen1,100,factorized_only,0.9011618370703038,0.01943494780220624
Wessels,1,IKZF1+SMARCD1,combo_seen1,5000,WitnessCell,0.8113241999671261,0.0014259970078085058
Wessels,1,IKZF1+SMARCD1,combo_seen1,5000,factorized_only,0.7174117545084276,0.0032506644092174944
Wessels,1,INTS1+KDM1A,combo_seen1,100,WitnessCell,0.915336067324553,0.058706680431731516
Wessels,1,INTS1+KDM1A,combo_seen1,100,factorized_only,0.1945465816315387,0.37963754546397355
Wessels,1,INTS1+KDM1A,combo_seen1,5000,WitnessCell,0.8507289644835355,0.0033860415551854586
Wessels,1,INTS1+KDM1A,combo_seen1,5000,factorized_only,0.40720315976090177,0.010124669918301465
Wessels,1,INTS1+MED24,combo_seen1,100,WitnessCell,0.8497072376564061,0.12948809986730486
Wessels,1,INTS1+MED24,combo_seen1,100,factorized_only,0.8497072376564061,0.12948809986730486
Wessels,1,INTS1+MED24,combo_seen1,5000,WitnessCell,0.694200136132749,0.006363985882952748
Wessels,1,INTS1+MED24,combo_seen1,5000,factorized_only,0.694200136132749,0.006363985882952748
Wessels,1,INTS1+MYB,combo_seen1,100,WitnessCell,0.805349101660778,0.1643918400054453
Wessels,1,INTS1+MYB,combo_seen1,100,factorized_only,0.805349101660778,0.1643918400054453
Wessels,1,INTS1+MYB,combo_seen1,5000,WitnessCell,0.6880627705292056,0.007164110789507662
Wessels,1,INTS1+MYB,combo_seen1,5000,factorized_only,0.6880627705292056,0.007164110789507662
Wessels,1,INTS1+RCOR1,combo_seen1,100,WitnessCell,0.48599160357857774,0.02333288685169867
Wessels,1,INTS1+RCOR1,combo_seen1,100,factorized_only,0.5102435517300677,0.025106014972911983
Wessels,1,INTS1+RCOR1,combo_seen1,5000,WitnessCell,0.3761737475343276,0.0025968596496931972
Wessels,1,INTS1+RCOR1,combo_seen1,5000,factorized_only,0.34539638318002674,0.004069584886452283
Wessels,1,INTS1+RING1,combo_seen1,100,WitnessCell,0.42298284011799253,0.046578079167825824
Wessels,1,INTS1+RING1,combo_seen1,100,factorized_only,0.4765319267666762,0.043663753005706865
Wessels,1,INTS1+RING1,combo_seen1,5000,WitnessCell,0.38269760037100914,0.003023939090986126
Wessels,1,INTS1+RING1,combo_seen1,5000,factorized_only,0.37664817677384566,0.0037970838216340075
Wessels,1,INTS1+SMARCD1,combo_seen1,100,WitnessCell,0.8839592786322485,0.01195652196228393
Wessels,1,INTS1+SMARCD1,combo_seen1,100,factorized_only,0.8689796661902017,0.01655249186254914
Wessels,1,INTS1+SMARCD1,combo_seen1,5000,WitnessCell,0.5976726785539641,0.002538609198076632
Wessels,1,INTS1+SMARCD1,combo_seen1,5000,factorized_only,0.5179652967996592,0.004899401349002493
Wessels,1,INTS1+SSRP1,combo_seen1,100,WitnessCell,0.6535986907656499,0.025737093380840907
Wessels,1,INTS1+SSRP1,combo_seen1,100,factorized_only,0.6040537430564874,0.02913342210464953
Wessels,1,INTS1+SSRP1,combo_seen1,5000,WitnessCell,0.4897955715883771,0.002783184305402326
Wessels,1,INTS1+SSRP1,combo_seen1,5000,factorized_only,0.47192784303915297,0.003050397366340516
Wessels,1,MED13L+MED16,combo_seen1,100,WitnessCell,0.9672723658764576,0.011952589055069882
Wessels,1,MED13L+MED16,combo_seen1,100,factorized_only,0.9175457367436414,0.036554052246890144
Wessels,1,MED13L+MED16,combo_seen1,5000,WitnessCell,0.8365972593801202,0.0019802698774359652
Wessels,1,MED13L+MED16,combo_seen1,5000,factorized_only,0.7079748177410962,0.0032088703115777995
Wessels,1,MED13L+MED19,combo_seen1,100,WitnessCell,0.9760673122412852,0.03665379398536614
Wessels,1,MED13L+MED19,combo_seen1,100,factorized_only,0.9239068593114929,0.0937074036598559
Wessels,1,MED13L+MED19,combo_seen1,5000,WitnessCell,0.8731461830689168,0.0029807264399882493
Wessels,1,MED13L+MED19,combo_seen1,5000,factorized_only,0.7149676134094852,0.005941110567985418
Wessels,1,MED13L+MED22,combo_seen1,100,WitnessCell,0.9633704808394066,0.019561976439199276
Wessels,1,MED13L+MED22,combo_seen1,100,factorized_only,0.904106509416252,0.05653794026259955
Wessels,1,MED13L+MED22,combo_seen1,5000,WitnessCell,0.84742899053575,0.002254878285672426
Wessels,1,MED13L+MED22,combo_seen1,5000,factorized_only,0.7159841935907609,0.003908297639036701
Wessels,1,MED13L+MED24,combo_seen1,100,WitnessCell,0.9081036697777166,0.14352503668392877
Wessels,1,MED13L+MED24,combo_seen1,100,factorized_only,0.9081036697777166,0.14352503668392877
Wessels,1,MED13L+MED24,combo_seen1,5000,WitnessCell,0.707804122989938,0.007695314010096698
Wessels,1,MED13L+MED24,combo_seen1,5000,factorized_only,0.707804122989938,0.007695314010096698
Wessels,1,MED14+MED19,combo_seen1,100,WitnessCell,0.9746826717621488,0.08696904028972856
Wessels,1,MED14+MED19,combo_seen1,100,factorized_only,0.8992666803228686,0.17792055420200242
Wessels,1,MED14+MED19,combo_seen1,5000,WitnessCell,0.8722757360478951,0.005544167191149358
Wessels,1,MED14+MED19,combo_seen1,5000,factorized_only,0.6902565264405635,0.010113102074338676
Wessels,1,MED14+MED22,combo_seen1,100,WitnessCell,0.9587391352680911,0.061548678963518295
Wessels,1,MED14+MED22,combo_seen1,100,factorized_only,0.8894310317973712,0.1279476573236513
Wessels,1,MED14+MED22,combo_seen1,5000,WitnessCell,0.8392973249768216,0.0051673194172522675
Wessels,1,MED14+MED22,combo_seen1,5000,factorized_only,0.6918439526497907,0.008499886036772413
Wessels,1,MED14+MED24,combo_seen1,100,WitnessCell,0.8890829865540175,0.1663292274394127
Wessels,1,MED14+MED24,combo_seen1,100,factorized_only,0.8890829865540175,0.1663292274394127
Wessels,1,MED14+MED24,combo_seen1,5000,WitnessCell,0.7083218067554036,0.009234441899864554
Wessels,1,MED14+MED24,combo_seen1,5000,factorized_only,0.7083218067554036,0.009234441899864554
Wessels,1,SUPT5H+SUPT6H,combo_seen1,100,WitnessCell,0.8418402610142145,0.019958550945869655
Wessels,1,SUPT5H+SUPT6H,combo_seen1,100,factorized_only,0.8418402610142145,0.019958550945869655
Wessels,1,SUPT5H+SUPT6H,combo_seen1,5000,WitnessCell,0.6897090600544803,0.0022037999463639657
Wessels,1,SUPT5H+SUPT6H,combo_seen1,5000,factorized_only,0.6897090600544803,0.0022037999463639657
Wessels,1,SUPT16H+SUPT5H,combo_seen1,100,WitnessCell,0.9468890246690322,0.018461001306363575
Wessels,1,SUPT16H+SUPT5H,combo_seen1,100,factorized_only,0.9468890246690322,0.018461001306363575
Wessels,1,SUPT16H+SUPT5H,combo_seen1,5000,WitnessCell,0.8041214459400777,0.003414413738720662
Wessels,1,SUPT16H+SUPT5H,combo_seen1,5000,factorized_only,0.8041214459400777,0.003414413738720662
Wessels,1,DOT1L+EP300,combo_seen2,100,WitnessCell,0.9752590844361624,0.006814017950553692
Wessels,1,DOT1L+EP300,combo_seen2,100,factorized_only,0.9593271891858219,0.019344205830963145
Wessels,1,DOT1L+EP300,combo_seen2,5000,WitnessCell,0.9048478830741253,0.0012588382566875052
Wessels,1,DOT1L+EP300,combo_seen2,5000,factorized_only,0.8216930946645197,0.0036550663606864943
Wessels,1,DOT1L+FLI1,combo_seen2,100,WitnessCell,0.983321359349295,0.008924142486751954
Wessels,1,DOT1L+FLI1,combo_seen2,100,factorized_only,0.9551022478024968,0.017169242740181067
Wessels,1,DOT1L+FLI1,combo_seen2,5000,WitnessCell,0.9217495442022543,0.0011777385494219834
Wessels,1,DOT1L+FLI1,combo_seen2,5000,factorized_only,0.8327828926905226,0.002851737762124548
Wessels,1,DOT1L+KDM1A,combo_seen2,100,WitnessCell,0.9855107728170794,0.04256657961679431
Wessels,1,DOT1L+KDM1A,combo_seen2,100,factorized_only,0.5498017426015848,0.3937243809443202
Wessels,1,DOT1L+KDM1A,combo_seen2,5000,WitnessCell,0.9574160285716421,0.0017720561771427904
Wessels,1,DOT1L+KDM1A,combo_seen2,5000,factorized_only,0.5279379856167498,0.011536318206102205
Wessels,1,DOT1L+MED24,combo_seen2,100,WitnessCell,0.9148492312858537,0.09619269894721588
Wessels,1,DOT1L+MED24,combo_seen2,100,factorized_only,0.8647543551797673,0.10141992104650505
Wessels,1,DOT1L+MED24,combo_seen2,5000,WitnessCell,0.7533365438880386,0.004846598866766631
Wessels,1,DOT1L+MED24,combo_seen2,5000,factorized_only,0.6354848140699021,0.005992003656913373
Wessels,1,DOT1L+RCOR1,combo_seen2,100,WitnessCell,0.9570657967652052,0.002919092887089662
Wessels,1,DOT1L+RCOR1,combo_seen2,100,factorized_only,0.905065174839846,0.00709790654844729
Wessels,1,DOT1L+RCOR1,combo_seen2,5000,WitnessCell,0.7478582494621804,0.001024195433139854
Wessels,1,DOT1L+RCOR1,combo_seen2,5000,factorized_only,0.5579941838685744,0.0032385748030839827
Wessels,1,DOT1L+SMARCD1,combo_seen2,100,WitnessCell,0.9787520311498097,0.007552819699249535
Wessels,1,DOT1L+SMARCD1,combo_seen2,100,factorized_only,0.9474267248635422,0.011728418057701554
Wessels,1,DOT1L+SMARCD1,combo_seen2,5000,WitnessCell,0.8718282064745254,0.0011614580373264824
Wessels,1,DOT1L+SMARCD1,combo_seen2,5000,factorized_only,0.7274350267479991,0.0031488993705495465
Wessels,1,EP300+GATA2,combo_seen2,100,WitnessCell,0.9848607438574529,0.003436443060957684
Wessels,1,EP300+GATA2,combo_seen2,100,factorized_only,0.9496227861505354,0.027733425890554796
Wessels,1,EP300+GATA2,combo_seen2,5000,WitnessCell,0.9183390348093843,0.0009423227467643114
Wessels,1,EP300+GATA2,combo_seen2,5000,factorized_only,0.8447860309549523,0.0036620585348200066
Wessels,1,EP300+GSE1,combo_seen2,100,WitnessCell,0.9407455600913845,0.012756338554664097
Wessels,1,EP300+GSE1,combo_seen2,100,factorized_only,0.9326735874496805,0.021270690296417774
Wessels,1,EP300+GSE1,combo_seen2,5000,WitnessCell,0.726800189416917,0.003814979321076951
Wessels,1,EP300+GSE1,combo_seen2,5000,factorized_only,0.6975318417154978,0.0061752881293237975
Wessels,1,EP300+MED24,combo_seen2,100,WitnessCell,0.9587450487772692,0.03249851537550114
Wessels,1,EP300+MED24,combo_seen2,100,factorized_only,0.9550913893539734,0.025696158634375462
Wessels,1,EP300+MED24,combo_seen2,5000,WitnessCell,0.8752688559073617,0.0026610083947955897
Wessels,1,EP300+MED24,combo_seen2,5000,factorized_only,0.8359920450757964,0.003839781583086044
Wessels,1,EP300+MYB,combo_seen2,100,WitnessCell,0.8355520598588613,0.11328211299980678
Wessels,1,EP300+MYB,combo_seen2,100,factorized_only,0.8348563573277905,0.10312761475806381
Wessels,1,EP300+MYB,combo_seen2,5000,WitnessCell,0.7126770190148395,0.0070042168109336785
Wessels,1,EP300+MYB,combo_seen2,5000,factorized_only,0.6871967681330192,0.008235893543108651
Wessels,1,EP300+SSRP1,combo_seen2,100,WitnessCell,0.9866610630316341,0.006349435125478075
Wessels,1,EP300+SSRP1,combo_seen2,100,factorized_only,0.977431161097805,0.011079456475851767
Wessels,1,EP300+SSRP1,combo_seen2,5000,WitnessCell,0.8971076271751428,0.0017112800739826515
Wessels,1,EP300+SSRP1,combo_seen2,5000,factorized_only,0.8635663578259456,0.0030208551910679334
Wessels,1,FLI1+MED24,combo_seen2,100,WitnessCell,0.9506203221447043,0.04058857734257348
Wessels,1,FLI1+MED24,combo_seen2,100,factorized_only,0.9458279445683834,0.0406119106737737
Wessels,1,FLI1+MED24,combo_seen2,5000,WitnessCell,0.861607616598476,0.0033174511034778143
Wessels,1,FLI1+MED24,combo_seen2,5000,factorized_only,0.82803516929453,0.004044010071582772
Wessels,1,GATA2+SSRP1,combo_seen2,100,WitnessCell,0.855762734512358,0.005208554273503413
Wessels,1,GATA2+SSRP1,combo_seen2,100,factorized_only,0.8093456825822724,0.007020816337632587
Wessels,1,GATA2+SSRP1,combo_seen2,5000,WitnessCell,0.5304479843555829,0.002069248829171996
Wessels,1,GATA2+SSRP1,combo_seen2,5000,factorized_only,0.5334693854535125,0.002942592054662099
Wessels,1,HDAC3+MED24,combo_seen2,100,WitnessCell,0.8541179356607236,0.10452520143041859
Wessels,1,HDAC3+MED24,combo_seen2,100,factorized_only,0.8268836117557089,0.10393631215224536
Wessels,1,HDAC3+MED24,combo_seen2,5000,WitnessCell,0.6649782658978795,0.006542937639144528
Wessels,1,HDAC3+MED24,combo_seen2,5000,factorized_only,0.6260724650742769,0.007200500676795479
Wessels,1,KDM1A+RING1,combo_seen2,100,WitnessCell,0.990034160142451,0.013652356022653753
Wessels,1,KDM1A+RING1,combo_seen2,100,factorized_only,0.6651685363298122,0.2639463964326426
Wessels,1,KDM1A+RING1,combo_seen2,5000,WitnessCell,0.9491070210698402,0.0013034133932627793
Wessels,1,KDM1A+RING1,combo_seen2,5000,factorized_only,0.42996544992065155,0.010323426558612871
Wessels,1,SMARCA5+SMARCD1,combo_seen2,100,WitnessCell,0.9502647623900197,0.012688357790736047
Wessels,1,SMARCA5+SMARCD1,combo_seen2,100,factorized_only,0.9510838671593593,0.019396518766760785
Wessels,1,SMARCA5+SMARCD1,combo_seen2,5000,WitnessCell,0.7759190890851639,0.0025884403110946613
Wessels,1,SMARCA5+SMARCD1,combo_seen2,5000,factorized_only,0.7390128117618265,0.004362248204313911
Wessels,1,SMARCD1+SSRP1,combo_seen2,100,WitnessCell,0.957718117204201,0.008468236343083625
Wessels,1,SMARCD1+SSRP1,combo_seen2,100,factorized_only,0.9046941400605977,0.017043738073732672
Wessels,1,SMARCD1+SSRP1,combo_seen2,5000,WitnessCell,0.759814411919579,0.0018881225333826413
Wessels,1,SMARCD1+SSRP1,combo_seen2,5000,factorized_only,0.6756944523736277,0.0037477323081586823
Wessels,1,GFI1,unseen_single,100,WitnessCell,0.5893888760369151,0.2184041816216128
Wessels,1,GFI1,unseen_single,100,factorized_only,0.5893888760369151,0.2184041816216128
Wessels,1,GFI1,unseen_single,5000,WitnessCell,0.5291278390664266,0.0066903029929489604
Wessels,1,GFI1,unseen_single,5000,factorized_only,0.5291278390664266,0.0066903029929489604
Wessels,1,INTS1,unseen_single,100,WitnessCell,-0.29291263496034825,0.04972727198140906
Wessels,1,INTS1,unseen_single,100,factorized_only,-0.29291263496034825,0.04972727198140906
Wessels,1,INTS1,unseen_single,5000,WitnessCell,0.004459129760426682,0.0024845049633554213
Wessels,1,INTS1,unseen_single,5000,factorized_only,0.004459129760426682,0.0024845049633554213
Wessels,1,GFI1+INTS1,combo_seen0,100,WitnessCell,0.33242707256267023,0.30311664077555583
Wessels,1,GFI1+INTS1,combo_seen0,100,factorized_only,0.33242707256267023,0.30311664077555583
Wessels,1,GFI1+INTS1,combo_seen0,5000,WitnessCell,0.368568754091659,0.008333094404877416
Wessels,1,GFI1+INTS1,combo_seen0,5000,factorized_only,0.368568754091659,0.008333094404877416
Wessels,1,IKZF1+INTS1,combo_seen0,100,WitnessCell,0.3364357811002869,0.03628629038711205
Wessels,1,IKZF1+INTS1,combo_seen0,100,factorized_only,0.3364357811002869,0.03628629038711205
Wessels,1,IKZF1+INTS1,combo_seen0,5000,WitnessCell,0.2657115277723671,0.003970400445185063
Wessels,1,IKZF1+INTS1,combo_seen0,5000,factorized_only,0.2657115277723671,0.003970400445185063
Wessels,1,MED13L+MED14,combo_seen0,100,WitnessCell,0.8914215170803195,0.15482577200640046
Wessels,1,MED13L+MED14,combo_seen0,100,factorized_only,0.8914215170803195,0.15482577200640046
Wessels,1,MED13L+MED14,combo_seen0,5000,WitnessCell,0.7266235774917,0.007830189085900554
Wessels,1,MED13L+MED14,combo_seen0,5000,factorized_only,0.7266235774917,0.007830189085900554
Wessels,2,DOT1L+IKZF1,combo_seen1,100,WitnessCell,0.9176622650097069,0.007487864282495687
Wessels,2,DOT1L+IKZF1,combo_seen1,100,factorized_only,0.898777332969422,0.009066635281235661
Wessels,2,DOT1L+IKZF1,combo_seen1,5000,WitnessCell,0.6489761224729105,0.002081969047286331
Wessels,2,DOT1L+IKZF1,combo_seen1,5000,factorized_only,0.5539396095071847,0.002897028041540633
Wessels,2,DOT1L+RCOR1,combo_seen1,100,WitnessCell,0.9522768736154256,0.005340085711474922
Wessels,2,DOT1L+RCOR1,combo_seen1,100,factorized_only,0.9413075804511352,0.004693896078364148
Wessels,2,DOT1L+RCOR1,combo_seen1,5000,WitnessCell,0.7265830730084413,0.0016187351977331647
Wessels,2,DOT1L+RCOR1,combo_seen1,5000,factorized_only,0.6491492028815864,0.002276357141908536
Wessels,2,EP300+IKZF1,combo_seen1,100,WitnessCell,0.9584615500014562,0.00872178358308599
Wessels,2,EP300+IKZF1,combo_seen1,100,factorized_only,0.9246501104308141,0.015789616642930618
Wessels,2,EP300+IKZF1,combo_seen1,5000,WitnessCell,0.8217809872945656,0.002187398092250617
Wessels,2,EP300+IKZF1,combo_seen1,5000,factorized_only,0.7313978917823758,0.004223519080336207
Wessels,2,EP300+RCOR1,combo_seen1,100,WitnessCell,0.972430324762822,0.019490237477674286
Wessels,2,EP300+RCOR1,combo_seen1,100,factorized_only,0.9761543748225024,0.015009842472968049
Wessels,2,EP300+RCOR1,combo_seen1,5000,WitnessCell,0.8984132011080365,0.0018609263536432852
Wessels,2,EP300+RCOR1,combo_seen1,5000,factorized_only,0.8255611682725286,0.0032274259758908017
Wessels,2,FLI1+IKZF1,combo_seen1,100,WitnessCell,0.97964604116719,0.00968775610877753
Wessels,2,FLI1+IKZF1,combo_seen1,100,factorized_only,0.9689179107369662,0.027066394551710928
Wessels,2,FLI1+IKZF1,combo_seen1,5000,WitnessCell,0.9109322831370738,0.0015580986931206019
Wessels,2,FLI1+IKZF1,combo_seen1,5000,factorized_only,0.8594030803628276,0.0023269267724408357
Wessels,2,FLI1+RCOR1,combo_seen1,100,WitnessCell,0.9828352332019284,0.01411461598043279
Wessels,2,FLI1+RCOR1,combo_seen1,100,factorized_only,0.9741606131871329,0.007846655895006594
Wessels,2,FLI1+RCOR1,combo_seen1,5000,WitnessCell,0.9314006547018266,0.0012896041833641235
Wessels,2,FLI1+RCOR1,combo_seen1,5000,factorized_only,0.9020139836943171,0.0013762520034201762
Wessels,2,GATA2+IKZF1,combo_seen1,100,WitnessCell,0.8882282007695673,0.008151804760114458
Wessels,2,GATA2+IKZF1,combo_seen1,100,factorized_only,0.8753326363454351,0.011115344092821142
Wessels,2,GATA2+IKZF1,combo_seen1,5000,WitnessCell,0.6686393866194458,0.0014470424799334436
Wessels,2,GATA2+IKZF1,combo_seen1,5000,factorized_only,0.636673203522649,0.002775878092697497
Wessels,2,GATA2+RCOR1,combo_seen1,100,WitnessCell,0.9286772007782546,0.004582698919873706
Wessels,2,GATA2+RCOR1,combo_seen1,100,factorized_only,0.9472118453667766,0.00913301196603138
Wessels,2,GATA2+RCOR1,combo_seen1,5000,WitnessCell,0.7222594202826159,0.0011957866333701936
Wessels,2,GATA2+RCOR1,combo_seen1,5000,factorized_only,0.734208973405817,0.0022862045498887314
Wessels,2,GFI1+RCOR1,combo_seen1,100,WitnessCell,0.9726507652166871,0.0144712660763755
Wessels,2,GFI1+RCOR1,combo_seen1,100,factorized_only,0.9268213501989123,0.04236233213851517
Wessels,2,GFI1+RCOR1,combo_seen1,5000,WitnessCell,0.8926584741982108,0.0017608809423654654
Wessels,2,GFI1+RCOR1,combo_seen1,5000,factorized_only,0.7888789732041436,0.003636131194143996
Wessels,2,GSE1+IKZF1,combo_seen1,100,WitnessCell,0.969245657496906,0.008535924340791572
Wessels,2,GSE1+IKZF1,combo_seen1,100,factorized_only,0.9465896984625272,0.019136692009189764
Wessels,2,GSE1+IKZF1,combo_seen1,5000,WitnessCell,0.8054810960849987,0.002110196251774833
Wessels,2,GSE1+IKZF1,combo_seen1,5000,factorized_only,0.703902683649477,0.0030913053544173543
Wessels,2,GSE1+RCOR1,combo_seen1,100,WitnessCell,0.9727991528188172,0.009125226470226344
Wessels,2,GSE1+RCOR1,combo_seen1,100,factorized_only,0.9363542531483179,0.013397412305954292
Wessels,2,GSE1+RCOR1,combo_seen1,5000,WitnessCell,0.8199995662848637,0.0019063752967248043
Wessels,2,GSE1+RCOR1,combo_seen1,5000,factorized_only,0.741027305597706,0.002509086860641828
Wessels,2,HDAC3+IKZF1,combo_seen1,100,WitnessCell,0.9268655978730455,0.01195803569380315
Wessels,2,HDAC3+IKZF1,combo_seen1,100,factorized_only,0.9187303219538625,0.014039162242465804
Wessels,2,HDAC3+IKZF1,combo_seen1,5000,WitnessCell,0.6811349653234949,0.0027802553860315506
Wessels,2,HDAC3+IKZF1,combo_seen1,5000,factorized_only,0.5406544520894802,0.004336169264100269
Wessels,2,IKZF1+INTS1,combo_seen1,100,WitnessCell,0.46364379503588815,0.03211410340458985
Wessels,2,IKZF1+INTS1,combo_seen1,100,factorized_only,0.46364379503588815,0.03211410340458985
Wessels,2,IKZF1+INTS1,combo_seen1,5000,WitnessCell,0.29960695203531035,0.004579033030443037
Wessels,2,IKZF1+INTS1,combo_seen1,5000,factorized_only,0.29960695203531035,0.004579033030443037
Wessels,2,IKZF1+KDM1A,combo_seen1,100,WitnessCell,0.9753407136996851,0.018645440348249658
Wessels,2,IKZF1+KDM1A,combo_seen1,100,factorized_only,0.8289355223140782,0.1681903702925946
Wessels,2,IKZF1+KDM1A,combo_seen1,5000,WitnessCell,0.9223453274047126,0.001676735067834423
Wessels,2,IKZF1+KDM1A,combo_seen1,5000,factorized_only,0.7269037140682072,0.005299471886372386
Wessels,2,IKZF1+MED24,combo_seen1,100,WitnessCell,0.9850521680872729,0.008716629048600126
Wessels,2,IKZF1+MED24,combo_seen1,100,factorized_only,0.9843707488804092,0.011262101764758004
Wessels,2,IKZF1+MED24,combo_seen1,5000,WitnessCell,0.9328184330861414,0.0015294330586795525
Wessels,2,IKZF1+MED24,combo_seen1,5000,factorized_only,0.8943078746049361,0.002504171054058655
Wessels,2,IKZF1+SMARCD1,combo_seen1,100,WitnessCell,0.9278257511910138,0.01319437499279534
Wessels,2,IKZF1+SMARCD1,combo_seen1,100,factorized_only,0.9072271435113856,0.016651962291211526
Wessels,2,IKZF1+SMARCD1,combo_seen1,5000,WitnessCell,0.7997389886393766,0.0016284602581467908
Wessels,2,IKZF1+SMARCD1,combo_seen1,5000,factorized_only,0.70838325084646,0.0029931150694927923
Wessels,2,INTS1+RCOR1,combo_seen1,100,WitnessCell,0.3395856450549837,0.03772759862328562
Wessels,2,INTS1+RCOR1,combo_seen1,100,factorized_only,0.3395856450549837,0.03772759862328562
Wessels,2,INTS1+RCOR1,combo_seen1,5000,WitnessCell,0.3177185277500126,0.004376547340673922
Wessels,2,INTS1+RCOR1,combo_seen1,5000,factorized_only,0.3177185277500126,0.004376547340673922
Wessels,2,KDM1A+RCOR1,combo_seen1,100,WitnessCell,0.9822812964382972,0.022010555491303978
Wessels,2,KDM1A+RCOR1,combo_seen1,100,factorized_only,0.8835401323659766,0.1687069485806951
Wessels,2,KDM1A+RCOR1,combo_seen1,5000,WitnessCell,0.9155834997355236,0.002262098446227759
Wessels,2,KDM1A+RCOR1,combo_seen1,5000,factorized_only,0.7429865079174987,0.00650129740088503
Wessels,2,MED13L+MED14,combo_seen1,100,WitnessCell,0.9582286978060953,0.09171279278051819
Wessels,2,MED13L+MED14,combo_seen1,100,factorized_only,0.9371471357004346,0.12862434355165564
Wessels,2,MED13L+MED14,combo_seen1,5000,WitnessCell,0.8197911306505108,0.005328850622656006
Wessels,2,MED13L+MED14,combo_seen1,5000,factorized_only,0.7814068940667493,0.006543455960599709
Wessels,2,MED13L+MED19,combo_seen1,100,WitnessCell,0.9718450820713314,0.05825374375630027
Wessels,2,MED13L+MED19,combo_seen1,100,factorized_only,0.958114484422874,0.07651396505311416
Wessels,2,MED13L+MED19,combo_seen1,5000,WitnessCell,0.8099763136100709,0.004192804006648246
Wessels,2,MED13L+MED19,combo_seen1,5000,factorized_only,0.7660727562382829,0.004991504090227783
Wessels,2,MED13L+MED24,combo_seen1,100,WitnessCell,0.9892084040453121,0.015566818085565391
Wessels,2,MED13L+MED24,combo_seen1,100,factorized_only,0.9851338545597278,0.024721804091969984
Wessels,2,MED13L+MED24,combo_seen1,5000,WitnessCell,0.9277801438821116,0.001995032272777557
Wessels,2,MED13L+MED24,combo_seen1,5000,factorized_only,0.8740210449709314,0.003374431181369586
Wessels,2,MED14+MED22,combo_seen1,100,WitnessCell,0.9678107938087082,0.064942585413656
Wessels,2,MED14+MED22,combo_seen1,100,factorized_only,0.9384100413657992,0.10483121716402241
Wessels,2,MED14+MED22,combo_seen1,5000,WitnessCell,0.815822708281058,0.0055163692906627666
Wessels,2,MED14+MED22,combo_seen1,5000,factorized_only,0.7534171039920669,0.007144295960190898
Wessels,2,MED16+MED19,combo_seen1,100,WitnessCell,0.9697824038430558,0.063117757219536
Wessels,2,MED16+MED19,combo_seen1,100,factorized_only,0.9424155052897593,0.08833049858157739
Wessels,2,MED16+MED19,combo_seen1,5000,WitnessCell,0.8152360150275081,0.004465353740388074
Wessels,2,MED16+MED19,combo_seen1,5000,factorized_only,0.7502293774146117,0.0056300997564487166
Wessels,2,MED16+MED24,combo_seen1,100,WitnessCell,0.9848735324665623,0.013718428330817661
Wessels,2,MED16+MED24,combo_seen1,100,factorized_only,0.9857594910498085,0.009052893119768373
Wessels,2,MED16+MED24,combo_seen1,5000,WitnessCell,0.9193112092744767,0.002127887993639357
Wessels,2,MED16+MED24,combo_seen1,5000,factorized_only,0.8704757352486915,0.0033114813797364803
Wessels,2,MED19+MED22,combo_seen1,100,WitnessCell,0.9758016165795008,0.06497070930914284
Wessels,2,MED19+MED22,combo_seen1,100,factorized_only,0.9560206520909027,0.08621819377846031
Wessels,2,MED19+MED22,combo_seen1,5000,WitnessCell,0.839260907313109,0.0044324708215353606
Wessels,2,MED19+MED22,combo_seen1,5000,factorized_only,0.7884310553079961,0.005436788780645169
Wessels,2,MED22+MED24,combo_seen1,100,WitnessCell,0.9942305617550938,0.0049209409649413486
Wessels,2,MED22+MED24,combo_seen1,100,factorized_only,0.9888184785772556,0.011347465197898206
Wessels,2,MED22+MED24,combo_seen1,5000,WitnessCell,0.9519885631680484,0.001104767520808515
Wessels,2,MED22+MED24,combo_seen1,5000,factorized_only,0.8950028819448667,0.002496823965675717
Wessels,2,MED24+RCOR1,combo_seen1,100,WitnessCell,0.9906703244977401,0.0048457818033987785
Wessels,2,MED24+RCOR1,combo_seen1,100,factorized_only,0.9884240973817704,0.0069529578016607595
Wessels,2,MED24+RCOR1,combo_seen1,5000,WitnessCell,0.9428097679249725,0.0012361730475246328
Wessels,2,MED24+RCOR1,combo_seen1,5000,factorized_only,0.8958649834777127,0.002404078954683171
Wessels,2,RCOR1+RING1,combo_seen1,100,WitnessCell,0.8490612951502297,0.00950432359810527
Wessels,2,RCOR1+RING1,combo_seen1,100,factorized_only,0.8363389689370331,0.008626451835938137
Wessels,2,RCOR1+RING1,combo_seen1,5000,WitnessCell,0.6327780145976252,0.0021196782851428983
Wessels,2,RCOR1+RING1,combo_seen1,5000,factorized_only,0.4583671292699584,0.003162824333854656
Wessels,2,RCOR1+SMARCD1,combo_seen1,100,WitnessCell,0.948564331406184,0.007621747520755202
Wessels,2,RCOR1+SMARCD1,combo_seen1,100,factorized_only,0.9422098828682198,0.008796306743886099
Wessels,2,RCOR1+SMARCD1,combo_seen1,5000,WitnessCell,0.7591301468874436,0.0018936012452950997
Wessels,2,RCOR1+SMARCD1,combo_seen1,5000,factorized_only,0.6927363531466703,0.003117482855033269
Wessels,2,SUPT5H+SUPT6H,combo_seen1,100,WitnessCell,0.9072610288412263,0.012154004795301893
Wessels,2,SUPT5H+SUPT6H,combo_seen1,100,factorized_only,0.8961433179898345,0.013364586804941167
Wessels,2,SUPT5H+SUPT6H,combo_seen1,5000,WitnessCell,0.7534620453387905,0.0018633118852925683
Wessels,2,SUPT5H+SUPT6H,combo_seen1,5000,factorized_only,0.7385626025462418,0.0021751408156730446
Wessels,2,DOT1L+GSE1,combo_seen2,100,WitnessCell,0.9813949371439983,0.013141293135877087
Wessels,2,DOT1L+GSE1,combo_seen2,100,factorized_only,0.930467833592167,0.055356624898637866
Wessels,2,DOT1L+GSE1,combo_seen2,5000,WitnessCell,0.8883078445076982,0.0013356915864142312
Wessels,2,DOT1L+GSE1,combo_seen2,5000,factorized_only,0.6845838704430667,0.0035626994976915155
Wessels,2,DOT1L+KDM1A,combo_seen2,100,WitnessCell,0.9847552841004356,0.05540540805848754
Wessels,2,DOT1L+KDM1A,combo_seen2,100,factorized_only,0.7432181771764865,0.3302081160178825
Wessels,2,DOT1L+KDM1A,combo_seen2,5000,WitnessCell,0.9620388642573716,0.001986872436278291
Wessels,2,DOT1L+KDM1A,combo_seen2,5000,factorized_only,0.6376793184906172,0.009797366128308341
Wessels,2,EP300+HDAC3,combo_seen2,100,WitnessCell,0.9787481398412029,0.009493112637852361
Wessels,2,EP300+HDAC3,combo_seen2,100,factorized_only,0.9534763506934582,0.012372072698597483
Wessels,2,EP300+HDAC3,combo_seen2,5000,WitnessCell,0.8743448483871804,0.0012255773600350402
Wessels,2,EP300+HDAC3,combo_seen2,5000,factorized_only,0.7566752860826816,0.003810858796259493
Wessels,2,EP300+RING1,combo_seen2,100,WitnessCell,0.9785857642602113,0.008867810572691003
Wessels,2,EP300+RING1,combo_seen2,100,factorized_only,0.9499818760106321,0.0291884838732263
Wessels,2,EP300+RING1,combo_seen2,5000,WitnessCell,0.907611801966004,0.0013602515637064338
Wessels,2,EP300+RING1,combo_seen2,5000,factorized_only,0.7300457523905541,0.0038256718780860736
Wessels,2,EP300+SSRP1,combo_seen2,100,WitnessCell,0.9772048552848077,0.016406594988845096
Wessels,2,EP300+SSRP1,combo_seen2,100,factorized_only,0.98062301966086,0.010801266431803895
Wessels,2,EP300+SSRP1,combo_seen2,5000,WitnessCell,0.8766736606068295,0.0020192870711831378
Wessels,2,EP300+SSRP1,combo_seen2,5000,factorized_only,0.8418923460672483,0.002801129937457866
Wessels,2,FLI1+SMARCD1,combo_seen2,100,WitnessCell,0.961410017159325,0.01838068750924462
Wessels,2,FLI1+SMARCD1,combo_seen2,100,factorized_only,0.97515207284324,0.01460009480038571
Wessels,2,FLI1+SMARCD1,combo_seen2,5000,WitnessCell,0.9293716566504793,0.0011693970027244192
Wessels,2,FLI1+SMARCD1,combo_seen2,5000,factorized_only,0.8608885931504361,0.002262881373295096
Wessels,2,GATA2+GSE1,combo_seen2,100,WitnessCell,0.9877783922466649,0.012296781385013182
Wessels,2,GATA2+GSE1,combo_seen2,100,factorized_only,0.934513837990233,0.03234895730501916
Wessels,2,GATA2+GSE1,combo_seen2,5000,WitnessCell,0.9075385686915545,0.0010579288596209888
Wessels,2,GATA2+GSE1,combo_seen2,5000,factorized_only,0.7808893484170526,0.0024588460466556596
Wessels,2,GATA2+KDM1A,combo_seen2,100,WitnessCell,0.9897266733499612,0.018415481255549888
Wessels,2,GATA2+KDM1A,combo_seen2,100,factorized_only,0.8194041612661955,0.1636529920258833
Wessels,2,GATA2+KDM1A,combo_seen2,5000,WitnessCell,0.9615021554259187,0.0010421051576798067
Wessels,2,GATA2+KDM1A,combo_seen2,5000,factorized_only,0.7512607063625092,0.0048988948361270435
Wessels,2,GATA2+MED24,combo_seen2,100,WitnessCell,0.9941735974096128,0.009637723236734303
Wessels,2,GATA2+MED24,combo_seen2,100,factorized_only,0.9886190032455836,0.006530261402418714
Wessels,2,GATA2+MED24,combo_seen2,5000,WitnessCell,0.9656791869193437,0.00081945039596167
Wessels,2,GATA2+MED24,combo_seen2,5000,factorized_only,0.9170136212654986,0.0019220729836178685
Wessels,2,GATA2+RING1,combo_seen2,100,WitnessCell,0.9103352386776956,0.00573707832036755
Wessels,2,GATA2+RING1,combo_seen2,100,factorized_only,0.9148461586009178,0.004896661999931655
Wessels,2,GATA2+RING1,combo_seen2,5000,WitnessCell,0.7138268988163217,0.0009573436556994153
Wessels,2,GATA2+RING1,combo_seen2,5000,factorized_only,0.5587449174624074,0.0024475139032979955
Wessels,2,GATA2+SMARCD1,combo_seen2,100,WitnessCell,0.9787084224026635,0.0027966794316123082
Wessels,2,GATA2+SMARCD1,combo_seen2,100,factorized_only,0.9615873213293301,0.007080756690751152
Wessels,2,GATA2+SMARCD1,combo_seen2,5000,WitnessCell,0.8861270104589841,0.0006033831760922549
Wessels,2,GATA2+SMARCD1,combo_seen2,5000,factorized_only,0.7905764667832,0.0023080783181355946
Wessels,2,GFI1+GSE1,combo_seen2,100,WitnessCell,0.9818478820385538,0.023609870106918635
Wessels,2,GFI1+GSE1,combo_seen2,100,factorized_only,0.9375266417858905,0.08964992306701353
Wessels,2,GFI1+GSE1,combo_seen2,5000,WitnessCell,0.9179600127082491,0.0020219894781645696
Wessels,2,GFI1+GSE1,combo_seen2,5000,factorized_only,0.804060102311295,0.004595906115178373
Wessels,2,GFI1+HDAC3,combo_seen2,100,WitnessCell,0.9727723519378423,0.0681040255353118
Wessels,2,GFI1+HDAC3,combo_seen2,100,factorized_only,0.9204014976601465,0.16835525825386832
Wessels,2,GFI1+HDAC3,combo_seen2,5000,WitnessCell,0.9376160489304616,0.002127221604574951
Wessels,2,GFI1+HDAC3,combo_seen2,5000,factorized_only,0.7323057238468094,0.0067139509817438605
Wessels,2,GFI1+RING1,combo_seen2,100,WitnessCell,0.9892676815156186,0.00990873890473732
Wessels,2,GFI1+RING1,combo_seen2,100,factorized_only,0.9352743848058408,0.0621271663222225
Wessels,2,GFI1+RING1,combo_seen2,5000,WitnessCell,0.9435274449907425,0.0009682041637097482
Wessels,2,GFI1+RING1,combo_seen2,5000,factorized_only,0.7657710070898928,0.0037151277741843593
Wessels,2,GSE1+HDAC3,combo_seen2,100,WitnessCell,0.9634735565770358,0.04092164171344929
Wessels,2,GSE1+HDAC3,combo_seen2,100,factorized_only,0.9161919149285185,0.09858024169121891
Wessels,2,GSE1+HDAC3,combo_seen2,5000,WitnessCell,0.9094933432181386,0.0017428713879544119
Wessels,2,GSE1+HDAC3,combo_seen2,5000,factorized_only,0.7324903871226223,0.004478225391999708
Wessels,2,GSE1+KDM1A,combo_seen2,100,WitnessCell,0.988612094480806,0.012018946755112897
Wessels,2,GSE1+KDM1A,combo_seen2,100,factorized_only,0.9357397887381091,0.11471978842340853
Wessels,2,GSE1+KDM1A,combo_seen2,5000,WitnessCell,0.9460204274421392,0.0014720284033454794
Wessels,2,GSE1+KDM1A,combo_seen2,5000,factorized_only,0.7730620656286049,0.0046363660246202575
Wessels,2,INTS1+RING1,combo_seen2,100,WitnessCell,0.5093048290923989,0.0442229576883345
Wessels,2,INTS1+RING1,combo_seen2,100,factorized_only,0.4867890940836761,0.043874487482460804
Wessels,2,INTS1+RING1,combo_seen2,5000,WitnessCell,0.3931441838976206,0.003583722859051418
Wessels,2,INTS1+RING1,combo_seen2,5000,factorized_only,0.37096056375336567,0.003773025532473734
Wessels,2,INTS1+SSRP1,combo_seen2,100,WitnessCell,0.7331134169029703,0.02100245798377928
Wessels,2,INTS1+SSRP1,combo_seen2,100,factorized_only,0.599965058023326,0.03036791558837134
Wessels,2,INTS1+SSRP1,combo_seen2,5000,WitnessCell,0.5415126774913236,0.002556505089709677
Wessels,2,INTS1+SSRP1,combo_seen2,5000,factorized_only,0.4771573177146138,0.0036773447701003176
Wessels,2,MED24+RING1,combo_seen2,100,WitnessCell,0.990337930627701,0.01274611264853049
Wessels,2,MED24+RING1,combo_seen2,100,factorized_only,0.9730575430274957,0.03554034666080866
Wessels,2,MED24+RING1,combo_seen2,5000,WitnessCell,0.9546224254314934,0.0012813278921725202
Wessels,2,MED24+RING1,combo_seen2,5000,factorized_only,0.8280664406934032,0.004029342455434055
Wessels,2,MED24+SSRP1,combo_seen2,100,WitnessCell,0.9849584890761472,0.01399164909686746
Wessels,2,MED24+SSRP1,combo_seen2,100,factorized_only,0.9880652612714196,0.012455834073902826
Wessels,2,MED24+SSRP1,combo_seen2,5000,WitnessCell,0.9304878835110568,0.0017652358429242998
Wessels,2,MED24+SSRP1,combo_seen2,5000,factorized_only,0.9026553016404233,0.0024270067565980895
Wessels,2,RCOR1,unseen_single,100,WitnessCell,0.19164248840387504,0.0065262494349661
Wessels,2,RCOR1,unseen_single,100,factorized_only,0.19164248840387504,0.0065262494349661
Wessels,2,RCOR1,unseen_single,5000,WitnessCell,0.42675889368264663,0.0021213340244905735
Wessels,2,RCOR1,unseen_single,5000,factorized_only,0.42675889368264663,0.0021213340244905735
Wessels,2,IKZF1+RCOR1,combo_seen0,100,WitnessCell,0.8408187285104588,0.006188018240603332
Wessels,2,IKZF1+RCOR1,combo_seen0,100,factorized_only,0.8408187285104588,0.006188018240603332
Wessels,2,IKZF1+RCOR1,combo_seen0,5000,WitnessCell,0.4198773665817483,0.004219110322545719
Wessels,2,IKZF1+RCOR1,combo_seen0,5000,factorized_only,0.4198773665817483,0.004219110322545719
Wessels,2,MED13L+MED16,combo_seen0,100,WitnessCell,0.9502238975771911,0.02660987981809559
Wessels,2,MED13L+MED16,combo_seen0,100,factorized_only,0.9502238975771911,0.02660987981809559
Wessels,2,MED13L+MED16,combo_seen0,5000,WitnessCell,0.7593623329246209,0.0027604315878732998
Wessels,2,MED13L+MED16,combo_seen0,5000,factorized_only,0.7593623329246209,0.0027604315878732998
Wessels,2,MED13L+MED22,combo_seen0,100,WitnessCell,0.9424831698780279,0.04385323151452873
Wessels,2,MED13L+MED22,combo_seen0,100,factorized_only,0.9424831698780279,0.04385323151452873
Wessels,2,MED13L+MED22,combo_seen0,5000,WitnessCell,0.7524705709552943,0.003460908816414542
Wessels,2,MED13L+MED22,combo_seen0,5000,factorized_only,0.7524705709552943,0.003460908816414542
Wessels,2,MED16+MED22,combo_seen0,100,WitnessCell,0.9590056461647094,0.07309235892544624
Wessels,2,MED16+MED22,combo_seen0,100,factorized_only,0.9590056461647094,0.07309235892544624
Wessels,2,MED16+MED22,combo_seen0,5000,WitnessCell,0.796219359426468,0.004433586785387932
Wessels,2,MED16+MED22,combo_seen0,5000,factorized_only,0.796219359426468,0.004433586785387932
Wessels,3,DOT1L+FLI1,combo_seen1,100,WitnessCell,0.868930846077944,0.08343603432794616
Wessels,3,DOT1L+FLI1,combo_seen1,100,factorized_only,0.8210646294344359,0.084260079447639
Wessels,3,DOT1L+FLI1,combo_seen1,5000,WitnessCell,0.713351152322426,0.003873599341529095
Wessels,3,DOT1L+FLI1,combo_seen1,5000,factorized_only,0.6338594460921495,0.004835212235864457
Wessels,3,DOT1L+IKZF1,combo_seen1,100,WitnessCell,0.9107860687042756,0.00792681235246515
Wessels,3,DOT1L+IKZF1,combo_seen1,100,factorized_only,0.8869658061855259,0.01041546107452233
Wessels,3,DOT1L+IKZF1,combo_seen1,5000,WitnessCell,0.6419010130121117,0.001964856697897146
Wessels,3,DOT1L+IKZF1,combo_seen1,5000,factorized_only,0.5613447576571493,0.003370518130852228
Wessels,3,DOT1L+KDM1A,combo_seen1,100,WitnessCell,0.6913735122496726,0.34101069366766057
Wessels,3,DOT1L+KDM1A,combo_seen1,100,factorized_only,0.6605908907071695,0.33994998024242035
Wessels,3,DOT1L+KDM1A,combo_seen1,5000,WitnessCell,0.6952054300932647,0.009298718606323326
Wessels,3,DOT1L+KDM1A,combo_seen1,5000,factorized_only,0.6026686785744543,0.010216319020103991
Wessels,3,DOT1L+RING1,combo_seen1,100,WitnessCell,0.8922944130685633,0.011465821522167258
Wessels,3,DOT1L+RING1,combo_seen1,100,factorized_only,0.859023339757968,0.01545286068243451
Wessels,3,DOT1L+RING1,combo_seen1,5000,WitnessCell,0.743943763298084,0.0015064654842037075
Wessels,3,DOT1L+RING1,combo_seen1,5000,factorized_only,0.6450681512647592,0.0028678861306924383
Wessels,3,EP300+FLI1,combo_seen1,100,WitnessCell,0.9630347631063547,0.02048341395172139
Wessels,3,EP300+FLI1,combo_seen1,100,factorized_only,0.9419198774879743,0.023838587821417966
Wessels,3,EP300+FLI1,combo_seen1,5000,WitnessCell,0.8735105357145099,0.002336750804755147
Wessels,3,EP300+FLI1,combo_seen1,5000,factorized_only,0.8284718328898396,0.004235719269076309
Wessels,3,EP300+IKZF1,combo_seen1,100,WitnessCell,0.9590570198589292,0.009124342366918812
Wessels,3,EP300+IKZF1,combo_seen1,100,factorized_only,0.9263025762580087,0.025208427301847403
Wessels,3,EP300+IKZF1,combo_seen1,5000,WitnessCell,0.8214482445524955,0.0024163908671038436
Wessels,3,EP300+IKZF1,combo_seen1,5000,factorized_only,0.752690742650089,0.006025039796333869
Wessels,3,EP300+KDM1A,combo_seen1,100,WitnessCell,0.9420410527525206,0.026306559879393468
Wessels,3,EP300+KDM1A,combo_seen1,100,factorized_only,0.931221205726147,0.029619427478612986
Wessels,3,EP300+KDM1A,combo_seen1,5000,WitnessCell,0.855753956289273,0.0026298195846358677
Wessels,3,EP300+KDM1A,combo_seen1,5000,factorized_only,0.8178215836491034,0.004482099522525429
Wessels,3,EP300+RING1,combo_seen1,100,WitnessCell,0.9760512197175624,0.006626253503086254
Wessels,3,EP300+RING1,combo_seen1,100,factorized_only,0.959177063660577,0.026801283230834316
Wessels,3,EP300+RING1,combo_seen1,5000,WitnessCell,0.9030285337872386,0.0014558877288520474
Wessels,3,EP300+RING1,combo_seen1,5000,factorized_only,0.8534771779713273,0.00381300564850676
Wessels,3,FLI1+GATA2,combo_seen1,100,WitnessCell,0.7402495889329944,0.08691193462206848
Wessels,3,FLI1+GATA2,combo_seen1,100,factorized_only,0.7400030034720335,0.07663316298209968
Wessels,3,FLI1+GATA2,combo_seen1,5000,WitnessCell,0.6453381897907516,0.00371139188340074
Wessels,3,FLI1+GATA2,combo_seen1,5000,factorized_only,0.6560858739932707,0.004243563480383093
Wessels,3,FLI1+GFI1,combo_seen1,100,WitnessCell,0.8027226468465762,0.22231263745127916
Wessels,3,FLI1+GFI1,combo_seen1,100,factorized_only,0.8027226468465762,0.22231263745127916
Wessels,3,FLI1+GFI1,combo_seen1,5000,WitnessCell,0.6700969940697694,0.008647185487754878
Wessels,3,FLI1+GFI1,combo_seen1,5000,factorized_only,0.6700969940697694,0.008647185487754878
Wessels,3,FLI1+GSE1,combo_seen1,100,WitnessCell,0.9251498460003119,0.07164253688888954
Wessels,3,FLI1+GSE1,combo_seen1,100,factorized_only,0.9207364116255989,0.06545971051339784
Wessels,3,FLI1+GSE1,combo_seen1,5000,WitnessCell,0.6896803915719412,0.005551130670701688
Wessels,3,FLI1+GSE1,combo_seen1,5000,factorized_only,0.6635642147460932,0.006352858804782203
Wessels,3,FLI1+HDAC3,combo_seen1,100,WitnessCell,0.6887660412254145,0.12893138030612994
Wessels,3,FLI1+HDAC3,combo_seen1,100,factorized_only,0.650749028391662,0.13412170157647205
Wessels,3,FLI1+HDAC3,combo_seen1,5000,WitnessCell,0.6644981710695392,0.0050113176493941656
Wessels,3,FLI1+HDAC3,combo_seen1,5000,factorized_only,0.6031644924899253,0.006360782829126011
Wessels,3,FLI1+INTS1,combo_seen1,100,WitnessCell,0.3472492010004472,0.11175897276106031
Wessels,3,FLI1+INTS1,combo_seen1,100,factorized_only,0.3089646806903609,0.11529633403984868
Wessels,3,FLI1+INTS1,combo_seen1,5000,WitnessCell,0.5339385092584028,0.003876850130182548
Wessels,3,FLI1+INTS1,combo_seen1,5000,factorized_only,0.45285550420001686,0.004685710905561611
Wessels,3,FLI1+MED24,combo_seen1,100,WitnessCell,0.9724544983692809,0.01812203800017711
Wessels,3,FLI1+MED24,combo_seen1,100,factorized_only,0.9694204968621896,0.02430782990855219
Wessels,3,FLI1+MED24,combo_seen1,5000,WitnessCell,0.8916105762055483,0.0027233189415538073
Wessels,3,FLI1+MED24,combo_seen1,5000,factorized_only,0.8568296844114757,0.004995975546853062
Wessels,3,FLI1+RCOR1,combo_seen1,100,WitnessCell,0.8302361897513524,0.052822456117714245
Wessels,3,FLI1+RCOR1,combo_seen1,100,factorized_only,0.7687698315559565,0.06300314546994974
Wessels,3,FLI1+RCOR1,combo_seen1,5000,WitnessCell,0.7233562787263196,0.002755616137673485
Wessels,3,FLI1+RCOR1,combo_seen1,5000,factorized_only,0.6052248330664973,0.004403215364064671
Wessels,3,FLI1+SMARCD1,combo_seen1,100,WitnessCell,0.881390562067758,0.05907514635589977
Wessels,3,FLI1+SMARCD1,combo_seen1,100,factorized_only,0.8806712373187666,0.05228835330721397
Wessels,3,FLI1+SMARCD1,combo_seen1,5000,WitnessCell,0.75665325481561,0.0034727484023563526
Wessels,3,FLI1+SMARCD1,combo_seen1,5000,factorized_only,0.6878780357383236,0.0050296816695197125
Wessels,3,FLI1+SSRP1,combo_seen1,100,WitnessCell,0.8707954674823499,0.07541848292996929
Wessels,3,FLI1+SSRP1,combo_seen1,100,factorized_only,0.8824529005429029,0.06233622600576603
Wessels,3,FLI1+SSRP1,combo_seen1,5000,WitnessCell,0.6956792163392381,0.004383203422337273
Wessels,3,FLI1+SSRP1,combo_seen1,5000,factorized_only,0.6781285503351377,0.004800873592361997
Wessels,3,GATA2+IKZF1,combo_seen1,100,WitnessCell,0.8971804448166443,0.007830164869291506
Wessels,3,GATA2+IKZF1,combo_seen1,100,factorized_only,0.882693090881022,0.016110696098423263
Wessels,3,GATA2+IKZF1,combo_seen1,5000,WitnessCell,0.675728902978835,0.0016107318727887532
Wessels,3,GATA2+IKZF1,combo_seen1,5000,factorized_only,0.6459714843197781,0.0035143763164570524
Wessels,3,GATA2+KDM1A,combo_seen1,100,WitnessCell,0.7266253218143474,0.22017489777208854
Wessels,3,GATA2+KDM1A,combo_seen1,100,factorized_only,0.7225927819553689,0.18611649418988704
Wessels,3,GATA2+KDM1A,combo_seen1,5000,WitnessCell,0.6842968542707502,0.0061650782527119365
Wessels,3,GATA2+KDM1A,combo_seen1,5000,factorized_only,0.6807748041670737,0.005932764044387234
Wessels,3,GATA2+RING1,combo_seen1,100,WitnessCell,0.7457254333066629,0.011339857401404746
Wessels,3,GATA2+RING1,combo_seen1,100,factorized_only,0.7291574608517273,0.0156387269322358
Wessels,3,GATA2+RING1,combo_seen1,5000,WitnessCell,0.48187920064659334,0.0023456024741918425
Wessels,3,GATA2+RING1,combo_seen1,5000,factorized_only,0.4599485713286508,0.004682828769920314
Wessels,3,GFI1+KDM1A,combo_seen1,100,WitnessCell,0.6969898310300849,0.3685566718324915
Wessels,3,GFI1+KDM1A,combo_seen1,100,factorized_only,0.6969898310300849,0.3685566718324915
Wessels,3,GFI1+KDM1A,combo_seen1,5000,WitnessCell,0.6159532379266391,0.010774524649311008
Wessels,3,GFI1+KDM1A,combo_seen1,5000,factorized_only,0.6159532379266391,0.010774524649311008
Wessels,3,GFI1+RING1,combo_seen1,100,WitnessCell,0.7383712415187348,0.1573489537852068
Wessels,3,GFI1+RING1,combo_seen1,100,factorized_only,0.7383712415187348,0.1573489537852068
Wessels,3,GFI1+RING1,combo_seen1,5000,WitnessCell,0.6386289549906939,0.00549978562243518
Wessels,3,GFI1+RING1,combo_seen1,5000,factorized_only,0.6386289549906939,0.00549978562243518
Wessels,3,GSE1+IKZF1,combo_seen1,100,WitnessCell,0.9654931784245788,0.010581215352196829
Wessels,3,GSE1+IKZF1,combo_seen1,100,factorized_only,0.956392751104526,0.015512379768876296
Wessels,3,GSE1+IKZF1,combo_seen1,5000,WitnessCell,0.8154894268740875,0.002179151550252496
Wessels,3,GSE1+IKZF1,combo_seen1,5000,factorized_only,0.755208686643358,0.003536599783883621
Wessels,3,GSE1+KDM1A,combo_seen1,100,WitnessCell,0.9666731391054683,0.05365693301296334
Wessels,3,GSE1+KDM1A,combo_seen1,100,factorized_only,0.9583806551427233,0.04963857985995121
Wessels,3,GSE1+KDM1A,combo_seen1,5000,WitnessCell,0.8885089944816815,0.002598406230516804
Wessels,3,GSE1+KDM1A,combo_seen1,5000,factorized_only,0.8241825601316255,0.0036462178781008943
Wessels,3,GSE1+RING1,combo_seen1,100,WitnessCell,0.9578967821512044,0.024203554072168974
Wessels,3,GSE1+RING1,combo_seen1,100,factorized_only,0.9547602931312713,0.0225302037885558
Wessels,3,GSE1+RING1,combo_seen1,5000,WitnessCell,0.8556379604655416,0.0019906586583899135
Wessels,3,GSE1+RING1,combo_seen1,5000,factorized_only,0.8003295925784607,0.0031097572042893817
Wessels,3,HDAC3+IKZF1,combo_seen1,100,WitnessCell,0.92273994829594,0.012622811105999809
Wessels,3,HDAC3+IKZF1,combo_seen1,100,factorized_only,0.9065524007500136,0.016905010550812543
Wessels,3,HDAC3+IKZF1,combo_seen1,5000,WitnessCell,0.6335008864532874,0.003238486081459733
Wessels,3,HDAC3+IKZF1,combo_seen1,5000,factorized_only,0.5504585700013777,0.005167717664375539
Wessels,3,HDAC3+KDM1A,combo_seen1,100,WitnessCell,0.8194930474427655,0.31055650257760264
Wessels,3,HDAC3+KDM1A,combo_seen1,100,factorized_only,0.7778484961051634,0.3158064176769187
Wessels,3,HDAC3+KDM1A,combo_seen1,5000,WitnessCell,0.7704169294471407,0.008844904329088018
Wessels,3,HDAC3+KDM1A,combo_seen1,5000,factorized_only,0.6669698598599958,0.010372960872042746
Wessels,3,HDAC3+RING1,combo_seen1,100,WitnessCell,0.9068032250821246,0.016466736150479604
Wessels,3,HDAC3+RING1,combo_seen1,100,factorized_only,0.8864684294970554,0.021423418846208415
Wessels,3,HDAC3+RING1,combo_seen1,5000,WitnessCell,0.7991351976688894,0.0017853538581151312
Wessels,3,HDAC3+RING1,combo_seen1,5000,factorized_only,0.7121925508997554,0.003454338962683707
Wessels,3,IKZF1+INTS1,combo_seen1,100,WitnessCell,0.8396767791925063,0.009749316229547304
Wessels,3,IKZF1+INTS1,combo_seen1,100,factorized_only,0.8644153666351544,0.009073455952448321
Wessels,3,IKZF1+INTS1,combo_seen1,5000,WitnessCell,0.637117818789086,0.0016425141149572341
Wessels,3,IKZF1+INTS1,combo_seen1,5000,factorized_only,0.6781718614407736,0.0017371298470278318
Wessels,3,IKZF1+MED24,combo_seen1,100,WitnessCell,0.9875332960410602,0.006895598756130719
Wessels,3,IKZF1+MED24,combo_seen1,100,factorized_only,0.9871409314382712,0.02112788596532729
Wessels,3,IKZF1+MED24,combo_seen1,5000,WitnessCell,0.9361693798872064,0.0015573912499906306
Wessels,3,IKZF1+MED24,combo_seen1,5000,factorized_only,0.9147178261641089,0.003350452987144373
Wessels,3,IKZF1+RCOR1,combo_seen1,100,WitnessCell,0.8968774118989331,0.00494860927226913
Wessels,3,IKZF1+RCOR1,combo_seen1,100,factorized_only,0.8657927892165382,0.005442034207823476
Wessels,3,IKZF1+RCOR1,combo_seen1,5000,WitnessCell,0.43967772153791623,0.0033077095619883407
Wessels,3,IKZF1+RCOR1,combo_seen1,5000,factorized_only,0.38918511584634513,0.004917093925413776
Wessels,3,IKZF1+SMARCD1,combo_seen1,100,WitnessCell,0.9238817146952532,0.01384291822885046
Wessels,3,IKZF1+SMARCD1,combo_seen1,100,factorized_only,0.9102922174094938,0.020428481095142295
Wessels,3,IKZF1+SMARCD1,combo_seen1,5000,WitnessCell,0.7928923833780999,0.0018671412064615452
Wessels,3,IKZF1+SMARCD1,combo_seen1,5000,factorized_only,0.7310773222140245,0.0036694849166976715
Wessels,3,INTS1+KDM1A,combo_seen1,100,WitnessCell,0.7182075848717837,0.2755929102070984
Wessels,3,INTS1+KDM1A,combo_seen1,100,factorized_only,0.6788837138966002,0.28431667647734027
Wessels,3,INTS1+KDM1A,combo_seen1,5000,WitnessCell,0.6565860268384024,0.007071385881478823
Wessels,3,INTS1+KDM1A,combo_seen1,5000,factorized_only,0.5883894589162794,0.007740383383288431
Wessels,3,INTS1+RING1,combo_seen1,100,WitnessCell,0.7345083877254779,0.028496730092594725
Wessels,3,INTS1+RING1,combo_seen1,100,factorized_only,0.8017137947539287,0.021039634436002513
Wessels,3,INTS1+RING1,combo_seen1,5000,WitnessCell,0.5428644827696311,0.0023946011487624027
Wessels,3,INTS1+RING1,combo_seen1,5000,factorized_only,0.5945669563219955,0.002346542493516698
Wessels,3,KDM1A+MED24,combo_seen1,100,WitnessCell,0.9463101262487271,0.06024216103314897
Wessels,3,KDM1A+MED24,combo_seen1,100,factorized_only,0.9469347232914234,0.045111429661958295
Wessels,3,KDM1A+MED24,combo_seen1,5000,WitnessCell,0.9091932159789304,0.0031886724657107578
Wessels,3,KDM1A+MED24,combo_seen1,5000,factorized_only,0.8915126087496958,0.003966539129960968
Wessels,3,KDM1A+RCOR1,combo_seen1,100,WitnessCell,0.7815637881744134,0.22425287557609397
Wessels,3,KDM1A+RCOR1,combo_seen1,100,factorized_only,0.7983769772846927,0.20578148645030064
Wessels,3,KDM1A+RCOR1,combo_seen1,5000,WitnessCell,0.6924830563567995,0.007633465261937562
Wessels,3,KDM1A+RCOR1,combo_seen1,5000,factorized_only,0.6104974317305732,0.008614244109548592
Wessels,3,KDM1A+SMARCD1,combo_seen1,100,WitnessCell,0.5819310050726343,0.18036717419617712
Wessels,3,KDM1A+SMARCD1,combo_seen1,100,factorized_only,0.5493392998063212,0.1798946937424307
Wessels,3,KDM1A+SMARCD1,combo_seen1,5000,WitnessCell,0.6982425091293976,0.005588577471962013
Wessels,3,KDM1A+SMARCD1,combo_seen1,5000,factorized_only,0.6367026984591212,0.006962237181613522
Wessels,3,MED24+RING1,combo_seen1,100,WitnessCell,0.9874642720264114,0.008221918040299996
Wessels,3,MED24+RING1,combo_seen1,100,factorized_only,0.9826833770447316,0.019846498697163463
Wessels,3,MED24+RING1,combo_seen1,5000,WitnessCell,0.9485349042322073,0.0013487584304747169
Wessels,3,MED24+RING1,combo_seen1,5000,factorized_only,0.9201763035890032,0.003042567178232177
Wessels,3,RCOR1+RING1,combo_seen1,100,WitnessCell,0.759959318066848,0.011133126514656342
Wessels,3,RCOR1+RING1,combo_seen1,100,factorized_only,0.7088525776141175,0.014751000675498034
Wessels,3,RCOR1+RING1,combo_seen1,5000,WitnessCell,0.5297531629912918,0.0027434099706417476
Wessels,3,RCOR1+RING1,combo_seen1,5000,factorized_only,0.43414762290889586,0.004557361497521087
Wessels,3,RING1+SMARCD1,combo_seen1,100,WitnessCell,0.919380853961528,0.013187218678180766
Wessels,3,RING1+SMARCD1,combo_seen1,100,factorized_only,0.9111320693385492,0.02144645439224269
Wessels,3,RING1+SMARCD1,combo_seen1,5000,WitnessCell,0.7895896202367718,0.0018882593979217418
Wessels,3,RING1+SMARCD1,combo_seen1,5000,factorized_only,0.7260260306518038,0.0037307736982191675
Wessels,3,SUPT5H+SUPT6H,combo_seen1,100,WitnessCell,0.892955065452352,0.01651048889968399
Wessels,3,SUPT5H+SUPT6H,combo_seen1,100,factorized_only,0.892955065452352,0.01651048889968399
Wessels,3,SUPT5H+SUPT6H,combo_seen1,5000,WitnessCell,0.7531982341439617,0.0025681122757753583
Wessels,3,SUPT5H+SUPT6H,combo_seen1,5000,factorized_only,0.7531982341439617,0.0025681122757753583
Wessels,3,SUPT16H+SUPT5H,combo_seen1,100,WitnessCell,0.9537782531245561,0.02188550376554418
Wessels,3,SUPT16H+SUPT5H,combo_seen1,100,factorized_only,0.9537782531245561,0.02188550376554418
Wessels,3,SUPT16H+SUPT5H,combo_seen1,5000,WitnessCell,0.8203453509089633,0.0037704669586372313
Wessels,3,SUPT16H+SUPT5H,combo_seen1,5000,factorized_only,0.8203453509089633,0.0037704669586372313
Wessels,3,DOT1L+EP300,combo_seen2,100,WitnessCell,0.9824237302543916,0.009038447234467681
Wessels,3,DOT1L+EP300,combo_seen2,100,factorized_only,0.9593271891858219,0.019344205830963145
Wessels,3,DOT1L+EP300,combo_seen2,5000,WitnessCell,0.8972450544656602,0.0012106125215068804
Wessels,3,DOT1L+EP300,combo_seen2,5000,factorized_only,0.8216930946645197,0.0036550663606864943
Wessels,3,DOT1L+GSE1,combo_seen2,100,WitnessCell,0.9790637336946321,0.014070472755680088
Wessels,3,DOT1L+GSE1,combo_seen2,100,factorized_only,0.9671504746524378,0.01524797421318454
Wessels,3,DOT1L+GSE1,combo_seen2,5000,WitnessCell,0.8941218261710387,0.0012855073293913289
Wessels,3,DOT1L+GSE1,combo_seen2,5000,factorized_only,0.7723467487291118,0.0030728137840448045
Wessels,3,DOT1L+SMARCD1,combo_seen2,100,WitnessCell,0.9779816357725409,0.010122105256427278
Wessels,3,DOT1L+SMARCD1,combo_seen2,100,factorized_only,0.9474267248635422,0.011728418057701554
Wessels,3,DOT1L+SMARCD1,combo_seen2,5000,WitnessCell,0.8509670037690681,0.0013592555025228692
Wessels,3,DOT1L+SMARCD1,combo_seen2,5000,factorized_only,0.7274350267479991,0.0031488993705495465
Wessels,3,EP300+GFI1,combo_seen2,100,WitnessCell,0.9070212273141101,0.03148588203710717
Wessels,3,EP300+GFI1,combo_seen2,100,factorized_only,0.9223659576348533,0.03543360843420206
Wessels,3,EP300+GFI1,combo_seen2,5000,WitnessCell,0.8504715920120969,0.0025004706609177934
Wessels,3,EP300+GFI1,combo_seen2,5000,factorized_only,0.8293396224210662,0.004212830016040266
Wessels,3,GATA2+GFI1,combo_seen2,100,WitnessCell,0.720495294157613,0.21864940235376093
Wessels,3,GATA2+GFI1,combo_seen2,100,factorized_only,0.7102362187687314,0.1893075177065029
Wessels,3,GATA2+GFI1,combo_seen2,5000,WitnessCell,0.5917027439826,0.006190060013082854
Wessels,3,GATA2+GFI1,combo_seen2,5000,factorized_only,0.5827672331537241,0.006698152893721324
Wessels,3,GATA2+GSE1,combo_seen2,100,WitnessCell,0.9893621029220641,0.009373721923003144
Wessels,3,GATA2+GSE1,combo_seen2,100,factorized_only,0.9788157945358288,0.008276236226525607
Wessels,3,GATA2+GSE1,combo_seen2,5000,WitnessCell,0.9144753395999898,0.0009866854291495863
Wessels,3,GATA2+GSE1,combo_seen2,5000,factorized_only,0.8431386840945135,0.002401913675860788
Wessels,3,GATA2+HDAC3,combo_seen2,100,WitnessCell,0.9639617003714809,0.004624001647037888
Wessels,3,GATA2+HDAC3,combo_seen2,100,factorized_only,0.9266284000715,0.020278077151558892
Wessels,3,GATA2+HDAC3,combo_seen2,5000,WitnessCell,0.8667312256801003,0.0007643870342710084
Wessels,3,GATA2+HDAC3,combo_seen2,5000,factorized_only,0.7077698135153863,0.003491530344796798
Wessels,3,GATA2+RCOR1,combo_seen2,100,WitnessCell,0.954044979489862,0.002891563506313099
Wessels,3,GATA2+RCOR1,combo_seen2,100,factorized_only,0.9369977599726209,0.008837083354825161
Wessels,3,GATA2+RCOR1,combo_seen2,5000,WitnessCell,0.7312575204283457,0.0008210856249922969
Wessels,3,GATA2+RCOR1,combo_seen2,5000,factorized_only,0.6477928266647102,0.003184166752942207
Wessels,3,GFI1+INTS1,combo_seen2,100,WitnessCell,0.7645850967688982,0.21166416210193958
Wessels,3,GFI1+INTS1,combo_seen2,100,factorized_only,0.7340743015025836,0.22095087535810126
Wessels,3,GFI1+INTS1,combo_seen2,5000,WitnessCell,0.6110903336133602,0.005564334329444502
Wessels,3,GFI1+INTS1,combo_seen2,5000,factorized_only,0.5351503717518017,0.0063459561253484
Wessels,3,GFI1+SMARCD1,combo_seen2,100,WitnessCell,0.6924822921207194,0.12935433518168937
Wessels,3,GFI1+SMARCD1,combo_seen2,100,factorized_only,0.6701970817936599,0.13273142942361663
Wessels,3,GFI1+SMARCD1,combo_seen2,5000,WitnessCell,0.685025518233415,0.004219271354768487
Wessels,3,GFI1+SMARCD1,combo_seen2,5000,factorized_only,0.6190167030006926,0.005962765668242685
Wessels,3,HDAC3+INTS1,combo_seen2,100,WitnessCell,0.9581118080803694,0.00823564818182312
Wessels,3,HDAC3+INTS1,combo_seen2,100,factorized_only,0.9584917510053942,0.007170277288212303
Wessels,3,HDAC3+INTS1,combo_seen2,5000,WitnessCell,0.893561952527746,0.0008710569515596948
Wessels,3,HDAC3+INTS1,combo_seen2,5000,factorized_only,0.8413551258898156,0.0017604924111574544
Wessels,3,INTS1+MED24,combo_seen2,100,WitnessCell,0.9805739903148772,0.033716737135472734
Wessels,3,INTS1+MED24,combo_seen2,100,factorized_only,0.9795548234812573,0.01263741411958755
Wessels,3,INTS1+MED24,combo_seen2,5000,WitnessCell,0.9381984250997818,0.0018166798134070768
Wessels,3,INTS1+MED24,combo_seen2,5000,factorized_only,0.900418810827089,0.0022590512391376673
Wessels,3,INTS1+RCOR1,combo_seen2,100,WitnessCell,0.9290920500669521,0.0033751910784322933
Wessels,3,INTS1+RCOR1,combo_seen2,100,factorized_only,0.9032252046143316,0.007806776393255508
Wessels,3,INTS1+RCOR1,combo_seen2,5000,WitnessCell,0.7527632689756776,0.0007386514752586003
Wessels,3,INTS1+RCOR1,combo_seen2,5000,factorized_only,0.6506240526801113,0.002241494798554003
Wessels,3,INTS1+SMARCD1,combo_seen2,100,WitnessCell,0.965421459160682,0.004581345302104141
Wessels,3,INTS1+SMARCD1,combo_seen2,100,factorized_only,0.9521735204235555,0.005556973687757269
Wessels,3,INTS1+SMARCD1,combo_seen2,5000,WitnessCell,0.8185384376486458,0.0007484034901219219
Wessels,3,INTS1+SMARCD1,combo_seen2,5000,factorized_only,0.7397404416350942,0.0020044948639759094
Wessels,3,MED16+MED24,combo_seen2,100,WitnessCell,0.9879790571011665,0.03463040449653652
Wessels,3,MED16+MED24,combo_seen2,100,factorized_only,0.9856847589302093,0.061279146459608295
Wessels,3,MED16+MED24,combo_seen2,5000,WitnessCell,0.9221340735781764,0.0034559592485445727
Wessels,3,MED16+MED24,combo_seen2,5000,factorized_only,0.895435288227899,0.005844824241269622
Wessels,3,MED19+MED24,combo_seen2,100,WitnessCell,0.9848253194676331,0.011427992874735981
Wessels,3,MED19+MED24,combo_seen2,100,factorized_only,0.9800132522074473,0.01622425972368384
Wessels,3,MED19+MED24,combo_seen2,5000,WitnessCell,0.9364494696599893,0.0017465518595527606
Wessels,3,MED19+MED24,combo_seen2,5000,factorized_only,0.9077448159651665,0.0033232053921995316
Wessels,3,MED24+RCOR1,combo_seen2,100,WitnessCell,0.9893507901594509,0.009553674763360826
Wessels,3,MED24+RCOR1,combo_seen2,100,factorized_only,0.9808070802190676,0.01189702313445287
Wessels,3,MED24+RCOR1,combo_seen2,5000,WitnessCell,0.933359549189125,0.0013536077551117686
Wessels,3,MED24+RCOR1,combo_seen2,5000,factorized_only,0.8737443883984903,0.0037380299558294654
Wessels,3,ATXN7L3,unseen_single,100,WitnessCell,-0.7704018047478524,0.07936932023187984
Wessels,3,ATXN7L3,unseen_single,100,factorized_only,-0.7704018047478524,0.07936932023187984
Wessels,3,ATXN7L3,unseen_single,5000,WitnessCell,-0.38356319705376196,0.006589421960825682
Wessels,3,ATXN7L3,unseen_single,5000,factorized_only,-0.38356319705376196,0.006589421960825682
Wessels,3,FLI1,unseen_single,100,WitnessCell,0.6894843831035838,0.09361766892552353
Wessels,3,FLI1,unseen_single,100,factorized_only,0.6894843831035838,0.09361766892552353
Wessels,3,FLI1,unseen_single,5000,WitnessCell,0.599770457244489,0.003569233003329114
Wessels,3,FLI1,unseen_single,5000,factorized_only,0.599770457244489,0.003569233003329114
Wessels,3,RING1,unseen_single,100,WitnessCell,0.15592114240977525,0.024659898670817464
Wessels,3,RING1,unseen_single,100,factorized_only,0.15592114240977525,0.024659898670817464
Wessels,3,RING1,unseen_single,5000,WitnessCell,0.02194245437311103,0.003667881707989359
Wessels,3,RING1,unseen_single,5000,factorized_only,0.02194245437311103,0.003667881707989359
Wessels,3,FLI1+IKZF1,combo_seen0,100,WitnessCell,0.8625622478614873,0.07423377363976454
Wessels,3,FLI1+IKZF1,combo_seen0,100,factorized_only,0.8625622478614873,0.07423377363976454
Wessels,3,FLI1+IKZF1,combo_seen0,5000,WitnessCell,0.7128079754956875,0.004402251580878898
Wessels,3,FLI1+IKZF1,combo_seen0,5000,factorized_only,0.7128079754956875,0.004402251580878898
Wessels,3,FLI1+KDM1A,combo_seen0,100,WitnessCell,0.800974789339743,0.18285018607084547
Wessels,3,FLI1+KDM1A,combo_seen0,100,factorized_only,0.800974789339743,0.18285018607084547
Wessels,3,FLI1+KDM1A,combo_seen0,5000,WitnessCell,0.7016310311736249,0.0069279451002480785
Wessels,3,FLI1+KDM1A,combo_seen0,5000,factorized_only,0.7016310311736249,0.0069279451002480785
Wessels,3,FLI1+RING1,combo_seen0,100,WitnessCell,0.7568072093515428,0.0926143174709131
Wessels,3,FLI1+RING1,combo_seen0,100,factorized_only,0.7568072093515428,0.0926143174709131
Wessels,3,FLI1+RING1,combo_seen0,5000,WitnessCell,0.6529552128871321,0.0048256031523047195
Wessels,3,FLI1+RING1,combo_seen0,5000,factorized_only,0.6529552128871321,0.0048256031523047195
Wessels,3,IKZF1+KDM1A,combo_seen0,100,WitnessCell,0.7103602124171283,0.18818786442272423
Wessels,3,IKZF1+KDM1A,combo_seen0,100,factorized_only,0.7103602124171283,0.18818786442272423
Wessels,3,IKZF1+KDM1A,combo_seen0,5000,WitnessCell,0.6536338585007707,0.006417337921337239
Wessels,3,IKZF1+KDM1A,combo_seen0,5000,factorized_only,0.6536338585007707,0.006417337921337239
Wessels,3,KDM1A+RING1,combo_seen0,100,WitnessCell,0.6983059991917661,0.22350528312191004
Wessels,3,KDM1A+RING1,combo_seen0,100,factorized_only,0.6983059991917661,0.22350528312191004
Wessels,3,KDM1A+RING1,combo_seen0,5000,WitnessCell,0.663003338367952,0.007008460193133364
Wessels,3,KDM1A+RING1,combo_seen0,5000,factorized_only,0.663003338367952,0.007008460193133364
Schmidt,1,CBY1+LCP2,combo_seen1,100,WitnessCell,-0.2367418084103525,0.010732753685960106
Schmidt,1,CBY1+LCP2,combo_seen1,100,factorized_only,-0.2367418084103525,0.010732753685960106
Schmidt,1,CBY1+LCP2,combo_seen1,5000,WitnessCell,0.042915912034794335,0.00961637852761629
Schmidt,1,CBY1+LCP2,combo_seen1,5000,factorized_only,0.042915912034794335,0.00961637852761629
Schmidt,1,CBY1+PRKD2,combo_seen1,100,WitnessCell,0.02259272122877922,0.008719823302631371
Schmidt,1,CBY1+PRKD2,combo_seen1,100,factorized_only,0.018864123726058217,0.008729516308841253
Schmidt,1,CBY1+PRKD2,combo_seen1,5000,WitnessCell,0.1810184094637607,0.008782210955794775
Schmidt,1,CBY1+PRKD2,combo_seen1,5000,factorized_only,0.1844081202495869,0.00878245664621883
Schmidt,1,CBY1+TRIM21,combo_seen1,100,WitnessCell,-0.39087433335029725,0.022915183710622563
Schmidt,1,CBY1+TRIM21,combo_seen1,100,factorized_only,-0.36523766223835247,0.02246709085462157
Schmidt,1,CBY1+TRIM21,combo_seen1,5000,WitnessCell,0.09039079965188786,0.010847080504363733
Schmidt,1,CBY1+TRIM21,combo_seen1,5000,factorized_only,0.08063951781728802,0.010890279142986669
Schmidt,1,EMP3+JMJD1C,combo_seen1,100,WitnessCell,-0.13059993813629803,0.008675124572823031
Schmidt,1,EMP3+JMJD1C,combo_seen1,100,factorized_only,-0.11679429110688767,0.00861692886164416
Schmidt,1,EMP3+JMJD1C,combo_seen1,5000,WitnessCell,0.3550532081336311,0.007644861765867781
Schmidt,1,EMP3+JMJD1C,combo_seen1,5000,factorized_only,0.3502672494951503,0.007774475196586502
Schmidt,1,EMP3+LCP2,combo_seen1,100,WitnessCell,-0.1109356104803196,0.055476840889397305
Schmidt,1,EMP3+LCP2,combo_seen1,100,factorized_only,-0.1109356104803196,0.055476840889397305
Schmidt,1,EMP3+LCP2,combo_seen1,5000,WitnessCell,0.12175563029193266,0.010459003333738935
Schmidt,1,EMP3+LCP2,combo_seen1,5000,factorized_only,0.12175563029193266,0.010459003333738935
Schmidt,1,EMP3+MAP4K1,combo_seen1,100,WitnessCell,0.28409829388955393,0.011585678292368316
Schmidt,1,EMP3+MAP4K1,combo_seen1,100,factorized_only,0.28409829388955393,0.011585678292368316
Schmidt,1,EMP3+MAP4K1,combo_seen1,5000,WitnessCell,0.2963503305449039,0.010354842095188572
Schmidt,1,EMP3+MAP4K1,combo_seen1,5000,factorized_only,0.2963503305449039,0.010354842095188572
Schmidt,1,EMP3+PRKD2,combo_seen1,100,WitnessCell,0.05760888130922681,0.022644317005911015
Schmidt,1,EMP3+PRKD2,combo_seen1,100,factorized_only,-0.019329294294505108,0.02298770007336375
Schmidt,1,EMP3+PRKD2,combo_seen1,5000,WitnessCell,0.20999363949168776,0.007389549740400305
Schmidt,1,EMP3+PRKD2,combo_seen1,5000,factorized_only,0.22141883243674632,0.007344215334305839
Schmidt,1,EMP3+TBX21,combo_seen1,100,WitnessCell,0.5384051067491478,0.050358195585224495
Schmidt,1,EMP3+TBX21,combo_seen1,100,factorized_only,0.5384051067491478,0.050358195585224495
Schmidt,1,EMP3+TBX21,combo_seen1,5000,WitnessCell,0.6621869789262799,0.008479387397832635
Schmidt,1,EMP3+TBX21,combo_seen1,5000,factorized_only,0.6621869789262799,0.008479387397832635
Schmidt,1,EMP3+TNFRSF1A,combo_seen1,100,WitnessCell,0.7054591862807513,0.027225919060389875
Schmidt,1,EMP3+TNFRSF1A,combo_seen1,100,factorized_only,0.7068359900921481,0.027196930829879343
Schmidt,1,EMP3+TNFRSF1A,combo_seen1,5000,WitnessCell,0.7698141881188952,0.00575854318489871
Schmidt,1,EMP3+TNFRSF1A,combo_seen1,5000,factorized_only,0.7698070550957408,0.005751992807687678
Schmidt,1,EMP3+TNFRSF1B,combo_seen1,100,WitnessCell,0.7565522260782578,0.026002618112759026
Schmidt,1,EMP3+TNFRSF1B,combo_seen1,100,factorized_only,0.7524961416344178,0.026348638349727733
Schmidt,1,EMP3+TNFRSF1B,combo_seen1,5000,WitnessCell,0.8244557610966659,0.0039912881442909776
Schmidt,1,EMP3+TNFRSF1B,combo_seen1,5000,factorized_only,0.8195569161023873,0.004097596455025162
Schmidt,1,EMP3+VAV1,combo_seen1,100,WitnessCell,0.2709717440032684,0.02565946823131563
Schmidt,1,EMP3+VAV1,combo_seen1,100,factorized_only,0.2709717440032684,0.02565946823131563
Schmidt,1,EMP3+VAV1,combo_seen1,5000,WitnessCell,0.5925198238213494,0.008284293194414961
Schmidt,1,EMP3+VAV1,combo_seen1,5000,factorized_only,0.5925198238213494,0.008284293194414961
Schmidt,1,JMJD1C+TRAF3IP2,combo_seen1,100,WitnessCell,0.14469162433480304,0.006463247054069101
Schmidt,1,JMJD1C+TRAF3IP2,combo_seen1,100,factorized_only,0.1664427191981838,0.006268295058687875
Schmidt,1,JMJD1C+TRAF3IP2,combo_seen1,5000,WitnessCell,0.26046237300106034,0.009043677121926531
Schmidt,1,JMJD1C+TRAF3IP2,combo_seen1,5000,factorized_only,0.2554599744912521,0.009200323304252068
Schmidt,1,PRKD2+TRAF3IP2,combo_seen1,100,WitnessCell,0.08393122458196094,0.010201255612071056
Schmidt,1,PRKD2+TRAF3IP2,combo_seen1,100,factorized_only,0.11960634238461167,0.01020311011868477
Schmidt,1,PRKD2+TRAF3IP2,combo_seen1,5000,WitnessCell,0.20512110759693888,0.010155986293765086
Schmidt,1,PRKD2+TRAF3IP2,combo_seen1,5000,factorized_only,0.17408453042836192,0.010369291544034164
Schmidt,1,TNFRSF1A+TRAF3IP2,combo_seen1,100,WitnessCell,0.9475656791576028,0.004227681735294354
Schmidt,1,TNFRSF1A+TRAF3IP2,combo_seen1,100,factorized_only,0.9439777656412582,0.004311260443466851
Schmidt,1,TNFRSF1A+TRAF3IP2,combo_seen1,5000,WitnessCell,0.6805480210180919,0.006481447299192333
Schmidt,1,TNFRSF1A+TRAF3IP2,combo_seen1,5000,factorized_only,0.6785907160468418,0.006512575033739046
Schmidt,1,TNFRSF1B+TRAF3IP2,combo_seen1,100,WitnessCell,0.303889832698628,0.023455853880639664
Schmidt,1,TNFRSF1B+TRAF3IP2,combo_seen1,100,factorized_only,0.31297893692566375,0.023279350342468294
Schmidt,1,TNFRSF1B+TRAF3IP2,combo_seen1,5000,WitnessCell,0.661646352496896,0.007483252458734115
Schmidt,1,TNFRSF1B+TRAF3IP2,combo_seen1,5000,factorized_only,0.6624106992015735,0.007392585006671481
Schmidt,1,TNFRSF12A+TRAF3IP2,combo_seen1,100,WitnessCell,0.14155399487449555,0.009405331964880135
Schmidt,1,TNFRSF12A+TRAF3IP2,combo_seen1,100,factorized_only,0.14155399487449555,0.009405331964880135
Schmidt,1,TNFRSF12A+TRAF3IP2,combo_seen1,5000,WitnessCell,0.36829457923341746,0.00973250820241168
Schmidt,1,TNFRSF12A+TRAF3IP2,combo_seen1,5000,factorized_only,0.36829457923341746,0.00973250820241168
Schmidt,1,TRAF3IP2+TRIM21,combo_seen1,100,WitnessCell,0.08702442468957261,0.007141370047462486
Schmidt,1,TRAF3IP2+TRIM21,combo_seen1,100,factorized_only,0.06899993635965526,0.007188266038775719
Schmidt,1,TRAF3IP2+TRIM21,combo_seen1,5000,WitnessCell,0.17939284297958905,0.00851194764385226
Schmidt,1,TRAF3IP2+TRIM21,combo_seen1,5000,factorized_only,0.1634777868225086,0.008593533955082762
Schmidt,1,TRAF3IP2+VAV1,combo_seen1,100,WitnessCell,0.3663980302145263,0.003940138606426658
Schmidt,1,TRAF3IP2+VAV1,combo_seen1,100,factorized_only,0.3663980302145263,0.003940138606426658
Schmidt,1,TRAF3IP2+VAV1,combo_seen1,5000,WitnessCell,0.5142231667060291,0.007494328710583417
Schmidt,1,TRAF3IP2+VAV1,combo_seen1,5000,factorized_only,0.5142231667060291,0.007494328710583417
Schmidt,1,MGST3+TRIM21,combo_seen2,100,WitnessCell,0.9849158835817268,0.013915801418119173
Schmidt,1,MGST3+TRIM21,combo_seen2,100,factorized_only,0.9849842757463418,0.014046583886367734
Schmidt,1,MGST3+TRIM21,combo_seen2,5000,WitnessCell,0.295773036166192,0.0074057411997647616
Schmidt,1,MGST3+TRIM21,combo_seen2,5000,factorized_only,0.296328907586192,0.007398290116766631
Schmidt,1,PRKD2+TNFRSF1B,combo_seen2,100,WitnessCell,0.9658748957993151,0.005849163095465587
Schmidt,1,PRKD2+TNFRSF1B,combo_seen2,100,factorized_only,0.9660574073631492,0.0060773274138202285
Schmidt,1,PRKD2+TNFRSF1B,combo_seen2,5000,WitnessCell,0.7883476955813474,0.005329137190147102
Schmidt,1,PRKD2+TNFRSF1B,combo_seen2,5000,factorized_only,0.7832655170955732,0.0054787102484294085
Schmidt,1,ABCB10,unseen_single,100,WitnessCell,0.1899290800747819,0.05008791336034664
Schmidt,1,ABCB10,unseen_single,100,factorized_only,0.1899290800747819,0.05008791336034664
Schmidt,1,ABCB10,unseen_single,5000,WitnessCell,0.18032795684161662,0.0019139283274584593
Schmidt,1,ABCB10,unseen_single,5000,factorized_only,0.18032795684161662,0.0019139283274584593
Schmidt,1,CBY1,unseen_single,100,WitnessCell,0.4648836531940793,0.004725631502655588
Schmidt,1,CBY1,unseen_single,100,factorized_only,0.4648836531940793,0.004725631502655588
Schmidt,1,CBY1,unseen_single,5000,WitnessCell,0.23580137699525744,0.0005539662012056508
Schmidt,1,CBY1,unseen_single,5000,factorized_only,0.23580137699525744,0.0005539662012056508
Schmidt,1,EMP3,unseen_single,100,WitnessCell,0.17484582035038038,0.02384217890699652
Schmidt,1,EMP3,unseen_single,100,factorized_only,0.17484582035038038,0.02384217890699652
Schmidt,1,EMP3,unseen_single,5000,WitnessCell,0.2832108570981852,0.0007950227694189455
Schmidt,1,EMP3,unseen_single,5000,factorized_only,0.2832108570981852,0.0007950227694189455
Schmidt,1,EOMES,unseen_single,100,WitnessCell,0.5392274485743546,0.28553662160589627
Schmidt,1,EOMES,unseen_single,100,factorized_only,0.5392274485743546,0.28553662160589627
Schmidt,1,EOMES,unseen_single,5000,WitnessCell,0.32946147695053685,0.01085138532475974
Schmidt,1,EOMES,unseen_single,5000,factorized_only,0.32946147695053685,0.01085138532475974
Schmidt,1,FOSL1,unseen_single,100,WitnessCell,0.46827146074198567,0.07900275817653774
Schmidt,1,FOSL1,unseen_single,100,factorized_only,0.46827146074198567,0.07900275817653774
Schmidt,1,FOSL1,unseen_single,5000,WitnessCell,0.38542091141969237,0.0030405413260366676
Schmidt,1,FOSL1,unseen_single,5000,factorized_only,0.38542091141969237,0.0030405413260366676
Schmidt,1,FOXD2,unseen_single,100,WitnessCell,0.5755758102335828,0.09502783340386596
Schmidt,1,FOXD2,unseen_single,100,factorized_only,0.5755758102335828,0.09502783340386596
Schmidt,1,FOXD2,unseen_single,5000,WitnessCell,0.3490259256060741,0.003856443206562345
Schmidt,1,FOXD2,unseen_single,5000,factorized_only,0.3490259256060741,0.003856443206562345
Schmidt,1,IKZF3,unseen_single,100,WitnessCell,0.17825254369973406,0.061779102952498784
Schmidt,1,IKZF3,unseen_single,100,factorized_only,0.17825254369973406,0.061779102952498784
Schmidt,1,IKZF3,unseen_single,5000,WitnessCell,0.05478327188505056,0.0026274923436636834
Schmidt,1,IKZF3,unseen_single,5000,factorized_only,0.05478327188505056,0.0026274923436636834
Schmidt,1,INPPL1,unseen_single,100,WitnessCell,-0.16082321957488654,0.07732209390430621
Schmidt,1,INPPL1,unseen_single,100,factorized_only,-0.16082321957488654,0.07732209390430621
Schmidt,1,INPPL1,unseen_single,5000,WitnessCell,-0.1408598577459149,0.0033648725942293178
Schmidt,1,INPPL1,unseen_single,5000,factorized_only,-0.1408598577459149,0.0033648725942293178
Schmidt,1,TRAF3IP2,unseen_single,100,WitnessCell,0.532213991750379,0.04261490055209635
Schmidt,1,TRAF3IP2,unseen_single,100,factorized_only,0.532213991750379,0.04261490055209635
Schmidt,1,TRAF3IP2,unseen_single,5000,WitnessCell,0.45912087325258233,0.0016771352363910172
Schmidt,1,TRAF3IP2,unseen_single,5000,factorized_only,0.45912087325258233,0.0016771352363910172
Schmidt,1,CBY1+EMP3,combo_seen0,100,WitnessCell,-0.2494847442245193,0.03133431090197829
Schmidt,1,CBY1+EMP3,combo_seen0,100,factorized_only,-0.2494847442245193,0.03133431090197829
Schmidt,1,CBY1+EMP3,combo_seen0,5000,WitnessCell,0.18916954850817272,0.006560287150129534
Schmidt,1,CBY1+EMP3,combo_seen0,5000,factorized_only,0.18916954850817272,0.006560287150129534
Schmidt,1,EMP3+TRAF3IP2,combo_seen0,100,WitnessCell,-0.22550053891307129,0.02960632250575117
Schmidt,1,EMP3+TRAF3IP2,combo_seen0,100,factorized_only,-0.22550053891307129,0.02960632250575117
Schmidt,1,EMP3+TRAF3IP2,combo_seen0,5000,WitnessCell,0.258013566043383,0.01029038100119365
Schmidt,1,EMP3+TRAF3IP2,combo_seen0,5000,factorized_only,0.258013566043383,0.01029038100119365
Schmidt,2,ARHGDIB+TNFRSF1A,combo_seen1,100,WitnessCell,0.9346710792098687,0.025376298121791895
Schmidt,2,ARHGDIB+TNFRSF1A,combo_seen1,100,factorized_only,0.9346710792098687,0.025376298121791895
Schmidt,2,ARHGDIB+TNFRSF1A,combo_seen1,5000,WitnessCell,0.06101201310410462,0.018934149501140682
Schmidt,2,ARHGDIB+TNFRSF1A,combo_seen1,5000,factorized_only,0.06101201310410462,0.018934149501140682
Schmidt,2,CBY1+EMP3,combo_seen1,100,WitnessCell,0.13892082378280662,0.02883846574404013
Schmidt,2,CBY1+EMP3,combo_seen1,100,factorized_only,0.08482644400548064,0.029182405124650118
Schmidt,2,CBY1+EMP3,combo_seen1,5000,WitnessCell,0.2218066699860342,0.006162423489750574
Schmidt,2,CBY1+EMP3,combo_seen1,5000,factorized_only,0.19786717410455298,0.006232694558267289
Schmidt,2,EMP3+LCP2,combo_seen1,100,WitnessCell,0.664410482095393,0.03318524133576386
Schmidt,2,EMP3+LCP2,combo_seen1,100,factorized_only,0.664410482095393,0.03318524133576386
Schmidt,2,EMP3+LCP2,combo_seen1,5000,WitnessCell,0.15616640250229297,0.010716187824511916
Schmidt,2,EMP3+LCP2,combo_seen1,5000,factorized_only,0.15616640250229297,0.010716187824511916
Schmidt,2,EMP3+MAP4K1,combo_seen1,100,WitnessCell,0.2880078949935866,0.011575262692168105
Schmidt,2,EMP3+MAP4K1,combo_seen1,100,factorized_only,0.2880078949935866,0.011575262692168105
Schmidt,2,EMP3+MAP4K1,combo_seen1,5000,WitnessCell,0.2783028865402514,0.010404881083016232
Schmidt,2,EMP3+MAP4K1,combo_seen1,5000,factorized_only,0.2783028865402514,0.010404881083016232
Schmidt,2,EMP3+PRKD2,combo_seen1,100,WitnessCell,-0.08069975419739028,0.023372248337980822
Schmidt,2,EMP3+PRKD2,combo_seen1,100,factorized_only,-0.0920858585035118,0.02342533170764825
Schmidt,2,EMP3+PRKD2,combo_seen1,5000,WitnessCell,0.2120335088136143,0.007375538703932001
Schmidt,2,EMP3+PRKD2,combo_seen1,5000,factorized_only,0.21187345593696238,0.00735687724933224
Schmidt,2,EMP3+TBX21,combo_seen1,100,WitnessCell,0.47632323760684603,0.05464117259655464
Schmidt,2,EMP3+TBX21,combo_seen1,100,factorized_only,0.47632323760684603,0.05464117259655464
Schmidt,2,EMP3+TBX21,combo_seen1,5000,WitnessCell,0.6535523706826851,0.008593121653040256
Schmidt,2,EMP3+TBX21,combo_seen1,5000,factorized_only,0.6535523706826851,0.008593121653040256
Schmidt,2,EMP3+TNFRSF1B,combo_seen1,100,WitnessCell,0.7411673011182083,0.028921147150784705
Schmidt,2,EMP3+TNFRSF1B,combo_seen1,100,factorized_only,0.7276253348498087,0.030395242469798682
Schmidt,2,EMP3+TNFRSF1B,combo_seen1,5000,WitnessCell,0.8068773026464511,0.0043609438872821114
Schmidt,2,EMP3+TNFRSF1B,combo_seen1,5000,factorized_only,0.8096155032635772,0.0043119362618809715
Schmidt,2,EMP3+TRAF3IP2,combo_seen1,100,WitnessCell,-0.12625884912273772,0.027402936607177308
Schmidt,2,EMP3+TRAF3IP2,combo_seen1,100,factorized_only,-0.16983174646120774,0.02763988213382669
Schmidt,2,EMP3+TRAF3IP2,combo_seen1,5000,WitnessCell,0.4845214424928749,0.008335019933800576
Schmidt,2,EMP3+TRAF3IP2,combo_seen1,5000,factorized_only,0.48235841610059654,0.008341540216234532
Schmidt,2,EMP3+VAV1,combo_seen1,100,WitnessCell,-0.23343974865389217,0.03130870862577553
Schmidt,2,EMP3+VAV1,combo_seen1,100,factorized_only,-0.23343974865389217,0.03130870862577553
Schmidt,2,EMP3+VAV1,combo_seen1,5000,WitnessCell,0.18871743304811697,0.012424210960577137
Schmidt,2,EMP3+VAV1,combo_seen1,5000,factorized_only,0.18871743304811697,0.012424210960577137
Schmidt,2,FOXQ1+TNFRSF1A,combo_seen1,100,WitnessCell,0.26985458648209976,0.025282462934475905
Schmidt,2,FOXQ1+TNFRSF1A,combo_seen1,100,factorized_only,0.26985458648209976,0.025282462934475905
Schmidt,2,FOXQ1+TNFRSF1A,combo_seen1,5000,WitnessCell,0.5176034591696286,0.014893244745059318
Schmidt,2,FOXQ1+TNFRSF1A,combo_seen1,5000,factorized_only,0.5176034591696286,0.014893244745059318
Schmidt,2,JMJD1C+TNFRSF1B,combo_seen1,100,WitnessCell,0.9273100081068486,0.007814759680188306
Schmidt,2,JMJD1C+TNFRSF1B,combo_seen1,100,factorized_only,0.9262380195169346,0.008000323620920027
Schmidt,2,JMJD1C+TNFRSF1B,combo_seen1,5000,WitnessCell,0.6993915510997958,0.00778001285981848
Schmidt,2,JMJD1C+TNFRSF1B,combo_seen1,5000,factorized_only,0.711029074163081,0.007547908630879961
Schmidt,2,JMJD1C+TRAF3IP2,combo_seen1,100,WitnessCell,0.06467877824704452,0.006447289227715059
Schmidt,2,JMJD1C+TRAF3IP2,combo_seen1,100,factorized_only,0.14310080159612007,0.0062814692894859695
Schmidt,2,JMJD1C+TRAF3IP2,combo_seen1,5000,WitnessCell,0.22153404607508648,0.009311942793766702
Schmidt,2,JMJD1C+TRAF3IP2,combo_seen1,5000,factorized_only,0.21621434935132136,0.009445591252847087
Schmidt,2,PRKD2+TNFRSF1A,combo_seen1,100,WitnessCell,-0.04310301192081954,0.006616917325109931
Schmidt,2,PRKD2+TNFRSF1A,combo_seen1,100,factorized_only,-0.13668303607686666,0.006927014779888312
Schmidt,2,PRKD2+TNFRSF1A,combo_seen1,5000,WitnessCell,0.3272037385998937,0.009676348909578593
Schmidt,2,PRKD2+TNFRSF1A,combo_seen1,5000,factorized_only,0.22999530137821517,0.010332411052802387
Schmidt,2,TNFRSF1A+TRAF3IP2,combo_seen1,100,WitnessCell,0.457803156055346,0.01454303183053882
Schmidt,2,TNFRSF1A+TRAF3IP2,combo_seen1,100,factorized_only,0.4905563267476071,0.014298545548512976
Schmidt,2,TNFRSF1A+TRAF3IP2,combo_seen1,5000,WitnessCell,0.560011876203691,0.008102658030080458
Schmidt,2,TNFRSF1A+TRAF3IP2,combo_seen1,5000,factorized_only,0.5766090949531579,0.007879482454973774
Schmidt,2,PRKD2+TRIM21,combo_seen2,100,WitnessCell,0.003769676313453361,0.006302514884117344
Schmidt,2,PRKD2+TRIM21,combo_seen2,100,factorized_only,-0.0556278874573197,0.006321735319208567
Schmidt,2,PRKD2+TRIM21,combo_seen2,5000,WitnessCell,0.1764770301980062,0.008253379297348951
Schmidt,2,PRKD2+TRIM21,combo_seen2,5000,factorized_only,0.16951258596741703,0.008158623133175967
Schmidt,2,TNFRSF12A+TRAF3IP2,combo_seen2,100,WitnessCell,0.231248704958797,0.008469574540166185
Schmidt,2,TNFRSF12A+TRAF3IP2,combo_seen2,100,factorized_only,0.22058445081745343,0.008259571243815038
Schmidt,2,TNFRSF12A+TRAF3IP2,combo_seen2,5000,WitnessCell,0.49595523925028795,0.008486675739568577
Schmidt,2,TNFRSF12A+TRAF3IP2,combo_seen2,5000,factorized_only,0.5087069341804378,0.008344910870008498
Schmidt,2,TRAF3IP2+VAV1,combo_seen2,100,WitnessCell,0.38766965881928006,0.004436397760201508
Schmidt,2,TRAF3IP2+VAV1,combo_seen2,100,factorized_only,0.454410043435036,0.004177888983710309
Schmidt,2,TRAF3IP2+VAV1,combo_seen2,5000,WitnessCell,0.4909164387729164,0.0073889029996010705
Schmidt,2,TRAF3IP2+VAV1,combo_seen2,5000,factorized_only,0.5207424029322283,0.007093773202031109
Schmidt,2,DEPDC7,unseen_single,100,WitnessCell,0.436974177268577,0.04514558860839935
Schmidt,2,DEPDC7,unseen_single,100,factorized_only,0.436974177268577,0.04514558860839935
Schmidt,2,DEPDC7,unseen_single,5000,WitnessCell,0.4115381796288955,0.0017593504355488281
Schmidt,2,DEPDC7,unseen_single,5000,factorized_only,0.4115381796288955,0.0017593504355488281
Schmidt,2,EMP3,unseen_single,100,WitnessCell,0.22180779424481614,0.023289932150948305
Schmidt,2,EMP3,unseen_single,100,factorized_only,0.22180779424481614,0.023289932150948305
Schmidt,2,EMP3,unseen_single,5000,WitnessCell,0.2534548242973453,0.0007893484169892686
Schmidt,2,EMP3,unseen_single,5000,factorized_only,0.2534548242973453,0.0007893484169892686
Schmidt,2,FOSL1,unseen_single,100,WitnessCell,0.43552911219656415,0.08265756642121382
Schmidt,2,FOSL1,unseen_single,100,factorized_only,0.43552911219656415,0.08265756642121382
Schmidt,2,FOSL1,unseen_single,5000,WitnessCell,0.3483797088389873,0.003133687759228495
Schmidt,2,FOSL1,unseen_single,5000,factorized_only,0.3483797088389873,0.003133687759228495
Schmidt,2,IKZF3,unseen_single,100,WitnessCell,0.1514331866946709,0.06176321968153253
Schmidt,2,IKZF3,unseen_single,100,factorized_only,0.1514331866946709,0.06176321968153253
Schmidt,2,IKZF3,unseen_single,5000,WitnessCell,0.04887503668254297,0.0025871698381367252
Schmidt,2,IKZF3,unseen_single,5000,factorized_only,0.04887503668254297,0.0025871698381367252
Schmidt,2,JMJD1C,unseen_single,100,WitnessCell,0.011147817943959974,0.06409375645772632
Schmidt,2,JMJD1C,unseen_single,100,factorized_only,0.011147817943959974,0.06409375645772632
Schmidt,2,JMJD1C,unseen_single,5000,WitnessCell,-0.029426554752193017,0.002978287337741228
Schmidt,2,JMJD1C,unseen_single,5000,factorized_only,-0.029426554752193017,0.002978287337741228
Schmidt,2,LTBR,unseen_single,100,WitnessCell,0.5823791018753823,0.2952214794737275
Schmidt,2,LTBR,unseen_single,100,factorized_only,0.5823791018753823,0.2952214794737275
Schmidt,2,LTBR,unseen_single,5000,WitnessCell,0.39120519055652697,0.0092490566610947
Schmidt,2,LTBR,unseen_single,5000,factorized_only,0.39120519055652697,0.0092490566610947
Schmidt,2,RELA,unseen_single,100,WitnessCell,0.3939192724521023,0.0697787137765251
Schmidt,2,RELA,unseen_single,100,factorized_only,0.3939192724521023,0.0697787137765251
Schmidt,2,RELA,unseen_single,5000,WitnessCell,0.31652407349654,0.0022540303372324865
Schmidt,2,RELA,unseen_single,5000,factorized_only,0.31652407349654,0.0022540303372324865
Schmidt,2,TNFRSF1A,unseen_single,100,WitnessCell,0.6426005115747371,0.22512958860554583
Schmidt,2,TNFRSF1A,unseen_single,100,factorized_only,0.6426005115747371,0.22512958860554583
Schmidt,2,TNFRSF1A,unseen_single,5000,WitnessCell,0.44399519556931843,0.00717190403492875
Schmidt,2,TNFRSF1A,unseen_single,5000,factorized_only,0.44399519556931843,0.00717190403492875
Schmidt,2,WT1,unseen_single,100,WitnessCell,0.49630080796479104,0.07504952227146065
Schmidt,2,WT1,unseen_single,100,factorized_only,0.49630080796479104,0.07504952227146065
Schmidt,2,WT1,unseen_single,5000,WitnessCell,0.3530387150031618,0.002645074263610985
Schmidt,2,WT1,unseen_single,5000,factorized_only,0.3530387150031618,0.002645074263610985
Schmidt,2,EMP3+JMJD1C,combo_seen0,100,WitnessCell,-0.15006190480140022,0.00948667019565378
Schmidt,2,EMP3+JMJD1C,combo_seen0,100,factorized_only,-0.15006190480140022,0.00948667019565378
Schmidt,2,EMP3+JMJD1C,combo_seen0,5000,WitnessCell,0.08145100214615449,0.008970978988115805
Schmidt,2,EMP3+JMJD1C,combo_seen0,5000,factorized_only,0.08145100214615449,0.008970978988115805
Schmidt,2,EMP3+TNFRSF1A,combo_seen0,100,WitnessCell,0.29384919661317715,0.04916633546617266
Schmidt,2,EMP3+TNFRSF1A,combo_seen0,100,factorized_only,0.29384919661317715,0.04916633546617266
Schmidt,2,EMP3+TNFRSF1A,combo_seen0,5000,WitnessCell,0.37078659576213435,0.012705780375897875
Schmidt,2,EMP3+TNFRSF1A,combo_seen0,5000,factorized_only,0.37078659576213435,0.012705780375897875
Schmidt,3,CBY1+EMP3,combo_seen1,100,WitnessCell,-0.31874115791108243,0.031823863617100934
Schmidt,3,CBY1+EMP3,combo_seen1,100,factorized_only,-0.31874115791108243,0.031823863617100934
Schmidt,3,CBY1+EMP3,combo_seen1,5000,WitnessCell,0.1725660035468754,0.00654569818308229
Schmidt,3,CBY1+EMP3,combo_seen1,5000,factorized_only,0.1725660035468754,0.00654569818308229
Schmidt,3,CBY1+LCP2,combo_seen1,100,WitnessCell,-0.24198004543323745,0.011398039656947481
Schmidt,3,CBY1+LCP2,combo_seen1,100,factorized_only,-0.24198004543323745,0.011398039656947481
Schmidt,3,CBY1+LCP2,combo_seen1,5000,WitnessCell,0.0684855882825441,0.009313916834940594
Schmidt,3,CBY1+LCP2,combo_seen1,5000,factorized_only,0.0684855882825441,0.009313916834940594
Schmidt,3,EMP3+JMJD1C,combo_seen1,100,WitnessCell,-0.12363118511129657,0.00862060173466343
Schmidt,3,EMP3+JMJD1C,combo_seen1,100,factorized_only,-0.12363118511129657,0.00862060173466343
Schmidt,3,EMP3+JMJD1C,combo_seen1,5000,WitnessCell,0.34930654143571543,0.007716112213684987
Schmidt,3,EMP3+JMJD1C,combo_seen1,5000,factorized_only,0.34930654143571543,0.007716112213684987
Schmidt,3,EMP3+MAP4K1,combo_seen1,100,WitnessCell,0.2662904586841474,0.011702769708664159
Schmidt,3,EMP3+MAP4K1,combo_seen1,100,factorized_only,0.2662904586841474,0.011702769708664159
Schmidt,3,EMP3+MAP4K1,combo_seen1,5000,WitnessCell,0.28655723854590714,0.010340442808919631
Schmidt,3,EMP3+MAP4K1,combo_seen1,5000,factorized_only,0.28655723854590714,0.010340442808919631
Schmidt,3,EMP3+PRKD2,combo_seen1,100,WitnessCell,-0.042446154098479086,0.023140256998489973
Schmidt,3,EMP3+PRKD2,combo_seen1,100,factorized_only,-0.05184001920258097,0.02319018350261225
Schmidt,3,EMP3+PRKD2,combo_seen1,5000,WitnessCell,0.20844224750666823,0.007356712454497625
Schmidt,3,EMP3+PRKD2,combo_seen1,5000,factorized_only,0.20940465995530405,0.00735419264205647
Schmidt,3,EMP3+TBX21,combo_seen1,100,WitnessCell,-0.15775186200576946,0.07363626986893487
Schmidt,3,EMP3+TBX21,combo_seen1,100,factorized_only,-0.15775186200576946,0.07363626986893487
Schmidt,3,EMP3+TBX21,combo_seen1,5000,WitnessCell,0.37019525110920704,0.013186114136110604
Schmidt,3,EMP3+TBX21,combo_seen1,5000,factorized_only,0.37019525110920704,0.013186114136110604
Schmidt,3,EMP3+TNFRSF1A,combo_seen1,100,WitnessCell,0.6831729100390541,0.03011844556921744
Schmidt,3,EMP3+TNFRSF1A,combo_seen1,100,factorized_only,0.6830860879416006,0.030156468267310093
Schmidt,3,EMP3+TNFRSF1A,combo_seen1,5000,WitnessCell,0.7654658010382169,0.005924533810442022
Schmidt,3,EMP3+TNFRSF1A,combo_seen1,5000,factorized_only,0.7652467227687744,0.005929669997278812
Schmidt,3,EMP3+TRAF3IP2,combo_seen1,100,WitnessCell,-0.13453796058619025,0.02760468562552287
Schmidt,3,EMP3+TRAF3IP2,combo_seen1,100,factorized_only,-0.13426556003083784,0.02760660950808286
Schmidt,3,EMP3+TRAF3IP2,combo_seen1,5000,WitnessCell,0.49705638678366126,0.008179022198641025
Schmidt,3,EMP3+TRAF3IP2,combo_seen1,5000,factorized_only,0.4949581490639729,0.008201414996153953
Schmidt,3,EMP3+VAV1,combo_seen1,100,WitnessCell,0.23280820777323846,0.026212171307373612
Schmidt,3,EMP3+VAV1,combo_seen1,100,factorized_only,0.2357140957084604,0.026183631373385762
Schmidt,3,EMP3+VAV1,combo_seen1,5000,WitnessCell,0.5855361019574478,0.008452813311839103
Schmidt,3,EMP3+VAV1,combo_seen1,5000,factorized_only,0.585276718861618,0.008455222862214276
Schmidt,3,JMJD1C+TNFRSF1B,combo_seen1,100,WitnessCell,0.054910679320778734,0.024024197705075478
Schmidt,3,JMJD1C+TNFRSF1B,combo_seen1,100,factorized_only,0.054910679320778734,0.024024197705075478
Schmidt,3,JMJD1C+TNFRSF1B,combo_seen1,5000,WitnessCell,0.01572536670775985,0.01797323170233327
Schmidt,3,JMJD1C+TNFRSF1B,combo_seen1,5000,factorized_only,0.01572536670775985,0.01797323170233327
Schmidt,3,MGST3+TRIM21,combo_seen1,100,WitnessCell,0.24237498834328214,0.06571399426284956
Schmidt,3,MGST3+TRIM21,combo_seen1,100,factorized_only,0.2414027046604137,0.06572885259117982
Schmidt,3,MGST3+TRIM21,combo_seen1,5000,WitnessCell,0.1025508410704431,0.008167822187280478
Schmidt,3,MGST3+TRIM21,combo_seen1,5000,factorized_only,0.1023039077254099,0.008168867823792886
Schmidt,3,PRKD2+TNFRSF1B,combo_seen1,100,WitnessCell,0.144830141595865,0.050027843128242634
Schmidt,3,PRKD2+TNFRSF1B,combo_seen1,100,factorized_only,0.1373736460411761,0.050100699553476936
Schmidt,3,PRKD2+TNFRSF1B,combo_seen1,5000,WitnessCell,0.31488157665039535,0.012916167206211799
Schmidt,3,PRKD2+TNFRSF1B,combo_seen1,5000,factorized_only,0.31384545998017754,0.012923005620158202
Schmidt,3,TNFRSF1B+TRAF3IP2,combo_seen1,100,WitnessCell,0.9623177796769167,0.009080524514593687
Schmidt,3,TNFRSF1B+TRAF3IP2,combo_seen1,100,factorized_only,0.9618284424061262,0.009106525933896903
Schmidt,3,TNFRSF1B+TRAF3IP2,combo_seen1,5000,WitnessCell,0.5310825464159661,0.008809021290233029
Schmidt,3,TNFRSF1B+TRAF3IP2,combo_seen1,5000,factorized_only,0.5312373213123942,0.008807414669100956
Schmidt,3,TNFRSF12A+TRAF3IP2,combo_seen1,100,WitnessCell,0.2234826199227529,0.008489729250064162
Schmidt,3,TNFRSF12A+TRAF3IP2,combo_seen1,100,factorized_only,0.22321896776963857,0.008483219147211764
Schmidt,3,TNFRSF12A+TRAF3IP2,combo_seen1,5000,WitnessCell,0.4917421180227803,0.008540922209338298
Schmidt,3,TNFRSF12A+TRAF3IP2,combo_seen1,5000,factorized_only,0.4925629800120569,0.008531832785617047
Schmidt,3,PRKD2+VAV1,combo_seen2,100,WitnessCell,0.19170025773011834,0.0036237360256085507
Schmidt,3,PRKD2+VAV1,combo_seen2,100,factorized_only,0.19360040340246398,0.003612637451090859
Schmidt,3,PRKD2+VAV1,combo_seen2,5000,WitnessCell,0.564407956685627,0.006265383515627081
Schmidt,3,PRKD2+VAV1,combo_seen2,5000,factorized_only,0.5632511060488842,0.006279901364904985
Schmidt,3,TNFRSF1A+TRAF3IP2,combo_seen2,100,WitnessCell,0.9410443915831931,0.004051082192653643
Schmidt,3,TNFRSF1A+TRAF3IP2,combo_seen2,100,factorized_only,0.9402960094215088,0.00408089589177957
Schmidt,3,TNFRSF1A+TRAF3IP2,combo_seen2,5000,WitnessCell,0.7191385307297194,0.0057824824668041746
Schmidt,3,TNFRSF1A+TRAF3IP2,combo_seen2,5000,factorized_only,0.7181554694309419,0.005800801363950356
Schmidt,3,TRAF3IP2+TRIM21,combo_seen2,100,WitnessCell,0.4468095640242759,0.005744895436327449
Schmidt,3,TRAF3IP2+TRIM21,combo_seen2,100,factorized_only,0.4475845712398437,0.005738172482883851
Schmidt,3,TRAF3IP2+TRIM21,combo_seen2,5000,WitnessCell,0.3743845555481189,0.00746220450595185
Schmidt,3,TRAF3IP2+TRIM21,combo_seen2,5000,factorized_only,0.37277303417211977,0.007476890253768129
Schmidt,3,ABCB10,unseen_single,100,WitnessCell,0.16941070275548895,0.0504044642021952
Schmidt,3,ABCB10,unseen_single,100,factorized_only,0.16941070275548895,0.0504044642021952
Schmidt,3,ABCB10,unseen_single,5000,WitnessCell,0.16605477294514084,0.001926740592640714
Schmidt,3,ABCB10,unseen_single,5000,factorized_only,0.16605477294514084,0.001926740592640714
Schmidt,3,APOL2,unseen_single,100,WitnessCell,0.165526887926231,0.07824363158033089
Schmidt,3,APOL2,unseen_single,100,factorized_only,0.165526887926231,0.07824363158033089
Schmidt,3,APOL2,unseen_single,5000,WitnessCell,0.11040888853730488,0.002197291237853823
Schmidt,3,APOL2,unseen_single,5000,factorized_only,0.11040888853730488,0.002197291237853823
Schmidt,3,EMP3,unseen_single,100,WitnessCell,0.16079119135532244,0.02408546772654165
Schmidt,3,EMP3,unseen_single,100,factorized_only,0.16079119135532244,0.02408546772654165
Schmidt,3,EMP3,unseen_single,5000,WitnessCell,0.2286695660208443,0.0008369063521910601
Schmidt,3,EMP3,unseen_single,5000,factorized_only,0.2286695660208443,0.0008369063521910601
Schmidt,3,FOSB,unseen_single,100,WitnessCell,0.46807435421658145,0.04443765314159803
Schmidt,3,FOSB,unseen_single,100,factorized_only,0.46807435421658145,0.04443765314159803
Schmidt,3,FOSB,unseen_single,5000,WitnessCell,0.4464072798281483,0.0017800152908235539
Schmidt,3,FOSB,unseen_single,5000,factorized_only,0.4464072798281483,0.0017800152908235539
Schmidt,3,LCP2,unseen_single,100,WitnessCell,0.4239397287867765,0.05816543481943506
Schmidt,3,LCP2,unseen_single,100,factorized_only,0.4239397287867765,0.05816543481943506
Schmidt,3,LCP2,unseen_single,5000,WitnessCell,0.3311940014829202,0.0019329832014631163
Schmidt,3,LCP2,unseen_single,5000,factorized_only,0.3311940014829202,0.0019329832014631163
Schmidt,3,LHX6,unseen_single,100,WitnessCell,0.46412491160165714,0.04859187741660796
Schmidt,3,LHX6,unseen_single,100,factorized_only,0.46412491160165714,0.04859187741660796
Schmidt,3,LHX6,unseen_single,5000,WitnessCell,0.3352455166946292,0.0016061667372647668
Schmidt,3,LHX6,unseen_single,5000,factorized_only,0.3352455166946292,0.0016061667372647668
Schmidt,3,MGST3,unseen_single,100,WitnessCell,0.1879221812116411,0.06988573765880485
Schmidt,3,MGST3,unseen_single,100,factorized_only,0.1879221812116411,0.06988573765880485
Schmidt,3,MGST3,unseen_single,5000,WitnessCell,0.2009621427126085,0.0018871578153643687
Schmidt,3,MGST3,unseen_single,5000,factorized_only,0.2009621427126085,0.0018871578153643687
Schmidt,3,TNFRSF1B,unseen_single,100,WitnessCell,0.7782232338112154,0.24435117281239485
Schmidt,3,TNFRSF1B,unseen_single,100,factorized_only,0.7782232338112154,0.24435117281239485
Schmidt,3,TNFRSF1B,unseen_single,5000,WitnessCell,0.5383942482164698,0.007606603260222839
Schmidt,3,TNFRSF1B,unseen_single,5000,factorized_only,0.5383942482164698,0.007606603260222839
Schmidt,3,TNFRSF12A,unseen_single,100,WitnessCell,0.4726364760784615,0.021855604599202633
Schmidt,3,TNFRSF12A,unseen_single,100,factorized_only,0.4726364760784615,0.021855604599202633
Schmidt,3,TNFRSF12A,unseen_single,5000,WitnessCell,0.4267204216425335,0.000838229686624583
Schmidt,3,TNFRSF12A,unseen_single,5000,factorized_only,0.4267204216425335,0.000838229686624583
Schmidt,3,EMP3+LCP2,combo_seen0,100,WitnessCell,-0.12699492583255598,0.05544612611254487
Schmidt,3,EMP3+LCP2,combo_seen0,100,factorized_only,-0.12699492583255598,0.05544612611254487
Schmidt,3,EMP3+LCP2,combo_seen0,5000,WitnessCell,0.15844303395851295,0.01006781826954448
Schmidt,3,EMP3+LCP2,combo_seen0,5000,factorized_only,0.15844303395851295,0.01006781826954448
Schmidt,3,EMP3+TNFRSF1B,combo_seen0,100,WitnessCell,0.47168797096544024,0.052842435922553624
Schmidt,3,EMP3+TNFRSF1B,combo_seen0,100,factorized_only,0.47168797096544024,0.052842435922553624
Schmidt,3,EMP3+TNFRSF1B,combo_seen0,5000,WitnessCell,0.46462368362333384,0.010087089694645996
Schmidt,3,EMP3+TNFRSF1B,combo_seen0,5000,factorized_only,0.46462368362333384,0.010087089694645996
Replogle_exp6,1,AHCYL1+FDPS,combo_seen1,100,WitnessCell,0.6047968661928791,0.006126271898746296
Replogle_exp6,1,AHCYL1+FDPS,combo_seen1,100,factorized_only,0.6047968661928791,0.006126271898746296
Replogle_exp6,1,AHCYL1+FDPS,combo_seen1,5000,WitnessCell,0.4158134684421417,0.0009587374541513683
Replogle_exp6,1,AHCYL1+FDPS,combo_seen1,5000,factorized_only,0.4158134684421417,0.0009587374541513683
Replogle_exp6,1,ATM+FDPS,combo_seen1,100,WitnessCell,0.6619786426775518,0.006905782727622024
Replogle_exp6,1,ATM+FDPS,combo_seen1,100,factorized_only,0.6619786426775518,0.006905782727622024
Replogle_exp6,1,ATM+FDPS,combo_seen1,5000,WitnessCell,0.4480452441611447,0.0012519727406117688
Replogle_exp6,1,ATM+FDPS,combo_seen1,5000,factorized_only,0.4480452441611447,0.0012519727406117688
Replogle_exp6,1,ATR+FDPS,combo_seen1,100,WitnessCell,0.896703272475158,0.009669022950623394
Replogle_exp6,1,ATR+FDPS,combo_seen1,100,factorized_only,0.896703272475158,0.009669022950623394
Replogle_exp6,1,ATR+FDPS,combo_seen1,5000,WitnessCell,0.7742619102753455,0.001153417226069395
Replogle_exp6,1,ATR+FDPS,combo_seen1,5000,factorized_only,0.7742619102753455,0.001153417226069395
Replogle_exp6,1,ETAA1+FDPS,combo_seen1,100,WitnessCell,0.7109243380526488,0.013055206945243066
Replogle_exp6,1,ETAA1+FDPS,combo_seen1,100,factorized_only,0.7109243380526488,0.013055206945243066
Replogle_exp6,1,ETAA1+FDPS,combo_seen1,5000,WitnessCell,0.3869806465473257,0.0011164531630527552
Replogle_exp6,1,ETAA1+FDPS,combo_seen1,5000,factorized_only,0.3869806465473257,0.0011164531630527552
Replogle_exp6,1,ETAA1+TOPBP1,combo_seen1,100,WitnessCell,0.6759489313966454,0.001240915934157861
Replogle_exp6,1,ETAA1+TOPBP1,combo_seen1,100,factorized_only,0.6759489313966454,0.001240915934157861
Replogle_exp6,1,ETAA1+TOPBP1,combo_seen1,5000,WitnessCell,0.31821275715360936,0.0007442440760905187
Replogle_exp6,1,ETAA1+TOPBP1,combo_seen1,5000,factorized_only,0.31821275715360936,0.0007442440760905187
Replogle_exp6,1,FDPS+IDI1,combo_seen1,100,WitnessCell,0.9345626824748445,0.015576884085501612
Replogle_exp6,1,FDPS+IDI1,combo_seen1,100,factorized_only,0.9345626824748445,0.015576884085501612
Replogle_exp6,1,FDPS+IDI1,combo_seen1,5000,WitnessCell,0.7873689960212308,0.0014477872311664606
Replogle_exp6,1,FDPS+IDI1,combo_seen1,5000,factorized_only,0.7873689960212308,0.0014477872311664606
Replogle_exp6,1,FDPS+LIG4,combo_seen1,100,WitnessCell,0.5302992906528127,0.010245986195095544
Replogle_exp6,1,FDPS+LIG4,combo_seen1,100,factorized_only,0.5302992906528127,0.010245986195095544
Replogle_exp6,1,FDPS+LIG4,combo_seen1,5000,WitnessCell,0.3560267177483539,0.0011324681695136282
Replogle_exp6,1,FDPS+LIG4,combo_seen1,5000,factorized_only,0.3560267177483539,0.0011324681695136282
Replogle_exp6,1,FDPS+MVD,combo_seen1,100,WitnessCell,0.9297110743441125,0.024055237916475666
Replogle_exp6,1,FDPS+MVD,combo_seen1,100,factorized_only,0.9297110743441125,0.024055237916475666
Replogle_exp6,1,FDPS+MVD,combo_seen1,5000,WitnessCell,0.8269339886710277,0.002097360534841145
Replogle_exp6,1,FDPS+MVD,combo_seen1,5000,factorized_only,0.8269339886710277,0.002097360534841145
Replogle_exp6,1,FDPS+NHEJ1,combo_seen1,100,WitnessCell,0.7734136421328952,0.004442812875344342
Replogle_exp6,1,FDPS+NHEJ1,combo_seen1,100,factorized_only,0.7734136421328952,0.004442812875344342
Replogle_exp6,1,FDPS+NHEJ1,combo_seen1,5000,WitnessCell,0.43701418884603455,0.001362132958337302
Replogle_exp6,1,FDPS+NHEJ1,combo_seen1,5000,factorized_only,0.43701418884603455,0.001362132958337302
Replogle_exp6,1,FDPS+PMVK,combo_seen1,100,WitnessCell,0.20136906392979115,0.016855442647730864
Replogle_exp6,1,FDPS+PMVK,combo_seen1,100,factorized_only,0.20136906392979115,0.016855442647730864
Replogle_exp6,1,FDPS+PMVK,combo_seen1,5000,WitnessCell,0.1779283370316667,0.0016552578123916306
Replogle_exp6,1,FDPS+PMVK,combo_seen1,5000,factorized_only,0.1779283370316667,0.0016552578123916306
Replogle_exp6,1,FDPS+PRKDC,combo_seen1,100,WitnessCell,0.8461113600505146,0.008611340074479305
Replogle_exp6,1,FDPS+PRKDC,combo_seen1,100,factorized_only,0.8461113600505146,0.008611340074479305
Replogle_exp6,1,FDPS+PRKDC,combo_seen1,5000,WitnessCell,0.5407196278567498,0.0012094898231744884
Replogle_exp6,1,FDPS+PRKDC,combo_seen1,5000,factorized_only,0.5407196278567498,0.0012094898231744884
Replogle_exp6,1,FDPS+RAD1,combo_seen1,100,WitnessCell,0.7135282418319326,0.005821430380065645
Replogle_exp6,1,FDPS+RAD1,combo_seen1,100,factorized_only,0.7135282418319326,0.005821430380065645
Replogle_exp6,1,FDPS+RAD1,combo_seen1,5000,WitnessCell,0.43824164489067846,0.0009572592454186189
Replogle_exp6,1,FDPS+RAD1,combo_seen1,5000,factorized_only,0.43824164489067846,0.0009572592454186189
Replogle_exp6,1,FDPS+RAD9A,combo_seen1,100,WitnessCell,0.8246648384342509,0.009744412446044818
Replogle_exp6,1,FDPS+RAD9A,combo_seen1,100,factorized_only,0.8246648384342509,0.009744412446044818
Replogle_exp6,1,FDPS+RAD9A,combo_seen1,5000,WitnessCell,0.695778710163677,0.0008350360335778349
Replogle_exp6,1,FDPS+RAD9A,combo_seen1,5000,factorized_only,0.695778710163677,0.0008350360335778349
Replogle_exp6,1,FDPS+RAD17,combo_seen1,100,WitnessCell,0.7828712152091762,0.007394942289219751
Replogle_exp6,1,FDPS+RAD17,combo_seen1,100,factorized_only,0.7828712152091762,0.007394942289219751
Replogle_exp6,1,FDPS+RAD17,combo_seen1,5000,WitnessCell,0.5214011806449684,0.0008049911294830853
Replogle_exp6,1,FDPS+RAD17,combo_seen1,5000,factorized_only,0.5214011806449684,0.0008049911294830853
Replogle_exp6,1,FDPS+RRM1,combo_seen1,100,WitnessCell,0.9038076465145967,0.014493567340697644
Replogle_exp6,1,FDPS+RRM1,combo_seen1,100,factorized_only,0.9038076465145967,0.014493567340697644
Replogle_exp6,1,FDPS+RRM1,combo_seen1,5000,WitnessCell,0.7968208906321574,0.0009053233883483543
Replogle_exp6,1,FDPS+RRM1,combo_seen1,5000,factorized_only,0.7968208906321574,0.0009053233883483543
Replogle_exp6,1,FDPS+RRM2B,combo_seen1,100,WitnessCell,0.7005330412096444,0.0187943849808259
Replogle_exp6,1,FDPS+RRM2B,combo_seen1,100,factorized_only,0.7005330412096444,0.0187943849808259
Replogle_exp6,1,FDPS+RRM2B,combo_seen1,5000,WitnessCell,0.4264797496801574,0.0012294453803483867
Replogle_exp6,1,FDPS+RRM2B,combo_seen1,5000,factorized_only,0.4264797496801574,0.0012294453803483867
Replogle_exp6,1,FDPS+SQLE,combo_seen1,100,WitnessCell,0.9586470895691949,0.017743732954679025
Replogle_exp6,1,FDPS+SQLE,combo_seen1,100,factorized_only,0.9586470895691949,0.017743732954679025
Replogle_exp6,1,FDPS+SQLE,combo_seen1,5000,WitnessCell,0.9106618203563437,0.0011254073829175125
Replogle_exp6,1,FDPS+SQLE,combo_seen1,5000,factorized_only,0.9106618203563437,0.0011254073829175125
Replogle_exp6,1,FDPS+SREBF1,combo_seen1,100,WitnessCell,0.90392598471108,0.010400358188039525
Replogle_exp6,1,FDPS+SREBF1,combo_seen1,100,factorized_only,0.90392598471108,0.010400358188039525
Replogle_exp6,1,FDPS+SREBF1,combo_seen1,5000,WitnessCell,0.7706784832254227,0.0009799350413734662
Replogle_exp6,1,FDPS+SREBF1,combo_seen1,5000,factorized_only,0.7706784832254227,0.0009799350413734662
Replogle_exp6,1,FDPS+SREBF2,combo_seen1,100,WitnessCell,0.8460120831848443,0.007920831999768669
Replogle_exp6,1,FDPS+SREBF2,combo_seen1,100,factorized_only,0.8460120831848443,0.007920831999768669
Replogle_exp6,1,FDPS+SREBF2,combo_seen1,5000,WitnessCell,0.5833299086890951,0.000640740343125526
Replogle_exp6,1,FDPS+SREBF2,combo_seen1,5000,factorized_only,0.5833299086890951,0.000640740343125526
Replogle_exp6,1,FDPS+XRCC5,combo_seen1,100,WitnessCell,0.9445420106157253,0.014439130556370486
Replogle_exp6,1,FDPS+XRCC5,combo_seen1,100,factorized_only,0.9445420106157253,0.014439130556370486
Replogle_exp6,1,FDPS+XRCC5,combo_seen1,5000,WitnessCell,0.8186308790178157,0.0020442134946291146
Replogle_exp6,1,FDPS+XRCC5,combo_seen1,5000,factorized_only,0.8186308790178157,0.0020442134946291146
Replogle_exp6,1,FDPS+XRCC6,combo_seen1,100,WitnessCell,0.9732806413562303,0.011182881079448261
Replogle_exp6,1,FDPS+XRCC6,combo_seen1,100,factorized_only,0.9732806413562303,0.011182881079448261
Replogle_exp6,1,FDPS+XRCC6,combo_seen1,5000,WitnessCell,0.9010399195721415,0.001562510617561745
Replogle_exp6,1,FDPS+XRCC6,combo_seen1,5000,factorized_only,0.9010399195721415,0.001562510617561745
Replogle_exp6,1,HMGCR+SREBF1,combo_seen1,100,WitnessCell,0.8629416730766941,0.016333811040618058
Replogle_exp6,1,HMGCR+SREBF1,combo_seen1,100,factorized_only,0.8629416730766941,0.016333811040618058
Replogle_exp6,1,HMGCR+SREBF1,combo_seen1,5000,WitnessCell,0.7212943814080347,0.0011491705542727316
Replogle_exp6,1,HMGCR+SREBF1,combo_seen1,5000,factorized_only,0.7212943814080347,0.0011491705542727316
Replogle_exp6,1,HMGCR+SREBF2,combo_seen1,100,WitnessCell,0.8309985305058755,0.004622128110414435
Replogle_exp6,1,HMGCR+SREBF2,combo_seen1,100,factorized_only,0.8309985305058755,0.004622128110414435
Replogle_exp6,1,HMGCR+SREBF2,combo_seen1,5000,WitnessCell,0.5340363208796562,0.0006150906763524414
Replogle_exp6,1,HMGCR+SREBF2,combo_seen1,5000,factorized_only,0.5340363208796562,0.0006150906763524414
Replogle_exp6,1,HUS1+IDI1,combo_seen1,100,WitnessCell,0.8648289294501752,0.028424598443195243
Replogle_exp6,1,HUS1+IDI1,combo_seen1,100,factorized_only,0.8648289294501752,0.028424598443195243
Replogle_exp6,1,HUS1+IDI1,combo_seen1,5000,WitnessCell,0.6384816721706806,0.0022129455382746918
Replogle_exp6,1,HUS1+IDI1,combo_seen1,5000,factorized_only,0.6384816721706806,0.0022129455382746918
Replogle_exp6,1,HUS1+MVD,combo_seen1,100,WitnessCell,0.9305414268304428,0.02534516276629902
Replogle_exp6,1,HUS1+MVD,combo_seen1,100,factorized_only,0.9305414268304428,0.02534516276629902
Replogle_exp6,1,HUS1+MVD,combo_seen1,5000,WitnessCell,0.7944408092195789,0.00241501058192504
Replogle_exp6,1,HUS1+MVD,combo_seen1,5000,factorized_only,0.7944408092195789,0.00241501058192504
Replogle_exp6,1,HUS1+PMVK,combo_seen1,100,WitnessCell,0.24702038710779264,0.021075291471303777
Replogle_exp6,1,HUS1+PMVK,combo_seen1,100,factorized_only,0.24702038710779264,0.021075291471303777
Replogle_exp6,1,HUS1+PMVK,combo_seen1,5000,WitnessCell,0.2570502142026154,0.0014394444832538692
Replogle_exp6,1,HUS1+PMVK,combo_seen1,5000,factorized_only,0.2570502142026154,0.0014394444832538692
Replogle_exp6,1,HUS1+RRM1,combo_seen1,100,WitnessCell,0.9285037895623346,0.016672597606502918
Replogle_exp6,1,HUS1+RRM1,combo_seen1,100,factorized_only,0.9285037895623346,0.016672597606502918
Replogle_exp6,1,HUS1+RRM1,combo_seen1,5000,WitnessCell,0.786370689418038,0.001013943351087123
Replogle_exp6,1,HUS1+RRM1,combo_seen1,5000,factorized_only,0.786370689418038,0.001013943351087123
Replogle_exp6,1,HUS1+SQLE,combo_seen1,100,WitnessCell,0.9830537724629177,0.009870009232328114
Replogle_exp6,1,HUS1+SQLE,combo_seen1,100,factorized_only,0.9830537724629177,0.009870009232328114
Replogle_exp6,1,HUS1+SQLE,combo_seen1,5000,WitnessCell,0.9205081297603537,0.0009762141739893673
Replogle_exp6,1,HUS1+SQLE,combo_seen1,5000,factorized_only,0.9205081297603537,0.0009762141739893673
Replogle_exp6,1,HUS1+SREBF1,combo_seen1,100,WitnessCell,0.9544045456531699,0.00471976913353888
Replogle_exp6,1,HUS1+SREBF1,combo_seen1,100,factorized_only,0.9544045456531699,0.00471976913353888
Replogle_exp6,1,HUS1+SREBF1,combo_seen1,5000,WitnessCell,0.7842007074301168,0.0009192834212272246
Replogle_exp6,1,HUS1+SREBF1,combo_seen1,5000,factorized_only,0.7842007074301168,0.0009192834212272246
Replogle_exp6,1,HUS1+SREBF2,combo_seen1,100,WitnessCell,0.9233262218483941,0.001882419534934568
Replogle_exp6,1,HUS1+SREBF2,combo_seen1,100,factorized_only,0.9233262218483941,0.001882419534934568
Replogle_exp6,1,HUS1+SREBF2,combo_seen1,5000,WitnessCell,0.5826346352877698,0.0005633356739311756
Replogle_exp6,1,HUS1+SREBF2,combo_seen1,5000,factorized_only,0.5826346352877698,0.0005633356739311756
Replogle_exp6,1,CHEK1,unseen_single,100,WitnessCell,-0.596028951948071,0.002093980931546602
Replogle_exp6,1,CHEK1,unseen_single,100,factorized_only,-0.596028951948071,0.002093980931546602
Replogle_exp6,1,CHEK1,unseen_single,5000,WitnessCell,0.06564390011000307,0.0010529079714773862
Replogle_exp6,1,CHEK1,unseen_single,5000,factorized_only,0.06564390011000307,0.0010529079714773862
Replogle_exp6,1,FDPS,unseen_single,100,WitnessCell,0.8166679458777413,0.01570018327208854
Replogle_exp6,1,FDPS,unseen_single,100,factorized_only,0.8166679458777413,0.01570018327208854
Replogle_exp6,1,FDPS,unseen_single,5000,WitnessCell,0.6326674736116868,0.0007365601870998069
Replogle_exp6,1,FDPS,unseen_single,5000,factorized_only,0.6326674736116868,0.0007365601870998069
Replogle_exp6,1,HMGCR,unseen_single,100,WitnessCell,0.1666911504682965,0.010620743537669109
Replogle_exp6,1,HMGCR,unseen_single,100,factorized_only,0.1666911504682965,0.010620743537669109
Replogle_exp6,1,HMGCR,unseen_single,5000,WitnessCell,0.2126546015974837,0.0005674177022972811
Replogle_exp6,1,HMGCR,unseen_single,5000,factorized_only,0.2126546015974837,0.0005674177022972811
Replogle_exp6,1,HSPE1,unseen_single,100,WitnessCell,0.7613249246758745,0.21474029486442128
Replogle_exp6,1,HSPE1,unseen_single,100,factorized_only,0.7613249246758745,0.21474029486442128
Replogle_exp6,1,HSPE1,unseen_single,5000,WitnessCell,0.47211739724119156,0.009065843320491056
Replogle_exp6,1,HSPE1,unseen_single,5000,factorized_only,0.47211739724119156,0.009065843320491056
Replogle_exp6,1,HUS1,unseen_single,100,WitnessCell,0.4866372317845688,0.0037694114475371617
Replogle_exp6,1,HUS1,unseen_single,100,factorized_only,0.4866372317845688,0.0037694114475371617
Replogle_exp6,1,HUS1,unseen_single,5000,WitnessCell,0.35600717210478494,0.00035084900139261457
Replogle_exp6,1,HUS1,unseen_single,5000,factorized_only,0.35600717210478494,0.00035084900139261457
Replogle_exp6,1,MTOR,unseen_single,100,WitnessCell,0.6029761309693719,0.11102604339163635
Replogle_exp6,1,MTOR,unseen_single,100,factorized_only,0.6029761309693719,0.11102604339163635
Replogle_exp6,1,MTOR,unseen_single,5000,WitnessCell,0.47496804161172823,0.005000543410294331
Replogle_exp6,1,MTOR,unseen_single,5000,factorized_only,0.47496804161172823,0.005000543410294331
Replogle_exp6,1,TOPBP1,unseen_single,100,WitnessCell,0.4528395042590097,0.0015907503373485481
Replogle_exp6,1,TOPBP1,unseen_single,100,factorized_only,0.4528395042590097,0.0015907503373485481
Replogle_exp6,1,TOPBP1,unseen_single,5000,WitnessCell,0.26419796963740655,0.0004143641150136938
Replogle_exp6,1,TOPBP1,unseen_single,5000,factorized_only,0.26419796963740655,0.0004143641150136938
Replogle_exp6,1,CHEK1+FDPS,combo_seen0,100,WitnessCell,0.6835719321291108,0.006437741104628646
Replogle_exp6,1,CHEK1+FDPS,combo_seen0,100,factorized_only,0.6835719321291108,0.006437741104628646
Replogle_exp6,1,CHEK1+FDPS,combo_seen0,5000,WitnessCell,0.4098858261346904,0.0018067111525995267
Replogle_exp6,1,CHEK1+FDPS,combo_seen0,5000,factorized_only,0.4098858261346904,0.0018067111525995267
Replogle_exp6,1,FDPS+HMGCR,combo_seen0,100,WitnessCell,0.183880138828447,0.021370448668588442
Replogle_exp6,1,FDPS+HMGCR,combo_seen0,100,factorized_only,0.183880138828447,0.021370448668588442
Replogle_exp6,1,FDPS+HMGCR,combo_seen0,5000,WitnessCell,0.21004392383061318,0.0015765384899134088
Replogle_exp6,1,FDPS+HMGCR,combo_seen0,5000,factorized_only,0.21004392383061318,0.0015765384899134088
Replogle_exp6,1,FDPS+HUS1,combo_seen0,100,WitnessCell,0.8280864278332731,0.012003999046368665
Replogle_exp6,1,FDPS+HUS1,combo_seen0,100,factorized_only,0.8280864278332731,0.012003999046368665
Replogle_exp6,1,FDPS+HUS1,combo_seen0,5000,WitnessCell,0.6622028307478386,0.0009395018302058169
Replogle_exp6,1,FDPS+HUS1,combo_seen0,5000,factorized_only,0.6622028307478386,0.0009395018302058169
Replogle_exp6,1,FDPS+TOPBP1,combo_seen0,100,WitnessCell,0.7105315498087151,0.005385366965663446
Replogle_exp6,1,FDPS+TOPBP1,combo_seen0,100,factorized_only,0.7105315498087151,0.005385366965663446
Replogle_exp6,1,FDPS+TOPBP1,combo_seen0,5000,WitnessCell,0.4111724801797715,0.0013523852585826705
Replogle_exp6,1,FDPS+TOPBP1,combo_seen0,5000,factorized_only,0.4111724801797715,0.0013523852585826705
Replogle_exp6,1,HMGCR+HUS1,combo_seen0,100,WitnessCell,0.2469860196256447,0.02076055052931319
Replogle_exp6,1,HMGCR+HUS1,combo_seen0,100,factorized_only,0.2469860196256447,0.02076055052931319
Replogle_exp6,1,HMGCR+HUS1,combo_seen0,5000,WitnessCell,0.25564049987282667,0.0014693238776910093
Replogle_exp6,1,HMGCR+HUS1,combo_seen0,5000,factorized_only,0.25564049987282667,0.0014693238776910093
Replogle_exp6,2,AHCYL1+FDPS,combo_seen1,100,WitnessCell,0.6056877159189061,0.006379283639328621
Replogle_exp6,2,AHCYL1+FDPS,combo_seen1,100,factorized_only,0.6056877159189061,0.006379283639328621
Replogle_exp6,2,AHCYL1+FDPS,combo_seen1,5000,WitnessCell,0.4090214421475222,0.000874033614610904
Replogle_exp6,2,AHCYL1+FDPS,combo_seen1,5000,factorized_only,0.4090214421475222,0.000874033614610904
Replogle_exp6,2,ATM+FDPS,combo_seen1,100,WitnessCell,0.6263707324104002,0.007644821883302032
Replogle_exp6,2,ATM+FDPS,combo_seen1,100,factorized_only,0.6263707324104002,0.007644821883302032
Replogle_exp6,2,ATM+FDPS,combo_seen1,5000,WitnessCell,0.43525209482166516,0.001209124309173035
Replogle_exp6,2,ATM+FDPS,combo_seen1,5000,factorized_only,0.43525209482166516,0.001209124309173035
Replogle_exp6,2,ATR+FDPS,combo_seen1,100,WitnessCell,0.9120443260381834,0.006170681349500382
Replogle_exp6,2,ATR+FDPS,combo_seen1,100,factorized_only,0.9120443260381834,0.006170681349500382
Replogle_exp6,2,ATR+FDPS,combo_seen1,5000,WitnessCell,0.7756938620529943,0.0009027512102449709
Replogle_exp6,2,ATR+FDPS,combo_seen1,5000,factorized_only,0.7756938620529943,0.0009027512102449709
Replogle_exp6,2,CHEK1+FDPS,combo_seen1,100,WitnessCell,0.7930312990649624,0.005385464810300143
Replogle_exp6,2,CHEK1+FDPS,combo_seen1,100,factorized_only,0.7930312990649624,0.005385464810300143
Replogle_exp6,2,CHEK1+FDPS,combo_seen1,5000,WitnessCell,0.4248550833004899,0.0014636794644835897
Replogle_exp6,2,CHEK1+FDPS,combo_seen1,5000,factorized_only,0.4248550833004899,0.0014636794644835897
Replogle_exp6,2,ETAA1+FDPS,combo_seen1,100,WitnessCell,0.7095242086678213,0.014460062801740156
Replogle_exp6,2,ETAA1+FDPS,combo_seen1,100,factorized_only,0.7095242086678213,0.014460062801740156
Replogle_exp6,2,ETAA1+FDPS,combo_seen1,5000,WitnessCell,0.35854966575112107,0.0011045843252118833
Replogle_exp6,2,ETAA1+FDPS,combo_seen1,5000,factorized_only,0.35854966575112107,0.0011045843252118833
Replogle_exp6,2,FDPS+HMGCR,combo_seen1,100,WitnessCell,0.23423536746152068,0.016873741805132247
Replogle_exp6,2,FDPS+HMGCR,combo_seen1,100,factorized_only,0.23423536746152068,0.016873741805132247
Replogle_exp6,2,FDPS+HMGCR,combo_seen1,5000,WitnessCell,0.24704567298150662,0.001037234272221226
Replogle_exp6,2,FDPS+HMGCR,combo_seen1,5000,factorized_only,0.24704567298150662,0.001037234272221226
Replogle_exp6,2,FDPS+HUS1,combo_seen1,100,WitnessCell,0.8238090511147115,0.01702576006622174
Replogle_exp6,2,FDPS+HUS1,combo_seen1,100,factorized_only,0.8237662033830935,0.017411165381317168
Replogle_exp6,2,FDPS+HUS1,combo_seen1,5000,WitnessCell,0.6921108722513786,0.0006997154303263942
Replogle_exp6,2,FDPS+HUS1,combo_seen1,5000,factorized_only,0.6815572946203285,0.0007158049928535895
Replogle_exp6,2,FDPS+IDI1,combo_seen1,100,WitnessCell,0.9355331920647877,0.00623140512708062
Replogle_exp6,2,FDPS+IDI1,combo_seen1,100,factorized_only,0.9355331920647877,0.00623140512708062
Replogle_exp6,2,FDPS+IDI1,combo_seen1,5000,WitnessCell,0.7606800083577528,0.0010556443328287152
Replogle_exp6,2,FDPS+IDI1,combo_seen1,5000,factorized_only,0.7606800083577528,0.0010556443328287152
Replogle_exp6,2,FDPS+LIG4,combo_seen1,100,WitnessCell,0.5661306200045847,0.010415120449167956
Replogle_exp6,2,FDPS+LIG4,combo_seen1,100,factorized_only,0.5661306200045847,0.010415120449167956
Replogle_exp6,2,FDPS+LIG4,combo_seen1,5000,WitnessCell,0.33989546570785584,0.0010910578504770435
Replogle_exp6,2,FDPS+LIG4,combo_seen1,5000,factorized_only,0.33989546570785584,0.0010910578504770435
Replogle_exp6,2,FDPS+MVD,combo_seen1,100,WitnessCell,0.7623866367555454,0.052754665689722306
Replogle_exp6,2,FDPS+MVD,combo_seen1,100,factorized_only,0.7623866367555454,0.052754665689722306
Replogle_exp6,2,FDPS+MVD,combo_seen1,5000,WitnessCell,0.48538566838480196,0.0024798412585207976
Replogle_exp6,2,FDPS+MVD,combo_seen1,5000,factorized_only,0.48538566838480196,0.0024798412585207976
Replogle_exp6,2,FDPS+NHEJ1,combo_seen1,100,WitnessCell,0.5887978959408054,0.007514556660889005
Replogle_exp6,2,FDPS+NHEJ1,combo_seen1,100,factorized_only,0.5887978959408054,0.007514556660889005
Replogle_exp6,2,FDPS+NHEJ1,combo_seen1,5000,WitnessCell,0.3176159681298885,0.0010722630790693697
Replogle_exp6,2,FDPS+NHEJ1,combo_seen1,5000,factorized_only,0.3176159681298885,0.0010722630790693697
Replogle_exp6,2,FDPS+PRKDC,combo_seen1,100,WitnessCell,0.8362142498817992,0.01017386621325255
Replogle_exp6,2,FDPS+PRKDC,combo_seen1,100,factorized_only,0.8362142498817992,0.01017386621325255
Replogle_exp6,2,FDPS+PRKDC,combo_seen1,5000,WitnessCell,0.49241595163354474,0.0011284704033865068
Replogle_exp6,2,FDPS+PRKDC,combo_seen1,5000,factorized_only,0.49241595163354474,0.0011284704033865068
Replogle_exp6,2,FDPS+RAD1,combo_seen1,100,WitnessCell,0.7063525717407914,0.00613251655332411
Replogle_exp6,2,FDPS+RAD1,combo_seen1,100,factorized_only,0.7063525717407914,0.00613251655332411
Replogle_exp6,2,FDPS+RAD1,combo_seen1,5000,WitnessCell,0.42594274598711546,0.000860969246906469
Replogle_exp6,2,FDPS+RAD1,combo_seen1,5000,factorized_only,0.42594274598711546,0.000860969246906469
Replogle_exp6,2,FDPS+RAD9A,combo_seen1,100,WitnessCell,0.8474932224058528,0.0089708967013071
Replogle_exp6,2,FDPS+RAD9A,combo_seen1,100,factorized_only,0.8474932224058528,0.0089708967013071
Replogle_exp6,2,FDPS+RAD9A,combo_seen1,5000,WitnessCell,0.7060818545803375,0.0007252355476707338
Replogle_exp6,2,FDPS+RAD9A,combo_seen1,5000,factorized_only,0.7060818545803375,0.0007252355476707338
Replogle_exp6,2,FDPS+RRM1,combo_seen1,100,WitnessCell,0.9048561145117223,0.0059678231450036165
Replogle_exp6,2,FDPS+RRM1,combo_seen1,100,factorized_only,0.9048561145117223,0.0059678231450036165
Replogle_exp6,2,FDPS+RRM1,combo_seen1,5000,WitnessCell,0.777074314328776,0.0006215387370080332
Replogle_exp6,2,FDPS+RRM1,combo_seen1,5000,factorized_only,0.777074314328776,0.0006215387370080332
Replogle_exp6,2,FDPS+RRM2B,combo_seen1,100,WitnessCell,0.7008899999812773,0.020140051795385392
Replogle_exp6,2,FDPS+RRM2B,combo_seen1,100,factorized_only,0.7008899999812773,0.020140051795385392
Replogle_exp6,2,FDPS+RRM2B,combo_seen1,5000,WitnessCell,0.40464799995860157,0.0012209344654923343
Replogle_exp6,2,FDPS+RRM2B,combo_seen1,5000,factorized_only,0.40464799995860157,0.0012209344654923343
Replogle_exp6,2,FDPS+SQLE,combo_seen1,100,WitnessCell,0.9616348376763455,0.0071499492557873644
Replogle_exp6,2,FDPS+SQLE,combo_seen1,100,factorized_only,0.9552750790058319,0.008205378992624664
Replogle_exp6,2,FDPS+SQLE,combo_seen1,5000,WitnessCell,0.9129019051300639,0.0006005155594701819
Replogle_exp6,2,FDPS+SQLE,combo_seen1,5000,factorized_only,0.8940055686685571,0.0007321174743321162
Replogle_exp6,2,FDPS+SREBF1,combo_seen1,100,WitnessCell,0.9122232241263446,0.006229218823602187
Replogle_exp6,2,FDPS+SREBF1,combo_seen1,100,factorized_only,0.9046634911448153,0.006504419464938698
Replogle_exp6,2,FDPS+SREBF1,combo_seen1,5000,WitnessCell,0.7875879295485302,0.0006666706522163681
Replogle_exp6,2,FDPS+SREBF1,combo_seen1,5000,factorized_only,0.7620905514319787,0.0007492321571574525
Replogle_exp6,2,FDPS+TOPBP1,combo_seen1,100,WitnessCell,0.7159623409428294,0.005374266861764217
Replogle_exp6,2,FDPS+TOPBP1,combo_seen1,100,factorized_only,0.7159623409428294,0.005374266861764217
Replogle_exp6,2,FDPS+TOPBP1,combo_seen1,5000,WitnessCell,0.4478957292693054,0.000734503708370842
Replogle_exp6,2,FDPS+TOPBP1,combo_seen1,5000,factorized_only,0.4478957292693054,0.000734503708370842
Replogle_exp6,2,FDPS+XRCC6,combo_seen1,100,WitnessCell,0.9685989799444862,0.02150365615205181
Replogle_exp6,2,FDPS+XRCC6,combo_seen1,100,factorized_only,0.9685989799444862,0.02150365615205181
Replogle_exp6,2,FDPS+XRCC6,combo_seen1,5000,WitnessCell,0.8754498564998193,0.0016061827775074725
Replogle_exp6,2,FDPS+XRCC6,combo_seen1,5000,factorized_only,0.8754498564998193,0.0016061827775074725
Replogle_exp6,2,HMGCR+SREBF2,combo_seen1,100,WitnessCell,0.3740303847892687,0.010081920798225934
Replogle_exp6,2,HMGCR+SREBF2,combo_seen1,100,factorized_only,0.3740303847892687,0.010081920798225934
Replogle_exp6,2,HMGCR+SREBF2,combo_seen1,5000,WitnessCell,0.28252995087013383,0.0009749083364809323
Replogle_exp6,2,HMGCR+SREBF2,combo_seen1,5000,factorized_only,0.28252995087013383,0.0009749083364809323
Replogle_exp6,2,HUS1+PMVK,combo_seen1,100,WitnessCell,0.548767117255128,0.007622863547238378
Replogle_exp6,2,HUS1+PMVK,combo_seen1,100,factorized_only,0.5787500064880634,0.0071643119792586755
Replogle_exp6,2,HUS1+PMVK,combo_seen1,5000,WitnessCell,0.512092184739285,0.00042185649958337735
Replogle_exp6,2,HUS1+PMVK,combo_seen1,5000,factorized_only,0.5312818024737088,0.0004139214297427413
Replogle_exp6,2,HUS1+SREBF2,combo_seen1,100,WitnessCell,0.3297900772538883,0.011073792718263928
Replogle_exp6,2,HUS1+SREBF2,combo_seen1,100,factorized_only,0.33892782013772094,0.010907269571522334
Replogle_exp6,2,HUS1+SREBF2,combo_seen1,5000,WitnessCell,0.3299516100449667,0.0006052213186071432
Replogle_exp6,2,HUS1+SREBF2,combo_seen1,5000,factorized_only,0.34383158595976615,0.0006026876825200117
Replogle_exp6,2,ETAA1+TOPBP1,combo_seen2,100,WitnessCell,0.7767092750998961,0.0008226461566001638
Replogle_exp6,2,ETAA1+TOPBP1,combo_seen2,100,factorized_only,0.7767092750998961,0.0008226461566001638
Replogle_exp6,2,ETAA1+TOPBP1,combo_seen2,5000,WitnessCell,0.27313111906221593,0.0006542106125700066
Replogle_exp6,2,ETAA1+TOPBP1,combo_seen2,5000,factorized_only,0.27313111906221593,0.0006542106125700066
Replogle_exp6,2,HUS1+RRM1,combo_seen2,100,WitnessCell,0.9531067353336321,0.0030375194945200506
Replogle_exp6,2,HUS1+RRM1,combo_seen2,100,factorized_only,0.9558780254665802,0.0028193357569911617
Replogle_exp6,2,HUS1+RRM1,combo_seen2,5000,WitnessCell,0.7851760839808747,0.0005081971012977448
Replogle_exp6,2,HUS1+RRM1,combo_seen2,5000,factorized_only,0.7849369030290142,0.0005137879700758372
Replogle_exp6,2,FDPS,unseen_single,100,WitnessCell,0.8316089290470223,0.016850121684727347
Replogle_exp6,2,FDPS,unseen_single,100,factorized_only,0.8316089290470223,0.016850121684727347
Replogle_exp6,2,FDPS,unseen_single,5000,WitnessCell,0.6532337616250389,0.0007416860349568
Replogle_exp6,2,FDPS,unseen_single,5000,factorized_only,0.6532337616250389,0.0007416860349568
Replogle_exp6,2,HSPE1,unseen_single,100,WitnessCell,0.7586225597609129,0.22345483220776857
Replogle_exp6,2,HSPE1,unseen_single,100,factorized_only,0.7586225597609129,0.22345483220776857
Replogle_exp6,2,HSPE1,unseen_single,5000,WitnessCell,0.44260285323888204,0.009352672537844973
Replogle_exp6,2,HSPE1,unseen_single,5000,factorized_only,0.44260285323888204,0.009352672537844973
Replogle_exp6,2,MTOR,unseen_single,100,WitnessCell,0.5725652963281674,0.11638285457582638
Replogle_exp6,2,MTOR,unseen_single,100,factorized_only,0.5725652963281674,0.11638285457582638
Replogle_exp6,2,MTOR,unseen_single,5000,WitnessCell,0.4253506861052765,0.00523066291585757
Replogle_exp6,2,MTOR,unseen_single,5000,factorized_only,0.4253506861052765,0.00523066291585757
Replogle_exp6,2,PMVK,unseen_single,100,WitnessCell,0.2742188892975858,0.006271070119751283
Replogle_exp6,2,PMVK,unseen_single,100,factorized_only,0.2742188892975858,0.006271070119751283
Replogle_exp6,2,PMVK,unseen_single,5000,WitnessCell,0.21485782520729327,0.0004974281248987923
Replogle_exp6,2,PMVK,unseen_single,5000,factorized_only,0.21485782520729327,0.0004974281248987923
Replogle_exp6,2,RAD17,unseen_single,100,WitnessCell,0.35234682996126265,0.0011956182092811133
Replogle_exp6,2,RAD17,unseen_single,100,factorized_only,0.35234682996126265,0.0011956182092811133
Replogle_exp6,2,RAD17,unseen_single,5000,WitnessCell,0.21754593478751638,0.00042512150318072466
Replogle_exp6,2,RAD17,unseen_single,5000,factorized_only,0.21754593478751638,0.00042512150318072466
Replogle_exp6,2,SREBF2,unseen_single,100,WitnessCell,0.41873264371629293,0.010388673775244838
Replogle_exp6,2,SREBF2,unseen_single,100,factorized_only,0.41873264371629293,0.010388673775244838
Replogle_exp6,2,SREBF2,unseen_single,5000,WitnessCell,0.1048661970545627,0.0005664185116469115
Replogle_exp6,2,SREBF2,unseen_single,5000,factorized_only,0.1048661970545627,0.0005664185116469115
Replogle_exp6,2,XRCC5,unseen_single,100,WitnessCell,0.6278913038476924,0.083017582801562
Replogle_exp6,2,XRCC5,unseen_single,100,factorized_only,0.6278913038476924,0.083017582801562
Replogle_exp6,2,XRCC5,unseen_single,5000,WitnessCell,0.4321579805115684,0.00370115252884902
Replogle_exp6,2,XRCC5,unseen_single,5000,factorized_only,0.4321579805115684,0.00370115252884902
Replogle_exp6,2,FDPS+PMVK,combo_seen0,100,WitnessCell,0.31301162170329117,0.014054229240435374
Replogle_exp6,2,FDPS+PMVK,combo_seen0,100,factorized_only,0.31301162170329117,0.014054229240435374
Replogle_exp6,2,FDPS+PMVK,combo_seen0,5000,WitnessCell,0.22161103937979718,0.001097745447538968
Replogle_exp6,2,FDPS+PMVK,combo_seen0,5000,factorized_only,0.22161103937979718,0.001097745447538968
Replogle_exp6,2,FDPS+RAD17,combo_seen0,100,WitnessCell,0.7920251685032806,0.0068952138388131525
Replogle_exp6,2,FDPS+RAD17,combo_seen0,100,factorized_only,0.7920251685032806,0.0068952138388131525
Replogle_exp6,2,FDPS+RAD17,combo_seen0,5000,WitnessCell,0.608165931820422,0.0006916264097406396
Replogle_exp6,2,FDPS+RAD17,combo_seen0,5000,factorized_only,0.608165931820422,0.0006916264097406396
Replogle_exp6,2,FDPS+SREBF2,combo_seen0,100,WitnessCell,0.5771746031580689,0.016712935459844577
Replogle_exp6,2,FDPS+SREBF2,combo_seen0,100,factorized_only,0.5771746031580689,0.016712935459844577
Replogle_exp6,2,FDPS+SREBF2,combo_seen0,5000,WitnessCell,0.40055567045957663,0.0009633881996855331
Replogle_exp6,2,FDPS+SREBF2,combo_seen0,5000,factorized_only,0.40055567045957663,0.0009633881996855331
Replogle_exp6,2,FDPS+XRCC5,combo_seen0,100,WitnessCell,0.7452285696036192,0.04299224257042148
Replogle_exp6,2,FDPS+XRCC5,combo_seen0,100,factorized_only,0.7452285696036192,0.04299224257042148
Replogle_exp6,2,FDPS+XRCC5,combo_seen0,5000,WitnessCell,0.48576359181243056,0.0025998082624206728
Replogle_exp6,2,FDPS+XRCC5,combo_seen0,5000,factorized_only,0.48576359181243056,0.0025998082624206728
Replogle_exp6,3,ATM+FDPS,combo_seen1,100,WitnessCell,0.6160746399917376,0.007687873359671733
Replogle_exp6,3,ATM+FDPS,combo_seen1,100,factorized_only,0.6160746399917376,0.007687873359671733
Replogle_exp6,3,ATM+FDPS,combo_seen1,5000,WitnessCell,0.4437468107503696,0.0012316939466352488
Replogle_exp6,3,ATM+FDPS,combo_seen1,5000,factorized_only,0.4437468107503696,0.0012316939466352488
Replogle_exp6,3,CHEK1+FDPS,combo_seen1,100,WitnessCell,0.6492882075240533,0.007445985483139423
Replogle_exp6,3,CHEK1+FDPS,combo_seen1,100,factorized_only,0.6492882075240533,0.007445985483139423
Replogle_exp6,3,CHEK1+FDPS,combo_seen1,5000,WitnessCell,0.4498365136268721,0.0015473666005076632
Replogle_exp6,3,CHEK1+FDPS,combo_seen1,5000,factorized_only,0.4498365136268721,0.0015473666005076632
Replogle_exp6,3,ETAA1+FDPS,combo_seen1,100,WitnessCell,0.7235484743391585,0.012935918209056168
Replogle_exp6,3,ETAA1+FDPS,combo_seen1,100,factorized_only,0.709476240079667,0.01341725471726819
Replogle_exp6,3,ETAA1+FDPS,combo_seen1,5000,WitnessCell,0.45258034794721075,0.0009721458963939629
Replogle_exp6,3,ETAA1+FDPS,combo_seen1,5000,factorized_only,0.40993837653802306,0.0010551727706571165
Replogle_exp6,3,FDPS+HMGCR,combo_seen1,100,WitnessCell,0.5735707561408392,0.011178429713146148
Replogle_exp6,3,FDPS+HMGCR,combo_seen1,100,factorized_only,0.5683705140175094,0.011386167517226953
Replogle_exp6,3,FDPS+HMGCR,combo_seen1,5000,WitnessCell,0.5077344573360801,0.0006180710332103862
Replogle_exp6,3,FDPS+HMGCR,combo_seen1,5000,factorized_only,0.4921652727916612,0.0006840065681704984
Replogle_exp6,3,FDPS+HUS1,combo_seen1,100,WitnessCell,0.8422324446095228,0.014596561317900885
Replogle_exp6,3,FDPS+HUS1,combo_seen1,100,factorized_only,0.8065534827466988,0.016519228407228314
Replogle_exp6,3,FDPS+HUS1,combo_seen1,5000,WitnessCell,0.7401247649698537,0.0006145905292301086
Replogle_exp6,3,FDPS+HUS1,combo_seen1,5000,factorized_only,0.6851340197891875,0.0007061607979114371
Replogle_exp6,3,FDPS+IDI1,combo_seen1,100,WitnessCell,0.8077203523043313,0.017849916522857553
Replogle_exp6,3,FDPS+IDI1,combo_seen1,100,factorized_only,0.8077203523043313,0.017849916522857553
Replogle_exp6,3,FDPS+IDI1,combo_seen1,5000,WitnessCell,0.6126772049250518,0.001065578533891084
Replogle_exp6,3,FDPS+IDI1,combo_seen1,5000,factorized_only,0.6126772049250518,0.001065578533891084
Replogle_exp6,3,FDPS+LIG4,combo_seen1,100,WitnessCell,0.5031583423660978,0.0107382597550369
Replogle_exp6,3,FDPS+LIG4,combo_seen1,100,factorized_only,0.5031583423660978,0.0107382597550369
Replogle_exp6,3,FDPS+LIG4,combo_seen1,5000,WitnessCell,0.3695276880171759,0.001083980807132717
Replogle_exp6,3,FDPS+LIG4,combo_seen1,5000,factorized_only,0.3695276880171759,0.001083980807132717
Replogle_exp6,3,FDPS+MVD,combo_seen1,100,WitnessCell,0.923311488990244,0.01418112442932804
Replogle_exp6,3,FDPS+MVD,combo_seen1,100,factorized_only,0.9223750397663927,0.01439182752137002
Replogle_exp6,3,FDPS+MVD,combo_seen1,5000,WitnessCell,0.822685780002394,0.0013661333825417568
Replogle_exp6,3,FDPS+MVD,combo_seen1,5000,factorized_only,0.8108592381045682,0.0015949317272994342
Replogle_exp6,3,FDPS+NHEJ1,combo_seen1,100,WitnessCell,0.5735032262895312,0.00745137036774953
Replogle_exp6,3,FDPS+NHEJ1,combo_seen1,100,factorized_only,0.5735032262895312,0.00745137036774953
Replogle_exp6,3,FDPS+NHEJ1,combo_seen1,5000,WitnessCell,0.32804967891718667,0.0011061674203308872
Replogle_exp6,3,FDPS+NHEJ1,combo_seen1,5000,factorized_only,0.32804967891718667,0.0011061674203308872
Replogle_exp6,3,FDPS+PMVK,combo_seen1,100,WitnessCell,0.5171966216530633,0.011034103215792903
Replogle_exp6,3,FDPS+PMVK,combo_seen1,100,factorized_only,0.5090445739117244,0.011251681078035194
Replogle_exp6,3,FDPS+PMVK,combo_seen1,5000,WitnessCell,0.41158596811946435,0.0007237588364084178
Replogle_exp6,3,FDPS+PMVK,combo_seen1,5000,factorized_only,0.3919261725602254,0.000824900276906269
Replogle_exp6,3,FDPS+PRKDC,combo_seen1,100,WitnessCell,0.8274757582586222,0.010315612805579012
Replogle_exp6,3,FDPS+PRKDC,combo_seen1,100,factorized_only,0.8274757582586222,0.010315612805579012
Replogle_exp6,3,FDPS+PRKDC,combo_seen1,5000,WitnessCell,0.4854721207644371,0.0011832225401022206
Replogle_exp6,3,FDPS+PRKDC,combo_seen1,5000,factorized_only,0.4854721207644371,0.0011832225401022206
Replogle_exp6,3,FDPS+RAD9A,combo_seen1,100,WitnessCell,0.8354729513328792,0.009260216535357312
Replogle_exp6,3,FDPS+RAD9A,combo_seen1,100,factorized_only,0.8354729513328792,0.009260216535357312
Replogle_exp6,3,FDPS+RAD9A,combo_seen1,5000,WitnessCell,0.6972789223192352,0.0007754161271258723
Replogle_exp6,3,FDPS+RAD9A,combo_seen1,5000,factorized_only,0.6972789223192352,0.0007754161271258723
Replogle_exp6,3,FDPS+RAD17,combo_seen1,100,WitnessCell,0.7837320845196756,0.007631341424403728
Replogle_exp6,3,FDPS+RAD17,combo_seen1,100,factorized_only,0.7837320845196756,0.007631341424403728
Replogle_exp6,3,FDPS+RAD17,combo_seen1,5000,WitnessCell,0.5439940969732395,0.0007359648539110283
Replogle_exp6,3,FDPS+RAD17,combo_seen1,5000,factorized_only,0.5439940969732395,0.0007359648539110283
Replogle_exp6,3,FDPS+RRM1,combo_seen1,100,WitnessCell,0.8986239621544694,0.006300279964862189
Replogle_exp6,3,FDPS+RRM1,combo_seen1,100,factorized_only,0.8962844214819518,0.006839689349346505
Replogle_exp6,3,FDPS+RRM1,combo_seen1,5000,WitnessCell,0.7940100319699821,0.0005442910613282903
Replogle_exp6,3,FDPS+RRM1,combo_seen1,5000,factorized_only,0.7709176431212283,0.0006788605311626172
Replogle_exp6,3,FDPS+RRM2B,combo_seen1,100,WitnessCell,0.6939164876983072,0.019437045881294426
Replogle_exp6,3,FDPS+RRM2B,combo_seen1,100,factorized_only,0.6939164876983072,0.019437045881294426
Replogle_exp6,3,FDPS+RRM2B,combo_seen1,5000,WitnessCell,0.4342916002897045,0.0011987704482566432
Replogle_exp6,3,FDPS+RRM2B,combo_seen1,5000,factorized_only,0.4342916002897045,0.0011987704482566432
Replogle_exp6,3,FDPS+SQLE,combo_seen1,100,WitnessCell,0.9505445665831287,0.00924534335814882
Replogle_exp6,3,FDPS+SQLE,combo_seen1,100,factorized_only,0.9505445665831287,0.00924534335814882
Replogle_exp6,3,FDPS+SQLE,combo_seen1,5000,WitnessCell,0.8886721325298523,0.0008184116578726752
Replogle_exp6,3,FDPS+SQLE,combo_seen1,5000,factorized_only,0.8886721325298523,0.0008184116578726752
Replogle_exp6,3,FDPS+SREBF1,combo_seen1,100,WitnessCell,0.9037411575952258,0.007921815804846178
Replogle_exp6,3,FDPS+SREBF1,combo_seen1,100,factorized_only,0.8981008404094323,0.0074561107874090695
Replogle_exp6,3,FDPS+SREBF1,combo_seen1,5000,WitnessCell,0.7857601023186338,0.0007541078824673231
Replogle_exp6,3,FDPS+SREBF1,combo_seen1,5000,factorized_only,0.7582168221700017,0.0008186535147077457
Replogle_exp6,3,FDPS+SREBF2,combo_seen1,100,WitnessCell,0.5293811502775247,0.0185471750060825
Replogle_exp6,3,FDPS+SREBF2,combo_seen1,100,factorized_only,0.5293811502775247,0.0185471750060825
Replogle_exp6,3,FDPS+SREBF2,combo_seen1,5000,WitnessCell,0.36234592198617116,0.0012498288478380757
Replogle_exp6,3,FDPS+SREBF2,combo_seen1,5000,factorized_only,0.36234592198617116,0.0012498288478380757
Replogle_exp6,3,FDPS+TOPBP1,combo_seen1,100,WitnessCell,0.6794582953833406,0.005520967873112636
Replogle_exp6,3,FDPS+TOPBP1,combo_seen1,100,factorized_only,0.7032568265968545,0.005372261124461922
Replogle_exp6,3,FDPS+TOPBP1,combo_seen1,5000,WitnessCell,0.45302479769217663,0.0007824785861337703
Replogle_exp6,3,FDPS+TOPBP1,combo_seen1,5000,factorized_only,0.4319960150173172,0.0008097788555151114
Replogle_exp6,3,FDPS+XRCC5,combo_seen1,100,WitnessCell,0.9340560768319515,0.00882369289785893
Replogle_exp6,3,FDPS+XRCC5,combo_seen1,100,factorized_only,0.9340560768319515,0.00882369289785893
Replogle_exp6,3,FDPS+XRCC5,combo_seen1,5000,WitnessCell,0.7952273948904565,0.001604129264696119
Replogle_exp6,3,FDPS+XRCC5,combo_seen1,5000,factorized_only,0.7952273948904565,0.001604129264696119
Replogle_exp6,3,HMGCR+SREBF2,combo_seen2,100,WitnessCell,0.003432185962817106,0.01975559693495804
Replogle_exp6,3,HMGCR+SREBF2,combo_seen2,100,factorized_only,0.024550590384388848,0.019307545406894316
Replogle_exp6,3,HMGCR+SREBF2,combo_seen2,5000,WitnessCell,0.2273173530827994,0.0009244949752082901
Replogle_exp6,3,HMGCR+SREBF2,combo_seen2,5000,factorized_only,0.23217687539872467,0.0009807143111674357
Replogle_exp6,3,HUS1+SQLE,combo_seen2,100,WitnessCell,0.9807858767932872,0.0051554747435352665
Replogle_exp6,3,HUS1+SQLE,combo_seen2,100,factorized_only,0.9795531554622762,0.005801609970605201
Replogle_exp6,3,HUS1+SQLE,combo_seen2,5000,WitnessCell,0.9016488360002152,0.0005790100640706121
Replogle_exp6,3,HUS1+SQLE,combo_seen2,5000,factorized_only,0.9002243492293014,0.0005836463073027455
Replogle_exp6,3,HUS1+SREBF2,combo_seen2,100,WitnessCell,0.3181050638190964,0.011776575662097524
Replogle_exp6,3,HUS1+SREBF2,combo_seen2,100,factorized_only,0.3279039050158397,0.011583075107354434
Replogle_exp6,3,HUS1+SREBF2,combo_seen2,5000,WitnessCell,0.308768494206239,0.0006572867456589338
Replogle_exp6,3,HUS1+SREBF2,combo_seen2,5000,factorized_only,0.319954002805411,0.0006858087236750038
Replogle_exp6,3,AHCYL1,unseen_single,100,WitnessCell,-0.048742277979791825,0.0021464033546133472
Replogle_exp6,3,AHCYL1,unseen_single,100,factorized_only,-0.048742277979791825,0.0021464033546133472
Replogle_exp6,3,AHCYL1,unseen_single,5000,WitnessCell,0.0577457737703277,0.0007005073593015199
Replogle_exp6,3,AHCYL1,unseen_single,5000,factorized_only,0.0577457737703277,0.0007005073593015199
Replogle_exp6,3,ATR,unseen_single,100,WitnessCell,0.730343482240502,0.010212460613768444
Replogle_exp6,3,ATR,unseen_single,100,factorized_only,0.730343482240502,0.010212460613768444
Replogle_exp6,3,ATR,unseen_single,5000,WitnessCell,0.33968065241283213,0.0017117244638828613
Replogle_exp6,3,ATR,unseen_single,5000,factorized_only,0.33968065241283213,0.0017117244638828613
Replogle_exp6,3,FDPS,unseen_single,100,WitnessCell,0.7994994421710157,0.015841257543938784
Replogle_exp6,3,FDPS,unseen_single,100,factorized_only,0.7994994421710157,0.015841257543938784
Replogle_exp6,3,FDPS,unseen_single,5000,WitnessCell,0.6528197168543015,0.0007183391117092272
Replogle_exp6,3,FDPS,unseen_single,5000,factorized_only,0.6528197168543015,0.0007183391117092272
Replogle_exp6,3,POLR1D,unseen_single,100,WitnessCell,0.7644014011298979,0.13440833081884948
Replogle_exp6,3,POLR1D,unseen_single,100,factorized_only,0.7644014011298979,0.13440833081884948
Replogle_exp6,3,POLR1D,unseen_single,5000,WitnessCell,0.5638248871375584,0.005592029365226217
Replogle_exp6,3,POLR1D,unseen_single,5000,factorized_only,0.5638248871375584,0.005592029365226217
Replogle_exp6,3,RAD1,unseen_single,100,WitnessCell,-0.12700994775334853,0.00449966313085799
Replogle_exp6,3,RAD1,unseen_single,100,factorized_only,-0.12700994775334853,0.00449966313085799
Replogle_exp6,3,RAD1,unseen_single,5000,WitnessCell,0.0772587171880738,0.000793702517111819
Replogle_exp6,3,RAD1,unseen_single,5000,factorized_only,0.0772587171880738,0.000793702517111819
Replogle_exp6,3,RPL15,unseen_single,100,WitnessCell,-0.14071536345921995,0.01164240585223794
Replogle_exp6,3,RPL15,unseen_single,100,factorized_only,-0.14071536345921995,0.01164240585223794
Replogle_exp6,3,RPL15,unseen_single,5000,WitnessCell,0.368936877817084,0.0017221497901466528
Replogle_exp6,3,RPL15,unseen_single,5000,factorized_only,0.368936877817084,0.0017221497901466528
Replogle_exp6,3,XRCC6,unseen_single,100,WitnessCell,0.5572183233664189,0.11677874130565793
Replogle_exp6,3,XRCC6,unseen_single,100,factorized_only,0.5572183233664189,0.11677874130565793
Replogle_exp6,3,XRCC6,unseen_single,5000,WitnessCell,0.4819929873093128,0.005095740737692059
Replogle_exp6,3,XRCC6,unseen_single,5000,factorized_only,0.4819929873093128,0.005095740737692059
Replogle_exp6,3,AHCYL1+FDPS,combo_seen0,100,WitnessCell,0.431619351492017,0.007985739715969255
Replogle_exp6,3,AHCYL1+FDPS,combo_seen0,100,factorized_only,0.431619351492017,0.007985739715969255
Replogle_exp6,3,AHCYL1+FDPS,combo_seen0,5000,WitnessCell,0.36263656826707086,0.0013235245228322195
Replogle_exp6,3,AHCYL1+FDPS,combo_seen0,5000,factorized_only,0.36263656826707086,0.0013235245228322195
Replogle_exp6,3,ATR+FDPS,combo_seen0,100,WitnessCell,0.6759337224465872,0.021006802032031747
Replogle_exp6,3,ATR+FDPS,combo_seen0,100,factorized_only,0.6759337224465872,0.021006802032031747
Replogle_exp6,3,ATR+FDPS,combo_seen0,5000,WitnessCell,0.44892683047672194,0.0015900173332233888
Replogle_exp6,3,ATR+FDPS,combo_seen0,5000,factorized_only,0.44892683047672194,0.0015900173332233888
Replogle_exp6,3,FDPS+RAD1,combo_seen0,100,WitnessCell,0.46536985982724377,0.009843654116786518
Replogle_exp6,3,FDPS+RAD1,combo_seen0,100,factorized_only,0.46536985982724377,0.009843654116786518
Replogle_exp6,3,FDPS+RAD1,combo_seen0,5000,WitnessCell,0.43906661434912486,0.0011215099925197957
Replogle_exp6,3,FDPS+RAD1,combo_seen0,5000,factorized_only,0.43906661434912486,0.0011215099925197957
Replogle_exp6,3,FDPS+XRCC6,combo_seen0,100,WitnessCell,0.7155935077008801,0.1347129762791684
Replogle_exp6,3,FDPS+XRCC6,combo_seen0,100,factorized_only,0.7155935077008801,0.1347129762791684
Replogle_exp6,3,FDPS+XRCC6,combo_seen0,5000,WitnessCell,0.528261439081381,0.004996758808347894
Replogle_exp6,3,FDPS+XRCC6,combo_seen0,5000,factorized_only,0.528261439081381,0.004996758808347894
