dataset,seed,condition,subgroup,correction_active,all_gene_mse_v13,all_gene_mse_v14,relative_all_gene_mse_gain,top100_mse_v13,top100_mse_v14,relative_top100_mse_gain,top100_pcc_v13,top100_pcc_v14,top100_pcc_delta
Norman,1,AHR+FEV,combo_seen1,True,0.006223313550370451,0.006176804421871462,0.007473370596315202,0.14853800885169843,0.14620092514462424,0.015733910297717525,0.8755073511522605,0.8800615194141727,0.004554168261912128
Norman,1,AHR+KLF1,combo_seen1,True,0.006044618957865331,0.006022321954083131,0.0036887360373952494,0.09343360545383529,0.09231318101377972,0.011991664397550856,0.4578263335260644,0.46719540190324904,0.009369068377184653
Norman,1,BAK1+BCL2L11,combo_seen1,True,0.0013112468784175961,0.0013180783940367853,-0.0052099385185445735,0.002688331138055478,0.0030316147979197335,-0.1276939641120845,0.5830987515696369,0.5882152047518759,0.005116453182239078
Norman,1,BAK1+KLF1,combo_seen1,True,0.003348682325763959,0.0033227193240891306,0.007753199362948079,0.08949114475165225,0.08818650391749205,0.01457843497008242,0.24622848912927695,0.2712729291521808,0.025044440022903874
Norman,1,BCL2L11+TGFBR2,combo_seen1,True,0.0009242781009508828,0.0009256173547919667,-0.0014489728142494567,0.0032810648931707815,0.003348362398685249,-0.020510873056653275,0.9218173231621074,0.9238335641904094,0.0020162410283020016
Norman,1,CBFA2T3+FEV,combo_seen1,True,0.012041299650660697,0.011981823144935223,0.004939375935405049,0.28105193598712025,0.27802379150070666,0.01077432352770684,0.7828359720201885,0.7882227019973886,0.005386729977200133
Norman,1,CBL+PTPN9,combo_seen1,True,0.001125501455716741,0.001127499091801405,-0.0017748853851031826,0.022343401669494767,0.022343401669494767,0.0,0.9494996575068352,0.9494996575068352,0.0
Norman,1,CBL+TGFBR2,combo_seen1,True,0.0018613085951624255,0.0018632771444577977,-0.0010576157551136238,0.05177998755191823,0.05187890715401069,-0.0019103828866948152,0.8048625716376596,0.8016270110989505,-0.0032355605387091035
Norman,1,CBL+UBASH3A,combo_seen1,True,0.0030287556036237054,0.0030318372955418565,-0.001017477908902269,0.03527354270909691,0.03527354270909691,0.0,0.8664952397045108,0.8664952397045108,0.0
Norman,1,CBL+UBASH3B,combo_seen1,True,0.0028246828652413094,0.0028267144983390308,-0.0007192429007593451,0.09068356650291431,0.09068356650291431,0.0,0.9636961539926225,0.9636961539926225,0.0
Norman,1,CDKN1A+CDKN1B,combo_seen1,True,0.0011023259726013733,0.0011009840910792608,0.0012173182483814116,0.005364882353742623,0.005364882353742623,0.0,0.9796192702134309,0.9796192702134309,0.0
Norman,1,CDKN1A+CDKN1C,combo_seen1,True,0.0011715599422962085,0.0011824094270219754,-0.009260716702640434,0.005547583548140529,0.006092770155610316,-0.09827460960953466,0.9818082419392412,0.9795552278723236,-0.00225301406691758
Norman,1,CEBPA+KLF1,combo_seen1,True,0.0029460952396589382,0.002963595687048614,-0.005940217802226173,0.017449918024355048,0.017449918024355048,0.0,0.9834057567550181,0.9834057567550181,0.0
Norman,1,CEBPB+PTPN12,combo_seen1,True,0.0034096958081749206,0.0034103085985139085,-0.00017971994379050772,0.04850331856694355,0.04853411128147771,-0.0006348578910462824,0.8633821692881586,0.8637749143490661,0.0003927450609074734
Norman,1,CEBPE+CNN1,combo_seen1,True,0.0021703613370790756,0.0021462055170847253,0.011129860996722222,0.03789216867476667,0.03667833872005057,0.03203379476995775,0.8047371205303157,0.812639116156883,0.007901995626567349
Norman,1,CEBPE+ETS2,combo_seen1,True,0.006061618443758649,0.006036793113481938,0.004095495370922399,0.1798815345272805,0.17863406168087573,0.006934968893183361,0.5092431689092443,0.5141619089587629,0.004918740049518644
Norman,1,CEBPE+KLF1,combo_seen1,True,0.005194726862983882,0.005156245426232071,0.007407788275841495,0.06882355185137382,0.06688985965459533,0.028096373185655107,0.3413277384385023,0.3745035505485967,0.033175812110094405
Norman,1,CEBPE+PTPN12,combo_seen1,True,0.0017522766595149248,0.001732581549948431,0.011239726021315562,0.024204203721146823,0.023214524465430503,0.04088873433384851,0.8268310103282974,0.8343504600894437,0.0075194497611462685
Norman,1,CEBPE+RUNX1T1,combo_seen1,True,0.0027656184229260363,0.0027434591492150767,0.00801241180897074,0.07094426971582456,0.06983076621184883,0.015695467843082896,0.5203971765304084,0.530143779037015,0.009746602506606639
Norman,1,CEBPE+SET,combo_seen1,True,0.0035568088070301834,0.0035172645829262502,0.011117894227480643,0.07935850235229255,0.07737140509106992,0.025039500523855708,0.5430248733613418,0.5592456099064912,0.01622073654514944
Norman,1,CLDN6+KLF1,combo_seen1,True,0.003607214079457856,0.003602055048492444,0.0014301981672758676,0.06822916732010914,0.06796992601409717,0.003799567196763473,0.8814885577695879,0.8795006291224357,-0.0019879286471522484
Norman,1,CNN1+MAPK1,combo_seen1,True,0.0008166102439882007,0.0008211304534785492,-0.0055353328269218,0.009354475244647666,0.00958161577153768,-0.02428148249363061,0.9516833597544305,0.9500602795737925,-0.001623080180638059
Norman,1,CNN1+UBASH3A,combo_seen1,True,0.0064371203409088066,0.006445392532400973,-0.0012850764090264202,0.20988844768590745,0.21030412530838885,-0.001980469278154144,0.7973128662509279,0.7988190648897194,0.0015061986387915338
Norman,1,CNN1+UBASH3B,combo_seen1,True,0.004490420722521307,0.00449903784998973,-0.0019190022496565538,0.16369272406869478,0.164125734723983,-0.0026452651316774965,0.9305832833101843,0.9306060068184395,2.2723508255273472e-05
Norman,1,COL2A1+KLF1,combo_seen1,True,0.0034912225525986036,0.003473635337122474,0.005037552092758698,0.04491806568277608,0.04403430810510057,0.019674880568474457,0.8501073534735073,0.8519713102178106,0.0018639567443032856
Norman,1,DLX2+SNAI1,combo_seen1,True,0.004776576791215105,0.004772676763425871,0.0008164901266544328,0.10479643492032371,0.10487361559305518,-0.0007364818544652214,0.6139896916335565,0.6130577981644807,-0.0009318934690758507
Norman,1,DLX2+ZBTB10,combo_seen1,True,0.006259331455569823,0.006267196957335022,-0.0012566041311328705,0.08849597710257624,0.08889121856627752,-0.004466208257615479,0.9172881166276423,0.9171532599961695,-0.000134856631472835
Norman,1,DUSP9+ETS2,combo_seen1,True,0.0024516310666717017,0.002466229406771521,-0.005954541977491611,0.05217189031333466,0.0529054569033506,-0.01406057142285381,0.8222410152116706,0.8190767870480071,-0.003164228163663463
Norman,1,DUSP9+KLF1,combo_seen1,True,0.006407333001850839,0.006395568147552842,0.0018361546519587082,0.21841782386932102,0.2178266399408467,0.0027066652253985675,0.7295888170758708,0.7147109043917652,-0.014877912684105543
Norman,1,ETS2+IGDCC3,combo_seen1,True,0.0016798075960783574,0.0016795223268919659,0.00016982253625803256,0.01702883045825801,0.017014495681641834,0.0008417945466844356,0.8961286735401769,0.8961482762350247,1.9602694847797864e-05
Norman,1,ETS2+IKZF3,combo_seen1,True,0.0014633942909690802,0.0014627310296232805,0.00045323488679221264,0.012420788849960576,0.012387459967334142,0.0026833144842117176,0.9864204148496686,0.9865039543840722,8.35395344036538e-05
Norman,1,ETS2+MAP7D1,combo_seen1,True,0.0029252701703810476,0.0029242162313219944,0.00036028776751101887,0.0815407900505906,0.08148782961287317,0.0006494962543848055,0.5484868828933437,0.550138409301236,0.0016515264078923453
Norman,1,ETS2+MAPK1,combo_seen1,True,0.0024484077755854267,0.002450643562550142,-0.0009131595590447612,0.07364728155033615,0.0737596298453131,-0.0015254914045967928,0.9802281974109572,0.9803343259411054,0.00010612853014813073
Norman,1,ETS2+PRTG,combo_seen1,True,0.0013248213897081567,0.0013244342315720213,0.00029223421296109943,0.015855564162991987,0.015836109466651187,0.0012269948984980456,0.9200321275040139,0.9201148770834507,8.274957943688044e-05
Norman,1,ETS2+TGFBR2,combo_seen1,True,0.0024139002678379437,0.0024140092969670846,-4.516720537028099e-05,0.050069642772746156,0.05007512148648548,-0.00010942186594354968,0.06679731324459404,0.06461669904748199,-0.0021806141971120463
Norman,1,FEV+ISL2,combo_seen1,True,0.008650651625304265,0.008604608094163559,0.00532255061642104,0.22757249358281675,0.22525880614299626,0.010166814993300197,0.6308498227652087,0.6350491504114827,0.004199327646273954
Norman,1,FEV+MAP7D1,combo_seen1,True,0.0053717219395900675,0.005329675375358216,0.007827390305139377,0.15154198048941953,0.14942914063676896,0.013942274251840614,0.6493910606436666,0.6567569408272625,0.007365880183595963
Norman,1,FOSB+PTPN12,combo_seen1,True,0.0025175378354035816,0.002518548158639281,-0.00040131402257062863,0.032946943498534075,0.032997712241127984,-0.001540924201243994,0.610197492451441,0.6107402862088424,0.0005427937574014052
Norman,1,FOXA1+KLF1,combo_seen1,True,0.003382281368609989,0.003365207730237128,0.005047965119435832,0.06788827157514601,0.06703032124690975,0.012637681124148172,0.6531322051059902,0.655823859853725,0.0026916547477348063
Norman,1,IRF1+SET,combo_seen1,True,0.004287402417757777,0.004274570621198493,0.002992906965331015,0.08192721983954249,0.08128242206243845,0.007870372976977577,0.8470917967832358,0.8477074781350826,0.000615681351846864
Norman,1,KLF1+MAP2K6,combo_seen1,True,0.002777806932876311,0.0027607240464359154,0.006149774571520386,0.08347252967722571,0.08261411463359583,0.01028380291036136,0.37493822555227013,0.37212824467029354,-0.0028099808819765926
Norman,1,KLF1+TGFBR2,combo_seen1,True,0.0031412925624790884,0.0031186054761963584,0.00722221373256159,0.08313851807397311,0.08199849198826593,0.013712369574507367,0.5516603689472638,0.5515993234143911,-6.104553287267223e-05
Norman,1,OSR2+PTPN12,combo_seen1,True,0.0020462408560796832,0.002045851020327088,0.00019051313115797357,0.019443141889952536,0.01942355264338463,0.001007514458248559,0.7942375391173429,0.7963704638311946,0.002132924713851736
Norman,1,PTPN12+PTPN9,combo_seen1,True,0.0015298826068237043,0.0015314998888183607,-0.001057128166202302,0.03576916986771846,0.035850438287949954,-0.0022720242189583303,0.9101184370126342,0.9088182837804356,-0.0013001532321985643
Norman,1,PTPN12+SAMD1,combo_seen1,True,0.0015939625599181685,0.0015954664641636156,-0.0009435003577024495,0.03127409596418424,0.03134966715251796,-0.0024164147996561065,0.9434048064207414,0.9425406371194683,-0.0008641693012730878
Norman,1,PTPN12+SNAI1,combo_seen1,True,0.0024118455505445836,0.002404249668119174,0.0031494066540432224,0.03099716896211765,0.0309358404572148,0.001978519553763201,0.7065229319535493,0.7081034354887287,0.0015805035351793562
Norman,1,PTPN12+UBASH3A,combo_seen1,True,0.0040438826078129176,0.00404558328679155,-0.0004205559714682474,0.12983786298430897,0.12992332210298524,-0.0006581987465905922,0.7611918146058108,0.7557436654464336,-0.005448149159377191
Norman,1,PTPN12+UBASH3B,combo_seen1,True,0.0017929694463087176,0.0017950991389040062,-0.0011878019447978667,0.052391131376671306,0.05249814842958456,-0.0020426558866202225,0.9499097521447866,0.9474071043930395,-0.0025026477517470225
Norman,1,PTPN12+ZBTB10,combo_seen1,True,0.0022468113908253816,0.002246445679756137,0.00016276892254421603,0.017584917562337665,0.01756654058110811,0.0010450422166841263,0.9387811279748268,0.9390003168117306,0.0002191888369037498
Norman,1,PTPN12+ZBTB25,combo_seen1,True,0.0016738050475188977,0.0016748933738472479,-0.000650210925079616,0.039428398757745925,0.03948308715574553,-0.0013870306612149407,0.9607264487570762,0.9593143126015549,-0.0014121361555213818
Norman,1,RHOXF2+SET,combo_seen1,True,0.0038142041862451706,0.003792774626201801,0.005618356804454566,0.06825639351037834,0.06717955811819903,0.015776330052005592,0.8274965167626832,0.8302339458509242,0.002737429088241039
Norman,1,BAK1+TMSB4X,combo_seen2,True,0.0003985980367408506,0.0003985980367408506,0.0,0.003107241983729442,0.003107241983729442,0.0,0.9877906028805484,0.9877906028805484,0.0
Norman,1,BPGM+SAMD1,combo_seen2,True,0.0007078212179123289,0.0007078212179123289,0.0,0.005873034547083472,0.005873034547083472,0.0,0.9851849303974572,0.9851849303974572,0.0
Norman,1,CEBPA+CEBPB,combo_seen2,True,0.005723742440445799,0.005723742440445799,0.0,0.017826811235671678,0.017826811235671678,0.0,0.9947143827085257,0.9947143827085257,0.0
Norman,1,CEBPA+CEBPE,combo_seen2,True,0.0020936338634891913,0.0020736947928471634,0.00952366647757502,0.01495436691008607,0.013952428610324152,0.06699971358106466,0.9872233671212117,0.9881305408597261,0.0009071737385143441
Norman,1,CEBPA+JUN,combo_seen2,True,0.004260432353836109,0.004260432353836109,0.0,0.02562419544384566,0.02562419544384566,0.0,0.9888142826324339,0.9888142826324339,0.0
Norman,1,CEBPB+CEBPE,combo_seen2,True,0.002343020987433393,0.0023231479785629883,0.008481788672398695,0.03185464945750601,0.030856030761768148,0.03134922884868084,0.9748991012466622,0.9761479143979401,0.0012488131512778944
Norman,1,CEBPB+LYL1,combo_seen2,True,0.0021414409057470252,0.0021414409057470252,0.0,0.025284609319373687,0.025284609319373687,0.0,0.9107331817165516,0.9107331817165516,0.0
Norman,1,CEBPE+FOSB,combo_seen2,True,0.004537495736348342,0.004506680009835803,0.006791351067436639,0.11428070641924508,0.11273221616199,0.013549883491044901,0.972970652468791,0.974077165566199,0.0011065130974080573
Norman,1,CEBPE+SPI1,combo_seen2,True,0.008093847093988802,0.008061707569530669,0.003970858861665828,0.17778023088230935,0.17616521977828817,0.009084312108303643,0.9386926670452169,0.9397388871818827,0.0010462201366657764
Norman,1,DUSP9+IGDCC3,combo_seen2,True,0.0025654170634151446,0.002579796788924667,-0.0056052194064616315,0.05986817849203182,0.06059075969888533,-0.012069537190774656,0.9497815151121562,0.9482963749473874,-0.0014851401647688611
Norman,1,DUSP9+PRTG,combo_seen2,True,0.0025578767853336334,0.002570756230247648,-0.005035209275076529,0.06375888923376746,0.0644060813406967,-0.010150617658289968,0.9603524136381414,0.9592133029900596,-0.0011391106480818092
Norman,1,FOXA1+FOXA3,combo_seen2,True,0.000783275847370033,0.000783275847370033,0.0,0.0054413230475063926,0.0054413230475063926,0.0,0.9847159366940603,0.9847159366940603,0.0
Norman,1,FOXL2+ZNF318,combo_seen2,True,0.0008240718039347905,0.0008240718039347905,0.0,0.0054306346145918645,0.0054306346145918645,0.0,0.9617492241700837,0.9617492241700837,0.0
Norman,1,IKZF3+MAPK1,combo_seen2,True,0.000945760293942842,0.000945760293942842,0.0,0.007026512334379084,0.007026512334379084,0.0,0.9846641294297843,0.9846641294297843,0.0
Norman,1,MAPK1+PRTG,combo_seen2,True,0.0010537554321491038,0.0010537554321491038,0.0,0.010859871729879471,0.010859871729879471,0.0,0.9273379429424031,0.9273379429424031,0.0
Norman,1,UBASH3A+UBASH3B,combo_seen2,True,0.00033299188998050166,0.00033299188998050166,0.0,0.003365279662776276,0.003365279662776276,0.0,0.9791247715275644,0.9791247715275644,0.0
Norman,1,UBASH3B+ZBTB25,combo_seen2,True,0.0006716193552884579,0.0006716193552884579,0.0,0.010109209039791399,0.010109209039791399,0.0,0.9903506757184022,0.9903506757184022,0.0
Norman,1,ARID1A,unseen_single,True,0.0036360263563292635,0.0036481855616330647,-0.003344091629763776,0.08951589303124166,0.08951589303124166,0.0,0.7717863338242675,0.7717863338242675,0.0
Norman,1,BCL2L11,unseen_single,True,0.0007623381525599458,0.0007674661049708509,-0.006726611273075243,0.001276092003133978,0.0015337716117819538,-0.20192870734644183,0.8212556738915476,0.8334925649805541,0.012236891089006496
Norman,1,BCORL1,unseen_single,True,0.0009260670411100284,0.0009242844703565041,0.001924883053161687,0.016126273261046823,0.01603669908068223,0.0055545493316773095,0.428104238669087,0.42911735627273306,0.0010131176036460854
Norman,1,CBL,unseen_single,True,0.0010463315691743393,0.0010485214593125747,-0.0020929217876541725,0.029579613234215176,0.029689655213661504,-0.003720196696792527,0.5833400284811816,0.5788556706374822,-0.0044843578436993825
Norman,1,CDKN1B,unseen_single,True,0.0008774502889899879,0.0008754704518503858,0.0022563524845162263,0.017080864451451707,0.017080864451451707,0.0,0.9072398210467331,0.9072398210467331,0.0
Norman,1,CDKN1C,unseen_single,True,0.0013220757183613444,0.0013278467419091042,-0.004365123319043113,0.02296440577463175,0.023254399707906673,-0.012627974619542345,0.9005525576920965,0.8797552095730365,-0.020797348119059977
Norman,1,CELF2,unseen_single,True,0.0011788223541252547,0.0012210351352438618,-0.03580928116173289,0.029894719159366822,0.029894719159366822,0.0,0.4153367550863194,0.4153367550863194,0.0
Norman,1,CKS1B,unseen_single,True,0.002187456047493271,0.002248533106529275,-0.027921502288466862,0.06034792908122312,0.06034792908122312,0.0,0.803488767367629,0.803488767367629,0.0
Norman,1,CNN1,unseen_single,True,0.002030871287768509,0.0020398404859964994,-0.0044164286934428995,0.06959936419225604,0.07005006640321253,-0.006475665635558104,0.6598488421382952,0.659149648172207,-0.0006991939660881963
Norman,1,DLX2,unseen_single,True,0.0014116481980862975,0.001410269521107652,0.000976643458699178,0.043161283456603215,0.043092004938426284,0.001605107926102046,0.4965434092643689,0.49880475450213146,0.0022613452377625576
Norman,1,ETS2,unseen_single,True,0.0025151863620694642,0.002514807340672747,0.00015069316629303265,0.07894691086901115,0.07892786504382608,0.00024124851720505228,0.07739104165684138,0.07593228070973301,-0.0014587609471083673
Norman,1,FEV,unseen_single,True,0.004801949796325186,0.0047481349479413775,0.011206874429422775,0.14146673543752544,0.13876253930623905,0.01911542047621943,0.5605975034359065,0.5630033055711019,0.0024058021351953673
Norman,1,HES7,unseen_single,True,0.0074785417161416365,0.007505620223744038,-0.0036208272454983704,0.15802753475782264,0.15938822976484335,-0.008610493159347065,0.8362763197591321,0.833624437132439,-0.002651882626693136
Norman,1,KLF1,unseen_single,True,0.003636795000328091,0.0036126593058279414,0.006636528728721872,0.09881584133600883,0.09760302268737635,0.012273524489949672,0.25697926829251405,0.2744609481809269,0.01748167988841287
Norman,1,NIT1,unseen_single,True,0.0037361957416264615,0.0037348423541815065,0.00036223676128001943,0.07916510905218815,0.07916510905218815,0.0,0.6253895144395253,0.6253895144395253,0.0
Norman,1,PTPN12,unseen_single,True,0.0011221551912609284,0.0011243041847729819,-0.0019150591012627083,0.026708707911760946,0.026816694835741638,-0.00404313545744908,0.7153463298738031,0.7071712714953543,-0.008175058378448785
Norman,1,PTPN13,unseen_single,True,0.0014126117443804072,0.0014019953566048683,0.007515432189894024,0.03877649083769778,0.038243017351976966,0.013757652489847904,0.5812984437591394,0.605840454624658,0.02454201086551855
Norman,1,RREB1,unseen_single,True,0.0011889392373328881,0.001188975440807979,-3.045023156277815e-05,0.024885211534259963,0.02488703075888328,-7.310464774679686e-05,0.6547753360783302,0.6547360438449221,-3.929223340803922e-05
Norman,1,RUNX1T1,unseen_single,True,0.0006988622549006159,0.0006974265353303183,0.0020543670233009897,0.013266736742851249,0.013194591834443796,0.0054380296983226285,0.181084711712436,0.15041066617603008,-0.03067404553640593
Norman,1,SET,unseen_single,True,0.003713738386451477,0.0037079133939029573,0.00156849835458807,0.1010167913701748,0.10072408549461169,0.002897596247048624,0.6186631885785662,0.5954258583246643,-0.023237330253901844
Norman,1,CBL+CNN1,combo_seen0,True,0.006803806877612494,0.006813830691166402,-0.0014732654430405186,0.24018589619774766,0.2406091791252328,-0.0017623138335177177,0.7622161182985471,0.7626850870009171,0.00046896870237000954
Norman,1,CBL+PTPN12,combo_seen0,True,0.003835344261832612,0.003839550398479082,-0.0010966777319906219,0.1145585504498425,0.11476990881632762,-0.001844981152914068,0.7336552867261285,0.7285600811727619,-0.005095205553366511
Norman,1,CDKN1B+CDKN1C,combo_seen0,True,0.0021576321815150686,0.0021470288852668096,0.0049143205867524424,0.020005799634110394,0.01955183308554611,0.022691747236649313,0.9294932738943203,0.9284151134853603,-0.0010781604089600272
Norman,1,CNN1+ETS2,combo_seen0,True,0.001608513590945152,0.0016154168469002597,-0.004291698866561295,0.022654003768564614,0.023000892380308783,-0.01531246376084401,0.8135863019036413,0.81042846492339,-0.003157836980251294
Norman,1,KLF1+SET,combo_seen0,True,0.0051808487911001785,0.005118995440793115,0.011938844926977422,0.11743268241628936,0.11432455156335941,0.026467341024467763,0.5208163830800857,0.5350529817054441,0.014236598625358421
Norman,2,BAK1+BCL2L11,combo_seen1,True,0.0014623446473816146,0.001458179673275379,0.0028481480844431495,0.00384941398683733,0.00384941398683733,0.0,0.5567074865062526,0.5567074865062526,0.0
Norman,2,BAK1+KLF1,combo_seen1,True,0.0007476994131851551,0.0007496916424366329,-0.0026644788217647136,0.007085553459265914,0.007185662979152672,-0.014128680344065822,0.9602492817151753,0.9595981201272831,-0.0006511615878922461
Norman,2,BAK1+TMSB4X,combo_seen1,True,0.0010517038366164445,0.0010528051074555095,-0.0010471301907655428,0.0037984515101389315,0.0038537903698019414,-0.014568794550963167,0.9637843994151857,0.9631508519948634,-0.0006335474203222891
Norman,2,BPGM+SAMD1,combo_seen1,True,0.001578541313332526,0.0015781119834227188,0.00027197888720499787,0.027773471073929804,0.02775189724596199,0.0007767782395792635,0.9315607849987768,0.9314757675541019,-8.501744467492856e-05
Norman,2,BPGM+ZBTB1,combo_seen1,True,0.0010431401681624752,0.001042428197469502,0.0006825263897441863,0.018317065502867547,0.018281288975545647,0.0019531800722281836,0.9407766668973345,0.9408654037999277,8.873690259314504e-05
Norman,2,CBFA2T3+POU3F2,combo_seen1,True,0.0023672655167018197,0.002372231543634931,-0.0020977904244684643,0.02965810778501089,0.029907650638399747,-0.008413984303980989,0.8854980612091621,0.884835712099712,-0.0006623491094500666
Norman,2,CBL+CNN1,combo_seen1,True,0.006204130353528374,0.006211189279300236,-0.0011377784426866851,0.2187492587639886,0.21908856602066887,-0.0015511241436770044,0.8333851899846065,0.8339106305456656,0.0005254405610590762
Norman,2,CBL+UBASH3A,combo_seen1,True,0.0023337285162552423,0.002328006158051148,0.002452023945474314,0.018014633183290128,0.018014633183290128,0.0,0.9701946340046954,0.9701946340046954,0.0
Norman,2,CEBPA+CEBPE,combo_seen1,True,0.0016140144060153752,0.001595135649933429,0.011696770494479895,0.012787054616511372,0.01183839712339358,0.07418889819183468,0.9902400222651861,0.99113191653267,0.0008918942674838171
Norman,2,CEBPA+JUN,combo_seen1,True,0.003390116357536407,0.0033958962258764094,-0.0017049173923347524,0.015613525311335546,0.015613525311335546,0.0,0.9917935142108184,0.9917935142108184,0.0
Norman,2,CEBPB+CEBPE,combo_seen1,True,0.003495399866486787,0.003473102011760737,0.006379199970749419,0.0631692706154965,0.062048803415512506,0.017737535815541376,0.9573380011262694,0.9585451179094406,0.0012071167831712026
Norman,2,CEBPB+JUN,combo_seen1,True,0.0040103600598398355,0.004003463767481168,0.0017196192500838036,0.02813040154077655,0.027783862849753517,0.012319009756071473,0.9677842785045867,0.968143287804459,0.0003590092998723149
Norman,2,CEBPE+ETS2,combo_seen1,True,0.0029067427517319396,0.002881401187692248,0.008718199787233389,0.0801058217341582,0.0788324081411637,0.015896642284258612,0.8853738526314753,0.8881153900329418,0.002741537401466543
Norman,2,CEBPE+FOSB,combo_seen1,True,0.005949273429552725,0.005915216325489258,0.005724582079937646,0.14840947143715083,0.14669810195796162,0.011531403370801342,0.940282378702674,0.9416584381751648,0.0013760594724908648
Norman,2,CEBPE+KLF1,combo_seen1,True,0.0010431209837831437,0.0010277094726800005,0.01477442343001235,0.01631496042890757,0.015540531995974615,0.04746738040263876,0.8777628319598584,0.8841992383686406,0.00643640640878218
Norman,2,CEBPE+PTPN12,combo_seen1,True,0.0017815471959581823,0.0017606212151624614,0.011745959266864165,0.02931696614783221,0.028265435612847237,0.03586764502447428,0.7735868997274145,0.7828953284095349,0.009308428682120451
Norman,2,CEBPE+RUNX1T1,combo_seen1,True,0.0014779095940526143,0.0014563832468440742,0.014565401899524981,0.03881509894558002,0.03773339999835088,0.027867994069671623,0.848608944826316,0.8528593047903066,0.004250359963990591
Norman,2,CEBPE+SET,combo_seen1,True,0.0020595474870317544,0.0020371176220387336,0.010890676293823657,0.03020991083709144,0.029082810121192165,0.037308971945572006,0.8883110780814552,0.893522046032154,0.005210967950698864
Norman,2,CEBPE+ZC3HAV1,combo_seen1,True,0.0011136987503211867,0.0010998057770325884,0.012474624115894561,0.02020397458118163,0.01950585267342956,0.03455369164848955,0.7989387115649467,0.8058482289053666,0.006909517340419891
Norman,2,CNN1+ETS2,combo_seen1,True,0.0013618657356753178,0.001367728824003156,-0.004305188223955703,0.029426789442380932,0.0297214096308548,-0.010011971881973324,0.7063228386044728,0.7028943806717458,-0.003428457932726947
Norman,2,CNN1+MAPK1,combo_seen1,True,0.0006901431751021579,0.0006937829797631606,-0.005273984866203919,0.008903340382502225,0.00908624056671761,-0.020542872265654197,0.9521605315867759,0.9508259569794909,-0.0013345746072850329
Norman,2,CNN1+UBASH3B,combo_seen1,True,0.003587620527393516,0.0035945544906000174,-0.0019327471101128352,0.128781387497585,0.12912981914871172,-0.0027056056616353223,0.9549635958170922,0.954763112067449,-0.00020048374964320992
Norman,2,DUSP9+IGDCC3,combo_seen1,True,0.0012027647621387413,0.001215095766825426,-0.010252216455658367,0.023435484866334625,0.024055117851840536,-0.026439947329445792,0.9752705973136676,0.9739605414551321,-0.0013100558585354971
Norman,2,ETS2+IGDCC3,combo_seen1,True,0.0020055078942328233,0.0020160016937243626,-0.0052324897457227395,0.036879335260522554,0.03740664868497241,-0.014298344065174103,0.619316027758116,0.6125069368148107,-0.006809090943305285
Norman,2,FOXA1+FOXA3,combo_seen1,True,0.00104254570708758,0.0010353813139190172,0.00687201829124313,0.014029770280417892,0.014029770280417892,0.0,0.9758739752418167,0.9758739752418167,0.0
Norman,2,FOXA1+FOXF1,combo_seen1,True,0.0013448586856915602,0.0013372430629508755,0.005662768008051709,0.02069035189468738,0.02069035189468738,0.0,0.9708280609821911,0.9708280609821911,0.0
Norman,2,FOXA1+HOXB9,combo_seen1,True,0.001272107947598635,0.0012642311152212494,0.006191952807349931,0.020234644859106917,0.020234644859106917,0.0,0.964912013375492,0.964912013375492,0.0
Norman,2,FOXA1+KLF1,combo_seen1,True,0.0014061164881211507,0.0013986692797992198,0.005296295424201931,0.026541919461498933,0.026167697243321904,0.014099289944718077,0.8629122708990333,0.865734966643332,0.00282269574429872
Norman,2,FOXA3+FOXL2,combo_seen1,True,0.00287098582743217,0.0028709776401236006,2.851741200238301e-06,0.038582916248155734,0.038582916248155734,0.0,0.9613921395145837,0.9613921395145837,0.0
Norman,2,FOXF1+FOXL2,combo_seen1,True,0.0032357205442029194,0.003235726869088434,-1.9547069742989486e-06,0.057968283279451374,0.057968601104948496,-5.482748136417375e-06,0.9512869701177475,0.9513004578243611,1.3487706613579675e-05
Norman,2,FOXL2+HOXB9,combo_seen1,True,0.002689479927016685,0.002689505950060354,-9.675864618937017e-06,0.028666270378820594,0.028667578036764976,-4.561660540773171e-05,0.9614765485363675,0.9614749411023268,-1.6074340407623566e-06
Norman,2,FOXL2+MEIS1,combo_seen1,True,0.0019064747516361245,0.0019064927933957127,-9.463413859939755e-06,0.030720513367640506,0.030721419966059812,-2.951117412837786e-05,0.9332138270961177,0.9332187934986177,4.966402500028444e-06
Norman,2,FOXL2+ZNF318,combo_seen1,True,0.0009350382090319078,0.0009350437189537104,-5.8927236869453295e-06,0.011091666945103862,0.011091943818674439,-2.496230475975916e-05,0.9229630224698208,0.9229663427476278,3.320277807028482e-06
Norman,2,IGDCC3+MAPK1,combo_seen1,True,0.0020125449912036806,0.0020223962302342064,-0.0048949161750833125,0.022122315545013933,0.022617340306297855,-0.022376715505963086,0.8157369710527337,0.8110393651021188,-0.004697605950614858
Norman,2,IGDCC3+PRTG,combo_seen1,True,0.0007488277109395348,0.000759287836565952,-0.013968667924018479,0.006701355626987684,0.007226976939715148,-0.07843507224279864,0.9732341930583971,0.970854720648874,-0.0023794724095230757
Norman,2,IGDCC3+TGFBR2,combo_seen1,True,0.0013890006444326113,0.0014003816904226208,-0.008193693815497494,0.03588378261031849,0.03645568017131647,-0.015937493747761367,0.9389911728587587,0.9384505325056688,-0.0005406403530898718
Norman,2,IGDCC3+ZBTB25,combo_seen1,True,0.002403057721438201,0.0024134223384397685,-0.004313095315648299,0.05382360444031734,0.05434442644464612,-0.00967646090863897,0.9614035078408054,0.9606650725872982,-0.0007384352535072525
Norman,2,KIF18B+KIF2C,combo_seen1,True,0.001399632918877547,0.001399986473475253,-0.0002526052316556211,0.0015193765247766503,0.0015371426433113736,-0.011693032138518075,0.9183068827772436,0.9189090453340282,0.0006021625567845801
Norman,2,MAP2K6+SPI1,combo_seen1,True,0.0017667558800964732,0.001769165763432969,-0.0013640160271402334,0.0213695150255459,0.02203799946502683,-0.03128215304286489,0.7678553762518239,0.7570324789314251,-0.010822897320398761
Norman,2,PTPN12+UBASH3A,combo_seen1,True,0.001130817329059075,0.001123953524161685,0.006069773358621258,0.02593289279765788,0.02593289279765788,0.0,0.9891850558867668,0.9891850558867668,0.0
Norman,2,UBASH3A+UBASH3B,combo_seen1,True,0.00048102438708426724,0.00047490727320908047,0.012716847709667484,0.007241995747653705,0.006934610775425569,0.0424447877268809,0.9747982972938151,0.9762745340869387,0.0014762367931235865
Norman,2,CBFA2T3+FEV,combo_seen2,True,0.00602435705668642,0.00602435705668642,0.0,0.12277262307955017,0.12277262307955017,0.0,0.9074374769638182,0.9074374769638182,0.0
Norman,2,CBFA2T3+PRDM1,combo_seen2,True,0.0028343965464323164,0.0028343965464323164,0.0,0.026777187071249854,0.026777187071249854,0.0,0.9513752818735275,0.9513752818735275,0.0
Norman,2,CBL+TGFBR2,combo_seen2,True,0.001772709475579162,0.0017730995100203343,-0.00022002163724261375,0.04939354001182617,0.04941313924249509,-0.0003967974489016988,0.8099022929676484,0.8093200467859155,-0.0005822461817328595
Norman,2,CEBPB+FOSB,combo_seen2,True,0.00429823468936657,0.00429823468936657,0.0,0.051160175406035534,0.051160175406035534,0.0,0.967350441690606,0.967350441690606,0.0
Norman,2,CLDN6+KLF1,combo_seen2,True,0.0015604871401241843,0.0015604871401241843,0.0,0.018968095204948087,0.018968095204948087,0.0,0.9592287504121172,0.9592287504121172,0.0
Norman,2,DLX2+SNAI1,combo_seen2,True,0.0015041151717754382,0.0015041151717754382,0.0,0.017026145686304523,0.017026145686304523,0.0,0.9459848668574167,0.9459848668574167,0.0
Norman,2,ETS2+MAPK1,combo_seen2,True,0.001709480088103996,0.001709480088103996,0.0,0.029354707862777513,0.029354707862777513,0.0,0.9641250961397602,0.9641250961397602,0.0
Norman,2,FEV+ISL2,combo_seen2,True,0.0018282493463236144,0.0018282493463236144,0.0,0.025913861847940433,0.025913861847940433,0.0,0.9817496091626773,0.9817496091626773,0.0
Norman,2,FOSB+OSR2,combo_seen2,True,0.0014235781036318386,0.0014235781036318386,0.0,0.022213729802204388,0.022213729802204388,0.0,0.9640284958588271,0.9640284958588271,0.0
Norman,2,FOSB+PTPN12,combo_seen2,True,0.000660562170275325,0.000660562170275325,0.0,0.004614445683081842,0.004614445683081842,0.0,0.9536677616679202,0.9536677616679202,0.0
Norman,2,FOSB+UBASH3B,combo_seen2,True,0.0004366551539843168,0.0004366551539843168,0.0,0.0024287233280888497,0.0024287233280888497,0.0,0.9652112166683198,0.9652112166683198,0.0
Norman,2,FOXA3+FOXF1,combo_seen2,True,0.0008705224654801302,0.0008705224654801302,0.0,0.004745761540550033,0.004745761540550033,0.0,0.978841238367798,0.978841238367798,0.0
Norman,2,FOXF1+HOXB9,combo_seen2,True,0.0009550335969678042,0.0009550335969678042,0.0,0.009279993311919843,0.009279993311919843,0.0,0.9781550690451395,0.9781550690451395,0.0
Norman,2,HOXC13+ZC3HAV1,combo_seen2,True,0.0012093501439317713,0.0012093501439317713,0.0,0.010701510583643959,0.010701510583643959,0.0,0.9576270639315564,0.9576270639315564,0.0
Norman,2,IRF1+SET,combo_seen2,True,0.004714462256171694,0.004715183610521426,-0.00015300882911681535,0.11900838597782545,0.1190446340338995,-0.0003045840490669692,0.8372120109171413,0.83753118171581,0.000319170798668722
Norman,2,KLF1+SET,combo_seen2,True,0.0014172592243226298,0.0014172592243226298,0.0,0.027930437794926734,0.027930437794926734,0.0,0.9096165104285922,0.9096165104285922,0.0
Norman,2,MAP2K3+MAP2K6,combo_seen2,True,0.0006003251296295511,0.0005887149895370395,0.019339753609308324,0.006888842585148741,0.006888842585148741,0.0,0.8966833969966508,0.8966833969966508,0.0
Norman,2,PTPN12+ZBTB10,combo_seen2,True,0.0017133020126662531,0.0017133020126662531,0.0,0.00961549054676112,0.00961549054676112,0.0,0.9688724625731794,0.9688724625731794,0.0
Norman,2,SGK1+TBX2,combo_seen2,True,0.0005886979923242643,0.0005886979923242643,0.0,0.003252965995342573,0.003252965995342573,0.0,0.9912932854687155,0.9912932854687155,0.0
Norman,2,SGK1+TBX3,combo_seen2,True,0.0007102528284165389,0.0007102528284165389,0.0,0.00732936207089115,0.00732936207089115,0.0,0.9865700184580682,0.9865700184580682,0.0
Norman,2,BAK1,unseen_single,True,0.0009407621338375822,0.000942660615220693,-0.002018024870289375,0.005576943317505742,0.0056723420070070585,-0.017105909827317887,0.470714151121631,0.4503488266299937,-0.020365324491637304
Norman,2,BPGM,unseen_single,True,0.0015021607157084094,0.001501561796090694,0.0003987054191022139,0.04764896193306006,0.04761886622226987,0.0006316131468398316,0.7320535026620925,0.7293552643489606,-0.0026982383131318732
Norman,2,CEBPE,unseen_single,True,0.0051246341591876165,0.005086107599682302,0.007517914120024047,0.16001153384922417,0.15807557423408217,0.012098875428356469,0.7767804826820094,0.7773894234240154,0.0006089407420060144
Norman,2,CNN1,unseen_single,True,0.0018033001009260354,0.0018098500735721406,-0.0036322144288361093,0.06347016970341347,0.06379930582888027,-0.005185682140205404,0.7581192060488772,0.7582156364844606,9.643043558338338e-05
Norman,2,COL1A1,unseen_single,True,0.0031963410619519493,0.0032393408404045978,-0.013452812956821703,0.08813832422757986,0.09029906309482548,-0.024515315967052264,0.8101539241031303,0.7984498932832077,-0.01170403081992255
Norman,2,FOXA1,unseen_single,True,0.0006507849093790465,0.0006436075793712117,0.011028728393046344,0.015277200745229771,0.01491653991233607,0.023607782532170704,0.7244297943649806,0.740305562743587,0.015875768378606492
Norman,2,FOXL2,unseen_single,True,0.0010666838230635055,0.001066698009098415,-1.3299193821786828e-05,0.02285183783582526,0.022852550684079462,-3.119435116441177e-05,0.852633711559846,0.8526612294070656,2.7517847219549196e-05
Norman,2,HES7,unseen_single,True,0.007686158896523335,0.007715030008291352,-0.0037562470613347007,0.16102475094782442,0.16247552431416729,-0.009009629624038009,0.8288450585013053,0.8249225044773887,-0.0039225540239166135
Norman,2,HNF4A,unseen_single,True,0.0032565540225183882,0.0032553377528832545,0.0003734836353776046,0.07058014355119735,0.07051902600203187,0.0008659312108247984,0.6574723609445522,0.6685462149965309,0.011073854051978693
Norman,2,HOXA13,unseen_single,True,0.005022552001264768,0.005020595050259306,0.00038963280120725305,0.11320151735725702,0.11310318056923262,0.0008686878967713419,0.893013636467833,0.9118950800018201,0.01888144353398702
Norman,2,IGDCC3,unseen_single,True,0.0018333332069471442,0.0018462560837769115,-0.00704884239307833,0.05172696991558175,0.052376344476277543,-0.012553887493421203,0.8034807637279386,0.8111019122384604,0.007621148510521758
Norman,2,JUN,unseen_single,True,0.0019335707368487698,0.0019275438031887276,0.0031169967279627794,0.04322174930915931,0.0429188958927422,0.007006968048674879,0.7868509633012026,0.7832943933919002,-0.0035565699093024206
Norman,2,KIF2C,unseen_single,True,0.0002687490692390362,0.0002672765576056801,0.00547913203020766,0.002935017251760146,0.0028610235421840024,0.02521065575739602,0.8779638425349189,0.8809783876503967,0.003014545115477829
Norman,2,NCL,unseen_single,True,0.000826035350864191,0.0008092903073741743,0.02027158216957442,0.003726718659971095,0.002885280224597761,0.22578533883205995,0.7581104532312791,0.8256551261448521,0.06754467291357302
Norman,2,POU3F2,unseen_single,True,0.0008637599675425676,0.000868891226804809,-0.0059406078714668836,0.018609663615929854,0.018867509393857482,-0.013855477629746753,0.8533466978929434,0.8547202055746188,0.0013735076816754344
Norman,2,PTPN13,unseen_single,True,0.0014773223526056358,0.001467697246560303,0.006515237536585309,0.0411332365773609,0.04064957499858294,0.011758412880258475,0.5523009831836418,0.5808586336313291,0.02855765044768721
Norman,2,RREB1,unseen_single,True,0.0012324532737889573,0.0012334509865852292,-0.0008095339738151402,0.026134244915636783,0.02618437998364944,-0.0019183668085493712,0.6452551013212414,0.643933648178067,-0.0013214531431744447
Norman,2,SLC4A1,unseen_single,True,0.0028453007649847572,0.002845130509289078,5.98375039203433e-05,0.09353557444152166,0.09352701909281379,9.146625504742302e-05,0.043596914159422934,0.03718816409334217,-0.006408750066080764
Norman,2,SPI1,unseen_single,True,0.004297034603016776,0.004297890877468014,-0.0001992710160249168,0.10213559381356287,0.10217862160473754,-0.00042128105950224283,0.9131077159083899,0.8847935814901444,-0.028314134418245485
Norman,2,UBASH3A,unseen_single,True,0.0003872946822899612,0.00038084330948871337,0.01665753003140325,0.002445739212954681,0.0021215577296919788,0.13254948914649847,0.8703211543848184,0.8830590453560829,0.012737890971264543
Norman,2,CEBPE+CNN1,combo_seen0,True,0.00212376801672032,0.002098337345408656,0.011974316927013355,0.03806620675678922,0.03678831552337811,0.033570227828996844,0.8078239444437552,0.8160617440239653,0.008237799580210092
Norman,2,CEBPE+SPI1,combo_seen0,True,0.012130451780215873,0.012086584460061781,0.0036162973110067734,0.30741629288589345,0.3052119600481504,0.0071705140187910445,0.8975053441904083,0.8897094841852158,-0.007795860005192501
Norman,2,CNN1+UBASH3A,combo_seen0,True,0.0046738557809902735,0.0046736186607512975,5.073332385232644e-05,0.13937170316367684,0.13970171568613288,-0.002367858862056652,0.9138622346192976,0.9139116463990811,4.941177978345923e-05
Norman,2,FOXA1+FOXL2,combo_seen0,True,0.002153302106379504,0.0021452628466617943,0.0037334564870818766,0.0363152340360037,0.036315317756712505,-2.3053881112284344e-06,0.9348415372109588,0.9348532211412588,1.1683930300043777e-05
Norman,2,FOXL2+POU3F2,combo_seen0,True,0.003034935934497217,0.003039582905455063,-0.00153115949006539,0.059567243702574615,0.05980075399320636,-0.003920112399319465,0.9383941420459723,0.9392698747327104,0.0008757326867381288
Norman,3,AHR+FEV,combo_seen1,True,0.009377978614736854,0.009330301046566103,0.0050839919911769855,0.252810440166227,0.2504146423656467,0.009476656893619683,0.6517125587134198,0.6614327637802245,0.00972020506680471
Norman,3,AHR+KLF1,combo_seen1,True,0.0015141593161292284,0.0015084525156140287,0.0037689564462665267,0.022391142325130044,0.022104375599241256,0.012807150333145046,0.9235795595215162,0.9265402141820006,0.002960654660484452
Norman,3,CBL+CNN1,combo_seen1,True,0.0034159189893766062,0.003427098376956181,-0.0032727320566858704,0.11451207395972596,0.11507383818559959,-0.00490572047512828,0.9566703265815735,0.9562544184830276,-0.00041590809854585853
Norman,3,CBL+UBASH3B,combo_seen1,True,0.0017455366180836045,0.001743635498801624,0.0010891317101486343,0.04485720708360933,0.0447616758396898,0.002129674362950699,0.9645232184892968,0.9656502981531053,0.001127079663808539
Norman,3,CDKN1A+CDKN1B,combo_seen1,True,0.0009051162444778594,0.0009115291251661994,-0.007085145943921739,0.008175446995223334,0.008497694249812426,-0.03941646918845803,0.9815400223847661,0.9803027427389742,-0.0012372796457919
Norman,3,CDKN1A+CDKN1C,combo_seen1,True,0.0009754760238967209,0.0009816573868054552,-0.006336765596802335,0.00736751593331136,0.007678129419475262,-0.04215986622567039,0.9776958849097329,0.9766833039120044,-0.001012580997728496
Norman,3,CEBPA+CEBPB,combo_seen1,True,0.00310527902465312,0.003103974828416141,0.0004199932523373675,0.005592221959017079,0.005592221959017079,0.0,0.9917412276033546,0.9917412276033546,0.0
Norman,3,CEBPB+CEBPE,combo_seen1,True,0.0034969445785280706,0.003496037950297272,0.00025926296812525787,0.06754973116046487,0.06754973116046487,0.0,0.9702786066723544,0.9702786066723544,0.0
Norman,3,CEBPB+FOSB,combo_seen1,True,0.006083620391645792,0.006083126221812327,8.122956424825538e-05,0.11127933835463809,0.11127933835463809,0.0,0.9720859107094877,0.9720859107094877,0.0
Norman,3,CEBPB+JUN,combo_seen1,True,0.005306989059475921,0.005306271361376648,0.0001352364007595072,0.03952184900884847,0.03952184900884847,0.0,0.9680427227149261,0.9680427227149261,0.0
Norman,3,CEBPB+LYL1,combo_seen1,True,0.0021283908462141825,0.0021278712939432278,0.00024410566878674665,0.048446695802207805,0.04842058830059233,0.0005388912738665243,0.7995007183628438,0.8000545075647518,0.0005537892019080726
Norman,3,CEBPB+MAPK1,combo_seen1,True,0.0014427591439772583,0.001441466036523357,0.0008962739618039201,0.03509318242050583,0.03509318242050583,0.0,0.9561488148354742,0.9561488148354742,0.0
Norman,3,CEBPB+OSR2,combo_seen1,True,0.002484638648952326,0.0024834223908640966,0.0004895110557593901,0.05413898939633881,0.05413898939633881,0.0,0.9609240908384373,0.9609240908384373,0.0
Norman,3,CEBPB+PTPN12,combo_seen1,True,0.001940553257258183,0.0019397429764758676,0.0004175514272977973,0.03627060564486039,0.03622988903554904,0.0011225786994026698,0.8066946733953784,0.8071732486047518,0.0004785752093734441
Norman,3,CEBPE+CNN1,combo_seen1,True,0.0017189937124244441,0.0017272162718022445,-0.004783356284766974,0.027674811126860974,0.028087994735595444,-0.014929952252987086,0.8474985933555909,0.8450558874910914,-0.0024427058644994615
Norman,3,CLDN6+KLF1,combo_seen1,True,0.0031648467813675907,0.003189019741861575,-0.007637956009844786,0.08393990495755109,0.0851545962223738,-0.01447096307098496,0.8911667496262202,0.8873671644653,-0.0037995851609202713
Norman,3,CNN1+ETS2,combo_seen1,True,0.002651661485947473,0.0026615821072540386,-0.003741284986466121,0.05061518603011392,0.05111369725076883,-0.00984904452111107,0.580350800231626,0.5749706117849432,-0.005380188446682754
Norman,3,CNN1+MAPK1,combo_seen1,True,0.0007560413042012997,0.0007620001503308669,-0.007881640985028223,0.008235116719121862,0.00853454873713261,-0.03636038543515354,0.9563993085994923,0.9543055026357787,-0.0020938059637135575
Norman,3,CNN1+UBASH3A,combo_seen1,True,0.003712601130729116,0.0037236830976518686,-0.002984960283243789,0.11063892016906611,0.11119578900693444,-0.005033209263226604,0.9432096493631926,0.9428798665193107,-0.000329782843881965
Norman,3,DUSP9+ETS2,combo_seen1,True,0.005603254213142831,0.00562226248323129,-0.0033923626102621237,0.1374017840817092,0.13835694965365425,-0.006951624233474603,0.2626632439531425,0.25461562384243275,-0.008047620110709752
Norman,3,DUSP9+IGDCC3,combo_seen1,True,0.0027686897898298183,0.0027870554614562947,-0.0066333439354378946,0.07060437043838771,0.07152724543761817,-0.013071074687023678,0.9474393545583418,0.9456129919807479,-0.001826362577593943
Norman,3,DUSP9+KLF1,combo_seen1,True,0.004400308099511655,0.004418981290665914,-0.004243609931843378,0.14128589249649737,0.14222422035199883,-0.006641341459655827,0.8466515061792105,0.844726792247769,-0.0019247139314414463
Norman,3,DUSP9+MAPK1,combo_seen1,True,0.0030692425672405577,0.003087702646203441,-0.0060145389484415925,0.045846834698968504,0.046774453666853386,-0.020232999158516646,0.5615540063152493,0.5507103422270537,-0.010843664088195593
Norman,3,DUSP9+PRTG,combo_seen1,True,0.002724085424898461,0.002740301558292518,-0.00595287256627109,0.07276680958714023,0.07358167029019158,-0.011198246943553793,0.9630788221778561,0.9617903168110634,-0.0012885053667927027
Norman,3,DUSP9+SNAI1,combo_seen1,True,0.006162608405076911,0.006184143864997711,-0.003494536486053274,0.13063797648368417,0.1317201333447044,-0.008283631530035085,0.936686936453125,0.9352767732258381,-0.0014101632272868203
Norman,3,ETS2+IKZF3,combo_seen1,True,0.00867120827774686,0.008670378570281839,9.568533455143667e-05,0.3049813043487762,0.30493961154865873,0.00013670608500570425,0.38450797255312125,0.38489926313397255,0.0003912905808513001
Norman,3,FOSB+IKZF3,combo_seen1,True,0.004445088076354668,0.004443082393279457,0.0004512133484779082,0.1451640821242291,0.14506329654969974,0.0006942872717171868,0.5366193436796624,0.5378056344119987,0.001186290732336337
Norman,3,FOSB+UBASH3B,combo_seen1,True,0.0013631713130901062,0.0013620259949492235,0.0008401865047221652,0.013654594725746634,0.01359704248916728,0.004214862303517178,0.8944302259853837,0.8934993044528831,-0.0009309215325006281
Norman,3,FOXA1+HOXB9,combo_seen1,True,0.002560580248146485,0.002540877863329313,0.007694500038197919,0.0523788595563801,0.05179151932393058,0.01121330699873899,0.9344684966394398,0.9347138535258069,0.00024535688636717623
Norman,3,FOXA3+HOXB9,combo_seen1,True,0.001700651237280775,0.001686690119009359,0.008209277696312859,0.02528972623770655,0.024588180044567906,0.027740363282092447,0.9834324782292064,0.9848185013538165,0.001386023124610114
Norman,3,FOXF1+HOXB9,combo_seen1,True,0.0017592584923766647,0.001750119462830857,0.0051948190589441575,0.02762268659624271,0.02716345036156588,0.01662532835380663,0.9672059316939833,0.9673530820773389,0.00014715038335566533
Norman,3,FOXL2+HOXB9,combo_seen1,True,0.004042644344161374,0.0040297923846479514,0.0031790972490527785,0.056156367464284714,0.05551055649873526,0.011500226861365105,0.9208130557514137,0.9219484179679235,0.0011353622165097832
Norman,3,IKZF3+MAP2K3,combo_seen1,True,0.005745011849716603,0.005742878125256394,0.0003714047100380843,0.22266871789662676,0.22256149824250127,0.0004815209569548601,0.6037915277389413,0.6119475147723495,0.008155987033408252
Norman,3,IKZF3+MAPK1,combo_seen1,True,0.005718383080893419,0.005716831100721794,0.00027140192422761257,0.1932034474502382,0.19312546044661405,0.00040365223629999965,0.45459703106726684,0.4548654939178395,0.0002684628505726372
Norman,3,KLF1+MAP2K6,combo_seen1,True,0.0014407699023913556,0.001429684433908278,0.0076941283022904,0.014055901633989813,0.014055901633989813,0.0,0.9216747119878966,0.9216747119878966,0.0
Norman,3,MAP2K3+MAP2K6,combo_seen1,True,0.004477590144823871,0.004465282082092264,0.0027488140570068455,0.0998902243532261,0.09984603751831045,0.00044235394606184045,-0.5555281505891179,-0.5719595627521884,-0.016431412163070536
Norman,3,MAP2K3+SLC38A2,combo_seen1,True,0.005535105617303809,0.005535776576674829,-0.00012121889217832954,0.13540724348662805,0.1354409591950218,-0.00024899486560391867,-0.5942318229327297,-0.612608372175294,-0.018376549242564266
Norman,3,MAP2K6+SPI1,combo_seen1,True,0.005086879142978963,0.005076166196061171,0.002105995958755624,0.04195457465951495,0.04195457465951495,0.0,0.9127522961816008,0.9127522961816008,0.0
Norman,3,OSR2+UBASH3B,combo_seen1,True,0.0020269638960979243,0.0020264863475105447,0.00023559797404328054,0.021173890849943387,0.02114989403342757,0.0011333210644128141,0.8714100816137194,0.870120370876751,-0.0012897107369683747
Norman,3,PLK4+STIL,combo_seen1,True,0.0016935648815962826,0.0016858525353739384,0.004553912463675358,0.003435122664624319,0.003435122664624319,0.0,0.9364731908537123,0.9364731908537123,0.0
Norman,3,PTPN9+UBASH3B,combo_seen1,True,0.002921596556935243,0.0029202300386423994,0.0004677299778437097,0.07736084774076034,0.07729218019654495,0.000887626573657743,0.7719317384563009,0.7756757226298951,0.003743984173594228
Norman,3,PTPN12+UBASH3B,combo_seen1,True,0.0013437426218697102,0.0013429301781357806,0.0006046126101136339,0.03835085192960526,0.038310026631975296,0.0010645212707373571,0.9637896943481462,0.9650476052377787,0.001257910889632452
Norman,3,RHOXF2+SET,combo_seen1,True,0.002708501899336891,0.0027065333822431175,0.0007267918454313508,0.04421885388351995,0.04421885388351995,0.0,0.9282841737067484,0.9282841737067484,0.0
Norman,3,RHOXF2+ZBTB25,combo_seen1,True,0.0018405806912611762,0.0018383921559539554,0.001189046107900456,0.03157574551930921,0.03157574551930921,0.0,0.9492042560338321,0.9492042560338321,0.0
Norman,3,SAMD1+UBASH3B,combo_seen1,True,0.001164737153708483,0.0011636641997548075,0.0009211983581523968,0.015704832623513233,0.015650916687341043,0.0034330793243518678,0.9776843318988068,0.978429517721328,0.0007451858225212549
Norman,3,SNAI1+UBASH3B,combo_seen1,True,0.001591845944742192,0.001591084859436338,0.00047811492586185525,0.009240590953546356,0.009202346416927198,0.004138754416402461,0.9189038351349915,0.9190014295082051,9.75943732135498e-05
Norman,3,UBASH3A+UBASH3B,combo_seen1,True,0.0011890959409791664,0.0011891887019551118,-7.800966494679826e-05,0.013512290885985228,0.013516952125026483,-0.00034496289937701615,0.9293985155114788,0.9290122197152306,-0.00038629579624815946
Norman,3,UBASH3B+ZBTB25,combo_seen1,True,0.001259265821807898,0.0012574032148820653,0.0014791213209921544,0.02059593386238528,0.020502337864362192,0.004544392045947753,0.9574303376369403,0.9583648876265594,0.0009345499896190601
Norman,3,BAK1+BCL2L11,combo_seen2,True,0.0011953970833199178,0.001202438287816202,-0.005890264075874293,0.002433249254255536,0.002787069780193817,-0.14541071997432262,0.6134792461426444,0.6098373482759443,-0.0036418978667001056
Norman,3,BCL2L11+TGFBR2,combo_seen2,True,0.0007418742898346846,0.0007431203915335019,-0.0016796669137772728,0.0034787186573247285,0.003541335267690302,-0.017999906440760566,0.9065730489241148,0.9024368055451805,-0.004136243378934368
Norman,3,CBL+PTPN9,combo_seen2,True,0.0010024402728500427,0.0010018580021650346,0.0005808532446054318,0.013608120636227173,0.013578861534305518,0.0021501207039392773,0.9571400953914978,0.9574819231688558,0.00034182777735802805
Norman,3,CEBPA+CEBPE,combo_seen2,True,0.0028981846559743684,0.0028981846559743684,0.0,0.03127014955840994,0.03127014955840994,0.0,0.9819674566652224,0.9819674566652224,0.0
Norman,3,CEBPA+ZC3HAV1,combo_seen2,True,0.0019355166606330116,0.0019355166606330116,0.0,0.01745301279934036,0.01745301279934036,0.0,0.9849959252453395,0.9849959252453395,0.0
Norman,3,CEBPE+FOSB,combo_seen2,True,0.003287633414669391,0.003287633414669391,0.0,0.06185447144525922,0.06185447144525922,0.0,0.9697331018838439,0.9697331018838439,0.0
Norman,3,CEBPE+KLF1,combo_seen2,True,0.0012649681891718832,0.0012649681891718832,0.0,0.012568442362477103,0.012568442362477103,0.0,0.9228906128265952,0.9228906128265952,0.0
Norman,3,CEBPE+PTPN12,combo_seen2,True,0.0004980087574201006,0.0004980087574201006,0.0,0.004164056856538207,0.004164056856538207,0.0,0.9726722189981568,0.9726722189981568,0.0
Norman,3,CEBPE+SPI1,combo_seen2,True,0.004499052660067475,0.004499052660067475,0.0,0.08780391140330296,0.08780391140330296,0.0,0.9739310819408507,0.9739310819408507,0.0
Norman,3,COL2A1+KLF1,combo_seen2,True,0.0014773794985785326,0.0014773794985785326,0.0,0.01687900243803998,0.01687900243803998,0.0,0.9469206914671977,0.9469206914671977,0.0
Norman,3,ETS2+IGDCC3,combo_seen2,True,0.001253482910921105,0.001253482910921105,0.0,0.00871771511171049,0.00871771511171049,0.0,0.929076552105851,0.929076552105851,0.0
Norman,3,ETS2+PRTG,combo_seen2,True,0.0012739995318877743,0.0012739995318877743,0.0,0.010866918539910085,0.010866918539910085,0.0,0.9275651647957177,0.9275651647957177,0.0
Norman,3,FOXA1+FOXA3,combo_seen2,True,0.0012418983188234348,0.001234787376943619,0.005725864808765173,0.017851926287849592,0.017851926287849592,0.0,0.9696839295077289,0.9696839295077289,0.0
Norman,3,FOXA1+FOXF1,combo_seen2,True,0.001151325286100783,0.001143762063983565,0.006569144453373826,0.016127884052251875,0.016127884052251875,0.0,0.9738409045982366,0.9738409045982366,0.0
Norman,3,FOXA1+KLF1,combo_seen2,True,0.0017681226807309816,0.0017605522686223903,0.00428161020221829,0.03318733158529072,0.032806918376834006,0.011462603056201118,0.8337835571246572,0.8372040208007742,0.003420463676116925
Norman,3,FOXF1+FOXL2,combo_seen2,True,0.0025088232947374067,0.0025091233334247785,-0.00011959339185075606,0.04326954372140607,0.043284620665446506,-0.00034844240876476067,0.9697039382756174,0.9700505464630607,0.0003466081874432536
Norman,3,KLF1+TGFBR2,combo_seen2,True,0.0006135258944485291,0.0006135258944485291,0.0,0.006585367781997641,0.006585367781997641,0.0,0.9804916651036633,0.9804916651036633,0.0
Norman,3,SAMD1+ZBTB1,combo_seen2,True,0.0007499572244382923,0.0007499572244382923,0.0,0.003916870766542415,0.003916870766542415,0.0,0.9921473685759319,0.9921473685759319,0.0
Norman,3,SGK1+TBX3,combo_seen2,True,0.000887887184093298,0.000887887184093298,0.0,0.020087497988881268,0.020087497988881268,0.0,0.9713259790841976,0.9713259790841976,0.0
Norman,3,AHR,unseen_single,True,0.0011598513962761134,0.0011551669505406245,0.0040388326905748985,0.03248946098253018,0.032254067584321866,0.007245223253623281,0.7879898532441711,0.8023098584440013,0.014320005199830121
Norman,3,ATL1,unseen_single,True,0.0029348794030375366,0.0029201375164651594,0.005022995683270523,0.084723476405326,0.084723476405326,0.0,0.6980466390168322,0.6980466390168322,0.0
Norman,3,CDKN1A,unseen_single,True,0.0010997582247153877,0.0011067642816766858,-0.006370542910112052,0.026794355869605557,0.02714641023191079,-0.01313912392663965,0.9270852105897357,0.931547814324724,0.004462603734988302
Norman,3,CEBPB,unseen_single,True,0.0035194526076575026,0.00351842719376826,0.00029135607253573506,0.10435957544986256,0.10435957544986256,0.0,0.8760439786847427,0.8760439786847427,0.0
Norman,3,CLDN6,unseen_single,True,0.002801818482847131,0.0028210031552268118,-0.006847221723009642,0.08951125942312713,0.09047528921020609,-0.010769927641414519,0.8288005611374826,0.8306974156340945,0.0018968544966119216
Norman,3,CNN1,unseen_single,True,0.0021172517909131953,0.0021292968572790734,-0.00568900988421548,0.07384446311980848,0.07444972770469387,-0.008196478914111363,0.6084149116015563,0.6070529912234227,-0.001361920378133541
Norman,3,CNNM4,unseen_single,True,0.001327190650587403,0.0013174892299832439,0.007309741520455526,0.046554619606382255,0.04606712322102327,0.010471493258472528,0.44153611909125295,0.4564438287834498,0.014907709692196847
Norman,3,COL1A1,unseen_single,True,0.0031632081271691695,0.0032088694817193277,-0.014435140754086756,0.0866413410306939,0.08893582409683937,-0.02648254330842607,0.8629361000645096,0.8563010303921033,-0.006635069672406346
Norman,3,CSRNP1,unseen_single,True,0.0017261995041667497,0.001721021486429945,0.002999663552391132,0.02784905479293669,0.02758885940166226,0.009343060050297424,-0.43949965718907547,-0.47177274453773665,-0.03227308734866119
Norman,3,DUSP9,unseen_single,True,0.004094258547657773,0.004120327745748907,-0.006367257413689086,0.135569077253139,0.13687905445721846,-0.009662802392860088,0.7215774275140419,0.7243183983693343,0.002740970855292457
Norman,3,HK2,unseen_single,True,0.0005494056201071311,0.0005522746440085134,-0.005222050514923385,0.004935935061382523,0.00508010351242698,-0.02920793107113456,0.8293784760741308,0.8247653531825677,-0.004613122891563126
Norman,3,HNF4A,unseen_single,True,0.0029744267822835227,0.0029718483193743924,0.0008668772499253811,0.06322705809320867,0.0630974903320249,0.002049245451097194,0.7199651297824098,0.7342939737450536,0.014328843962643778
Norman,3,HOXB9,unseen_single,True,0.0007777000664628617,0.0007667788631760885,0.014042950178010159,0.018553823367785386,0.018005032902625034,0.029578295226912906,0.8880733928352152,0.8882774265709091,0.00020403373569388705
Norman,3,IKZF3,unseen_single,True,0.0073943968998615925,0.007392322363410433,0.00028055519324351026,0.2764695987143664,0.2763653532576956,0.0003770593843067006,0.7566908642385154,0.7677168533698365,0.011025989131321134
Norman,3,MAP2K6,unseen_single,True,0.0018357523974420896,0.0018223482048131407,0.007301743223991473,0.04390250053317093,0.04322893985356625,0.01534219398495901,-0.5855717895697156,-0.6184553358900959,-0.032883546320380375
Norman,3,PLK4,unseen_single,True,0.0008562426323647575,0.000846263216806714,0.01165489217756247,0.0017789602798979102,0.0017789602798979102,0.0,0.8607471357215352,0.8607471357215352,0.0
Norman,3,PTPN13,unseen_single,True,0.0013709762319641945,0.0013590421912776057,0.008704775770978097,0.040251245993922165,0.03965156044942107,0.01489855853385616,0.5700976222830411,0.605745815297432,0.03564819301439093
Norman,3,RHOXF2,unseen_single,True,0.0030176497616931103,0.0030148364530095005,0.0009322846936456303,0.07589226606684024,0.07589226606684024,0.0,0.7483646872988213,0.7483646872988213,0.0
Norman,3,SLC38A2,unseen_single,True,0.001364701526433229,0.0013639281830473058,0.0005666758415259863,0.015623442568010144,0.0155845820628675,0.002487320254385672,-0.07063081591465362,-0.07872339217988794,-0.008092576265234325
Norman,3,UBASH3B,unseen_single,True,0.0006595882925697574,0.0006576341571994846,0.002962659271375914,0.011669130011031982,0.011570934708675772,0.008414963434581358,0.6985808913074337,0.7012519885244325,0.0026710972169987635
Norman,3,CNN1+UBASH3B,combo_seen0,True,0.007211790764153045,0.007222506989081584,-0.0014859312033573505,0.24774783984361848,0.24828633014627755,-0.0021735418682115202,0.6743088279227587,0.6768620381591166,0.0025532102363579057
Norman,3,IKZF3+MAP2K6,combo_seen0,True,0.005288633714028651,0.005276449772438216,0.0023037975872892214,0.19464543669711915,0.19456496247321248,0.0004134400747955428,0.6760658978072456,0.6789869936793785,0.0029210958721329616
Replogle_exp6,1,AHCYL1+FDPS,combo_seen1,True,0.0008069974346047083,0.0008027493334937353,0.005264082546995753,0.0018962840649455388,0.0016830718701857919,0.11243684356218558,0.9248700996637074,0.9274869826542274,0.0026168829905199864
Replogle_exp6,1,ATM+FDPS,combo_seen1,True,0.0011028771576604493,0.0010961502926064165,0.006099378346272612,0.0015508810014215365,0.0012132596443596307,0.21769649428450172,0.980939029241402,0.9866812330104394,0.005742203769037446
Replogle_exp6,1,ATR+FDPS,combo_seen1,True,0.0009693357016581769,0.0009693870042995228,-5.292556671356203e-05,0.0051415460675748445,0.005144120947143997,-0.0005007986966004661,0.9355306632595628,0.9366378262781024,0.0011071630185396364
Replogle_exp6,1,ETAA1+FDPS,combo_seen1,True,0.0009872088493873715,0.0009826528229223217,0.004615058371769102,0.009189937007131053,0.008961270038850198,0.02488232162020461,0.8471205068816089,0.8391148069588801,-0.008005699922728815
Replogle_exp6,1,ETAA1+TOPBP1,combo_seen1,True,0.0006738729502517904,0.000666959779039355,0.010258864389574187,0.0015184343017474273,0.001171462238595296,0.22850647061439072,0.7004649434421253,0.7129511229257033,0.012486179483577997
Replogle_exp6,1,FDPS+IDI1,combo_seen1,True,0.0014959264633839352,0.0014946735221461986,0.0008375687364352958,0.012248950844944604,0.012186065724222601,0.005133918938694754,0.9662661764194237,0.9683336473104596,0.002067470891035872
Replogle_exp6,1,FDPS+LIG4,combo_seen1,True,0.0009335879063332764,0.0009275918811070788,0.006422560945275502,0.005126929165693451,0.004825988659590593,0.05869800349819223,0.8623893635448585,0.8575237983660725,-0.004865565178786002
Replogle_exp6,1,FDPS+MVD,combo_seen1,True,0.0018241356587351423,0.0018196938440107292,0.002435024337769431,0.017182096939677368,0.01695916225865908,0.012974823841406753,0.9617988493342178,0.9635652493982675,0.0017664000640497113
Replogle_exp6,1,FDPS+NHEJ1,combo_seen1,True,0.0010876482002815833,0.0010506620294693997,0.03400563785478441,0.0018126423393655569,0.0016797626044888383,0.0733072002076415,0.9511446939929701,0.9427083473863583,-0.008436346606611744
Replogle_exp6,1,FDPS+PMVK,combo_seen1,True,0.0014573237445680556,0.0014372033182071936,0.013806421830329525,0.010288323347380689,0.009278479148329036,0.09815439940549205,0.6379266523674355,0.6729291403583558,0.03500248799092032
Replogle_exp6,1,FDPS+PRKDC,combo_seen1,True,0.0009496754185765809,0.000944218637516954,0.005745943248489928,0.003597332559663055,0.0033234567182803794,0.07613303380778569,0.938422634850548,0.9429969043825295,0.0045742695319814786
Replogle_exp6,1,FDPS+RAD1,combo_seen1,True,0.0008689467442902062,0.0008647788262263828,0.00479651726784231,0.0021868258177038993,0.0019776380100806046,0.09565819368409299,0.9195996072676532,0.9254470614326356,0.005847454164982335
Replogle_exp6,1,FDPS+RAD9A,combo_seen1,True,0.0007930995034445726,0.0007896620122632259,0.00433424956946393,0.007393723084564147,0.007221195402172357,0.02333434460806028,0.8705540793652998,0.8734475439671959,0.0028934646018961008
Replogle_exp6,1,FDPS+RAD17,combo_seen1,True,0.0007211569191610183,0.0007191174465406902,0.0028280566491697442,0.004628491188265571,0.004526130057451303,0.022115442516943744,0.8845090240804699,0.8823719965298491,-0.0021370275506208403
Replogle_exp6,1,FDPS+RRM1,combo_seen1,True,0.0008173073363206744,0.000814791386252822,0.0030783402473525423,0.01140326564201976,0.011276990108114247,0.011073629069921946,0.9501127330082697,0.9538540400714639,0.003741307063194199
Replogle_exp6,1,FDPS+RRM2B,combo_seen1,True,0.001064995422764928,0.0010587947182144947,0.005822282817268126,0.01291737381243551,0.01260616045104926,0.024092618662676323,0.8725862003037055,0.868388839214279,-0.004197361089426477
Replogle_exp6,1,FDPS+SQLE,combo_seen1,True,0.0007905285983177729,0.0007873085909507406,0.004073233244039993,0.007776910488706945,0.007615298318955594,0.020781024802334097,0.9838896506841093,0.9853286405306085,0.0014389898464992612
Replogle_exp6,1,FDPS+SREBF1,combo_seen1,True,0.0007570076135406938,0.0007547846789428987,0.002936475879546179,0.005288878126510612,0.005177309039047282,0.021095038455147642,0.9632756345671367,0.9664608286352531,0.003185194068116348
Replogle_exp6,1,FDPS+SREBF2,combo_seen1,True,0.0004583690675310294,0.00045651314792256794,0.004048963466182924,0.003800216947351831,0.0037070683422031504,0.024511391438741665,0.933218455791608,0.9352846608761887,0.0020662050845806634
Replogle_exp6,1,FDPS+XRCC5,combo_seen1,True,0.0016561283379781919,0.0016520781854170137,0.0024455547727192206,0.006057945341517378,0.005854668184471844,0.03355546238629768,0.9745641401116237,0.9764920430983672,0.0019279029867435016
Replogle_exp6,1,FDPS+XRCC6,combo_seen1,True,0.0013601371335128548,0.001354617517076338,0.004058132301896113,0.005871304620215872,0.0055942750712670965,0.04718364432922057,0.9852215296208371,0.9859006148073848,0.0006790851865476899
Replogle_exp6,1,HMGCR+SREBF1,combo_seen1,True,0.0013807752552946865,0.0013788211048196444,0.0014152560074847712,0.01923525450824434,0.01913717569590198,0.005098909000674823,0.863425534040745,0.8632846766101516,-0.000140857430593333
Replogle_exp6,1,HMGCR+SREBF2,combo_seen1,True,0.0008457915909649537,0.000841445994129011,0.005137904990264572,0.007002710414634581,0.006784604909438616,0.03114586956789729,0.8385431793155469,0.8407435957726302,0.002200416457083354
Replogle_exp6,1,HUS1+IDI1,combo_seen1,True,0.001655138907598625,0.0016322845707727842,0.013808108020975233,0.019377761555033114,0.018230702389744197,0.05919461657277869,0.8571655509447152,0.8647125644732584,0.007547013528543145
Replogle_exp6,1,HUS1+MVD,combo_seen1,True,0.002003020350867214,0.0019816795894290868,0.01065429087072817,0.018985585909949997,0.01791449309337039,0.05641610544230111,0.9248318421335698,0.9288170136397225,0.003985171506152629
Replogle_exp6,1,HUS1+PMVK,combo_seen1,True,0.001015531645683029,0.000980435851590831,0.034559035399229894,0.015701803839064145,0.013940345933576726,0.11218188200167992,0.43515323012285284,0.4277813585472408,-0.007371871575612032
Replogle_exp6,1,HUS1+RRM1,combo_seen1,True,0.0007191674456030098,0.0006977493670624124,0.029781768726529,0.011105987955305749,0.01003101459335316,0.09679223192737518,0.9158858760188702,0.924763690091213,0.008877814072342782
Replogle_exp6,1,HUS1+SQLE,combo_seen1,True,0.0007210988704436786,0.0006990686764101464,0.030550864710102033,0.00493443297262006,0.00493443297262006,0.0,0.9861689933383403,0.9861689933383403,0.0
Replogle_exp6,1,HUS1+SREBF1,combo_seen1,True,0.0007546691168121859,0.0007327972563521138,0.028982053157894597,0.004873088399123913,0.003775339722632888,0.22526754833513363,0.9402528613434553,0.9546992613574258,0.014446400013970462
Replogle_exp6,1,HUS1+SREBF2,combo_seen1,True,0.0003741923020899937,0.00035211257906456406,0.059006352888893644,0.0025595352218468637,0.001451353923200549,0.4329619257384913,0.879066987710556,0.9257101757027546,0.046643187992198576
Replogle_exp6,1,CHEK1,unseen_single,True,0.0007973617582547308,0.0007930546346630609,0.00540171828794171,0.0011620084360460796,0.0009458339029801669,0.18603525272284713,0.7216913813486949,0.6643524399030882,-0.057338941445606695
Replogle_exp6,1,FDPS,unseen_single,True,0.0006066159482600534,0.0006020317476200154,0.007557006460490794,0.011405667642858084,0.011175586612734578,0.02017251749989196,0.919232136759406,0.9111662878348613,-0.00806584892454465
Replogle_exp6,1,HMGCR,unseen_single,True,0.0007966954815827431,0.0007942580538115183,0.0030594221099164666,0.01253097532435826,0.012408640824520483,0.00976256808996965,0.2913466242811132,0.28478294156090084,-0.006563682720212349
Replogle_exp6,1,HSPE1,unseen_single,True,0.008370978593857744,0.008154161519693656,0.025901042719566655,0.197723885348555,0.1868418363962595,0.055036592736948386,0.768741407875369,0.631444186309813,-0.13729722156555602
Replogle_exp6,1,HUS1,unseen_single,True,0.00018656352913759745,0.0001637984312088353,0.12202330237852688,0.004009895323345302,0.0028673150583007284,0.2849401724759645,0.49471174802880385,0.5773427238367319,0.08263097580792805
Replogle_exp6,1,MTOR,unseen_single,True,0.005365324307015784,0.005351339499317535,0.0026065167542550366,0.12360219714567801,0.12290029964730287,0.005678681403599005,0.31119998588476694,0.35227225677100077,0.04107227088623383
Replogle_exp6,1,TOPBP1,unseen_single,True,0.00022582986874115975,0.00021919909268762418,0.029361820429234683,0.0015313071385547117,0.00119850848842776,0.21732978430509756,0.6767826834413594,0.6871830968210341,0.010400413379674678
Replogle_exp6,1,CHEK1+FDPS,combo_seen0,True,0.001343961652771691,0.0013354363655696728,0.006343400635305474,0.002379564840609098,0.001951680675939802,0.17981614006356322,0.9157549898209486,0.9499544183650416,0.03419942854409297
Replogle_exp6,1,FDPS+HMGCR,combo_seen0,True,0.0014974514567352053,0.0014912996845240633,0.004108161358735708,0.017290768149416255,0.016982010702139044,0.017856780254591257,0.49789618168195476,0.5150554659506466,0.017159284268691788
Replogle_exp6,1,FDPS+HUS1,combo_seen0,True,0.0008436120741062235,0.000816984817833287,0.03156338925227828,0.014947286575551269,0.013610864583212574,0.08940900313804322,0.7980189648602556,0.8306343922538733,0.03261542739361767
Replogle_exp6,1,FDPS+TOPBP1,combo_seen0,True,0.0007218420276527909,0.0007148649433193449,0.009665666539441184,0.001615618087043196,0.0012654382243475462,0.2167466838258337,0.9167590429290645,0.9352065758939361,0.01844753296487156
Replogle_exp6,1,HMGCR+HUS1,combo_seen0,True,0.0012253872487759236,0.001200960513076941,0.01993389087684988,0.018381469816560338,0.017155491951828406,0.06669640006847638,0.3271204953290455,0.3239621898253504,-0.0031583055036951135
Replogle_exp6,2,AHCYL1+FDPS,combo_seen1,True,0.0007524139944776499,0.0007597931349377879,-0.009807287629280183,0.002829709700786946,0.003200068760481269,-0.1308823514975143,0.9175437904572629,0.9049223735919563,-0.0126214168653066
Replogle_exp6,2,ATM+FDPS,combo_seen1,True,0.0010892221156326685,0.0010987435108418238,-0.00874146335490521,0.0030888658579010467,0.003566744683448553,-0.15471012582988491,0.9675465259922154,0.9529600269512288,-0.014586499040986523
Replogle_exp6,2,ATR+FDPS,combo_seen1,True,0.0008046472927760493,0.0008088872560299935,-0.005269343837989279,0.003867580016830053,0.004080383772545516,-0.0550224571410112,0.9463764188690649,0.9433245672659106,-0.003051851603154243
Replogle_exp6,2,CHEK1+FDPS,combo_seen1,True,0.001391208252566867,0.0013973818995852052,-0.004437615293718526,0.002712645741775615,0.003022501085626002,-0.11422624748912663,0.9605558289210943,0.9563495533350483,-0.0042062755860459156
Replogle_exp6,2,ETAA1+FDPS,combo_seen1,True,0.0010053029421664527,0.0010129552784397897,-0.007611970434350892,0.011486453755554939,0.011870524513113713,-0.03343684358395079,0.8358770147679193,0.8381346197172896,0.0022576049493703287
Replogle_exp6,2,FDPS+HMGCR,combo_seen1,True,0.0008475069218852577,0.0008532581782319739,-0.006786087757162613,0.01233224958791543,0.01262090514395711,-0.023406561307722677,0.5128554736975591,0.48227770180072554,-0.030577771896833583
Replogle_exp6,2,FDPS+HUS1,combo_seen1,True,0.0006920267229584099,0.0006991788854665284,-0.010335095843615718,0.01596110120092498,0.016320068237207445,-0.02249011717698162,0.8667937815961949,0.8658384285927342,-0.0009553530034607238
Replogle_exp6,2,FDPS+IDI1,combo_seen1,True,0.0010169765633299844,0.0010218629196519736,-0.004804787541995423,0.0031183450698585276,0.003363591293659162,-0.07864627496525288,0.9684961976637929,0.9656774445740222,-0.0028187530897707536
Replogle_exp6,2,FDPS+LIG4,combo_seen1,True,0.0009492559779878058,0.0009580903350937528,-0.009306612031744713,0.006378367109735769,0.006821763492883246,-0.06951565745889546,0.866387303348594,0.86495289568299,-0.0014344076656039872
Replogle_exp6,2,FDPS+MVD,combo_seen1,True,0.002165651012655628,0.0021674118878711405,-0.0008130927860593572,0.04781167886689947,0.047900057193966034,-0.0018484673444033074,0.8343693646683685,0.8490368851355485,0.014667520467180006
Replogle_exp6,2,FDPS+NHEJ1,combo_seen1,True,0.0009168921930759456,0.0009252159247720539,-0.009078201078563271,0.0034148153038706303,0.0038325833976983054,-0.12233987980378985,0.9719084955081881,0.9704083216712077,-0.001500173836980423
Replogle_exp6,2,FDPS+PRKDC,combo_seen1,True,0.0009776362723455275,0.000986048406758204,-0.008604564550877634,0.006518401177987651,0.006940606204159879,-0.06477125519644236,0.9363886324119676,0.9295750304923818,-0.006813601919585799
Replogle_exp6,2,FDPS+RAD1,combo_seen1,True,0.0007656924871443186,0.0007729964814063809,-0.009539070037506609,0.002861511074796263,0.0032280985468091656,-0.12810975125756002,0.9237971870938314,0.9091775921323205,-0.014619594961510884
Replogle_exp6,2,FDPS+RAD9A,combo_seen1,True,0.0006638618390070368,0.0006705739876278393,-0.01011076134582777,0.006613031097048374,0.006949913836326455,-0.050942258449146585,0.9071821753242914,0.9016692949922767,-0.005512880332014691
Replogle_exp6,2,FDPS+RRM1,combo_seen1,True,0.0005225222693033397,0.0005283716614837885,-0.011194531839279381,0.0025029693183672985,0.00279655031190402,-0.1172930852097804,0.9607052102883576,0.955755648080214,-0.004949562208143687
Replogle_exp6,2,FDPS+RRM2B,combo_seen1,True,0.0010970710621652738,0.001106153064328938,-0.008278408278985206,0.016077346122930727,0.01653317181152503,-0.028352047975391287,0.8597731899223683,0.8577095388411567,-0.002063651081211537
Replogle_exp6,2,FDPS+SQLE,combo_seen1,True,0.0004641259471285504,0.00047081727003388816,-0.014417041207748782,0.0032810072787799196,0.00361684477539882,-0.10235804680804775,0.981953233674165,0.9800886351261777,-0.0018645985479872618
Replogle_exp6,2,FDPS+SREBF1,combo_seen1,True,0.0005280915458752974,0.0005337494497592707,-0.01071386945722723,0.0027299821491816234,0.003013952345118242,-0.10401906694582065,0.9614158906929552,0.957055637547396,-0.004360253145559212
Replogle_exp6,2,FDPS+TOPBP1,combo_seen1,True,0.0006011276937680735,0.0006067512930246045,-0.009355082646883768,0.002183132760167042,0.002465381206852329,-0.1292859746485096,0.940365589986157,0.9328639091187108,-0.007501680867446292
Replogle_exp6,2,FDPS+XRCC6,combo_seen1,True,0.0015099225215192955,0.001518353848288813,-0.005583946625972402,0.019560493821776048,0.01998366211233813,-0.021633824504521643,0.9810827462521836,0.9800536524584526,-0.0010290937937310618
Replogle_exp6,2,HMGCR+SREBF2,combo_seen1,True,0.0008325260363898909,0.0008268496251607575,0.0068182987450436435,0.00804191359821059,0.007757014518620392,0.035426776986710116,0.559842720753326,0.5622097101878034,0.00236698943447744
Replogle_exp6,2,HUS1+PMVK,combo_seen1,True,0.0004100865438398346,0.0004037378391583927,0.01548137771602049,0.007831901218079224,0.007513259730117655,0.04068507493761717,0.5737708411672021,0.5696435317306882,-0.0041273094365139595
Replogle_exp6,2,HUS1+SREBF2,combo_seen1,True,0.0005235101066370348,0.0005204866200342324,0.005775412097055666,0.010286101628187978,0.01013435283559332,0.014752799270309258,0.3830518075792173,0.38012900279498807,-0.002922804784229238
Replogle_exp6,2,ETAA1+TOPBP1,combo_seen2,True,0.0006517416526460999,0.0006517416526460999,0.0,0.0008226457605452473,0.0008226457605452473,0.0,0.7767094198023506,0.7767094198023506,0.0
Replogle_exp6,2,HUS1+RRM1,combo_seen2,True,0.0005054103979550651,0.0005054103979550651,0.0,0.0030210324747344548,0.0030210324747344548,0.0,0.9533276062853212,0.9533276062853212,0.0
Replogle_exp6,2,FDPS,unseen_single,True,0.0006392975200381656,0.0006483364336067546,-0.014138821574107443,0.013321873515309581,0.013775536587317061,-0.03405399934822436,0.9267773656310528,0.9370422885776512,0.01026492294659831
Replogle_exp6,2,HSPE1,unseen_single,True,0.009057622416465468,0.008909841965562678,0.016315589688762625,0.2122812007604814,0.20486409992967036,0.034939979631921414,0.7155428901009898,0.6191293316022495,-0.09641355849874034
Replogle_exp6,2,MTOR,unseen_single,True,0.0053777708549337016,0.005365584249844634,0.0022661071692720164,0.12364443302208791,0.12303278731266762,0.004946811550432113,0.35080612657241333,0.4187702699411273,0.06796414336871398
Replogle_exp6,2,PMVK,unseen_single,True,0.0004959976123651807,0.00048363044756826856,0.024933920020176897,0.0068517791542946046,0.006231071153137586,0.09059077754541559,0.33496385818133845,0.3460090957152524,0.011045237533913954
Replogle_exp6,2,RAD17,unseen_single,True,0.0003269471156144924,0.00031386217348759293,0.04002158606692858,0.0017604454687744542,0.0011037122234253704,0.373049467874897,0.48363691096157985,0.514376247271683,0.030739336310103116
Replogle_exp6,2,SREBF2,unseen_single,True,0.0005039034678969284,0.0004965083082872979,0.014675746607767284,0.01016925398289787,0.009798090922090514,0.036498553525318514,0.33072105296206555,0.3730407713006487,0.04231971833858317
Replogle_exp6,2,XRCC5,unseen_single,True,0.002800541444092535,0.002807246358957933,-0.002394149488321758,0.059731402650781355,0.06006792232787567,-0.005633882047970115,0.9326556205525707,0.937139970031807,0.004484349479236371
Replogle_exp6,2,FDPS+PMVK,combo_seen0,True,0.0008451509612470977,0.0008479900163179788,-0.003359228352165475,0.009428199878047036,0.009570692052054559,-0.01511340190605281,0.6568065471293203,0.6533387348469256,-0.0034678122823946778
Replogle_exp6,2,FDPS+RAD17,combo_seen0,True,0.0004905601048088349,0.0004894094053118906,0.002345685035664941,0.004285774533434088,0.004228020925682453,0.013475652370671453,0.893894497217228,0.9072692634771699,0.013374766259941828
Replogle_exp6,2,FDPS+SREBF2,combo_seen0,True,0.0006961202950767126,0.0007014272340115783,-0.0076235946177676895,0.012374511654455992,0.012640866919596906,-0.021524507194997128,0.712094562436213,0.7104319234736696,-0.0016626389625434834
Replogle_exp6,2,FDPS+XRCC5,combo_seen0,True,0.0019698341637715143,0.0019825121488466564,-0.0064360672123121255,0.030270209006696528,0.030906517077617917,-0.021020934172625686,0.9325388131441092,0.9337821001759438,0.0012432870318345168
Replogle_exp6,3,ATM+FDPS,combo_seen1,True,0.0011072058454755836,0.0011019732995181848,0.004725901672919079,0.003336131966248811,0.0030735104846469565,0.07872035167036556,0.9652023587664157,0.9700075107914126,0.004805152024996873
Replogle_exp6,3,CHEK1+FDPS,combo_seen1,True,0.001231364488419522,0.0012264292145089317,0.004007971609547443,0.003605660789961756,0.0033579593923892355,0.06869792029858351,0.9043174749953239,0.9417757457657213,0.03745827077039743
Replogle_exp6,3,ETAA1+FDPS,combo_seen1,True,0.0009043812802617521,0.0008999909442178153,0.004854518928859393,0.010286622462239041,0.010066271496193853,0.021421119211293083,0.8545279073448058,0.8551754317531398,0.0006475244083340437
Replogle_exp6,3,FDPS+HMGCR,combo_seen1,True,0.0004025730582279373,0.0003947330401621161,0.01947477086601799,0.004554265097659875,0.0041607745909363085,0.08640043965068138,0.8365495255790063,0.8522559476573854,0.015706422078379134
Replogle_exp6,3,FDPS+HUS1,combo_seen1,True,0.0005684498285015615,0.0005649806569793101,0.006102863169817666,0.012770084306689945,0.012595966587988151,0.01363481356270904,0.9061058655532434,0.905710043844194,-0.0003958217090493932
Replogle_exp6,3,FDPS+IDI1,combo_seen1,True,0.0008320798624003556,0.0008302420927242777,0.0022086457792360264,0.014400504526517942,0.014308266866475593,0.006405168643396989,0.8963075375014368,0.897961455163367,0.0016539176619302376
Replogle_exp6,3,FDPS+LIG4,combo_seen1,True,0.0009663395300323045,0.0009614737704678019,0.005035248391773794,0.0067596912016131775,0.006515478729070791,0.0361277557300408,0.8112849018623256,0.8151182308636403,0.0038333290013147225
Replogle_exp6,3,FDPS+MVD,combo_seen1,True,0.001173786285462701,0.0011703704879236414,0.002910067685543918,0.009897597765293316,0.009726158886807912,0.017321261436443417,0.949070484551607,0.9502342937206248,0.0011638091690178154
Replogle_exp6,3,FDPS+NHEJ1,combo_seen1,True,0.0009772159327309873,0.0009727395182710513,0.004580783335599053,0.0037289083304142354,0.003504237088670047,0.06025121076635058,0.9644706196399427,0.9605262128853745,-0.003944406754568197
Replogle_exp6,3,FDPS+PMVK,combo_seen1,True,0.0005101541465651647,0.0005021030904547416,0.01578161456616657,0.0045309148914543015,0.004126832385272166,0.08918342450975408,0.8478689579835361,0.8654448361222639,0.01757587813872774
Replogle_exp6,3,FDPS+PRKDC,combo_seen1,True,0.001054278957249376,0.0010497019355514353,0.004341376318353364,0.006450992531891366,0.00622127181287172,0.035610135631686156,0.9273409900895827,0.93081407259212,0.0034730825025373058
Replogle_exp6,3,FDPS+RAD9A,combo_seen1,True,0.0006736832940114927,0.0006700900755349689,0.0053336909323187754,0.006107966785808131,0.0059276231504714035,0.029525968568747923,0.9083755562119238,0.91131290016755,0.0029373439556261705
Replogle_exp6,3,FDPS+RAD17,combo_seen1,True,0.0006481038605934681,0.0006451865059538329,0.004501369019718225,0.0051662448946305775,0.005019822865267284,0.028342061274616262,0.8973833345626498,0.899039211185434,0.0016558766227841026
Replogle_exp6,3,FDPS+RRM1,combo_seen1,True,0.0004157799301931776,0.00041276108829715766,0.0072606724779075895,0.0024283934036368007,0.0022768777288755585,0.06239338096303914,0.9599246235781129,0.96258071771861,0.002656094140497056
Replogle_exp6,3,FDPS+RRM2B,combo_seen1,True,0.0011198994408559595,0.0011149397970893736,0.004428650989230971,0.016605871083860312,0.016356946563215357,0.014990151337913954,0.837684701393293,0.8388189579342004,0.0011342565409073746
Replogle_exp6,3,FDPS+SQLE,combo_seen1,True,0.0006613197796742077,0.0006577037260498516,0.005467935082990523,0.0051912629004416755,0.005009773169035238,0.034960612646105026,0.9719385246196688,0.9729461843118492,0.0010076596921804182
Replogle_exp6,3,FDPS+SREBF1,combo_seen1,True,0.0006131974762284643,0.0006100397410601476,0.005149621925613043,0.003953707128459861,0.0037952204003620475,0.040085601423783396,0.9511076828434195,0.9536486553038875,0.0025409724604680273
Replogle_exp6,3,FDPS+SREBF2,combo_seen1,True,0.0008896822055556413,0.0008804787278708699,0.010344679962463143,0.013511468787292775,0.01304954624229409,0.03418744122275682,0.6746874201270917,0.6904439996629743,0.01575657953588261
Replogle_exp6,3,FDPS+TOPBP1,combo_seen1,True,0.0006436662819334035,0.0006405309719148554,0.0048710179584526905,0.0022883984796026585,0.002131037269771734,0.06876477642925519,0.9173690354637049,0.9226374765726414,0.005268441108936539
Replogle_exp6,3,FDPS+XRCC5,combo_seen1,True,0.0014423215700575867,0.0014383923073538175,0.0027242625953464747,0.005236383765855415,0.005039174070753241,0.037661428940351516,0.9632203442344439,0.9646630698216025,0.001442725587158633
Replogle_exp6,3,HMGCR+SREBF2,combo_seen2,True,0.00082907297552759,0.0008253157991633986,0.00453178004240267,0.019602640749208835,0.01941406806749008,0.00961975909936352,0.0340349679630121,0.0068059384954107065,-0.027229029467601393
Replogle_exp6,3,HUS1+SQLE,combo_seen2,True,0.0005788907241325651,0.0005788907241325651,0.0,0.005137356773902935,0.005137356773902935,0.0,0.9807817354676247,0.9807817354676247,0.0
Replogle_exp6,3,HUS1+SREBF2,combo_seen2,True,0.0005616246845998863,0.0005588491785367871,0.004941923208159068,0.010994021040566846,0.010854718391259894,0.012670764299335054,0.36679485722634075,0.3593878294701171,-0.00740702775622365
Replogle_exp6,3,AHCYL1,unseen_single,True,0.0006296845002906837,0.000628787675991804,0.001424243884779925,0.000818782312514203,0.0007737707009534273,0.054973844540632935,0.8065147067606204,0.7901057832336045,-0.01640892352701595
Replogle_exp6,3,ATR,unseen_single,True,0.0016674084775686255,0.001649477376493734,0.010753874240245018,0.01282403331305884,0.01192407135011004,0.07017776240742918,0.3585634873407721,0.4807046679880975,0.12214118064732543
Replogle_exp6,3,FDPS,unseen_single,True,0.0006460554062769232,0.0006413975845326827,0.007209632020700078,0.013259033948328294,0.013025257874984866,0.0176314559759388,0.913642675390196,0.9096654269173206,-0.003977248472875394
Replogle_exp6,3,POLR1D,unseen_single,True,0.0058577260492200505,0.005880501263026755,-0.0038880640056112997,0.14007997040929202,0.1412230583902505,-0.008160252872830924,0.6584000155750033,0.6934558553722258,0.03505583979722249
Replogle_exp6,3,RAD1,unseen_single,True,0.0005536833895065334,0.0005511185086752395,0.004632396203143883,0.0032986439724491945,0.0031699126035265503,0.039025542009937804,0.490965321801944,0.48570717012444503,-0.00525815167749899
Replogle_exp6,3,RPL15,unseen_single,True,0.0014896615274102485,0.0015048845409056434,-0.010219108982333611,0.0039026975313968463,0.004666740578730718,-0.19577306239779402,0.9898224482272041,0.9879147854848058,-0.0019076627423982861
Replogle_exp6,3,XRCC6,unseen_single,True,0.0043709817039194335,0.004336258068319222,0.007944127418578592,0.09556030663049939,0.09381752735972476,0.018237480939794232,0.8552667518846601,0.808748893480352,-0.04651785840430811
Replogle_exp6,3,AHCYL1+FDPS,combo_seen0,True,0.0010540848484961733,0.0010513075321824544,0.002634812859402407,0.00303860927269861,0.002899215766913063,0.045874113212901045,0.8557961644993818,0.876098588913072,0.020302424413690234
Replogle_exp6,3,ATR+FDPS,combo_seen0,True,0.0012696107951660522,0.0012565660772044767,0.010274580218790049,0.021369095379328282,0.020714380984836814,0.030638376724398723,0.6944211217693032,0.7191261767657232,0.02470505499642006
Replogle_exp6,3,FDPS+RAD1,combo_seen0,True,0.0006756439247448247,0.0006729578285362522,0.003975609208041145,0.004853444713661765,0.004718629544953506,0.027777213229353028,0.778574347358934,0.7890908727665938,0.010516525407659794
Replogle_exp6,3,FDPS+XRCC6,combo_seen0,True,0.004229737962565162,0.004194164462623503,0.008410331858970542,0.11725116941719209,0.11546573545512023,0.015227429892141138,0.873671505176259,0.8697280976574601,-0.003943407518798958
Schmidt,1,CBY1+LCP2,combo_seen1,True,0.009277396140703652,0.00923197721459855,0.004895654493595623,0.01048172340859617,0.01048172340859617,0.0,-0.17508737311050554,-0.17508737311050554,0.0
Schmidt,1,CBY1+PRKD2,combo_seen1,True,0.009032073152229703,0.008987267862240956,0.004960687234656187,0.008564362667142144,0.008564362667142144,0.0,0.07569611486734448,0.07569611486734448,0.0
Schmidt,1,CBY1+TRIM21,combo_seen1,True,0.010874230422843146,0.010831732360658992,0.003908144349680096,0.022836562160558654,0.022836562160558654,0.0,-0.5405603036475569,-0.5405603036475569,0.0
Schmidt,1,EMP3+JMJD1C,combo_seen1,True,0.007649370610316596,0.007632968342984667,0.0021442636482807125,0.009523117675268162,0.009523117675268162,0.0,-0.15995332582315028,-0.15995332582315028,0.0
Schmidt,1,EMP3+LCP2,combo_seen1,True,0.010423160174854508,0.01039871487926862,0.002345286379159955,0.01625660674836113,0.015033119704287407,0.07526091164117417,0.9279493918043261,0.9317017638681385,0.0037523720638124036
Schmidt,1,EMP3+MAP4K1,combo_seen1,True,0.009851723388272818,0.00983834456180839,0.0013580188904160192,0.011341403450605947,0.011341403450605947,0.0,0.25619313678931904,0.25619313678931904,0.0
Schmidt,1,EMP3+PRKD2,combo_seen1,True,0.007417554159892462,0.007402556805307327,0.00202187328354502,0.006794041933784645,0.006043424336798655,0.1104817433129759,0.9642226366631346,0.9671819063314353,0.0029592696683007347
Schmidt,1,EMP3+TBX21,combo_seen1,True,0.008229863314980327,0.008185778662381796,0.005356668866940464,0.021970800157773543,0.019764363295217125,0.10042587646839767,0.9158271648687889,0.933058547375283,0.01723138250649414
Schmidt,1,EMP3+TNFRSF1A,combo_seen1,True,0.005476744904874931,0.005455481535488557,0.0038824830726453497,0.006945474307933881,0.005881242670145883,0.1532266322794277,0.9608353937567561,0.9710452835711043,0.010209889814348228
Schmidt,1,EMP3+TNFRSF1B,combo_seen1,True,0.003915372785860582,0.003892198063530264,0.00591890570778031,0.005891998635659077,0.004732103783026657,0.1968593213196959,0.9621208198439611,0.9714922204515942,0.009371400607633085
Schmidt,1,EMP3+VAV1,combo_seen1,True,0.00843578645226512,0.008419753624297381,0.0019005730003316572,0.009829791785882412,0.009027348746097097,0.08163377793391184,0.9234352029528532,0.9293712138220915,0.0059360108692383395
Schmidt,1,JMJD1C+TRAF3IP2,combo_seen1,True,0.008597923519465728,0.008601829716639028,-0.0004543186694387679,0.007015889631489164,0.007015889631489164,0.0,0.1164719513457225,0.1164719513457225,0.0
Schmidt,1,PRKD2+TRAF3IP2,combo_seen1,True,0.00961950531328278,0.009625460852615517,-0.0006191107690863418,0.010723009674678229,0.010723009674678229,0.0,-0.00888161239225536,-0.00888161239225536,0.0
Schmidt,1,TNFRSF1A+TRAF3IP2,combo_seen1,True,0.006701248537694988,0.006707033141257735,-0.000863212807316108,0.004104832080167738,0.004104832080167738,0.0,0.9519943671801304,0.9519943671801304,0.0
Schmidt,1,TNFRSF1B+TRAF3IP2,combo_seen1,True,0.007590641579368247,0.007604825046228557,-0.0018685465137573385,0.005586345616634807,0.00629622813299334,-0.12707457881672632,0.957821491776139,0.9524117518413855,-0.005409739934753466
Schmidt,1,TNFRSF12A+TRAF3IP2,combo_seen1,True,0.008816021437866667,0.008821057717542588,-0.0005712644543137519,0.009132641973579155,0.009132641973579155,0.0,0.22273541967660554,0.22273541967660554,0.0
Schmidt,1,TRAF3IP2+TRIM21,combo_seen1,True,0.008289334637995627,0.008298835690647119,-0.0011461779583540224,0.007439952333674923,0.007439952333674923,0.0,0.14537124852841093,0.14537124852841093,0.0
Schmidt,1,TRAF3IP2+VAV1,combo_seen1,True,0.007139794497884675,0.007141965686995961,-0.00030409686328218365,0.004818866785601145,0.004818866785601145,0.0,0.22291949499394983,0.22291949499394983,0.0
Schmidt,1,MGST3+TRIM21,combo_seen2,True,0.0073983428008410155,0.0073983428008410155,0.0,0.013915801226442804,0.013915801226442804,0.0,0.9849158844896265,0.9849158844896265,0.0
Schmidt,1,PRKD2+TNFRSF1B,combo_seen2,True,0.005323817209855218,0.005323817209855218,0.0,0.00584916220599621,0.00584916220599621,0.0,0.9658749047341734,0.9658749047341734,0.0
Schmidt,1,ABCB10,unseen_single,True,0.0016237719171580771,0.0016290556953401133,-0.00325401500432638,0.0360583012832993,0.036322754381310204,-0.007334042054093835,0.5498088238341192,0.5469820242026178,-0.002826799631501453
Schmidt,1,CBY1,unseen_single,True,0.0007618888693836822,0.0006880339230295409,0.0969366390847592,0.017299514378806134,0.013603074313781374,0.2136730537103006,0.1642290822315527,0.1747083921511921,0.010479309919639412
Schmidt,1,EMP3,unseen_single,True,0.000925723781879163,0.0009101372992554223,0.01683707702971734,0.012558382213743908,0.011778278758425681,0.062118148822105486,0.7196239607924007,0.7555019342155012,0.035877973423100507
Schmidt,1,EOMES,unseen_single,True,0.009694607058450645,0.00973090616112096,-0.0037442572402842903,0.22944381393149235,0.2312605840201416,-0.00791814805341278,0.6360207385528303,0.6462497034994654,0.010228964946635166
Schmidt,1,FOSL1,unseen_single,True,0.002719082819461179,0.0026877801713107038,0.011512208427942674,0.06891344554630989,0.0673467480063786,0.022734279609897955,0.47797037494160693,0.5103793271186811,0.032408952177074124
Schmidt,1,FOXD2,unseen_single,True,0.0036090405402040325,0.003580548638791318,0.007894591677572001,0.08170689410726911,0.08028087444156273,0.0174528683446739,0.5144618239415518,0.5528144866121955,0.038352662670643634
Schmidt,1,IKZF3,unseen_single,True,0.0028296063936581266,0.0028418634605742446,-0.00433172152267862,0.06115300100829727,0.06176646720744897,-0.010031661390885243,0.38422818562459,0.41304044960613007,0.028812263981540076
Schmidt,1,INPPL1,unseen_single,True,0.0032979744502757637,0.003292772363685826,0.0015773580627656643,0.07627043216517887,0.07601006773135249,0.003413700780697104,0.16739437265061907,0.14709034814428715,-0.020304024506331925
Schmidt,1,TRAF3IP2,unseen_single,True,0.0012493899344241353,0.0012512794878718014,-0.0015123808793425428,0.019844321862904107,0.019938894012959788,-0.004765703293316805,0.823822808966592,0.8299220563774063,0.006099247410814357
Schmidt,1,CBY1+EMP3,combo_seen0,True,0.006232112659965334,0.006164162198500559,0.010903278739051711,0.009097500418003451,0.007665744648472755,0.15737902761700678,0.9853769221440687,0.9868344467097315,0.0014575245656628377
Schmidt,1,EMP3+TRAF3IP2,combo_seen0,True,0.010054383123489075,0.010036833871579408,0.0017454329812306949,0.012579745237557966,0.01139275767690355,0.09435704286844833,0.8155350302527498,0.8434094746519403,0.027874444399190512
Schmidt,2,ARHGDIB+TNFRSF1A,combo_seen1,True,0.01734701644771261,0.017340627112533535,0.00036832473171010197,0.023547953661482567,0.023547953661482567,0.0,0.9459861013494398,0.9459861013494398,0.0
Schmidt,2,CBY1+EMP3,combo_seen1,True,0.0058732510902456915,0.005856043511760413,0.0029298216985575755,0.010572513412311399,0.0097112741091232,0.08146022327910306,0.9712925782172689,0.9735845743148167,0.0022919960975478215
Schmidt,2,EMP3+LCP2,combo_seen1,True,0.01014891960730559,0.01013324533906444,0.0015444272738023334,0.01499090329770131,0.014206406172231754,0.0523315446634793,0.9705950682324161,0.9738495742829311,0.003254506050514916
Schmidt,2,EMP3+MAP4K1,combo_seen1,True,0.010218861111161043,0.010207849928743153,0.001077535186955757,0.01137099285307112,0.01137099285307112,0.0,0.28214148056650606,0.28214148056650606,0.0
Schmidt,2,EMP3+PRKD2,combo_seen1,True,0.007132562354480261,0.007120426573302147,0.0017014616311754097,0.008058627059987883,0.007451231212023231,0.0753721252321566,0.9652147098362274,0.9671226963725484,0.0019079865363210713
Schmidt,2,EMP3+TBX21,combo_seen1,True,0.008071492506891894,0.008043379929845145,0.0034829465582412547,0.027135937011495987,0.025728902530306148,0.051851332076491674,0.9347997699123332,0.9432783207956422,0.008478550883309066
Schmidt,2,EMP3+TNFRSF1B,combo_seen1,True,0.0039537481767788155,0.0039378836776547575,0.004012521388497512,0.009703121956870387,0.00890910377571127,0.08183120697528755,0.9815268442251197,0.9858738946001193,0.004347050374999606
Schmidt,2,EMP3+TRAF3IP2,combo_seen1,True,0.007789268209126964,0.007773945407157609,0.0019671683601036024,0.00976138668887324,0.008994480450307034,0.07856529640818179,0.961848256128105,0.964564614415441,0.0027163582873359626
Schmidt,2,EMP3+VAV1,combo_seen1,True,0.011973341745058506,0.011962575091762712,0.0008992187415212029,0.014132115551729545,0.01347394212487875,0.046572887437949385,0.9258435996089528,0.9265285597153234,0.0006849601063706467
Schmidt,2,FOXQ1+TNFRSF1A,combo_seen1,True,0.013067231033058546,0.013065689105637525,0.00011799955301318476,0.02299620602652378,0.02299620602652378,0.0,0.31636281407235706,0.31636281407235706,0.0
Schmidt,2,JMJD1C+TNFRSF1B,combo_seen1,True,0.007694993510386769,0.007693691366401827,0.00016921963393267065,0.00804775719248841,0.00804775719248841,0.0,0.9319799471167218,0.9319799471167218,0.0
Schmidt,2,JMJD1C+TRAF3IP2,combo_seen1,True,0.008924907870407476,0.0089232493145337,0.00018583450920261135,0.006484227267882428,0.006484227267882428,0.0,0.0519781651008801,0.0519781651008801,0.0
Schmidt,2,PRKD2+TNFRSF1A,combo_seen1,True,0.00797867473427022,0.007980083205263036,-0.0001765294412574364,0.005811350536266794,0.005811350536266794,0.0,0.07142833584738797,0.07142833584738797,0.0
Schmidt,2,TNFRSF1A+TRAF3IP2,combo_seen1,True,0.007065113371102451,0.007063139130775406,0.0002794350526802091,0.010696841976867748,0.010696841976867748,0.0,0.8008350766572685,0.8008350766572685,0.0
Schmidt,2,PRKD2+TRIM21,combo_seen2,True,0.00824995457182804,0.00824995457182804,0.0,0.00630371050398174,0.00630371050398174,0.0,0.004256828247612877,0.004256828247612877,0.0
Schmidt,2,TNFRSF12A+TRAF3IP2,combo_seen2,True,0.008480632859472412,0.008480632859472412,0.0,0.00847180392885451,0.00847180392885451,0.0,0.23125769973935947,0.23125769973935947,0.0
Schmidt,2,TRAF3IP2+VAV1,combo_seen2,True,0.007093077312723227,0.007097040963097237,-0.0005588054661268253,0.004221596631556449,0.004221596631556449,0.0,0.4288952841622846,0.4288952841622846,0.0
Schmidt,2,DEPDC7,unseen_single,True,0.001138189729853913,0.0011692214281060528,-0.027264082110565864,0.01680909006326818,0.018362226560787783,-0.0923986064488744,0.9340491159782888,0.9459398231978898,0.01189070721960106
Schmidt,2,EMP3,unseen_single,True,0.00031261951377557643,0.0003050060263783479,0.0243538456869782,0.0037513722551409967,0.003370317210909708,0.10157750772642707,0.9278337019047038,0.9278475478171884,1.3845912484544698e-05
Schmidt,2,FOSL1,unseen_single,True,0.003277519839961911,0.0032411345736597414,0.011101463325571291,0.08734288982932024,0.08552180725089667,0.0208498090912977,0.28185995251357276,0.2928841517151093,0.011024199201536522
Schmidt,2,IKZF3,unseen_single,True,0.002354933312397556,0.00238897487980525,-0.014455427348401596,0.05128388311233083,0.05298766356108588,-0.03322253201894134,0.5281034595534019,0.5400358619235319,0.011932402370130046
Schmidt,2,JMJD1C,unseen_single,True,0.0026527413887428566,0.002654462882060922,-0.0006489487913788459,0.05097164375095699,0.05105780449152616,-0.0016903661374968433,0.5177152165826202,0.5192071958957768,0.0014919793131565884
Schmidt,2,LTBR,unseen_single,True,0.008704880241362139,0.008709916977132415,-0.0005786105759782497,0.27075671944216656,0.2710088080674689,-0.0009310521482965266,0.42336052572079474,0.45881896955510454,0.035458443834309794
Schmidt,2,RELA,unseen_single,True,0.0023405107824006257,0.002337501688224795,0.001285657044803006,0.06584249754854588,0.06569189238504554,0.0022873549623371246,0.48161152605524626,0.4833790208072766,0.001767494752030363
Schmidt,2,TNFRSF1A,unseen_single,True,0.005325369280961691,0.005307775586279703,0.003303751111662013,0.16194906348782934,0.16106849906899584,0.005437292441642748,0.5936363998410236,0.6179861916663465,0.02434979182532293
Schmidt,2,WT1,unseen_single,True,0.002513077374139641,0.0025039705535830166,0.0036237724513922594,0.06393743076101799,0.06348163439215895,0.007128787682487384,0.4954140803480568,0.5138426937653965,0.0184286134173397
Schmidt,2,EMP3+JMJD1C,combo_seen0,True,0.007969838612981648,0.007955802699542325,0.0017611289413641165,0.009061293674216677,0.009061293674216677,0.0,-0.16202135390358927,-0.16202135390358927,0.0
Schmidt,2,EMP3+TNFRSF1A,combo_seen0,True,0.010387984837376272,0.01037265727074125,0.0014755091459003292,0.024326467622221137,0.023646304050401815,0.027959816541470374,0.9165335149065369,0.904565179360786,-0.011968335545750941
Schmidt,3,CBY1+EMP3,combo_seen1,False,0.006093208823856301,0.006093208823856301,0.0,0.012451852690237807,0.012451852690237807,0.0,0.9820591360919801,0.9820591360919801,0.0
Schmidt,3,CBY1+LCP2,combo_seen1,False,0.00856954317588457,0.00856954317588457,0.0,0.010387429878136038,0.010387429878136038,0.0,-0.09356170060192603,-0.09356170060192603,0.0
Schmidt,3,EMP3+JMJD1C,combo_seen1,False,0.0075028314476945955,0.0075028314476945955,0.0,0.008827130296541355,0.008827130296541355,0.0,-0.14550962269320833,-0.14550962269320833,0.0
Schmidt,3,EMP3+MAP4K1,combo_seen1,False,0.00993505905311989,0.00993505905311989,0.0,0.011324008855657994,0.011324008855657994,0.0,0.275209884692561,0.275209884692561,0.0
Schmidt,3,EMP3+PRKD2,combo_seen1,False,0.007183853029881095,0.007183853029881095,0.0,0.009035720663494378,0.009035720663494378,0.0,0.9607146244084922,0.9607146244084922,0.0
Schmidt,3,EMP3+TBX21,combo_seen1,False,0.012274779398225917,0.012274779398225917,0.0,0.03349325271468045,0.03349325271468045,0.0,0.9576124981378115,0.9576124981378115,0.0
Schmidt,3,EMP3+TNFRSF1A,combo_seen1,False,0.005558186350406969,0.005558186350406969,0.0,0.012107098696410069,0.012107098696410069,0.0,0.9610110646738617,0.9610110646738617,0.0
Schmidt,3,EMP3+TRAF3IP2,combo_seen1,False,0.008067892095933322,0.008067892095933322,0.0,0.011818070985914636,0.011818070985914636,0.0,0.9057844208836682,0.9057844208836682,0.0
Schmidt,3,EMP3+VAV1,combo_seen1,False,0.008265931197849335,0.008265931197849335,0.0,0.012316285000322107,0.012316285000322107,0.0,0.9161169627581625,0.9161169627581625,0.0
Schmidt,3,JMJD1C+TNFRSF1B,combo_seen1,False,0.01470698635799352,0.01470698635799352,0.0,0.01817998399638473,0.01817998399638473,0.0,0.6434276449298058,0.6434276449298058,0.0
Schmidt,3,MGST3+TRIM21,combo_seen1,False,0.007460900540138627,0.007460900540138627,0.0,0.03747384445160094,0.03747384445160094,0.0,0.9710941858638922,0.9710941858638922,0.0
Schmidt,3,PRKD2+TNFRSF1B,combo_seen1,False,0.01015215275587427,0.01015215275587427,0.0,0.034481220374245,0.034481220374245,0.0,0.8861681536433219,0.8861681536433219,0.0
Schmidt,3,TNFRSF1B+TRAF3IP2,combo_seen1,False,0.007428848129866181,0.007428848129866181,0.0,0.00874025217349296,0.00874025217349296,0.0,0.9671979661821801,0.9671979661821801,0.0
Schmidt,3,TNFRSF12A+TRAF3IP2,combo_seen1,False,0.007863442511956972,0.007863442511956972,0.0,0.00807737628268288,0.00807737628268288,0.0,0.26568567072536886,0.26568567072536886,0.0
Schmidt,3,PRKD2+VAV1,combo_seen2,False,0.006252392428773023,0.006252392428773023,0.0,0.0036292386048584445,0.0036292386048584445,0.0,0.19074873700911255,0.19074873700911255,0.0
Schmidt,3,TNFRSF1A+TRAF3IP2,combo_seen2,False,0.0057682076081851785,0.0057682076081851785,0.0,0.004036940237228971,0.004036940237228971,0.0,0.9413936015914052,0.9413936015914052,0.0
Schmidt,3,TRAF3IP2+TRIM21,combo_seen2,False,0.007447943597604383,0.007447943597604383,0.0,0.005748363270355656,0.005748363270355656,0.0,0.44634028935590575,0.44634028935590575,0.0
Schmidt,3,ABCB10,unseen_single,False,0.0015565023919097108,0.0015565023919097108,0.0,0.035385891192265984,0.035385891192265984,0.0,0.5684020690395365,0.5684020690395365,0.0
Schmidt,3,APOL2,unseen_single,False,0.0012420790013065526,0.0012420790013065526,0.0,0.034318851328077854,0.034318851328077854,0.0,0.9129279573248853,0.9129279573248853,0.0
Schmidt,3,EMP3,unseen_single,False,0.0006263952960405045,0.0006263952960405045,0.0,0.009468308364636652,0.009468308364636652,0.0,0.7796380637101107,0.7796380637101107,0.0
Schmidt,3,FOSB,unseen_single,False,0.0019746207112060093,0.0019746207112060093,0.0,0.05255343749433275,0.05255343749433275,0.0,0.24590465821998908,0.24590465821998908,0.0
Schmidt,3,LCP2,unseen_single,False,0.0012497746636485401,0.0012497746636485401,0.0,0.029594663876770396,0.029594663876770396,0.0,0.8423918052331593,0.8423918052331593,0.0
Schmidt,3,LHX6,unseen_single,False,0.0011334197818622432,0.0011334197818622432,0.0,0.027926462145577365,0.027926462145577365,0.0,0.7612332644979933,0.7612332644979933,0.0
Schmidt,3,MGST3,unseen_single,False,0.0011670795683969561,0.0011670795683969561,0.0,0.029654915030097973,0.029654915030097973,0.0,0.8686797549535861,0.8686797549535861,0.0
Schmidt,3,TNFRSF1B,unseen_single,False,0.004691238789343204,0.004691238789343204,0.0,0.14304713288364623,0.14304713288364623,0.0,0.9051983330058929,0.9051983330058929,0.0
Schmidt,3,TNFRSF12A,unseen_single,False,0.0007738148531729286,0.0007738148531729286,0.0,0.016440825334499573,0.016440825334499573,0.0,0.6461005830465696,0.6461005830465696,0.0
Schmidt,3,EMP3+LCP2,combo_seen0,False,0.009701454138894772,0.009701454138894772,0.0,0.021799694033157714,0.021799694033157714,0.0,0.9261460305314037,0.9261460305314037,0.0
Schmidt,3,EMP3+TNFRSF1B,combo_seen0,False,0.006811177291808464,0.006811177291808464,0.0,0.01838519071148929,0.01838519071148929,0.0,0.9933199294258934,0.9933199294258934,0.0
Wessels,1,DOT1L+GFI1,combo_seen1,False,0.006044414212064165,0.006044414212064165,0.0,0.22738867685908118,0.22738867685908118,0.0,0.6075732811852774,0.6075732811852774,0.0
Wessels,1,DOT1L+IKZF1,combo_seen1,False,0.002122444825057544,0.002122444825057544,0.0,0.010294010148224059,0.010294010148224059,0.0,0.8852765128939343,0.8852765128939343,0.0
Wessels,1,DOT1L+INTS1,combo_seen1,False,0.0035622074918696925,0.0035622074918696925,0.0,0.05094878490303376,0.05094878490303376,0.0,0.42437702509242964,0.42437702509242964,0.0
Wessels,1,EP300+GFI1,combo_seen1,False,0.002887226159670427,0.002887226159670427,0.0,0.03953738228862706,0.03953738228862706,0.0,0.8799923530755576,0.8799923530755576,0.0
Wessels,1,EP300+IKZF1,combo_seen1,False,0.002645716030884557,0.002645716030884557,0.0,0.01048506944273981,0.01048506944273981,0.0,0.9519789496593187,0.9519789496593187,0.0
Wessels,1,EP300+INTS1,combo_seen1,False,0.002221619915848571,0.002221619915848571,0.0,0.013252560291717173,0.013252560291717173,0.0,0.9559474475766315,0.9559474475766315,0.0
Wessels,1,FLI1+GFI1,combo_seen1,False,0.0035711410689964495,0.0035711410689964495,0.0,0.08290619763950076,0.08290619763950076,0.0,0.95571220680838,0.95571220680838,0.0
Wessels,1,FLI1+IKZF1,combo_seen1,False,0.0016592529597855682,0.0016592529597855682,0.0,0.013118888000029973,0.013118888000029973,0.0,0.9732000898353486,0.9732000898353486,0.0
Wessels,1,FLI1+INTS1,combo_seen1,False,0.0023347559926837785,0.0023347559926837785,0.0,0.026259785880298397,0.026259785880298397,0.0,0.9094559120185445,0.9094559120185445,0.0
Wessels,1,GATA2+GFI1,combo_seen1,False,0.006478104537012412,0.006478104537012412,0.0,0.2514217565308375,0.2514217565308375,0.0,0.6496948587281901,0.6496948587281901,0.0
Wessels,1,GATA2+IKZF1,combo_seen1,False,0.0012917734144130798,0.0012917734144130798,0.0,0.01097132198370643,0.01097132198370643,0.0,0.8485275289637048,0.8485275289637048,0.0
Wessels,1,GATA2+INTS1,combo_seen1,False,0.002542327563254628,0.002542327563254628,0.0,0.03232306946373252,0.03232306946373252,0.0,0.2569691769338801,0.2569691769338801,0.0
Wessels,1,GFI1+GSE1,combo_seen1,False,0.009672894408872782,0.009672894408872782,0.0,0.34363069304104354,0.34363069304104354,0.0,0.5348838197036042,0.5348838197036042,0.0
Wessels,1,GFI1+HDAC3,combo_seen1,False,0.00744474546213083,0.00744474546213083,0.0,0.29122087871447067,0.29122087871447067,0.0,0.7894514472638178,0.7894514472638178,0.0
Wessels,1,GFI1+KDM1A,combo_seen1,False,0.0030622002062250064,0.0030622002062250064,0.0,0.07413181738062014,0.07413181738062014,0.0,0.9715052814050288,0.9715052814050288,0.0
Wessels,1,GFI1+MED24,combo_seen1,False,0.005700475169758732,0.005700475169758732,0.0,0.1326522989483012,0.1326522989483012,0.0,0.8423929729013291,0.8423929729013291,0.0
Wessels,1,GFI1+RCOR1,combo_seen1,False,0.005329930189244514,0.005329930189244514,0.0,0.17666320376846315,0.17666320376846315,0.0,0.62184297100361,0.62184297100361,0.0
Wessels,1,GFI1+RING1,combo_seen1,False,0.005120538200609264,0.005120538200609264,0.0,0.18780537187134227,0.18780537187134227,0.0,0.7297164209495974,0.7297164209495974,0.0
Wessels,1,GFI1+SMARCD1,combo_seen1,False,0.004761519924853064,0.004761519924853064,0.0,0.16333075178767106,0.16333075178767106,0.0,0.582846014128217,0.582846014128217,0.0
Wessels,1,GSE1+IKZF1,combo_seen1,False,0.004198491631249442,0.004198491631249442,0.0,0.09323822064547034,0.09323822064547034,0.0,0.5948531104151336,0.5948531104151336,0.0
Wessels,1,GSE1+INTS1,combo_seen1,False,0.006510725862588037,0.006510725862588037,0.0,0.21894231742850345,0.21894231742850345,0.0,0.282201482419614,0.282201482419614,0.0
Wessels,1,HDAC3+IKZF1,combo_seen1,False,0.002251781165488882,0.002251781165488882,0.0,0.01180010041835009,0.01180010041835009,0.0,0.9289099628094808,0.9289099628094808,0.0
Wessels,1,HDAC3+INTS1,combo_seen1,False,0.0027666430039773437,0.0027666430039773437,0.0,0.03807184381444762,0.03807184381444762,0.0,0.7609470727660715,0.7609470727660715,0.0
Wessels,1,IKZF1+KDM1A,combo_seen1,False,0.0017894701870484033,0.0017894701870484033,0.0,0.01990295323864266,0.01990295323864266,0.0,0.9680567405590033,0.9680567405590033,0.0
Wessels,1,IKZF1+MED24,combo_seen1,False,0.00581018731795578,0.00581018731795578,0.0,0.09533806225214388,0.09533806225214388,0.0,0.9135677547320589,0.9135677547320589,0.0
Wessels,1,IKZF1+RCOR1,combo_seen1,False,0.0027979371303170322,0.0027979371303170322,0.0,0.005997676026017651,0.005997676026017651,0.0,0.8745517907357773,0.8745517907357773,0.0
Wessels,1,IKZF1+SMARCD1,combo_seen1,False,0.0014203474027390094,0.0014203474027390094,0.0,0.012934112411446437,0.012934112411446437,0.0,0.9313497324552786,0.9313497324552786,0.0
Wessels,1,INTS1+KDM1A,combo_seen1,False,0.0033725585775753026,0.0033725585775753026,0.0,0.058706679609463644,0.058706679609463644,0.0,0.9153360722967236,0.9153360722967236,0.0
Wessels,1,INTS1+MED24,combo_seen1,False,0.0063386605785806585,0.0063386605785806585,0.0,0.12948810106908618,0.12948810106908618,0.0,0.8497072280020438,0.8497072280020438,0.0
Wessels,1,INTS1+MYB,combo_seen1,False,0.007135599636174615,0.007135599636174615,0.0,0.16439184425766473,0.16439184425766473,0.0,0.8053491072259779,0.8053491072259779,0.0
Wessels,1,INTS1+RCOR1,combo_seen1,False,0.0025865226308771755,0.0025865226308771755,0.0,0.023332887670965297,0.023332887670965297,0.0,0.4859915670693936,0.4859915670693936,0.0
Wessels,1,INTS1+RING1,combo_seen1,False,0.0030119014706314023,0.0030119014706314023,0.0,0.04657807868371199,0.04657807868371199,0.0,0.4229828612057728,0.4229828612057728,0.0
Wessels,1,INTS1+SMARCD1,combo_seen1,False,0.0025285009193055734,0.0025285009193055734,0.0,0.011956521886795643,0.011956521886795643,0.0,0.8839592727670715,0.8839592727670715,0.0
Wessels,1,INTS1+SSRP1,combo_seen1,False,0.002772110027275534,0.002772110027275534,0.0,0.025737092848349352,0.025737092848349352,0.0,0.6535986800806841,0.6535986800806841,0.0
Wessels,1,MED13L+MED16,combo_seen1,False,0.001972406395963658,0.001972406395963658,0.0,0.011952588829058157,0.011952588829058157,0.0,0.9672723656135626,0.9672723656135626,0.0
Wessels,1,MED13L+MED19,combo_seen1,False,0.002968879643489116,0.002968879643489116,0.0,0.0366537943554512,0.0366537943554512,0.0,0.9760673099593062,0.9760673099593062,0.0
Wessels,1,MED13L+MED22,combo_seen1,False,0.0022459280598325854,0.0022459280598325854,0.0,0.01956197678926509,0.01956197678926509,0.0,0.9633704800529218,0.9633704800529218,0.0
Wessels,1,MED13L+MED24,combo_seen1,False,0.007664704622938987,0.007664704622938987,0.0,0.14352504056865,0.14352504056865,0.0,0.9081036577180637,0.9081036577180637,0.0
Wessels,1,MED14+MED19,combo_seen1,False,0.005522115023371566,0.005522115023371566,0.0,0.0869690389255555,0.0869690389255555,0.0,0.9746826691098346,0.9746826691098346,0.0
Wessels,1,MED14+MED22,combo_seen1,False,0.0051467451379690575,0.0051467451379690575,0.0,0.06154867729396172,0.06154867729396172,0.0,0.9587391361310442,0.9587391361310442,0.0
Wessels,1,MED14+MED24,combo_seen1,False,0.009197671137362933,0.009197671137362933,0.0,0.1663292293654008,0.1663292293654008,0.0,0.8890829773940717,0.8890829773940717,0.0
Wessels,1,SUPT5H+SUPT6H,combo_seen1,False,0.0021950686519560778,0.0021950686519560778,0.0,0.019958550203500885,0.019958550203500885,0.0,0.8418402650040644,0.8418402650040644,0.0
Wessels,1,SUPT16H+SUPT5H,combo_seen1,False,0.0034008429608860706,0.0034008429608860706,0.0,0.01846100372380668,0.01846100372380668,0.0,0.9468890176938792,0.9468890176938792,0.0
Wessels,1,DOT1L+EP300,combo_seen2,False,0.001253847822141978,0.001253847822141978,0.0,0.006814018735609626,0.006814018735609626,0.0,0.9752590812458245,0.9752590812458245,0.0
Wessels,1,DOT1L+FLI1,combo_seen2,False,0.0011730540946108473,0.0011730540946108473,0.0,0.008924143974674106,0.008924143974674106,0.0,0.9833213602541147,0.9833213602541147,0.0
Wessels,1,DOT1L+KDM1A,combo_seen2,False,0.0017650050399943627,0.0017650050399943627,0.0,0.04256657900249939,0.04256657900249939,0.0,0.9855107727384796,0.9855107727384796,0.0
Wessels,1,DOT1L+MED24,combo_seen2,False,0.00482729143032018,0.00482729143032018,0.0,0.09619270194799427,0.09619270194799427,0.0,0.9148492258616778,0.9148492258616778,0.0
Wessels,1,DOT1L+RCOR1,combo_seen2,False,0.0010201234827870395,0.0010201234827870395,0.0,0.0029190928582923025,0.0029190928582923025,0.0,0.9570657963160706,0.9570657963160706,0.0
Wessels,1,DOT1L+SMARCD1,combo_seen2,False,0.0011568434568011148,0.0011568434568011148,0.0,0.007552819482337913,0.007552819482337913,0.0,0.9787520331674596,0.9787520331674596,0.0
Wessels,1,EP300+GATA2,combo_seen2,False,0.0009385803728498927,0.0009385803728498927,0.0,0.0034364436436724556,0.0034364436436724556,0.0,0.9848607412459028,0.9848607412459028,0.0
Wessels,1,EP300+GSE1,combo_seen2,False,0.0037998065275171196,0.0037998065275171196,0.0,0.012756341143052734,0.012756341143052734,0.0,0.9407455498349141,0.9407455498349141,0.0
Wessels,1,EP300+MED24,combo_seen2,False,0.002650421087092119,0.002650421087092119,0.0,0.03249851792913317,0.03249851792913317,0.0,0.9587450404653597,0.9587450404653597,0.0
Wessels,1,EP300+MYB,combo_seen2,False,0.006976336428903877,0.006976336428903877,0.0,0.1132821090352234,0.1132821090352234,0.0,0.835552070957791,0.835552070957791,0.0
Wessels,1,EP300+SSRP1,combo_seen2,False,0.0017044884671163897,0.0017044884671163897,0.0,0.0063494350581581975,0.0063494350581581975,0.0,0.9866610612002887,0.9866610612002887,0.0
Wessels,1,FLI1+MED24,combo_seen2,False,0.003304237828168499,0.003304237828168499,0.0,0.04058858044425164,0.04058858044425164,0.0,0.950620325359919,0.950620325359919,0.0
Wessels,1,GATA2+SSRP1,combo_seen2,False,0.002061023853038454,0.002061023853038454,0.0,0.005208554578523587,0.005208554578523587,0.0,0.8557627324997389,0.8557627324997389,0.0
Wessels,1,HDAC3+MED24,combo_seen2,False,0.006516895426259643,0.006516895426259643,0.0,0.10452520278395064,0.10452520278395064,0.0,0.8541179091779674,0.8541179091779674,0.0
Wessels,1,KDM1A+RING1,combo_seen2,False,0.0012982284546680756,0.0012982284546680756,0.0,0.013652355316130977,0.013652355316130977,0.0,0.9900341597206656,0.9900341597206656,0.0
Wessels,1,SMARCA5+SMARCD1,combo_seen2,False,0.0025781306807133825,0.0025781306807133825,0.0,0.012688361473982583,0.012688361473982583,0.0,0.9502647468111577,0.9502647468111577,0.0
Wessels,1,SMARCD1+SSRP1,combo_seen2,False,0.001880615257112785,0.001880615257112785,0.0,0.008468236344888684,0.008468236344888684,0.0,0.9577181153466401,0.9577181153466401,0.0
Wessels,1,GFI1,unseen_single,False,0.006663651739904776,0.006663651739904776,0.0,0.21840418365222095,0.21840418365222095,0.0,0.5893888423914434,0.5893888423914434,0.0
Wessels,1,INTS1,unseen_single,False,0.002474608358818498,0.002474608358818498,0.0,0.049727272130513395,0.049727272130513395,0.0,-0.2929126653535638,-0.2929126653535638,0.0
Wessels,1,GFI1+INTS1,combo_seen0,False,0.00829993139620561,0.00829993139620561,0.0,0.30311663417381135,0.30311663417381135,0.0,0.3324271024765796,0.3324271024765796,0.0
Wessels,1,IKZF1+INTS1,combo_seen0,False,0.003954612838428153,0.003954612838428153,0.0,0.03628628711030644,0.03628628711030644,0.0,0.33643579072574314,0.33643579072574314,0.0
Wessels,1,MED13L+MED14,combo_seen0,False,0.007799064940427548,0.007799064940427548,0.0,0.15482577489160015,0.15482577489160015,0.0,0.8914215019309072,0.8914215019309072,0.0
Wessels,2,DOT1L+IKZF1,combo_seen1,False,0.0020736926981350626,0.0020736926981350626,0.0,0.007487864204403751,0.007487864204403751,0.0,0.9176622657859939,0.9176622657859939,0.0
Wessels,2,DOT1L+RCOR1,combo_seen1,False,0.001612307039346692,0.001612307039346692,0.0,0.00534008470035605,0.00534008470035605,0.0,0.9522768785271509,0.9522768785271509,0.0
Wessels,2,EP300+IKZF1,combo_seen1,False,0.0021787175249891417,0.0021787175249891417,0.0,0.00872178259834846,0.00872178259834846,0.0,0.9584615554285515,0.9584615554285515,0.0
Wessels,2,EP300+RCOR1,combo_seen1,False,0.0018535322988180252,0.0018535322988180252,0.0,0.019490239854521762,0.019490239854521762,0.0,0.9724303247300402,0.9724303247300402,0.0
Wessels,2,FLI1+IKZF1,combo_seen1,False,0.0015519034885042749,0.0015519034885042749,0.0,0.009687754375099653,0.009687754375099653,0.0,0.9796460450610999,0.9796460450610999,0.0
Wessels,2,FLI1+RCOR1,combo_seen1,False,0.0012845036327180758,0.0012845036327180758,0.0,0.014114616267087059,0.014114616267087059,0.0,0.9828352346808864,0.9828352346808864,0.0
Wessels,2,GATA2+IKZF1,combo_seen1,False,0.0014412925238652479,0.0014412925238652479,0.0,0.008151804661721086,0.008151804661721086,0.0,0.8882282021623655,0.8882282021623655,0.0
Wessels,2,GATA2+RCOR1,combo_seen1,False,0.0011910455530586641,0.0011910455530586641,0.0,0.004582698409129083,0.004582698409129083,0.0,0.9286772056796845,0.9286772056796845,0.0
Wessels,2,GFI1+RCOR1,combo_seen1,False,0.001753877255062377,0.001753877255062377,0.0,0.014471265196051042,0.014471265196051042,0.0,0.9726507677972501,0.9726507677972501,0.0
Wessels,2,GSE1+IKZF1,combo_seen1,False,0.0021018345809113398,0.0021018345809113398,0.0,0.008535923821027686,0.008535923821027686,0.0,0.969245659296086,0.969245659296086,0.0
Wessels,2,GSE1+RCOR1,combo_seen1,False,0.0018987929419648324,0.0018987929419648324,0.0,0.009125226458127323,0.009125226458127323,0.0,0.9727991529094141,0.9727991529094141,0.0
Wessels,2,HDAC3+IKZF1,combo_seen1,False,0.0027691947912046153,0.0027691947912046153,0.0,0.01195803676243649,0.01195803676243649,0.0,0.926865592671193,0.926865592671193,0.0
Wessels,2,IKZF1+INTS1,combo_seen1,False,0.004560830057069682,0.004560830057069682,0.0,0.03211410054907725,0.03211410054907725,0.0,0.46364382335114673,0.46364382335114673,0.0
Wessels,2,IKZF1+KDM1A,combo_seen1,False,0.001670073068499334,0.001670073068499334,0.0,0.01864543977748003,0.01864543977748003,0.0,0.9753407184469354,0.9753407184469354,0.0
Wessels,2,IKZF1+MED24,combo_seen1,False,0.00152334654503789,0.00152334654503789,0.0,0.008716629115367474,0.008716629115367474,0.0,0.9850521679560994,0.9850521679560994,0.0
Wessels,2,IKZF1+SMARCD1,combo_seen1,False,0.0016220025139293257,0.0016220025139293257,0.0,0.013194374761072061,0.013194374761072061,0.0,0.9278257540298872,0.9278257540298872,0.0
Wessels,2,INTS1+RCOR1,combo_seen1,False,0.004359134549597058,0.004359134549597058,0.0,0.0377275983743478,0.0377275983743478,0.0,0.33958563584404666,0.33958563584404666,0.0
Wessels,2,KDM1A+RCOR1,combo_seen1,False,0.002253105474014373,0.002253105474014373,0.0,0.02201055568189871,0.02201055568189871,0.0,0.9822812968798202,0.9822812968798202,0.0
Wessels,2,MED13L+MED14,combo_seen1,False,0.00530765416095628,0.00530765416095628,0.0,0.09171279137586598,0.09171279137586598,0.0,0.9582287058728765,0.9582287058728765,0.0
Wessels,2,MED13L+MED19,combo_seen1,False,0.004176142977064717,0.004176142977064717,0.0,0.05825374799297212,0.05825374799297212,0.0,0.9718450775387755,0.9718450775387755,0.0
Wessels,2,MED13L+MED24,combo_seen1,False,0.0019871051180301805,0.0019871051180301805,0.0,0.015566818763301595,0.015566818763301595,0.0,0.9892084029893126,0.9892084029893126,0.0
Wessels,2,MED14+MED22,combo_seen1,False,0.005494424924240891,0.005494424924240891,0.0,0.06494258527226746,0.06494258527226746,0.0,0.9678108008327656,0.9678108008327656,0.0
Wessels,2,MED16+MED19,combo_seen1,False,0.004447651783017972,0.004447651783017972,0.0,0.06311776156508306,0.06311776156508306,0.0,0.969782403358584,0.969782403358584,0.0
Wessels,2,MED16+MED24,combo_seen1,False,0.0021194204765087412,0.0021194204765087412,0.0,0.01371842807639776,0.01371842807639776,0.0,0.984873533150827,0.984873533150827,0.0
Wessels,2,MED19+MED22,combo_seen1,False,0.004414832429703166,0.004414832429703166,0.0,0.06497071282206608,0.06497071282206608,0.0,0.9758016167671028,0.9758016167671028,0.0
Wessels,2,MED22+MED24,combo_seen1,False,0.001100387563204828,0.001100387563204828,0.0,0.004920941100897162,0.004920941100897162,0.0,0.9942305614873818,0.9942305614873818,0.0
Wessels,2,MED24+RCOR1,combo_seen1,False,0.0012312681529281781,0.0012312681529281781,0.0,0.004845781914052471,0.004845781914052471,0.0,0.9906703241566448,0.9906703241566448,0.0
Wessels,2,RCOR1+RING1,combo_seen1,False,0.002111298319628296,0.002111298319628296,0.0,0.009504322678860666,0.009504322678860666,0.0,0.8490613072854226,0.8490613072854226,0.0
Wessels,2,RCOR1+SMARCD1,combo_seen1,False,0.0018860869007997529,0.0018860869007997529,0.0,0.007621748355590323,0.007621748355590323,0.0,0.9485643242797301,0.9485643242797301,0.0
Wessels,2,SUPT5H+SUPT6H,combo_seen1,False,0.001855960585756029,0.001855960585756029,0.0,0.012154005164486646,0.012154005164486646,0.0,0.907261026592565,0.907261026592565,0.0
Wessels,2,DOT1L+GSE1,combo_seen2,False,0.0013303865633579254,0.0013303865633579254,0.0,0.013141295640200737,0.013141295640200737,0.0,0.981394936098181,0.981394936098181,0.0
Wessels,2,DOT1L+KDM1A,combo_seen2,False,0.0019789610322081272,0.0019789610322081272,0.0,0.0554054015603071,0.0554054015603071,0.0,0.9847552910733197,0.9847552910733197,0.0
Wessels,2,EP300+HDAC3,combo_seen2,False,0.0012207054421026942,0.0012207054421026942,0.0,0.009493113836606741,0.009493113836606741,0.0,0.9787481398296431,0.9787481398296431,0.0
Wessels,2,EP300+RING1,combo_seen2,False,0.0013548413463073219,0.0013548413463073219,0.0,0.008867810048004661,0.008867810048004661,0.0,0.9785857667099402,0.9785857667099402,0.0
Wessels,2,EP300+SSRP1,combo_seen2,False,0.002011268344578749,0.002011268344578749,0.0,0.01640659266695973,0.01640659266695973,0.0,0.9772048600060509,0.9772048600060509,0.0
Wessels,2,FLI1+SMARCD1,combo_seen2,False,0.0011647754471939933,0.0011647754471939933,0.0,0.0183806883215826,0.0183806883215826,0.0,0.9614100145932662,0.9614100145932662,0.0
Wessels,2,GATA2+GSE1,combo_seen2,False,0.0010537300397087898,0.0010537300397087898,0.0,0.012296781218540028,0.012296781218540028,0.0,0.9877783918027542,0.9877783918027542,0.0
Wessels,2,GATA2+KDM1A,combo_seen2,False,0.0010379634259382313,0.0010379634259382313,0.0,0.018415482894213926,0.018415482894213926,0.0,0.9897266727869521,0.9897266727869521,0.0
Wessels,2,GATA2+MED24,combo_seen2,False,0.0008162015388581742,0.0008162015388581742,0.0,0.009637723184516835,0.009637723184516835,0.0,0.9941735970938675,0.9941735970938675,0.0
Wessels,2,GATA2+RING1,combo_seen2,False,0.0009535373384327452,0.0009535373384327452,0.0,0.005737077063310884,0.005737077063310884,0.0,0.9103352427621965,0.9103352427621965,0.0
Wessels,2,GATA2+SMARCD1,combo_seen2,False,0.0006009935615026712,0.0006009935615026712,0.0,0.002796680804590102,0.002796680804590102,0.0,0.9787084148549873,0.9787084148549873,0.0
Wessels,2,GFI1+GSE1,combo_seen2,False,0.0020139505543176977,0.0020139505543176977,0.0,0.023609871884904057,0.023609871884904057,0.0,0.9818478813605143,0.9818478813605143,0.0
Wessels,2,GFI1+HDAC3,combo_seen2,False,0.0021187608035212573,0.0021187608035212573,0.0,0.06810402641230687,0.06810402641230687,0.0,0.9727723523715405,0.9727723523715405,0.0
Wessels,2,GFI1+RING1,combo_seen2,False,0.0009643827348820901,0.0009643827348820901,0.0,0.00990873922592076,0.00990873922592076,0.0,0.9892676840054508,0.9892676840054508,0.0
Wessels,2,GSE1+HDAC3,combo_seen2,False,0.0017359481201847718,0.0017359481201847718,0.0,0.040921642302958604,0.040921642302958604,0.0,0.9634735501144049,0.9634735501144049,0.0
Wessels,2,GSE1+KDM1A,combo_seen2,False,0.0014661774878996583,0.0014661774878996583,0.0,0.012018946604675212,0.012018946604675212,0.0,0.9886120957321367,0.9886120957321367,0.0
Wessels,2,INTS1+RING1,combo_seen2,False,0.0035694554690243498,0.0035694554690243498,0.0,0.04422295411553418,0.04422295411553418,0.0,0.5093048736725774,0.5093048736725774,0.0
Wessels,2,INTS1+SSRP1,combo_seen2,False,0.00254632902840105,0.00254632902840105,0.0,0.02100245446635963,0.02100245446635963,0.0,0.7331134529034007,0.7331134529034007,0.0
Wessels,2,MED24+RING1,combo_seen2,False,0.001276228199483344,0.001276228199483344,0.0,0.012746112953266496,0.012746112953266496,0.0,0.9903379314275557,0.9903379314275557,0.0
Wessels,2,MED24+SSRP1,combo_seen2,False,0.0017582214141196742,0.0017582214141196742,0.0,0.013991649348661005,0.013991649348661005,0.0,0.9849584904319523,0.9849584904319523,0.0
Wessels,2,RCOR1,unseen_single,False,0.0021128951052108943,0.0021128951052108943,0.0,0.0065262492746937135,0.0065262492746937135,0.0,0.19164250954960732,0.19164250954960732,0.0
Wessels,2,IKZF1+RCOR1,combo_seen0,False,0.004202345110474888,0.004202345110474888,0.0,0.006188017745507863,0.006188017745507863,0.0,0.8408187455074911,0.8408187455074911,0.0
Wessels,2,MED13L+MED16,combo_seen0,False,0.0027494675894342195,0.0027494675894342195,0.0,0.026609882380490623,0.026609882380490623,0.0,0.9502238897279325,0.9502238897279325,0.0
Wessels,2,MED13L+MED22,combo_seen0,False,0.0034471497490043018,0.0034471497490043018,0.0,0.043853236010122865,0.043853236010122865,0.0,0.9424831569338455,0.9424831569338455,0.0
Wessels,2,MED16+MED22,combo_seen0,False,0.0044159647425468865,0.0044159647425468865,0.0,0.07309236567261682,0.07309236567261682,0.0,0.9590056370104442,0.9590056370104442,0.0
Wessels,3,DOT1L+FLI1,combo_seen1,False,0.0038581819737721467,0.0038581819737721467,0.0,0.08343603743657234,0.08343603743657234,0.0,0.8689308562144896,0.8689308562144896,0.0
Wessels,3,DOT1L+IKZF1,combo_seen1,False,0.0019570565317975053,0.0019570565317975053,0.0,0.007926812378269558,0.007926812378269558,0.0,0.91078606825706,0.91078606825706,0.0
Wessels,3,DOT1L+KDM1A,combo_seen1,False,0.009261690782394721,0.009261690782394721,0.0,0.3410106954856761,0.3410106954856761,0.0,0.6913735188212284,0.6913735188212284,0.0
Wessels,3,DOT1L+RING1,combo_seen1,False,0.0015004758153193728,0.0015004758153193728,0.0,0.011465821720283785,0.011465821720283785,0.0,0.8922944107762304,0.8922944107762304,0.0
Wessels,3,EP300+FLI1,combo_seen1,False,0.002327450812354891,0.002327450812354891,0.0,0.020483414847112965,0.020483414847112965,0.0,0.9630347609928124,0.9630347609928124,0.0
Wessels,3,EP300+IKZF1,combo_seen1,False,0.0024068198156458292,0.0024068198156458292,0.0,0.009124342921305739,0.009124342921305739,0.0,0.9590570147884786,0.9590570147884786,0.0
Wessels,3,EP300+KDM1A,combo_seen1,False,0.00261939760091101,0.00261939760091101,0.0,0.026306558186438265,0.026306558186438265,0.0,0.9420410588031096,0.9420410588031096,0.0
Wessels,3,EP300+RING1,combo_seen1,False,0.0014500949811485013,0.0014500949811485013,0.0,0.006626250814998462,0.006626250814998462,0.0,0.9760512303053637,0.9760512303053637,0.0
Wessels,3,FLI1+GATA2,combo_seen1,False,0.0036966262557281944,0.0036966262557281944,0.0,0.08691193392923889,0.08691193392923889,0.0,0.7402495929257976,0.7402495929257976,0.0
Wessels,3,FLI1+GFI1,combo_seen1,False,0.008612803407152533,0.008612803407152533,0.0,0.22231263889957645,0.22231263889957645,0.0,0.8027226409938318,0.8027226409938318,0.0
Wessels,3,FLI1+GSE1,combo_seen1,False,0.005529048868628496,0.005529048868628496,0.0,0.07164254046817906,0.07164254046817906,0.0,0.9251498359844239,0.9251498359844239,0.0
Wessels,3,FLI1+HDAC3,combo_seen1,False,0.004991385768052957,0.004991385768052957,0.0,0.12893137885747388,0.12893137885747388,0.0,0.6887660479213632,0.6887660479213632,0.0
Wessels,3,FLI1+INTS1,combo_seen1,False,0.0038614210306433545,0.0038614210306433545,0.0,0.11175897959298191,0.11175897959298191,0.0,0.34724915338252416,0.34724915338252416,0.0
Wessels,3,FLI1+MED24,combo_seen1,False,0.0027124809619450685,0.0027124809619450685,0.0,0.018122035717128455,0.018122035717128455,0.0,0.9724545023058319,0.9724545023058319,0.0
Wessels,3,FLI1+RCOR1,combo_seen1,False,0.0027446696625755187,0.0027446696625755187,0.0,0.05282245784448756,0.05282245784448756,0.0,0.8302361810075896,0.8302361810075896,0.0
Wessels,3,FLI1+SMARCD1,combo_seen1,False,0.0034589685466768485,0.0034589685466768485,0.0,0.05907515020158516,0.05907515020158516,0.0,0.8813905467994106,0.8813905467994106,0.0
Wessels,3,FLI1+SSRP1,combo_seen1,False,0.004365763896799186,0.004365763896799186,0.0,0.07541848317646646,0.07541848317646646,0.0,0.8707954709396872,0.8707954709396872,0.0
Wessels,3,GATA2+IKZF1,combo_seen1,False,0.0016043372472506641,0.0016043372472506641,0.0,0.007830164700125566,0.007830164700125566,0.0,0.8971804471647331,0.8971804471647331,0.0
Wessels,3,GATA2+KDM1A,combo_seen1,False,0.006140523745608569,0.006140523745608569,0.0,0.22017489551692082,0.22017489551692082,0.0,0.726625327961948,0.726625327961948,0.0
Wessels,3,GATA2+RING1,combo_seen1,False,0.0023362679042271887,0.0023362679042271887,0.0,0.011339857822151961,0.011339857822151961,0.0,0.7457254272398142,0.7457254272398142,0.0
Wessels,3,GFI1+KDM1A,combo_seen1,False,0.01073164860641452,0.01073164860641452,0.0,0.368556672402365,0.368556672402365,0.0,0.69698982683869,0.69698982683869,0.0
Wessels,3,GFI1+RING1,combo_seen1,False,0.005477887734539999,0.005477887734539999,0.0,0.1573489525574169,0.1573489525574169,0.0,0.7383712393294894,0.7383712393294894,0.0
Wessels,3,GSE1+IKZF1,combo_seen1,False,0.002170498637862253,0.002170498637862253,0.0,0.010581216109978937,0.010581216109978937,0.0,0.9654931757137638,0.9654931757137638,0.0
Wessels,3,GSE1+KDM1A,combo_seen1,False,0.0025880614512241054,0.0025880614512241054,0.0,0.0536569313034759,0.0536569313034759,0.0,0.9666731423745822,0.9666731423745822,0.0
Wessels,3,GSE1+RING1,combo_seen1,False,0.0019827647041464743,0.0019827647041464743,0.0,0.024203553196266516,0.024203553196266516,0.0,0.957896784246189,0.957896784246189,0.0
Wessels,3,HDAC3+IKZF1,combo_seen1,False,0.00322561055127267,0.00322561055127267,0.0,0.01262281286129741,0.01262281286129741,0.0,0.9227399369329811,0.9227399369329811,0.0
Wessels,3,HDAC3+KDM1A,combo_seen1,False,0.008809676972103777,0.008809676972103777,0.0,0.31055649929588863,0.31055649929588863,0.0,0.8194930500677342,0.8194930500677342,0.0
Wessels,3,HDAC3+RING1,combo_seen1,False,0.0017782575785761838,0.0017782575785761838,0.0,0.016466736287949004,0.016466736287949004,0.0,0.906803226306202,0.906803226306202,0.0
Wessels,3,IKZF1+INTS1,combo_seen1,False,0.0016359873277802214,0.0016359873277802214,0.0,0.009749315411972475,0.009749315411972475,0.0,0.8396767892545398,0.8396767892545398,0.0
Wessels,3,IKZF1+MED24,combo_seen1,False,0.001551194816787283,0.001551194816787283,0.0,0.006895598856964709,0.006895598856964709,0.0,0.9875332956388692,0.9875332956388692,0.0
Wessels,3,IKZF1+RCOR1,combo_seen1,False,0.0032945753422376563,0.0032945753422376563,0.0,0.00494860926352189,0.00494860926352189,0.0,0.8968773736371133,0.8968773736371133,0.0
Wessels,3,IKZF1+SMARCD1,combo_seen1,False,0.0018597404486283284,0.0018597404486283284,0.0,0.013842919475791672,0.013842919475791672,0.0,0.9238817077760496,0.9238817077760496,0.0
Wessels,3,INTS1+KDM1A,combo_seen1,False,0.007043227865747178,0.007043227865747178,0.0,0.275592907861093,0.275592907861093,0.0,0.7182076139486988,0.7182076139486988,0.0
Wessels,3,INTS1+RING1,combo_seen1,False,0.0023850635944015616,0.0023850635944015616,0.0,0.02849672926540746,0.02849672926540746,0.0,0.7345083955015643,0.7345083955015643,0.0
Wessels,3,KDM1A+MED24,combo_seen1,False,0.003176022255555921,0.003176022255555921,0.0,0.06024215304936947,0.06024215304936947,0.0,0.9463101359101502,0.9463101359101502,0.0
Wessels,3,KDM1A+RCOR1,combo_seen1,False,0.0076030738263293055,0.0076030738263293055,0.0,0.22425287729701718,0.22425287729701718,0.0,0.7815637678704739,0.7815637678704739,0.0
Wessels,3,KDM1A+SMARCD1,combo_seen1,False,0.0055663204954911095,0.0055663204954911095,0.0,0.1803671664843154,0.1803671664843154,0.0,0.5819310282834615,0.5819310282834615,0.0
Wessels,3,MED24+RING1,combo_seen1,False,0.001343408631011415,0.001343408631011415,0.0,0.008221917251544808,0.008221917251544808,0.0,0.9874642731625465,0.9874642731625465,0.0
Wessels,3,RCOR1+RING1,combo_seen1,False,0.0027325375558365267,0.0027325375558365267,0.0,0.011133127125640652,0.011133127125640652,0.0,0.7599593059413308,0.7599593059413308,0.0
Wessels,3,RING1+SMARCD1,combo_seen1,False,0.0018807677977243868,0.0018807677977243868,0.0,0.013187218469968353,0.013187218469968353,0.0,0.9193808555194887,0.9193808555194887,0.0
Wessels,3,SUPT5H+SUPT6H,combo_seen1,False,0.0025579364900019776,0.0025579364900019776,0.0,0.016510488664298776,0.016510488664298776,0.0,0.8929550656394308,0.8929550656394308,0.0
Wessels,3,SUPT16H+SUPT5H,combo_seen1,False,0.003755477755360053,0.003755477755360053,0.0,0.021885503684752682,0.021885503684752682,0.0,0.9537782557473358,0.9537782557473358,0.0
Wessels,3,DOT1L+EP300,combo_seen2,False,0.0012058140919944688,0.0012058140919944688,0.0,0.00903844735592603,0.00903844735592603,0.0,0.9824237325670825,0.9824237325670825,0.0
Wessels,3,DOT1L+GSE1,combo_seen2,False,0.0012804066845996487,0.0012804066845996487,0.0,0.014070472747059394,0.014070472747059394,0.0,0.9790637325995132,0.9790637325995132,0.0
Wessels,3,DOT1L+SMARCD1,combo_seen2,False,0.0013538577079821557,0.0013538577079821557,0.0,0.010122106269799933,0.010122106269799933,0.0,0.9779816315473295,0.9779816315473295,0.0
Wessels,3,EP300+GFI1,combo_seen2,False,0.0024905222051472544,0.0024905222051472544,0.0,0.031485882315628724,0.031485882315628724,0.0,0.907021225388046,0.907021225388046,0.0
Wessels,3,GATA2+GFI1,combo_seen2,False,0.006165406327121452,0.006165406327121452,0.0,0.2186494017115736,0.2186494017115736,0.0,0.7204952960406068,0.7204952960406068,0.0
Wessels,3,GATA2+GSE1,combo_seen2,False,0.0009827646353178848,0.0009827646353178848,0.0,0.009373721022546749,0.009373721022546749,0.0,0.9893621048146624,0.9893621048146624,0.0
Wessels,3,GATA2+HDAC3,combo_seen2,False,0.0007613488618173754,0.0007613488618173754,0.0,0.004624000993788988,0.004624000993788988,0.0,0.9639617054985964,0.9639617054985964,0.0
Wessels,3,GATA2+RCOR1,combo_seen2,False,0.0008178261842522049,0.0008178261842522049,0.0,0.0028915636403424073,0.0028915636403424073,0.0,0.9540449765206581,0.9540449765206581,0.0
Wessels,3,GFI1+INTS1,combo_seen2,False,0.005542183806505678,0.005542183806505678,0.0,0.21166415940315683,0.21166415940315683,0.0,0.764585118783186,0.764585118783186,0.0
Wessels,3,GFI1+SMARCD1,combo_seen2,False,0.004202488007125273,0.004202488007125273,0.0,0.12935433090796905,0.12935433090796905,0.0,0.6924823020394107,0.6924823020394107,0.0
Wessels,3,HDAC3+INTS1,combo_seen2,False,0.0008675913771634502,0.0008675913771634502,0.0,0.00823565001779204,0.00823565001779204,0.0,0.9581117973025133,0.9581117973025133,0.0
Wessels,3,INTS1+MED24,combo_seen2,False,0.0018094512162073863,0.0018094512162073863,0.0,0.03371673803620622,0.03371673803620622,0.0,0.9805739902587631,0.9805739902587631,0.0
Wessels,3,INTS1+RCOR1,combo_seen2,False,0.0007357221176103763,0.0007357221176103763,0.0,0.0033751912477345486,0.0033751912477345486,0.0,0.9290920467573022,0.9290920467573022,0.0
Wessels,3,INTS1+SMARCD1,combo_seen2,False,0.0007454330262712827,0.0007454330262712827,0.0,0.004581345273460841,0.004581345273460841,0.0,0.965421465421752,0.965421465421752,0.0
Wessels,3,MED16+MED24,combo_seen2,False,0.0034422059281829635,0.0034422059281829635,0.0,0.03463040206793735,0.03463040206793735,0.0,0.9879790567307466,0.9879790567307466,0.0
Wessels,3,MED19+MED24,combo_seen2,False,0.001739603150405107,0.001739603150405107,0.0,0.011427992063321919,0.011427992063321919,0.0,0.9848253213486271,0.9848253213486271,0.0
Wessels,3,MED24+RCOR1,combo_seen2,False,0.0013482252282521685,0.0013482252282521685,0.0,0.00955367342122588,0.00955367342122588,0.0,0.9893507908549911,0.9893507908549911,0.0
Wessels,3,ATXN7L3,unseen_single,False,0.0065631800642154976,0.0065631800642154976,0.0,0.07936931840696473,0.07936931840696473,0.0,-0.7704018027881654,-0.7704018027881654,0.0
Wessels,3,FLI1,unseen_single,False,0.003555017364631172,0.003555017364631172,0.0,0.09361767038628961,0.09361767038628961,0.0,0.6894843846753348,0.6894843846753348,0.0
Wessels,3,RING1,unseen_single,False,0.0036532760110187194,0.0036532760110187194,0.0,0.02465989921356387,0.02465989921356387,0.0,0.15592111359070823,0.15592111359070823,0.0
Wessels,3,FLI1+IKZF1,combo_seen0,False,0.004384755964401907,0.004384755964401907,0.0,0.07423377690926905,0.07423377690926905,0.0,0.8625622319152673,0.8625622319152673,0.0
Wessels,3,FLI1+KDM1A,combo_seen0,False,0.006900369826573078,0.006900369826573078,0.0,0.18285018648463341,0.18285018648463341,0.0,0.8009747923460446,0.8009747923460446,0.0
Wessels,3,FLI1+RING1,combo_seen0,False,0.004806418669966263,0.004806418669966263,0.0,0.09261431781203626,0.09261431781203626,0.0,0.7568072053576966,0.7568072053576966,0.0
Wessels,3,IKZF1+KDM1A,combo_seen0,False,0.006391804965486871,0.006391804965486871,0.0,0.18818786196773785,0.18818786196773785,0.0,0.7103602126086093,0.7103602126086093,0.0
Wessels,3,KDM1A+RING1,combo_seen0,False,0.006980577484622899,0.006980577484622899,0.0,0.22350528268852313,0.22350528268852313,0.0,0.6983060020885042,0.6983060020885042,0.0
