performance,metric,DataSet,method,perturb,DEG,Ncontrol,Nimputed,Nstimulated,seed
0.8581,pearson_distance,Norman,WitnessCell,AHR+FEV,100,2000,276,276,1
0.1545,mse,Norman,WitnessCell,AHR+FEV,100,2000,276,276,1
2.0464,edistance,Norman,WitnessCell,AHR+FEV,100,2000,276,276,1
2.2894,sym_kldiv,Norman,WitnessCell,AHR+FEV,100,2000,276,276,1
70.3626,wasserstein,Norman,WitnessCell,AHR+FEV,100,2000,276,276,1
0.0,common_degs,Norman,WitnessCell,AHR+FEV,100,2000,276,276,1
0.7273,pearson_distance,Norman,WitnessCell,AHR+FEV,5000,2000,276,276,1
0.0065,mse,Norman,WitnessCell,AHR+FEV,5000,2000,276,276,1
1.7564,edistance,Norman,WitnessCell,AHR+FEV,5000,2000,276,276,1
39.8399,sym_kldiv,Norman,WitnessCell,AHR+FEV,5000,2000,276,276,1
0.4554,pearson_distance,Norman,WitnessCell,AHR+KLF1,100,2000,481,481,1
0.0932,mse,Norman,WitnessCell,AHR+KLF1,100,2000,481,481,1
1.4701,edistance,Norman,WitnessCell,AHR+KLF1,100,2000,481,481,1
1.6102,sym_kldiv,Norman,WitnessCell,AHR+KLF1,100,2000,481,481,1
45.2512,wasserstein,Norman,WitnessCell,AHR+KLF1,100,2000,481,481,1
0.0,common_degs,Norman,WitnessCell,AHR+KLF1,100,2000,481,481,1
0.2641,pearson_distance,Norman,WitnessCell,AHR+KLF1,5000,2000,481,481,1
0.0059,mse,Norman,WitnessCell,AHR+KLF1,5000,2000,481,481,1
1.324,edistance,Norman,WitnessCell,AHR+KLF1,5000,2000,481,481,1
38.4718,sym_kldiv,Norman,WitnessCell,AHR+KLF1,5000,2000,481,481,1
0.3333,pearson_distance,Norman,WitnessCell,BAK1+BCL2L11,100,2000,175,175,1
0.0033,mse,Norman,WitnessCell,BAK1+BCL2L11,100,2000,175,175,1
0.1962,edistance,Norman,WitnessCell,BAK1+BCL2L11,100,2000,175,175,1
43.6722,sym_kldiv,Norman,WitnessCell,BAK1+BCL2L11,100,2000,175,175,1
3.2979,wasserstein,Norman,WitnessCell,BAK1+BCL2L11,100,2000,175,175,1
0.0,common_degs,Norman,WitnessCell,BAK1+BCL2L11,100,2000,175,175,1
-0.0179,pearson_distance,Norman,WitnessCell,BAK1+BCL2L11,5000,2000,175,175,1
0.0017,mse,Norman,WitnessCell,BAK1+BCL2L11,5000,2000,175,175,1
0.5178,edistance,Norman,WitnessCell,BAK1+BCL2L11,5000,2000,175,175,1
39.5941,sym_kldiv,Norman,WitnessCell,BAK1+BCL2L11,5000,2000,175,175,1
0.1928,pearson_distance,Norman,WitnessCell,BAK1+KLF1,100,2000,395,395,1
0.0927,mse,Norman,WitnessCell,BAK1+KLF1,100,2000,395,395,1
1.4524,edistance,Norman,WitnessCell,BAK1+KLF1,100,2000,395,395,1
0.7788,sym_kldiv,Norman,WitnessCell,BAK1+KLF1,100,2000,395,395,1
43.3625,wasserstein,Norman,WitnessCell,BAK1+KLF1,100,2000,395,395,1
0.0,common_degs,Norman,WitnessCell,BAK1+KLF1,100,2000,395,395,1
0.0493,pearson_distance,Norman,WitnessCell,BAK1+KLF1,5000,2000,395,395,1
0.0035,mse,Norman,WitnessCell,BAK1+KLF1,5000,2000,395,395,1
0.8228,edistance,Norman,WitnessCell,BAK1+KLF1,5000,2000,395,395,1
38.657,sym_kldiv,Norman,WitnessCell,BAK1+KLF1,5000,2000,395,395,1
0.8194,pearson_distance,Norman,WitnessCell,BCL2L11+TGFBR2,100,2000,463,463,1
0.0059,mse,Norman,WitnessCell,BCL2L11+TGFBR2,100,2000,463,463,1
0.1368,edistance,Norman,WitnessCell,BCL2L11+TGFBR2,100,2000,463,463,1
41.1178,sym_kldiv,Norman,WitnessCell,BCL2L11+TGFBR2,100,2000,463,463,1
22.5889,wasserstein,Norman,WitnessCell,BCL2L11+TGFBR2,100,2000,463,463,1
0.0,common_degs,Norman,WitnessCell,BCL2L11+TGFBR2,100,2000,463,463,1
0.4158,pearson_distance,Norman,WitnessCell,BCL2L11+TGFBR2,5000,2000,463,463,1
0.0012,mse,Norman,WitnessCell,BCL2L11+TGFBR2,5000,2000,463,463,1
0.332,edistance,Norman,WitnessCell,BCL2L11+TGFBR2,5000,2000,463,463,1
38.7136,sym_kldiv,Norman,WitnessCell,BCL2L11+TGFBR2,5000,2000,463,463,1
0.6828,pearson_distance,Norman,WitnessCell,CBFA2T3+FEV,100,2000,159,159,1
0.3138,mse,Norman,WitnessCell,CBFA2T3+FEV,100,2000,159,159,1
3.8537,edistance,Norman,WitnessCell,CBFA2T3+FEV,100,2000,159,159,1
41.1704,sym_kldiv,Norman,WitnessCell,CBFA2T3+FEV,100,2000,159,159,1
82.6409,wasserstein,Norman,WitnessCell,CBFA2T3+FEV,100,2000,159,159,1
0.0,common_degs,Norman,WitnessCell,CBFA2T3+FEV,100,2000,159,159,1
0.5505,pearson_distance,Norman,WitnessCell,CBFA2T3+FEV,5000,2000,159,159,1
0.0136,mse,Norman,WitnessCell,CBFA2T3+FEV,5000,2000,159,159,1
3.3005,edistance,Norman,WitnessCell,CBFA2T3+FEV,5000,2000,159,159,1
40.3086,sym_kldiv,Norman,WitnessCell,CBFA2T3+FEV,5000,2000,159,159,1
0.9468,pearson_distance,Norman,WitnessCell,CBL+PTPN9,100,2000,306,306,1
0.0199,mse,Norman,WitnessCell,CBL+PTPN9,100,2000,306,306,1
0.3626,edistance,Norman,WitnessCell,CBL+PTPN9,100,2000,306,306,1
0.2997,sym_kldiv,Norman,WitnessCell,CBL+PTPN9,100,2000,306,306,1
48.9446,wasserstein,Norman,WitnessCell,CBL+PTPN9,100,2000,306,306,1
0.0,common_degs,Norman,WitnessCell,CBL+PTPN9,100,2000,306,306,1
0.8562,pearson_distance,Norman,WitnessCell,CBL+PTPN9,5000,2000,306,306,1
0.0013,mse,Norman,WitnessCell,CBL+PTPN9,5000,2000,306,306,1
0.3911,edistance,Norman,WitnessCell,CBL+PTPN9,5000,2000,306,306,1
39.1121,sym_kldiv,Norman,WitnessCell,CBL+PTPN9,5000,2000,306,306,1
0.819,pearson_distance,Norman,WitnessCell,CBL+TGFBR2,100,2000,188,188,1
0.0479,mse,Norman,WitnessCell,CBL+TGFBR2,100,2000,188,188,1
0.8067,edistance,Norman,WitnessCell,CBL+TGFBR2,100,2000,188,188,1
42.6252,sym_kldiv,Norman,WitnessCell,CBL+TGFBR2,100,2000,188,188,1
36.6355,wasserstein,Norman,WitnessCell,CBL+TGFBR2,100,2000,188,188,1
0.0,common_degs,Norman,WitnessCell,CBL+TGFBR2,100,2000,188,188,1
0.6304,pearson_distance,Norman,WitnessCell,CBL+TGFBR2,5000,2000,188,188,1
0.0021,mse,Norman,WitnessCell,CBL+TGFBR2,5000,2000,188,188,1
0.5706,edistance,Norman,WitnessCell,CBL+TGFBR2,5000,2000,188,188,1
39.7542,sym_kldiv,Norman,WitnessCell,CBL+TGFBR2,5000,2000,188,188,1
0.8402,pearson_distance,Norman,WitnessCell,CBL+UBASH3A,100,2000,64,64,1
0.0346,mse,Norman,WitnessCell,CBL+UBASH3A,100,2000,64,64,1
1.0309,edistance,Norman,WitnessCell,CBL+UBASH3A,100,2000,64,64,1
45.5162,sym_kldiv,Norman,WitnessCell,CBL+UBASH3A,100,2000,64,64,1
9.8005,wasserstein,Norman,WitnessCell,CBL+UBASH3A,100,2000,64,64,1
0.0,common_degs,Norman,WitnessCell,CBL+UBASH3A,100,2000,64,64,1
0.4866,pearson_distance,Norman,WitnessCell,CBL+UBASH3A,5000,2000,64,64,1
0.0039,mse,Norman,WitnessCell,CBL+UBASH3A,5000,2000,64,64,1
1.2448,edistance,Norman,WitnessCell,CBL+UBASH3A,5000,2000,64,64,1
41.1947,sym_kldiv,Norman,WitnessCell,CBL+UBASH3A,5000,2000,64,64,1
0.9549,pearson_distance,Norman,WitnessCell,CBL+UBASH3B,100,2000,410,410,1
0.0843,mse,Norman,WitnessCell,CBL+UBASH3B,100,2000,410,410,1
1.128,edistance,Norman,WitnessCell,CBL+UBASH3B,100,2000,410,410,1
0.621,sym_kldiv,Norman,WitnessCell,CBL+UBASH3B,100,2000,410,410,1
62.123,wasserstein,Norman,WitnessCell,CBL+UBASH3B,100,2000,410,410,1
0.0,common_degs,Norman,WitnessCell,CBL+UBASH3B,100,2000,410,410,1
0.8821,pearson_distance,Norman,WitnessCell,CBL+UBASH3B,5000,2000,410,410,1
0.0027,mse,Norman,WitnessCell,CBL+UBASH3B,5000,2000,410,410,1
0.6586,edistance,Norman,WitnessCell,CBL+UBASH3B,5000,2000,410,410,1
38.9808,sym_kldiv,Norman,WitnessCell,CBL+UBASH3B,5000,2000,410,410,1
0.9726,pearson_distance,Norman,WitnessCell,CDKN1A+CDKN1B,100,2000,134,134,1
0.0065,mse,Norman,WitnessCell,CDKN1A+CDKN1B,100,2000,134,134,1
0.2603,edistance,Norman,WitnessCell,CDKN1A+CDKN1B,100,2000,134,134,1
40.2488,sym_kldiv,Norman,WitnessCell,CDKN1A+CDKN1B,100,2000,134,134,1
45.1816,wasserstein,Norman,WitnessCell,CDKN1A+CDKN1B,100,2000,134,134,1
0.0,common_degs,Norman,WitnessCell,CDKN1A+CDKN1B,100,2000,134,134,1
0.8765,pearson_distance,Norman,WitnessCell,CDKN1A+CDKN1B,5000,2000,134,134,1
0.0013,mse,Norman,WitnessCell,CDKN1A+CDKN1B,5000,2000,134,134,1
0.4818,edistance,Norman,WitnessCell,CDKN1A+CDKN1B,5000,2000,134,134,1
39.6475,sym_kldiv,Norman,WitnessCell,CDKN1A+CDKN1B,5000,2000,134,134,1
0.9723,pearson_distance,Norman,WitnessCell,CDKN1A+CDKN1C,100,2000,126,126,1
0.0072,mse,Norman,WitnessCell,CDKN1A+CDKN1C,100,2000,126,126,1
0.2456,edistance,Norman,WitnessCell,CDKN1A+CDKN1C,100,2000,126,126,1
41.3496,sym_kldiv,Norman,WitnessCell,CDKN1A+CDKN1C,100,2000,126,126,1
46.7403,wasserstein,Norman,WitnessCell,CDKN1A+CDKN1C,100,2000,126,126,1
0.0,common_degs,Norman,WitnessCell,CDKN1A+CDKN1C,100,2000,126,126,1
0.8732,pearson_distance,Norman,WitnessCell,CDKN1A+CDKN1C,5000,2000,126,126,1
0.0015,mse,Norman,WitnessCell,CDKN1A+CDKN1C,5000,2000,126,126,1
0.5103,edistance,Norman,WitnessCell,CDKN1A+CDKN1C,5000,2000,126,126,1
39.6772,sym_kldiv,Norman,WitnessCell,CDKN1A+CDKN1C,5000,2000,126,126,1
0.9838,pearson_distance,Norman,WitnessCell,CEBPA+KLF1,100,2000,311,311,1
0.0178,mse,Norman,WitnessCell,CEBPA+KLF1,100,2000,311,311,1
1.0876,edistance,Norman,WitnessCell,CEBPA+KLF1,100,2000,311,311,1
2.4577,sym_kldiv,Norman,WitnessCell,CEBPA+KLF1,100,2000,311,311,1
70.3361,wasserstein,Norman,WitnessCell,CEBPA+KLF1,100,2000,311,311,1
0.0,common_degs,Norman,WitnessCell,CEBPA+KLF1,100,2000,311,311,1
0.942,pearson_distance,Norman,WitnessCell,CEBPA+KLF1,5000,2000,311,311,1
0.003,mse,Norman,WitnessCell,CEBPA+KLF1,5000,2000,311,311,1
1.2291,edistance,Norman,WitnessCell,CEBPA+KLF1,5000,2000,311,311,1
40.3879,sym_kldiv,Norman,WitnessCell,CEBPA+KLF1,5000,2000,311,311,1
0.8513,pearson_distance,Norman,WitnessCell,CEBPB+PTPN12,100,2000,331,331,1
0.0537,mse,Norman,WitnessCell,CEBPB+PTPN12,100,2000,331,331,1
0.9742,edistance,Norman,WitnessCell,CEBPB+PTPN12,100,2000,331,331,1
2.0661,sym_kldiv,Norman,WitnessCell,CEBPB+PTPN12,100,2000,331,331,1
47.4685,wasserstein,Norman,WitnessCell,CEBPB+PTPN12,100,2000,331,331,1
0.0,common_degs,Norman,WitnessCell,CEBPB+PTPN12,100,2000,331,331,1
0.7661,pearson_distance,Norman,WitnessCell,CEBPB+PTPN12,5000,2000,331,331,1
0.004,mse,Norman,WitnessCell,CEBPB+PTPN12,5000,2000,331,331,1
0.9907,edistance,Norman,WitnessCell,CEBPB+PTPN12,5000,2000,331,331,1
38.9176,sym_kldiv,Norman,WitnessCell,CEBPB+PTPN12,5000,2000,331,331,1
0.6875,pearson_distance,Norman,WitnessCell,CEBPE+CNN1,100,2000,237,237,1
0.0532,mse,Norman,WitnessCell,CEBPE+CNN1,100,2000,237,237,1
0.8438,edistance,Norman,WitnessCell,CEBPE+CNN1,100,2000,237,237,1
38.7198,sym_kldiv,Norman,WitnessCell,CEBPE+CNN1,100,2000,237,237,1
50.4253,wasserstein,Norman,WitnessCell,CEBPE+CNN1,100,2000,237,237,1
0.0,common_degs,Norman,WitnessCell,CEBPE+CNN1,100,2000,237,237,1
0.5883,pearson_distance,Norman,WitnessCell,CEBPE+CNN1,5000,2000,237,237,1
0.0028,mse,Norman,WitnessCell,CEBPE+CNN1,5000,2000,237,237,1
0.7416,edistance,Norman,WitnessCell,CEBPE+CNN1,5000,2000,237,237,1
39.2588,sym_kldiv,Norman,WitnessCell,CEBPE+CNN1,5000,2000,237,237,1
0.3268,pearson_distance,Norman,WitnessCell,CEBPE+ETS2,100,2000,354,354,1
0.215,mse,Norman,WitnessCell,CEBPE+ETS2,100,2000,354,354,1
2.7878,edistance,Norman,WitnessCell,CEBPE+ETS2,100,2000,354,354,1
1.8666,sym_kldiv,Norman,WitnessCell,CEBPE+ETS2,100,2000,354,354,1
66.8368,wasserstein,Norman,WitnessCell,CEBPE+ETS2,100,2000,354,354,1
0.0,common_degs,Norman,WitnessCell,CEBPE+ETS2,100,2000,354,354,1
0.3897,pearson_distance,Norman,WitnessCell,CEBPE+ETS2,5000,2000,354,354,1
0.007,mse,Norman,WitnessCell,CEBPE+ETS2,5000,2000,354,354,1
1.4932,edistance,Norman,WitnessCell,CEBPE+ETS2,5000,2000,354,354,1
39.2445,sym_kldiv,Norman,WitnessCell,CEBPE+ETS2,5000,2000,354,354,1
0.2691,pearson_distance,Norman,WitnessCell,CEBPE+KLF1,100,2000,468,468,1
0.0735,mse,Norman,WitnessCell,CEBPE+KLF1,100,2000,468,468,1
1.1582,edistance,Norman,WitnessCell,CEBPE+KLF1,100,2000,468,468,1
0.9376,sym_kldiv,Norman,WitnessCell,CEBPE+KLF1,100,2000,468,468,1
44.4495,wasserstein,Norman,WitnessCell,CEBPE+KLF1,100,2000,468,468,1
0.0,common_degs,Norman,WitnessCell,CEBPE+KLF1,100,2000,468,468,1
0.086,pearson_distance,Norman,WitnessCell,CEBPE+KLF1,5000,2000,468,468,1
0.0048,mse,Norman,WitnessCell,CEBPE+KLF1,5000,2000,468,468,1
1.1162,edistance,Norman,WitnessCell,CEBPE+KLF1,5000,2000,468,468,1
38.4594,sym_kldiv,Norman,WitnessCell,CEBPE+KLF1,5000,2000,468,468,1
0.7487,pearson_distance,Norman,WitnessCell,CEBPE+PTPN12,100,2000,415,415,1
0.0335,mse,Norman,WitnessCell,CEBPE+PTPN12,100,2000,415,415,1
0.5341,edistance,Norman,WitnessCell,CEBPE+PTPN12,100,2000,415,415,1
0.8943,sym_kldiv,Norman,WitnessCell,CEBPE+PTPN12,100,2000,415,415,1
45.6686,wasserstein,Norman,WitnessCell,CEBPE+PTPN12,100,2000,415,415,1
0.0,common_degs,Norman,WitnessCell,CEBPE+PTPN12,100,2000,415,415,1
0.6225,pearson_distance,Norman,WitnessCell,CEBPE+PTPN12,5000,2000,415,415,1
0.0021,mse,Norman,WitnessCell,CEBPE+PTPN12,5000,2000,415,415,1
0.5261,edistance,Norman,WitnessCell,CEBPE+PTPN12,5000,2000,415,415,1
38.7179,sym_kldiv,Norman,WitnessCell,CEBPE+PTPN12,5000,2000,415,415,1
0.285,pearson_distance,Norman,WitnessCell,CEBPE+RUNX1T1,100,2000,1219,1219,1
0.0973,mse,Norman,WitnessCell,CEBPE+RUNX1T1,100,2000,1219,1219,1
1.3666,edistance,Norman,WitnessCell,CEBPE+RUNX1T1,100,2000,1219,1219,1
2.6039,sym_kldiv,Norman,WitnessCell,CEBPE+RUNX1T1,100,2000,1219,1219,1
52.9937,wasserstein,Norman,WitnessCell,CEBPE+RUNX1T1,100,2000,1219,1219,1
0.0,common_degs,Norman,WitnessCell,CEBPE+RUNX1T1,100,2000,1219,1219,1
0.4271,pearson_distance,Norman,WitnessCell,CEBPE+RUNX1T1,5000,2000,1219,1219,1
0.0035,mse,Norman,WitnessCell,CEBPE+RUNX1T1,5000,2000,1219,1219,1
0.7535,edistance,Norman,WitnessCell,CEBPE+RUNX1T1,5000,2000,1219,1219,1
38.0643,sym_kldiv,Norman,WitnessCell,CEBPE+RUNX1T1,5000,2000,1219,1219,1
0.4431,pearson_distance,Norman,WitnessCell,CEBPE+SET,100,2000,658,658,1
0.0911,mse,Norman,WitnessCell,CEBPE+SET,100,2000,658,658,1
1.291,edistance,Norman,WitnessCell,CEBPE+SET,100,2000,658,658,1
1.7491,sym_kldiv,Norman,WitnessCell,CEBPE+SET,100,2000,658,658,1
52.9948,wasserstein,Norman,WitnessCell,CEBPE+SET,100,2000,658,658,1
0.0,common_degs,Norman,WitnessCell,CEBPE+SET,100,2000,658,658,1
0.4903,pearson_distance,Norman,WitnessCell,CEBPE+SET,5000,2000,658,658,1
0.0036,mse,Norman,WitnessCell,CEBPE+SET,5000,2000,658,658,1
0.7931,edistance,Norman,WitnessCell,CEBPE+SET,5000,2000,658,658,1
38.384,sym_kldiv,Norman,WitnessCell,CEBPE+SET,5000,2000,658,658,1
0.8775,pearson_distance,Norman,WitnessCell,CLDN6+KLF1,100,2000,237,237,1
0.0711,mse,Norman,WitnessCell,CLDN6+KLF1,100,2000,237,237,1
1.1246,edistance,Norman,WitnessCell,CLDN6+KLF1,100,2000,237,237,1
40.1217,sym_kldiv,Norman,WitnessCell,CLDN6+KLF1,100,2000,237,237,1
54.2223,wasserstein,Norman,WitnessCell,CLDN6+KLF1,100,2000,237,237,1
0.0,common_degs,Norman,WitnessCell,CLDN6+KLF1,100,2000,237,237,1
0.7383,pearson_distance,Norman,WitnessCell,CLDN6+KLF1,5000,2000,237,237,1
0.0038,mse,Norman,WitnessCell,CLDN6+KLF1,5000,2000,237,237,1
0.9528,edistance,Norman,WitnessCell,CLDN6+KLF1,5000,2000,237,237,1
39.3191,sym_kldiv,Norman,WitnessCell,CLDN6+KLF1,5000,2000,237,237,1
0.9212,pearson_distance,Norman,WitnessCell,CNN1+MAPK1,100,2000,398,398,1
0.0153,mse,Norman,WitnessCell,CNN1+MAPK1,100,2000,398,398,1
0.2979,edistance,Norman,WitnessCell,CNN1+MAPK1,100,2000,398,398,1
0.4743,sym_kldiv,Norman,WitnessCell,CNN1+MAPK1,100,2000,398,398,1
42.9556,wasserstein,Norman,WitnessCell,CNN1+MAPK1,100,2000,398,398,1
0.0,common_degs,Norman,WitnessCell,CNN1+MAPK1,100,2000,398,398,1
0.8622,pearson_distance,Norman,WitnessCell,CNN1+MAPK1,5000,2000,398,398,1
0.0011,mse,Norman,WitnessCell,CNN1+MAPK1,5000,2000,398,398,1
0.3189,edistance,Norman,WitnessCell,CNN1+MAPK1,5000,2000,398,398,1
38.8596,sym_kldiv,Norman,WitnessCell,CNN1+MAPK1,5000,2000,398,398,1
0.7896,pearson_distance,Norman,WitnessCell,CNN1+UBASH3A,100,2000,178,178,1
0.2053,mse,Norman,WitnessCell,CNN1+UBASH3A,100,2000,178,178,1
2.3711,edistance,Norman,WitnessCell,CNN1+UBASH3A,100,2000,178,178,1
40.1762,sym_kldiv,Norman,WitnessCell,CNN1+UBASH3A,100,2000,178,178,1
81.8665,wasserstein,Norman,WitnessCell,CNN1+UBASH3A,100,2000,178,178,1
0.0,common_degs,Norman,WitnessCell,CNN1+UBASH3A,100,2000,178,178,1
0.6177,pearson_distance,Norman,WitnessCell,CNN1+UBASH3A,5000,2000,178,178,1
0.0066,mse,Norman,WitnessCell,CNN1+UBASH3A,5000,2000,178,178,1
1.4438,edistance,Norman,WitnessCell,CNN1+UBASH3A,5000,2000,178,178,1
39.9342,sym_kldiv,Norman,WitnessCell,CNN1+UBASH3A,5000,2000,178,178,1
0.9171,pearson_distance,Norman,WitnessCell,CNN1+UBASH3B,100,2000,402,402,1
0.1628,mse,Norman,WitnessCell,CNN1+UBASH3B,100,2000,402,402,1
2.0635,edistance,Norman,WitnessCell,CNN1+UBASH3B,100,2000,402,402,1
1.0385,sym_kldiv,Norman,WitnessCell,CNN1+UBASH3B,100,2000,402,402,1
68.0234,wasserstein,Norman,WitnessCell,CNN1+UBASH3B,100,2000,402,402,1
0.0,common_degs,Norman,WitnessCell,CNN1+UBASH3B,100,2000,402,402,1
0.8275,pearson_distance,Norman,WitnessCell,CNN1+UBASH3B,5000,2000,402,402,1
0.0046,mse,Norman,WitnessCell,CNN1+UBASH3B,5000,2000,402,402,1
1.0079,edistance,Norman,WitnessCell,CNN1+UBASH3B,5000,2000,402,402,1
39.1059,sym_kldiv,Norman,WitnessCell,CNN1+UBASH3B,5000,2000,402,402,1
0.8393,pearson_distance,Norman,WitnessCell,COL2A1+KLF1,100,2000,298,298,1
0.0472,mse,Norman,WitnessCell,COL2A1+KLF1,100,2000,298,298,1
0.7827,edistance,Norman,WitnessCell,COL2A1+KLF1,100,2000,298,298,1
1.214,sym_kldiv,Norman,WitnessCell,COL2A1+KLF1,100,2000,298,298,1
43.4256,wasserstein,Norman,WitnessCell,COL2A1+KLF1,100,2000,298,298,1
0.0,common_degs,Norman,WitnessCell,COL2A1+KLF1,100,2000,298,298,1
0.6699,pearson_distance,Norman,WitnessCell,COL2A1+KLF1,5000,2000,298,298,1
0.0035,mse,Norman,WitnessCell,COL2A1+KLF1,5000,2000,298,298,1
0.8481,edistance,Norman,WitnessCell,COL2A1+KLF1,5000,2000,298,298,1
38.9739,sym_kldiv,Norman,WitnessCell,COL2A1+KLF1,5000,2000,298,298,1
0.5929,pearson_distance,Norman,WitnessCell,DLX2+SNAI1,100,2000,131,131,1
0.111,mse,Norman,WitnessCell,DLX2+SNAI1,100,2000,131,131,1
1.5314,edistance,Norman,WitnessCell,DLX2+SNAI1,100,2000,131,131,1
42.1629,sym_kldiv,Norman,WitnessCell,DLX2+SNAI1,100,2000,131,131,1
62.8639,wasserstein,Norman,WitnessCell,DLX2+SNAI1,100,2000,131,131,1
0.0,common_degs,Norman,WitnessCell,DLX2+SNAI1,100,2000,131,131,1
0.6331,pearson_distance,Norman,WitnessCell,DLX2+SNAI1,5000,2000,131,131,1
0.0053,mse,Norman,WitnessCell,DLX2+SNAI1,5000,2000,131,131,1
1.3323,edistance,Norman,WitnessCell,DLX2+SNAI1,5000,2000,131,131,1
40.2769,sym_kldiv,Norman,WitnessCell,DLX2+SNAI1,5000,2000,131,131,1
0.8933,pearson_distance,Norman,WitnessCell,DLX2+ZBTB10,100,2000,89,89,1
0.0988,mse,Norman,WitnessCell,DLX2+ZBTB10,100,2000,89,89,1
1.574,edistance,Norman,WitnessCell,DLX2+ZBTB10,100,2000,89,89,1
43.8271,sym_kldiv,Norman,WitnessCell,DLX2+ZBTB10,100,2000,89,89,1
63.4295,wasserstein,Norman,WitnessCell,DLX2+ZBTB10,100,2000,89,89,1
0.0,common_degs,Norman,WitnessCell,DLX2+ZBTB10,100,2000,89,89,1
0.8021,pearson_distance,Norman,WitnessCell,DLX2+ZBTB10,5000,2000,89,89,1
0.0071,mse,Norman,WitnessCell,DLX2+ZBTB10,5000,2000,89,89,1
2.1476,edistance,Norman,WitnessCell,DLX2+ZBTB10,5000,2000,89,89,1
41.2952,sym_kldiv,Norman,WitnessCell,DLX2+ZBTB10,5000,2000,89,89,1
0.7453,pearson_distance,Norman,WitnessCell,DUSP9+ETS2,100,2000,787,787,1
0.0656,mse,Norman,WitnessCell,DUSP9+ETS2,100,2000,787,787,1
0.9777,edistance,Norman,WitnessCell,DUSP9+ETS2,100,2000,787,787,1
0.7566,sym_kldiv,Norman,WitnessCell,DUSP9+ETS2,100,2000,787,787,1
49.1817,wasserstein,Norman,WitnessCell,DUSP9+ETS2,100,2000,787,787,1
0.0,common_degs,Norman,WitnessCell,DUSP9+ETS2,100,2000,787,787,1
0.5615,pearson_distance,Norman,WitnessCell,DUSP9+ETS2,5000,2000,787,787,1
0.003,mse,Norman,WitnessCell,DUSP9+ETS2,5000,2000,787,787,1
0.7091,edistance,Norman,WitnessCell,DUSP9+ETS2,5000,2000,787,787,1
38.3039,sym_kldiv,Norman,WitnessCell,DUSP9+ETS2,5000,2000,787,787,1
0.6097,pearson_distance,Norman,WitnessCell,DUSP9+KLF1,100,2000,366,366,1
0.2459,mse,Norman,WitnessCell,DUSP9+KLF1,100,2000,366,366,1
3.2727,edistance,Norman,WitnessCell,DUSP9+KLF1,100,2000,366,366,1
1.5128,sym_kldiv,Norman,WitnessCell,DUSP9+KLF1,100,2000,366,366,1
67.4245,wasserstein,Norman,WitnessCell,DUSP9+KLF1,100,2000,366,366,1
0.0,common_degs,Norman,WitnessCell,DUSP9+KLF1,100,2000,366,366,1
0.443,pearson_distance,Norman,WitnessCell,DUSP9+KLF1,5000,2000,366,366,1
0.0073,mse,Norman,WitnessCell,DUSP9+KLF1,5000,2000,366,366,1
1.5638,edistance,Norman,WitnessCell,DUSP9+KLF1,5000,2000,366,366,1
38.9224,sym_kldiv,Norman,WitnessCell,DUSP9+KLF1,5000,2000,366,366,1
0.8927,pearson_distance,Norman,WitnessCell,ETS2+IGDCC3,100,2000,441,441,1
0.0173,mse,Norman,WitnessCell,ETS2+IGDCC3,100,2000,441,441,1
0.3155,edistance,Norman,WitnessCell,ETS2+IGDCC3,100,2000,441,441,1
0.569,sym_kldiv,Norman,WitnessCell,ETS2+IGDCC3,100,2000,441,441,1
39.1325,wasserstein,Norman,WitnessCell,ETS2+IGDCC3,100,2000,441,441,1
0.0,common_degs,Norman,WitnessCell,ETS2+IGDCC3,100,2000,441,441,1
0.7714,pearson_distance,Norman,WitnessCell,ETS2+IGDCC3,5000,2000,441,441,1
0.0017,mse,Norman,WitnessCell,ETS2+IGDCC3,5000,2000,441,441,1
0.4236,edistance,Norman,WitnessCell,ETS2+IGDCC3,5000,2000,441,441,1
38.6626,sym_kldiv,Norman,WitnessCell,ETS2+IGDCC3,5000,2000,441,441,1
0.9872,pearson_distance,Norman,WitnessCell,ETS2+IKZF3,100,2000,445,445,1
0.0121,mse,Norman,WitnessCell,ETS2+IKZF3,100,2000,445,445,1
0.4085,edistance,Norman,WitnessCell,ETS2+IKZF3,100,2000,445,445,1
0.6343,sym_kldiv,Norman,WitnessCell,ETS2+IKZF3,100,2000,445,445,1
56.8301,wasserstein,Norman,WitnessCell,ETS2+IKZF3,100,2000,445,445,1
0.0,common_degs,Norman,WitnessCell,ETS2+IKZF3,100,2000,445,445,1
0.933,pearson_distance,Norman,WitnessCell,ETS2+IKZF3,5000,2000,445,445,1
0.0014,mse,Norman,WitnessCell,ETS2+IKZF3,5000,2000,445,445,1
0.5445,edistance,Norman,WitnessCell,ETS2+IKZF3,5000,2000,445,445,1
38.9759,sym_kldiv,Norman,WitnessCell,ETS2+IKZF3,5000,2000,445,445,1
0.5571,pearson_distance,Norman,WitnessCell,ETS2+MAP7D1,100,2000,324,324,1
0.0812,mse,Norman,WitnessCell,ETS2+MAP7D1,100,2000,324,324,1
1.1396,edistance,Norman,WitnessCell,ETS2+MAP7D1,100,2000,324,324,1
0.6553,sym_kldiv,Norman,WitnessCell,ETS2+MAP7D1,100,2000,324,324,1
52.1531,wasserstein,Norman,WitnessCell,ETS2+MAP7D1,100,2000,324,324,1
0.0,common_degs,Norman,WitnessCell,ETS2+MAP7D1,100,2000,324,324,1
0.5087,pearson_distance,Norman,WitnessCell,ETS2+MAP7D1,5000,2000,324,324,1
0.003,mse,Norman,WitnessCell,ETS2+MAP7D1,5000,2000,324,324,1
0.7093,edistance,Norman,WitnessCell,ETS2+MAP7D1,5000,2000,324,324,1
38.9729,sym_kldiv,Norman,WitnessCell,ETS2+MAP7D1,5000,2000,324,324,1
0.9787,pearson_distance,Norman,WitnessCell,ETS2+MAPK1,100,2000,459,459,1
0.0752,mse,Norman,WitnessCell,ETS2+MAPK1,100,2000,459,459,1
1.0991,edistance,Norman,WitnessCell,ETS2+MAPK1,100,2000,459,459,1
1.2206,sym_kldiv,Norman,WitnessCell,ETS2+MAPK1,100,2000,459,459,1
53.6779,wasserstein,Norman,WitnessCell,ETS2+MAPK1,100,2000,459,459,1
0.0,common_degs,Norman,WitnessCell,ETS2+MAPK1,100,2000,459,459,1
0.9253,pearson_distance,Norman,WitnessCell,ETS2+MAPK1,5000,2000,459,459,1
0.0026,mse,Norman,WitnessCell,ETS2+MAPK1,5000,2000,459,459,1
0.6973,edistance,Norman,WitnessCell,ETS2+MAPK1,5000,2000,459,459,1
39.4549,sym_kldiv,Norman,WitnessCell,ETS2+MAPK1,5000,2000,459,459,1
0.9159,pearson_distance,Norman,WitnessCell,ETS2+PRTG,100,2000,445,445,1
0.0157,mse,Norman,WitnessCell,ETS2+PRTG,100,2000,445,445,1
0.3017,edistance,Norman,WitnessCell,ETS2+PRTG,100,2000,445,445,1
39.2789,sym_kldiv,Norman,WitnessCell,ETS2+PRTG,100,2000,445,445,1
40.2327,wasserstein,Norman,WitnessCell,ETS2+PRTG,100,2000,445,445,1
0.0,common_degs,Norman,WitnessCell,ETS2+PRTG,100,2000,445,445,1
0.8328,pearson_distance,Norman,WitnessCell,ETS2+PRTG,5000,2000,445,445,1
0.0013,mse,Norman,WitnessCell,ETS2+PRTG,5000,2000,445,445,1
0.3554,edistance,Norman,WitnessCell,ETS2+PRTG,5000,2000,445,445,1
38.7391,sym_kldiv,Norman,WitnessCell,ETS2+PRTG,5000,2000,445,445,1
0.0181,pearson_distance,Norman,WitnessCell,ETS2+TGFBR2,100,2000,318,318,1
0.0519,mse,Norman,WitnessCell,ETS2+TGFBR2,100,2000,318,318,1
0.827,edistance,Norman,WitnessCell,ETS2+TGFBR2,100,2000,318,318,1
39.2191,sym_kldiv,Norman,WitnessCell,ETS2+TGFBR2,100,2000,318,318,1
39.2232,wasserstein,Norman,WitnessCell,ETS2+TGFBR2,100,2000,318,318,1
0.0,common_degs,Norman,WitnessCell,ETS2+TGFBR2,100,2000,318,318,1
0.1288,pearson_distance,Norman,WitnessCell,ETS2+TGFBR2,5000,2000,318,318,1
0.0025,mse,Norman,WitnessCell,ETS2+TGFBR2,5000,2000,318,318,1
0.6064,edistance,Norman,WitnessCell,ETS2+TGFBR2,5000,2000,318,318,1
38.8985,sym_kldiv,Norman,WitnessCell,ETS2+TGFBR2,5000,2000,318,318,1
0.5903,pearson_distance,Norman,WitnessCell,FEV+ISL2,100,2000,284,284,1
0.2347,mse,Norman,WitnessCell,FEV+ISL2,100,2000,284,284,1
3.0059,edistance,Norman,WitnessCell,FEV+ISL2,100,2000,284,284,1
1.5334,sym_kldiv,Norman,WitnessCell,FEV+ISL2,100,2000,284,284,1
70.9622,wasserstein,Norman,WitnessCell,FEV+ISL2,100,2000,284,284,1
0.0,common_degs,Norman,WitnessCell,FEV+ISL2,100,2000,284,284,1
0.4938,pearson_distance,Norman,WitnessCell,FEV+ISL2,5000,2000,284,284,1
0.009,mse,Norman,WitnessCell,FEV+ISL2,5000,2000,284,284,1
2.0957,edistance,Norman,WitnessCell,FEV+ISL2,5000,2000,284,284,1
39.7,sym_kldiv,Norman,WitnessCell,FEV+ISL2,5000,2000,284,284,1
0.6333,pearson_distance,Norman,WitnessCell,FEV+MAP7D1,100,2000,277,277,1
0.1543,mse,Norman,WitnessCell,FEV+MAP7D1,100,2000,277,277,1
2.0691,edistance,Norman,WitnessCell,FEV+MAP7D1,100,2000,277,277,1
40.1626,sym_kldiv,Norman,WitnessCell,FEV+MAP7D1,100,2000,277,277,1
62.499,wasserstein,Norman,WitnessCell,FEV+MAP7D1,100,2000,277,277,1
0.0,common_degs,Norman,WitnessCell,FEV+MAP7D1,100,2000,277,277,1
0.5151,pearson_distance,Norman,WitnessCell,FEV+MAP7D1,5000,2000,277,277,1
0.0056,mse,Norman,WitnessCell,FEV+MAP7D1,5000,2000,277,277,1
1.3145,edistance,Norman,WitnessCell,FEV+MAP7D1,5000,2000,277,277,1
39.3832,sym_kldiv,Norman,WitnessCell,FEV+MAP7D1,5000,2000,277,277,1
0.5728,pearson_distance,Norman,WitnessCell,FOSB+PTPN12,100,2000,345,345,1
0.0372,mse,Norman,WitnessCell,FOSB+PTPN12,100,2000,345,345,1
0.6058,edistance,Norman,WitnessCell,FOSB+PTPN12,100,2000,345,345,1
39.2626,sym_kldiv,Norman,WitnessCell,FOSB+PTPN12,100,2000,345,345,1
38.7069,wasserstein,Norman,WitnessCell,FOSB+PTPN12,100,2000,345,345,1
0.0,common_degs,Norman,WitnessCell,FOSB+PTPN12,100,2000,345,345,1
0.4204,pearson_distance,Norman,WitnessCell,FOSB+PTPN12,5000,2000,345,345,1
0.0031,mse,Norman,WitnessCell,FOSB+PTPN12,5000,2000,345,345,1
0.719,edistance,Norman,WitnessCell,FOSB+PTPN12,5000,2000,345,345,1
38.9145,sym_kldiv,Norman,WitnessCell,FOSB+PTPN12,5000,2000,345,345,1
0.6477,pearson_distance,Norman,WitnessCell,FOXA1+KLF1,100,2000,361,361,1
0.0709,mse,Norman,WitnessCell,FOXA1+KLF1,100,2000,361,361,1
1.0937,edistance,Norman,WitnessCell,FOXA1+KLF1,100,2000,361,361,1
0.8301,sym_kldiv,Norman,WitnessCell,FOXA1+KLF1,100,2000,361,361,1
49.4003,wasserstein,Norman,WitnessCell,FOXA1+KLF1,100,2000,361,361,1
0.0,common_degs,Norman,WitnessCell,FOXA1+KLF1,100,2000,361,361,1
0.5389,pearson_distance,Norman,WitnessCell,FOXA1+KLF1,5000,2000,361,361,1
0.0035,mse,Norman,WitnessCell,FOXA1+KLF1,5000,2000,361,361,1
0.852,edistance,Norman,WitnessCell,FOXA1+KLF1,5000,2000,361,361,1
39.2638,sym_kldiv,Norman,WitnessCell,FOXA1+KLF1,5000,2000,361,361,1
0.8404,pearson_distance,Norman,WitnessCell,IRF1+SET,100,2000,444,444,1
0.0889,mse,Norman,WitnessCell,IRF1+SET,100,2000,444,444,1
1.443,edistance,Norman,WitnessCell,IRF1+SET,100,2000,444,444,1
4.1996,sym_kldiv,Norman,WitnessCell,IRF1+SET,100,2000,444,444,1
50.8193,wasserstein,Norman,WitnessCell,IRF1+SET,100,2000,444,444,1
0.0,common_degs,Norman,WitnessCell,IRF1+SET,100,2000,444,444,1
0.7446,pearson_distance,Norman,WitnessCell,IRF1+SET,5000,2000,444,444,1
0.0044,mse,Norman,WitnessCell,IRF1+SET,5000,2000,444,444,1
0.9806,edistance,Norman,WitnessCell,IRF1+SET,5000,2000,444,444,1
39.904,sym_kldiv,Norman,WitnessCell,IRF1+SET,5000,2000,444,444,1
0.3965,pearson_distance,Norman,WitnessCell,KLF1+MAP2K6,100,2000,263,263,1
0.0834,mse,Norman,WitnessCell,KLF1+MAP2K6,100,2000,263,263,1
1.3502,edistance,Norman,WitnessCell,KLF1+MAP2K6,100,2000,263,263,1
38.7138,sym_kldiv,Norman,WitnessCell,KLF1+MAP2K6,100,2000,263,263,1
41.9911,wasserstein,Norman,WitnessCell,KLF1+MAP2K6,100,2000,263,263,1
0.0,common_degs,Norman,WitnessCell,KLF1+MAP2K6,100,2000,263,263,1
0.2039,pearson_distance,Norman,WitnessCell,KLF1+MAP2K6,5000,2000,263,263,1
0.0029,mse,Norman,WitnessCell,KLF1+MAP2K6,5000,2000,263,263,1
0.7835,edistance,Norman,WitnessCell,KLF1+MAP2K6,5000,2000,263,263,1
39.0535,sym_kldiv,Norman,WitnessCell,KLF1+MAP2K6,5000,2000,263,263,1
0.5636,pearson_distance,Norman,WitnessCell,KLF1+TGFBR2,100,2000,337,337,1
0.0843,mse,Norman,WitnessCell,KLF1+TGFBR2,100,2000,337,337,1
1.3526,edistance,Norman,WitnessCell,KLF1+TGFBR2,100,2000,337,337,1
1.1992,sym_kldiv,Norman,WitnessCell,KLF1+TGFBR2,100,2000,337,337,1
43.066,wasserstein,Norman,WitnessCell,KLF1+TGFBR2,100,2000,337,337,1
0.0,common_degs,Norman,WitnessCell,KLF1+TGFBR2,100,2000,337,337,1
0.3104,pearson_distance,Norman,WitnessCell,KLF1+TGFBR2,5000,2000,337,337,1
0.0032,mse,Norman,WitnessCell,KLF1+TGFBR2,5000,2000,337,337,1
0.7868,edistance,Norman,WitnessCell,KLF1+TGFBR2,5000,2000,337,337,1
39.0211,sym_kldiv,Norman,WitnessCell,KLF1+TGFBR2,5000,2000,337,337,1
0.7503,pearson_distance,Norman,WitnessCell,OSR2+PTPN12,100,2000,339,339,1
0.0251,mse,Norman,WitnessCell,OSR2+PTPN12,100,2000,339,339,1
0.4651,edistance,Norman,WitnessCell,OSR2+PTPN12,100,2000,339,339,1
38.7104,sym_kldiv,Norman,WitnessCell,OSR2+PTPN12,100,2000,339,339,1
34.1494,wasserstein,Norman,WitnessCell,OSR2+PTPN12,100,2000,339,339,1
0.0,common_degs,Norman,WitnessCell,OSR2+PTPN12,100,2000,339,339,1
0.6097,pearson_distance,Norman,WitnessCell,OSR2+PTPN12,5000,2000,339,339,1
0.0025,mse,Norman,WitnessCell,OSR2+PTPN12,5000,2000,339,339,1
0.6214,edistance,Norman,WitnessCell,OSR2+PTPN12,5000,2000,339,339,1
38.7406,sym_kldiv,Norman,WitnessCell,OSR2+PTPN12,5000,2000,339,339,1
0.8962,pearson_distance,Norman,WitnessCell,PTPN12+PTPN9,100,2000,364,364,1
0.0413,mse,Norman,WitnessCell,PTPN12+PTPN9,100,2000,364,364,1
0.6187,edistance,Norman,WitnessCell,PTPN12+PTPN9,100,2000,364,364,1
0.427,sym_kldiv,Norman,WitnessCell,PTPN12+PTPN9,100,2000,364,364,1
49.8212,wasserstein,Norman,WitnessCell,PTPN12+PTPN9,100,2000,364,364,1
0.0,common_degs,Norman,WitnessCell,PTPN12+PTPN9,100,2000,364,364,1
0.7998,pearson_distance,Norman,WitnessCell,PTPN12+PTPN9,5000,2000,364,364,1
0.0019,mse,Norman,WitnessCell,PTPN12+PTPN9,5000,2000,364,364,1
0.5002,edistance,Norman,WitnessCell,PTPN12+PTPN9,5000,2000,364,364,1
39.0005,sym_kldiv,Norman,WitnessCell,PTPN12+PTPN9,5000,2000,364,364,1
0.9279,pearson_distance,Norman,WitnessCell,PTPN12+SAMD1,100,2000,351,351,1
0.0376,mse,Norman,WitnessCell,PTPN12+SAMD1,100,2000,351,351,1
0.6424,edistance,Norman,WitnessCell,PTPN12+SAMD1,100,2000,351,351,1
0.9955,sym_kldiv,Norman,WitnessCell,PTPN12+SAMD1,100,2000,351,351,1
54.9807,wasserstein,Norman,WitnessCell,PTPN12+SAMD1,100,2000,351,351,1
0.0,common_degs,Norman,WitnessCell,PTPN12+SAMD1,100,2000,351,351,1
0.8407,pearson_distance,Norman,WitnessCell,PTPN12+SAMD1,5000,2000,351,351,1
0.002,mse,Norman,WitnessCell,PTPN12+SAMD1,5000,2000,351,351,1
0.63,edistance,Norman,WitnessCell,PTPN12+SAMD1,5000,2000,351,351,1
39.14,sym_kldiv,Norman,WitnessCell,PTPN12+SAMD1,5000,2000,351,351,1
0.6726,pearson_distance,Norman,WitnessCell,PTPN12+SNAI1,100,2000,283,283,1
0.0319,mse,Norman,WitnessCell,PTPN12+SNAI1,100,2000,283,283,1
0.5261,edistance,Norman,WitnessCell,PTPN12+SNAI1,100,2000,283,283,1
39.338,sym_kldiv,Norman,WitnessCell,PTPN12+SNAI1,100,2000,283,283,1
43.0133,wasserstein,Norman,WitnessCell,PTPN12+SNAI1,100,2000,283,283,1
0.0,common_degs,Norman,WitnessCell,PTPN12+SNAI1,100,2000,283,283,1
0.5944,pearson_distance,Norman,WitnessCell,PTPN12+SNAI1,5000,2000,283,283,1
0.0022,mse,Norman,WitnessCell,PTPN12+SNAI1,5000,2000,283,283,1
0.5999,edistance,Norman,WitnessCell,PTPN12+SNAI1,5000,2000,283,283,1
39.3164,sym_kldiv,Norman,WitnessCell,PTPN12+SNAI1,5000,2000,283,283,1
0.7147,pearson_distance,Norman,WitnessCell,PTPN12+UBASH3A,100,2000,311,311,1
0.14,mse,Norman,WitnessCell,PTPN12+UBASH3A,100,2000,311,311,1
1.7662,edistance,Norman,WitnessCell,PTPN12+UBASH3A,100,2000,311,311,1
0.7329,sym_kldiv,Norman,WitnessCell,PTPN12+UBASH3A,100,2000,311,311,1
65.5984,wasserstein,Norman,WitnessCell,PTPN12+UBASH3A,100,2000,311,311,1
0.0,common_degs,Norman,WitnessCell,PTPN12+UBASH3A,100,2000,311,311,1
0.5859,pearson_distance,Norman,WitnessCell,PTPN12+UBASH3A,5000,2000,311,311,1
0.0046,mse,Norman,WitnessCell,PTPN12+UBASH3A,5000,2000,311,311,1
1.0304,edistance,Norman,WitnessCell,PTPN12+UBASH3A,5000,2000,311,311,1
39.2034,sym_kldiv,Norman,WitnessCell,PTPN12+UBASH3A,5000,2000,311,311,1
0.9449,pearson_distance,Norman,WitnessCell,PTPN12+UBASH3B,100,2000,298,298,1
0.056,mse,Norman,WitnessCell,PTPN12+UBASH3B,100,2000,298,298,1
0.8109,edistance,Norman,WitnessCell,PTPN12+UBASH3B,100,2000,298,298,1
0.5849,sym_kldiv,Norman,WitnessCell,PTPN12+UBASH3B,100,2000,298,298,1
54.2233,wasserstein,Norman,WitnessCell,PTPN12+UBASH3B,100,2000,298,298,1
0.0,common_degs,Norman,WitnessCell,PTPN12+UBASH3B,100,2000,298,298,1
0.8286,pearson_distance,Norman,WitnessCell,PTPN12+UBASH3B,5000,2000,298,298,1
0.0021,mse,Norman,WitnessCell,PTPN12+UBASH3B,5000,2000,298,298,1
0.5711,edistance,Norman,WitnessCell,PTPN12+UBASH3B,5000,2000,298,298,1
39.3105,sym_kldiv,Norman,WitnessCell,PTPN12+UBASH3B,5000,2000,298,298,1
0.9233,pearson_distance,Norman,WitnessCell,PTPN12+ZBTB10,100,2000,265,265,1
0.0227,mse,Norman,WitnessCell,PTPN12+ZBTB10,100,2000,265,265,1
0.5176,edistance,Norman,WitnessCell,PTPN12+ZBTB10,100,2000,265,265,1
39.4259,sym_kldiv,Norman,WitnessCell,PTPN12+ZBTB10,100,2000,265,265,1
51.3086,wasserstein,Norman,WitnessCell,PTPN12+ZBTB10,100,2000,265,265,1
0.0,common_degs,Norman,WitnessCell,PTPN12+ZBTB10,100,2000,265,265,1
0.8638,pearson_distance,Norman,WitnessCell,PTPN12+ZBTB10,5000,2000,265,265,1
0.0026,mse,Norman,WitnessCell,PTPN12+ZBTB10,5000,2000,265,265,1
0.9149,edistance,Norman,WitnessCell,PTPN12+ZBTB10,5000,2000,265,265,1
39.5983,sym_kldiv,Norman,WitnessCell,PTPN12+ZBTB10,5000,2000,265,265,1
0.9501,pearson_distance,Norman,WitnessCell,PTPN12+ZBTB25,100,2000,303,303,1
0.0435,mse,Norman,WitnessCell,PTPN12+ZBTB25,100,2000,303,303,1
0.6554,edistance,Norman,WitnessCell,PTPN12+ZBTB25,100,2000,303,303,1
0.5977,sym_kldiv,Norman,WitnessCell,PTPN12+ZBTB25,100,2000,303,303,1
48.7555,wasserstein,Norman,WitnessCell,PTPN12+ZBTB25,100,2000,303,303,1
0.0,common_degs,Norman,WitnessCell,PTPN12+ZBTB25,100,2000,303,303,1
0.828,pearson_distance,Norman,WitnessCell,PTPN12+ZBTB25,5000,2000,303,303,1
0.0021,mse,Norman,WitnessCell,PTPN12+ZBTB25,5000,2000,303,303,1
0.5425,edistance,Norman,WitnessCell,PTPN12+ZBTB25,5000,2000,303,303,1
39.4123,sym_kldiv,Norman,WitnessCell,PTPN12+ZBTB25,5000,2000,303,303,1
0.8125,pearson_distance,Norman,WitnessCell,RHOXF2+SET,100,2000,321,321,1
0.0739,mse,Norman,WitnessCell,RHOXF2+SET,100,2000,321,321,1
1.1112,edistance,Norman,WitnessCell,RHOXF2+SET,100,2000,321,321,1
1.1199,sym_kldiv,Norman,WitnessCell,RHOXF2+SET,100,2000,321,321,1
57.3451,wasserstein,Norman,WitnessCell,RHOXF2+SET,100,2000,321,321,1
0.0,common_degs,Norman,WitnessCell,RHOXF2+SET,100,2000,321,321,1
0.7366,pearson_distance,Norman,WitnessCell,RHOXF2+SET,5000,2000,321,321,1
0.004,mse,Norman,WitnessCell,RHOXF2+SET,5000,2000,321,321,1
1.0812,edistance,Norman,WitnessCell,RHOXF2+SET,5000,2000,321,321,1
39.6338,sym_kldiv,Norman,WitnessCell,RHOXF2+SET,5000,2000,321,321,1
0.9783,pearson_distance,Norman,WitnessCell,BAK1+TMSB4X,100,2000,329,329,1
0.0039,mse,Norman,WitnessCell,BAK1+TMSB4X,100,2000,329,329,1
0.1057,edistance,Norman,WitnessCell,BAK1+TMSB4X,100,2000,329,329,1
41.9832,sym_kldiv,Norman,WitnessCell,BAK1+TMSB4X,100,2000,329,329,1
18.05,wasserstein,Norman,WitnessCell,BAK1+TMSB4X,100,2000,329,329,1
0.0,common_degs,Norman,WitnessCell,BAK1+TMSB4X,100,2000,329,329,1
0.7832,pearson_distance,Norman,WitnessCell,BAK1+TMSB4X,5000,2000,329,329,1
0.0006,mse,Norman,WitnessCell,BAK1+TMSB4X,5000,2000,329,329,1
0.1973,edistance,Norman,WitnessCell,BAK1+TMSB4X,5000,2000,329,329,1
38.9351,sym_kldiv,Norman,WitnessCell,BAK1+TMSB4X,5000,2000,329,329,1
0.9847,pearson_distance,Norman,WitnessCell,BPGM+SAMD1,100,2000,301,301,1
0.006,mse,Norman,WitnessCell,BPGM+SAMD1,100,2000,301,301,1
0.1923,edistance,Norman,WitnessCell,BPGM+SAMD1,100,2000,301,301,1
0.8472,sym_kldiv,Norman,WitnessCell,BPGM+SAMD1,100,2000,301,301,1
46.3906,wasserstein,Norman,WitnessCell,BPGM+SAMD1,100,2000,301,301,1
0.0,common_degs,Norman,WitnessCell,BPGM+SAMD1,100,2000,301,301,1
0.9306,pearson_distance,Norman,WitnessCell,BPGM+SAMD1,5000,2000,301,301,1
0.0009,mse,Norman,WitnessCell,BPGM+SAMD1,5000,2000,301,301,1
0.3388,edistance,Norman,WitnessCell,BPGM+SAMD1,5000,2000,301,301,1
39.092,sym_kldiv,Norman,WitnessCell,BPGM+SAMD1,5000,2000,301,301,1
0.993,pearson_distance,Norman,WitnessCell,CEBPA+CEBPB,100,2000,64,64,1
0.0198,mse,Norman,WitnessCell,CEBPA+CEBPB,100,2000,64,64,1
1.1003,edistance,Norman,WitnessCell,CEBPA+CEBPB,100,2000,64,64,1
45.4102,sym_kldiv,Norman,WitnessCell,CEBPA+CEBPB,100,2000,64,64,1
36.1814,wasserstein,Norman,WitnessCell,CEBPA+CEBPB,100,2000,64,64,1
0.0,common_degs,Norman,WitnessCell,CEBPA+CEBPB,100,2000,64,64,1
0.9207,pearson_distance,Norman,WitnessCell,CEBPA+CEBPB,5000,2000,64,64,1
0.0068,mse,Norman,WitnessCell,CEBPA+CEBPB,5000,2000,64,64,1
2.8347,edistance,Norman,WitnessCell,CEBPA+CEBPB,5000,2000,64,64,1
41.8413,sym_kldiv,Norman,WitnessCell,CEBPA+CEBPB,5000,2000,64,64,1
0.9796,pearson_distance,Norman,WitnessCell,CEBPA+CEBPE,100,2000,180,180,1
0.0231,mse,Norman,WitnessCell,CEBPA+CEBPE,100,2000,180,180,1
1.3347,edistance,Norman,WitnessCell,CEBPA+CEBPE,100,2000,180,180,1
39.5303,sym_kldiv,Norman,WitnessCell,CEBPA+CEBPE,100,2000,180,180,1
83.6749,wasserstein,Norman,WitnessCell,CEBPA+CEBPE,100,2000,180,180,1
0.0,common_degs,Norman,WitnessCell,CEBPA+CEBPE,100,2000,180,180,1
0.9454,pearson_distance,Norman,WitnessCell,CEBPA+CEBPE,5000,2000,180,180,1
0.0024,mse,Norman,WitnessCell,CEBPA+CEBPE,5000,2000,180,180,1
1.5574,edistance,Norman,WitnessCell,CEBPA+CEBPE,5000,2000,180,180,1
40.5642,sym_kldiv,Norman,WitnessCell,CEBPA+CEBPE,5000,2000,180,180,1
0.987,pearson_distance,Norman,WitnessCell,CEBPA+JUN,100,2000,54,54,1
0.0288,mse,Norman,WitnessCell,CEBPA+JUN,100,2000,54,54,1
1.2227,edistance,Norman,WitnessCell,CEBPA+JUN,100,2000,54,54,1
45.6076,sym_kldiv,Norman,WitnessCell,CEBPA+JUN,100,2000,54,54,1
35.8143,wasserstein,Norman,WitnessCell,CEBPA+JUN,100,2000,54,54,1
0.0,common_degs,Norman,WitnessCell,CEBPA+JUN,100,2000,54,54,1
0.9101,pearson_distance,Norman,WitnessCell,CEBPA+JUN,5000,2000,54,54,1
0.0054,mse,Norman,WitnessCell,CEBPA+JUN,5000,2000,54,54,1
2.5744,edistance,Norman,WitnessCell,CEBPA+JUN,5000,2000,54,54,1
42.1483,sym_kldiv,Norman,WitnessCell,CEBPA+JUN,5000,2000,54,54,1
0.9525,pearson_distance,Norman,WitnessCell,CEBPB+CEBPE,100,2000,114,114,1
0.0521,mse,Norman,WitnessCell,CEBPB+CEBPE,100,2000,114,114,1
1.2747,edistance,Norman,WitnessCell,CEBPB+CEBPE,100,2000,114,114,1
42.3692,sym_kldiv,Norman,WitnessCell,CEBPB+CEBPE,100,2000,114,114,1
68.9426,wasserstein,Norman,WitnessCell,CEBPB+CEBPE,100,2000,114,114,1
0.0,common_degs,Norman,WitnessCell,CEBPB+CEBPE,100,2000,114,114,1
0.8692,pearson_distance,Norman,WitnessCell,CEBPB+CEBPE,5000,2000,114,114,1
0.0035,mse,Norman,WitnessCell,CEBPB+CEBPE,5000,2000,114,114,1
1.3795,edistance,Norman,WitnessCell,CEBPB+CEBPE,5000,2000,114,114,1
40.6812,sym_kldiv,Norman,WitnessCell,CEBPB+CEBPE,5000,2000,114,114,1
0.9075,pearson_distance,Norman,WitnessCell,CEBPB+LYL1,100,2000,192,192,1
0.0266,mse,Norman,WitnessCell,CEBPB+LYL1,100,2000,192,192,1
0.5818,edistance,Norman,WitnessCell,CEBPB+LYL1,100,2000,192,192,1
41.0517,sym_kldiv,Norman,WitnessCell,CEBPB+LYL1,100,2000,192,192,1
42.1966,wasserstein,Norman,WitnessCell,CEBPB+LYL1,100,2000,192,192,1
0.0,common_degs,Norman,WitnessCell,CEBPB+LYL1,100,2000,192,192,1
0.8238,pearson_distance,Norman,WitnessCell,CEBPB+LYL1,5000,2000,192,192,1
0.0024,mse,Norman,WitnessCell,CEBPB+LYL1,5000,2000,192,192,1
0.7184,edistance,Norman,WitnessCell,CEBPB+LYL1,5000,2000,192,192,1
39.4947,sym_kldiv,Norman,WitnessCell,CEBPB+LYL1,5000,2000,192,192,1
0.9392,pearson_distance,Norman,WitnessCell,CEBPE+FOSB,100,2000,151,151,1
0.153,mse,Norman,WitnessCell,CEBPE+FOSB,100,2000,151,151,1
1.8761,edistance,Norman,WitnessCell,CEBPE+FOSB,100,2000,151,151,1
39.4888,sym_kldiv,Norman,WitnessCell,CEBPE+FOSB,100,2000,151,151,1
81.4316,wasserstein,Norman,WitnessCell,CEBPE+FOSB,100,2000,151,151,1
0.0,common_degs,Norman,WitnessCell,CEBPE+FOSB,100,2000,151,151,1
0.8487,pearson_distance,Norman,WitnessCell,CEBPE+FOSB,5000,2000,151,151,1
0.0061,mse,Norman,WitnessCell,CEBPE+FOSB,5000,2000,151,151,1
1.525,edistance,Norman,WitnessCell,CEBPE+FOSB,5000,2000,151,151,1
40.2825,sym_kldiv,Norman,WitnessCell,CEBPE+FOSB,5000,2000,151,151,1
0.8957,pearson_distance,Norman,WitnessCell,CEBPE+SPI1,100,2000,179,179,1
0.2238,mse,Norman,WitnessCell,CEBPE+SPI1,100,2000,179,179,1
2.8135,edistance,Norman,WitnessCell,CEBPE+SPI1,100,2000,179,179,1
41.1306,sym_kldiv,Norman,WitnessCell,CEBPE+SPI1,100,2000,179,179,1
88.2114,wasserstein,Norman,WitnessCell,CEBPE+SPI1,100,2000,179,179,1
0.0,common_degs,Norman,WitnessCell,CEBPE+SPI1,100,2000,179,179,1
0.7851,pearson_distance,Norman,WitnessCell,CEBPE+SPI1,5000,2000,179,179,1
0.0101,mse,Norman,WitnessCell,CEBPE+SPI1,5000,2000,179,179,1
2.4687,edistance,Norman,WitnessCell,CEBPE+SPI1,5000,2000,179,179,1
40.4891,sym_kldiv,Norman,WitnessCell,CEBPE+SPI1,5000,2000,179,179,1
0.9295,pearson_distance,Norman,WitnessCell,DUSP9+IGDCC3,100,2000,382,382,1
0.0662,mse,Norman,WitnessCell,DUSP9+IGDCC3,100,2000,382,382,1
0.9979,edistance,Norman,WitnessCell,DUSP9+IGDCC3,100,2000,382,382,1
0.9864,sym_kldiv,Norman,WitnessCell,DUSP9+IGDCC3,100,2000,382,382,1
55.0846,wasserstein,Norman,WitnessCell,DUSP9+IGDCC3,100,2000,382,382,1
0.0,common_degs,Norman,WitnessCell,DUSP9+IGDCC3,100,2000,382,382,1
0.8181,pearson_distance,Norman,WitnessCell,DUSP9+IGDCC3,5000,2000,382,382,1
0.0028,mse,Norman,WitnessCell,DUSP9+IGDCC3,5000,2000,382,382,1
0.7598,edistance,Norman,WitnessCell,DUSP9+IGDCC3,5000,2000,382,382,1
39.1715,sym_kldiv,Norman,WitnessCell,DUSP9+IGDCC3,5000,2000,382,382,1
0.9395,pearson_distance,Norman,WitnessCell,DUSP9+PRTG,100,2000,297,297,1
0.0705,mse,Norman,WitnessCell,DUSP9+PRTG,100,2000,297,297,1
1.0606,edistance,Norman,WitnessCell,DUSP9+PRTG,100,2000,297,297,1
1.4364,sym_kldiv,Norman,WitnessCell,DUSP9+PRTG,100,2000,297,297,1
54.0674,wasserstein,Norman,WitnessCell,DUSP9+PRTG,100,2000,297,297,1
0.0,common_degs,Norman,WitnessCell,DUSP9+PRTG,100,2000,297,297,1
0.8313,pearson_distance,Norman,WitnessCell,DUSP9+PRTG,5000,2000,297,297,1
0.0029,mse,Norman,WitnessCell,DUSP9+PRTG,5000,2000,297,297,1
0.7913,edistance,Norman,WitnessCell,DUSP9+PRTG,5000,2000,297,297,1
39.4238,sym_kldiv,Norman,WitnessCell,DUSP9+PRTG,5000,2000,297,297,1
0.9809,pearson_distance,Norman,WitnessCell,FOXA1+FOXA3,100,2000,216,216,1
0.0065,mse,Norman,WitnessCell,FOXA1+FOXA3,100,2000,216,216,1
0.2085,edistance,Norman,WitnessCell,FOXA1+FOXA3,100,2000,216,216,1
4.5982,sym_kldiv,Norman,WitnessCell,FOXA1+FOXA3,100,2000,216,216,1
47.2595,wasserstein,Norman,WitnessCell,FOXA1+FOXA3,100,2000,216,216,1
0.0,common_degs,Norman,WitnessCell,FOXA1+FOXA3,100,2000,216,216,1
0.9183,pearson_distance,Norman,WitnessCell,FOXA1+FOXA3,5000,2000,216,216,1
0.001,mse,Norman,WitnessCell,FOXA1+FOXA3,5000,2000,216,216,1
0.472,edistance,Norman,WitnessCell,FOXA1+FOXA3,5000,2000,216,216,1
39.997,sym_kldiv,Norman,WitnessCell,FOXA1+FOXA3,5000,2000,216,216,1
0.9546,pearson_distance,Norman,WitnessCell,FOXL2+ZNF318,100,2000,246,246,1
0.0063,mse,Norman,WitnessCell,FOXL2+ZNF318,100,2000,246,246,1
0.186,edistance,Norman,WitnessCell,FOXL2+ZNF318,100,2000,246,246,1
38.0126,sym_kldiv,Norman,WitnessCell,FOXL2+ZNF318,100,2000,246,246,1
41.2264,wasserstein,Norman,WitnessCell,FOXL2+ZNF318,100,2000,246,246,1
0.0,common_degs,Norman,WitnessCell,FOXL2+ZNF318,100,2000,246,246,1
0.8623,pearson_distance,Norman,WitnessCell,FOXL2+ZNF318,5000,2000,246,246,1
0.0011,mse,Norman,WitnessCell,FOXL2+ZNF318,5000,2000,246,246,1
0.3755,edistance,Norman,WitnessCell,FOXL2+ZNF318,5000,2000,246,246,1
39.094,sym_kldiv,Norman,WitnessCell,FOXL2+ZNF318,5000,2000,246,246,1
0.983,pearson_distance,Norman,WitnessCell,IKZF3+MAPK1,100,2000,302,302,1
0.008,mse,Norman,WitnessCell,IKZF3+MAPK1,100,2000,302,302,1
0.2946,edistance,Norman,WitnessCell,IKZF3+MAPK1,100,2000,302,302,1
0.5292,sym_kldiv,Norman,WitnessCell,IKZF3+MAPK1,100,2000,302,302,1
52.4661,wasserstein,Norman,WitnessCell,IKZF3+MAPK1,100,2000,302,302,1
0.0,common_degs,Norman,WitnessCell,IKZF3+MAPK1,100,2000,302,302,1
0.9337,pearson_distance,Norman,WitnessCell,IKZF3+MAPK1,5000,2000,302,302,1
0.0011,mse,Norman,WitnessCell,IKZF3+MAPK1,5000,2000,302,302,1
0.4396,edistance,Norman,WitnessCell,IKZF3+MAPK1,5000,2000,302,302,1
39.3996,sym_kldiv,Norman,WitnessCell,IKZF3+MAPK1,5000,2000,302,302,1
0.9267,pearson_distance,Norman,WitnessCell,MAPK1+PRTG,100,2000,500,500,1
0.0111,mse,Norman,WitnessCell,MAPK1+PRTG,100,2000,500,500,1
0.2307,edistance,Norman,WitnessCell,MAPK1+PRTG,100,2000,500,500,1
1.1501,sym_kldiv,Norman,WitnessCell,MAPK1+PRTG,100,2000,500,500,1
35.817,wasserstein,Norman,WitnessCell,MAPK1+PRTG,100,2000,500,500,1
0.0,common_degs,Norman,WitnessCell,MAPK1+PRTG,100,2000,500,500,1
0.8402,pearson_distance,Norman,WitnessCell,MAPK1+PRTG,5000,2000,500,500,1
0.0012,mse,Norman,WitnessCell,MAPK1+PRTG,5000,2000,500,500,1
0.3112,edistance,Norman,WitnessCell,MAPK1+PRTG,5000,2000,500,500,1
38.6094,sym_kldiv,Norman,WitnessCell,MAPK1+PRTG,5000,2000,500,500,1
0.9727,pearson_distance,Norman,WitnessCell,UBASH3A+UBASH3B,100,2000,554,554,1
0.0039,mse,Norman,WitnessCell,UBASH3A+UBASH3B,100,2000,554,554,1
0.0864,edistance,Norman,WitnessCell,UBASH3A+UBASH3B,100,2000,554,554,1
0.139,sym_kldiv,Norman,WitnessCell,UBASH3A+UBASH3B,100,2000,554,554,1
42.9231,wasserstein,Norman,WitnessCell,UBASH3A+UBASH3B,100,2000,554,554,1
0.0,common_degs,Norman,WitnessCell,UBASH3A+UBASH3B,100,2000,554,554,1
0.8828,pearson_distance,Norman,WitnessCell,UBASH3A+UBASH3B,5000,2000,554,554,1
0.0005,mse,Norman,WitnessCell,UBASH3A+UBASH3B,5000,2000,554,554,1
0.1467,edistance,Norman,WitnessCell,UBASH3A+UBASH3B,5000,2000,554,554,1
38.334,sym_kldiv,Norman,WitnessCell,UBASH3A+UBASH3B,5000,2000,554,554,1
0.9874,pearson_distance,Norman,WitnessCell,UBASH3B+ZBTB25,100,2000,255,255,1
0.011,mse,Norman,WitnessCell,UBASH3B+ZBTB25,100,2000,255,255,1
0.223,edistance,Norman,WitnessCell,UBASH3B+ZBTB25,100,2000,255,255,1
0.2995,sym_kldiv,Norman,WitnessCell,UBASH3B+ZBTB25,100,2000,255,255,1
46.7882,wasserstein,Norman,WitnessCell,UBASH3B+ZBTB25,100,2000,255,255,1
0.0,common_degs,Norman,WitnessCell,UBASH3B+ZBTB25,100,2000,255,255,1
0.9165,pearson_distance,Norman,WitnessCell,UBASH3B+ZBTB25,5000,2000,255,255,1
0.0009,mse,Norman,WitnessCell,UBASH3B+ZBTB25,5000,2000,255,255,1
0.3207,edistance,Norman,WitnessCell,UBASH3B+ZBTB25,5000,2000,255,255,1
39.3926,sym_kldiv,Norman,WitnessCell,UBASH3B+ZBTB25,5000,2000,255,255,1
0.8326,pearson_distance,Norman,WitnessCell,ARID1A,100,2000,232,232,1
0.0816,mse,Norman,WitnessCell,ARID1A,100,2000,232,232,1
1.0757,edistance,Norman,WitnessCell,ARID1A,100,2000,232,232,1
43.2477,sym_kldiv,Norman,WitnessCell,ARID1A,100,2000,232,232,1
59.6173,wasserstein,Norman,WitnessCell,ARID1A,100,2000,232,232,1
0.01,common_degs,Norman,WitnessCell,ARID1A,100,2000,232,232,1
0.661,pearson_distance,Norman,WitnessCell,ARID1A,5000,2000,232,232,1
0.0035,mse,Norman,WitnessCell,ARID1A,5000,2000,232,232,1
0.8538,edistance,Norman,WitnessCell,ARID1A,5000,2000,232,232,1
40.018,sym_kldiv,Norman,WitnessCell,ARID1A,5000,2000,232,232,1
0.323,pearson_distance,Norman,WitnessCell,BCL2L11,100,2000,582,582,1
0.0032,mse,Norman,WitnessCell,BCL2L11,100,2000,582,582,1
0.1001,edistance,Norman,WitnessCell,BCL2L11,100,2000,582,582,1
40.6444,sym_kldiv,Norman,WitnessCell,BCL2L11,100,2000,582,582,1
10.6736,wasserstein,Norman,WitnessCell,BCL2L11,100,2000,582,582,1
0.0,common_degs,Norman,WitnessCell,BCL2L11,100,2000,582,582,1
0.1241,pearson_distance,Norman,WitnessCell,BCL2L11,5000,2000,582,582,1
0.001,mse,Norman,WitnessCell,BCL2L11,5000,2000,582,582,1
0.2664,edistance,Norman,WitnessCell,BCL2L11,5000,2000,582,582,1
38.2162,sym_kldiv,Norman,WitnessCell,BCL2L11,5000,2000,582,582,1
0.3841,pearson_distance,Norman,WitnessCell,BCORL1,100,2000,533,533,1
0.0164,mse,Norman,WitnessCell,BCORL1,100,2000,533,533,1
0.3149,edistance,Norman,WitnessCell,BCORL1,100,2000,533,533,1
40.5715,sym_kldiv,Norman,WitnessCell,BCORL1,100,2000,533,533,1
26.5786,wasserstein,Norman,WitnessCell,BCORL1,100,2000,533,533,1
0.0,common_degs,Norman,WitnessCell,BCORL1,100,2000,533,533,1
0.3517,pearson_distance,Norman,WitnessCell,BCORL1,5000,2000,533,533,1
0.001,mse,Norman,WitnessCell,BCORL1,5000,2000,533,533,1
0.2813,edistance,Norman,WitnessCell,BCORL1,5000,2000,533,533,1
38.469,sym_kldiv,Norman,WitnessCell,BCORL1,5000,2000,533,533,1
0.6252,pearson_distance,Norman,WitnessCell,CBL,100,2000,663,663,1
0.0276,mse,Norman,WitnessCell,CBL,100,2000,663,663,1
0.4176,edistance,Norman,WitnessCell,CBL,100,2000,663,663,1
0.574,sym_kldiv,Norman,WitnessCell,CBL,100,2000,663,663,1
44.3182,wasserstein,Norman,WitnessCell,CBL,100,2000,663,663,1
0.0,common_degs,Norman,WitnessCell,CBL,100,2000,663,663,1
0.5382,pearson_distance,Norman,WitnessCell,CBL,5000,2000,663,663,1
0.0011,mse,Norman,WitnessCell,CBL,5000,2000,663,663,1
0.2713,edistance,Norman,WitnessCell,CBL,5000,2000,663,663,1
38.2214,sym_kldiv,Norman,WitnessCell,CBL,5000,2000,663,663,1
0.9085,pearson_distance,Norman,WitnessCell,CDKN1B,100,2000,550,550,1
0.0223,mse,Norman,WitnessCell,CDKN1B,100,2000,550,550,1
0.361,edistance,Norman,WitnessCell,CDKN1B,100,2000,550,550,1
0.6188,sym_kldiv,Norman,WitnessCell,CDKN1B,100,2000,550,550,1
50.8401,wasserstein,Norman,WitnessCell,CDKN1B,100,2000,550,550,1
0.0,common_degs,Norman,WitnessCell,CDKN1B,100,2000,550,550,1
0.757,pearson_distance,Norman,WitnessCell,CDKN1B,5000,2000,550,550,1
0.001,mse,Norman,WitnessCell,CDKN1B,5000,2000,550,550,1
0.2572,edistance,Norman,WitnessCell,CDKN1B,5000,2000,550,550,1
38.2645,sym_kldiv,Norman,WitnessCell,CDKN1B,5000,2000,550,550,1
0.8824,pearson_distance,Norman,WitnessCell,CDKN1C,100,2000,230,230,1
0.0356,mse,Norman,WitnessCell,CDKN1C,100,2000,230,230,1
0.5418,edistance,Norman,WitnessCell,CDKN1C,100,2000,230,230,1
38.4562,sym_kldiv,Norman,WitnessCell,CDKN1C,100,2000,230,230,1
51.66,wasserstein,Norman,WitnessCell,CDKN1C,100,2000,230,230,1
0.0,common_degs,Norman,WitnessCell,CDKN1C,100,2000,230,230,1
0.6764,pearson_distance,Norman,WitnessCell,CDKN1C,5000,2000,230,230,1
0.0018,mse,Norman,WitnessCell,CDKN1C,5000,2000,230,230,1
0.4919,edistance,Norman,WitnessCell,CDKN1C,5000,2000,230,230,1
39.0049,sym_kldiv,Norman,WitnessCell,CDKN1C,5000,2000,230,230,1
0.4125,pearson_distance,Norman,WitnessCell,CELF2,100,2000,475,475,1
0.0305,mse,Norman,WitnessCell,CELF2,100,2000,475,475,1
0.4753,edistance,Norman,WitnessCell,CELF2,100,2000,475,475,1
0.7527,sym_kldiv,Norman,WitnessCell,CELF2,100,2000,475,475,1
39.5808,wasserstein,Norman,WitnessCell,CELF2,100,2000,475,475,1
0.0,common_degs,Norman,WitnessCell,CELF2,100,2000,475,475,1
0.3704,pearson_distance,Norman,WitnessCell,CELF2,5000,2000,475,475,1
0.0013,mse,Norman,WitnessCell,CELF2,5000,2000,475,475,1
0.3344,edistance,Norman,WitnessCell,CELF2,5000,2000,475,475,1
38.5258,sym_kldiv,Norman,WitnessCell,CELF2,5000,2000,475,475,1
0.7801,pearson_distance,Norman,WitnessCell,CKS1B,100,2000,241,241,1
0.0607,mse,Norman,WitnessCell,CKS1B,100,2000,241,241,1
0.9542,edistance,Norman,WitnessCell,CKS1B,100,2000,241,241,1
40.6783,sym_kldiv,Norman,WitnessCell,CKS1B,100,2000,241,241,1
42.3048,wasserstein,Norman,WitnessCell,CKS1B,100,2000,241,241,1
0.0,common_degs,Norman,WitnessCell,CKS1B,100,2000,241,241,1
0.5279,pearson_distance,Norman,WitnessCell,CKS1B,5000,2000,241,241,1
0.0024,mse,Norman,WitnessCell,CKS1B,5000,2000,241,241,1
0.6071,edistance,Norman,WitnessCell,CKS1B,5000,2000,241,241,1
39.2182,sym_kldiv,Norman,WitnessCell,CKS1B,5000,2000,241,241,1
0.5509,pearson_distance,Norman,WitnessCell,CNN1,100,2000,765,765,1
0.0764,mse,Norman,WitnessCell,CNN1,100,2000,765,765,1
1.0857,edistance,Norman,WitnessCell,CNN1,100,2000,765,765,1
0.6088,sym_kldiv,Norman,WitnessCell,CNN1,100,2000,765,765,1
48.974,wasserstein,Norman,WitnessCell,CNN1,100,2000,765,765,1
0.0,common_degs,Norman,WitnessCell,CNN1,100,2000,765,765,1
0.3977,pearson_distance,Norman,WitnessCell,CNN1,5000,2000,765,765,1
0.0024,mse,Norman,WitnessCell,CNN1,5000,2000,765,765,1
0.5234,edistance,Norman,WitnessCell,CNN1,5000,2000,765,765,1
38.1317,sym_kldiv,Norman,WitnessCell,CNN1,5000,2000,765,765,1
0.3346,pearson_distance,Norman,WitnessCell,DLX2,100,2000,732,732,1
0.0505,mse,Norman,WitnessCell,DLX2,100,2000,732,732,1
0.7403,edistance,Norman,WitnessCell,DLX2,100,2000,732,732,1
0.7956,sym_kldiv,Norman,WitnessCell,DLX2,100,2000,732,732,1
46.5527,wasserstein,Norman,WitnessCell,DLX2,100,2000,732,732,1
0.0,common_degs,Norman,WitnessCell,DLX2,100,2000,732,732,1
0.4976,pearson_distance,Norman,WitnessCell,DLX2,5000,2000,732,732,1
0.0016,mse,Norman,WitnessCell,DLX2,5000,2000,732,732,1
0.377,edistance,Norman,WitnessCell,DLX2,5000,2000,732,732,1
38.3247,sym_kldiv,Norman,WitnessCell,DLX2,5000,2000,732,732,1
0.0898,pearson_distance,Norman,WitnessCell,ETS2,100,2000,1201,1201,1
0.0775,mse,Norman,WitnessCell,ETS2,100,2000,1201,1201,1
1.1478,edistance,Norman,WitnessCell,ETS2,100,2000,1201,1201,1
0.6418,sym_kldiv,Norman,WitnessCell,ETS2,100,2000,1201,1201,1
44.9191,wasserstein,Norman,WitnessCell,ETS2,100,2000,1201,1201,1
0.0,common_degs,Norman,WitnessCell,ETS2,100,2000,1201,1201,1
0.2619,pearson_distance,Norman,WitnessCell,ETS2,5000,2000,1201,1201,1
0.0024,mse,Norman,WitnessCell,ETS2,5000,2000,1201,1201,1
0.5308,edistance,Norman,WitnessCell,ETS2,5000,2000,1201,1201,1
37.7592,sym_kldiv,Norman,WitnessCell,ETS2,5000,2000,1201,1201,1
0.4394,pearson_distance,Norman,WitnessCell,FEV,100,2000,704,704,1
0.1498,mse,Norman,WitnessCell,FEV,100,2000,704,704,1
2.158,edistance,Norman,WitnessCell,FEV,100,2000,704,704,1
1.164,sym_kldiv,Norman,WitnessCell,FEV,100,2000,704,704,1
53.045,wasserstein,Norman,WitnessCell,FEV,100,2000,704,704,1
0.0,common_degs,Norman,WitnessCell,FEV,100,2000,704,704,1
0.2573,pearson_distance,Norman,WitnessCell,FEV,5000,2000,704,704,1
0.0051,mse,Norman,WitnessCell,FEV,5000,2000,704,704,1
1.1074,edistance,Norman,WitnessCell,FEV,5000,2000,704,704,1
38.5404,sym_kldiv,Norman,WitnessCell,FEV,5000,2000,704,704,1
0.6718,pearson_distance,Norman,WitnessCell,HES7,100,2000,126,126,1
0.176,mse,Norman,WitnessCell,HES7,100,2000,126,126,1
2.2354,edistance,Norman,WitnessCell,HES7,100,2000,126,126,1
43.1584,sym_kldiv,Norman,WitnessCell,HES7,100,2000,126,126,1
68.3651,wasserstein,Norman,WitnessCell,HES7,100,2000,126,126,1
0.0,common_degs,Norman,WitnessCell,HES7,100,2000,126,126,1
0.4863,pearson_distance,Norman,WitnessCell,HES7,5000,2000,126,126,1
0.0085,mse,Norman,WitnessCell,HES7,5000,2000,126,126,1
2.1146,edistance,Norman,WitnessCell,HES7,5000,2000,126,126,1
40.461,sym_kldiv,Norman,WitnessCell,HES7,5000,2000,126,126,1
0.2335,pearson_distance,Norman,WitnessCell,KLF1,100,2000,1960,1960,1
0.1006,mse,Norman,WitnessCell,KLF1,100,2000,1960,1960,1
1.5806,edistance,Norman,WitnessCell,KLF1,100,2000,1960,1960,1
0.9652,sym_kldiv,Norman,WitnessCell,KLF1,100,2000,1960,1960,1
43.526,wasserstein,Norman,WitnessCell,KLF1,100,2000,1960,1960,1
0.0,common_degs,Norman,WitnessCell,KLF1,100,2000,1960,1960,1
-0.0093,pearson_distance,Norman,WitnessCell,KLF1,5000,2000,1960,1960,1
0.0035,mse,Norman,WitnessCell,KLF1,5000,2000,1960,1960,1
0.8088,edistance,Norman,WitnessCell,KLF1,5000,2000,1960,1960,1
37.2175,sym_kldiv,Norman,WitnessCell,KLF1,5000,2000,1960,1960,1
0.6685,pearson_distance,Norman,WitnessCell,NIT1,100,2000,192,192,1
0.0748,mse,Norman,WitnessCell,NIT1,100,2000,192,192,1
1.0766,edistance,Norman,WitnessCell,NIT1,100,2000,192,192,1
39.277,sym_kldiv,Norman,WitnessCell,NIT1,100,2000,192,192,1
50.2265,wasserstein,Norman,WitnessCell,NIT1,100,2000,192,192,1
0.0,common_degs,Norman,WitnessCell,NIT1,100,2000,192,192,1
0.5124,pearson_distance,Norman,WitnessCell,NIT1,5000,2000,192,192,1
0.0038,mse,Norman,WitnessCell,NIT1,5000,2000,192,192,1
0.9716,edistance,Norman,WitnessCell,NIT1,5000,2000,192,192,1
39.7046,sym_kldiv,Norman,WitnessCell,NIT1,5000,2000,192,192,1
0.6487,pearson_distance,Norman,WitnessCell,PTPN12,100,2000,445,445,1
0.031,mse,Norman,WitnessCell,PTPN12,100,2000,445,445,1
0.4827,edistance,Norman,WitnessCell,PTPN12,100,2000,445,445,1
38.6291,sym_kldiv,Norman,WitnessCell,PTPN12,100,2000,445,445,1
41.2452,wasserstein,Norman,WitnessCell,PTPN12,100,2000,445,445,1
0.0,common_degs,Norman,WitnessCell,PTPN12,100,2000,445,445,1
0.4691,pearson_distance,Norman,WitnessCell,PTPN12,5000,2000,445,445,1
0.0014,mse,Norman,WitnessCell,PTPN12,5000,2000,445,445,1
0.3585,edistance,Norman,WitnessCell,PTPN12,5000,2000,445,445,1
38.6617,sym_kldiv,Norman,WitnessCell,PTPN12,5000,2000,445,445,1
0.6888,pearson_distance,Norman,WitnessCell,PTPN13,100,2000,270,270,1
0.036,mse,Norman,WitnessCell,PTPN13,100,2000,270,270,1
0.5956,edistance,Norman,WitnessCell,PTPN13,100,2000,270,270,1
42.1596,sym_kldiv,Norman,WitnessCell,PTPN13,100,2000,270,270,1
37.6269,wasserstein,Norman,WitnessCell,PTPN13,100,2000,270,270,1
0.0,common_degs,Norman,WitnessCell,PTPN13,100,2000,270,270,1
0.5071,pearson_distance,Norman,WitnessCell,PTPN13,5000,2000,270,270,1
0.0015,mse,Norman,WitnessCell,PTPN13,5000,2000,270,270,1
0.426,edistance,Norman,WitnessCell,PTPN13,5000,2000,270,270,1
39.293,sym_kldiv,Norman,WitnessCell,PTPN13,5000,2000,270,270,1
0.6694,pearson_distance,Norman,WitnessCell,RREB1,100,2000,331,331,1
0.0249,mse,Norman,WitnessCell,RREB1,100,2000,331,331,1
0.4007,edistance,Norman,WitnessCell,RREB1,100,2000,331,331,1
37.9137,sym_kldiv,Norman,WitnessCell,RREB1,100,2000,331,331,1
42.3308,wasserstein,Norman,WitnessCell,RREB1,100,2000,331,331,1
0.0,common_degs,Norman,WitnessCell,RREB1,100,2000,331,331,1
0.5607,pearson_distance,Norman,WitnessCell,RREB1,5000,2000,331,331,1
0.0012,mse,Norman,WitnessCell,RREB1,5000,2000,331,331,1
0.3449,edistance,Norman,WitnessCell,RREB1,5000,2000,331,331,1
38.9887,sym_kldiv,Norman,WitnessCell,RREB1,5000,2000,331,331,1
0.0191,pearson_distance,Norman,WitnessCell,RUNX1T1,100,2000,779,779,1
0.0141,mse,Norman,WitnessCell,RUNX1T1,100,2000,779,779,1
0.2662,edistance,Norman,WitnessCell,RUNX1T1,100,2000,779,779,1
37.6163,sym_kldiv,Norman,WitnessCell,RUNX1T1,100,2000,779,779,1
28.6242,wasserstein,Norman,WitnessCell,RUNX1T1,100,2000,779,779,1
0.0,common_degs,Norman,WitnessCell,RUNX1T1,100,2000,779,779,1
0.2948,pearson_distance,Norman,WitnessCell,RUNX1T1,5000,2000,779,779,1
0.0009,mse,Norman,WitnessCell,RUNX1T1,5000,2000,779,779,1
0.2263,edistance,Norman,WitnessCell,RUNX1T1,5000,2000,779,779,1
38.0481,sym_kldiv,Norman,WitnessCell,RUNX1T1,5000,2000,779,779,1
0.6031,pearson_distance,Norman,WitnessCell,SET,100,2000,986,986,1
0.1051,mse,Norman,WitnessCell,SET,100,2000,986,986,1
1.455,edistance,Norman,WitnessCell,SET,100,2000,986,986,1
1.3968,sym_kldiv,Norman,WitnessCell,SET,100,2000,986,986,1
53.7139,wasserstein,Norman,WitnessCell,SET,100,2000,986,986,1
0.0,common_degs,Norman,WitnessCell,SET,100,2000,986,986,1
0.477,pearson_distance,Norman,WitnessCell,SET,5000,2000,986,986,1
0.0038,mse,Norman,WitnessCell,SET,5000,2000,986,986,1
0.7802,edistance,Norman,WitnessCell,SET,5000,2000,986,986,1
38.4886,sym_kldiv,Norman,WitnessCell,SET,5000,2000,986,986,1
0.7542,pearson_distance,Norman,WitnessCell,CBL+CNN1,100,2000,348,348,1
0.2322,mse,Norman,WitnessCell,CBL+CNN1,100,2000,348,348,1
2.7833,edistance,Norman,WitnessCell,CBL+CNN1,100,2000,348,348,1
1.1709,sym_kldiv,Norman,WitnessCell,CBL+CNN1,100,2000,348,348,1
78.4928,wasserstein,Norman,WitnessCell,CBL+CNN1,100,2000,348,348,1
0.0,common_degs,Norman,WitnessCell,CBL+CNN1,100,2000,348,348,1
0.5938,pearson_distance,Norman,WitnessCell,CBL+CNN1,5000,2000,348,348,1
0.0069,mse,Norman,WitnessCell,CBL+CNN1,5000,2000,348,348,1
1.4586,edistance,Norman,WitnessCell,CBL+CNN1,5000,2000,348,348,1
39.1608,sym_kldiv,Norman,WitnessCell,CBL+CNN1,5000,2000,348,348,1
0.7007,pearson_distance,Norman,WitnessCell,CBL+PTPN12,100,2000,335,335,1
0.1194,mse,Norman,WitnessCell,CBL+PTPN12,100,2000,335,335,1
1.5854,edistance,Norman,WitnessCell,CBL+PTPN12,100,2000,335,335,1
0.712,sym_kldiv,Norman,WitnessCell,CBL+PTPN12,100,2000,335,335,1
58.0893,wasserstein,Norman,WitnessCell,CBL+PTPN12,100,2000,335,335,1
0.0,common_degs,Norman,WitnessCell,CBL+PTPN12,100,2000,335,335,1
0.5407,pearson_distance,Norman,WitnessCell,CBL+PTPN12,5000,2000,335,335,1
0.0044,mse,Norman,WitnessCell,CBL+PTPN12,5000,2000,335,335,1
0.975,edistance,Norman,WitnessCell,CBL+PTPN12,5000,2000,335,335,1
39.1407,sym_kldiv,Norman,WitnessCell,CBL+PTPN12,5000,2000,335,335,1
0.8926,pearson_distance,Norman,WitnessCell,CDKN1B+CDKN1C,100,2000,107,107,1
0.0337,mse,Norman,WitnessCell,CDKN1B+CDKN1C,100,2000,107,107,1
0.6213,edistance,Norman,WitnessCell,CDKN1B+CDKN1C,100,2000,107,107,1
42.5121,sym_kldiv,Norman,WitnessCell,CDKN1B+CDKN1C,100,2000,107,107,1
44.2543,wasserstein,Norman,WitnessCell,CDKN1B+CDKN1C,100,2000,107,107,1
0.0,common_degs,Norman,WitnessCell,CDKN1B+CDKN1C,100,2000,107,107,1
0.7115,pearson_distance,Norman,WitnessCell,CDKN1B+CDKN1C,5000,2000,107,107,1
0.0025,mse,Norman,WitnessCell,CDKN1B+CDKN1C,5000,2000,107,107,1
0.7616,edistance,Norman,WitnessCell,CDKN1B+CDKN1C,5000,2000,107,107,1
39.7784,sym_kldiv,Norman,WitnessCell,CDKN1B+CDKN1C,5000,2000,107,107,1
0.7585,pearson_distance,Norman,WitnessCell,CNN1+ETS2,100,2000,905,905,1
0.029,mse,Norman,WitnessCell,CNN1+ETS2,100,2000,905,905,1
0.4528,edistance,Norman,WitnessCell,CNN1+ETS2,100,2000,905,905,1
0.4629,sym_kldiv,Norman,WitnessCell,CNN1+ETS2,100,2000,905,905,1
47.0174,wasserstein,Norman,WitnessCell,CNN1+ETS2,100,2000,905,905,1
0.0,common_degs,Norman,WitnessCell,CNN1+ETS2,100,2000,905,905,1
0.625,pearson_distance,Norman,WitnessCell,CNN1+ETS2,5000,2000,905,905,1
0.0019,mse,Norman,WitnessCell,CNN1+ETS2,5000,2000,905,905,1
0.4376,edistance,Norman,WitnessCell,CNN1+ETS2,5000,2000,905,905,1
37.9814,sym_kldiv,Norman,WitnessCell,CNN1+ETS2,5000,2000,905,905,1
0.4491,pearson_distance,Norman,WitnessCell,KLF1+SET,100,2000,667,667,1
0.1297,mse,Norman,WitnessCell,KLF1+SET,100,2000,667,667,1
1.8981,edistance,Norman,WitnessCell,KLF1+SET,100,2000,667,667,1
1.102,sym_kldiv,Norman,WitnessCell,KLF1+SET,100,2000,667,667,1
51.0349,wasserstein,Norman,WitnessCell,KLF1+SET,100,2000,667,667,1
0.0,common_degs,Norman,WitnessCell,KLF1+SET,100,2000,667,667,1
0.3266,pearson_distance,Norman,WitnessCell,KLF1+SET,5000,2000,667,667,1
0.0051,mse,Norman,WitnessCell,KLF1+SET,5000,2000,667,667,1
1.1309,edistance,Norman,WitnessCell,KLF1+SET,5000,2000,667,667,1
38.3574,sym_kldiv,Norman,WitnessCell,KLF1+SET,5000,2000,667,667,1
0.5819,pearson_distance,Norman,WitnessCell,BAK1+BCL2L11,100,2000,175,175,2
0.0035,mse,Norman,WitnessCell,BAK1+BCL2L11,100,2000,175,175,2
0.2049,edistance,Norman,WitnessCell,BAK1+BCL2L11,100,2000,175,175,2
43.6892,sym_kldiv,Norman,WitnessCell,BAK1+BCL2L11,100,2000,175,175,2
3.3467,wasserstein,Norman,WitnessCell,BAK1+BCL2L11,100,2000,175,175,2
0.0,common_degs,Norman,WitnessCell,BAK1+BCL2L11,100,2000,175,175,2
-0.0281,pearson_distance,Norman,WitnessCell,BAK1+BCL2L11,5000,2000,175,175,2
0.0016,mse,Norman,WitnessCell,BAK1+BCL2L11,5000,2000,175,175,2
0.5085,edistance,Norman,WitnessCell,BAK1+BCL2L11,5000,2000,175,175,2
39.6063,sym_kldiv,Norman,WitnessCell,BAK1+BCL2L11,5000,2000,175,175,2
0.9515,pearson_distance,Norman,WitnessCell,BAK1+KLF1,100,2000,395,395,2
0.0082,mse,Norman,WitnessCell,BAK1+KLF1,100,2000,395,395,2
0.1671,edistance,Norman,WitnessCell,BAK1+KLF1,100,2000,395,395,2
0.4496,sym_kldiv,Norman,WitnessCell,BAK1+KLF1,100,2000,395,395,2
34.282,wasserstein,Norman,WitnessCell,BAK1+KLF1,100,2000,395,395,2
0.0,common_degs,Norman,WitnessCell,BAK1+KLF1,100,2000,395,395,2
0.8151,pearson_distance,Norman,WitnessCell,BAK1+KLF1,5000,2000,395,395,2
0.0009,mse,Norman,WitnessCell,BAK1+KLF1,5000,2000,395,395,2
0.2903,edistance,Norman,WitnessCell,BAK1+KLF1,5000,2000,395,395,2
38.6657,sym_kldiv,Norman,WitnessCell,BAK1+KLF1,5000,2000,395,395,2
0.9408,pearson_distance,Norman,WitnessCell,BAK1+TMSB4X,100,2000,329,329,2
0.0062,mse,Norman,WitnessCell,BAK1+TMSB4X,100,2000,329,329,2
0.1585,edistance,Norman,WitnessCell,BAK1+TMSB4X,100,2000,329,329,2
42.0543,sym_kldiv,Norman,WitnessCell,BAK1+TMSB4X,100,2000,329,329,2
18.2116,wasserstein,Norman,WitnessCell,BAK1+TMSB4X,100,2000,329,329,2
0.0,common_degs,Norman,WitnessCell,BAK1+TMSB4X,100,2000,329,329,2
0.7195,pearson_distance,Norman,WitnessCell,BAK1+TMSB4X,5000,2000,329,329,2
0.0013,mse,Norman,WitnessCell,BAK1+TMSB4X,5000,2000,329,329,2
0.3522,edistance,Norman,WitnessCell,BAK1+TMSB4X,5000,2000,329,329,2
38.954,sym_kldiv,Norman,WitnessCell,BAK1+TMSB4X,5000,2000,329,329,2
0.9195,pearson_distance,Norman,WitnessCell,BPGM+SAMD1,100,2000,301,301,2
0.0327,mse,Norman,WitnessCell,BPGM+SAMD1,100,2000,301,301,2
0.5732,edistance,Norman,WitnessCell,BPGM+SAMD1,100,2000,301,301,2
1.0083,sym_kldiv,Norman,WitnessCell,BPGM+SAMD1,100,2000,301,301,2
48.6606,wasserstein,Norman,WitnessCell,BPGM+SAMD1,100,2000,301,301,2
0.0,common_degs,Norman,WitnessCell,BPGM+SAMD1,100,2000,301,301,2
0.8101,pearson_distance,Norman,WitnessCell,BPGM+SAMD1,5000,2000,301,301,2
0.002,mse,Norman,WitnessCell,BPGM+SAMD1,5000,2000,301,301,2
0.566,edistance,Norman,WitnessCell,BPGM+SAMD1,5000,2000,301,301,2
39.1031,sym_kldiv,Norman,WitnessCell,BPGM+SAMD1,5000,2000,301,301,2
0.9284,pearson_distance,Norman,WitnessCell,BPGM+ZBTB1,100,2000,358,358,2
0.0232,mse,Norman,WitnessCell,BPGM+ZBTB1,100,2000,358,358,2
0.4277,edistance,Norman,WitnessCell,BPGM+ZBTB1,100,2000,358,358,2
1.4058,sym_kldiv,Norman,WitnessCell,BPGM+ZBTB1,100,2000,358,358,2
48.4365,wasserstein,Norman,WitnessCell,BPGM+ZBTB1,100,2000,358,358,2
0.0,common_degs,Norman,WitnessCell,BPGM+ZBTB1,100,2000,358,358,2
0.8557,pearson_distance,Norman,WitnessCell,BPGM+ZBTB1,5000,2000,358,358,2
0.0013,mse,Norman,WitnessCell,BPGM+ZBTB1,5000,2000,358,358,2
0.3856,edistance,Norman,WitnessCell,BPGM+ZBTB1,5000,2000,358,358,2
38.9552,sym_kldiv,Norman,WitnessCell,BPGM+ZBTB1,5000,2000,358,358,2
0.8593,pearson_distance,Norman,WitnessCell,CBFA2T3+POU3F2,100,2000,216,216,2
0.0356,mse,Norman,WitnessCell,CBFA2T3+POU3F2,100,2000,216,216,2
0.5513,edistance,Norman,WitnessCell,CBFA2T3+POU3F2,100,2000,216,216,2
0.6395,sym_kldiv,Norman,WitnessCell,CBFA2T3+POU3F2,100,2000,216,216,2
51.8969,wasserstein,Norman,WitnessCell,CBFA2T3+POU3F2,100,2000,216,216,2
0.0,common_degs,Norman,WitnessCell,CBFA2T3+POU3F2,100,2000,216,216,2
0.7155,pearson_distance,Norman,WitnessCell,CBFA2T3+POU3F2,5000,2000,216,216,2
0.0027,mse,Norman,WitnessCell,CBFA2T3+POU3F2,5000,2000,216,216,2
0.8364,edistance,Norman,WitnessCell,CBFA2T3+POU3F2,5000,2000,216,216,2
39.5922,sym_kldiv,Norman,WitnessCell,CBFA2T3+POU3F2,5000,2000,216,216,2
0.7815,pearson_distance,Norman,WitnessCell,CBL+CNN1,100,2000,348,348,2
0.2251,mse,Norman,WitnessCell,CBL+CNN1,100,2000,348,348,2
2.7031,edistance,Norman,WitnessCell,CBL+CNN1,100,2000,348,348,2
1.1741,sym_kldiv,Norman,WitnessCell,CBL+CNN1,100,2000,348,348,2
77.6909,wasserstein,Norman,WitnessCell,CBL+CNN1,100,2000,348,348,2
0.0,common_degs,Norman,WitnessCell,CBL+CNN1,100,2000,348,348,2
0.62,pearson_distance,Norman,WitnessCell,CBL+CNN1,5000,2000,348,348,2
0.0067,mse,Norman,WitnessCell,CBL+CNN1,5000,2000,348,348,2
1.412,edistance,Norman,WitnessCell,CBL+CNN1,5000,2000,348,348,2
39.1588,sym_kldiv,Norman,WitnessCell,CBL+CNN1,5000,2000,348,348,2
0.9504,pearson_distance,Norman,WitnessCell,CBL+UBASH3A,100,2000,64,64,2
0.0203,mse,Norman,WitnessCell,CBL+UBASH3A,100,2000,64,64,2
0.7128,edistance,Norman,WitnessCell,CBL+UBASH3A,100,2000,64,64,2
45.4588,sym_kldiv,Norman,WitnessCell,CBL+UBASH3A,100,2000,64,64,2
8.2188,wasserstein,Norman,WitnessCell,CBL+UBASH3A,100,2000,64,64,2
0.0,common_degs,Norman,WitnessCell,CBL+UBASH3A,100,2000,64,64,2
0.5777,pearson_distance,Norman,WitnessCell,CBL+UBASH3A,5000,2000,64,64,2
0.0036,mse,Norman,WitnessCell,CBL+UBASH3A,5000,2000,64,64,2
1.1942,edistance,Norman,WitnessCell,CBL+UBASH3A,5000,2000,64,64,2
41.1737,sym_kldiv,Norman,WitnessCell,CBL+UBASH3A,5000,2000,64,64,2
0.984,pearson_distance,Norman,WitnessCell,CEBPA+CEBPE,100,2000,180,180,2
0.0188,mse,Norman,WitnessCell,CEBPA+CEBPE,100,2000,180,180,2
1.3175,edistance,Norman,WitnessCell,CEBPA+CEBPE,100,2000,180,180,2
39.6812,sym_kldiv,Norman,WitnessCell,CEBPA+CEBPE,100,2000,180,180,2
82.683,wasserstein,Norman,WitnessCell,CEBPA+CEBPE,100,2000,180,180,2
0.0,common_degs,Norman,WitnessCell,CEBPA+CEBPE,100,2000,180,180,2
0.9532,pearson_distance,Norman,WitnessCell,CEBPA+CEBPE,5000,2000,180,180,2
0.002,mse,Norman,WitnessCell,CEBPA+CEBPE,5000,2000,180,180,2
1.4659,edistance,Norman,WitnessCell,CEBPA+CEBPE,5000,2000,180,180,2
40.5587,sym_kldiv,Norman,WitnessCell,CEBPA+CEBPE,5000,2000,180,180,2
0.9896,pearson_distance,Norman,WitnessCell,CEBPA+JUN,100,2000,54,54,2
0.0327,mse,Norman,WitnessCell,CEBPA+JUN,100,2000,54,54,2
1.233,edistance,Norman,WitnessCell,CEBPA+JUN,100,2000,54,54,2
45.5456,sym_kldiv,Norman,WitnessCell,CEBPA+JUN,100,2000,54,54,2
36.6608,wasserstein,Norman,WitnessCell,CEBPA+JUN,100,2000,54,54,2
0.0,common_degs,Norman,WitnessCell,CEBPA+JUN,100,2000,54,54,2
0.92,pearson_distance,Norman,WitnessCell,CEBPA+JUN,5000,2000,54,54,2
0.005,mse,Norman,WitnessCell,CEBPA+JUN,5000,2000,54,54,2
2.4653,edistance,Norman,WitnessCell,CEBPA+JUN,5000,2000,54,54,2
42.1215,sym_kldiv,Norman,WitnessCell,CEBPA+JUN,5000,2000,54,54,2
0.9308,pearson_distance,Norman,WitnessCell,CEBPB+CEBPE,100,2000,114,114,2
0.0882,mse,Norman,WitnessCell,CEBPB+CEBPE,100,2000,114,114,2
1.4971,edistance,Norman,WitnessCell,CEBPB+CEBPE,100,2000,114,114,2
42.5849,sym_kldiv,Norman,WitnessCell,CEBPB+CEBPE,100,2000,114,114,2
72.5358,wasserstein,Norman,WitnessCell,CEBPB+CEBPE,100,2000,114,114,2
0.0,common_degs,Norman,WitnessCell,CEBPB+CEBPE,100,2000,114,114,2
0.8298,pearson_distance,Norman,WitnessCell,CEBPB+CEBPE,5000,2000,114,114,2
0.0048,mse,Norman,WitnessCell,CEBPB+CEBPE,5000,2000,114,114,2
1.491,edistance,Norman,WitnessCell,CEBPB+CEBPE,5000,2000,114,114,2
40.68,sym_kldiv,Norman,WitnessCell,CEBPB+CEBPE,5000,2000,114,114,2
0.9318,pearson_distance,Norman,WitnessCell,CEBPB+JUN,100,2000,59,59,2
0.0464,mse,Norman,WitnessCell,CEBPB+JUN,100,2000,59,59,2
1.098,edistance,Norman,WitnessCell,CEBPB+JUN,100,2000,59,59,2
45.5253,sym_kldiv,Norman,WitnessCell,CEBPB+JUN,100,2000,59,59,2
25.8437,wasserstein,Norman,WitnessCell,CEBPB+JUN,100,2000,59,59,2
0.0,common_degs,Norman,WitnessCell,CEBPB+JUN,100,2000,59,59,2
0.7933,pearson_distance,Norman,WitnessCell,CEBPB+JUN,5000,2000,59,59,2
0.0057,mse,Norman,WitnessCell,CEBPB+JUN,5000,2000,59,59,2
2.1335,edistance,Norman,WitnessCell,CEBPB+JUN,5000,2000,59,59,2
41.3577,sym_kldiv,Norman,WitnessCell,CEBPB+JUN,5000,2000,59,59,2
0.8257,pearson_distance,Norman,WitnessCell,CEBPE+ETS2,100,2000,354,354,2
0.1079,mse,Norman,WitnessCell,CEBPE+ETS2,100,2000,354,354,2
1.4769,edistance,Norman,WitnessCell,CEBPE+ETS2,100,2000,354,354,2
1.6858,sym_kldiv,Norman,WitnessCell,CEBPE+ETS2,100,2000,354,354,2
55.7626,wasserstein,Norman,WitnessCell,CEBPE+ETS2,100,2000,354,354,2
0.0,common_degs,Norman,WitnessCell,CEBPE+ETS2,100,2000,354,354,2
0.7328,pearson_distance,Norman,WitnessCell,CEBPE+ETS2,5000,2000,354,354,2
0.0038,mse,Norman,WitnessCell,CEBPE+ETS2,5000,2000,354,354,2
0.8553,edistance,Norman,WitnessCell,CEBPE+ETS2,5000,2000,354,354,2
39.2297,sym_kldiv,Norman,WitnessCell,CEBPE+ETS2,5000,2000,354,354,2
0.9032,pearson_distance,Norman,WitnessCell,CEBPE+FOSB,100,2000,151,151,2
0.1896,mse,Norman,WitnessCell,CEBPE+FOSB,100,2000,151,151,2
2.1809,edistance,Norman,WitnessCell,CEBPE+FOSB,100,2000,151,151,2
39.7683,sym_kldiv,Norman,WitnessCell,CEBPE+FOSB,100,2000,151,151,2
85.1996,wasserstein,Norman,WitnessCell,CEBPE+FOSB,100,2000,151,151,2
0.0,common_degs,Norman,WitnessCell,CEBPE+FOSB,100,2000,151,151,2
0.7798,pearson_distance,Norman,WitnessCell,CEBPE+FOSB,5000,2000,151,151,2
0.0075,mse,Norman,WitnessCell,CEBPE+FOSB,5000,2000,151,151,2
1.7315,edistance,Norman,WitnessCell,CEBPE+FOSB,5000,2000,151,151,2
40.2895,sym_kldiv,Norman,WitnessCell,CEBPE+FOSB,5000,2000,151,151,2
0.8145,pearson_distance,Norman,WitnessCell,CEBPE+KLF1,100,2000,468,468,2
0.0254,mse,Norman,WitnessCell,CEBPE+KLF1,100,2000,468,468,2
0.3962,edistance,Norman,WitnessCell,CEBPE+KLF1,100,2000,468,468,2
0.7556,sym_kldiv,Norman,WitnessCell,CEBPE+KLF1,100,2000,468,468,2
39.0614,wasserstein,Norman,WitnessCell,CEBPE+KLF1,100,2000,468,468,2
0.0,common_degs,Norman,WitnessCell,CEBPE+KLF1,100,2000,468,468,2
0.7095,pearson_distance,Norman,WitnessCell,CEBPE+KLF1,5000,2000,468,468,2
0.0014,mse,Norman,WitnessCell,CEBPE+KLF1,5000,2000,468,468,2
0.3606,edistance,Norman,WitnessCell,CEBPE+KLF1,5000,2000,468,468,2
38.4521,sym_kldiv,Norman,WitnessCell,CEBPE+KLF1,5000,2000,468,468,2
0.6366,pearson_distance,Norman,WitnessCell,CEBPE+PTPN12,100,2000,415,415,2
0.0449,mse,Norman,WitnessCell,CEBPE+PTPN12,100,2000,415,415,2
0.6486,edistance,Norman,WitnessCell,CEBPE+PTPN12,100,2000,415,415,2
0.9815,sym_kldiv,Norman,WitnessCell,CEBPE+PTPN12,100,2000,415,415,2
47.1323,wasserstein,Norman,WitnessCell,CEBPE+PTPN12,100,2000,415,415,2
0.0,common_degs,Norman,WitnessCell,CEBPE+PTPN12,100,2000,415,415,2
0.5545,pearson_distance,Norman,WitnessCell,CEBPE+PTPN12,5000,2000,415,415,2
0.0024,mse,Norman,WitnessCell,CEBPE+PTPN12,5000,2000,415,415,2
0.5712,edistance,Norman,WitnessCell,CEBPE+PTPN12,5000,2000,415,415,2
38.7174,sym_kldiv,Norman,WitnessCell,CEBPE+PTPN12,5000,2000,415,415,2
0.7076,pearson_distance,Norman,WitnessCell,CEBPE+RUNX1T1,100,2000,1219,1219,2
0.0596,mse,Norman,WitnessCell,CEBPE+RUNX1T1,100,2000,1219,1219,2
0.8107,edistance,Norman,WitnessCell,CEBPE+RUNX1T1,100,2000,1219,1219,2
2.2862,sym_kldiv,Norman,WitnessCell,CEBPE+RUNX1T1,100,2000,1219,1219,2
49.1727,wasserstein,Norman,WitnessCell,CEBPE+RUNX1T1,100,2000,1219,1219,2
0.0,common_degs,Norman,WitnessCell,CEBPE+RUNX1T1,100,2000,1219,1219,2
0.5894,pearson_distance,Norman,WitnessCell,CEBPE+RUNX1T1,5000,2000,1219,1219,2
0.002,mse,Norman,WitnessCell,CEBPE+RUNX1T1,5000,2000,1219,1219,2
0.4517,edistance,Norman,WitnessCell,CEBPE+RUNX1T1,5000,2000,1219,1219,2
38.0608,sym_kldiv,Norman,WitnessCell,CEBPE+RUNX1T1,5000,2000,1219,1219,2
0.8419,pearson_distance,Norman,WitnessCell,CEBPE+SET,100,2000,658,658,2
0.0393,mse,Norman,WitnessCell,CEBPE+SET,100,2000,658,658,2
0.6202,edistance,Norman,WitnessCell,CEBPE+SET,100,2000,658,658,2
1.4975,sym_kldiv,Norman,WitnessCell,CEBPE+SET,100,2000,658,658,2
47.2848,wasserstein,Norman,WitnessCell,CEBPE+SET,100,2000,658,658,2
0.0,common_degs,Norman,WitnessCell,CEBPE+SET,100,2000,658,658,2
0.7924,pearson_distance,Norman,WitnessCell,CEBPE+SET,5000,2000,658,658,2
0.0024,mse,Norman,WitnessCell,CEBPE+SET,5000,2000,658,658,2
0.5552,edistance,Norman,WitnessCell,CEBPE+SET,5000,2000,658,658,2
38.3934,sym_kldiv,Norman,WitnessCell,CEBPE+SET,5000,2000,658,658,2
0.6051,pearson_distance,Norman,WitnessCell,CEBPE+ZC3HAV1,100,2000,410,410,2
0.0344,mse,Norman,WitnessCell,CEBPE+ZC3HAV1,100,2000,410,410,2
0.5054,edistance,Norman,WitnessCell,CEBPE+ZC3HAV1,100,2000,410,410,2
38.2279,sym_kldiv,Norman,WitnessCell,CEBPE+ZC3HAV1,100,2000,410,410,2
39.5494,wasserstein,Norman,WitnessCell,CEBPE+ZC3HAV1,100,2000,410,410,2
0.0,common_degs,Norman,WitnessCell,CEBPE+ZC3HAV1,100,2000,410,410,2
0.4778,pearson_distance,Norman,WitnessCell,CEBPE+ZC3HAV1,5000,2000,410,410,2
0.0015,mse,Norman,WitnessCell,CEBPE+ZC3HAV1,5000,2000,410,410,2
0.3877,edistance,Norman,WitnessCell,CEBPE+ZC3HAV1,5000,2000,410,410,2
38.5856,sym_kldiv,Norman,WitnessCell,CEBPE+ZC3HAV1,5000,2000,410,410,2
0.6184,pearson_distance,Norman,WitnessCell,CNN1+ETS2,100,2000,905,905,2
0.0386,mse,Norman,WitnessCell,CNN1+ETS2,100,2000,905,905,2
0.5707,edistance,Norman,WitnessCell,CNN1+ETS2,100,2000,905,905,2
0.4755,sym_kldiv,Norman,WitnessCell,CNN1+ETS2,100,2000,905,905,2
47.8977,wasserstein,Norman,WitnessCell,CNN1+ETS2,100,2000,905,905,2
0.0,common_degs,Norman,WitnessCell,CNN1+ETS2,100,2000,905,905,2
0.5873,pearson_distance,Norman,WitnessCell,CNN1+ETS2,5000,2000,905,905,2
0.0018,mse,Norman,WitnessCell,CNN1+ETS2,5000,2000,905,905,2
0.4121,edistance,Norman,WitnessCell,CNN1+ETS2,5000,2000,905,905,2
37.9727,sym_kldiv,Norman,WitnessCell,CNN1+ETS2,5000,2000,905,905,2
0.9166,pearson_distance,Norman,WitnessCell,CNN1+MAPK1,100,2000,398,398,2
0.0155,mse,Norman,WitnessCell,CNN1+MAPK1,100,2000,398,398,2
0.2978,edistance,Norman,WitnessCell,CNN1+MAPK1,100,2000,398,398,2
0.4978,sym_kldiv,Norman,WitnessCell,CNN1+MAPK1,100,2000,398,398,2
42.8049,wasserstein,Norman,WitnessCell,CNN1+MAPK1,100,2000,398,398,2
0.0,common_degs,Norman,WitnessCell,CNN1+MAPK1,100,2000,398,398,2
0.8564,pearson_distance,Norman,WitnessCell,CNN1+MAPK1,5000,2000,398,398,2
0.001,mse,Norman,WitnessCell,CNN1+MAPK1,5000,2000,398,398,2
0.3039,edistance,Norman,WitnessCell,CNN1+MAPK1,5000,2000,398,398,2
38.869,sym_kldiv,Norman,WitnessCell,CNN1+MAPK1,5000,2000,398,398,2
0.9313,pearson_distance,Norman,WitnessCell,CNN1+UBASH3B,100,2000,402,402,2
0.1382,mse,Norman,WitnessCell,CNN1+UBASH3B,100,2000,402,402,2
1.7901,edistance,Norman,WitnessCell,CNN1+UBASH3B,100,2000,402,402,2
0.9562,sym_kldiv,Norman,WitnessCell,CNN1+UBASH3B,100,2000,402,402,2
65.5057,wasserstein,Norman,WitnessCell,CNN1+UBASH3B,100,2000,402,402,2
0.0,common_degs,Norman,WitnessCell,CNN1+UBASH3B,100,2000,402,402,2
0.8555,pearson_distance,Norman,WitnessCell,CNN1+UBASH3B,5000,2000,402,402,2
0.004,mse,Norman,WitnessCell,CNN1+UBASH3B,5000,2000,402,402,2
0.8939,edistance,Norman,WitnessCell,CNN1+UBASH3B,5000,2000,402,402,2
39.1022,sym_kldiv,Norman,WitnessCell,CNN1+UBASH3B,5000,2000,402,402,2
0.9601,pearson_distance,Norman,WitnessCell,DUSP9+IGDCC3,100,2000,382,382,2
0.0246,mse,Norman,WitnessCell,DUSP9+IGDCC3,100,2000,382,382,2
0.4704,edistance,Norman,WitnessCell,DUSP9+IGDCC3,100,2000,382,382,2
0.9925,sym_kldiv,Norman,WitnessCell,DUSP9+IGDCC3,100,2000,382,382,2
50.8927,wasserstein,Norman,WitnessCell,DUSP9+IGDCC3,100,2000,382,382,2
0.0,common_degs,Norman,WitnessCell,DUSP9+IGDCC3,100,2000,382,382,2
0.9132,pearson_distance,Norman,WitnessCell,DUSP9+IGDCC3,5000,2000,382,382,2
0.0014,mse,Norman,WitnessCell,DUSP9+IGDCC3,5000,2000,382,382,2
0.5019,edistance,Norman,WitnessCell,DUSP9+IGDCC3,5000,2000,382,382,2
39.1613,sym_kldiv,Norman,WitnessCell,DUSP9+IGDCC3,5000,2000,382,382,2
0.65,pearson_distance,Norman,WitnessCell,ETS2+IGDCC3,100,2000,441,441,2
0.0361,mse,Norman,WitnessCell,ETS2+IGDCC3,100,2000,441,441,2
0.5839,edistance,Norman,WitnessCell,ETS2+IGDCC3,100,2000,441,441,2
0.8426,sym_kldiv,Norman,WitnessCell,ETS2+IGDCC3,100,2000,441,441,2
41.33,wasserstein,Norman,WitnessCell,ETS2+IGDCC3,100,2000,441,441,2
0.0,common_degs,Norman,WitnessCell,ETS2+IGDCC3,100,2000,441,441,2
0.5455,pearson_distance,Norman,WitnessCell,ETS2+IGDCC3,5000,2000,441,441,2
0.0021,mse,Norman,WitnessCell,ETS2+IGDCC3,5000,2000,441,441,2
0.5078,edistance,Norman,WitnessCell,ETS2+IGDCC3,5000,2000,441,441,2
38.6578,sym_kldiv,Norman,WitnessCell,ETS2+IGDCC3,5000,2000,441,441,2
0.9742,pearson_distance,Norman,WitnessCell,FOXA1+FOXA3,100,2000,216,216,2
0.0159,mse,Norman,WitnessCell,FOXA1+FOXA3,100,2000,216,216,2
0.3113,edistance,Norman,WitnessCell,FOXA1+FOXA3,100,2000,216,216,2
4.4213,sym_kldiv,Norman,WitnessCell,FOXA1+FOXA3,100,2000,216,216,2
48.6419,wasserstein,Norman,WitnessCell,FOXA1+FOXA3,100,2000,216,216,2
0.0,common_degs,Norman,WitnessCell,FOXA1+FOXA3,100,2000,216,216,2
0.8979,pearson_distance,Norman,WitnessCell,FOXA1+FOXA3,5000,2000,216,216,2
0.0013,mse,Norman,WitnessCell,FOXA1+FOXA3,5000,2000,216,216,2
0.5086,edistance,Norman,WitnessCell,FOXA1+FOXA3,5000,2000,216,216,2
39.9959,sym_kldiv,Norman,WitnessCell,FOXA1+FOXA3,5000,2000,216,216,2
0.957,pearson_distance,Norman,WitnessCell,FOXA1+FOXF1,100,2000,272,272,2
0.0232,mse,Norman,WitnessCell,FOXA1+FOXF1,100,2000,272,272,2
0.3679,edistance,Norman,WitnessCell,FOXA1+FOXF1,100,2000,272,272,2
0.4278,sym_kldiv,Norman,WitnessCell,FOXA1+FOXF1,100,2000,272,272,2
50.5061,wasserstein,Norman,WitnessCell,FOXA1+FOXF1,100,2000,272,272,2
0.0,common_degs,Norman,WitnessCell,FOXA1+FOXF1,100,2000,272,272,2
0.8094,pearson_distance,Norman,WitnessCell,FOXA1+FOXF1,5000,2000,272,272,2
0.0017,mse,Norman,WitnessCell,FOXA1+FOXF1,5000,2000,272,272,2
0.5274,edistance,Norman,WitnessCell,FOXA1+FOXF1,5000,2000,272,272,2
39.299,sym_kldiv,Norman,WitnessCell,FOXA1+FOXF1,5000,2000,272,272,2
0.9629,pearson_distance,Norman,WitnessCell,FOXA1+HOXB9,100,2000,295,295,2
0.0222,mse,Norman,WitnessCell,FOXA1+HOXB9,100,2000,295,295,2
0.4677,edistance,Norman,WitnessCell,FOXA1+HOXB9,100,2000,295,295,2
0.6234,sym_kldiv,Norman,WitnessCell,FOXA1+HOXB9,100,2000,295,295,2
57.8164,wasserstein,Norman,WitnessCell,FOXA1+HOXB9,100,2000,295,295,2
0.0,common_degs,Norman,WitnessCell,FOXA1+HOXB9,100,2000,295,295,2
0.8967,pearson_distance,Norman,WitnessCell,FOXA1+HOXB9,5000,2000,295,295,2
0.0015,mse,Norman,WitnessCell,FOXA1+HOXB9,5000,2000,295,295,2
0.7228,edistance,Norman,WitnessCell,FOXA1+HOXB9,5000,2000,295,295,2
39.394,sym_kldiv,Norman,WitnessCell,FOXA1+HOXB9,5000,2000,295,295,2
0.846,pearson_distance,Norman,WitnessCell,FOXA1+KLF1,100,2000,361,361,2
0.0297,mse,Norman,WitnessCell,FOXA1+KLF1,100,2000,361,361,2
0.4431,edistance,Norman,WitnessCell,FOXA1+KLF1,100,2000,361,361,2
0.7385,sym_kldiv,Norman,WitnessCell,FOXA1+KLF1,100,2000,361,361,2
45.2401,wasserstein,Norman,WitnessCell,FOXA1+KLF1,100,2000,361,361,2
0.0,common_degs,Norman,WitnessCell,FOXA1+KLF1,100,2000,361,361,2
0.7667,pearson_distance,Norman,WitnessCell,FOXA1+KLF1,5000,2000,361,361,2
0.0017,mse,Norman,WitnessCell,FOXA1+KLF1,5000,2000,361,361,2
0.4086,edistance,Norman,WitnessCell,FOXA1+KLF1,5000,2000,361,361,2
39.2581,sym_kldiv,Norman,WitnessCell,FOXA1+KLF1,5000,2000,361,361,2
0.9465,pearson_distance,Norman,WitnessCell,FOXA3+FOXL2,100,2000,130,130,2
0.0422,mse,Norman,WitnessCell,FOXA3+FOXL2,100,2000,130,130,2
0.7395,edistance,Norman,WitnessCell,FOXA3+FOXL2,100,2000,130,130,2
42.0744,sym_kldiv,Norman,WitnessCell,FOXA3+FOXL2,100,2000,130,130,2
59.8449,wasserstein,Norman,WitnessCell,FOXA3+FOXL2,100,2000,130,130,2
0.0,common_degs,Norman,WitnessCell,FOXA3+FOXL2,100,2000,130,130,2
0.8093,pearson_distance,Norman,WitnessCell,FOXA3+FOXL2,5000,2000,130,130,2
0.0035,mse,Norman,WitnessCell,FOXA3+FOXL2,5000,2000,130,130,2
1.1732,edistance,Norman,WitnessCell,FOXA3+FOXL2,5000,2000,130,130,2
40.156,sym_kldiv,Norman,WitnessCell,FOXA3+FOXL2,5000,2000,130,130,2
0.9237,pearson_distance,Norman,WitnessCell,FOXF1+FOXL2,100,2000,192,192,2
0.0645,mse,Norman,WitnessCell,FOXF1+FOXL2,100,2000,192,192,2
0.8661,edistance,Norman,WitnessCell,FOXF1+FOXL2,100,2000,192,192,2
0.7451,sym_kldiv,Norman,WitnessCell,FOXF1+FOXL2,100,2000,192,192,2
58.8329,wasserstein,Norman,WitnessCell,FOXF1+FOXL2,100,2000,192,192,2
0.0,common_degs,Norman,WitnessCell,FOXF1+FOXL2,100,2000,192,192,2
0.768,pearson_distance,Norman,WitnessCell,FOXF1+FOXL2,5000,2000,192,192,2
0.0038,mse,Norman,WitnessCell,FOXF1+FOXL2,5000,2000,192,192,2
1.0418,edistance,Norman,WitnessCell,FOXF1+FOXL2,5000,2000,192,192,2
39.7949,sym_kldiv,Norman,WitnessCell,FOXF1+FOXL2,5000,2000,192,192,2
0.942,pearson_distance,Norman,WitnessCell,FOXL2+HOXB9,100,2000,96,96,2
0.0311,mse,Norman,WitnessCell,FOXL2+HOXB9,100,2000,96,96,2
0.6662,edistance,Norman,WitnessCell,FOXL2+HOXB9,100,2000,96,96,2
44.4121,sym_kldiv,Norman,WitnessCell,FOXL2+HOXB9,100,2000,96,96,2
38.9279,wasserstein,Norman,WitnessCell,FOXL2+HOXB9,100,2000,96,96,2
0.0,common_degs,Norman,WitnessCell,FOXL2+HOXB9,100,2000,96,96,2
0.8285,pearson_distance,Norman,WitnessCell,FOXL2+HOXB9,5000,2000,96,96,2
0.0033,mse,Norman,WitnessCell,FOXL2+HOXB9,5000,2000,96,96,2
1.3691,edistance,Norman,WitnessCell,FOXL2+HOXB9,5000,2000,96,96,2
40.7674,sym_kldiv,Norman,WitnessCell,FOXL2+HOXB9,5000,2000,96,96,2
0.8756,pearson_distance,Norman,WitnessCell,FOXL2+MEIS1,100,2000,193,193,2
0.0371,mse,Norman,WitnessCell,FOXL2+MEIS1,100,2000,193,193,2
0.57,edistance,Norman,WitnessCell,FOXL2+MEIS1,100,2000,193,193,2
40.5843,sym_kldiv,Norman,WitnessCell,FOXL2+MEIS1,100,2000,193,193,2
47.6665,wasserstein,Norman,WitnessCell,FOXL2+MEIS1,100,2000,193,193,2
0.0,common_degs,Norman,WitnessCell,FOXL2+MEIS1,100,2000,193,193,2
0.7458,pearson_distance,Norman,WitnessCell,FOXL2+MEIS1,5000,2000,193,193,2
0.0024,mse,Norman,WitnessCell,FOXL2+MEIS1,5000,2000,193,193,2
0.8039,edistance,Norman,WitnessCell,FOXL2+MEIS1,5000,2000,193,193,2
39.7298,sym_kldiv,Norman,WitnessCell,FOXL2+MEIS1,5000,2000,193,193,2
0.8966,pearson_distance,Norman,WitnessCell,FOXL2+ZNF318,100,2000,246,246,2
0.0125,mse,Norman,WitnessCell,FOXL2+ZNF318,100,2000,246,246,2
0.2519,edistance,Norman,WitnessCell,FOXL2+ZNF318,100,2000,246,246,2
38.0967,sym_kldiv,Norman,WitnessCell,FOXL2+ZNF318,100,2000,246,246,2
41.3765,wasserstein,Norman,WitnessCell,FOXL2+ZNF318,100,2000,246,246,2
0.0,common_degs,Norman,WitnessCell,FOXL2+ZNF318,100,2000,246,246,2
0.7612,pearson_distance,Norman,WitnessCell,FOXL2+ZNF318,5000,2000,246,246,2
0.0012,mse,Norman,WitnessCell,FOXL2+ZNF318,5000,2000,246,246,2
0.389,edistance,Norman,WitnessCell,FOXL2+ZNF318,5000,2000,246,246,2
39.108,sym_kldiv,Norman,WitnessCell,FOXL2+ZNF318,5000,2000,246,246,2
0.7972,pearson_distance,Norman,WitnessCell,IGDCC3+MAPK1,100,2000,368,368,2
0.0259,mse,Norman,WitnessCell,IGDCC3+MAPK1,100,2000,368,368,2
0.471,edistance,Norman,WitnessCell,IGDCC3+MAPK1,100,2000,368,368,2
0.8824,sym_kldiv,Norman,WitnessCell,IGDCC3+MAPK1,100,2000,368,368,2
37.5674,wasserstein,Norman,WitnessCell,IGDCC3+MAPK1,100,2000,368,368,2
0.0,common_degs,Norman,WitnessCell,IGDCC3+MAPK1,100,2000,368,368,2
0.6659,pearson_distance,Norman,WitnessCell,IGDCC3+MAPK1,5000,2000,368,368,2
0.0022,mse,Norman,WitnessCell,IGDCC3+MAPK1,5000,2000,368,368,2
0.5367,edistance,Norman,WitnessCell,IGDCC3+MAPK1,5000,2000,368,368,2
38.7892,sym_kldiv,Norman,WitnessCell,IGDCC3+MAPK1,5000,2000,368,368,2
0.9466,pearson_distance,Norman,WitnessCell,IGDCC3+PRTG,100,2000,140,140,2
0.0127,mse,Norman,WitnessCell,IGDCC3+PRTG,100,2000,140,140,2
0.3205,edistance,Norman,WitnessCell,IGDCC3+PRTG,100,2000,140,140,2
42.4655,sym_kldiv,Norman,WitnessCell,IGDCC3+PRTG,100,2000,140,140,2
36.7039,wasserstein,Norman,WitnessCell,IGDCC3+PRTG,100,2000,140,140,2
0.0,common_degs,Norman,WitnessCell,IGDCC3+PRTG,100,2000,140,140,2
0.8679,pearson_distance,Norman,WitnessCell,IGDCC3+PRTG,5000,2000,140,140,2
0.0013,mse,Norman,WitnessCell,IGDCC3+PRTG,5000,2000,140,140,2
0.486,edistance,Norman,WitnessCell,IGDCC3+PRTG,5000,2000,140,140,2
39.9601,sym_kldiv,Norman,WitnessCell,IGDCC3+PRTG,5000,2000,140,140,2
0.878,pearson_distance,Norman,WitnessCell,IGDCC3+TGFBR2,100,2000,301,301,2
0.0336,mse,Norman,WitnessCell,IGDCC3+TGFBR2,100,2000,301,301,2
0.5466,edistance,Norman,WitnessCell,IGDCC3+TGFBR2,100,2000,301,301,2
1.0623,sym_kldiv,Norman,WitnessCell,IGDCC3+TGFBR2,100,2000,301,301,2
42.8097,wasserstein,Norman,WitnessCell,IGDCC3+TGFBR2,100,2000,301,301,2
0.0,common_degs,Norman,WitnessCell,IGDCC3+TGFBR2,100,2000,301,301,2
0.7218,pearson_distance,Norman,WitnessCell,IGDCC3+TGFBR2,5000,2000,301,301,2
0.0015,mse,Norman,WitnessCell,IGDCC3+TGFBR2,5000,2000,301,301,2
0.4084,edistance,Norman,WitnessCell,IGDCC3+TGFBR2,5000,2000,301,301,2
39.0261,sym_kldiv,Norman,WitnessCell,IGDCC3+TGFBR2,5000,2000,301,301,2
0.9462,pearson_distance,Norman,WitnessCell,IGDCC3+ZBTB25,100,2000,141,141,2
0.0447,mse,Norman,WitnessCell,IGDCC3+ZBTB25,100,2000,141,141,2
0.7307,edistance,Norman,WitnessCell,IGDCC3+ZBTB25,100,2000,141,141,2
41.4826,sym_kldiv,Norman,WitnessCell,IGDCC3+ZBTB25,100,2000,141,141,2
47.6142,wasserstein,Norman,WitnessCell,IGDCC3+ZBTB25,100,2000,141,141,2
0.0,common_degs,Norman,WitnessCell,IGDCC3+ZBTB25,100,2000,141,141,2
0.8306,pearson_distance,Norman,WitnessCell,IGDCC3+ZBTB25,5000,2000,141,141,2
0.0024,mse,Norman,WitnessCell,IGDCC3+ZBTB25,5000,2000,141,141,2
0.6953,edistance,Norman,WitnessCell,IGDCC3+ZBTB25,5000,2000,141,141,2
39.8619,sym_kldiv,Norman,WitnessCell,IGDCC3+ZBTB25,5000,2000,141,141,2
0.8043,pearson_distance,Norman,WitnessCell,KIF18B+KIF2C,100,2000,96,96,2
0.0025,mse,Norman,WitnessCell,KIF18B+KIF2C,100,2000,96,96,2
0.1461,edistance,Norman,WitnessCell,KIF18B+KIF2C,100,2000,96,96,2
44.4273,sym_kldiv,Norman,WitnessCell,KIF18B+KIF2C,100,2000,96,96,2
2.9198,wasserstein,Norman,WitnessCell,KIF18B+KIF2C,100,2000,96,96,2
0.0,common_degs,Norman,WitnessCell,KIF18B+KIF2C,100,2000,96,96,2
0.4991,pearson_distance,Norman,WitnessCell,KIF18B+KIF2C,5000,2000,96,96,2
0.0022,mse,Norman,WitnessCell,KIF18B+KIF2C,5000,2000,96,96,2
0.7931,edistance,Norman,WitnessCell,KIF18B+KIF2C,5000,2000,96,96,2
40.4325,sym_kldiv,Norman,WitnessCell,KIF18B+KIF2C,5000,2000,96,96,2
0.6365,pearson_distance,Norman,WitnessCell,MAP2K6+SPI1,100,2000,302,302,2
0.0318,mse,Norman,WitnessCell,MAP2K6+SPI1,100,2000,302,302,2
0.5651,edistance,Norman,WitnessCell,MAP2K6+SPI1,100,2000,302,302,2
39.411,sym_kldiv,Norman,WitnessCell,MAP2K6+SPI1,100,2000,302,302,2
32.9582,wasserstein,Norman,WitnessCell,MAP2K6+SPI1,100,2000,302,302,2
0.0,common_degs,Norman,WitnessCell,MAP2K6+SPI1,100,2000,302,302,2
0.4968,pearson_distance,Norman,WitnessCell,MAP2K6+SPI1,5000,2000,302,302,2
0.0025,mse,Norman,WitnessCell,MAP2K6+SPI1,5000,2000,302,302,2
0.6182,edistance,Norman,WitnessCell,MAP2K6+SPI1,5000,2000,302,302,2
39.1811,sym_kldiv,Norman,WitnessCell,MAP2K6+SPI1,5000,2000,302,302,2
0.9795,pearson_distance,Norman,WitnessCell,PTPN12+UBASH3A,100,2000,311,311,2
0.0378,mse,Norman,WitnessCell,PTPN12+UBASH3A,100,2000,311,311,2
0.5656,edistance,Norman,WitnessCell,PTPN12+UBASH3A,100,2000,311,311,2
0.4634,sym_kldiv,Norman,WitnessCell,PTPN12+UBASH3A,100,2000,311,311,2
55.047,wasserstein,Norman,WitnessCell,PTPN12+UBASH3A,100,2000,311,311,2
0.0,common_degs,Norman,WitnessCell,PTPN12+UBASH3A,100,2000,311,311,2
0.9129,pearson_distance,Norman,WitnessCell,PTPN12+UBASH3A,5000,2000,311,311,2
0.0016,mse,Norman,WitnessCell,PTPN12+UBASH3A,5000,2000,311,311,2
0.4644,edistance,Norman,WitnessCell,PTPN12+UBASH3A,5000,2000,311,311,2
39.2004,sym_kldiv,Norman,WitnessCell,PTPN12+UBASH3A,5000,2000,311,311,2
0.9759,pearson_distance,Norman,WitnessCell,UBASH3A+UBASH3B,100,2000,554,554,2
0.0041,mse,Norman,WitnessCell,UBASH3A+UBASH3B,100,2000,554,554,2
0.1017,edistance,Norman,WitnessCell,UBASH3A+UBASH3B,100,2000,554,554,2
0.1384,sym_kldiv,Norman,WitnessCell,UBASH3A+UBASH3B,100,2000,554,554,2
43.1292,wasserstein,Norman,WitnessCell,UBASH3A+UBASH3B,100,2000,554,554,2
0.0,common_degs,Norman,WitnessCell,UBASH3A+UBASH3B,100,2000,554,554,2
0.9173,pearson_distance,Norman,WitnessCell,UBASH3A+UBASH3B,5000,2000,554,554,2
0.0005,mse,Norman,WitnessCell,UBASH3A+UBASH3B,5000,2000,554,554,2
0.1597,edistance,Norman,WitnessCell,UBASH3A+UBASH3B,5000,2000,554,554,2
38.3275,sym_kldiv,Norman,WitnessCell,UBASH3A+UBASH3B,5000,2000,554,554,2
0.9016,pearson_distance,Norman,WitnessCell,CBFA2T3+FEV,100,2000,159,159,2
0.1255,mse,Norman,WitnessCell,CBFA2T3+FEV,100,2000,159,159,2
1.766,edistance,Norman,WitnessCell,CBFA2T3+FEV,100,2000,159,159,2
40.9321,sym_kldiv,Norman,WitnessCell,CBFA2T3+FEV,100,2000,159,159,2
63.2914,wasserstein,Norman,WitnessCell,CBFA2T3+FEV,100,2000,159,159,2
0.0,common_degs,Norman,WitnessCell,CBFA2T3+FEV,100,2000,159,159,2
0.8496,pearson_distance,Norman,WitnessCell,CBFA2T3+FEV,5000,2000,159,159,2
0.0065,mse,Norman,WitnessCell,CBFA2T3+FEV,5000,2000,159,159,2
2.1811,edistance,Norman,WitnessCell,CBFA2T3+FEV,5000,2000,159,159,2
40.2789,sym_kldiv,Norman,WitnessCell,CBFA2T3+FEV,5000,2000,159,159,2
0.9503,pearson_distance,Norman,WitnessCell,CBFA2T3+PRDM1,100,2000,106,106,2
0.0282,mse,Norman,WitnessCell,CBFA2T3+PRDM1,100,2000,106,106,2
0.739,edistance,Norman,WitnessCell,CBFA2T3+PRDM1,100,2000,106,106,2
43.2686,sym_kldiv,Norman,WitnessCell,CBFA2T3+PRDM1,100,2000,106,106,2
49.9894,wasserstein,Norman,WitnessCell,CBFA2T3+PRDM1,100,2000,106,106,2
0.0,common_degs,Norman,WitnessCell,CBFA2T3+PRDM1,100,2000,106,106,2
0.8555,pearson_distance,Norman,WitnessCell,CBFA2T3+PRDM1,5000,2000,106,106,2
0.0033,mse,Norman,WitnessCell,CBFA2T3+PRDM1,5000,2000,106,106,2
1.4649,edistance,Norman,WitnessCell,CBFA2T3+PRDM1,5000,2000,106,106,2
40.6258,sym_kldiv,Norman,WitnessCell,CBFA2T3+PRDM1,5000,2000,106,106,2
0.8119,pearson_distance,Norman,WitnessCell,CBL+TGFBR2,100,2000,188,188,2
0.0493,mse,Norman,WitnessCell,CBL+TGFBR2,100,2000,188,188,2
0.8379,edistance,Norman,WitnessCell,CBL+TGFBR2,100,2000,188,188,2
42.6688,sym_kldiv,Norman,WitnessCell,CBL+TGFBR2,100,2000,188,188,2
36.2007,wasserstein,Norman,WitnessCell,CBL+TGFBR2,100,2000,188,188,2
0.0,common_degs,Norman,WitnessCell,CBL+TGFBR2,100,2000,188,188,2
0.6194,pearson_distance,Norman,WitnessCell,CBL+TGFBR2,5000,2000,188,188,2
0.0021,mse,Norman,WitnessCell,CBL+TGFBR2,5000,2000,188,188,2
0.5806,edistance,Norman,WitnessCell,CBL+TGFBR2,5000,2000,188,188,2
39.7591,sym_kldiv,Norman,WitnessCell,CBL+TGFBR2,5000,2000,188,188,2
0.9627,pearson_distance,Norman,WitnessCell,CEBPB+FOSB,100,2000,71,71,2
0.0538,mse,Norman,WitnessCell,CEBPB+FOSB,100,2000,71,71,2
1.185,edistance,Norman,WitnessCell,CEBPB+FOSB,100,2000,71,71,2
44.3389,sym_kldiv,Norman,WitnessCell,CEBPB+FOSB,100,2000,71,71,2
47.4507,wasserstein,Norman,WitnessCell,CEBPB+FOSB,100,2000,71,71,2
0.0,common_degs,Norman,WitnessCell,CEBPB+FOSB,100,2000,71,71,2
0.8432,pearson_distance,Norman,WitnessCell,CEBPB+FOSB,5000,2000,71,71,2
0.0052,mse,Norman,WitnessCell,CEBPB+FOSB,5000,2000,71,71,2
1.705,edistance,Norman,WitnessCell,CEBPB+FOSB,5000,2000,71,71,2
41.1526,sym_kldiv,Norman,WitnessCell,CEBPB+FOSB,5000,2000,71,71,2
0.96,pearson_distance,Norman,WitnessCell,CLDN6+KLF1,100,2000,237,237,2
0.0187,mse,Norman,WitnessCell,CLDN6+KLF1,100,2000,237,237,2
0.3782,edistance,Norman,WitnessCell,CLDN6+KLF1,100,2000,237,237,2
40.0498,sym_kldiv,Norman,WitnessCell,CLDN6+KLF1,100,2000,237,237,2
48.4442,wasserstein,Norman,WitnessCell,CLDN6+KLF1,100,2000,237,237,2
0.0,common_degs,Norman,WitnessCell,CLDN6+KLF1,100,2000,237,237,2
0.8795,pearson_distance,Norman,WitnessCell,CLDN6+KLF1,5000,2000,237,237,2
0.0018,mse,Norman,WitnessCell,CLDN6+KLF1,5000,2000,237,237,2
0.4985,edistance,Norman,WitnessCell,CLDN6+KLF1,5000,2000,237,237,2
39.3227,sym_kldiv,Norman,WitnessCell,CLDN6+KLF1,5000,2000,237,237,2
0.9453,pearson_distance,Norman,WitnessCell,DLX2+SNAI1,100,2000,131,131,2
0.0173,mse,Norman,WitnessCell,DLX2+SNAI1,100,2000,131,131,2
0.5507,edistance,Norman,WitnessCell,DLX2+SNAI1,100,2000,131,131,2
42.2301,sym_kldiv,Norman,WitnessCell,DLX2+SNAI1,100,2000,131,131,2
52.1555,wasserstein,Norman,WitnessCell,DLX2+SNAI1,100,2000,131,131,2
0.0,common_degs,Norman,WitnessCell,DLX2+SNAI1,100,2000,131,131,2
0.8915,pearson_distance,Norman,WitnessCell,DLX2+SNAI1,5000,2000,131,131,2
0.0019,mse,Norman,WitnessCell,DLX2+SNAI1,5000,2000,131,131,2
0.7977,edistance,Norman,WitnessCell,DLX2+SNAI1,5000,2000,131,131,2
40.2674,sym_kldiv,Norman,WitnessCell,DLX2+SNAI1,5000,2000,131,131,2
0.9642,pearson_distance,Norman,WitnessCell,ETS2+MAPK1,100,2000,459,459,2
0.031,mse,Norman,WitnessCell,ETS2+MAPK1,100,2000,459,459,2
0.5295,edistance,Norman,WitnessCell,ETS2+MAPK1,100,2000,459,459,2
1.0646,sym_kldiv,Norman,WitnessCell,ETS2+MAPK1,100,2000,459,459,2
48.9587,wasserstein,Norman,WitnessCell,ETS2+MAPK1,100,2000,459,459,2
0.0,common_degs,Norman,WitnessCell,ETS2+MAPK1,100,2000,459,459,2
0.9164,pearson_distance,Norman,WitnessCell,ETS2+MAPK1,5000,2000,459,459,2
0.0018,mse,Norman,WitnessCell,ETS2+MAPK1,5000,2000,459,459,2
0.5514,edistance,Norman,WitnessCell,ETS2+MAPK1,5000,2000,459,459,2
39.4532,sym_kldiv,Norman,WitnessCell,ETS2+MAPK1,5000,2000,459,459,2
0.9806,pearson_distance,Norman,WitnessCell,FEV+ISL2,100,2000,284,284,2
0.0278,mse,Norman,WitnessCell,FEV+ISL2,100,2000,284,284,2
0.5459,edistance,Norman,WitnessCell,FEV+ISL2,100,2000,284,284,2
0.8238,sym_kldiv,Norman,WitnessCell,FEV+ISL2,100,2000,284,284,2
49.1175,wasserstein,Norman,WitnessCell,FEV+ISL2,100,2000,284,284,2
0.0,common_degs,Norman,WitnessCell,FEV+ISL2,100,2000,284,284,2
0.9218,pearson_distance,Norman,WitnessCell,FEV+ISL2,5000,2000,284,284,2
0.0021,mse,Norman,WitnessCell,FEV+ISL2,5000,2000,284,284,2
0.947,edistance,Norman,WitnessCell,FEV+ISL2,5000,2000,284,284,2
39.6855,sym_kldiv,Norman,WitnessCell,FEV+ISL2,5000,2000,284,284,2
0.9641,pearson_distance,Norman,WitnessCell,FOSB+OSR2,100,2000,382,382,2
0.0234,mse,Norman,WitnessCell,FOSB+OSR2,100,2000,382,382,2
0.4708,edistance,Norman,WitnessCell,FOSB+OSR2,100,2000,382,382,2
2.0216,sym_kldiv,Norman,WitnessCell,FOSB+OSR2,100,2000,382,382,2
50.6472,wasserstein,Norman,WitnessCell,FOSB+OSR2,100,2000,382,382,2
0.0,common_degs,Norman,WitnessCell,FOSB+OSR2,100,2000,382,382,2
0.9072,pearson_distance,Norman,WitnessCell,FOSB+OSR2,5000,2000,382,382,2
0.0016,mse,Norman,WitnessCell,FOSB+OSR2,5000,2000,382,382,2
0.4747,edistance,Norman,WitnessCell,FOSB+OSR2,5000,2000,382,382,2
39.5341,sym_kldiv,Norman,WitnessCell,FOSB+OSR2,5000,2000,382,382,2
0.9493,pearson_distance,Norman,WitnessCell,FOSB+PTPN12,100,2000,345,345,2
0.0049,mse,Norman,WitnessCell,FOSB+PTPN12,100,2000,345,345,2
0.1071,edistance,Norman,WitnessCell,FOSB+PTPN12,100,2000,345,345,2
39.2395,sym_kldiv,Norman,WitnessCell,FOSB+PTPN12,100,2000,345,345,2
35.3478,wasserstein,Norman,WitnessCell,FOSB+PTPN12,100,2000,345,345,2
0.0,common_degs,Norman,WitnessCell,FOSB+PTPN12,100,2000,345,345,2
0.7823,pearson_distance,Norman,WitnessCell,FOSB+PTPN12,5000,2000,345,345,2
0.0008,mse,Norman,WitnessCell,FOSB+PTPN12,5000,2000,345,345,2
0.2377,edistance,Norman,WitnessCell,FOSB+PTPN12,5000,2000,345,345,2
38.8735,sym_kldiv,Norman,WitnessCell,FOSB+PTPN12,5000,2000,345,345,2
0.9593,pearson_distance,Norman,WitnessCell,FOSB+UBASH3B,100,2000,426,426,2
0.0028,mse,Norman,WitnessCell,FOSB+UBASH3B,100,2000,426,426,2
0.0805,edistance,Norman,WitnessCell,FOSB+UBASH3B,100,2000,426,426,2
0.4411,sym_kldiv,Norman,WitnessCell,FOSB+UBASH3B,100,2000,426,426,2
35.3055,wasserstein,Norman,WitnessCell,FOSB+UBASH3B,100,2000,426,426,2
0.0,common_degs,Norman,WitnessCell,FOSB+UBASH3B,100,2000,426,426,2
0.8284,pearson_distance,Norman,WitnessCell,FOSB+UBASH3B,5000,2000,426,426,2
0.0006,mse,Norman,WitnessCell,FOSB+UBASH3B,5000,2000,426,426,2
0.1975,edistance,Norman,WitnessCell,FOSB+UBASH3B,5000,2000,426,426,2
38.657,sym_kldiv,Norman,WitnessCell,FOSB+UBASH3B,5000,2000,426,426,2
0.972,pearson_distance,Norman,WitnessCell,FOXA3+FOXF1,100,2000,175,175,2
0.006,mse,Norman,WitnessCell,FOXA3+FOXF1,100,2000,175,175,2
0.2457,edistance,Norman,WitnessCell,FOXA3+FOXF1,100,2000,175,175,2
40.502,sym_kldiv,Norman,WitnessCell,FOXA3+FOXF1,100,2000,175,175,2
48.1358,wasserstein,Norman,WitnessCell,FOXA3+FOXF1,100,2000,175,175,2
0.0,common_degs,Norman,WitnessCell,FOXA3+FOXF1,100,2000,175,175,2
0.8699,pearson_distance,Norman,WitnessCell,FOXA3+FOXF1,5000,2000,175,175,2
0.0012,mse,Norman,WitnessCell,FOXA3+FOXF1,5000,2000,175,175,2
0.5744,edistance,Norman,WitnessCell,FOXA3+FOXF1,5000,2000,175,175,2
39.7069,sym_kldiv,Norman,WitnessCell,FOXA3+FOXF1,5000,2000,175,175,2
0.971,pearson_distance,Norman,WitnessCell,FOXF1+HOXB9,100,2000,200,200,2
0.0116,mse,Norman,WitnessCell,FOXF1+HOXB9,100,2000,200,200,2
0.2858,edistance,Norman,WitnessCell,FOXF1+HOXB9,100,2000,200,200,2
40.2897,sym_kldiv,Norman,WitnessCell,FOXF1+HOXB9,100,2000,200,200,2
50.3123,wasserstein,Norman,WitnessCell,FOXF1+HOXB9,100,2000,200,200,2
0.0,common_degs,Norman,WitnessCell,FOXF1+HOXB9,100,2000,200,200,2
0.8919,pearson_distance,Norman,WitnessCell,FOXF1+HOXB9,5000,2000,200,200,2
0.0012,mse,Norman,WitnessCell,FOXF1+HOXB9,5000,2000,200,200,2
0.5711,edistance,Norman,WitnessCell,FOXF1+HOXB9,5000,2000,200,200,2
39.5687,sym_kldiv,Norman,WitnessCell,FOXF1+HOXB9,5000,2000,200,200,2
0.9592,pearson_distance,Norman,WitnessCell,HOXC13+ZC3HAV1,100,2000,618,618,2
0.0101,mse,Norman,WitnessCell,HOXC13+ZC3HAV1,100,2000,618,618,2
0.2611,edistance,Norman,WitnessCell,HOXC13+ZC3HAV1,100,2000,618,618,2
0.754,sym_kldiv,Norman,WitnessCell,HOXC13+ZC3HAV1,100,2000,618,618,2
47.4215,wasserstein,Norman,WitnessCell,HOXC13+ZC3HAV1,100,2000,618,618,2
0.0,common_degs,Norman,WitnessCell,HOXC13+ZC3HAV1,100,2000,618,618,2
0.8765,pearson_distance,Norman,WitnessCell,HOXC13+ZC3HAV1,5000,2000,618,618,2
0.0013,mse,Norman,WitnessCell,HOXC13+ZC3HAV1,5000,2000,618,618,2
0.4296,edistance,Norman,WitnessCell,HOXC13+ZC3HAV1,5000,2000,618,618,2
38.6386,sym_kldiv,Norman,WitnessCell,HOXC13+ZC3HAV1,5000,2000,618,618,2
0.837,pearson_distance,Norman,WitnessCell,IRF1+SET,100,2000,444,444,2
0.1225,mse,Norman,WitnessCell,IRF1+SET,100,2000,444,444,2
1.8892,edistance,Norman,WitnessCell,IRF1+SET,100,2000,444,444,2
4.9113,sym_kldiv,Norman,WitnessCell,IRF1+SET,100,2000,444,444,2
54.5501,wasserstein,Norman,WitnessCell,IRF1+SET,100,2000,444,444,2
0.0,common_degs,Norman,WitnessCell,IRF1+SET,100,2000,444,444,2
0.721,pearson_distance,Norman,WitnessCell,IRF1+SET,5000,2000,444,444,2
0.0049,mse,Norman,WitnessCell,IRF1+SET,5000,2000,444,444,2
1.0738,edistance,Norman,WitnessCell,IRF1+SET,5000,2000,444,444,2
39.8876,sym_kldiv,Norman,WitnessCell,IRF1+SET,5000,2000,444,444,2
0.9097,pearson_distance,Norman,WitnessCell,KLF1+SET,100,2000,667,667,2
0.0279,mse,Norman,WitnessCell,KLF1+SET,100,2000,667,667,2
0.4649,edistance,Norman,WitnessCell,KLF1+SET,100,2000,667,667,2
0.7816,sym_kldiv,Norman,WitnessCell,KLF1+SET,100,2000,667,667,2
40.0436,wasserstein,Norman,WitnessCell,KLF1+SET,100,2000,667,667,2
0.0,common_degs,Norman,WitnessCell,KLF1+SET,100,2000,667,667,2
0.8464,pearson_distance,Norman,WitnessCell,KLF1+SET,5000,2000,667,667,2
0.0015,mse,Norman,WitnessCell,KLF1+SET,5000,2000,667,667,2
0.3674,edistance,Norman,WitnessCell,KLF1+SET,5000,2000,667,667,2
38.3688,sym_kldiv,Norman,WitnessCell,KLF1+SET,5000,2000,667,667,2
0.7399,pearson_distance,Norman,WitnessCell,MAP2K3+MAP2K6,100,2000,571,571,2
0.0155,mse,Norman,WitnessCell,MAP2K3+MAP2K6,100,2000,571,571,2
0.334,edistance,Norman,WitnessCell,MAP2K3+MAP2K6,100,2000,571,571,2
0.172,sym_kldiv,Norman,WitnessCell,MAP2K3+MAP2K6,100,2000,571,571,2
39.3813,wasserstein,Norman,WitnessCell,MAP2K3+MAP2K6,100,2000,571,571,2
0.0,common_degs,Norman,WitnessCell,MAP2K3+MAP2K6,100,2000,571,571,2
0.432,pearson_distance,Norman,WitnessCell,MAP2K3+MAP2K6,5000,2000,571,571,2
0.001,mse,Norman,WitnessCell,MAP2K3+MAP2K6,5000,2000,571,571,2
0.3572,edistance,Norman,WitnessCell,MAP2K3+MAP2K6,5000,2000,571,571,2
38.2412,sym_kldiv,Norman,WitnessCell,MAP2K3+MAP2K6,5000,2000,571,571,2
0.9684,pearson_distance,Norman,WitnessCell,PTPN12+ZBTB10,100,2000,265,265,2
0.0095,mse,Norman,WitnessCell,PTPN12+ZBTB10,100,2000,265,265,2
0.3239,edistance,Norman,WitnessCell,PTPN12+ZBTB10,100,2000,265,265,2
39.5679,sym_kldiv,Norman,WitnessCell,PTPN12+ZBTB10,100,2000,265,265,2
50.0171,wasserstein,Norman,WitnessCell,PTPN12+ZBTB10,100,2000,265,265,2
0.0,common_degs,Norman,WitnessCell,PTPN12+ZBTB10,100,2000,265,265,2
0.8898,pearson_distance,Norman,WitnessCell,PTPN12+ZBTB10,5000,2000,265,265,2
0.0019,mse,Norman,WitnessCell,PTPN12+ZBTB10,5000,2000,265,265,2
0.7743,edistance,Norman,WitnessCell,PTPN12+ZBTB10,5000,2000,265,265,2
39.6327,sym_kldiv,Norman,WitnessCell,PTPN12+ZBTB10,5000,2000,265,265,2
0.9908,pearson_distance,Norman,WitnessCell,SGK1+TBX2,100,2000,349,349,2
0.0033,mse,Norman,WitnessCell,SGK1+TBX2,100,2000,349,349,2
0.1365,edistance,Norman,WitnessCell,SGK1+TBX2,100,2000,349,349,2
0.5887,sym_kldiv,Norman,WitnessCell,SGK1+TBX2,100,2000,349,349,2
46.1395,wasserstein,Norman,WitnessCell,SGK1+TBX2,100,2000,349,349,2
0.0,common_degs,Norman,WitnessCell,SGK1+TBX2,100,2000,349,349,2
0.9407,pearson_distance,Norman,WitnessCell,SGK1+TBX2,5000,2000,349,349,2
0.0007,mse,Norman,WitnessCell,SGK1+TBX2,5000,2000,349,349,2
0.2943,edistance,Norman,WitnessCell,SGK1+TBX2,5000,2000,349,349,2
39.2543,sym_kldiv,Norman,WitnessCell,SGK1+TBX2,5000,2000,349,349,2
0.9813,pearson_distance,Norman,WitnessCell,SGK1+TBX3,100,2000,300,300,2
0.0104,mse,Norman,WitnessCell,SGK1+TBX3,100,2000,300,300,2
0.2647,edistance,Norman,WitnessCell,SGK1+TBX3,100,2000,300,300,2
3.1913,sym_kldiv,Norman,WitnessCell,SGK1+TBX3,100,2000,300,300,2
47.653,wasserstein,Norman,WitnessCell,SGK1+TBX3,100,2000,300,300,2
0.0,common_degs,Norman,WitnessCell,SGK1+TBX3,100,2000,300,300,2
0.9221,pearson_distance,Norman,WitnessCell,SGK1+TBX3,5000,2000,300,300,2
0.001,mse,Norman,WitnessCell,SGK1+TBX3,5000,2000,300,300,2
0.3339,edistance,Norman,WitnessCell,SGK1+TBX3,5000,2000,300,300,2
39.1009,sym_kldiv,Norman,WitnessCell,SGK1+TBX3,5000,2000,300,300,2
0.0636,pearson_distance,Norman,WitnessCell,BAK1,100,2000,1457,1457,2
0.0082,mse,Norman,WitnessCell,BAK1,100,2000,1457,1457,2
0.1695,edistance,Norman,WitnessCell,BAK1,100,2000,1457,1457,2
36.0408,sym_kldiv,Norman,WitnessCell,BAK1,100,2000,1457,1457,2
24.8532,wasserstein,Norman,WitnessCell,BAK1,100,2000,1457,1457,2
0.0,common_degs,Norman,WitnessCell,BAK1,100,2000,1457,1457,2
-0.0912,pearson_distance,Norman,WitnessCell,BAK1,5000,2000,1457,1457,2
0.001,mse,Norman,WitnessCell,BAK1,5000,2000,1457,1457,2
0.256,edistance,Norman,WitnessCell,BAK1,5000,2000,1457,1457,2
37.254,sym_kldiv,Norman,WitnessCell,BAK1,5000,2000,1457,1457,2
0.6671,pearson_distance,Norman,WitnessCell,BPGM,100,2000,464,464,2
0.0533,mse,Norman,WitnessCell,BPGM,100,2000,464,464,2
0.7926,edistance,Norman,WitnessCell,BPGM,100,2000,464,464,2
1.8318,sym_kldiv,Norman,WitnessCell,BPGM,100,2000,464,464,2
44.3793,wasserstein,Norman,WitnessCell,BPGM,100,2000,464,464,2
0.0,common_degs,Norman,WitnessCell,BPGM,100,2000,464,464,2
0.4551,pearson_distance,Norman,WitnessCell,BPGM,5000,2000,464,464,2
0.0018,mse,Norman,WitnessCell,BPGM,5000,2000,464,464,2
0.4366,edistance,Norman,WitnessCell,BPGM,5000,2000,464,464,2
38.6248,sym_kldiv,Norman,WitnessCell,BPGM,5000,2000,464,464,2
0.5592,pearson_distance,Norman,WitnessCell,CEBPE,100,2000,1233,1233,2
0.2019,mse,Norman,WitnessCell,CEBPE,100,2000,1233,1233,2
2.2632,edistance,Norman,WitnessCell,CEBPE,100,2000,1233,1233,2
1.9982,sym_kldiv,Norman,WitnessCell,CEBPE,100,2000,1233,1233,2
78.3696,wasserstein,Norman,WitnessCell,CEBPE,100,2000,1233,1233,2
0.0,common_degs,Norman,WitnessCell,CEBPE,100,2000,1233,1233,2
0.5424,pearson_distance,Norman,WitnessCell,CEBPE,5000,2000,1233,1233,2
0.0064,mse,Norman,WitnessCell,CEBPE,5000,2000,1233,1233,2
1.2394,edistance,Norman,WitnessCell,CEBPE,5000,2000,1233,1233,2
38.5388,sym_kldiv,Norman,WitnessCell,CEBPE,5000,2000,1233,1233,2
0.5139,pearson_distance,Norman,WitnessCell,CNN1,100,2000,765,765,2
0.0794,mse,Norman,WitnessCell,CNN1,100,2000,765,765,2
1.1249,edistance,Norman,WitnessCell,CNN1,100,2000,765,765,2
0.628,sym_kldiv,Norman,WitnessCell,CNN1,100,2000,765,765,2
49.166,wasserstein,Norman,WitnessCell,CNN1,100,2000,765,765,2
0.0,common_degs,Norman,WitnessCell,CNN1,100,2000,765,765,2
0.3991,pearson_distance,Norman,WitnessCell,CNN1,5000,2000,765,765,2
0.0023,mse,Norman,WitnessCell,CNN1,5000,2000,765,765,2
0.5129,edistance,Norman,WitnessCell,CNN1,5000,2000,765,765,2
38.1279,sym_kldiv,Norman,WitnessCell,CNN1,5000,2000,765,765,2
0.4892,pearson_distance,Norman,WitnessCell,COL1A1,100,2000,328,328,2
0.1157,mse,Norman,WitnessCell,COL1A1,100,2000,328,328,2
1.5529,edistance,Norman,WitnessCell,COL1A1,100,2000,328,328,2
1.9935,sym_kldiv,Norman,WitnessCell,COL1A1,100,2000,328,328,2
55.6733,wasserstein,Norman,WitnessCell,COL1A1,100,2000,328,328,2
0.0,common_degs,Norman,WitnessCell,COL1A1,100,2000,328,328,2
0.4495,pearson_distance,Norman,WitnessCell,COL1A1,5000,2000,328,328,2
0.0042,mse,Norman,WitnessCell,COL1A1,5000,2000,328,328,2
0.8888,edistance,Norman,WitnessCell,COL1A1,5000,2000,328,328,2
38.8592,sym_kldiv,Norman,WitnessCell,COL1A1,5000,2000,328,328,2
0.7074,pearson_distance,Norman,WitnessCell,FOXA1,100,2000,851,851,2
0.0166,mse,Norman,WitnessCell,FOXA1,100,2000,851,851,2
0.2788,edistance,Norman,WitnessCell,FOXA1,100,2000,851,851,2
1.2662,sym_kldiv,Norman,WitnessCell,FOXA1,100,2000,851,851,2
39.6671,wasserstein,Norman,WitnessCell,FOXA1,100,2000,851,851,2
0.0,common_degs,Norman,WitnessCell,FOXA1,100,2000,851,851,2
0.6348,pearson_distance,Norman,WitnessCell,FOXA1,5000,2000,851,851,2
0.0007,mse,Norman,WitnessCell,FOXA1,5000,2000,851,851,2
0.2061,edistance,Norman,WitnessCell,FOXA1,5000,2000,851,851,2
37.9757,sym_kldiv,Norman,WitnessCell,FOXA1,5000,2000,851,851,2
0.7152,pearson_distance,Norman,WitnessCell,FOXL2,100,2000,652,652,2
0.0291,mse,Norman,WitnessCell,FOXL2,100,2000,652,652,2
0.4331,edistance,Norman,WitnessCell,FOXL2,100,2000,652,652,2
0.4634,sym_kldiv,Norman,WitnessCell,FOXL2,100,2000,652,652,2
45.5129,wasserstein,Norman,WitnessCell,FOXL2,100,2000,652,652,2
0.0,common_degs,Norman,WitnessCell,FOXL2,100,2000,652,652,2
0.6616,pearson_distance,Norman,WitnessCell,FOXL2,5000,2000,652,652,2
0.0013,mse,Norman,WitnessCell,FOXL2,5000,2000,652,652,2
0.3695,edistance,Norman,WitnessCell,FOXL2,5000,2000,652,652,2
38.3482,sym_kldiv,Norman,WitnessCell,FOXL2,5000,2000,652,652,2
0.6893,pearson_distance,Norman,WitnessCell,HES7,100,2000,126,126,2
0.181,mse,Norman,WitnessCell,HES7,100,2000,126,126,2
2.3237,edistance,Norman,WitnessCell,HES7,100,2000,126,126,2
43.1773,sym_kldiv,Norman,WitnessCell,HES7,100,2000,126,126,2
68.2799,wasserstein,Norman,WitnessCell,HES7,100,2000,126,126,2
0.0,common_degs,Norman,WitnessCell,HES7,100,2000,126,126,2
0.4932,pearson_distance,Norman,WitnessCell,HES7,5000,2000,126,126,2
0.0085,mse,Norman,WitnessCell,HES7,5000,2000,126,126,2
2.1203,edistance,Norman,WitnessCell,HES7,5000,2000,126,126,2
40.4368,sym_kldiv,Norman,WitnessCell,HES7,5000,2000,126,126,2
0.6557,pearson_distance,Norman,WitnessCell,HNF4A,100,2000,237,237,2
0.0733,mse,Norman,WitnessCell,HNF4A,100,2000,237,237,2
1.0545,edistance,Norman,WitnessCell,HNF4A,100,2000,237,237,2
44.7926,sym_kldiv,Norman,WitnessCell,HNF4A,100,2000,237,237,2
50.4871,wasserstein,Norman,WitnessCell,HNF4A,100,2000,237,237,2
0.0,common_degs,Norman,WitnessCell,HNF4A,100,2000,237,237,2
0.5853,pearson_distance,Norman,WitnessCell,HNF4A,5000,2000,237,237,2
0.0034,mse,Norman,WitnessCell,HNF4A,5000,2000,237,237,2
0.8145,edistance,Norman,WitnessCell,HNF4A,5000,2000,237,237,2
40.6838,sym_kldiv,Norman,WitnessCell,HNF4A,5000,2000,237,237,2
0.9147,pearson_distance,Norman,WitnessCell,HOXA13,100,2000,274,274,2
0.1141,mse,Norman,WitnessCell,HOXA13,100,2000,274,274,2
1.4021,edistance,Norman,WitnessCell,HOXA13,100,2000,274,274,2
3.2276,sym_kldiv,Norman,WitnessCell,HOXA13,100,2000,274,274,2
67.5811,wasserstein,Norman,WitnessCell,HOXA13,100,2000,274,274,2
0.0,common_degs,Norman,WitnessCell,HOXA13,100,2000,274,274,2
0.7097,pearson_distance,Norman,WitnessCell,HOXA13,5000,2000,274,274,2
0.0053,mse,Norman,WitnessCell,HOXA13,5000,2000,274,274,2
1.3707,edistance,Norman,WitnessCell,HOXA13,5000,2000,274,274,2
39.4838,sym_kldiv,Norman,WitnessCell,HOXA13,5000,2000,274,274,2
0.7945,pearson_distance,Norman,WitnessCell,IGDCC3,100,2000,613,613,2
0.0442,mse,Norman,WitnessCell,IGDCC3,100,2000,613,613,2
0.6636,edistance,Norman,WitnessCell,IGDCC3,100,2000,613,613,2
0.8369,sym_kldiv,Norman,WitnessCell,IGDCC3,100,2000,613,613,2
46.7303,wasserstein,Norman,WitnessCell,IGDCC3,100,2000,613,613,2
0.0,common_degs,Norman,WitnessCell,IGDCC3,100,2000,613,613,2
0.6462,pearson_distance,Norman,WitnessCell,IGDCC3,5000,2000,613,613,2
0.0016,mse,Norman,WitnessCell,IGDCC3,5000,2000,613,613,2
0.3773,edistance,Norman,WitnessCell,IGDCC3,5000,2000,613,613,2
38.2196,sym_kldiv,Norman,WitnessCell,IGDCC3,5000,2000,613,613,2
0.6957,pearson_distance,Norman,WitnessCell,JUN,100,2000,266,266,2
0.0541,mse,Norman,WitnessCell,JUN,100,2000,266,266,2
0.7701,edistance,Norman,WitnessCell,JUN,100,2000,266,266,2
40.4817,sym_kldiv,Norman,WitnessCell,JUN,100,2000,266,266,2
49.7734,wasserstein,Norman,WitnessCell,JUN,100,2000,266,266,2
0.0,common_degs,Norman,WitnessCell,JUN,100,2000,266,266,2
0.5729,pearson_distance,Norman,WitnessCell,JUN,5000,2000,266,266,2
0.0022,mse,Norman,WitnessCell,JUN,5000,2000,266,266,2
0.5888,edistance,Norman,WitnessCell,JUN,5000,2000,266,266,2
39.5434,sym_kldiv,Norman,WitnessCell,JUN,5000,2000,266,266,2
0.5125,pearson_distance,Norman,WitnessCell,KIF2C,100,2000,634,634,2
0.0092,mse,Norman,WitnessCell,KIF2C,100,2000,634,634,2
0.1848,edistance,Norman,WitnessCell,KIF2C,100,2000,634,634,2
0.5014,sym_kldiv,Norman,WitnessCell,KIF2C,100,2000,634,634,2
34.9578,wasserstein,Norman,WitnessCell,KIF2C,100,2000,634,634,2
0.0,common_degs,Norman,WitnessCell,KIF2C,100,2000,634,634,2
0.4697,pearson_distance,Norman,WitnessCell,KIF2C,5000,2000,634,634,2
0.0006,mse,Norman,WitnessCell,KIF2C,5000,2000,634,634,2
0.1869,edistance,Norman,WitnessCell,KIF2C,5000,2000,634,634,2
38.0993,sym_kldiv,Norman,WitnessCell,KIF2C,5000,2000,634,634,2
0.2951,pearson_distance,Norman,WitnessCell,NCL,100,2000,237,237,2
0.0082,mse,Norman,WitnessCell,NCL,100,2000,237,237,2
0.2386,edistance,Norman,WitnessCell,NCL,100,2000,237,237,2
42.9293,sym_kldiv,Norman,WitnessCell,NCL,100,2000,237,237,2
11.6456,wasserstein,Norman,WitnessCell,NCL,100,2000,237,237,2
0.0,common_degs,Norman,WitnessCell,NCL,100,2000,237,237,2
0.3059,pearson_distance,Norman,WitnessCell,NCL,5000,2000,237,237,2
0.0011,mse,Norman,WitnessCell,NCL,5000,2000,237,237,2
0.3529,edistance,Norman,WitnessCell,NCL,5000,2000,237,237,2
39.3713,sym_kldiv,Norman,WitnessCell,NCL,5000,2000,237,237,2
0.7877,pearson_distance,Norman,WitnessCell,POU3F2,100,2000,359,359,2
0.0217,mse,Norman,WitnessCell,POU3F2,100,2000,359,359,2
0.3478,edistance,Norman,WitnessCell,POU3F2,100,2000,359,359,2
1.1259,sym_kldiv,Norman,WitnessCell,POU3F2,100,2000,359,359,2
41.6743,wasserstein,Norman,WitnessCell,POU3F2,100,2000,359,359,2
0.0,common_degs,Norman,WitnessCell,POU3F2,100,2000,359,359,2
0.6358,pearson_distance,Norman,WitnessCell,POU3F2,5000,2000,359,359,2
0.0011,mse,Norman,WitnessCell,POU3F2,5000,2000,359,359,2
0.3438,edistance,Norman,WitnessCell,POU3F2,5000,2000,359,359,2
39.0188,sym_kldiv,Norman,WitnessCell,POU3F2,5000,2000,359,359,2
0.6222,pearson_distance,Norman,WitnessCell,PTPN13,100,2000,270,270,2
0.0401,mse,Norman,WitnessCell,PTPN13,100,2000,270,270,2
0.6556,edistance,Norman,WitnessCell,PTPN13,100,2000,270,270,2
42.1583,sym_kldiv,Norman,WitnessCell,PTPN13,100,2000,270,270,2
38.0087,wasserstein,Norman,WitnessCell,PTPN13,100,2000,270,270,2
0.0,common_degs,Norman,WitnessCell,PTPN13,100,2000,270,270,2
0.4685,pearson_distance,Norman,WitnessCell,PTPN13,5000,2000,270,270,2
0.0016,mse,Norman,WitnessCell,PTPN13,5000,2000,270,270,2
0.433,edistance,Norman,WitnessCell,PTPN13,5000,2000,270,270,2
39.3024,sym_kldiv,Norman,WitnessCell,PTPN13,5000,2000,270,270,2
0.7031,pearson_distance,Norman,WitnessCell,RREB1,100,2000,331,331,2
0.0241,mse,Norman,WitnessCell,RREB1,100,2000,331,331,2
0.3824,edistance,Norman,WitnessCell,RREB1,100,2000,331,331,2
37.923,sym_kldiv,Norman,WitnessCell,RREB1,100,2000,331,331,2
42.4219,wasserstein,Norman,WitnessCell,RREB1,100,2000,331,331,2
0.0,common_degs,Norman,WitnessCell,RREB1,100,2000,331,331,2
0.5757,pearson_distance,Norman,WitnessCell,RREB1,5000,2000,331,331,2
0.0012,mse,Norman,WitnessCell,RREB1,5000,2000,331,331,2
0.3297,edistance,Norman,WitnessCell,RREB1,5000,2000,331,331,2
38.9715,sym_kldiv,Norman,WitnessCell,RREB1,5000,2000,331,331,2
0.1346,pearson_distance,Norman,WitnessCell,SLC4A1,100,2000,1000,1000,2
0.0829,mse,Norman,WitnessCell,SLC4A1,100,2000,1000,1000,2
1.2148,edistance,Norman,WitnessCell,SLC4A1,100,2000,1000,1000,2
43.5794,sym_kldiv,Norman,WitnessCell,SLC4A1,100,2000,1000,1000,2
47.4212,wasserstein,Norman,WitnessCell,SLC4A1,100,2000,1000,1000,2
0.0,common_degs,Norman,WitnessCell,SLC4A1,100,2000,1000,1000,2
0.2869,pearson_distance,Norman,WitnessCell,SLC4A1,5000,2000,1000,1000,2
0.0027,mse,Norman,WitnessCell,SLC4A1,5000,2000,1000,1000,2
0.5816,edistance,Norman,WitnessCell,SLC4A1,5000,2000,1000,1000,2
39.0284,sym_kldiv,Norman,WitnessCell,SLC4A1,5000,2000,1000,1000,2
0.8735,pearson_distance,Norman,WitnessCell,SPI1,100,2000,613,613,2
0.1331,mse,Norman,WitnessCell,SPI1,100,2000,613,613,2
1.6242,edistance,Norman,WitnessCell,SPI1,100,2000,613,613,2
1.6434,sym_kldiv,Norman,WitnessCell,SPI1,100,2000,613,613,2
63.0285,wasserstein,Norman,WitnessCell,SPI1,100,2000,613,613,2
0.0,common_degs,Norman,WitnessCell,SPI1,100,2000,613,613,2
0.7126,pearson_distance,Norman,WitnessCell,SPI1,5000,2000,613,613,2
0.0053,mse,Norman,WitnessCell,SPI1,5000,2000,613,613,2
1.0535,edistance,Norman,WitnessCell,SPI1,5000,2000,613,613,2
38.8031,sym_kldiv,Norman,WitnessCell,SPI1,5000,2000,613,613,2
0.8624,pearson_distance,Norman,WitnessCell,UBASH3A,100,2000,819,819,2
0.0018,mse,Norman,WitnessCell,UBASH3A,100,2000,819,819,2
0.0624,edistance,Norman,WitnessCell,UBASH3A,100,2000,819,819,2
0.2316,sym_kldiv,Norman,WitnessCell,UBASH3A,100,2000,819,819,2
39.0095,wasserstein,Norman,WitnessCell,UBASH3A,100,2000,819,819,2
0.0,common_degs,Norman,WitnessCell,UBASH3A,100,2000,819,819,2
0.7062,pearson_distance,Norman,WitnessCell,UBASH3A,5000,2000,819,819,2
0.0004,mse,Norman,WitnessCell,UBASH3A,5000,2000,819,819,2
0.1195,edistance,Norman,WitnessCell,UBASH3A,5000,2000,819,819,2
37.7962,sym_kldiv,Norman,WitnessCell,UBASH3A,5000,2000,819,819,2
0.7041,pearson_distance,Norman,WitnessCell,CEBPE+CNN1,100,2000,237,237,2
0.0517,mse,Norman,WitnessCell,CEBPE+CNN1,100,2000,237,237,2
0.8241,edistance,Norman,WitnessCell,CEBPE+CNN1,100,2000,237,237,2
38.2519,sym_kldiv,Norman,WitnessCell,CEBPE+CNN1,100,2000,237,237,2
49.9747,wasserstein,Norman,WitnessCell,CEBPE+CNN1,100,2000,237,237,2
0.0,common_degs,Norman,WitnessCell,CEBPE+CNN1,100,2000,237,237,2
0.5955,pearson_distance,Norman,WitnessCell,CEBPE+CNN1,5000,2000,237,237,2
0.0027,mse,Norman,WitnessCell,CEBPE+CNN1,5000,2000,237,237,2
0.7098,edistance,Norman,WitnessCell,CEBPE+CNN1,5000,2000,237,237,2
39.249,sym_kldiv,Norman,WitnessCell,CEBPE+CNN1,5000,2000,237,237,2
0.7315,pearson_distance,Norman,WitnessCell,CEBPE+SPI1,100,2000,179,179,2
0.4445,mse,Norman,WitnessCell,CEBPE+SPI1,100,2000,179,179,2
4.7231,edistance,Norman,WitnessCell,CEBPE+SPI1,100,2000,179,179,2
41.2397,sym_kldiv,Norman,WitnessCell,CEBPE+SPI1,100,2000,179,179,2
111.0949,wasserstein,Norman,WitnessCell,CEBPE+SPI1,100,2000,179,179,2
0.0,common_degs,Norman,WitnessCell,CEBPE+SPI1,100,2000,179,179,2
0.5764,pearson_distance,Norman,WitnessCell,CEBPE+SPI1,5000,2000,179,179,2
0.0173,mse,Norman,WitnessCell,CEBPE+SPI1,5000,2000,179,179,2
3.5258,edistance,Norman,WitnessCell,CEBPE+SPI1,5000,2000,179,179,2
40.5016,sym_kldiv,Norman,WitnessCell,CEBPE+SPI1,5000,2000,179,179,2
0.8146,pearson_distance,Norman,WitnessCell,CNN1+UBASH3A,100,2000,178,178,2
0.1755,mse,Norman,WitnessCell,CNN1+UBASH3A,100,2000,178,178,2
2.1258,edistance,Norman,WitnessCell,CNN1+UBASH3A,100,2000,178,178,2
40.1572,sym_kldiv,Norman,WitnessCell,CNN1+UBASH3A,100,2000,178,178,2
78.6072,wasserstein,Norman,WitnessCell,CNN1+UBASH3A,100,2000,178,178,2
0.0,common_degs,Norman,WitnessCell,CNN1+UBASH3A,100,2000,178,178,2
0.6487,pearson_distance,Norman,WitnessCell,CNN1+UBASH3A,5000,2000,178,178,2
0.0061,mse,Norman,WitnessCell,CNN1+UBASH3A,5000,2000,178,178,2
1.3764,edistance,Norman,WitnessCell,CNN1+UBASH3A,5000,2000,178,178,2
39.9433,sym_kldiv,Norman,WitnessCell,CNN1+UBASH3A,5000,2000,178,178,2
0.9058,pearson_distance,Norman,WitnessCell,FOXA1+FOXL2,100,2000,192,192,2
0.0449,mse,Norman,WitnessCell,FOXA1+FOXL2,100,2000,192,192,2
0.6793,edistance,Norman,WitnessCell,FOXA1+FOXL2,100,2000,192,192,2
41.4539,sym_kldiv,Norman,WitnessCell,FOXA1+FOXL2,100,2000,192,192,2
56.3247,wasserstein,Norman,WitnessCell,FOXA1+FOXL2,100,2000,192,192,2
0.0,common_degs,Norman,WitnessCell,FOXA1+FOXL2,100,2000,192,192,2
0.7038,pearson_distance,Norman,WitnessCell,FOXA1+FOXL2,5000,2000,192,192,2
0.0029,mse,Norman,WitnessCell,FOXA1+FOXL2,5000,2000,192,192,2
0.9016,edistance,Norman,WitnessCell,FOXA1+FOXL2,5000,2000,192,192,2
39.8034,sym_kldiv,Norman,WitnessCell,FOXA1+FOXL2,5000,2000,192,192,2
0.9228,pearson_distance,Norman,WitnessCell,FOXL2+POU3F2,100,2000,309,309,2
0.0607,mse,Norman,WitnessCell,FOXL2+POU3F2,100,2000,309,309,2
0.8716,edistance,Norman,WitnessCell,FOXL2+POU3F2,100,2000,309,309,2
1.9217,sym_kldiv,Norman,WitnessCell,FOXL2+POU3F2,100,2000,309,309,2
57.3664,wasserstein,Norman,WitnessCell,FOXL2+POU3F2,100,2000,309,309,2
0.0,common_degs,Norman,WitnessCell,FOXL2+POU3F2,100,2000,309,309,2
0.7767,pearson_distance,Norman,WitnessCell,FOXL2+POU3F2,5000,2000,309,309,2
0.0034,mse,Norman,WitnessCell,FOXL2+POU3F2,5000,2000,309,309,2
1.0857,edistance,Norman,WitnessCell,FOXL2+POU3F2,5000,2000,309,309,2
39.3572,sym_kldiv,Norman,WitnessCell,FOXL2+POU3F2,5000,2000,309,309,2
0.7149,pearson_distance,Norman,WitnessCell,AHR+FEV,100,2000,276,276,3
0.251,mse,Norman,WitnessCell,AHR+FEV,100,2000,276,276,3
3.0625,edistance,Norman,WitnessCell,AHR+FEV,100,2000,276,276,3
2.6489,sym_kldiv,Norman,WitnessCell,AHR+FEV,100,2000,276,276,3
80.3476,wasserstein,Norman,WitnessCell,AHR+FEV,100,2000,276,276,3
0.0,common_degs,Norman,WitnessCell,AHR+FEV,100,2000,276,276,3
0.5533,pearson_distance,Norman,WitnessCell,AHR+FEV,5000,2000,276,276,3
0.0094,mse,Norman,WitnessCell,AHR+FEV,5000,2000,276,276,3
2.2008,edistance,Norman,WitnessCell,AHR+FEV,5000,2000,276,276,3
39.8581,sym_kldiv,Norman,WitnessCell,AHR+FEV,5000,2000,276,276,3
0.9258,pearson_distance,Norman,WitnessCell,AHR+KLF1,100,2000,481,481,3
0.024,mse,Norman,WitnessCell,AHR+KLF1,100,2000,481,481,3
0.422,edistance,Norman,WitnessCell,AHR+KLF1,100,2000,481,481,3
1.4958,sym_kldiv,Norman,WitnessCell,AHR+KLF1,100,2000,481,481,3
38.1495,wasserstein,Norman,WitnessCell,AHR+KLF1,100,2000,481,481,3
0.0,common_degs,Norman,WitnessCell,AHR+KLF1,100,2000,481,481,3
0.7403,pearson_distance,Norman,WitnessCell,AHR+KLF1,5000,2000,481,481,3
0.0017,mse,Norman,WitnessCell,AHR+KLF1,5000,2000,481,481,3
0.4224,edistance,Norman,WitnessCell,AHR+KLF1,5000,2000,481,481,3
38.5075,sym_kldiv,Norman,WitnessCell,AHR+KLF1,5000,2000,481,481,3
0.9428,pearson_distance,Norman,WitnessCell,CBL+CNN1,100,2000,348,348,3
0.1228,mse,Norman,WitnessCell,CBL+CNN1,100,2000,348,348,3
1.6147,edistance,Norman,WitnessCell,CBL+CNN1,100,2000,348,348,3
0.9816,sym_kldiv,Norman,WitnessCell,CBL+CNN1,100,2000,348,348,3
67.2612,wasserstein,Norman,WitnessCell,CBL+CNN1,100,2000,348,348,3
0.0,common_degs,Norman,WitnessCell,CBL+CNN1,100,2000,348,348,3
0.8293,pearson_distance,Norman,WitnessCell,CBL+CNN1,5000,2000,348,348,3
0.0038,mse,Norman,WitnessCell,CBL+CNN1,5000,2000,348,348,3
0.8875,edistance,Norman,WitnessCell,CBL+CNN1,5000,2000,348,348,3
39.1527,sym_kldiv,Norman,WitnessCell,CBL+CNN1,5000,2000,348,348,3
0.9624,pearson_distance,Norman,WitnessCell,CBL+UBASH3B,100,2000,410,410,3
0.0483,mse,Norman,WitnessCell,CBL+UBASH3B,100,2000,410,410,3
0.7194,edistance,Norman,WitnessCell,CBL+UBASH3B,100,2000,410,410,3
0.5334,sym_kldiv,Norman,WitnessCell,CBL+UBASH3B,100,2000,410,410,3
58.367,wasserstein,Norman,WitnessCell,CBL+UBASH3B,100,2000,410,410,3
0.0,common_degs,Norman,WitnessCell,CBL+UBASH3B,100,2000,410,410,3
0.8887,pearson_distance,Norman,WitnessCell,CBL+UBASH3B,5000,2000,410,410,3
0.002,mse,Norman,WitnessCell,CBL+UBASH3B,5000,2000,410,410,3
0.5381,edistance,Norman,WitnessCell,CBL+UBASH3B,5000,2000,410,410,3
38.9923,sym_kldiv,Norman,WitnessCell,CBL+UBASH3B,5000,2000,410,410,3
0.9434,pearson_distance,Norman,WitnessCell,CDKN1A+CDKN1B,100,2000,134,134,3
0.0171,mse,Norman,WitnessCell,CDKN1A+CDKN1B,100,2000,134,134,3
0.384,edistance,Norman,WitnessCell,CDKN1A+CDKN1B,100,2000,134,134,3
40.2122,sym_kldiv,Norman,WitnessCell,CDKN1A+CDKN1B,100,2000,134,134,3
46.5103,wasserstein,Norman,WitnessCell,CDKN1A+CDKN1B,100,2000,134,134,3
0.0,common_degs,Norman,WitnessCell,CDKN1A+CDKN1B,100,2000,134,134,3
0.8259,pearson_distance,Norman,WitnessCell,CDKN1A+CDKN1B,5000,2000,134,134,3
0.0016,mse,Norman,WitnessCell,CDKN1A+CDKN1B,5000,2000,134,134,3
0.5221,edistance,Norman,WitnessCell,CDKN1A+CDKN1B,5000,2000,134,134,3
39.6357,sym_kldiv,Norman,WitnessCell,CDKN1A+CDKN1B,5000,2000,134,134,3
0.9523,pearson_distance,Norman,WitnessCell,CDKN1A+CDKN1C,100,2000,126,126,3
0.0144,mse,Norman,WitnessCell,CDKN1A+CDKN1C,100,2000,126,126,3
0.3336,edistance,Norman,WitnessCell,CDKN1A+CDKN1C,100,2000,126,126,3
41.3674,sym_kldiv,Norman,WitnessCell,CDKN1A+CDKN1C,100,2000,126,126,3
46.7063,wasserstein,Norman,WitnessCell,CDKN1A+CDKN1C,100,2000,126,126,3
0.0,common_degs,Norman,WitnessCell,CDKN1A+CDKN1C,100,2000,126,126,3
0.8416,pearson_distance,Norman,WitnessCell,CDKN1A+CDKN1C,5000,2000,126,126,3
0.0016,mse,Norman,WitnessCell,CDKN1A+CDKN1C,5000,2000,126,126,3
0.5375,edistance,Norman,WitnessCell,CDKN1A+CDKN1C,5000,2000,126,126,3
39.6939,sym_kldiv,Norman,WitnessCell,CDKN1A+CDKN1C,5000,2000,126,126,3
0.9882,pearson_distance,Norman,WitnessCell,CEBPA+CEBPB,100,2000,64,64,3
0.0081,mse,Norman,WitnessCell,CEBPA+CEBPB,100,2000,64,64,3
1.0606,edistance,Norman,WitnessCell,CEBPA+CEBPB,100,2000,64,64,3
45.4044,sym_kldiv,Norman,WitnessCell,CEBPA+CEBPB,100,2000,64,64,3
34.8457,wasserstein,Norman,WitnessCell,CEBPA+CEBPB,100,2000,64,64,3
0.0,common_degs,Norman,WitnessCell,CEBPA+CEBPB,100,2000,64,64,3
0.9192,pearson_distance,Norman,WitnessCell,CEBPA+CEBPB,5000,2000,64,64,3
0.0037,mse,Norman,WitnessCell,CEBPA+CEBPB,5000,2000,64,64,3
2.1403,edistance,Norman,WitnessCell,CEBPA+CEBPB,5000,2000,64,64,3
41.8268,sym_kldiv,Norman,WitnessCell,CEBPA+CEBPB,5000,2000,64,64,3
0.9575,pearson_distance,Norman,WitnessCell,CEBPB+CEBPE,100,2000,114,114,3
0.0891,mse,Norman,WitnessCell,CEBPB+CEBPE,100,2000,114,114,3
1.4196,edistance,Norman,WitnessCell,CEBPB+CEBPE,100,2000,114,114,3
42.3309,sym_kldiv,Norman,WitnessCell,CEBPB+CEBPE,100,2000,114,114,3
72.3968,wasserstein,Norman,WitnessCell,CEBPB+CEBPE,100,2000,114,114,3
0.0,common_degs,Norman,WitnessCell,CEBPB+CEBPE,100,2000,114,114,3
0.8573,pearson_distance,Norman,WitnessCell,CEBPB+CEBPE,5000,2000,114,114,3
0.0048,mse,Norman,WitnessCell,CEBPB+CEBPE,5000,2000,114,114,3
1.4589,edistance,Norman,WitnessCell,CEBPB+CEBPE,5000,2000,114,114,3
40.6684,sym_kldiv,Norman,WitnessCell,CEBPB+CEBPE,5000,2000,114,114,3
0.9395,pearson_distance,Norman,WitnessCell,CEBPB+FOSB,100,2000,71,71,3
0.1365,mse,Norman,WitnessCell,CEBPB+FOSB,100,2000,71,71,3
2.0122,edistance,Norman,WitnessCell,CEBPB+FOSB,100,2000,71,71,3
44.2958,sym_kldiv,Norman,WitnessCell,CEBPB+FOSB,100,2000,71,71,3
56.1372,wasserstein,Norman,WitnessCell,CEBPB+FOSB,100,2000,71,71,3
0.0,common_degs,Norman,WitnessCell,CEBPB+FOSB,100,2000,71,71,3
0.7725,pearson_distance,Norman,WitnessCell,CEBPB+FOSB,5000,2000,71,71,3
0.0083,mse,Norman,WitnessCell,CEBPB+FOSB,5000,2000,71,71,3
2.1264,edistance,Norman,WitnessCell,CEBPB+FOSB,5000,2000,71,71,3
41.1415,sym_kldiv,Norman,WitnessCell,CEBPB+FOSB,5000,2000,71,71,3
0.9456,pearson_distance,Norman,WitnessCell,CEBPB+JUN,100,2000,59,59,3
0.0497,mse,Norman,WitnessCell,CEBPB+JUN,100,2000,59,59,3
1.125,edistance,Norman,WitnessCell,CEBPB+JUN,100,2000,59,59,3
45.4793,sym_kldiv,Norman,WitnessCell,CEBPB+JUN,100,2000,59,59,3
26.4081,wasserstein,Norman,WitnessCell,CEBPB+JUN,100,2000,59,59,3
0.0,common_degs,Norman,WitnessCell,CEBPB+JUN,100,2000,59,59,3
0.724,pearson_distance,Norman,WitnessCell,CEBPB+JUN,5000,2000,59,59,3
0.0072,mse,Norman,WitnessCell,CEBPB+JUN,5000,2000,59,59,3
2.3222,edistance,Norman,WitnessCell,CEBPB+JUN,5000,2000,59,59,3
41.3812,sym_kldiv,Norman,WitnessCell,CEBPB+JUN,5000,2000,59,59,3
0.7337,pearson_distance,Norman,WitnessCell,CEBPB+LYL1,100,2000,192,192,3
0.0614,mse,Norman,WitnessCell,CEBPB+LYL1,100,2000,192,192,3
0.9592,edistance,Norman,WitnessCell,CEBPB+LYL1,100,2000,192,192,3
41.1933,sym_kldiv,Norman,WitnessCell,CEBPB+LYL1,100,2000,192,192,3
46.258,wasserstein,Norman,WitnessCell,CEBPB+LYL1,100,2000,192,192,3
0.0,common_degs,Norman,WitnessCell,CEBPB+LYL1,100,2000,192,192,3
0.6047,pearson_distance,Norman,WitnessCell,CEBPB+LYL1,5000,2000,192,192,3
0.0028,mse,Norman,WitnessCell,CEBPB+LYL1,5000,2000,192,192,3
0.7421,edistance,Norman,WitnessCell,CEBPB+LYL1,5000,2000,192,192,3
39.4816,sym_kldiv,Norman,WitnessCell,CEBPB+LYL1,5000,2000,192,192,3
0.9415,pearson_distance,Norman,WitnessCell,CEBPB+MAPK1,100,2000,412,412,3
0.049,mse,Norman,WitnessCell,CEBPB+MAPK1,100,2000,412,412,3
0.7658,edistance,Norman,WitnessCell,CEBPB+MAPK1,100,2000,412,412,3
1.5256,sym_kldiv,Norman,WitnessCell,CEBPB+MAPK1,100,2000,412,412,3
49.3816,wasserstein,Norman,WitnessCell,CEBPB+MAPK1,100,2000,412,412,3
0.0,common_degs,Norman,WitnessCell,CEBPB+MAPK1,100,2000,412,412,3
0.8701,pearson_distance,Norman,WitnessCell,CEBPB+MAPK1,5000,2000,412,412,3
0.002,mse,Norman,WitnessCell,CEBPB+MAPK1,5000,2000,412,412,3
0.5265,edistance,Norman,WitnessCell,CEBPB+MAPK1,5000,2000,412,412,3
39.03,sym_kldiv,Norman,WitnessCell,CEBPB+MAPK1,5000,2000,412,412,3
0.9466,pearson_distance,Norman,WitnessCell,CEBPB+OSR2,100,2000,211,211,3
0.0704,mse,Norman,WitnessCell,CEBPB+OSR2,100,2000,211,211,3
1.0654,edistance,Norman,WitnessCell,CEBPB+OSR2,100,2000,211,211,3
39.2414,sym_kldiv,Norman,WitnessCell,CEBPB+OSR2,100,2000,211,211,3
65.4738,wasserstein,Norman,WitnessCell,CEBPB+OSR2,100,2000,211,211,3
0.0,common_degs,Norman,WitnessCell,CEBPB+OSR2,100,2000,211,211,3
0.8687,pearson_distance,Norman,WitnessCell,CEBPB+OSR2,5000,2000,211,211,3
0.0035,mse,Norman,WitnessCell,CEBPB+OSR2,5000,2000,211,211,3
0.9738,edistance,Norman,WitnessCell,CEBPB+OSR2,5000,2000,211,211,3
39.8537,sym_kldiv,Norman,WitnessCell,CEBPB+OSR2,5000,2000,211,211,3
0.7466,pearson_distance,Norman,WitnessCell,CEBPB+PTPN12,100,2000,331,331,3
0.0455,mse,Norman,WitnessCell,CEBPB+PTPN12,100,2000,331,331,3
0.7038,edistance,Norman,WitnessCell,CEBPB+PTPN12,100,2000,331,331,3
2.4251,sym_kldiv,Norman,WitnessCell,CEBPB+PTPN12,100,2000,331,331,3
46.881,wasserstein,Norman,WitnessCell,CEBPB+PTPN12,100,2000,331,331,3
0.0,common_degs,Norman,WitnessCell,CEBPB+PTPN12,100,2000,331,331,3
0.5959,pearson_distance,Norman,WitnessCell,CEBPB+PTPN12,5000,2000,331,331,3
0.0026,mse,Norman,WitnessCell,CEBPB+PTPN12,5000,2000,331,331,3
0.6388,edistance,Norman,WitnessCell,CEBPB+PTPN12,5000,2000,331,331,3
38.8311,sym_kldiv,Norman,WitnessCell,CEBPB+PTPN12,5000,2000,331,331,3
0.8149,pearson_distance,Norman,WitnessCell,CEBPE+CNN1,100,2000,237,237,3
0.034,mse,Norman,WitnessCell,CEBPE+CNN1,100,2000,237,237,3
0.6295,edistance,Norman,WitnessCell,CEBPE+CNN1,100,2000,237,237,3
38.4769,sym_kldiv,Norman,WitnessCell,CEBPE+CNN1,100,2000,237,237,3
48.3621,wasserstein,Norman,WitnessCell,CEBPE+CNN1,100,2000,237,237,3
0.0,common_degs,Norman,WitnessCell,CEBPE+CNN1,100,2000,237,237,3
0.7472,pearson_distance,Norman,WitnessCell,CEBPE+CNN1,5000,2000,237,237,3
0.0022,mse,Norman,WitnessCell,CEBPE+CNN1,5000,2000,237,237,3
0.6461,edistance,Norman,WitnessCell,CEBPE+CNN1,5000,2000,237,237,3
39.2644,sym_kldiv,Norman,WitnessCell,CEBPE+CNN1,5000,2000,237,237,3
0.8554,pearson_distance,Norman,WitnessCell,CLDN6+KLF1,100,2000,237,237,3
0.0945,mse,Norman,WitnessCell,CLDN6+KLF1,100,2000,237,237,3
1.341,edistance,Norman,WitnessCell,CLDN6+KLF1,100,2000,237,237,3
40.2061,sym_kldiv,Norman,WitnessCell,CLDN6+KLF1,100,2000,237,237,3
56.4854,wasserstein,Norman,WitnessCell,CLDN6+KLF1,100,2000,237,237,3
0.0,common_degs,Norman,WitnessCell,CLDN6+KLF1,100,2000,237,237,3
0.7541,pearson_distance,Norman,WitnessCell,CLDN6+KLF1,5000,2000,237,237,3
0.0035,mse,Norman,WitnessCell,CLDN6+KLF1,5000,2000,237,237,3
0.8064,edistance,Norman,WitnessCell,CLDN6+KLF1,5000,2000,237,237,3
39.3507,sym_kldiv,Norman,WitnessCell,CLDN6+KLF1,5000,2000,237,237,3
0.5258,pearson_distance,Norman,WitnessCell,CNN1+ETS2,100,2000,905,905,3
0.0592,mse,Norman,WitnessCell,CNN1+ETS2,100,2000,905,905,3
0.8456,edistance,Norman,WitnessCell,CNN1+ETS2,100,2000,905,905,3
0.545,sym_kldiv,Norman,WitnessCell,CNN1+ETS2,100,2000,905,905,3
50.1903,wasserstein,Norman,WitnessCell,CNN1+ETS2,100,2000,905,905,3
0.0,common_degs,Norman,WitnessCell,CNN1+ETS2,100,2000,905,905,3
0.5087,pearson_distance,Norman,WitnessCell,CNN1+ETS2,5000,2000,905,905,3
0.0031,mse,Norman,WitnessCell,CNN1+ETS2,5000,2000,905,905,3
0.6757,edistance,Norman,WitnessCell,CNN1+ETS2,5000,2000,905,905,3
37.9892,sym_kldiv,Norman,WitnessCell,CNN1+ETS2,5000,2000,905,905,3
0.9267,pearson_distance,Norman,WitnessCell,CNN1+MAPK1,100,2000,398,398,3
0.014,mse,Norman,WitnessCell,CNN1+MAPK1,100,2000,398,398,3
0.2768,edistance,Norman,WitnessCell,CNN1+MAPK1,100,2000,398,398,3
0.4846,sym_kldiv,Norman,WitnessCell,CNN1+MAPK1,100,2000,398,398,3
42.9038,wasserstein,Norman,WitnessCell,CNN1+MAPK1,100,2000,398,398,3
0.0,common_degs,Norman,WitnessCell,CNN1+MAPK1,100,2000,398,398,3
0.8634,pearson_distance,Norman,WitnessCell,CNN1+MAPK1,5000,2000,398,398,3
0.0011,mse,Norman,WitnessCell,CNN1+MAPK1,5000,2000,398,398,3
0.3212,edistance,Norman,WitnessCell,CNN1+MAPK1,5000,2000,398,398,3
38.8617,sym_kldiv,Norman,WitnessCell,CNN1+MAPK1,5000,2000,398,398,3
0.925,pearson_distance,Norman,WitnessCell,CNN1+UBASH3A,100,2000,178,178,3
0.1131,mse,Norman,WitnessCell,CNN1+UBASH3A,100,2000,178,178,3
1.5092,edistance,Norman,WitnessCell,CNN1+UBASH3A,100,2000,178,178,3
40.2834,sym_kldiv,Norman,WitnessCell,CNN1+UBASH3A,100,2000,178,178,3
72.2753,wasserstein,Norman,WitnessCell,CNN1+UBASH3A,100,2000,178,178,3
0.0,common_degs,Norman,WitnessCell,CNN1+UBASH3A,100,2000,178,178,3
0.7947,pearson_distance,Norman,WitnessCell,CNN1+UBASH3A,5000,2000,178,178,3
0.0041,mse,Norman,WitnessCell,CNN1+UBASH3A,5000,2000,178,178,3
1.0283,edistance,Norman,WitnessCell,CNN1+UBASH3A,5000,2000,178,178,3
39.9585,sym_kldiv,Norman,WitnessCell,CNN1+UBASH3A,5000,2000,178,178,3
0.2002,pearson_distance,Norman,WitnessCell,DUSP9+ETS2,100,2000,787,787,3
0.1491,mse,Norman,WitnessCell,DUSP9+ETS2,100,2000,787,787,3
2.0317,edistance,Norman,WitnessCell,DUSP9+ETS2,100,2000,787,787,3
0.9189,sym_kldiv,Norman,WitnessCell,DUSP9+ETS2,100,2000,787,787,3
58.1086,wasserstein,Norman,WitnessCell,DUSP9+ETS2,100,2000,787,787,3
0.0,common_degs,Norman,WitnessCell,DUSP9+ETS2,100,2000,787,787,3
0.1924,pearson_distance,Norman,WitnessCell,DUSP9+ETS2,5000,2000,787,787,3
0.0062,mse,Norman,WitnessCell,DUSP9+ETS2,5000,2000,787,787,3
1.3171,edistance,Norman,WitnessCell,DUSP9+ETS2,5000,2000,787,787,3
38.3062,sym_kldiv,Norman,WitnessCell,DUSP9+ETS2,5000,2000,787,787,3
0.9159,pearson_distance,Norman,WitnessCell,DUSP9+IGDCC3,100,2000,382,382,3
0.0817,mse,Norman,WitnessCell,DUSP9+IGDCC3,100,2000,382,382,3
1.1832,edistance,Norman,WitnessCell,DUSP9+IGDCC3,100,2000,382,382,3
1.0413,sym_kldiv,Norman,WitnessCell,DUSP9+IGDCC3,100,2000,382,382,3
57.0695,wasserstein,Norman,WitnessCell,DUSP9+IGDCC3,100,2000,382,382,3
0.0,common_degs,Norman,WitnessCell,DUSP9+IGDCC3,100,2000,382,382,3
0.7969,pearson_distance,Norman,WitnessCell,DUSP9+IGDCC3,5000,2000,382,382,3
0.0032,mse,Norman,WitnessCell,DUSP9+IGDCC3,5000,2000,382,382,3
0.8253,edistance,Norman,WitnessCell,DUSP9+IGDCC3,5000,2000,382,382,3
39.1713,sym_kldiv,Norman,WitnessCell,DUSP9+IGDCC3,5000,2000,382,382,3
0.819,pearson_distance,Norman,WitnessCell,DUSP9+KLF1,100,2000,366,366,3
0.1487,mse,Norman,WitnessCell,DUSP9+KLF1,100,2000,366,366,3
2.107,edistance,Norman,WitnessCell,DUSP9+KLF1,100,2000,366,366,3
1.3475,sym_kldiv,Norman,WitnessCell,DUSP9+KLF1,100,2000,366,366,3
56.8538,wasserstein,Norman,WitnessCell,DUSP9+KLF1,100,2000,366,366,3
0.0,common_degs,Norman,WitnessCell,DUSP9+KLF1,100,2000,366,366,3
0.7076,pearson_distance,Norman,WitnessCell,DUSP9+KLF1,5000,2000,366,366,3
0.0047,mse,Norman,WitnessCell,DUSP9+KLF1,5000,2000,366,366,3
1.0417,edistance,Norman,WitnessCell,DUSP9+KLF1,5000,2000,366,366,3
38.9312,sym_kldiv,Norman,WitnessCell,DUSP9+KLF1,5000,2000,366,366,3
0.4724,pearson_distance,Norman,WitnessCell,DUSP9+MAPK1,100,2000,290,290,3
0.0568,mse,Norman,WitnessCell,DUSP9+MAPK1,100,2000,290,290,3
0.9226,edistance,Norman,WitnessCell,DUSP9+MAPK1,100,2000,290,290,3
40.1529,sym_kldiv,Norman,WitnessCell,DUSP9+MAPK1,100,2000,290,290,3
39.9221,wasserstein,Norman,WitnessCell,DUSP9+MAPK1,100,2000,290,290,3
0.0,common_degs,Norman,WitnessCell,DUSP9+MAPK1,100,2000,290,290,3
0.4027,pearson_distance,Norman,WitnessCell,DUSP9+MAPK1,5000,2000,290,290,3
0.0038,mse,Norman,WitnessCell,DUSP9+MAPK1,5000,2000,290,290,3
0.8791,edistance,Norman,WitnessCell,DUSP9+MAPK1,5000,2000,290,290,3
39.3137,sym_kldiv,Norman,WitnessCell,DUSP9+MAPK1,5000,2000,290,290,3
0.9331,pearson_distance,Norman,WitnessCell,DUSP9+PRTG,100,2000,297,297,3
0.0838,mse,Norman,WitnessCell,DUSP9+PRTG,100,2000,297,297,3
1.2217,edistance,Norman,WitnessCell,DUSP9+PRTG,100,2000,297,297,3
1.4958,sym_kldiv,Norman,WitnessCell,DUSP9+PRTG,100,2000,297,297,3
55.2677,wasserstein,Norman,WitnessCell,DUSP9+PRTG,100,2000,297,297,3
0.0,common_degs,Norman,WitnessCell,DUSP9+PRTG,100,2000,297,297,3
0.823,pearson_distance,Norman,WitnessCell,DUSP9+PRTG,5000,2000,297,297,3
0.0032,mse,Norman,WitnessCell,DUSP9+PRTG,5000,2000,297,297,3
0.8338,edistance,Norman,WitnessCell,DUSP9+PRTG,5000,2000,297,297,3
39.428,sym_kldiv,Norman,WitnessCell,DUSP9+PRTG,5000,2000,297,297,3
0.9103,pearson_distance,Norman,WitnessCell,DUSP9+SNAI1,100,2000,183,183,3
0.131,mse,Norman,WitnessCell,DUSP9+SNAI1,100,2000,183,183,3
1.7715,edistance,Norman,WitnessCell,DUSP9+SNAI1,100,2000,183,183,3
1.3446,sym_kldiv,Norman,WitnessCell,DUSP9+SNAI1,100,2000,183,183,3
68.8514,wasserstein,Norman,WitnessCell,DUSP9+SNAI1,100,2000,183,183,3
0.0,common_degs,Norman,WitnessCell,DUSP9+SNAI1,100,2000,183,183,3
0.7952,pearson_distance,Norman,WitnessCell,DUSP9+SNAI1,5000,2000,183,183,3
0.0063,mse,Norman,WitnessCell,DUSP9+SNAI1,5000,2000,183,183,3
1.7255,edistance,Norman,WitnessCell,DUSP9+SNAI1,5000,2000,183,183,3
39.8837,sym_kldiv,Norman,WitnessCell,DUSP9+SNAI1,5000,2000,183,183,3
0.3486,pearson_distance,Norman,WitnessCell,ETS2+IKZF3,100,2000,445,445,3
0.3188,mse,Norman,WitnessCell,ETS2+IKZF3,100,2000,445,445,3
3.5692,edistance,Norman,WitnessCell,ETS2+IKZF3,100,2000,445,445,3
1.1776,sym_kldiv,Norman,WitnessCell,ETS2+IKZF3,100,2000,445,445,3
89.3464,wasserstein,Norman,WitnessCell,ETS2+IKZF3,100,2000,445,445,3
0.0,common_degs,Norman,WitnessCell,ETS2+IKZF3,100,2000,445,445,3
0.4043,pearson_distance,Norman,WitnessCell,ETS2+IKZF3,5000,2000,445,445,3
0.0091,mse,Norman,WitnessCell,ETS2+IKZF3,5000,2000,445,445,3
1.8432,edistance,Norman,WitnessCell,ETS2+IKZF3,5000,2000,445,445,3
38.9877,sym_kldiv,Norman,WitnessCell,ETS2+IKZF3,5000,2000,445,445,3
0.4785,pearson_distance,Norman,WitnessCell,FOSB+IKZF3,100,2000,247,247,3
0.1578,mse,Norman,WitnessCell,FOSB+IKZF3,100,2000,247,247,3
2.0376,edistance,Norman,WitnessCell,FOSB+IKZF3,100,2000,247,247,3
0.832,sym_kldiv,Norman,WitnessCell,FOSB+IKZF3,100,2000,247,247,3
64.6226,wasserstein,Norman,WitnessCell,FOSB+IKZF3,100,2000,247,247,3
0.0,common_degs,Norman,WitnessCell,FOSB+IKZF3,100,2000,247,247,3
0.5,pearson_distance,Norman,WitnessCell,FOSB+IKZF3,5000,2000,247,247,3
0.005,mse,Norman,WitnessCell,FOSB+IKZF3,5000,2000,247,247,3
1.138,edistance,Norman,WitnessCell,FOSB+IKZF3,5000,2000,247,247,3
39.3822,sym_kldiv,Norman,WitnessCell,FOSB+IKZF3,5000,2000,247,247,3
0.8731,pearson_distance,Norman,WitnessCell,FOSB+UBASH3B,100,2000,426,426,3
0.0144,mse,Norman,WitnessCell,FOSB+UBASH3B,100,2000,426,426,3
0.2824,edistance,Norman,WitnessCell,FOSB+UBASH3B,100,2000,426,426,3
0.5295,sym_kldiv,Norman,WitnessCell,FOSB+UBASH3B,100,2000,426,426,3
36.6214,wasserstein,Norman,WitnessCell,FOSB+UBASH3B,100,2000,426,426,3
0.0,common_degs,Norman,WitnessCell,FOSB+UBASH3B,100,2000,426,426,3
0.7649,pearson_distance,Norman,WitnessCell,FOSB+UBASH3B,5000,2000,426,426,3
0.0015,mse,Norman,WitnessCell,FOSB+UBASH3B,5000,2000,426,426,3
0.3858,edistance,Norman,WitnessCell,FOSB+UBASH3B,5000,2000,426,426,3
38.6679,sym_kldiv,Norman,WitnessCell,FOSB+UBASH3B,5000,2000,426,426,3
0.9254,pearson_distance,Norman,WitnessCell,FOXA1+HOXB9,100,2000,295,295,3
0.0614,mse,Norman,WitnessCell,FOXA1+HOXB9,100,2000,295,295,3
0.8671,edistance,Norman,WitnessCell,FOXA1+HOXB9,100,2000,295,295,3
0.7716,sym_kldiv,Norman,WitnessCell,FOXA1+HOXB9,100,2000,295,295,3
61.8907,wasserstein,Norman,WitnessCell,FOXA1+HOXB9,100,2000,295,295,3
0.0,common_degs,Norman,WitnessCell,FOXA1+HOXB9,100,2000,295,295,3
0.7886,pearson_distance,Norman,WitnessCell,FOXA1+HOXB9,5000,2000,295,295,3
0.0031,mse,Norman,WitnessCell,FOXA1+HOXB9,5000,2000,295,295,3
0.9581,edistance,Norman,WitnessCell,FOXA1+HOXB9,5000,2000,295,295,3
39.3929,sym_kldiv,Norman,WitnessCell,FOXA1+HOXB9,5000,2000,295,295,3
0.9616,pearson_distance,Norman,WitnessCell,FOXA3+HOXB9,100,2000,329,329,3
0.0329,mse,Norman,WitnessCell,FOXA3+HOXB9,100,2000,329,329,3
0.6052,edistance,Norman,WitnessCell,FOXA3+HOXB9,100,2000,329,329,3
0.809,sym_kldiv,Norman,WitnessCell,FOXA3+HOXB9,100,2000,329,329,3
60.6143,wasserstein,Norman,WitnessCell,FOXA3+HOXB9,100,2000,329,329,3
0.0,common_degs,Norman,WitnessCell,FOXA3+HOXB9,100,2000,329,329,3
0.8937,pearson_distance,Norman,WitnessCell,FOXA3+HOXB9,5000,2000,329,329,3
0.0021,mse,Norman,WitnessCell,FOXA3+HOXB9,5000,2000,329,329,3
0.8159,edistance,Norman,WitnessCell,FOXA3+HOXB9,5000,2000,329,329,3
39.4824,sym_kldiv,Norman,WitnessCell,FOXA3+HOXB9,5000,2000,329,329,3
0.9373,pearson_distance,Norman,WitnessCell,FOXF1+HOXB9,100,2000,200,200,3
0.0358,mse,Norman,WitnessCell,FOXF1+HOXB9,100,2000,200,200,3
0.5397,edistance,Norman,WitnessCell,FOXF1+HOXB9,100,2000,200,200,3
40.1724,sym_kldiv,Norman,WitnessCell,FOXF1+HOXB9,100,2000,200,200,3
52.7766,wasserstein,Norman,WitnessCell,FOXF1+HOXB9,100,2000,200,200,3
0.0,common_degs,Norman,WitnessCell,FOXF1+HOXB9,100,2000,200,200,3
0.8123,pearson_distance,Norman,WitnessCell,FOXF1+HOXB9,5000,2000,200,200,3
0.0023,mse,Norman,WitnessCell,FOXF1+HOXB9,5000,2000,200,200,3
0.7188,edistance,Norman,WitnessCell,FOXF1+HOXB9,5000,2000,200,200,3
39.577,sym_kldiv,Norman,WitnessCell,FOXF1+HOXB9,5000,2000,200,200,3
0.771,pearson_distance,Norman,WitnessCell,FOXL2+HOXB9,100,2000,96,96,3
0.0827,mse,Norman,WitnessCell,FOXL2+HOXB9,100,2000,96,96,3
1.3442,edistance,Norman,WitnessCell,FOXL2+HOXB9,100,2000,96,96,3
44.4769,sym_kldiv,Norman,WitnessCell,FOXL2+HOXB9,100,2000,96,96,3
44.4577,wasserstein,Norman,WitnessCell,FOXL2+HOXB9,100,2000,96,96,3
0.0,common_degs,Norman,WitnessCell,FOXL2+HOXB9,100,2000,96,96,3
0.6995,pearson_distance,Norman,WitnessCell,FOXL2+HOXB9,5000,2000,96,96,3
0.0055,mse,Norman,WitnessCell,FOXL2+HOXB9,5000,2000,96,96,3
1.6951,edistance,Norman,WitnessCell,FOXL2+HOXB9,5000,2000,96,96,3
40.7667,sym_kldiv,Norman,WitnessCell,FOXL2+HOXB9,5000,2000,96,96,3
0.6052,pearson_distance,Norman,WitnessCell,IKZF3+MAP2K3,100,2000,261,261,3
0.2252,mse,Norman,WitnessCell,IKZF3+MAP2K3,100,2000,261,261,3
2.8407,edistance,Norman,WitnessCell,IKZF3+MAP2K3,100,2000,261,261,3
40.5957,sym_kldiv,Norman,WitnessCell,IKZF3+MAP2K3,100,2000,261,261,3
69.8766,wasserstein,Norman,WitnessCell,IKZF3+MAP2K3,100,2000,261,261,3
0.0,common_degs,Norman,WitnessCell,IKZF3+MAP2K3,100,2000,261,261,3
0.4662,pearson_distance,Norman,WitnessCell,IKZF3+MAP2K3,5000,2000,261,261,3
0.0062,mse,Norman,WitnessCell,IKZF3+MAP2K3,5000,2000,261,261,3
1.3359,edistance,Norman,WitnessCell,IKZF3+MAP2K3,5000,2000,261,261,3
39.446,sym_kldiv,Norman,WitnessCell,IKZF3+MAP2K3,5000,2000,261,261,3
0.4366,pearson_distance,Norman,WitnessCell,IKZF3+MAPK1,100,2000,302,302,3
0.1995,mse,Norman,WitnessCell,IKZF3+MAPK1,100,2000,302,302,3
2.4108,edistance,Norman,WitnessCell,IKZF3+MAPK1,100,2000,302,302,3
0.9073,sym_kldiv,Norman,WitnessCell,IKZF3+MAPK1,100,2000,302,302,3
72.6679,wasserstein,Norman,WitnessCell,IKZF3+MAPK1,100,2000,302,302,3
0.0,common_degs,Norman,WitnessCell,IKZF3+MAPK1,100,2000,302,302,3
0.5087,pearson_distance,Norman,WitnessCell,IKZF3+MAPK1,5000,2000,302,302,3
0.0061,mse,Norman,WitnessCell,IKZF3+MAPK1,5000,2000,302,302,3
1.3162,edistance,Norman,WitnessCell,IKZF3+MAPK1,5000,2000,302,302,3
39.4055,sym_kldiv,Norman,WitnessCell,IKZF3+MAPK1,5000,2000,302,302,3
0.9086,pearson_distance,Norman,WitnessCell,KLF1+MAP2K6,100,2000,263,263,3
0.0157,mse,Norman,WitnessCell,KLF1+MAP2K6,100,2000,263,263,3
0.3217,edistance,Norman,WitnessCell,KLF1+MAP2K6,100,2000,263,263,3
38.6122,sym_kldiv,Norman,WitnessCell,KLF1+MAP2K6,100,2000,263,263,3
34.5898,wasserstein,Norman,WitnessCell,KLF1+MAP2K6,100,2000,263,263,3
0.0,common_degs,Norman,WitnessCell,KLF1+MAP2K6,100,2000,263,263,3
0.6702,pearson_distance,Norman,WitnessCell,KLF1+MAP2K6,5000,2000,263,263,3
0.0017,mse,Norman,WitnessCell,KLF1+MAP2K6,5000,2000,263,263,3
0.531,edistance,Norman,WitnessCell,KLF1+MAP2K6,5000,2000,263,263,3
39.0729,sym_kldiv,Norman,WitnessCell,KLF1+MAP2K6,5000,2000,263,263,3
-0.5772,pearson_distance,Norman,WitnessCell,MAP2K3+MAP2K6,100,2000,571,571,3
0.1125,mse,Norman,WitnessCell,MAP2K3+MAP2K6,100,2000,571,571,3
1.725,edistance,Norman,WitnessCell,MAP2K3+MAP2K6,100,2000,571,571,3
0.68,sym_kldiv,Norman,WitnessCell,MAP2K3+MAP2K6,100,2000,571,571,3
49.8366,wasserstein,Norman,WitnessCell,MAP2K3+MAP2K6,100,2000,571,571,3
0.0,common_degs,Norman,WitnessCell,MAP2K3+MAP2K6,100,2000,571,571,3
-0.4753,pearson_distance,Norman,WitnessCell,MAP2K3+MAP2K6,5000,2000,571,571,3
0.0054,mse,Norman,WitnessCell,MAP2K3+MAP2K6,5000,2000,571,571,3
1.3161,edistance,Norman,WitnessCell,MAP2K3+MAP2K6,5000,2000,571,571,3
38.2457,sym_kldiv,Norman,WitnessCell,MAP2K3+MAP2K6,5000,2000,571,571,3
-0.7298,pearson_distance,Norman,WitnessCell,MAP2K3+SLC38A2,100,2000,338,338,3
0.1535,mse,Norman,WitnessCell,MAP2K3+SLC38A2,100,2000,338,338,3
2.3082,edistance,Norman,WitnessCell,MAP2K3+SLC38A2,100,2000,338,338,3
38.2042,sym_kldiv,Norman,WitnessCell,MAP2K3+SLC38A2,100,2000,338,338,3
53.2038,wasserstein,Norman,WitnessCell,MAP2K3+SLC38A2,100,2000,338,338,3
0.0,common_degs,Norman,WitnessCell,MAP2K3+SLC38A2,100,2000,338,338,3
-0.5652,pearson_distance,Norman,WitnessCell,MAP2K3+SLC38A2,5000,2000,338,338,3
0.0066,mse,Norman,WitnessCell,MAP2K3+SLC38A2,5000,2000,338,338,3
1.5895,edistance,Norman,WitnessCell,MAP2K3+SLC38A2,5000,2000,338,338,3
38.814,sym_kldiv,Norman,WitnessCell,MAP2K3+SLC38A2,5000,2000,338,338,3
0.9116,pearson_distance,Norman,WitnessCell,MAP2K6+SPI1,100,2000,302,302,3
0.0455,mse,Norman,WitnessCell,MAP2K6+SPI1,100,2000,302,302,3
0.8217,edistance,Norman,WitnessCell,MAP2K6+SPI1,100,2000,302,302,3
39.1558,sym_kldiv,Norman,WitnessCell,MAP2K6+SPI1,100,2000,302,302,3
34.7765,wasserstein,Norman,WitnessCell,MAP2K6+SPI1,100,2000,302,302,3
0.0,common_degs,Norman,WitnessCell,MAP2K6+SPI1,100,2000,302,302,3
0.7755,pearson_distance,Norman,WitnessCell,MAP2K6+SPI1,5000,2000,302,302,3
0.0056,mse,Norman,WitnessCell,MAP2K6+SPI1,5000,2000,302,302,3
1.2796,edistance,Norman,WitnessCell,MAP2K6+SPI1,5000,2000,302,302,3
39.1854,sym_kldiv,Norman,WitnessCell,MAP2K6+SPI1,5000,2000,302,302,3
0.8545,pearson_distance,Norman,WitnessCell,OSR2+UBASH3B,100,2000,796,796,3
0.023,mse,Norman,WitnessCell,OSR2+UBASH3B,100,2000,796,796,3
0.4395,edistance,Norman,WitnessCell,OSR2+UBASH3B,100,2000,796,796,3
1.0836,sym_kldiv,Norman,WitnessCell,OSR2+UBASH3B,100,2000,796,796,3
33.0962,wasserstein,Norman,WitnessCell,OSR2+UBASH3B,100,2000,796,796,3
0.0,common_degs,Norman,WitnessCell,OSR2+UBASH3B,100,2000,796,796,3
0.7524,pearson_distance,Norman,WitnessCell,OSR2+UBASH3B,5000,2000,796,796,3
0.002,mse,Norman,WitnessCell,OSR2+UBASH3B,5000,2000,796,796,3
0.4905,edistance,Norman,WitnessCell,OSR2+UBASH3B,5000,2000,796,796,3
38.0179,sym_kldiv,Norman,WitnessCell,OSR2+UBASH3B,5000,2000,796,796,3
0.9397,pearson_distance,Norman,WitnessCell,PLK4+STIL,100,2000,81,81,3
0.003,mse,Norman,WitnessCell,PLK4+STIL,100,2000,81,81,3
0.1856,edistance,Norman,WitnessCell,PLK4+STIL,100,2000,81,81,3
44.5918,sym_kldiv,Norman,WitnessCell,PLK4+STIL,100,2000,81,81,3
9.4088,wasserstein,Norman,WitnessCell,PLK4+STIL,100,2000,81,81,3
0.0,common_degs,Norman,WitnessCell,PLK4+STIL,100,2000,81,81,3
0.6289,pearson_distance,Norman,WitnessCell,PLK4+STIL,5000,2000,81,81,3
0.0025,mse,Norman,WitnessCell,PLK4+STIL,5000,2000,81,81,3
0.9341,edistance,Norman,WitnessCell,PLK4+STIL,5000,2000,81,81,3
40.5484,sym_kldiv,Norman,WitnessCell,PLK4+STIL,5000,2000,81,81,3
0.75,pearson_distance,Norman,WitnessCell,PTPN9+UBASH3B,100,2000,325,325,3
0.0846,mse,Norman,WitnessCell,PTPN9+UBASH3B,100,2000,325,325,3
1.1987,edistance,Norman,WitnessCell,PTPN9+UBASH3B,100,2000,325,325,3
0.5773,sym_kldiv,Norman,WitnessCell,PTPN9+UBASH3B,100,2000,325,325,3
50.8244,wasserstein,Norman,WitnessCell,PTPN9+UBASH3B,100,2000,325,325,3
0.0,common_degs,Norman,WitnessCell,PTPN9+UBASH3B,100,2000,325,325,3
0.6412,pearson_distance,Norman,WitnessCell,PTPN9+UBASH3B,5000,2000,325,325,3
0.0035,mse,Norman,WitnessCell,PTPN9+UBASH3B,5000,2000,325,325,3
0.7941,edistance,Norman,WitnessCell,PTPN9+UBASH3B,5000,2000,325,325,3
39.1088,sym_kldiv,Norman,WitnessCell,PTPN9+UBASH3B,5000,2000,325,325,3
0.9615,pearson_distance,Norman,WitnessCell,PTPN12+UBASH3B,100,2000,298,298,3
0.041,mse,Norman,WitnessCell,PTPN12+UBASH3B,100,2000,298,298,3
0.6259,edistance,Norman,WitnessCell,PTPN12+UBASH3B,100,2000,298,298,3
0.539,sym_kldiv,Norman,WitnessCell,PTPN12+UBASH3B,100,2000,298,298,3
52.5253,wasserstein,Norman,WitnessCell,PTPN12+UBASH3B,100,2000,298,298,3
0.0,common_degs,Norman,WitnessCell,PTPN12+UBASH3B,100,2000,298,298,3
0.8829,pearson_distance,Norman,WitnessCell,PTPN12+UBASH3B,5000,2000,298,298,3
0.0016,mse,Norman,WitnessCell,PTPN12+UBASH3B,5000,2000,298,298,3
0.4735,edistance,Norman,WitnessCell,PTPN12+UBASH3B,5000,2000,298,298,3
39.3132,sym_kldiv,Norman,WitnessCell,PTPN12+UBASH3B,5000,2000,298,298,3
0.9265,pearson_distance,Norman,WitnessCell,RHOXF2+SET,100,2000,321,321,3
0.0434,mse,Norman,WitnessCell,RHOXF2+SET,100,2000,321,321,3
0.6902,edistance,Norman,WitnessCell,RHOXF2+SET,100,2000,321,321,3
0.903,sym_kldiv,Norman,WitnessCell,RHOXF2+SET,100,2000,321,321,3
54.2512,wasserstein,Norman,WitnessCell,RHOXF2+SET,100,2000,321,321,3
0.0,common_degs,Norman,WitnessCell,RHOXF2+SET,100,2000,321,321,3
0.8226,pearson_distance,Norman,WitnessCell,RHOXF2+SET,5000,2000,321,321,3
0.0028,mse,Norman,WitnessCell,RHOXF2+SET,5000,2000,321,321,3
0.8344,edistance,Norman,WitnessCell,RHOXF2+SET,5000,2000,321,321,3
39.626,sym_kldiv,Norman,WitnessCell,RHOXF2+SET,5000,2000,321,321,3
0.946,pearson_distance,Norman,WitnessCell,RHOXF2+ZBTB25,100,2000,263,263,3
0.0286,mse,Norman,WitnessCell,RHOXF2+ZBTB25,100,2000,263,263,3
0.4875,edistance,Norman,WitnessCell,RHOXF2+ZBTB25,100,2000,263,263,3
0.47,sym_kldiv,Norman,WitnessCell,RHOXF2+ZBTB25,100,2000,263,263,3
56.1245,wasserstein,Norman,WitnessCell,RHOXF2+ZBTB25,100,2000,263,263,3
0.0,common_degs,Norman,WitnessCell,RHOXF2+ZBTB25,100,2000,263,263,3
0.849,pearson_distance,Norman,WitnessCell,RHOXF2+ZBTB25,5000,2000,263,263,3
0.0019,mse,Norman,WitnessCell,RHOXF2+ZBTB25,5000,2000,263,263,3
0.6192,edistance,Norman,WitnessCell,RHOXF2+ZBTB25,5000,2000,263,263,3
39.4537,sym_kldiv,Norman,WitnessCell,RHOXF2+ZBTB25,5000,2000,263,263,3
0.9756,pearson_distance,Norman,WitnessCell,SAMD1+UBASH3B,100,2000,240,240,3
0.0185,mse,Norman,WitnessCell,SAMD1+UBASH3B,100,2000,240,240,3
0.3914,edistance,Norman,WitnessCell,SAMD1+UBASH3B,100,2000,240,240,3
0.4807,sym_kldiv,Norman,WitnessCell,SAMD1+UBASH3B,100,2000,240,240,3
55.5303,wasserstein,Norman,WitnessCell,SAMD1+UBASH3B,100,2000,240,240,3
0.0,common_degs,Norman,WitnessCell,SAMD1+UBASH3B,100,2000,240,240,3
0.8796,pearson_distance,Norman,WitnessCell,SAMD1+UBASH3B,5000,2000,240,240,3
0.0015,mse,Norman,WitnessCell,SAMD1+UBASH3B,5000,2000,240,240,3
0.5486,edistance,Norman,WitnessCell,SAMD1+UBASH3B,5000,2000,240,240,3
39.2675,sym_kldiv,Norman,WitnessCell,SAMD1+UBASH3B,5000,2000,240,240,3
0.9024,pearson_distance,Norman,WitnessCell,SNAI1+UBASH3B,100,2000,299,299,3
0.0101,mse,Norman,WitnessCell,SNAI1+UBASH3B,100,2000,299,299,3
0.218,edistance,Norman,WitnessCell,SNAI1+UBASH3B,100,2000,299,299,3
0.2548,sym_kldiv,Norman,WitnessCell,SNAI1+UBASH3B,100,2000,299,299,3
40.2372,wasserstein,Norman,WitnessCell,SNAI1+UBASH3B,100,2000,299,299,3
0.0,common_degs,Norman,WitnessCell,SNAI1+UBASH3B,100,2000,299,299,3
0.7779,pearson_distance,Norman,WitnessCell,SNAI1+UBASH3B,5000,2000,299,299,3
0.0017,mse,Norman,WitnessCell,SNAI1+UBASH3B,5000,2000,299,299,3
0.4836,edistance,Norman,WitnessCell,SNAI1+UBASH3B,5000,2000,299,299,3
39.2118,sym_kldiv,Norman,WitnessCell,SNAI1+UBASH3B,5000,2000,299,299,3
0.9232,pearson_distance,Norman,WitnessCell,UBASH3A+UBASH3B,100,2000,554,554,3
0.0131,mse,Norman,WitnessCell,UBASH3A+UBASH3B,100,2000,554,554,3
0.2382,edistance,Norman,WitnessCell,UBASH3A+UBASH3B,100,2000,554,554,3
0.2236,sym_kldiv,Norman,WitnessCell,UBASH3A+UBASH3B,100,2000,554,554,3
44.1294,wasserstein,Norman,WitnessCell,UBASH3A+UBASH3B,100,2000,554,554,3
0.0,common_degs,Norman,WitnessCell,UBASH3A+UBASH3B,100,2000,554,554,3
0.8292,pearson_distance,Norman,WitnessCell,UBASH3A+UBASH3B,5000,2000,554,554,3
0.0012,mse,Norman,WitnessCell,UBASH3A+UBASH3B,5000,2000,554,554,3
0.3157,edistance,Norman,WitnessCell,UBASH3A+UBASH3B,5000,2000,554,554,3
38.3373,sym_kldiv,Norman,WitnessCell,UBASH3A+UBASH3B,5000,2000,554,554,3
0.9573,pearson_distance,Norman,WitnessCell,UBASH3B+ZBTB25,100,2000,255,255,3
0.0212,mse,Norman,WitnessCell,UBASH3B+ZBTB25,100,2000,255,255,3
0.381,edistance,Norman,WitnessCell,UBASH3B+ZBTB25,100,2000,255,255,3
0.3688,sym_kldiv,Norman,WitnessCell,UBASH3B+ZBTB25,100,2000,255,255,3
47.5572,wasserstein,Norman,WitnessCell,UBASH3B+ZBTB25,100,2000,255,255,3
0.0,common_degs,Norman,WitnessCell,UBASH3B+ZBTB25,100,2000,255,255,3
0.8608,pearson_distance,Norman,WitnessCell,UBASH3B+ZBTB25,5000,2000,255,255,3
0.0015,mse,Norman,WitnessCell,UBASH3B+ZBTB25,5000,2000,255,255,3
0.4442,edistance,Norman,WitnessCell,UBASH3B+ZBTB25,5000,2000,255,255,3
39.4185,sym_kldiv,Norman,WitnessCell,UBASH3B+ZBTB25,5000,2000,255,255,3
0.3394,pearson_distance,Norman,WitnessCell,BAK1+BCL2L11,100,2000,175,175,3
0.0032,mse,Norman,WitnessCell,BAK1+BCL2L11,100,2000,175,175,3
0.1907,edistance,Norman,WitnessCell,BAK1+BCL2L11,100,2000,175,175,3
43.6592,sym_kldiv,Norman,WitnessCell,BAK1+BCL2L11,100,2000,175,175,3
3.3081,wasserstein,Norman,WitnessCell,BAK1+BCL2L11,100,2000,175,175,3
0.0,common_degs,Norman,WitnessCell,BAK1+BCL2L11,100,2000,175,175,3
-0.0703,pearson_distance,Norman,WitnessCell,BAK1+BCL2L11,5000,2000,175,175,3
0.0018,mse,Norman,WitnessCell,BAK1+BCL2L11,5000,2000,175,175,3
0.5317,edistance,Norman,WitnessCell,BAK1+BCL2L11,5000,2000,175,175,3
39.5991,sym_kldiv,Norman,WitnessCell,BAK1+BCL2L11,5000,2000,175,175,3
0.8324,pearson_distance,Norman,WitnessCell,BCL2L11+TGFBR2,100,2000,463,463,3
0.0055,mse,Norman,WitnessCell,BCL2L11+TGFBR2,100,2000,463,463,3
0.1279,edistance,Norman,WitnessCell,BCL2L11+TGFBR2,100,2000,463,463,3
41.1853,sym_kldiv,Norman,WitnessCell,BCL2L11+TGFBR2,100,2000,463,463,3
22.5573,wasserstein,Norman,WitnessCell,BCL2L11+TGFBR2,100,2000,463,463,3
0.0,common_degs,Norman,WitnessCell,BCL2L11+TGFBR2,100,2000,463,463,3
0.4286,pearson_distance,Norman,WitnessCell,BCL2L11+TGFBR2,5000,2000,463,463,3
0.0011,mse,Norman,WitnessCell,BCL2L11+TGFBR2,5000,2000,463,463,3
0.3079,edistance,Norman,WitnessCell,BCL2L11+TGFBR2,5000,2000,463,463,3
38.7183,sym_kldiv,Norman,WitnessCell,BCL2L11+TGFBR2,5000,2000,463,463,3
0.9479,pearson_distance,Norman,WitnessCell,CBL+PTPN9,100,2000,306,306,3
0.0158,mse,Norman,WitnessCell,CBL+PTPN9,100,2000,306,306,3
0.299,edistance,Norman,WitnessCell,CBL+PTPN9,100,2000,306,306,3
0.3097,sym_kldiv,Norman,WitnessCell,CBL+PTPN9,100,2000,306,306,3
48.8782,wasserstein,Norman,WitnessCell,CBL+PTPN9,100,2000,306,306,3
0.0,common_degs,Norman,WitnessCell,CBL+PTPN9,100,2000,306,306,3
0.8573,pearson_distance,Norman,WitnessCell,CBL+PTPN9,5000,2000,306,306,3
0.0013,mse,Norman,WitnessCell,CBL+PTPN9,5000,2000,306,306,3
0.3933,edistance,Norman,WitnessCell,CBL+PTPN9,5000,2000,306,306,3
39.1181,sym_kldiv,Norman,WitnessCell,CBL+PTPN9,5000,2000,306,306,3
0.9808,pearson_distance,Norman,WitnessCell,CEBPA+CEBPE,100,2000,180,180,3
0.033,mse,Norman,WitnessCell,CEBPA+CEBPE,100,2000,180,180,3
1.442,edistance,Norman,WitnessCell,CEBPA+CEBPE,100,2000,180,180,3
39.448,sym_kldiv,Norman,WitnessCell,CEBPA+CEBPE,100,2000,180,180,3
84.6303,wasserstein,Norman,WitnessCell,CEBPA+CEBPE,100,2000,180,180,3
0.0,common_degs,Norman,WitnessCell,CEBPA+CEBPE,100,2000,180,180,3
0.9469,pearson_distance,Norman,WitnessCell,CEBPA+CEBPE,5000,2000,180,180,3
0.0032,mse,Norman,WitnessCell,CEBPA+CEBPE,5000,2000,180,180,3
1.7321,edistance,Norman,WitnessCell,CEBPA+CEBPE,5000,2000,180,180,3
40.5834,sym_kldiv,Norman,WitnessCell,CEBPA+CEBPE,5000,2000,180,180,3
0.9839,pearson_distance,Norman,WitnessCell,CEBPA+ZC3HAV1,100,2000,86,86,3
0.0195,mse,Norman,WitnessCell,CEBPA+ZC3HAV1,100,2000,86,86,3
1.3453,edistance,Norman,WitnessCell,CEBPA+ZC3HAV1,100,2000,86,86,3
43.9953,sym_kldiv,Norman,WitnessCell,CEBPA+ZC3HAV1,100,2000,86,86,3
67.5295,wasserstein,Norman,WitnessCell,CEBPA+ZC3HAV1,100,2000,86,86,3
0.0,common_degs,Norman,WitnessCell,CEBPA+ZC3HAV1,100,2000,86,86,3
0.9291,pearson_distance,Norman,WitnessCell,CEBPA+ZC3HAV1,5000,2000,86,86,3
0.0026,mse,Norman,WitnessCell,CEBPA+ZC3HAV1,5000,2000,86,86,3
1.446,edistance,Norman,WitnessCell,CEBPA+ZC3HAV1,5000,2000,86,86,3
41.5422,sym_kldiv,Norman,WitnessCell,CEBPA+ZC3HAV1,5000,2000,86,86,3
0.9624,pearson_distance,Norman,WitnessCell,CEBPE+FOSB,100,2000,151,151,3
0.0655,mse,Norman,WitnessCell,CEBPE+FOSB,100,2000,151,151,3
1.114,edistance,Norman,WitnessCell,CEBPE+FOSB,100,2000,151,151,3
39.3247,sym_kldiv,Norman,WitnessCell,CEBPE+FOSB,100,2000,151,151,3
72.388,wasserstein,Norman,WitnessCell,CEBPE+FOSB,100,2000,151,151,3
0.0,common_degs,Norman,WitnessCell,CEBPE+FOSB,100,2000,151,151,3
0.8774,pearson_distance,Norman,WitnessCell,CEBPE+FOSB,5000,2000,151,151,3
0.0039,mse,Norman,WitnessCell,CEBPE+FOSB,5000,2000,151,151,3
1.219,edistance,Norman,WitnessCell,CEBPE+FOSB,5000,2000,151,151,3
40.2814,sym_kldiv,Norman,WitnessCell,CEBPE+FOSB,5000,2000,151,151,3
0.9246,pearson_distance,Norman,WitnessCell,CEBPE+KLF1,100,2000,468,468,3
0.0124,mse,Norman,WitnessCell,CEBPE+KLF1,100,2000,468,468,3
0.2519,edistance,Norman,WitnessCell,CEBPE+KLF1,100,2000,468,468,3
0.6172,sym_kldiv,Norman,WitnessCell,CEBPE+KLF1,100,2000,468,468,3
38.0173,wasserstein,Norman,WitnessCell,CEBPE+KLF1,100,2000,468,468,3
0.0,common_degs,Norman,WitnessCell,CEBPE+KLF1,100,2000,468,468,3
0.7958,pearson_distance,Norman,WitnessCell,CEBPE+KLF1,5000,2000,468,468,3
0.0014,mse,Norman,WitnessCell,CEBPE+KLF1,5000,2000,468,468,3
0.3783,edistance,Norman,WitnessCell,CEBPE+KLF1,5000,2000,468,468,3
38.4891,sym_kldiv,Norman,WitnessCell,CEBPE+KLF1,5000,2000,468,468,3
0.9666,pearson_distance,Norman,WitnessCell,CEBPE+PTPN12,100,2000,415,415,3
0.0051,mse,Norman,WitnessCell,CEBPE+PTPN12,100,2000,415,415,3
0.1347,edistance,Norman,WitnessCell,CEBPE+PTPN12,100,2000,415,415,3
0.5976,sym_kldiv,Norman,WitnessCell,CEBPE+PTPN12,100,2000,415,415,3
42.6958,wasserstein,Norman,WitnessCell,CEBPE+PTPN12,100,2000,415,415,3
0.0,common_degs,Norman,WitnessCell,CEBPE+PTPN12,100,2000,415,415,3
0.8899,pearson_distance,Norman,WitnessCell,CEBPE+PTPN12,5000,2000,415,415,3
0.0006,mse,Norman,WitnessCell,CEBPE+PTPN12,5000,2000,415,415,3
0.2286,edistance,Norman,WitnessCell,CEBPE+PTPN12,5000,2000,415,415,3
38.7235,sym_kldiv,Norman,WitnessCell,CEBPE+PTPN12,5000,2000,415,415,3
0.9694,pearson_distance,Norman,WitnessCell,CEBPE+SPI1,100,2000,179,179,3
0.0903,mse,Norman,WitnessCell,CEBPE+SPI1,100,2000,179,179,3
1.504,edistance,Norman,WitnessCell,CEBPE+SPI1,100,2000,179,179,3
41.0463,sym_kldiv,Norman,WitnessCell,CEBPE+SPI1,100,2000,179,179,3
74.7936,wasserstein,Norman,WitnessCell,CEBPE+SPI1,100,2000,179,179,3
0.0,common_degs,Norman,WitnessCell,CEBPE+SPI1,100,2000,179,179,3
0.9067,pearson_distance,Norman,WitnessCell,CEBPE+SPI1,5000,2000,179,179,3
0.0049,mse,Norman,WitnessCell,CEBPE+SPI1,5000,2000,179,179,3
1.6908,edistance,Norman,WitnessCell,CEBPE+SPI1,5000,2000,179,179,3
40.4846,sym_kldiv,Norman,WitnessCell,CEBPE+SPI1,5000,2000,179,179,3
0.9436,pearson_distance,Norman,WitnessCell,COL2A1+KLF1,100,2000,298,298,3
0.0178,mse,Norman,WitnessCell,COL2A1+KLF1,100,2000,298,298,3
0.3308,edistance,Norman,WitnessCell,COL2A1+KLF1,100,2000,298,298,3
1.019,sym_kldiv,Norman,WitnessCell,COL2A1+KLF1,100,2000,298,298,3
40.2805,wasserstein,Norman,WitnessCell,COL2A1+KLF1,100,2000,298,298,3
0.0,common_degs,Norman,WitnessCell,COL2A1+KLF1,100,2000,298,298,3
0.8287,pearson_distance,Norman,WitnessCell,COL2A1+KLF1,5000,2000,298,298,3
0.0017,mse,Norman,WitnessCell,COL2A1+KLF1,5000,2000,298,298,3
0.4409,edistance,Norman,WitnessCell,COL2A1+KLF1,5000,2000,298,298,3
38.9949,sym_kldiv,Norman,WitnessCell,COL2A1+KLF1,5000,2000,298,298,3
0.9225,pearson_distance,Norman,WitnessCell,ETS2+IGDCC3,100,2000,441,441,3
0.0095,mse,Norman,WitnessCell,ETS2+IGDCC3,100,2000,441,441,3
0.1971,edistance,Norman,WitnessCell,ETS2+IGDCC3,100,2000,441,441,3
0.517,sym_kldiv,Norman,WitnessCell,ETS2+IGDCC3,100,2000,441,441,3
38.3285,wasserstein,Norman,WitnessCell,ETS2+IGDCC3,100,2000,441,441,3
0.0,common_degs,Norman,WitnessCell,ETS2+IGDCC3,100,2000,441,441,3
0.7614,pearson_distance,Norman,WitnessCell,ETS2+IGDCC3,5000,2000,441,441,3
0.0014,mse,Norman,WitnessCell,ETS2+IGDCC3,5000,2000,441,441,3
0.3684,edistance,Norman,WitnessCell,ETS2+IGDCC3,5000,2000,441,441,3
38.6695,sym_kldiv,Norman,WitnessCell,ETS2+IGDCC3,5000,2000,441,441,3
0.9214,pearson_distance,Norman,WitnessCell,ETS2+PRTG,100,2000,445,445,3
0.0118,mse,Norman,WitnessCell,ETS2+PRTG,100,2000,445,445,3
0.2386,edistance,Norman,WitnessCell,ETS2+PRTG,100,2000,445,445,3
39.0794,sym_kldiv,Norman,WitnessCell,ETS2+PRTG,100,2000,445,445,3
39.799,wasserstein,Norman,WitnessCell,ETS2+PRTG,100,2000,445,445,3
0.0,common_degs,Norman,WitnessCell,ETS2+PRTG,100,2000,445,445,3
0.7776,pearson_distance,Norman,WitnessCell,ETS2+PRTG,5000,2000,445,445,3
0.0014,mse,Norman,WitnessCell,ETS2+PRTG,5000,2000,445,445,3
0.3661,edistance,Norman,WitnessCell,ETS2+PRTG,5000,2000,445,445,3
38.7345,sym_kldiv,Norman,WitnessCell,ETS2+PRTG,5000,2000,445,445,3
0.9651,pearson_distance,Norman,WitnessCell,FOXA1+FOXA3,100,2000,216,216,3
0.0198,mse,Norman,WitnessCell,FOXA1+FOXA3,100,2000,216,216,3
0.3592,edistance,Norman,WitnessCell,FOXA1+FOXA3,100,2000,216,216,3
4.4562,sym_kldiv,Norman,WitnessCell,FOXA1+FOXA3,100,2000,216,216,3
49.1236,wasserstein,Norman,WitnessCell,FOXA1+FOXA3,100,2000,216,216,3
0.0,common_degs,Norman,WitnessCell,FOXA1+FOXA3,100,2000,216,216,3
0.8819,pearson_distance,Norman,WitnessCell,FOXA1+FOXA3,5000,2000,216,216,3
0.0015,mse,Norman,WitnessCell,FOXA1+FOXA3,5000,2000,216,216,3
0.5458,edistance,Norman,WitnessCell,FOXA1+FOXA3,5000,2000,216,216,3
39.9948,sym_kldiv,Norman,WitnessCell,FOXA1+FOXA3,5000,2000,216,216,3
0.963,pearson_distance,Norman,WitnessCell,FOXA1+FOXF1,100,2000,272,272,3
0.0194,mse,Norman,WitnessCell,FOXA1+FOXF1,100,2000,272,272,3
0.3411,edistance,Norman,WitnessCell,FOXA1+FOXF1,100,2000,272,272,3
0.4183,sym_kldiv,Norman,WitnessCell,FOXA1+FOXF1,100,2000,272,272,3
49.58,wasserstein,Norman,WitnessCell,FOXA1+FOXF1,100,2000,272,272,3
0.0,common_degs,Norman,WitnessCell,FOXA1+FOXF1,100,2000,272,272,3
0.8441,pearson_distance,Norman,WitnessCell,FOXA1+FOXF1,5000,2000,272,272,3
0.0014,mse,Norman,WitnessCell,FOXA1+FOXF1,5000,2000,272,272,3
0.4844,edistance,Norman,WitnessCell,FOXA1+FOXF1,5000,2000,272,272,3
39.2924,sym_kldiv,Norman,WitnessCell,FOXA1+FOXF1,5000,2000,272,272,3
0.8111,pearson_distance,Norman,WitnessCell,FOXA1+KLF1,100,2000,361,361,3
0.0369,mse,Norman,WitnessCell,FOXA1+KLF1,100,2000,361,361,3
0.5418,edistance,Norman,WitnessCell,FOXA1+KLF1,100,2000,361,361,3
0.7578,sym_kldiv,Norman,WitnessCell,FOXA1+KLF1,100,2000,361,361,3
45.9185,wasserstein,Norman,WitnessCell,FOXA1+KLF1,100,2000,361,361,3
0.0,common_degs,Norman,WitnessCell,FOXA1+KLF1,100,2000,361,361,3
0.7096,pearson_distance,Norman,WitnessCell,FOXA1+KLF1,5000,2000,361,361,3
0.0021,mse,Norman,WitnessCell,FOXA1+KLF1,5000,2000,361,361,3
0.4861,edistance,Norman,WitnessCell,FOXA1+KLF1,5000,2000,361,361,3
39.2878,sym_kldiv,Norman,WitnessCell,FOXA1+KLF1,5000,2000,361,361,3
0.9395,pearson_distance,Norman,WitnessCell,FOXF1+FOXL2,100,2000,192,192,3
0.0528,mse,Norman,WitnessCell,FOXF1+FOXL2,100,2000,192,192,3
0.7413,edistance,Norman,WitnessCell,FOXF1+FOXL2,100,2000,192,192,3
0.6773,sym_kldiv,Norman,WitnessCell,FOXF1+FOXL2,100,2000,192,192,3
57.7415,wasserstein,Norman,WitnessCell,FOXF1+FOXL2,100,2000,192,192,3
0.0,common_degs,Norman,WitnessCell,FOXF1+FOXL2,100,2000,192,192,3
0.8247,pearson_distance,Norman,WitnessCell,FOXF1+FOXL2,5000,2000,192,192,3
0.0031,mse,Norman,WitnessCell,FOXF1+FOXL2,5000,2000,192,192,3
0.942,edistance,Norman,WitnessCell,FOXF1+FOXL2,5000,2000,192,192,3
39.7991,sym_kldiv,Norman,WitnessCell,FOXF1+FOXL2,5000,2000,192,192,3
0.9796,pearson_distance,Norman,WitnessCell,KLF1+TGFBR2,100,2000,337,337,3
0.0072,mse,Norman,WitnessCell,KLF1+TGFBR2,100,2000,337,337,3
0.161,edistance,Norman,WitnessCell,KLF1+TGFBR2,100,2000,337,337,3
1.008,sym_kldiv,Norman,WitnessCell,KLF1+TGFBR2,100,2000,337,337,3
34.7828,wasserstein,Norman,WitnessCell,KLF1+TGFBR2,100,2000,337,337,3
0.0,common_degs,Norman,WitnessCell,KLF1+TGFBR2,100,2000,337,337,3
0.86,pearson_distance,Norman,WitnessCell,KLF1+TGFBR2,5000,2000,337,337,3
0.0008,mse,Norman,WitnessCell,KLF1+TGFBR2,5000,2000,337,337,3
0.2469,edistance,Norman,WitnessCell,KLF1+TGFBR2,5000,2000,337,337,3
39.0507,sym_kldiv,Norman,WitnessCell,KLF1+TGFBR2,5000,2000,337,337,3
0.9894,pearson_distance,Norman,WitnessCell,SAMD1+ZBTB1,100,2000,191,191,3
0.0052,mse,Norman,WitnessCell,SAMD1+ZBTB1,100,2000,191,191,3
0.2856,edistance,Norman,WitnessCell,SAMD1+ZBTB1,100,2000,191,191,3
38.4383,sym_kldiv,Norman,WitnessCell,SAMD1+ZBTB1,100,2000,191,191,3
54.3106,wasserstein,Norman,WitnessCell,SAMD1+ZBTB1,100,2000,191,191,3
0.0,common_degs,Norman,WitnessCell,SAMD1+ZBTB1,100,2000,191,191,3
0.9309,pearson_distance,Norman,WitnessCell,SAMD1+ZBTB1,5000,2000,191,191,3
0.0011,mse,Norman,WitnessCell,SAMD1+ZBTB1,5000,2000,191,191,3
0.5371,edistance,Norman,WitnessCell,SAMD1+ZBTB1,5000,2000,191,191,3
39.564,sym_kldiv,Norman,WitnessCell,SAMD1+ZBTB1,5000,2000,191,191,3
0.97,pearson_distance,Norman,WitnessCell,SGK1+TBX3,100,2000,300,300,3
0.0203,mse,Norman,WitnessCell,SGK1+TBX3,100,2000,300,300,3
0.4014,edistance,Norman,WitnessCell,SGK1+TBX3,100,2000,300,300,3
3.2262,sym_kldiv,Norman,WitnessCell,SGK1+TBX3,100,2000,300,300,3
48.7161,wasserstein,Norman,WitnessCell,SGK1+TBX3,100,2000,300,300,3
0.0,common_degs,Norman,WitnessCell,SGK1+TBX3,100,2000,300,300,3
0.9047,pearson_distance,Norman,WitnessCell,SGK1+TBX3,5000,2000,300,300,3
0.0011,mse,Norman,WitnessCell,SGK1+TBX3,5000,2000,300,300,3
0.3583,edistance,Norman,WitnessCell,SGK1+TBX3,5000,2000,300,300,3
39.1084,sym_kldiv,Norman,WitnessCell,SGK1+TBX3,5000,2000,300,300,3
0.8467,pearson_distance,Norman,WitnessCell,AHR,100,2000,558,558,3
0.0327,mse,Norman,WitnessCell,AHR,100,2000,558,558,3
0.5021,edistance,Norman,WitnessCell,AHR,100,2000,558,558,3
40.9436,sym_kldiv,Norman,WitnessCell,AHR,100,2000,558,558,3
45.8336,wasserstein,Norman,WitnessCell,AHR,100,2000,558,558,3
0.01,common_degs,Norman,WitnessCell,AHR,100,2000,558,558,3
0.6535,pearson_distance,Norman,WitnessCell,AHR,5000,2000,558,558,3
0.0013,mse,Norman,WitnessCell,AHR,5000,2000,558,558,3
0.3606,edistance,Norman,WitnessCell,AHR,5000,2000,558,558,3
38.6695,sym_kldiv,Norman,WitnessCell,AHR,5000,2000,558,558,3
0.7788,pearson_distance,Norman,WitnessCell,ATL1,100,2000,379,379,3
0.078,mse,Norman,WitnessCell,ATL1,100,2000,379,379,3
1.0537,edistance,Norman,WitnessCell,ATL1,100,2000,379,379,3
0.4927,sym_kldiv,Norman,WitnessCell,ATL1,100,2000,379,379,3
56.2748,wasserstein,Norman,WitnessCell,ATL1,100,2000,379,379,3
0.0,common_degs,Norman,WitnessCell,ATL1,100,2000,379,379,3
0.6474,pearson_distance,Norman,WitnessCell,ATL1,5000,2000,379,379,3
0.0029,mse,Norman,WitnessCell,ATL1,5000,2000,379,379,3
0.685,edistance,Norman,WitnessCell,ATL1,5000,2000,379,379,3
38.7056,sym_kldiv,Norman,WitnessCell,ATL1,5000,2000,379,379,3
0.8419,pearson_distance,Norman,WitnessCell,CDKN1A,100,2000,360,360,3
0.0391,mse,Norman,WitnessCell,CDKN1A,100,2000,360,360,3
0.5584,edistance,Norman,WitnessCell,CDKN1A,100,2000,360,360,3
0.8021,sym_kldiv,Norman,WitnessCell,CDKN1A,100,2000,360,360,3
51.435,wasserstein,Norman,WitnessCell,CDKN1A,100,2000,360,360,3
0.0,common_degs,Norman,WitnessCell,CDKN1A,100,2000,360,360,3
0.6691,pearson_distance,Norman,WitnessCell,CDKN1A,5000,2000,360,360,3
0.0017,mse,Norman,WitnessCell,CDKN1A,5000,2000,360,360,3
0.409,edistance,Norman,WitnessCell,CDKN1A,5000,2000,360,360,3
38.4747,sym_kldiv,Norman,WitnessCell,CDKN1A,5000,2000,360,360,3
0.7686,pearson_distance,Norman,WitnessCell,CEBPB,100,2000,488,488,3
0.1358,mse,Norman,WitnessCell,CEBPB,100,2000,488,488,3
1.647,edistance,Norman,WitnessCell,CEBPB,100,2000,488,488,3
2.6856,sym_kldiv,Norman,WitnessCell,CEBPB,100,2000,488,488,3
67.4182,wasserstein,Norman,WitnessCell,CEBPB,100,2000,488,488,3
0.0,common_degs,Norman,WitnessCell,CEBPB,100,2000,488,488,3
0.6388,pearson_distance,Norman,WitnessCell,CEBPB,5000,2000,488,488,3
0.0047,mse,Norman,WitnessCell,CEBPB,5000,2000,488,488,3
1.0081,edistance,Norman,WitnessCell,CEBPB,5000,2000,488,488,3
38.8322,sym_kldiv,Norman,WitnessCell,CEBPB,5000,2000,488,488,3
0.7123,pearson_distance,Norman,WitnessCell,CLDN6,100,2000,670,670,3
0.1005,mse,Norman,WitnessCell,CLDN6,100,2000,670,670,3
1.3331,edistance,Norman,WitnessCell,CLDN6,100,2000,670,670,3
0.8652,sym_kldiv,Norman,WitnessCell,CLDN6,100,2000,670,670,3
58.7197,wasserstein,Norman,WitnessCell,CLDN6,100,2000,670,670,3
0.0,common_degs,Norman,WitnessCell,CLDN6,100,2000,670,670,3
0.5923,pearson_distance,Norman,WitnessCell,CLDN6,5000,2000,670,670,3
0.0031,mse,Norman,WitnessCell,CLDN6,5000,2000,670,670,3
0.6761,edistance,Norman,WitnessCell,CLDN6,5000,2000,670,670,3
38.1918,sym_kldiv,Norman,WitnessCell,CLDN6,5000,2000,670,670,3
0.4463,pearson_distance,Norman,WitnessCell,CNN1,100,2000,765,765,3
0.0832,mse,Norman,WitnessCell,CNN1,100,2000,765,765,3
1.1758,edistance,Norman,WitnessCell,CNN1,100,2000,765,765,3
0.6305,sym_kldiv,Norman,WitnessCell,CNN1,100,2000,765,765,3
49.5853,wasserstein,Norman,WitnessCell,CNN1,100,2000,765,765,3
0.0,common_degs,Norman,WitnessCell,CNN1,100,2000,765,765,3
0.3532,pearson_distance,Norman,WitnessCell,CNN1,5000,2000,765,765,3
0.0025,mse,Norman,WitnessCell,CNN1,5000,2000,765,765,3
0.5451,edistance,Norman,WitnessCell,CNN1,5000,2000,765,765,3
38.1296,sym_kldiv,Norman,WitnessCell,CNN1,5000,2000,765,765,3
0.444,pearson_distance,Norman,WitnessCell,CNNM4,100,2000,470,470,3
0.0468,mse,Norman,WitnessCell,CNNM4,100,2000,470,470,3
0.7449,edistance,Norman,WitnessCell,CNNM4,100,2000,470,470,3
38.6013,sym_kldiv,Norman,WitnessCell,CNNM4,100,2000,470,470,3
38.614,wasserstein,Norman,WitnessCell,CNNM4,100,2000,470,470,3
0.0,common_degs,Norman,WitnessCell,CNNM4,100,2000,470,470,3
0.3773,pearson_distance,Norman,WitnessCell,CNNM4,5000,2000,470,470,3
0.0015,mse,Norman,WitnessCell,CNNM4,5000,2000,470,470,3
0.3738,edistance,Norman,WitnessCell,CNNM4,5000,2000,470,470,3
38.5688,sym_kldiv,Norman,WitnessCell,CNNM4,5000,2000,470,470,3
0.5873,pearson_distance,Norman,WitnessCell,COL1A1,100,2000,328,328,3
0.109,mse,Norman,WitnessCell,COL1A1,100,2000,328,328,3
1.465,edistance,Norman,WitnessCell,COL1A1,100,2000,328,328,3
1.971,sym_kldiv,Norman,WitnessCell,COL1A1,100,2000,328,328,3
55.1838,wasserstein,Norman,WitnessCell,COL1A1,100,2000,328,328,3
0.0,common_degs,Norman,WitnessCell,COL1A1,100,2000,328,328,3
0.491,pearson_distance,Norman,WitnessCell,COL1A1,5000,2000,328,328,3
0.004,mse,Norman,WitnessCell,COL1A1,5000,2000,328,328,3
0.8563,edistance,Norman,WitnessCell,COL1A1,5000,2000,328,328,3
38.8547,sym_kldiv,Norman,WitnessCell,COL1A1,5000,2000,328,328,3
-0.6412,pearson_distance,Norman,WitnessCell,CSRNP1,100,2000,478,478,3
0.0277,mse,Norman,WitnessCell,CSRNP1,100,2000,478,478,3
0.5436,edistance,Norman,WitnessCell,CSRNP1,100,2000,478,478,3
38.1589,sym_kldiv,Norman,WitnessCell,CSRNP1,100,2000,478,478,3
29.769,wasserstein,Norman,WitnessCell,CSRNP1,100,2000,478,478,3
0.0,common_degs,Norman,WitnessCell,CSRNP1,100,2000,478,478,3
-0.3524,pearson_distance,Norman,WitnessCell,CSRNP1,5000,2000,478,478,3
0.0019,mse,Norman,WitnessCell,CSRNP1,5000,2000,478,478,3
0.5129,edistance,Norman,WitnessCell,CSRNP1,5000,2000,478,478,3
38.5527,sym_kldiv,Norman,WitnessCell,CSRNP1,5000,2000,478,478,3
0.5762,pearson_distance,Norman,WitnessCell,DUSP9,100,2000,731,731,3
0.1489,mse,Norman,WitnessCell,DUSP9,100,2000,731,731,3
2.0372,edistance,Norman,WitnessCell,DUSP9,100,2000,731,731,3
1.182,sym_kldiv,Norman,WitnessCell,DUSP9,100,2000,731,731,3
57.9878,wasserstein,Norman,WitnessCell,DUSP9,100,2000,731,731,3
0.0,common_degs,Norman,WitnessCell,DUSP9,100,2000,731,731,3
0.4393,pearson_distance,Norman,WitnessCell,DUSP9,5000,2000,731,731,3
0.0045,mse,Norman,WitnessCell,DUSP9,5000,2000,731,731,3
0.9995,edistance,Norman,WitnessCell,DUSP9,5000,2000,731,731,3
38.3871,sym_kldiv,Norman,WitnessCell,DUSP9,5000,2000,731,731,3
0.6121,pearson_distance,Norman,WitnessCell,HK2,100,2000,303,303,3
0.0093,mse,Norman,WitnessCell,HK2,100,2000,303,303,3
0.1878,edistance,Norman,WitnessCell,HK2,100,2000,303,303,3
41.3736,sym_kldiv,Norman,WitnessCell,HK2,100,2000,303,303,3
31.6389,wasserstein,Norman,WitnessCell,HK2,100,2000,303,303,3
0.0,common_degs,Norman,WitnessCell,HK2,100,2000,303,303,3
0.4709,pearson_distance,Norman,WitnessCell,HK2,5000,2000,303,303,3
0.001,mse,Norman,WitnessCell,HK2,5000,2000,303,303,3
0.2975,edistance,Norman,WitnessCell,HK2,5000,2000,303,303,3
38.9172,sym_kldiv,Norman,WitnessCell,HK2,5000,2000,303,303,3
0.7025,pearson_distance,Norman,WitnessCell,HNF4A,100,2000,237,237,3
0.0712,mse,Norman,WitnessCell,HNF4A,100,2000,237,237,3
1.0435,edistance,Norman,WitnessCell,HNF4A,100,2000,237,237,3
44.7927,sym_kldiv,Norman,WitnessCell,HNF4A,100,2000,237,237,3
49.7465,wasserstein,Norman,WitnessCell,HNF4A,100,2000,237,237,3
0.0,common_degs,Norman,WitnessCell,HNF4A,100,2000,237,237,3
0.5887,pearson_distance,Norman,WitnessCell,HNF4A,5000,2000,237,237,3
0.0034,mse,Norman,WitnessCell,HNF4A,5000,2000,237,237,3
0.813,edistance,Norman,WitnessCell,HNF4A,5000,2000,237,237,3
40.6792,sym_kldiv,Norman,WitnessCell,HNF4A,5000,2000,237,237,3
0.8059,pearson_distance,Norman,WitnessCell,HOXB9,100,2000,701,701,3
0.026,mse,Norman,WitnessCell,HOXB9,100,2000,701,701,3
0.3875,edistance,Norman,WitnessCell,HOXB9,100,2000,701,701,3
0.3786,sym_kldiv,Norman,WitnessCell,HOXB9,100,2000,701,701,3
48.4458,wasserstein,Norman,WitnessCell,HOXB9,100,2000,701,701,3
0.0,common_degs,Norman,WitnessCell,HOXB9,100,2000,701,701,3
0.7243,pearson_distance,Norman,WitnessCell,HOXB9,5000,2000,701,701,3
0.0011,mse,Norman,WitnessCell,HOXB9,5000,2000,701,701,3
0.3164,edistance,Norman,WitnessCell,HOXB9,5000,2000,701,701,3
38.2095,sym_kldiv,Norman,WitnessCell,HOXB9,5000,2000,701,701,3
0.7638,pearson_distance,Norman,WitnessCell,IKZF3,100,2000,681,681,3
0.2883,mse,Norman,WitnessCell,IKZF3,100,2000,681,681,3
3.2685,edistance,Norman,WitnessCell,IKZF3,100,2000,681,681,3
1.4703,sym_kldiv,Norman,WitnessCell,IKZF3,100,2000,681,681,3
85.7741,wasserstein,Norman,WitnessCell,IKZF3,100,2000,681,681,3
0.0,common_degs,Norman,WitnessCell,IKZF3,100,2000,681,681,3
0.6155,pearson_distance,Norman,WitnessCell,IKZF3,5000,2000,681,681,3
0.0077,mse,Norman,WitnessCell,IKZF3,5000,2000,681,681,3
1.562,edistance,Norman,WitnessCell,IKZF3,5000,2000,681,681,3
38.5987,sym_kldiv,Norman,WitnessCell,IKZF3,5000,2000,681,681,3
-0.6183,pearson_distance,Norman,WitnessCell,MAP2K6,100,2000,878,878,3
0.0441,mse,Norman,WitnessCell,MAP2K6,100,2000,878,878,3
0.7255,edistance,Norman,WitnessCell,MAP2K6,100,2000,878,878,3
40.5776,sym_kldiv,Norman,WitnessCell,MAP2K6,100,2000,878,878,3
43.6228,wasserstein,Norman,WitnessCell,MAP2K6,100,2000,878,878,3
0.0,common_degs,Norman,WitnessCell,MAP2K6,100,2000,878,878,3
-0.4321,pearson_distance,Norman,WitnessCell,MAP2K6,5000,2000,878,878,3
0.002,mse,Norman,WitnessCell,MAP2K6,5000,2000,878,878,3
0.5245,edistance,Norman,WitnessCell,MAP2K6,5000,2000,878,878,3
37.8968,sym_kldiv,Norman,WitnessCell,MAP2K6,5000,2000,878,878,3
0.9096,pearson_distance,Norman,WitnessCell,PLK4,100,2000,113,113,3
0.0014,mse,Norman,WitnessCell,PLK4,100,2000,113,113,3
0.0894,edistance,Norman,WitnessCell,PLK4,100,2000,113,113,3
44.1117,sym_kldiv,Norman,WitnessCell,PLK4,100,2000,113,113,3
3.9114,wasserstein,Norman,WitnessCell,PLK4,100,2000,113,113,3
0.0,common_degs,Norman,WitnessCell,PLK4,100,2000,113,113,3
0.4457,pearson_distance,Norman,WitnessCell,PLK4,5000,2000,113,113,3
0.0013,mse,Norman,WitnessCell,PLK4,5000,2000,113,113,3
0.521,edistance,Norman,WitnessCell,PLK4,5000,2000,113,113,3
40.0358,sym_kldiv,Norman,WitnessCell,PLK4,5000,2000,113,113,3
0.6593,pearson_distance,Norman,WitnessCell,PTPN13,100,2000,270,270,3
0.0377,mse,Norman,WitnessCell,PTPN13,100,2000,270,270,3
0.6196,edistance,Norman,WitnessCell,PTPN13,100,2000,270,270,3
42.1404,sym_kldiv,Norman,WitnessCell,PTPN13,100,2000,270,270,3
37.822,wasserstein,Norman,WitnessCell,PTPN13,100,2000,270,270,3
0.0,common_degs,Norman,WitnessCell,PTPN13,100,2000,270,270,3
0.4741,pearson_distance,Norman,WitnessCell,PTPN13,5000,2000,270,270,3
0.0015,mse,Norman,WitnessCell,PTPN13,5000,2000,270,270,3
0.4304,edistance,Norman,WitnessCell,PTPN13,5000,2000,270,270,3
39.2974,sym_kldiv,Norman,WitnessCell,PTPN13,5000,2000,270,270,3
0.8353,pearson_distance,Norman,WitnessCell,RHOXF2,100,2000,328,328,3
0.0699,mse,Norman,WitnessCell,RHOXF2,100,2000,328,328,3
0.9545,edistance,Norman,WitnessCell,RHOXF2,100,2000,328,328,3
0.595,sym_kldiv,Norman,WitnessCell,RHOXF2,100,2000,328,328,3
56.6728,wasserstein,Norman,WitnessCell,RHOXF2,100,2000,328,328,3
0.0,common_degs,Norman,WitnessCell,RHOXF2,100,2000,328,328,3
0.6039,pearson_distance,Norman,WitnessCell,RHOXF2,5000,2000,328,328,3
0.003,mse,Norman,WitnessCell,RHOXF2,5000,2000,328,328,3
0.8145,edistance,Norman,WitnessCell,RHOXF2,5000,2000,328,328,3
39.1989,sym_kldiv,Norman,WitnessCell,RHOXF2,5000,2000,328,328,3
-0.3828,pearson_distance,Norman,WitnessCell,SLC38A2,100,2000,332,332,3
0.019,mse,Norman,WitnessCell,SLC38A2,100,2000,332,332,3
0.4402,edistance,Norman,WitnessCell,SLC38A2,100,2000,332,332,3
41.7225,sym_kldiv,Norman,WitnessCell,SLC38A2,100,2000,332,332,3
19.9427,wasserstein,Norman,WitnessCell,SLC38A2,100,2000,332,332,3
0.0,common_degs,Norman,WitnessCell,SLC38A2,100,2000,332,332,3
-0.2542,pearson_distance,Norman,WitnessCell,SLC38A2,5000,2000,332,332,3
0.0017,mse,Norman,WitnessCell,SLC38A2,5000,2000,332,332,3
0.4506,edistance,Norman,WitnessCell,SLC38A2,5000,2000,332,332,3
38.7834,sym_kldiv,Norman,WitnessCell,SLC38A2,5000,2000,332,332,3
0.6895,pearson_distance,Norman,WitnessCell,UBASH3B,100,2000,1202,1202,3
0.012,mse,Norman,WitnessCell,UBASH3B,100,2000,1202,1202,3
0.1992,edistance,Norman,WitnessCell,UBASH3B,100,2000,1202,1202,3
0.1493,sym_kldiv,Norman,WitnessCell,UBASH3B,100,2000,1202,1202,3
40.9974,wasserstein,Norman,WitnessCell,UBASH3B,100,2000,1202,1202,3
0.0,common_degs,Norman,WitnessCell,UBASH3B,100,2000,1202,1202,3
0.6074,pearson_distance,Norman,WitnessCell,UBASH3B,5000,2000,1202,1202,3
0.0007,mse,Norman,WitnessCell,UBASH3B,5000,2000,1202,1202,3
0.1711,edistance,Norman,WitnessCell,UBASH3B,5000,2000,1202,1202,3
37.3784,sym_kldiv,Norman,WitnessCell,UBASH3B,5000,2000,1202,1202,3
0.6457,pearson_distance,Norman,WitnessCell,CNN1+UBASH3B,100,2000,402,402,3
0.2594,mse,Norman,WitnessCell,CNN1+UBASH3B,100,2000,402,402,3
3.1438,edistance,Norman,WitnessCell,CNN1+UBASH3B,100,2000,402,402,3
1.2149,sym_kldiv,Norman,WitnessCell,CNN1+UBASH3B,100,2000,402,402,3
77.9428,wasserstein,Norman,WitnessCell,CNN1+UBASH3B,100,2000,402,402,3
0.0,common_degs,Norman,WitnessCell,CNN1+UBASH3B,100,2000,402,402,3
0.5202,pearson_distance,Norman,WitnessCell,CNN1+UBASH3B,5000,2000,402,402,3
0.0078,mse,Norman,WitnessCell,CNN1+UBASH3B,5000,2000,402,402,3
1.6241,edistance,Norman,WitnessCell,CNN1+UBASH3B,5000,2000,402,402,3
39.1281,sym_kldiv,Norman,WitnessCell,CNN1+UBASH3B,5000,2000,402,402,3
0.638,pearson_distance,Norman,WitnessCell,IKZF3+MAP2K6,100,2000,300,300,3
0.2045,mse,Norman,WitnessCell,IKZF3+MAP2K6,100,2000,300,300,3
2.611,edistance,Norman,WitnessCell,IKZF3+MAP2K6,100,2000,300,300,3
39.4755,sym_kldiv,Norman,WitnessCell,IKZF3+MAP2K6,100,2000,300,300,3
68.9184,wasserstein,Norman,WitnessCell,IKZF3+MAP2K6,100,2000,300,300,3
0.0,common_degs,Norman,WitnessCell,IKZF3+MAP2K6,100,2000,300,300,3
0.5218,pearson_distance,Norman,WitnessCell,IKZF3+MAP2K6,5000,2000,300,300,3
0.0057,mse,Norman,WitnessCell,IKZF3+MAP2K6,5000,2000,300,300,3
1.2472,edistance,Norman,WitnessCell,IKZF3+MAP2K6,5000,2000,300,300,3
39.1446,sym_kldiv,Norman,WitnessCell,IKZF3+MAP2K6,5000,2000,300,300,3
