seed,strategy,length_factor,rho,noise_ratio,inner_weighted_mse
100,estimated_witness,4.0,0.75,0.1,0.13777230458833753
100,estimated_witness,2.0,0.75,0.1,0.13960775016528607
100,estimated_witness,4.0,0.9,0.03,0.14175565208181437
100,estimated_witness,2.0,0.75,0.03,0.14245494890331162
100,estimated_witness,1.0,0.5,0.1,0.14261256065264388
100,estimated_witness,4.0,0.75,0.03,0.14278000354287204
100,estimated_witness,2.0,0.5,0.1,0.14294206792241734
100,estimated_witness,4.0,0.9,0.1,0.14343462934998905
100,estimated_witness,1.0,0.75,0.03,0.14495958635388714
100,estimated_witness,1.0,0.75,0.1,0.14499741470266114
100,estimated_witness,4.0,0.5,0.1,0.14521575100378425
100,estimated_witness,1.0,0.5,0.03,0.1460007747350283
100,estimated_witness,0.5,0.5,0.1,0.1460593694961186
100,estimated_witness,0.5,0.5,0.03,0.14638787295494424
100,estimated_witness,2.0,0.9,0.03,0.14766766766148265
100,estimated_witness,2.0,0.9,0.1,0.14862498656950932
100,estimated_witness,2.0,0.5,0.3,0.14897219547222407
100,estimated_witness,1.0,0.5,0.3,0.14927938931548765
100,estimated_witness,2.0,0.5,0.03,0.1507516047303936
100,estimated_witness,4.0,0.5,0.3,0.15151468404930316
100,estimated_witness,2.0,0.75,0.3,0.1518404339117241
100,estimated_witness,4.0,0.75,0.3,0.15205861001567164
100,estimated_witness,0.25,0.5,0.03,0.1526890137791063
100,estimated_witness,0.5,0.5,0.3,0.15316805611696727
100,estimated_witness,0.5,0.75,0.03,0.15332149975854445
100,estimated_witness,0.25,0.5,0.1,0.15340306344224205
100,estimated_witness,0.5,0.25,0.1,0.15414163450249915
100,estimated_witness,1.0,0.25,0.1,0.15423146397170384
100,estimated_witness,0.5,0.75,0.1,0.1549332839409494
100,estimated_witness,4.0,0.5,0.03,0.15594751386260022
100,estimated_witness,1.0,0.75,0.3,0.15604686023860373
100,estimated_witness,1.0,0.25,0.3,0.1562177420800662
100,estimated_witness,0.5,0.25,0.03,0.15708139867253168
100,estimated_witness,0.5,0.25,0.3,0.15710100029875831
100,estimated_witness,2.0,0.25,0.1,0.15718658942170913
100,estimated_witness,1.0,0.9,0.03,0.15732794482180426
100,estimated_witness,2.0,0.25,0.3,0.15789892998472296
100,estimated_witness,0.25,0.25,0.1,0.15825637527253952
100,estimated_witness,1.0,0.9,0.1,0.15898395499256093
100,estimated_witness,0.25,0.25,0.03,0.15977728792779936
100,estimated_witness,0.25,0.5,0.3,0.15998337718545888
100,estimated_witness,0.25,0.25,0.3,0.16080587764171705
100,estimated_witness,1.0,0.25,0.03,0.160966981531247
100,estimated_witness,4.0,0.25,0.3,0.16132805304014994
100,estimated_witness,4.0,0.25,0.1,0.1613999785615845
100,estimated_witness,4.0,0.9,0.3,0.16391346023174005
100,estimated_witness,2.0,0.9,0.3,0.16446690374615483
100,estimated_witness,0.5,0.75,0.3,0.1649853673647814
100,estimated_witness,0.25,0.75,0.03,0.16507072078329357
100,estimated_witness,0.25,0.75,0.1,0.16717701700311285
100,estimated_witness,2.0,0.25,0.03,0.16792317106845758
100,estimated_witness,0.5,0.1,0.3,0.16805523720983648
100,estimated_witness,1.0,0.1,0.3,0.16811447614198516
100,estimated_witness,2.0,0.1,0.3,0.16958265764342373
100,estimated_witness,0.25,0.1,0.3,0.16969739208527346
100,estimated_witness,0.5,0.1,0.1,0.17097155711550546
100,estimated_witness,1.0,0.9,0.3,0.17153411093933238
100,estimated_witness,1.0,0.1,0.1,0.1717650921710354
100,estimated_witness,4.0,0.1,0.3,0.1719318107220371
100,estimated_witness,0.5,0.9,0.03,0.17251816650366106
100,estimated_witness,4.0,1.0,0.1,0.17298655184450681
100,estimated_witness,0.25,0.1,0.1,0.173280633409682
100,estimated_witness,4.0,0.25,0.03,0.1734558480691014
100,estimated_witness,1.0,0.25,1.0,0.17428980425749652
100,estimated_witness,0.5,0.9,0.1,0.17469280426174436
100,estimated_witness,2.0,0.1,0.1,0.17475325198446845
100,estimated_witness,0.5,0.25,1.0,0.1748325125771242
100,estimated_witness,2.0,0.25,1.0,0.17532871994708396
100,estimated_witness,1.0,0.5,1.0,0.17584267171340448
100,estimated_witness,2.0,1.0,0.1,0.17606794833424308
100,estimated_witness,0.25,0.75,0.3,0.17613449792493985
100,estimated_witness,2.0,0.5,1.0,0.17634602963387605
100,estimated_witness,0.25,0.25,1.0,0.17693881085437654
100,estimated_witness,0.5,0.1,0.03,0.17705942884227854
100,estimated_witness,4.0,0.25,1.0,0.17740758576049317
100,estimated_witness,1.0,0.1,1.0,0.1775205494386524
100,estimated_witness,0.5,0.1,1.0,0.17759376563336846
100,estimated_witness,2.0,0.1,1.0,0.17811286856235423
100,estimated_witness,0.5,0.5,1.0,0.1782164344744859
100,estimated_witness,0.25,0.1,1.0,0.17840370176356846
100,estimated_witness,0.25,0.1,0.03,0.1787679407089656
100,estimated_witness,4.0,0.1,0.1,0.17899184922763411
100,estimated_witness,4.0,0.1,1.0,0.1791241987478098
100,estimated_witness,4.0,0.5,1.0,0.17915942338618426
100,estimated_witness,1.0,0.1,0.03,0.1805259447344143
100,estimated_witness,0.25,0.0,1.0,0.1818853903681051
100,estimated_witness,0.25,0.5,1.0,0.18276344876122375
100,estimated_witness,0.25,0.0,0.3,0.18286035378067558
100,estimated_witness,4.0,1.0,0.03,0.1846469209439077
100,estimated_witness,0.5,0.9,0.3,0.18509232150462585
100,estimated_witness,2.0,1.0,0.3,0.18584343194401942
100,estimated_witness,1.0,1.0,0.1,0.18587517416440172
100,estimated_witness,2.0,0.1,0.03,0.18597185616346446
100,estimated_witness,2.0,0.75,1.0,0.18672332892412857
100,estimated_witness,2.0,1.0,0.03,0.18738001101266566
100,estimated_witness,1.0,0.75,1.0,0.18776533310448207
100,estimated_witness,4.0,1.0,0.3,0.18832856603919276
100,estimated_witness,0.25,0.9,0.03,0.18994391979510858
100,estimated_witness,4.0,0.75,1.0,0.19004016600413873
100,estimated_witness,4.0,0.1,0.03,0.19084220830791968
100,estimated_witness,1.0,1.0,0.03,0.19096005403228775
100,estimated_witness,0.25,0.9,0.1,0.1923370273510934
100,estimated_witness,1.0,1.0,0.3,0.19334390283981964
100,estimated_witness,0.5,0.75,1.0,0.19347412344595913
100,estimated_witness,2.0,0.9,1.0,0.20085303802630713
100,estimated_witness,0.25,0.9,0.3,0.20113355439479075
100,estimated_witness,0.25,0.75,1.0,0.20169085482710206
100,estimated_witness,1.0,0.9,1.0,0.20293088803962886
100,estimated_witness,0.5,1.0,0.1,0.20377460531828398
100,estimated_witness,0.25,0.0,0.1,0.2038988544838274
100,estimated_witness,0.5,1.0,0.03,0.20470180772957336
100,estimated_witness,4.0,0.9,1.0,0.20549938803646647
100,estimated_witness,0.25,0.0,3.0,0.20571221553168204
100,estimated_witness,1.0,0.1,3.0,0.20615564503008046
100,estimated_witness,0.5,0.1,3.0,0.20618818625868604
100,estimated_witness,2.0,0.1,3.0,0.2064925974191912
100,estimated_witness,0.25,0.1,3.0,0.20662566147890102
100,estimated_witness,4.0,0.1,3.0,0.20697434582263866
100,estimated_witness,1.0,0.25,3.0,0.20863802614521632
100,estimated_witness,0.5,0.25,3.0,0.20883072811995487
100,estimated_witness,2.0,0.25,3.0,0.20938169109380647
100,estimated_witness,0.25,0.25,3.0,0.20992103540568438
100,estimated_witness,0.5,1.0,0.3,0.21047986938084717
100,estimated_witness,4.0,0.25,3.0,0.21063927729672857
100,estimated_witness,0.5,0.9,1.0,0.21182719749785092
100,estimated_witness,1.0,0.5,3.0,0.21637424664313445
100,estimated_witness,2.0,1.0,1.0,0.21655264252445816
100,estimated_witness,2.0,0.5,3.0,0.21724514541709486
100,estimated_witness,0.5,0.5,3.0,0.2175323866659955
100,estimated_witness,1.0,1.0,1.0,0.2189174728898308
100,estimated_witness,4.0,0.5,3.0,0.21961609650043312
100,estimated_witness,0.25,0.5,3.0,0.22021277333225664
100,estimated_witness,4.0,1.0,1.0,0.22378361293457258
100,estimated_witness,0.25,0.9,1.0,0.22400857113953895
100,estimated_witness,0.25,1.0,0.03,0.2263397301122191
100,estimated_witness,0.25,1.0,0.1,0.22708466605780545
100,estimated_witness,1.0,0.75,3.0,0.22963429945708635
100,estimated_witness,2.0,0.75,3.0,0.23020344561486303
100,estimated_witness,0.5,1.0,1.0,0.2307395308611232
100,estimated_witness,0.25,1.0,0.3,0.23234509407953977
100,estimated_witness,0.5,0.75,3.0,0.2327127149578733
100,estimated_witness,4.0,0.75,3.0,0.23392876177239716
100,estimated_witness,0.25,0.0,0.03,0.23699042676811008
100,estimated_witness,0.25,0.75,3.0,0.23801184091207603
100,estimated_witness,1.0,0.9,3.0,0.24129132176630083
100,estimated_witness,2.0,0.9,3.0,0.24158399565859331
100,estimated_witness,0.5,0.9,3.0,0.2461501991755762
100,estimated_witness,4.0,0.9,3.0,0.24658536906098247
100,estimated_witness,0.25,1.0,1.0,0.24729881897810702
100,estimated_witness,0.25,0.0,10.0,0.2485889247774807
100,estimated_witness,4.0,0.1,10.0,0.24950835744178357
100,estimated_witness,2.0,0.1,10.0,0.24983500062382824
100,estimated_witness,1.0,0.1,10.0,0.25010816401004815
100,estimated_witness,0.5,0.1,10.0,0.25039294773099546
100,estimated_witness,0.25,0.1,10.0,0.2507591740653807
100,estimated_witness,1.0,1.0,3.0,0.25118739337093227
100,estimated_witness,2.0,1.0,3.0,0.25131911215293085
100,estimated_witness,4.0,0.25,10.0,0.25304877690534344
100,estimated_witness,2.0,0.25,10.0,0.25314352033284976
100,estimated_witness,1.0,0.25,10.0,0.25337740060877895
100,estimated_witness,0.5,0.25,10.0,0.2538893169483925
100,estimated_witness,0.25,0.9,3.0,0.25391999232747126
100,estimated_witness,0.25,0.25,10.0,0.25470648254755696
100,estimated_witness,4.0,1.0,3.0,0.2575863658055249
100,estimated_witness,0.5,1.0,3.0,0.2576013134097731
100,estimated_witness,2.0,0.5,10.0,0.26014258777840715
100,estimated_witness,1.0,0.5,10.0,0.2603054556414215
100,estimated_witness,4.0,0.5,10.0,0.2606288050074547
100,estimated_witness,0.5,0.5,10.0,0.26132763699050215
100,estimated_witness,0.25,0.5,10.0,0.26301532755164764
100,estimated_witness,0.25,1.0,3.0,0.26764896347082573
100,estimated_witness,2.0,0.75,10.0,0.2686103216456748
100,estimated_witness,1.0,0.75,10.0,0.26884166063850656
100,estimated_witness,4.0,0.75,10.0,0.26975347143494766
100,estimated_witness,0.5,0.75,10.0,0.27069269754891123
100,estimated_witness,0.25,0.75,10.0,0.2735955054931626
100,estimated_witness,2.0,0.9,10.0,0.2744776598268431
100,estimated_witness,1.0,0.9,10.0,0.27480741325893016
100,estimated_witness,4.0,0.9,10.0,0.27607683466289407
100,estimated_witness,0.5,0.9,10.0,0.27732897795171735
100,estimated_witness,2.0,1.0,10.0,0.2787657703625585
100,estimated_witness,1.0,1.0,10.0,0.2791806006677506
100,estimated_witness,4.0,1.0,10.0,0.2807078060578418
100,estimated_witness,0.25,0.9,10.0,0.28118290836185883
100,estimated_witness,0.5,1.0,10.0,0.28222923827426144
100,estimated_witness,0.25,1.0,10.0,0.2868303582248059
100,geometry_only,0.25,0.0,1.0,0.1818853903681051
100,geometry_only,0.25,0.0,0.3,0.18286035378067558
100,geometry_only,0.25,0.0,0.1,0.2038988544838274
100,geometry_only,0.25,0.0,3.0,0.20571221553168204
100,geometry_only,0.25,0.0,0.03,0.23699042676811008
100,geometry_only,0.25,0.0,10.0,0.2485889247774807
101,estimated_witness,4.0,0.9,0.03,0.19891797237276618
101,estimated_witness,4.0,0.9,0.1,0.19920637717468348
101,estimated_witness,4.0,0.75,0.1,0.20319039375419048
101,estimated_witness,2.0,0.75,0.1,0.20472027401032433
101,estimated_witness,2.0,0.9,0.03,0.20880090221402117
101,estimated_witness,2.0,0.9,0.1,0.2089310627262413
101,estimated_witness,2.0,0.75,0.03,0.21072459825763643
101,estimated_witness,4.0,0.75,0.3,0.21088244731508246
101,estimated_witness,4.0,0.75,0.03,0.2117833122862587
101,estimated_witness,2.0,0.75,0.3,0.2136647711178972
101,estimated_witness,1.0,0.75,0.1,0.21412441787766842
101,estimated_witness,1.0,0.5,0.1,0.21585247622380657
101,estimated_witness,2.0,0.5,0.3,0.21599694399904049
101,estimated_witness,1.0,0.5,0.3,0.21641487822595995
101,estimated_witness,2.0,0.5,0.1,0.21685375411708385
101,estimated_witness,0.5,0.5,0.1,0.21750217158341853
101,estimated_witness,4.0,0.9,0.3,0.21768070226672487
101,estimated_witness,4.0,0.5,0.3,0.21848655768137806
101,estimated_witness,1.0,0.75,0.03,0.21850800590297478
101,estimated_witness,0.5,0.5,0.3,0.21872098178033364
101,estimated_witness,0.25,0.5,0.1,0.22084634273093898
101,estimated_witness,1.0,0.75,0.3,0.22205465578156544
101,estimated_witness,4.0,1.0,0.1,0.22230526981636375
101,estimated_witness,0.25,0.5,0.3,0.22232408398636258
101,estimated_witness,4.0,0.5,0.1,0.22311670726862845
101,estimated_witness,0.5,0.75,0.1,0.22425986747350024
101,estimated_witness,2.0,0.9,0.3,0.2245303196080842
101,estimated_witness,0.5,0.5,0.03,0.22509374202572832
101,estimated_witness,1.0,0.5,0.03,0.2256102683532025
101,estimated_witness,0.5,0.25,0.3,0.22568359944169988
101,estimated_witness,0.25,0.5,0.03,0.22588851104791163
101,estimated_witness,0.5,0.75,0.03,0.22648907922193598
101,estimated_witness,0.25,0.25,0.3,0.22704596745014607
101,estimated_witness,1.0,0.25,0.3,0.22724605268959175
101,estimated_witness,1.0,0.9,0.03,0.2280469071763572
101,estimated_witness,1.0,0.9,0.1,0.2280548453237297
101,estimated_witness,2.0,0.5,0.03,0.22823190072788122
101,estimated_witness,4.0,0.5,1.0,0.23062947661458078
101,estimated_witness,2.0,0.25,0.3,0.23070496909099822
101,estimated_witness,1.0,0.25,1.0,0.23070864239179548
101,estimated_witness,2.0,0.25,1.0,0.23074330382711175
101,estimated_witness,4.0,0.25,1.0,0.23086036342654018
101,estimated_witness,0.5,0.25,1.0,0.23091980655236033
101,estimated_witness,0.5,0.75,0.3,0.2313496393012611
101,estimated_witness,2.0,0.5,1.0,0.23136251531730934
101,estimated_witness,0.25,0.25,1.0,0.23177125312818384
101,estimated_witness,0.25,0.75,0.1,0.2319846596081794
101,estimated_witness,0.5,0.25,0.1,0.23213793079780198
101,estimated_witness,0.25,0.75,0.03,0.23223586399939533
101,estimated_witness,0.5,0.1,1.0,0.2329041374255735
101,estimated_witness,4.0,1.0,0.03,0.23291198904144442
101,estimated_witness,0.25,0.1,1.0,0.23302882293816918
101,estimated_witness,1.0,0.1,1.0,0.23309728324519732
101,estimated_witness,2.0,0.1,1.0,0.23336619890656915
101,estimated_witness,4.0,0.1,1.0,0.23339291845349827
101,estimated_witness,1.0,0.5,1.0,0.23347343898794812
101,estimated_witness,0.25,0.25,0.1,0.2338021471585028
101,estimated_witness,4.0,0.25,0.3,0.2346984529187702
101,estimated_witness,1.0,0.25,0.1,0.23497745459360628
101,estimated_witness,2.0,1.0,0.1,0.2358004915248301
101,estimated_witness,0.5,0.5,1.0,0.2359588137246098
101,estimated_witness,0.25,0.0,1.0,0.23616514939986877
101,estimated_witness,4.0,0.5,0.03,0.23773068874076655
101,estimated_witness,0.25,0.5,1.0,0.23862951288729894
101,estimated_witness,0.25,0.75,0.3,0.23879421295459413
101,estimated_witness,1.0,0.9,0.3,0.23920073840446085
101,estimated_witness,4.0,0.75,1.0,0.23927731481457615
101,estimated_witness,4.0,1.0,0.3,0.2402534117048937
101,estimated_witness,0.5,0.1,0.3,0.24026266713972624
101,estimated_witness,0.25,0.1,0.3,0.24049737106109106
101,estimated_witness,2.0,0.75,1.0,0.24162086456913678
101,estimated_witness,2.0,0.25,0.1,0.2416228055157538
101,estimated_witness,1.0,0.1,0.3,0.2422036836173588
101,estimated_witness,0.5,0.25,0.03,0.24416373127966637
101,estimated_witness,0.25,0.25,0.03,0.24451796372564516
101,estimated_witness,0.5,0.9,0.03,0.24487960269770057
101,estimated_witness,2.0,0.1,0.3,0.24507822149107264
101,estimated_witness,0.5,0.9,0.1,0.2457828139280048
101,estimated_witness,2.0,1.0,0.3,0.24674917416803985
101,estimated_witness,1.0,0.75,1.0,0.24750323728568632
101,estimated_witness,4.0,0.1,0.3,0.2475274470862848
101,estimated_witness,1.0,0.25,0.03,0.24829233716648846
101,estimated_witness,2.0,1.0,0.03,0.24839206287445137
101,estimated_witness,0.25,0.0,3.0,0.2502079304099038
101,estimated_witness,4.0,0.1,3.0,0.2505086799096076
101,estimated_witness,4.0,0.25,0.1,0.2507252101317639
101,estimated_witness,2.0,0.1,3.0,0.25138070380568656
101,estimated_witness,1.0,0.1,3.0,0.2519250930847157
101,estimated_witness,0.5,0.1,3.0,0.2522337104100538
101,estimated_witness,0.25,0.1,3.0,0.2523941865002795
101,estimated_witness,4.0,0.25,3.0,0.2534283132202522
101,estimated_witness,4.0,0.9,1.0,0.2537435659426081
101,estimated_witness,0.5,0.75,1.0,0.25400778468832563
101,estimated_witness,0.5,0.9,0.3,0.254182771857644
101,estimated_witness,2.0,0.25,3.0,0.2546750518657576
101,estimated_witness,1.0,0.25,3.0,0.2557737865676333
101,estimated_witness,0.5,0.1,0.1,0.2560241315341573
101,estimated_witness,2.0,0.9,1.0,0.2563687334760761
101,estimated_witness,0.5,0.25,3.0,0.2565819561742304
101,estimated_witness,2.0,0.25,0.03,0.2567125811059337
101,estimated_witness,0.25,0.1,0.1,0.2567678733065813
101,estimated_witness,0.25,0.9,0.03,0.2568203937488953
101,estimated_witness,0.25,0.25,3.0,0.25715280557555875
101,estimated_witness,0.25,0.0,0.3,0.25762846011725965
101,estimated_witness,0.25,0.9,0.1,0.25840167248976526
101,estimated_witness,1.0,1.0,0.1,0.2592565976658899
101,estimated_witness,0.25,0.75,1.0,0.2596076395231039
101,estimated_witness,1.0,0.1,0.1,0.2600804022629422
101,estimated_witness,4.0,0.5,3.0,0.2615749875592331
101,estimated_witness,2.0,0.5,3.0,0.2631758153113825
101,estimated_witness,1.0,1.0,0.3,0.2643652786844128
101,estimated_witness,1.0,0.9,1.0,0.2646844029248936
101,estimated_witness,1.0,0.5,3.0,0.2654206854697442
101,estimated_witness,0.25,0.9,0.3,0.2655999042886973
101,estimated_witness,1.0,1.0,0.03,0.2659866349165953
101,estimated_witness,2.0,0.1,0.1,0.26695103854237984
101,estimated_witness,0.5,0.5,3.0,0.26753756010166835
101,estimated_witness,0.25,0.5,3.0,0.26925459622550063
101,estimated_witness,4.0,0.25,0.03,0.27025886361459156
101,estimated_witness,0.5,0.1,0.03,0.27178127269122127
101,estimated_witness,4.0,1.0,1.0,0.2719199251506639
101,estimated_witness,0.25,0.1,0.03,0.27256079217028384
101,estimated_witness,2.0,1.0,1.0,0.27308366553608227
101,estimated_witness,4.0,0.1,0.1,0.2735766347434578
101,estimated_witness,0.5,0.9,1.0,0.27437230287080483
101,estimated_witness,4.0,0.75,3.0,0.2750784994065189
101,estimated_witness,2.0,0.75,3.0,0.2767263923592716
101,estimated_witness,1.0,0.1,0.03,0.27739299126197764
101,estimated_witness,0.5,1.0,0.1,0.27921464446423844
101,estimated_witness,1.0,0.75,3.0,0.2803455621291097
101,estimated_witness,0.5,1.0,0.03,0.2808529897918603
101,estimated_witness,1.0,1.0,1.0,0.2823911124361863
101,estimated_witness,0.5,1.0,0.3,0.28256655314799944
101,estimated_witness,0.25,0.9,1.0,0.2828520407617348
101,estimated_witness,0.5,0.75,3.0,0.2844068073364099
101,estimated_witness,4.0,0.9,3.0,0.28716583239329757
101,estimated_witness,4.0,0.1,10.0,0.2876124651714648
101,estimated_witness,0.25,0.0,10.0,0.2877434591050514
101,estimated_witness,2.0,0.1,0.03,0.28792133910765405
101,estimated_witness,0.25,0.75,3.0,0.28795734713074267
101,estimated_witness,2.0,0.9,3.0,0.28840950007082267
101,estimated_witness,2.0,0.1,10.0,0.2888754140508839
101,estimated_witness,1.0,0.1,10.0,0.2897148438656745
101,estimated_witness,4.0,0.25,10.0,0.28997576714293566
101,estimated_witness,0.5,0.1,10.0,0.2901403165550904
101,estimated_witness,0.25,0.1,10.0,0.29034032828907286
101,estimated_witness,2.0,0.25,10.0,0.2919459346820834
101,estimated_witness,1.0,0.9,3.0,0.29280113962589466
101,estimated_witness,1.0,0.25,10.0,0.29342571640553194
101,estimated_witness,0.25,0.0,0.1,0.2940230563929844
101,estimated_witness,0.5,0.25,10.0,0.2942834164249783
101,estimated_witness,0.5,1.0,1.0,0.29435528363787244
101,estimated_witness,0.25,1.0,0.03,0.2943577901383228
101,estimated_witness,0.25,1.0,0.1,0.29447970135053353
101,estimated_witness,0.25,0.25,10.0,0.29473474722393295
101,estimated_witness,4.0,0.5,10.0,0.2961892899479163
101,estimated_witness,0.25,1.0,0.3,0.29742565245299085
101,estimated_witness,4.0,1.0,3.0,0.2977066327676388
101,estimated_witness,2.0,1.0,3.0,0.29828905793070126
101,estimated_witness,0.5,0.9,3.0,0.2983530567302914
101,estimated_witness,2.0,0.5,10.0,0.2985976198356497
101,estimated_witness,4.0,0.1,0.03,0.29992163742329975
101,estimated_witness,1.0,0.5,10.0,0.30078363058661883
101,estimated_witness,0.5,0.5,10.0,0.30233918836855317
101,estimated_witness,1.0,1.0,3.0,0.30306119018476774
101,estimated_witness,0.25,0.5,10.0,0.3033115301720754
101,estimated_witness,0.25,0.9,3.0,0.30351880844822327
101,estimated_witness,4.0,0.75,10.0,0.30417319918497976
101,estimated_witness,0.25,1.0,1.0,0.3056197398587204
101,estimated_witness,2.0,0.75,10.0,0.30669216581059267
101,estimated_witness,1.0,0.75,10.0,0.30946539822507835
101,estimated_witness,0.5,1.0,3.0,0.3097452692759818
101,estimated_witness,4.0,0.9,10.0,0.30980403981999605
101,estimated_witness,0.5,0.75,10.0,0.3118287137673979
101,estimated_witness,2.0,0.9,10.0,0.3122777493690582
101,estimated_witness,0.25,0.75,10.0,0.31353306673481224
101,estimated_witness,4.0,1.0,10.0,0.31394651862329975
101,estimated_witness,1.0,0.9,10.0,0.31537186156825386
101,estimated_witness,0.25,1.0,3.0,0.31631555751582147
101,estimated_witness,2.0,1.0,10.0,0.3163403542357529
101,estimated_witness,0.5,0.9,10.0,0.31828731437531704
101,estimated_witness,1.0,1.0,10.0,0.3196337799426563
101,estimated_witness,0.25,0.9,10.0,0.3205509126683312
101,estimated_witness,0.5,1.0,10.0,0.32294809728666585
101,estimated_witness,0.25,1.0,10.0,0.32564200307507496
101,estimated_witness,0.25,0.0,0.03,0.33152819792425076
101,geometry_only,0.25,0.0,1.0,0.23616514939986877
101,geometry_only,0.25,0.0,3.0,0.2502079304099038
101,geometry_only,0.25,0.0,0.3,0.25762846011725965
101,geometry_only,0.25,0.0,10.0,0.2877434591050514
101,geometry_only,0.25,0.0,0.1,0.2940230563929844
101,geometry_only,0.25,0.0,0.03,0.33152819792425076
102,estimated_witness,4.0,0.9,0.03,0.1637804094231655
102,estimated_witness,2.0,0.9,0.03,0.16519975672501255
102,estimated_witness,4.0,0.9,0.1,0.1663928011933997
102,estimated_witness,2.0,0.9,0.1,0.16836254440131662
102,estimated_witness,2.0,0.75,0.1,0.17094330683439055
102,estimated_witness,2.0,0.75,0.03,0.1717098030762418
102,estimated_witness,1.0,0.9,0.03,0.17228109631232394
102,estimated_witness,1.0,0.75,0.03,0.17357472018991568
102,estimated_witness,4.0,0.75,0.1,0.1748753546184404
102,estimated_witness,1.0,0.75,0.1,0.17601696206149686
102,estimated_witness,1.0,0.9,0.1,0.17804407807987108
102,estimated_witness,4.0,0.75,0.03,0.1794062534136627
102,estimated_witness,2.0,0.75,0.3,0.1852186010820767
102,estimated_witness,4.0,1.0,0.1,0.18638295756036913
102,estimated_witness,2.0,1.0,0.1,0.18661594300532816
102,estimated_witness,2.0,0.9,0.3,0.18740327063590767
102,estimated_witness,1.0,1.0,0.03,0.1880708803611871
102,estimated_witness,4.0,0.9,0.3,0.1889436939229162
102,estimated_witness,4.0,0.75,0.3,0.18921692933340303
102,estimated_witness,1.0,0.5,0.1,0.18925703791778273
102,estimated_witness,2.0,1.0,0.03,0.1898715533609745
102,estimated_witness,0.5,0.75,0.03,0.18992016328098008
102,estimated_witness,1.0,0.75,0.3,0.1900464504267285
102,estimated_witness,2.0,0.5,0.1,0.1912346157551449
102,estimated_witness,1.0,0.5,0.03,0.191422866022413
102,estimated_witness,0.5,0.75,0.1,0.1928801680536116
102,estimated_witness,1.0,1.0,0.1,0.19290304043246462
102,estimated_witness,4.0,1.0,0.03,0.1940349762686774
102,estimated_witness,0.5,0.9,0.03,0.19491257882991767
102,estimated_witness,1.0,0.9,0.3,0.195524460346543
102,estimated_witness,1.0,0.5,0.3,0.19667892878247314
102,estimated_witness,2.0,0.5,0.3,0.1972135374990107
102,estimated_witness,2.0,0.5,0.03,0.1983113456725445
102,estimated_witness,0.5,0.5,0.1,0.19899972154786896
102,estimated_witness,0.5,0.5,0.03,0.1999285588896201
102,estimated_witness,2.0,1.0,0.3,0.2002059641002291
102,estimated_witness,0.5,0.9,0.1,0.20055754220338037
102,estimated_witness,4.0,0.5,0.1,0.20156720189632837
102,estimated_witness,4.0,1.0,0.3,0.20293782999477228
102,estimated_witness,4.0,0.5,0.3,0.20492876323776454
102,estimated_witness,0.5,0.75,0.3,0.20501962542440388
102,estimated_witness,0.5,0.5,0.3,0.20527795124876239
102,estimated_witness,1.0,1.0,0.3,0.20806398878305576
102,estimated_witness,0.5,1.0,0.03,0.2108044933868091
102,estimated_witness,0.25,0.75,0.03,0.21263073388341644
102,estimated_witness,4.0,0.5,0.03,0.21381819201272134
102,estimated_witness,0.25,0.5,0.1,0.21432104275229014
102,estimated_witness,0.25,0.75,0.1,0.21472585755389914
102,estimated_witness,0.5,0.9,0.3,0.21541303583818214
102,estimated_witness,0.25,0.5,0.03,0.2156242300240224
102,estimated_witness,0.5,1.0,0.1,0.21675310880165646
102,estimated_witness,0.25,0.5,0.3,0.21784115518943203
102,estimated_witness,1.0,0.25,0.3,0.21796108329700667
102,estimated_witness,1.0,0.25,0.1,0.21826049910815618
102,estimated_witness,0.5,0.25,0.3,0.22147875072417675
102,estimated_witness,2.0,0.25,0.3,0.22180494832012387
102,estimated_witness,1.0,0.5,1.0,0.2221921427048957
102,estimated_witness,0.5,0.25,0.1,0.2226396548313717
102,estimated_witness,2.0,0.75,1.0,0.22284888841935924
102,estimated_witness,2.0,0.5,1.0,0.2228517510253831
102,estimated_witness,0.25,0.75,0.3,0.22361060575321812
102,estimated_witness,2.0,0.25,0.1,0.22427973790886427
102,estimated_witness,1.0,0.75,1.0,0.22488120841361905
102,estimated_witness,1.0,0.25,0.03,0.22531017847221224
102,estimated_witness,0.25,0.9,0.03,0.22598086753517607
102,estimated_witness,0.5,0.5,1.0,0.2268972202816124
102,estimated_witness,4.0,0.5,1.0,0.22753391972686973
102,estimated_witness,4.0,0.75,1.0,0.22757436488484048
102,estimated_witness,0.5,0.25,0.03,0.2277205674860894
102,estimated_witness,1.0,0.25,1.0,0.2288940585223006
102,estimated_witness,2.0,0.9,1.0,0.22891452921828162
102,estimated_witness,0.25,0.25,0.3,0.22926189899215985
102,estimated_witness,0.25,0.9,0.1,0.229672287790452
102,estimated_witness,4.0,0.25,0.3,0.23015883031909468
102,estimated_witness,0.5,0.25,1.0,0.2302207656186627
102,estimated_witness,0.5,1.0,0.3,0.2308558005465499
102,estimated_witness,2.0,0.25,1.0,0.23095048219966063
102,estimated_witness,1.0,0.9,1.0,0.2326991000047288
102,estimated_witness,0.25,0.25,0.1,0.2335981502326466
102,estimated_witness,0.25,0.25,1.0,0.23368139530020962
102,estimated_witness,0.25,0.5,1.0,0.2340324184685312
102,estimated_witness,4.0,0.9,1.0,0.2341806639701717
102,estimated_witness,0.5,0.75,1.0,0.23431961429917617
102,estimated_witness,4.0,0.25,1.0,0.23469471946352272
102,estimated_witness,2.0,0.25,0.03,0.2357269878477315
102,estimated_witness,4.0,0.25,0.1,0.23663152258108885
102,estimated_witness,1.0,0.1,1.0,0.23734470967866436
102,estimated_witness,0.5,0.1,1.0,0.23740807808799178
102,estimated_witness,2.0,1.0,1.0,0.23748077955361294
102,estimated_witness,0.25,0.1,1.0,0.2387717407116334
102,estimated_witness,2.0,0.1,1.0,0.23898915331564755
102,estimated_witness,0.25,0.25,0.03,0.23924161540625946
102,estimated_witness,0.25,0.9,0.3,0.24012889515968258
102,estimated_witness,4.0,0.1,1.0,0.24110277909442926
102,estimated_witness,1.0,0.1,0.3,0.24166807296629678
102,estimated_witness,1.0,1.0,1.0,0.24202879640274666
102,estimated_witness,0.5,0.1,0.3,0.24248806786003832
102,estimated_witness,4.0,1.0,1.0,0.2442358180766774
102,estimated_witness,2.0,0.1,0.3,0.24521891833060253
102,estimated_witness,0.25,0.0,1.0,0.24534900811499524
102,estimated_witness,0.5,0.9,1.0,0.24595119322823944
102,estimated_witness,0.25,0.75,1.0,0.24630251720724813
102,estimated_witness,0.25,0.1,0.3,0.24644593360201006
102,estimated_witness,0.25,1.0,0.03,0.24973291440290246
102,estimated_witness,4.0,0.1,0.3,0.25069316118993634
102,estimated_witness,4.0,0.25,0.03,0.25083530490976874
102,estimated_witness,1.0,0.1,0.1,0.25125596868019984
102,estimated_witness,0.5,0.1,0.1,0.2525909009968905
102,estimated_witness,0.25,1.0,0.1,0.25314672563975565
102,estimated_witness,0.5,0.1,3.0,0.2553989355687558
102,estimated_witness,0.25,0.1,3.0,0.2556867081069218
102,estimated_witness,0.5,0.25,3.0,0.255896663792673
102,estimated_witness,1.0,0.1,3.0,0.2559321814439788
102,estimated_witness,1.0,0.25,3.0,0.2562614699261086
102,estimated_witness,0.25,0.0,3.0,0.25655273617658286
102,estimated_witness,0.25,0.25,3.0,0.25679010902244065
102,estimated_witness,2.0,0.1,3.0,0.25697289448674376
102,estimated_witness,2.0,0.1,0.1,0.25755632870299433
102,estimated_witness,2.0,0.25,3.0,0.2576800844927734
102,estimated_witness,4.0,0.1,3.0,0.2576895628126936
102,estimated_witness,0.5,1.0,1.0,0.25837782353368804
102,estimated_witness,4.0,0.25,3.0,0.25915788558265745
102,estimated_witness,1.0,0.5,3.0,0.25960426981964013
102,estimated_witness,1.0,0.1,0.03,0.259857616728649
102,estimated_witness,0.25,0.1,0.1,0.25989819059136127
102,estimated_witness,0.5,0.1,0.03,0.26050582225859825
102,estimated_witness,2.0,0.5,3.0,0.26058829538358874
102,estimated_witness,0.5,0.5,3.0,0.2607824550874596
102,estimated_witness,0.25,1.0,0.3,0.26201649157388707
102,estimated_witness,0.25,0.9,1.0,0.26246776875108174
102,estimated_witness,4.0,0.5,3.0,0.26305689783836766
102,estimated_witness,0.25,0.5,3.0,0.2634306994729185
102,estimated_witness,2.0,0.75,3.0,0.26705891660002373
102,estimated_witness,1.0,0.75,3.0,0.26710923711464407
102,estimated_witness,4.0,0.1,0.1,0.26750690834565344
102,estimated_witness,0.25,0.0,0.3,0.2678383530411924
102,estimated_witness,2.0,0.1,0.03,0.2684128667335363
102,estimated_witness,0.25,0.1,0.03,0.2696566875696949
102,estimated_witness,4.0,0.75,3.0,0.2706208393252546
102,estimated_witness,0.5,0.75,3.0,0.27091060761048835
102,estimated_witness,2.0,0.9,3.0,0.2734033213325391
102,estimated_witness,1.0,0.9,3.0,0.27420799165962434
102,estimated_witness,0.25,0.75,3.0,0.27635410836446267
102,estimated_witness,4.0,0.9,3.0,0.2779418684584323
102,estimated_witness,2.0,1.0,3.0,0.27904114782461614
102,estimated_witness,0.25,1.0,1.0,0.2793897091489954
102,estimated_witness,0.5,0.9,3.0,0.28015344739599607
102,estimated_witness,4.0,0.1,0.03,0.2802821849671395
102,estimated_witness,1.0,1.0,3.0,0.28034315753562433
102,estimated_witness,4.0,1.0,3.0,0.28452398721995215
102,estimated_witness,0.5,1.0,3.0,0.2880200097832824
102,estimated_witness,0.25,0.9,3.0,0.28803236986488173
102,estimated_witness,0.25,0.0,10.0,0.2900682516628584
102,estimated_witness,0.5,0.1,10.0,0.29082698600210094
102,estimated_witness,0.25,0.1,10.0,0.290873655245062
102,estimated_witness,4.0,0.1,10.0,0.29111392498467764
102,estimated_witness,1.0,0.1,10.0,0.29117770893590605
102,estimated_witness,2.0,0.1,10.0,0.2914231773684137
102,estimated_witness,0.5,0.25,10.0,0.29281699425312135
102,estimated_witness,0.25,0.25,10.0,0.29290584150817817
102,estimated_witness,1.0,0.25,10.0,0.2934249329396559
102,estimated_witness,4.0,0.25,10.0,0.2936709660938021
102,estimated_witness,2.0,0.25,10.0,0.2939010669405888
102,estimated_witness,0.5,0.5,10.0,0.2976337385240071
102,estimated_witness,0.25,1.0,3.0,0.29801415405707377
102,estimated_witness,1.0,0.5,10.0,0.29804239974493113
102,estimated_witness,0.25,0.5,10.0,0.2980508772345272
102,estimated_witness,2.0,0.5,10.0,0.29851209982370575
102,estimated_witness,4.0,0.5,10.0,0.29865676692760235
102,estimated_witness,0.25,0.0,0.1,0.3016473023471178
102,estimated_witness,1.0,0.75,10.0,0.3036545060950487
102,estimated_witness,2.0,0.75,10.0,0.3038507530247628
102,estimated_witness,0.5,0.75,10.0,0.30398767769685936
102,estimated_witness,4.0,0.75,10.0,0.30449989634870356
102,estimated_witness,0.25,0.75,10.0,0.30515059603910477
102,estimated_witness,2.0,0.9,10.0,0.3075092008083615
102,estimated_witness,1.0,0.9,10.0,0.3075515709284173
102,estimated_witness,4.0,0.9,10.0,0.30852835324675526
102,estimated_witness,0.5,0.9,10.0,0.30853476422288967
102,estimated_witness,2.0,1.0,10.0,0.3101733915530604
102,estimated_witness,0.25,0.9,10.0,0.3103583456712349
102,estimated_witness,1.0,1.0,10.0,0.3103965332402033
102,estimated_witness,4.0,1.0,10.0,0.31147462805771636
102,estimated_witness,0.5,1.0,10.0,0.3118928726991212
102,estimated_witness,0.25,1.0,10.0,0.31425275124455193
102,estimated_witness,0.25,0.0,0.03,0.3306980502247203
102,geometry_only,0.25,0.0,1.0,0.24534900811499524
102,geometry_only,0.25,0.0,3.0,0.25655273617658286
102,geometry_only,0.25,0.0,0.3,0.2678383530411924
102,geometry_only,0.25,0.0,10.0,0.2900682516628584
102,geometry_only,0.25,0.0,0.1,0.3016473023471178
102,geometry_only,0.25,0.0,0.03,0.3306980502247203
103,estimated_witness,4.0,0.75,0.1,0.1422519987426993
103,estimated_witness,4.0,0.9,0.03,0.14334564203742337
103,estimated_witness,4.0,0.9,0.1,0.14345681019684153
103,estimated_witness,2.0,0.75,0.1,0.14442165420444023
103,estimated_witness,4.0,0.75,0.03,0.14688368597987408
103,estimated_witness,1.0,0.5,0.1,0.148405325772914
103,estimated_witness,2.0,0.5,0.1,0.14890509878079314
103,estimated_witness,1.0,0.75,0.1,0.1496013576429797
103,estimated_witness,2.0,0.75,0.03,0.14966811462726487
103,estimated_witness,0.5,0.5,0.1,0.1501960390736896
103,estimated_witness,2.0,0.9,0.1,0.1504583448008805
103,estimated_witness,4.0,0.75,0.3,0.15101752310581742
103,estimated_witness,2.0,0.9,0.03,0.1519295315564922
103,estimated_witness,2.0,0.75,0.3,0.15198006935341002
103,estimated_witness,4.0,0.5,0.1,0.15239762810038118
103,estimated_witness,1.0,0.5,0.3,0.15257368528278434
103,estimated_witness,2.0,0.5,0.3,0.152994345722723
103,estimated_witness,1.0,0.75,0.03,0.154035445645446
103,estimated_witness,0.5,0.5,0.03,0.15409646162577892
103,estimated_witness,1.0,0.5,0.03,0.15440720027214178
103,estimated_witness,0.5,0.5,0.3,0.15451248928516706
103,estimated_witness,0.5,0.75,0.1,0.1551029423473099
103,estimated_witness,2.0,0.5,0.03,0.15551905664381718
103,estimated_witness,1.0,0.75,0.3,0.1561642120163319
103,estimated_witness,4.0,0.5,0.3,0.15617280047587334
103,estimated_witness,0.25,0.5,0.1,0.15678822511242999
103,estimated_witness,0.5,0.75,0.03,0.15729330279508996
103,estimated_witness,4.0,0.9,0.3,0.15778088296861506
103,estimated_witness,0.5,0.25,0.1,0.1579429493141263
103,estimated_witness,4.0,0.5,0.03,0.15800006274310552
103,estimated_witness,0.25,0.5,0.03,0.15847403285607276
103,estimated_witness,1.0,0.25,0.1,0.15871779011383025
103,estimated_witness,1.0,0.9,0.1,0.15983645692557816
103,estimated_witness,0.25,0.5,0.3,0.16078654276134238
103,estimated_witness,0.5,0.25,0.03,0.16113055558049463
103,estimated_witness,1.0,0.9,0.03,0.16126229437484682
103,estimated_witness,2.0,0.9,0.3,0.1614921283822193
103,estimated_witness,0.5,0.75,0.3,0.16153001722592178
103,estimated_witness,0.5,0.25,0.3,0.1616361406593033
103,estimated_witness,1.0,0.25,0.3,0.16188813164779914
103,estimated_witness,1.0,0.25,0.03,0.16324284658283447
103,estimated_witness,2.0,0.25,0.1,0.16325785689451763
103,estimated_witness,0.25,0.25,0.1,0.16348691045388763
103,estimated_witness,0.25,0.75,0.03,0.16401510579641018
103,estimated_witness,0.25,0.75,0.1,0.16404138696537046
103,estimated_witness,2.0,0.25,0.3,0.16504981540232297
103,estimated_witness,0.25,0.25,0.03,0.16533636255768216
103,estimated_witness,0.25,0.25,0.3,0.16611445930385332
103,estimated_witness,2.0,0.25,0.03,0.1678272761229912
103,estimated_witness,0.5,0.9,0.03,0.16871235987260766
103,estimated_witness,1.0,0.9,0.3,0.16872028750291426
103,estimated_witness,0.5,0.9,0.1,0.16889042193877604
103,estimated_witness,4.0,0.25,0.3,0.16999552542130103
103,estimated_witness,0.25,0.75,0.3,0.17046523469252461
103,estimated_witness,4.0,0.25,0.1,0.17047977886409957
103,estimated_witness,4.0,1.0,0.1,0.17130687157009886
103,estimated_witness,2.0,0.5,1.0,0.1723911180254849
103,estimated_witness,1.0,0.5,1.0,0.1731632440115447
103,estimated_witness,4.0,0.5,1.0,0.17328486293615286
103,estimated_witness,4.0,0.25,0.03,0.17462283876338516
103,estimated_witness,1.0,0.25,1.0,0.17472103043727652
103,estimated_witness,0.5,0.5,1.0,0.1748687246516106
103,estimated_witness,0.5,0.25,1.0,0.17512214826089512
103,estimated_witness,2.0,0.25,1.0,0.17514857733942205
103,estimated_witness,0.5,0.1,0.1,0.17553126034232455
103,estimated_witness,0.5,0.1,0.3,0.17609022466026159
103,estimated_witness,4.0,0.25,1.0,0.1762371408914766
103,estimated_witness,0.5,0.1,0.03,0.1764871816535991
103,estimated_witness,1.0,0.1,0.3,0.17691332744722132
103,estimated_witness,2.0,1.0,0.1,0.1771023632777563
103,estimated_witness,0.5,0.9,0.3,0.17710609157403812
103,estimated_witness,0.25,0.25,1.0,0.1774464001411559
103,estimated_witness,1.0,0.1,0.1,0.17769611911572195
103,estimated_witness,4.0,0.75,1.0,0.17854406616546759
103,estimated_witness,2.0,0.75,1.0,0.17867193110616397
103,estimated_witness,0.25,0.1,0.3,0.17869639699862558
103,estimated_witness,0.25,0.5,1.0,0.1790234199624466
103,estimated_witness,4.0,1.0,0.03,0.17916525540348624
103,estimated_witness,0.25,0.1,0.1,0.17962249137054306
103,estimated_witness,1.0,0.1,0.03,0.17980138224665768
103,estimated_witness,2.0,0.1,0.3,0.17984801538850312
103,estimated_witness,1.0,0.1,1.0,0.18007697395831954
103,estimated_witness,4.0,1.0,0.3,0.180100727645514
103,estimated_witness,0.5,0.1,1.0,0.18025522054959697
103,estimated_witness,2.0,0.1,1.0,0.18035241384732745
103,estimated_witness,0.25,0.1,0.03,0.18072842080847837
103,estimated_witness,4.0,0.1,1.0,0.18076918110357265
103,estimated_witness,0.25,0.9,0.03,0.18108433520051884
103,estimated_witness,0.25,0.1,1.0,0.1813872797826507
103,estimated_witness,1.0,0.75,1.0,0.18180979480638235
103,estimated_witness,0.25,0.9,0.1,0.18248378756023587
103,estimated_witness,2.0,1.0,0.3,0.18253865141316272
103,estimated_witness,4.0,0.1,0.3,0.18351638426131656
103,estimated_witness,2.0,0.1,0.1,0.18356167088514294
103,estimated_witness,1.0,1.0,0.1,0.18407242651555242
103,estimated_witness,2.0,1.0,0.03,0.1842546580184259
103,estimated_witness,0.5,0.75,1.0,0.1861640032544083
103,estimated_witness,0.25,0.0,1.0,0.18630410832632047
103,estimated_witness,2.0,0.1,0.03,0.18685194120473023
103,estimated_witness,1.0,1.0,0.03,0.1869253684136818
103,estimated_witness,1.0,1.0,0.3,0.1895638329564887
103,estimated_witness,0.25,0.9,0.3,0.19014424505284688
103,estimated_witness,4.0,0.9,1.0,0.19032240407576673
103,estimated_witness,2.0,0.9,1.0,0.19040653088256612
103,estimated_witness,4.0,0.1,0.1,0.1910946825957237
103,estimated_witness,0.5,1.0,0.1,0.19314906723700762
103,estimated_witness,0.5,1.0,0.03,0.1933675006346728
103,estimated_witness,0.25,0.75,1.0,0.1933780738075338
103,estimated_witness,1.0,0.9,1.0,0.1950396089369043
103,estimated_witness,4.0,0.1,0.03,0.19616445390913648
103,estimated_witness,0.25,0.0,0.3,0.19750542812266877
103,estimated_witness,4.0,0.1,3.0,0.19751551132528009
103,estimated_witness,4.0,0.25,3.0,0.1981698758846037
103,estimated_witness,2.0,0.1,3.0,0.1988150009450286
103,estimated_witness,0.5,1.0,0.3,0.19932568485457225
103,estimated_witness,2.0,0.25,3.0,0.19969716868721854
103,estimated_witness,1.0,0.1,3.0,0.1999235220861003
103,estimated_witness,0.25,0.0,3.0,0.20047960106561022
103,estimated_witness,0.5,0.1,3.0,0.2005865254786208
103,estimated_witness,0.25,0.1,3.0,0.20120851161265493
103,estimated_witness,1.0,0.25,3.0,0.20133967170632291
103,estimated_witness,0.5,0.9,1.0,0.20195555948078317
103,estimated_witness,0.5,0.25,3.0,0.2024821074325942
103,estimated_witness,4.0,0.5,3.0,0.2035054787494779
103,estimated_witness,0.25,0.25,3.0,0.2038580764700928
103,estimated_witness,2.0,0.5,3.0,0.20504252903659972
103,estimated_witness,2.0,1.0,1.0,0.20514229121281322
103,estimated_witness,4.0,1.0,1.0,0.20673590432171998
103,estimated_witness,1.0,0.5,3.0,0.2075618947791912
103,estimated_witness,0.5,0.5,3.0,0.20983133986432456
103,estimated_witness,1.0,1.0,1.0,0.21018921570138996
103,estimated_witness,0.25,1.0,0.03,0.21111638482803619
103,estimated_witness,0.25,1.0,0.1,0.2119432201042477
103,estimated_witness,0.25,0.5,3.0,0.21283410399142735
103,estimated_witness,0.25,0.9,1.0,0.21300258107997924
103,estimated_witness,4.0,0.75,3.0,0.214581471397256
103,estimated_witness,2.0,0.75,3.0,0.21584769366666454
103,estimated_witness,0.25,1.0,0.3,0.21752332770604899
103,estimated_witness,0.5,1.0,1.0,0.21931709910078015
103,estimated_witness,1.0,0.75,3.0,0.21951470744865262
103,estimated_witness,0.25,0.0,0.1,0.22121519738983653
103,estimated_witness,0.5,0.75,3.0,0.22379255985250193
103,estimated_witness,4.0,0.9,3.0,0.22556027476299803
103,estimated_witness,2.0,0.9,3.0,0.22620360824657437
103,estimated_witness,0.25,0.75,3.0,0.22962031093900678
103,estimated_witness,1.0,0.9,3.0,0.23059587706565043
103,estimated_witness,0.25,1.0,1.0,0.23486567356253651
103,estimated_witness,2.0,1.0,3.0,0.23548616802062583
103,estimated_witness,4.0,1.0,3.0,0.23570868168238077
103,estimated_witness,4.0,0.25,10.0,0.23628690289750842
103,estimated_witness,4.0,0.1,10.0,0.2364261800272983
103,estimated_witness,0.5,0.9,3.0,0.23671431719991234
103,estimated_witness,2.0,0.1,10.0,0.23886716012286136
103,estimated_witness,2.0,0.25,10.0,0.2399256377169534
103,estimated_witness,1.0,1.0,3.0,0.24028687330237497
103,estimated_witness,0.25,0.0,10.0,0.24047560664082882
103,estimated_witness,4.0,0.5,10.0,0.240713331106424
103,estimated_witness,1.0,0.1,10.0,0.24101918033443645
103,estimated_witness,0.5,0.1,10.0,0.24228484172487433
103,estimated_witness,0.25,0.1,10.0,0.24296615238379146
103,estimated_witness,1.0,0.25,10.0,0.24349700455331388
103,estimated_witness,2.0,0.5,10.0,0.24498830531856328
103,estimated_witness,0.25,0.9,3.0,0.24539018148410796
103,estimated_witness,0.5,0.25,10.0,0.24584882522431536
103,estimated_witness,0.25,0.25,10.0,0.2473516675250984
103,estimated_witness,4.0,0.75,10.0,0.24796778704720177
103,estimated_witness,0.5,1.0,3.0,0.24800065552851647
103,estimated_witness,0.25,0.0,0.03,0.2496302774783732
103,estimated_witness,1.0,0.5,10.0,0.24981949677049564
103,estimated_witness,2.0,0.75,10.0,0.2523944931476934
103,estimated_witness,4.0,0.9,10.0,0.2534863268634624
103,estimated_witness,0.5,0.5,10.0,0.2535148487595849
103,estimated_witness,0.25,0.5,10.0,0.25640891658607284
103,estimated_witness,4.0,1.0,10.0,0.25768700615694845
103,estimated_witness,2.0,0.9,10.0,0.25786591270954357
103,estimated_witness,1.0,0.75,10.0,0.2581774798283623
103,estimated_witness,0.25,1.0,3.0,0.2594022883753586
103,estimated_witness,2.0,1.0,10.0,0.26197592108736506
103,estimated_witness,0.5,0.75,10.0,0.263280408289283
103,estimated_witness,1.0,0.9,10.0,0.2641858209081179
103,estimated_witness,0.25,0.75,10.0,0.26793109967294454
103,estimated_witness,1.0,1.0,10.0,0.2686489763307559
103,estimated_witness,0.5,0.9,10.0,0.2702689802580988
103,estimated_witness,0.5,1.0,10.0,0.2754631160907977
103,estimated_witness,0.25,0.9,10.0,0.2762546354818642
103,estimated_witness,0.25,1.0,10.0,0.2824916883128434
103,geometry_only,0.25,0.0,1.0,0.18630410832632047
103,geometry_only,0.25,0.0,0.3,0.19750542812266877
103,geometry_only,0.25,0.0,3.0,0.20047960106561022
103,geometry_only,0.25,0.0,0.1,0.22121519738983653
103,geometry_only,0.25,0.0,10.0,0.24047560664082882
103,geometry_only,0.25,0.0,0.03,0.2496302774783732
104,estimated_witness,0.5,0.5,0.03,0.1684389177672492
104,estimated_witness,0.5,0.5,0.1,0.1687108623290413
104,estimated_witness,1.0,0.5,0.1,0.16956837816330775
104,estimated_witness,0.25,0.5,0.03,0.1697393069726656
104,estimated_witness,2.0,0.5,0.1,0.17086915010592693
104,estimated_witness,4.0,0.5,0.1,0.17125125917901896
104,estimated_witness,0.25,0.5,0.1,0.1717580575813371
104,estimated_witness,0.5,0.25,0.1,0.17248147834825056
104,estimated_witness,0.25,0.25,0.1,0.17253724875212886
104,estimated_witness,1.0,0.5,0.03,0.17283167562965565
104,estimated_witness,0.5,0.25,0.3,0.17465143208278378
104,estimated_witness,0.25,0.25,0.03,0.17491633904471474
104,estimated_witness,1.0,0.25,0.1,0.17507833072108425
104,estimated_witness,0.25,0.25,0.3,0.17579901092982642
104,estimated_witness,1.0,0.25,0.3,0.17600762426065
104,estimated_witness,4.0,0.75,0.1,0.17604948083389385
104,estimated_witness,0.5,0.25,0.03,0.17744321867894652
104,estimated_witness,1.0,0.5,0.3,0.17786642080845502
104,estimated_witness,2.0,0.25,0.3,0.17789227844080324
104,estimated_witness,0.5,0.5,0.3,0.17791876117728533
104,estimated_witness,2.0,0.25,0.1,0.17805353518210143
104,estimated_witness,4.0,0.5,0.3,0.1780743614962744
104,estimated_witness,2.0,0.5,0.3,0.17824389580828412
104,estimated_witness,2.0,0.5,0.03,0.17868679419139197
104,estimated_witness,2.0,0.75,0.1,0.17929062980951524
104,estimated_witness,1.0,0.75,0.03,0.17959835564812868
104,estimated_witness,4.0,0.25,0.3,0.1798804186717611
104,estimated_witness,0.5,0.75,0.03,0.18002363628643578
104,estimated_witness,1.0,0.75,0.1,0.18084213128415047
104,estimated_witness,0.25,0.5,0.3,0.18167632064012632
104,estimated_witness,4.0,0.25,0.1,0.18174110940429747
104,estimated_witness,0.5,0.1,0.3,0.1820298529136315
104,estimated_witness,0.25,0.1,0.3,0.18210103107401668
104,estimated_witness,4.0,0.5,0.03,0.18210631710303934
104,estimated_witness,2.0,0.75,0.03,0.1824663617366223
104,estimated_witness,4.0,0.75,0.03,0.1833403543321274
104,estimated_witness,1.0,0.1,0.3,0.18345798694645735
104,estimated_witness,1.0,0.25,0.03,0.18352008757686267
104,estimated_witness,0.5,0.75,0.1,0.18373957311880576
104,estimated_witness,2.0,0.1,0.3,0.18525535631812465
104,estimated_witness,4.0,0.1,0.3,0.1870384155794158
104,estimated_witness,0.25,0.1,0.1,0.187661107859087
104,estimated_witness,0.25,0.75,0.03,0.18780511290470173
104,estimated_witness,0.5,0.1,0.1,0.18853523906295244
104,estimated_witness,2.0,0.25,0.03,0.1888986416030778
104,estimated_witness,1.0,0.1,0.1,0.1911612442851449
104,estimated_witness,4.0,0.75,0.3,0.19172336808590754
104,estimated_witness,0.25,0.75,0.1,0.19229959902090157
104,estimated_witness,4.0,0.9,0.1,0.1928419011228895
104,estimated_witness,4.0,0.25,0.03,0.19295250077302542
104,estimated_witness,2.0,0.75,0.3,0.1938812203661451
104,estimated_witness,2.0,0.1,0.1,0.1943178963079009
104,estimated_witness,1.0,0.75,0.3,0.1950577662303714
104,estimated_witness,0.25,0.0,0.3,0.19513411848132067
104,estimated_witness,4.0,0.9,0.03,0.1953448246244267
104,estimated_witness,1.0,0.9,0.03,0.1958873379816215
104,estimated_witness,0.25,0.1,0.03,0.1959028663261951
104,estimated_witness,2.0,0.9,0.03,0.19621509023466188
104,estimated_witness,2.0,0.9,0.1,0.19674034274019672
104,estimated_witness,0.5,0.75,0.3,0.19753750075326906
104,estimated_witness,0.5,0.1,1.0,0.19833256937333124
104,estimated_witness,0.25,0.1,1.0,0.19843102136932042
104,estimated_witness,4.0,0.1,0.1,0.19857635726066417
104,estimated_witness,1.0,0.1,1.0,0.19921290981950177
104,estimated_witness,0.5,0.1,0.03,0.1992150539981695
104,estimated_witness,0.25,0.0,1.0,0.19963638068885126
104,estimated_witness,1.0,0.9,0.1,0.19993405891665758
104,estimated_witness,2.0,0.1,1.0,0.2000660542582875
104,estimated_witness,4.0,0.1,1.0,0.200297975907454
104,estimated_witness,0.5,0.25,1.0,0.2003288887579512
104,estimated_witness,0.5,0.9,0.03,0.20114194290574738
104,estimated_witness,0.25,0.25,1.0,0.201145929423895
104,estimated_witness,1.0,0.25,1.0,0.20166018917483255
104,estimated_witness,2.0,0.25,1.0,0.2030909328229035
104,estimated_witness,4.0,0.25,1.0,0.20365015054492996
104,estimated_witness,1.0,0.1,0.03,0.20389297955313798
104,estimated_witness,0.25,0.75,0.3,0.2058817727189366
104,estimated_witness,0.5,0.9,0.1,0.20643323002831884
104,estimated_witness,2.0,0.1,0.03,0.20746397424424642
104,estimated_witness,0.5,0.5,1.0,0.2117502962675651
104,estimated_witness,4.0,0.1,0.03,0.21230559673314353
104,estimated_witness,1.0,0.5,1.0,0.21290040719091727
104,estimated_witness,2.0,0.5,1.0,0.21464923118053067
104,estimated_witness,0.25,0.5,1.0,0.21468301623660854
104,estimated_witness,4.0,0.5,1.0,0.2154657499793581
104,estimated_witness,4.0,0.9,0.3,0.21548000444386362
104,estimated_witness,2.0,0.9,0.3,0.2160518711835523
104,estimated_witness,0.25,0.9,0.03,0.2160582314139292
104,estimated_witness,1.0,0.9,0.3,0.21713284776163477
104,estimated_witness,0.25,0.9,0.1,0.22125074974619915
104,estimated_witness,0.25,0.0,0.1,0.221680841667343
104,estimated_witness,0.5,0.9,0.3,0.22173586615319096
104,estimated_witness,1.0,1.0,0.03,0.22653959362190643
104,estimated_witness,2.0,1.0,0.1,0.22692548444214586
104,estimated_witness,4.0,1.0,0.1,0.2275709725774673
104,estimated_witness,1.0,1.0,0.1,0.22782379706864245
104,estimated_witness,2.0,1.0,0.03,0.23228094272100633
104,estimated_witness,0.5,1.0,0.03,0.23278014954722703
104,estimated_witness,0.5,0.75,1.0,0.23481284193205795
104,estimated_witness,1.0,0.75,1.0,0.23515832215957103
104,estimated_witness,0.25,0.9,0.3,0.23524283327500858
104,estimated_witness,0.5,1.0,0.1,0.23592556689509445
104,estimated_witness,2.0,0.75,1.0,0.23765697479377956
104,estimated_witness,4.0,1.0,0.03,0.23812314703586548
104,estimated_witness,4.0,0.75,1.0,0.2398960128189267
104,estimated_witness,0.25,0.75,1.0,0.2414738884560961
104,estimated_witness,1.0,1.0,0.3,0.24293060628270333
104,estimated_witness,2.0,1.0,0.3,0.24412058563154215
104,estimated_witness,0.25,0.0,3.0,0.24451256241291727
104,estimated_witness,0.5,0.1,3.0,0.24682580806261067
104,estimated_witness,0.25,0.1,3.0,0.24686007857038686
104,estimated_witness,1.0,0.1,3.0,0.2474045214827635
104,estimated_witness,4.0,0.1,3.0,0.24753946506959537
104,estimated_witness,2.0,0.1,3.0,0.24781726698171422
104,estimated_witness,0.5,1.0,0.3,0.2488867941314631
104,estimated_witness,4.0,1.0,0.3,0.25016338904036195
104,estimated_witness,0.5,0.25,3.0,0.2525066284506532
104,estimated_witness,0.25,0.25,3.0,0.25281407821917995
104,estimated_witness,0.25,1.0,0.03,0.25346296818714703
104,estimated_witness,1.0,0.25,3.0,0.2537591214342061
104,estimated_witness,2.0,0.25,3.0,0.2549113277350072
104,estimated_witness,4.0,0.25,3.0,0.2550131686242467
104,estimated_witness,0.25,1.0,0.1,0.2569426543055429
104,estimated_witness,1.0,0.9,1.0,0.25698703299818293
104,estimated_witness,0.5,0.9,1.0,0.25741375667545824
104,estimated_witness,0.25,0.0,0.03,0.2597382987713848
104,estimated_witness,2.0,0.9,1.0,0.26105628074205683
104,estimated_witness,0.5,0.5,3.0,0.2663710298324687
104,estimated_witness,4.0,0.9,1.0,0.266581904485238
104,estimated_witness,0.25,0.9,1.0,0.26795701579347403
104,estimated_witness,0.25,0.5,3.0,0.2679839853822897
104,estimated_witness,0.25,1.0,0.3,0.2679971991826475
104,estimated_witness,1.0,0.5,3.0,0.26820021305728886
104,estimated_witness,2.0,0.5,3.0,0.2705514092515859
104,estimated_witness,4.0,0.5,3.0,0.27178893083207994
104,estimated_witness,1.0,1.0,1.0,0.2777199579957617
104,estimated_witness,0.5,1.0,1.0,0.27874918769946955
104,estimated_witness,2.0,1.0,1.0,0.2841508171618106
104,estimated_witness,0.5,0.75,3.0,0.28652593026276446
104,estimated_witness,1.0,0.75,3.0,0.28853364436994955
104,estimated_witness,0.25,0.75,3.0,0.29057245325857545
104,estimated_witness,2.0,0.75,3.0,0.29247124122174467
104,estimated_witness,0.25,1.0,1.0,0.29324561731882004
104,estimated_witness,4.0,1.0,1.0,0.29491074944324736
104,estimated_witness,4.0,0.75,3.0,0.29584617607681435
104,estimated_witness,0.5,0.9,3.0,0.30273960373952047
104,estimated_witness,1.0,0.9,3.0,0.3047147434711543
104,estimated_witness,0.25,0.9,3.0,0.30901051285883147
104,estimated_witness,0.25,0.0,10.0,0.30940777001372227
104,estimated_witness,2.0,0.9,3.0,0.31008984841459547
104,estimated_witness,4.0,0.1,10.0,0.31078952120956443
104,estimated_witness,2.0,0.1,10.0,0.3115383268671787
104,estimated_witness,0.5,0.1,10.0,0.31170367738873456
104,estimated_witness,1.0,0.1,10.0,0.31175972964292137
104,estimated_witness,0.25,0.1,10.0,0.3118401074762495
104,estimated_witness,4.0,0.25,10.0,0.3157392083316409
104,estimated_witness,4.0,0.9,3.0,0.31574366097959533
104,estimated_witness,0.5,1.0,3.0,0.315901115651744
104,estimated_witness,0.5,0.25,10.0,0.3161272802893956
104,estimated_witness,0.25,0.25,10.0,0.31638631158567915
104,estimated_witness,1.0,0.25,10.0,0.3165127807585082
104,estimated_witness,2.0,0.25,10.0,0.3165514248230478
104,estimated_witness,1.0,1.0,3.0,0.3178071091913503
104,estimated_witness,0.25,1.0,3.0,0.3241253718064987
104,estimated_witness,2.0,1.0,3.0,0.3245185904706294
104,estimated_witness,0.5,0.5,10.0,0.32529515322589964
104,estimated_witness,0.25,0.5,10.0,0.3259602135702156
104,estimated_witness,1.0,0.5,10.0,0.3262011442921722
104,estimated_witness,4.0,0.5,10.0,0.32668058111206294
104,estimated_witness,2.0,0.5,10.0,0.3269625582009155
104,estimated_witness,4.0,1.0,3.0,0.3324559311452004
104,estimated_witness,0.5,0.75,10.0,0.336419843084542
104,estimated_witness,1.0,0.75,10.0,0.3377018437865568
104,estimated_witness,0.25,0.75,10.0,0.3378790710396337
104,estimated_witness,2.0,0.75,10.0,0.33933196828680484
104,estimated_witness,4.0,0.75,10.0,0.33995895280900873
104,estimated_witness,0.5,0.9,10.0,0.3440796305006935
104,estimated_witness,1.0,0.9,10.0,0.34552679796823305
104,estimated_witness,0.25,0.9,10.0,0.34621960435663546
104,estimated_witness,2.0,0.9,10.0,0.34775828760060445
104,estimated_witness,4.0,0.9,10.0,0.34911013137871105
104,estimated_witness,0.5,1.0,10.0,0.3496382374560862
104,estimated_witness,1.0,1.0,10.0,0.3511738380966167
104,estimated_witness,0.25,1.0,10.0,0.35232402933827195
104,estimated_witness,2.0,1.0,10.0,0.3538496026096039
104,estimated_witness,4.0,1.0,10.0,0.3557736262188029
104,geometry_only,0.25,0.0,0.3,0.19513411848132067
104,geometry_only,0.25,0.0,1.0,0.19963638068885126
104,geometry_only,0.25,0.0,0.1,0.221680841667343
104,geometry_only,0.25,0.0,3.0,0.24451256241291727
104,geometry_only,0.25,0.0,0.03,0.2597382987713848
104,geometry_only,0.25,0.0,10.0,0.30940777001372227
105,estimated_witness,4.0,0.5,0.1,0.1223348249924125
105,estimated_witness,4.0,0.75,0.1,0.12437242894727786
105,estimated_witness,2.0,0.5,0.1,0.1263602879594768
105,estimated_witness,2.0,0.25,0.1,0.12922132906661332
105,estimated_witness,1.0,0.25,0.1,0.12956876952471277
105,estimated_witness,0.5,0.25,0.1,0.12996831585463223
105,estimated_witness,4.0,0.5,0.3,0.13014813833165742
105,estimated_witness,2.0,0.25,0.3,0.13077751195479326
105,estimated_witness,4.0,0.25,0.1,0.13106987555610813
105,estimated_witness,1.0,0.25,0.3,0.13173550958773542
105,estimated_witness,4.0,0.75,0.03,0.13173861222651145
105,estimated_witness,4.0,0.25,0.3,0.13181210283765304
105,estimated_witness,0.25,0.25,0.1,0.13218390460140922
105,estimated_witness,1.0,0.5,0.1,0.1322716436811984
105,estimated_witness,2.0,0.5,0.3,0.132716516783331
105,estimated_witness,4.0,0.5,0.03,0.13287502576092727
105,estimated_witness,0.25,0.25,0.03,0.1333619930156522
105,estimated_witness,0.5,0.25,0.3,0.13405593988235645
105,estimated_witness,0.5,0.25,0.03,0.13408178986728245
105,estimated_witness,1.0,0.1,0.3,0.13460193377123977
105,estimated_witness,0.5,0.1,0.3,0.1349536209326386
105,estimated_witness,2.0,0.75,0.1,0.13515745228262713
105,estimated_witness,2.0,0.1,0.3,0.13548631386422108
105,estimated_witness,2.0,0.5,0.03,0.1359643150939002
105,estimated_witness,0.25,0.1,0.3,0.13651568558611143
105,estimated_witness,0.5,0.1,0.1,0.13708810363496807
105,estimated_witness,4.0,0.1,0.3,0.13715120236401906
105,estimated_witness,4.0,0.9,0.1,0.13725083492609996
105,estimated_witness,0.5,0.5,0.1,0.13748893558878278
105,estimated_witness,1.0,0.5,0.03,0.13752473228634676
105,estimated_witness,0.25,0.25,0.3,0.13755077532740614
105,estimated_witness,0.25,0.1,0.1,0.13809982945124297
105,estimated_witness,1.0,0.1,0.1,0.13814871645791257
105,estimated_witness,0.5,0.5,0.03,0.13819287838589706
105,estimated_witness,1.0,0.25,0.03,0.13840988596182266
105,estimated_witness,1.0,0.5,0.3,0.1388656626264426
105,estimated_witness,4.0,0.9,0.03,0.1392254043267888
105,estimated_witness,4.0,0.75,0.3,0.13960089128294603
105,estimated_witness,2.0,0.1,0.1,0.14063674383443028
105,estimated_witness,2.0,0.25,0.03,0.14112831505035736
105,estimated_witness,2.0,0.75,0.03,0.14162655803002266
105,estimated_witness,0.25,0.5,0.03,0.1425042133375436
105,estimated_witness,0.25,0.0,0.3,0.1428456029793865
105,estimated_witness,4.0,0.25,0.03,0.14384745678862795
105,estimated_witness,0.25,0.5,0.1,0.14423306415336903
105,estimated_witness,4.0,0.1,0.1,0.14475645214856678
105,estimated_witness,0.25,0.1,0.03,0.14532803620932025
105,estimated_witness,0.5,0.5,0.3,0.1463126779710888
105,estimated_witness,0.5,0.1,0.03,0.146782389897453
105,estimated_witness,2.0,0.75,0.3,0.14694202255021782
105,estimated_witness,1.0,0.75,0.1,0.14935469673766658
105,estimated_witness,1.0,0.75,0.03,0.15155610406026856
105,estimated_witness,1.0,0.1,0.03,0.15173615541738386
105,estimated_witness,2.0,0.9,0.1,0.15301981168275403
105,estimated_witness,0.25,0.0,1.0,0.1536641155525417
105,estimated_witness,0.25,0.5,0.3,0.1541454525905592
105,estimated_witness,1.0,0.1,1.0,0.15415124803941238
105,estimated_witness,2.0,0.1,1.0,0.1544056028802188
105,estimated_witness,0.5,0.1,1.0,0.15458991752103457
105,estimated_witness,4.0,0.1,1.0,0.15485682910829976
105,estimated_witness,0.25,0.1,1.0,0.15571293178174467
105,estimated_witness,2.0,0.9,0.03,0.15588249060725967
105,estimated_witness,2.0,0.1,0.03,0.1567168923702984
105,estimated_witness,2.0,0.25,1.0,0.15739934563683752
105,estimated_witness,4.0,0.25,1.0,0.15761581392398147
105,estimated_witness,1.0,0.25,1.0,0.1582975053027742
105,estimated_witness,4.0,0.9,0.3,0.15839758654227762
105,estimated_witness,0.5,0.25,1.0,0.16033274207548645
105,estimated_witness,1.0,0.75,0.3,0.1603497877101133
105,estimated_witness,0.5,0.75,0.03,0.1628849598137521
105,estimated_witness,0.25,0.0,0.1,0.16306530910469635
105,estimated_witness,0.25,0.25,1.0,0.16307901935944766
105,estimated_witness,4.0,0.1,0.03,0.16324987950435108
105,estimated_witness,0.5,0.75,0.1,0.16431580096841447
105,estimated_witness,4.0,0.5,1.0,0.16672331056646902
105,estimated_witness,2.0,0.5,1.0,0.16773291836451887
105,estimated_witness,2.0,0.9,0.3,0.1682941268201712
105,estimated_witness,1.0,0.5,1.0,0.17208677785586843
105,estimated_witness,1.0,0.9,0.1,0.1745170201124978
105,estimated_witness,1.0,0.9,0.03,0.1750813526435866
105,estimated_witness,0.5,0.75,0.3,0.17639902546312725
105,estimated_witness,0.25,0.75,0.03,0.177145400889557
105,estimated_witness,0.5,0.5,1.0,0.17847461737596074
105,estimated_witness,0.25,0.75,0.1,0.18030307655669997
105,estimated_witness,4.0,1.0,0.1,0.18121485110093757
105,estimated_witness,0.25,0.5,1.0,0.1849279922718894
105,estimated_witness,4.0,0.75,1.0,0.18560937182289594
105,estimated_witness,1.0,0.9,0.3,0.18687072304971597
105,estimated_witness,2.0,0.75,1.0,0.18791947683724497
105,estimated_witness,4.0,1.0,0.3,0.19177945005328131
105,estimated_witness,0.25,0.75,0.3,0.19217656611016243
105,estimated_witness,2.0,1.0,0.1,0.1928682337142418
105,estimated_witness,4.0,1.0,0.03,0.19467492391204191
105,estimated_witness,0.5,0.9,0.03,0.19658685199280565
105,estimated_witness,1.0,0.75,1.0,0.19702884707250648
105,estimated_witness,0.5,0.9,0.1,0.19850602251989002
105,estimated_witness,0.25,0.0,3.0,0.19914286015759164
105,estimated_witness,2.0,1.0,0.3,0.19953846687475196
105,estimated_witness,4.0,0.1,3.0,0.20248036570158393
105,estimated_witness,1.0,0.1,3.0,0.2024854850380854
105,estimated_witness,2.0,0.1,3.0,0.20259238953905714
105,estimated_witness,0.5,0.1,3.0,0.20265780859191349
105,estimated_witness,0.25,0.1,3.0,0.2033342962399585
105,estimated_witness,0.25,0.0,0.03,0.2038993236992345
105,estimated_witness,2.0,1.0,0.03,0.20427410318203595
105,estimated_witness,4.0,0.9,1.0,0.2064750721356073
105,estimated_witness,2.0,0.9,1.0,0.20867147795013516
105,estimated_witness,4.0,0.25,3.0,0.20911610176124995
105,estimated_witness,2.0,0.25,3.0,0.2092641395733179
105,estimated_witness,1.0,0.25,3.0,0.20977686968864942
105,estimated_witness,0.5,0.75,1.0,0.21017620452380167
105,estimated_witness,0.5,0.9,0.3,0.21036414690546065
105,estimated_witness,0.5,0.25,3.0,0.21084325767973053
105,estimated_witness,0.25,0.25,3.0,0.2124161356582492
105,estimated_witness,1.0,1.0,0.1,0.21353232156029267
105,estimated_witness,1.0,1.0,0.3,0.21889128484870546
105,estimated_witness,1.0,1.0,0.03,0.2207215574463635
105,estimated_witness,1.0,0.9,1.0,0.22093285845203448
105,estimated_witness,0.25,0.9,0.03,0.22109797849366897
105,estimated_witness,0.25,0.75,1.0,0.222792334629237
105,estimated_witness,4.0,0.5,3.0,0.2233204697280039
105,estimated_witness,2.0,0.5,3.0,0.22349151287090682
105,estimated_witness,0.25,0.9,0.1,0.22406096476443357
105,estimated_witness,1.0,0.5,3.0,0.2259221276296435
105,estimated_witness,4.0,1.0,1.0,0.22872090884774252
105,estimated_witness,2.0,1.0,1.0,0.22938294891600486
105,estimated_witness,0.5,0.5,3.0,0.22976705758521254
105,estimated_witness,0.25,0.5,3.0,0.23363585001169918
105,estimated_witness,0.25,0.9,0.3,0.2343614141199639
105,estimated_witness,0.5,0.9,1.0,0.2397413059904475
105,estimated_witness,0.5,1.0,0.1,0.240087710840486
105,estimated_witness,0.5,1.0,0.03,0.2418289299126948
105,estimated_witness,2.0,0.75,3.0,0.24294910270100786
105,estimated_witness,4.0,0.75,3.0,0.24318331544349117
105,estimated_witness,1.0,1.0,1.0,0.24328654212213766
105,estimated_witness,0.5,1.0,0.3,0.246798876995553
105,estimated_witness,1.0,0.75,3.0,0.24790450164856984
105,estimated_witness,0.5,0.75,3.0,0.2559486681972663
105,estimated_witness,2.0,0.9,3.0,0.2582373057074128
105,estimated_witness,0.25,0.9,1.0,0.258405474445262
105,estimated_witness,4.0,0.9,3.0,0.2592335757449253
105,estimated_witness,0.25,0.75,3.0,0.26357367288685835
105,estimated_witness,1.0,0.9,3.0,0.2648895549488284
105,estimated_witness,0.25,0.0,10.0,0.2654207687249556
105,estimated_witness,0.5,1.0,1.0,0.26662675351699966
105,estimated_witness,4.0,0.1,10.0,0.26684605226411123
105,estimated_witness,2.0,0.1,10.0,0.2677390329278199
105,estimated_witness,1.0,0.1,10.0,0.26815381128315807
105,estimated_witness,0.5,0.1,10.0,0.26838222276352086
105,estimated_witness,0.25,0.1,10.0,0.2687748121392785
105,estimated_witness,2.0,1.0,3.0,0.27051080470343036
105,estimated_witness,4.0,0.25,10.0,0.2713683314538287
105,estimated_witness,4.0,1.0,3.0,0.2724273292759505
105,estimated_witness,2.0,0.25,10.0,0.27261110376394065
105,estimated_witness,0.25,1.0,0.03,0.273174462000532
105,estimated_witness,1.0,0.25,10.0,0.2734359264451247
105,estimated_witness,0.25,1.0,0.1,0.27354988010290454
105,estimated_witness,0.5,0.25,10.0,0.27404250098325655
105,estimated_witness,0.25,0.25,10.0,0.27486300102585953
105,estimated_witness,0.5,0.9,3.0,0.2762662240133056
105,estimated_witness,1.0,1.0,3.0,0.2783126176392274
105,estimated_witness,0.25,1.0,0.3,0.2786360698543552
105,estimated_witness,4.0,0.5,10.0,0.28102566688231245
105,estimated_witness,2.0,0.5,10.0,0.28230786520663925
105,estimated_witness,1.0,0.5,10.0,0.28395358873401033
105,estimated_witness,0.5,0.5,10.0,0.28564085759128427
105,estimated_witness,0.25,0.9,3.0,0.28720500468210847
105,estimated_witness,0.25,0.5,10.0,0.2873279283696249
105,estimated_witness,0.25,1.0,1.0,0.2911267775607609
105,estimated_witness,0.5,1.0,3.0,0.2923362688871107
105,estimated_witness,4.0,0.75,10.0,0.29248069397824134
105,estimated_witness,2.0,0.75,10.0,0.2935281767213267
105,estimated_witness,1.0,0.75,10.0,0.29618502604662555
105,estimated_witness,0.5,0.75,10.0,0.29947732609599803
105,estimated_witness,4.0,0.9,10.0,0.3002500241685588
105,estimated_witness,2.0,0.9,10.0,0.3010369945262642
105,estimated_witness,0.25,0.75,10.0,0.30246722432937645
105,estimated_witness,1.0,0.9,10.0,0.3043698019589245
105,estimated_witness,4.0,1.0,10.0,0.30584797216644954
105,estimated_witness,0.25,1.0,3.0,0.30613798241962226
105,estimated_witness,2.0,1.0,10.0,0.30640306993595007
105,estimated_witness,0.5,0.9,10.0,0.3088565679325981
105,estimated_witness,1.0,1.0,10.0,0.31021004583433837
105,estimated_witness,0.25,0.9,10.0,0.31288360664015996
105,estimated_witness,0.5,1.0,10.0,0.31559005524831574
105,estimated_witness,0.25,1.0,10.0,0.32042905942829814
105,geometry_only,0.25,0.0,0.3,0.1428456029793865
105,geometry_only,0.25,0.0,1.0,0.1536641155525417
105,geometry_only,0.25,0.0,0.1,0.16306530910469635
105,geometry_only,0.25,0.0,3.0,0.19914286015759164
105,geometry_only,0.25,0.0,0.03,0.2038993236992345
105,geometry_only,0.25,0.0,10.0,0.2654207687249556
106,estimated_witness,2.0,0.9,0.1,0.16282382574052606
106,estimated_witness,4.0,0.9,0.1,0.16393233890117162
106,estimated_witness,2.0,0.9,0.03,0.16508394029550605
106,estimated_witness,4.0,0.9,0.03,0.1682978233976223
106,estimated_witness,2.0,0.75,0.1,0.16998021521202067
106,estimated_witness,1.0,0.75,0.1,0.1702327275019784
106,estimated_witness,1.0,0.9,0.03,0.17100807775630952
106,estimated_witness,1.0,0.9,0.1,0.17116285084745142
106,estimated_witness,1.0,0.75,0.03,0.17503939700581736
106,estimated_witness,2.0,0.75,0.3,0.17605335929743068
106,estimated_witness,4.0,0.75,0.1,0.17782604872488195
106,estimated_witness,2.0,0.9,0.3,0.17826756644221553
106,estimated_witness,1.0,0.75,0.3,0.17833963739094297
106,estimated_witness,2.0,1.0,0.1,0.17935580439041174
106,estimated_witness,4.0,0.75,0.3,0.180759502108745
106,estimated_witness,4.0,0.9,0.3,0.18150053322170226
106,estimated_witness,4.0,1.0,0.1,0.18197682640703483
106,estimated_witness,0.5,0.75,0.03,0.18215180699760145
106,estimated_witness,0.5,0.75,0.1,0.1823514749096253
106,estimated_witness,2.0,0.75,0.03,0.18236025715723206
106,estimated_witness,1.0,0.9,0.3,0.18400156667501136
106,estimated_witness,1.0,0.5,0.3,0.1855620360404668
106,estimated_witness,1.0,1.0,0.1,0.18760455965036163
106,estimated_witness,1.0,0.5,0.1,0.1879474345546636
106,estimated_witness,0.5,0.5,0.1,0.18823665792770217
106,estimated_witness,2.0,0.5,0.3,0.1889036434669635
106,estimated_witness,0.5,0.9,0.03,0.1898262705854428
106,estimated_witness,2.0,1.0,0.03,0.19005293405186283
106,estimated_witness,0.5,0.5,0.3,0.1903366435163664
106,estimated_witness,0.5,0.75,0.3,0.19089424621022974
106,estimated_witness,2.0,1.0,0.3,0.19131826891192538
106,estimated_witness,0.5,0.9,0.1,0.19181215133295926
106,estimated_witness,1.0,1.0,0.03,0.19189547410324237
106,estimated_witness,0.5,0.5,0.03,0.1929930098241401
106,estimated_witness,4.0,0.5,0.3,0.19653831567361613
106,estimated_witness,4.0,1.0,0.03,0.19680358432811806
106,estimated_witness,4.0,1.0,0.3,0.1969685690059371
106,estimated_witness,1.0,1.0,0.3,0.197082120557612
106,estimated_witness,0.25,0.5,0.1,0.19791063092704006
106,estimated_witness,2.0,0.5,0.1,0.19878490744449354
106,estimated_witness,0.25,0.5,0.03,0.19901534822387865
106,estimated_witness,4.0,0.75,0.03,0.19906552691997073
106,estimated_witness,0.25,0.75,0.03,0.20011507469823475
106,estimated_witness,0.25,0.5,0.3,0.20079487173316732
106,estimated_witness,1.0,0.5,0.03,0.20122993654081398
106,estimated_witness,0.25,0.75,0.1,0.20178835953419494
106,estimated_witness,0.5,0.9,0.3,0.20196937248489064
106,estimated_witness,1.0,0.5,1.0,0.20296617245370807
106,estimated_witness,2.0,0.5,1.0,0.20319571541757542
106,estimated_witness,2.0,0.75,1.0,0.20503314539586617
106,estimated_witness,1.0,0.75,1.0,0.20629305921718522
106,estimated_witness,4.0,0.5,1.0,0.20643533914508047
106,estimated_witness,0.5,0.25,0.3,0.20753179688398607
106,estimated_witness,0.5,0.5,1.0,0.20773256455050193
106,estimated_witness,1.0,0.25,0.3,0.20821502501502023
106,estimated_witness,1.0,0.25,1.0,0.20834007733463533
106,estimated_witness,0.25,0.75,0.3,0.20901559688684146
106,estimated_witness,4.0,0.75,1.0,0.2091929959663055
106,estimated_witness,2.0,0.25,1.0,0.20926180762411475
106,estimated_witness,0.5,0.25,1.0,0.2098981989468275
106,estimated_witness,0.5,1.0,0.1,0.2106104329975359
106,estimated_witness,0.5,1.0,0.03,0.21109180679411862
106,estimated_witness,4.0,0.25,1.0,0.21133126029441063
106,estimated_witness,0.25,0.25,0.3,0.2117897313830003
106,estimated_witness,2.0,0.9,1.0,0.212319372714018
106,estimated_witness,0.25,0.25,1.0,0.21321718419349764
106,estimated_witness,2.0,0.25,0.3,0.21401416711671592
106,estimated_witness,1.0,0.9,1.0,0.21424436710520853
106,estimated_witness,4.0,0.5,0.1,0.21466342152393292
106,estimated_witness,1.0,0.1,1.0,0.21534384076557647
106,estimated_witness,0.5,0.75,1.0,0.215367205808528
106,estimated_witness,0.25,0.5,1.0,0.21540588059861623
106,estimated_witness,0.5,0.1,1.0,0.2156652709847503
106,estimated_witness,2.0,0.1,1.0,0.2159209632677214
106,estimated_witness,4.0,0.1,1.0,0.2167396607911324
106,estimated_witness,0.25,0.1,1.0,0.21679197504336992
106,estimated_witness,0.25,0.9,0.03,0.21683242763302438
106,estimated_witness,0.5,0.25,0.1,0.2176933077782198
106,estimated_witness,0.5,1.0,0.3,0.21783404404652337
106,estimated_witness,4.0,0.9,1.0,0.2179446841533159
106,estimated_witness,0.25,0.9,0.1,0.21880115121882726
106,estimated_witness,0.25,0.25,0.1,0.21970471786981993
106,estimated_witness,4.0,0.25,0.3,0.22128048080470752
106,estimated_witness,0.25,0.0,1.0,0.2217886264891872
106,estimated_witness,2.0,1.0,1.0,0.2218052172060295
106,estimated_witness,1.0,1.0,1.0,0.22351819157880637
106,estimated_witness,2.0,0.5,0.03,0.22389854247617377
106,estimated_witness,1.0,0.25,0.1,0.2254386876693636
106,estimated_witness,0.25,0.9,0.3,0.22616270487796766
106,estimated_witness,0.5,0.9,1.0,0.22642426572264507
106,estimated_witness,0.25,0.25,0.03,0.2277959148706683
106,estimated_witness,0.25,0.75,1.0,0.22856829318621427
106,estimated_witness,4.0,1.0,1.0,0.22981660444469112
106,estimated_witness,4.0,0.1,3.0,0.22993613978718408
106,estimated_witness,0.5,0.1,0.3,0.23013198997670703
106,estimated_witness,2.0,0.1,3.0,0.23036211304825352
106,estimated_witness,1.0,0.1,3.0,0.23070628944077942
106,estimated_witness,2.0,0.25,3.0,0.23097955484322183
106,estimated_witness,4.0,0.25,3.0,0.23098137973300129
106,estimated_witness,0.5,0.1,3.0,0.23110510218994187
106,estimated_witness,0.25,0.0,3.0,0.23113420157988185
106,estimated_witness,0.5,0.25,0.03,0.23121795223872985
106,estimated_witness,0.25,0.1,0.3,0.23131143260945816
106,estimated_witness,1.0,0.25,3.0,0.23139409751912987
106,estimated_witness,0.25,0.1,3.0,0.23170812257193374
106,estimated_witness,1.0,0.1,0.3,0.23181034204708872
106,estimated_witness,0.5,0.25,3.0,0.23256053307818006
106,estimated_witness,0.25,0.25,3.0,0.23427585479225507
106,estimated_witness,2.0,0.5,3.0,0.23450777163883163
106,estimated_witness,1.0,0.5,3.0,0.23507057652969773
106,estimated_witness,4.0,0.5,3.0,0.23558288592518906
106,estimated_witness,2.0,0.1,0.3,0.2357879383108736
106,estimated_witness,0.5,1.0,1.0,0.23792828638075755
106,estimated_witness,0.5,0.5,3.0,0.23800971790183936
106,estimated_witness,4.0,0.1,0.3,0.23995098195360928
106,estimated_witness,2.0,0.25,0.1,0.24110159124831854
106,estimated_witness,2.0,0.75,3.0,0.24176057353054672
106,estimated_witness,0.25,0.5,3.0,0.24221994788985415
106,estimated_witness,0.25,1.0,0.03,0.24223962518262734
106,estimated_witness,0.25,1.0,0.1,0.24228192897340514
106,estimated_witness,1.0,0.75,3.0,0.2424941774419486
106,estimated_witness,0.25,0.9,1.0,0.2441038886308837
106,estimated_witness,4.0,0.75,3.0,0.24435694642747352
106,estimated_witness,0.25,1.0,0.3,0.2468998204235652
106,estimated_witness,0.5,0.75,3.0,0.2477459915984285
106,estimated_witness,2.0,0.9,3.0,0.24857718375918417
106,estimated_witness,1.0,0.9,3.0,0.24930663364058758
106,estimated_witness,1.0,0.25,0.03,0.24950721718912053
106,estimated_witness,4.0,0.9,3.0,0.252552699161915
106,estimated_witness,4.0,0.5,0.03,0.25264355443894887
106,estimated_witness,2.0,1.0,3.0,0.254512020880022
106,estimated_witness,1.0,1.0,3.0,0.25511959101511217
106,estimated_witness,0.25,0.0,0.3,0.25526246972601724
106,estimated_witness,0.25,0.75,3.0,0.2552867530174081
106,estimated_witness,0.25,0.1,0.1,0.2558913016185958
106,estimated_witness,0.5,0.9,3.0,0.2562455643966288
106,estimated_witness,0.5,0.1,0.1,0.25678978230293115
106,estimated_witness,4.0,0.25,0.1,0.2569851339485829
106,estimated_witness,0.25,1.0,1.0,0.2595142984624192
106,estimated_witness,4.0,1.0,3.0,0.2597658853485813
106,estimated_witness,4.0,0.1,10.0,0.26218492555862294
106,estimated_witness,2.0,0.1,10.0,0.26326471395223766
106,estimated_witness,4.0,0.25,10.0,0.2632722020219451
106,estimated_witness,0.5,1.0,3.0,0.2633368642246467
106,estimated_witness,0.25,0.0,10.0,0.2634696084364149
106,estimated_witness,1.0,0.1,10.0,0.26408885985627234
106,estimated_witness,0.5,0.1,10.0,0.264529768165123
106,estimated_witness,2.0,0.25,10.0,0.26465399097228387
106,estimated_witness,1.0,0.1,0.1,0.26467324782660095
106,estimated_witness,0.25,0.1,10.0,0.26486996063431906
106,estimated_witness,1.0,0.25,10.0,0.26591517997333375
106,estimated_witness,0.25,0.9,3.0,0.26636424970709366
106,estimated_witness,0.5,0.25,10.0,0.26680980273132837
106,estimated_witness,4.0,0.5,10.0,0.2673982319828874
106,estimated_witness,0.25,0.25,10.0,0.267598834589015
106,estimated_witness,2.0,0.5,10.0,0.26852942350464826
106,estimated_witness,1.0,0.5,10.0,0.2700688117663585
106,estimated_witness,0.5,0.5,10.0,0.2717578009639081
106,estimated_witness,4.0,0.75,10.0,0.27302943670427815
106,estimated_witness,0.25,0.5,10.0,0.273464468119816
106,estimated_witness,2.0,0.75,10.0,0.2735815452644272
106,estimated_witness,0.25,0.1,0.03,0.2750507701317957
106,estimated_witness,1.0,0.75,10.0,0.27525233003051114
106,estimated_witness,0.25,1.0,3.0,0.27553482549851566
106,estimated_witness,2.0,0.1,0.1,0.27615190358810965
106,estimated_witness,4.0,0.9,10.0,0.27705768490506816
106,estimated_witness,2.0,0.9,10.0,0.2771481969280814
106,estimated_witness,0.5,0.75,10.0,0.27789571428103677
106,estimated_witness,2.0,0.25,0.03,0.27853777282860437
106,estimated_witness,1.0,0.9,10.0,0.2788628125361985
106,estimated_witness,2.0,1.0,10.0,0.27976525204092995
106,estimated_witness,4.0,1.0,10.0,0.28003238934487484
106,estimated_witness,0.25,0.75,10.0,0.28081876113386556
106,estimated_witness,0.5,0.1,0.03,0.28092584531742837
106,estimated_witness,1.0,1.0,10.0,0.28149559064078983
106,estimated_witness,0.5,0.9,10.0,0.2821628611925597
106,estimated_witness,0.5,1.0,10.0,0.2852708643073097
106,estimated_witness,4.0,0.1,0.1,0.28580118618994854
106,estimated_witness,0.25,0.9,10.0,0.28597005182044366
106,estimated_witness,0.25,1.0,10.0,0.2897373640022734
106,estimated_witness,1.0,0.1,0.03,0.29897973373575065
106,estimated_witness,4.0,0.25,0.03,0.30693102510162223
106,estimated_witness,0.25,0.0,0.1,0.3121670961411139
106,estimated_witness,2.0,0.1,0.03,0.3222796286870272
106,estimated_witness,4.0,0.1,0.03,0.33973441300903867
106,estimated_witness,0.25,0.0,0.03,0.36746748931420986
106,geometry_only,0.25,0.0,1.0,0.2217886264891872
106,geometry_only,0.25,0.0,3.0,0.23113420157988185
106,geometry_only,0.25,0.0,0.3,0.25526246972601724
106,geometry_only,0.25,0.0,10.0,0.2634696084364149
106,geometry_only,0.25,0.0,0.1,0.3121670961411139
106,geometry_only,0.25,0.0,0.03,0.36746748931420986
107,estimated_witness,0.5,0.5,0.1,0.17424279804664045
107,estimated_witness,1.0,0.75,0.1,0.1759908419238183
107,estimated_witness,1.0,0.5,0.1,0.17609112218593603
107,estimated_witness,2.0,0.75,0.1,0.17643508129635868
107,estimated_witness,4.0,0.75,0.1,0.17870658400923178
107,estimated_witness,0.25,0.5,0.1,0.17871436482554837
107,estimated_witness,0.5,0.5,0.03,0.17873747296034834
107,estimated_witness,0.5,0.5,0.3,0.1795063846835124
107,estimated_witness,0.5,0.75,0.1,0.1798312987941291
107,estimated_witness,1.0,0.75,0.03,0.1800440318261756
107,estimated_witness,1.0,0.5,0.3,0.1800693662805197
107,estimated_witness,0.25,0.5,0.03,0.18011223429958942
107,estimated_witness,2.0,0.9,0.1,0.18025323189975762
107,estimated_witness,2.0,0.5,0.1,0.18098657739607163
107,estimated_witness,4.0,0.9,0.1,0.18102546758665897
107,estimated_witness,2.0,0.9,0.03,0.18123991838905615
107,estimated_witness,0.5,0.75,0.03,0.18170605425573014
107,estimated_witness,4.0,0.9,0.03,0.18229253066598117
107,estimated_witness,2.0,0.75,0.03,0.18253786513379788
107,estimated_witness,0.5,0.25,0.1,0.18255522659317078
107,estimated_witness,1.0,0.9,0.1,0.18274395879295202
107,estimated_witness,2.0,0.5,0.3,0.18293259771376777
107,estimated_witness,1.0,0.9,0.03,0.18333921996468913
107,estimated_witness,0.5,0.25,0.3,0.1833551739025364
107,estimated_witness,1.0,0.5,0.03,0.1835111574583308
107,estimated_witness,0.25,0.25,0.1,0.1836254561757118
107,estimated_witness,0.25,0.5,0.3,0.1847559257944198
107,estimated_witness,1.0,0.75,0.3,0.18499775014172223
107,estimated_witness,0.25,0.25,0.3,0.18519409646136475
107,estimated_witness,2.0,0.75,0.3,0.18542488350738348
107,estimated_witness,1.0,0.25,0.3,0.1860782193738534
107,estimated_witness,4.0,0.5,0.3,0.18652793673812088
107,estimated_witness,4.0,0.5,0.1,0.18702976717079892
107,estimated_witness,4.0,0.75,0.03,0.18708700135136525
107,estimated_witness,1.0,0.25,0.1,0.18754806386160358
107,estimated_witness,4.0,0.75,0.3,0.1875831027637963
107,estimated_witness,0.25,0.25,0.03,0.18800009222487435
107,estimated_witness,0.5,0.75,0.3,0.1884704365388321
107,estimated_witness,0.5,0.25,0.03,0.18964499404503585
107,estimated_witness,0.25,0.75,0.03,0.19007126912665318
107,estimated_witness,2.0,0.25,0.3,0.1904070489040507
107,estimated_witness,0.25,0.75,0.1,0.19088749376877823
107,estimated_witness,0.5,0.9,0.03,0.191244210958591
107,estimated_witness,0.5,0.9,0.1,0.19162052235786944
107,estimated_witness,2.0,0.5,0.03,0.19172526339761461
107,estimated_witness,4.0,0.25,0.3,0.1946916575074181
107,estimated_witness,2.0,0.9,0.3,0.19488878813648433
107,estimated_witness,0.5,0.1,0.3,0.194986106115025
107,estimated_witness,1.0,0.9,0.3,0.19531112623003596
107,estimated_witness,2.0,0.25,0.1,0.19532560799347873
107,estimated_witness,0.25,0.1,0.3,0.1954189036867383
107,estimated_witness,2.0,1.0,0.1,0.19588023851788228
107,estimated_witness,1.0,1.0,0.1,0.19710199890527233
107,estimated_witness,1.0,0.1,0.3,0.19748306759858228
107,estimated_witness,1.0,0.25,0.03,0.1977696162934345
107,estimated_witness,4.0,0.9,0.3,0.19796005725062552
107,estimated_witness,2.0,1.0,0.03,0.19834182676580828
107,estimated_witness,1.0,1.0,0.03,0.1984064741250826
107,estimated_witness,0.25,0.75,0.3,0.1995261871640435
107,estimated_witness,4.0,1.0,0.1,0.20077690004636525
107,estimated_witness,2.0,0.1,0.3,0.2008335165600721
107,estimated_witness,4.0,0.5,0.03,0.20108233709726345
107,estimated_witness,0.5,0.25,1.0,0.2011239085908123
107,estimated_witness,0.25,0.1,0.1,0.20145162612592496
107,estimated_witness,0.5,0.1,0.1,0.20156668731566027
107,estimated_witness,1.0,0.25,1.0,0.20195161022278238
107,estimated_witness,0.5,0.9,0.3,0.202058603714149
107,estimated_witness,0.25,0.25,1.0,0.2027355208395826
107,estimated_witness,4.0,1.0,0.03,0.20287069772313518
107,estimated_witness,0.5,0.1,1.0,0.2030614288039807
107,estimated_witness,2.0,0.25,1.0,0.20342537113119938
107,estimated_witness,0.25,0.1,1.0,0.20353053796349374
107,estimated_witness,4.0,0.1,0.3,0.2036676467186949
107,estimated_witness,4.0,0.25,0.1,0.20367606249238793
107,estimated_witness,1.0,0.1,1.0,0.20369303604547553
107,estimated_witness,2.0,0.1,1.0,0.204485025776831
107,estimated_witness,4.0,0.25,1.0,0.20471760427848365
107,estimated_witness,1.0,0.5,1.0,0.2047689998921325
107,estimated_witness,0.5,0.5,1.0,0.20486022262913117
107,estimated_witness,4.0,0.1,1.0,0.20493787749759293
107,estimated_witness,2.0,0.5,1.0,0.20639482524977684
107,estimated_witness,0.25,0.0,1.0,0.2065387924502721
107,estimated_witness,1.0,0.1,0.1,0.20677825719584383
107,estimated_witness,0.25,0.9,0.03,0.2076327962625011
107,estimated_witness,0.5,1.0,0.03,0.20779070883066644
107,estimated_witness,0.5,1.0,0.1,0.20815207382184683
107,estimated_witness,4.0,0.5,1.0,0.2086152469561414
107,estimated_witness,2.0,0.25,0.03,0.209081315172201
107,estimated_witness,0.25,0.5,1.0,0.20925771822483338
107,estimated_witness,1.0,1.0,0.3,0.2093128967510701
107,estimated_witness,0.25,0.9,0.1,0.20961575109817684
107,estimated_witness,0.25,0.1,0.03,0.21013844903459042
107,estimated_witness,2.0,1.0,0.3,0.2105285160891196
107,estimated_witness,0.5,0.1,0.03,0.21198733522873434
107,estimated_witness,0.25,0.0,0.3,0.21224497847833323
107,estimated_witness,2.0,0.1,0.1,0.21413484954285514
107,estimated_witness,1.0,0.75,1.0,0.2153504627745587
107,estimated_witness,2.0,0.75,1.0,0.21697371140226396
107,estimated_witness,0.5,0.75,1.0,0.21742950683057657
107,estimated_witness,0.5,1.0,0.3,0.21777555676713503
107,estimated_witness,4.0,1.0,0.3,0.21855227509825628
107,estimated_witness,0.25,0.9,0.3,0.21876244444283324
107,estimated_witness,1.0,0.1,0.03,0.22000418904079946
107,estimated_witness,4.0,0.75,1.0,0.22070738647601837
107,estimated_witness,4.0,0.25,0.03,0.2208010303119905
107,estimated_witness,4.0,0.1,0.1,0.22120238608319273
107,estimated_witness,0.25,0.75,1.0,0.2261885170504386
107,estimated_witness,1.0,0.9,1.0,0.22709550902309772
107,estimated_witness,2.0,0.9,1.0,0.2294065872030208
107,estimated_witness,0.25,1.0,0.03,0.23056079615027678
107,estimated_witness,0.5,0.9,1.0,0.23074283082368377
107,estimated_witness,2.0,0.1,0.03,0.2310193820807758
107,estimated_witness,0.25,1.0,0.1,0.23207094587230218
107,estimated_witness,0.25,0.0,3.0,0.2335298772344804
107,estimated_witness,4.0,0.1,3.0,0.23404805108187376
107,estimated_witness,2.0,0.1,3.0,0.23444011312464832
107,estimated_witness,1.0,0.1,3.0,0.23459313928032607
107,estimated_witness,0.5,0.1,3.0,0.2346659499984106
107,estimated_witness,0.25,0.1,3.0,0.23505107820957005
107,estimated_witness,4.0,0.9,1.0,0.2356502631319564
107,estimated_witness,1.0,0.25,3.0,0.2375003090263118
107,estimated_witness,0.5,0.25,3.0,0.23761974315981152
107,estimated_witness,2.0,0.25,3.0,0.23766041484005487
107,estimated_witness,4.0,0.25,3.0,0.2377340342534484
107,estimated_witness,1.0,1.0,1.0,0.23862570579534206
107,estimated_witness,0.25,0.25,3.0,0.23875648239157007
107,estimated_witness,0.25,1.0,0.3,0.2395078898967502
107,estimated_witness,4.0,0.1,0.03,0.24225915118465835
107,estimated_witness,0.25,0.0,0.1,0.24229153667988057
107,estimated_witness,2.0,1.0,1.0,0.2423338640910432
107,estimated_witness,0.5,1.0,1.0,0.24330067669211064
107,estimated_witness,0.25,0.9,1.0,0.24339119337078496
107,estimated_witness,1.0,0.5,3.0,0.24493932173020824
107,estimated_witness,0.5,0.5,3.0,0.24548668225505943
107,estimated_witness,2.0,0.5,3.0,0.24570261426391818
107,estimated_witness,4.0,0.5,3.0,0.24702643472343042
107,estimated_witness,0.25,0.5,3.0,0.2484481847469803
107,estimated_witness,4.0,1.0,1.0,0.25217083922838557
107,estimated_witness,1.0,0.75,3.0,0.2560963591024023
107,estimated_witness,0.5,0.75,3.0,0.25749452565266656
107,estimated_witness,2.0,0.75,3.0,0.2576539120348382
107,estimated_witness,0.25,1.0,1.0,0.2593561443245472
107,estimated_witness,4.0,0.75,3.0,0.2609266223497841
107,estimated_witness,0.25,0.75,3.0,0.2631146933946056
107,estimated_witness,1.0,0.9,3.0,0.2651010445420788
107,estimated_witness,0.5,0.9,3.0,0.2671899483686681
107,estimated_witness,2.0,0.9,3.0,0.26741034917604334
107,estimated_witness,1.0,1.0,3.0,0.2723515856822529
107,estimated_witness,4.0,0.9,3.0,0.27250411522065177
107,estimated_witness,0.25,0.9,3.0,0.27494952181804483
107,estimated_witness,0.5,1.0,3.0,0.27496317910771456
107,estimated_witness,2.0,1.0,3.0,0.2753833898843016
107,estimated_witness,4.0,0.1,10.0,0.27691077504894374
107,estimated_witness,0.25,0.0,10.0,0.2774189208358551
107,estimated_witness,2.0,0.1,10.0,0.2778316275870269
107,estimated_witness,1.0,0.1,10.0,0.2785367921938455
107,estimated_witness,0.5,0.1,10.0,0.27895341793804124
107,estimated_witness,4.0,0.25,10.0,0.2790979271685789
107,estimated_witness,0.25,0.1,10.0,0.2792798618361337
107,estimated_witness,2.0,0.25,10.0,0.2801533679058803
107,estimated_witness,1.0,0.25,10.0,0.2810691139499504
107,estimated_witness,0.5,0.25,10.0,0.2817711898344086
107,estimated_witness,4.0,1.0,3.0,0.2821620889887904
107,estimated_witness,0.25,0.25,10.0,0.28253248459502434
107,estimated_witness,0.25,0.0,0.03,0.28287667888013274
107,estimated_witness,0.25,1.0,3.0,0.28445542195491524
107,estimated_witness,4.0,0.5,10.0,0.2851148377750922
107,estimated_witness,2.0,0.5,10.0,0.28567939028177286
107,estimated_witness,1.0,0.5,10.0,0.2864289425476651
107,estimated_witness,0.5,0.5,10.0,0.28744948218496297
107,estimated_witness,0.25,0.5,10.0,0.28903437869343784
107,estimated_witness,2.0,0.75,10.0,0.29246667418727595
107,estimated_witness,4.0,0.75,10.0,0.29273320032614497
107,estimated_witness,1.0,0.75,10.0,0.29284569076619155
107,estimated_witness,0.5,0.75,10.0,0.29421622085610527
107,estimated_witness,0.25,0.75,10.0,0.2968463824436922
107,estimated_witness,2.0,0.9,10.0,0.29710713574132663
107,estimated_witness,1.0,0.9,10.0,0.2971973650563003
107,estimated_witness,4.0,0.9,10.0,0.2980057302647574
107,estimated_witness,0.5,0.9,10.0,0.2988149828035203
107,estimated_witness,1.0,1.0,10.0,0.3003220400664139
107,estimated_witness,2.0,1.0,10.0,0.30045373087144145
107,estimated_witness,4.0,1.0,10.0,0.30183491894871556
107,estimated_witness,0.5,1.0,10.0,0.30212162216550253
107,estimated_witness,0.25,0.9,10.0,0.30219672449592855
107,estimated_witness,0.25,1.0,10.0,0.3060617363552642
107,geometry_only,0.25,0.0,1.0,0.2065387924502721
107,geometry_only,0.25,0.0,0.3,0.21224497847833323
107,geometry_only,0.25,0.0,3.0,0.2335298772344804
107,geometry_only,0.25,0.0,0.1,0.24229153667988057
107,geometry_only,0.25,0.0,10.0,0.2774189208358551
107,geometry_only,0.25,0.0,0.03,0.28287667888013274
108,estimated_witness,4.0,0.9,0.03,0.17173854328946178
108,estimated_witness,2.0,0.9,0.03,0.1740856364338246
108,estimated_witness,4.0,0.9,0.1,0.17585962534442134
108,estimated_witness,2.0,0.9,0.1,0.18004774118505815
108,estimated_witness,2.0,0.75,0.1,0.18117659903237596
108,estimated_witness,2.0,0.75,0.03,0.182525995374741
108,estimated_witness,4.0,0.75,0.1,0.18259072353438507
108,estimated_witness,1.0,0.75,0.03,0.1870544940135476
108,estimated_witness,4.0,0.75,0.03,0.18795174014560365
108,estimated_witness,1.0,0.75,0.1,0.18858852925894576
108,estimated_witness,1.0,0.9,0.03,0.1915584813185086
108,estimated_witness,4.0,0.75,0.3,0.19263022105405483
108,estimated_witness,4.0,1.0,0.1,0.19295993997631902
108,estimated_witness,2.0,0.75,0.3,0.19297937883332736
108,estimated_witness,4.0,1.0,0.03,0.1936058414964772
108,estimated_witness,1.0,0.5,0.1,0.19524103370354662
108,estimated_witness,2.0,0.5,0.1,0.19621676459394835
108,estimated_witness,4.0,0.9,0.3,0.19659394494218244
108,estimated_witness,2.0,0.5,0.3,0.1970165650313812
108,estimated_witness,1.0,0.9,0.1,0.19762504247289278
108,estimated_witness,1.0,0.5,0.3,0.19808627032629675
108,estimated_witness,2.0,1.0,0.03,0.1983895102811871
108,estimated_witness,0.5,0.5,0.1,0.19951758644323622
108,estimated_witness,2.0,1.0,0.1,0.19970728147862618
108,estimated_witness,1.0,0.5,0.03,0.19973435531278602
108,estimated_witness,2.0,0.9,0.3,0.20007144267586885
108,estimated_witness,4.0,0.5,0.3,0.20029749096452223
108,estimated_witness,0.5,0.75,0.03,0.20062400690944115
108,estimated_witness,1.0,0.75,0.3,0.2006751119978417
108,estimated_witness,0.5,0.75,0.1,0.20245230161599578
108,estimated_witness,0.5,0.5,0.3,0.2025807634180358
108,estimated_witness,0.5,0.5,0.03,0.2025989653885032
108,estimated_witness,4.0,0.5,0.1,0.20299803070118294
108,estimated_witness,2.0,0.5,0.03,0.2042731613273121
108,estimated_witness,0.25,0.5,0.1,0.2045705899905852
108,estimated_witness,0.25,0.5,0.03,0.20693780276299853
108,estimated_witness,0.25,0.5,0.3,0.20729453574254694
108,estimated_witness,1.0,0.25,0.3,0.2096753383452574
108,estimated_witness,0.5,0.25,0.3,0.21044963796836594
108,estimated_witness,2.0,0.25,0.3,0.21177706891633466
108,estimated_witness,0.25,0.75,0.03,0.21224310122274734
108,estimated_witness,0.25,0.25,0.3,0.2124751178375015
108,estimated_witness,0.5,0.75,0.3,0.21265850609361417
108,estimated_witness,4.0,1.0,0.3,0.21338541462993602
108,estimated_witness,0.25,0.75,0.1,0.2139410316648509
108,estimated_witness,1.0,0.9,0.3,0.21464957618820793
108,estimated_witness,4.0,0.5,0.03,0.21555281676640545
108,estimated_witness,4.0,0.25,0.3,0.21636391812002218
108,estimated_witness,1.0,0.25,0.1,0.2172618323535649
108,estimated_witness,1.0,0.25,1.0,0.21734646721477105
108,estimated_witness,0.5,0.25,0.1,0.2175242406429094
108,estimated_witness,2.0,0.5,1.0,0.2177968767493769
108,estimated_witness,0.5,0.25,1.0,0.2178100132431684
108,estimated_witness,2.0,0.25,1.0,0.21784009806457869
108,estimated_witness,2.0,1.0,0.3,0.218055636115169
108,estimated_witness,0.5,0.9,0.03,0.21822795297833672
108,estimated_witness,0.25,0.25,1.0,0.21874518456472689
108,estimated_witness,4.0,0.5,1.0,0.21902327522770884
108,estimated_witness,4.0,0.25,1.0,0.21937370074573648
108,estimated_witness,0.5,0.1,1.0,0.21946091248822422
108,estimated_witness,1.0,0.5,1.0,0.2194644635752081
108,estimated_witness,0.25,0.25,0.1,0.2195698138314018
108,estimated_witness,0.25,0.1,1.0,0.21967291470885952
108,estimated_witness,1.0,0.1,1.0,0.2197015864237286
108,estimated_witness,2.0,0.1,1.0,0.22046541873595116
108,estimated_witness,4.0,0.1,1.0,0.2214744259161747
108,estimated_witness,2.0,0.25,0.1,0.22186898122333001
108,estimated_witness,0.5,0.9,0.1,0.22237491669255158
108,estimated_witness,0.25,0.75,0.3,0.2223806843178634
108,estimated_witness,0.25,0.0,1.0,0.2225707309675589
108,estimated_witness,0.5,0.5,1.0,0.22260468406565373
108,estimated_witness,1.0,1.0,0.03,0.22387340073322037
108,estimated_witness,0.5,0.1,0.3,0.22423641023767074
108,estimated_witness,1.0,0.1,0.3,0.2245536984218779
108,estimated_witness,1.0,1.0,0.1,0.22493441020336058
108,estimated_witness,0.25,0.1,0.3,0.2251394237654499
108,estimated_witness,0.25,0.5,1.0,0.22549821596327016
108,estimated_witness,2.0,0.75,1.0,0.22593619751424998
108,estimated_witness,4.0,0.75,1.0,0.22602085283899598
108,estimated_witness,2.0,0.1,0.3,0.22672880997689923
108,estimated_witness,0.5,0.25,0.03,0.22704761809004634
108,estimated_witness,1.0,0.25,0.03,0.22792203752535936
108,estimated_witness,0.25,0.25,0.03,0.228434769112542
108,estimated_witness,4.0,0.1,0.3,0.2299262113275563
108,estimated_witness,4.0,0.25,0.1,0.23092734025936634
108,estimated_witness,1.0,0.75,1.0,0.23183553700531478
108,estimated_witness,0.5,0.9,0.3,0.23454414877642102
108,estimated_witness,2.0,0.25,0.03,0.23518754301874756
108,estimated_witness,0.25,0.9,0.03,0.23754598292505932
108,estimated_witness,4.0,0.9,1.0,0.23772131746276717
108,estimated_witness,1.0,1.0,0.3,0.2380574011619966
108,estimated_witness,2.0,0.9,1.0,0.23820515598134814
108,estimated_witness,0.5,0.75,1.0,0.24003473630167804
108,estimated_witness,0.25,0.9,0.1,0.24060503339109238
108,estimated_witness,0.25,0.0,0.3,0.24087558533716039
108,estimated_witness,0.25,0.0,3.0,0.2414304399148338
108,estimated_witness,0.5,0.1,0.1,0.24263819662066521
108,estimated_witness,0.25,0.1,3.0,0.2432612244813582
108,estimated_witness,1.0,0.1,0.1,0.24331605329428108
108,estimated_witness,0.5,0.1,3.0,0.24339296182409254
108,estimated_witness,1.0,0.1,3.0,0.24370956762576856
108,estimated_witness,0.25,0.1,0.1,0.24396841118987747
108,estimated_witness,2.0,0.1,3.0,0.24400014279108237
108,estimated_witness,4.0,0.1,3.0,0.24412610024273393
108,estimated_witness,0.25,0.75,1.0,0.24653858847790466
108,estimated_witness,2.0,0.25,3.0,0.24774049039347823
108,estimated_witness,1.0,0.25,3.0,0.24775679272264503
108,estimated_witness,0.5,0.25,3.0,0.24776970369818763
108,estimated_witness,0.25,0.25,3.0,0.24783577731867168
108,estimated_witness,4.0,0.25,0.03,0.2479010033852036
108,estimated_witness,1.0,0.9,1.0,0.24794177192023015
108,estimated_witness,4.0,0.25,3.0,0.24799844743577593
108,estimated_witness,2.0,0.1,0.1,0.24804026929490228
108,estimated_witness,0.25,0.9,0.3,0.24978230017753655
108,estimated_witness,2.0,1.0,1.0,0.252893544094455
108,estimated_witness,4.0,1.0,1.0,0.25291291445648073
108,estimated_witness,0.5,1.0,0.03,0.2550411013291101
108,estimated_witness,4.0,0.1,0.1,0.25532793051451547
108,estimated_witness,2.0,0.5,3.0,0.2559007316031989
108,estimated_witness,4.0,0.5,3.0,0.2562221112301641
108,estimated_witness,0.5,1.0,0.1,0.2568874753122146
108,estimated_witness,1.0,0.5,3.0,0.2573097276294349
108,estimated_witness,0.5,0.5,3.0,0.2590290404207531
108,estimated_witness,0.5,0.1,0.03,0.25972842400374085
108,estimated_witness,1.0,0.1,0.03,0.26027088933287423
108,estimated_witness,0.25,0.5,3.0,0.26029204709766357
108,estimated_witness,0.25,0.1,0.03,0.2610654605341485
108,estimated_witness,0.5,0.9,1.0,0.2611215791960787
108,estimated_witness,0.5,1.0,0.3,0.26461510953758
108,estimated_witness,1.0,1.0,1.0,0.2656354500253628
108,estimated_witness,2.0,0.1,0.03,0.2664693693270022
108,estimated_witness,2.0,0.75,3.0,0.2686728940129675
108,estimated_witness,4.0,0.75,3.0,0.2691318541241581
108,estimated_witness,0.25,0.9,1.0,0.271657465140492
108,estimated_witness,1.0,0.75,3.0,0.27232074366889164
108,estimated_witness,0.5,0.75,3.0,0.2770638359626787
108,estimated_witness,4.0,0.1,0.03,0.2772779233952485
108,estimated_witness,0.25,1.0,0.03,0.27856526655571556
108,estimated_witness,2.0,0.9,3.0,0.279947263260366
108,estimated_witness,0.25,0.0,0.1,0.28004417012805255
108,estimated_witness,0.25,1.0,0.1,0.28049503458476105
108,estimated_witness,0.25,0.75,3.0,0.28072979741653425
108,estimated_witness,4.0,0.9,3.0,0.2807788660575648
108,estimated_witness,0.5,1.0,1.0,0.2833373666955648
108,estimated_witness,0.25,0.0,10.0,0.28437913743660537
108,estimated_witness,1.0,0.9,3.0,0.2853387344397556
108,estimated_witness,0.25,1.0,0.3,0.28568476134212245
108,estimated_witness,4.0,0.1,10.0,0.28589479951481506
108,estimated_witness,2.0,0.1,10.0,0.2866860795826414
108,estimated_witness,1.0,0.1,10.0,0.2871178854391417
108,estimated_witness,0.25,0.1,10.0,0.2871500911213914
108,estimated_witness,0.5,0.1,10.0,0.2871735390118813
108,estimated_witness,4.0,0.25,10.0,0.289730712507226
108,estimated_witness,2.0,1.0,3.0,0.28976273812933273
108,estimated_witness,2.0,0.25,10.0,0.2908535679439318
108,estimated_witness,4.0,1.0,3.0,0.29116161317275624
108,estimated_witness,1.0,0.25,10.0,0.2916889386709985
108,estimated_witness,0.5,0.25,10.0,0.2919397146614731
108,estimated_witness,0.25,0.25,10.0,0.29197205370770396
108,estimated_witness,0.5,0.9,3.0,0.2927250170002972
108,estimated_witness,1.0,1.0,3.0,0.29645712867978286
108,estimated_witness,4.0,0.5,10.0,0.2973793430081369
108,estimated_witness,0.25,1.0,1.0,0.2982672970205276
108,estimated_witness,2.0,0.5,10.0,0.2986447022665324
108,estimated_witness,0.25,0.9,3.0,0.2987595644068247
108,estimated_witness,1.0,0.5,10.0,0.30024644657353167
108,estimated_witness,0.5,0.5,10.0,0.30125093549324505
108,estimated_witness,0.25,0.5,10.0,0.30173755756845333
108,estimated_witness,0.5,1.0,3.0,0.3060692984807472
108,estimated_witness,4.0,0.75,10.0,0.3064519513871202
108,estimated_witness,2.0,0.75,10.0,0.3076790051521789
108,estimated_witness,1.0,0.75,10.0,0.31022899571127655
108,estimated_witness,0.5,0.75,10.0,0.31244731470961223
108,estimated_witness,4.0,0.9,10.0,0.312760401127978
108,estimated_witness,0.25,0.75,10.0,0.3138624902957456
108,estimated_witness,2.0,0.9,10.0,0.31388597834847326
108,estimated_witness,0.25,1.0,3.0,0.31431198112433806
108,estimated_witness,1.0,0.9,10.0,0.3170859307202889
108,estimated_witness,4.0,1.0,10.0,0.3174071264721051
108,estimated_witness,2.0,1.0,10.0,0.3184241119500858
108,estimated_witness,0.25,0.0,0.03,0.3194712904745803
108,estimated_witness,0.5,0.9,10.0,0.3202427203136134
108,estimated_witness,1.0,1.0,10.0,0.32208909035545413
108,estimated_witness,0.25,0.9,10.0,0.32246211319665646
108,estimated_witness,0.5,1.0,10.0,0.32596373126474304
108,estimated_witness,0.25,1.0,10.0,0.3288363343955214
108,geometry_only,0.25,0.0,1.0,0.2225707309675589
108,geometry_only,0.25,0.0,0.3,0.24087558533716039
108,geometry_only,0.25,0.0,3.0,0.2414304399148338
108,geometry_only,0.25,0.0,0.1,0.28004417012805255
108,geometry_only,0.25,0.0,10.0,0.28437913743660537
108,geometry_only,0.25,0.0,0.03,0.3194712904745803
109,estimated_witness,4.0,0.75,0.1,0.14974239937621103
109,estimated_witness,0.5,0.5,0.1,0.1499748988830165
109,estimated_witness,1.0,0.5,0.1,0.15117764059603905
109,estimated_witness,2.0,0.75,0.1,0.15125127531410434
109,estimated_witness,0.5,0.5,0.03,0.1520170144070183
109,estimated_witness,0.25,0.5,0.1,0.15238664540865637
109,estimated_witness,0.25,0.5,0.03,0.152621836127048
109,estimated_witness,4.0,0.75,0.3,0.15302113561101532
109,estimated_witness,2.0,0.5,0.3,0.15305698701854142
109,estimated_witness,4.0,0.9,0.1,0.15332050015007373
109,estimated_witness,4.0,0.5,0.3,0.15342472533694562
109,estimated_witness,2.0,0.5,0.1,0.1535641409346736
109,estimated_witness,1.0,0.5,0.3,0.15357633230253975
109,estimated_witness,0.5,0.5,0.3,0.15399336192235008
109,estimated_witness,1.0,0.75,0.1,0.15523544487207738
109,estimated_witness,0.5,0.25,0.3,0.1557141756584766
109,estimated_witness,1.0,0.5,0.03,0.15574305949119915
109,estimated_witness,0.5,0.25,0.1,0.15611147394730543
109,estimated_witness,2.0,0.75,0.3,0.15632020879965694
109,estimated_witness,0.25,0.25,0.1,0.15639990170815263
109,estimated_witness,2.0,0.75,0.03,0.15651278646353053
109,estimated_witness,0.25,0.25,0.3,0.15667976191788205
109,estimated_witness,4.0,0.5,0.1,0.15670986787905258
109,estimated_witness,0.25,0.5,0.3,0.1570195387087012
109,estimated_witness,1.0,0.75,0.03,0.15723716707774393
109,estimated_witness,1.0,0.25,0.3,0.15749603512082277
109,estimated_witness,4.0,0.9,0.03,0.15874413812073365
109,estimated_witness,2.0,0.9,0.1,0.15881409073498343
109,estimated_witness,2.0,0.25,0.3,0.15943717160147095
109,estimated_witness,0.25,0.25,0.03,0.15946096876063368
109,estimated_witness,0.5,0.75,0.1,0.1599075448978358
109,estimated_witness,4.0,0.75,0.03,0.1601438976658622
109,estimated_witness,2.0,0.9,0.03,0.16015172466748198
109,estimated_witness,0.5,0.75,0.03,0.1603073646272238
109,estimated_witness,1.0,0.25,0.1,0.16035365912581082
109,estimated_witness,0.5,0.25,0.03,0.16115866942912763
109,estimated_witness,4.0,0.25,0.3,0.1614363760656308
109,estimated_witness,1.0,0.75,0.3,0.16181705205216682
109,estimated_witness,2.0,0.5,0.03,0.16253107585220694
109,estimated_witness,4.0,0.9,0.3,0.16254540244092222
109,estimated_witness,0.25,0.75,0.03,0.16466515214681407
109,estimated_witness,0.5,0.1,0.3,0.16478816982296926
109,estimated_witness,0.25,0.1,0.3,0.16479809475650112
109,estimated_witness,2.0,0.25,0.1,0.16578535808393258
109,estimated_witness,0.25,0.75,0.1,0.16601312437619162
109,estimated_witness,1.0,0.1,0.3,0.1664758551747326
109,estimated_witness,4.0,0.25,1.0,0.16671737739139272
109,estimated_witness,0.5,0.75,0.3,0.16689560323410255
109,estimated_witness,2.0,0.25,1.0,0.16733009142107416
109,estimated_witness,1.0,0.25,1.0,0.1680298390321895
109,estimated_witness,4.0,0.1,1.0,0.16803398791875113
109,estimated_witness,2.0,0.1,0.3,0.16814183682385794
109,estimated_witness,0.5,0.25,1.0,0.16817469196778104
109,estimated_witness,2.0,0.9,0.3,0.168409408499555
109,estimated_witness,4.0,0.5,1.0,0.16847670455038066
109,estimated_witness,2.0,0.1,1.0,0.16854772886964056
109,estimated_witness,1.0,0.25,0.03,0.16862037412716477
109,estimated_witness,1.0,0.9,0.1,0.1686295146862854
109,estimated_witness,1.0,0.9,0.03,0.16865041065273578
109,estimated_witness,0.5,0.1,1.0,0.16886598011685183
109,estimated_witness,1.0,0.1,1.0,0.16889102394923894
109,estimated_witness,0.25,0.1,1.0,0.16922918462514622
109,estimated_witness,0.25,0.25,1.0,0.1693460282619623
109,estimated_witness,4.0,0.1,0.3,0.16955628373741108
109,estimated_witness,2.0,0.5,1.0,0.16989769893465953
109,estimated_witness,4.0,0.5,0.03,0.17038923314550938
109,estimated_witness,0.25,0.0,1.0,0.17111247090544487
109,estimated_witness,4.0,0.25,0.1,0.17123602481903014
109,estimated_witness,0.25,0.1,0.1,0.17153301537674226
109,estimated_witness,0.5,0.1,0.1,0.17225921968982674
109,estimated_witness,1.0,0.5,1.0,0.17232346036551383
109,estimated_witness,0.25,0.75,0.3,0.1735281275328732
109,estimated_witness,0.5,0.5,1.0,0.17392911806134323
109,estimated_witness,1.0,0.1,0.1,0.17666415335913657
109,estimated_witness,0.25,0.5,1.0,0.17700407689667533
109,estimated_witness,0.25,0.0,0.3,0.17778937255953955
109,estimated_witness,1.0,0.9,0.3,0.1779105938310834
109,estimated_witness,4.0,0.75,1.0,0.17807106256391167
109,estimated_witness,2.0,0.25,0.03,0.1783444469987218
109,estimated_witness,0.5,0.9,0.03,0.1790705772051453
109,estimated_witness,0.5,0.9,0.1,0.17953290376447148
109,estimated_witness,0.25,0.1,0.03,0.17966928462521914
109,estimated_witness,2.0,0.75,1.0,0.1808645035499206
109,estimated_witness,2.0,0.1,0.1,0.18164672431739434
109,estimated_witness,0.5,0.1,0.03,0.18208868534065956
109,estimated_witness,4.0,1.0,0.1,0.18326974973495727
109,estimated_witness,4.0,0.1,0.1,0.1862601151916579
109,estimated_witness,1.0,0.75,1.0,0.18638246935325956
109,estimated_witness,2.0,1.0,0.1,0.18644470918285308
109,estimated_witness,4.0,1.0,0.3,0.18738181583071953
109,estimated_witness,4.0,0.25,0.03,0.187421000249873
109,estimated_witness,0.5,0.9,0.3,0.18774361640682993
109,estimated_witness,0.25,0.9,0.03,0.18917658044130178
109,estimated_witness,1.0,0.1,0.03,0.18957563213699422
109,estimated_witness,0.25,0.9,0.1,0.19109964336430138
109,estimated_witness,0.5,0.75,1.0,0.1912020600919044
109,estimated_witness,2.0,1.0,0.3,0.1919250411448281
109,estimated_witness,4.0,0.9,1.0,0.19258565772408298
109,estimated_witness,4.0,0.1,3.0,0.19261209169581905
109,estimated_witness,2.0,0.1,3.0,0.1941726094855579
109,estimated_witness,0.25,0.0,3.0,0.19440528495881795
109,estimated_witness,2.0,1.0,0.03,0.19485639178058342
109,estimated_witness,4.0,0.25,3.0,0.1948632749357518
109,estimated_witness,1.0,0.1,3.0,0.19549381251071293
109,estimated_witness,2.0,0.9,1.0,0.1956930891694202
109,estimated_witness,1.0,1.0,0.1,0.19595999843253242
109,estimated_witness,0.5,0.1,3.0,0.19620105458157044
109,estimated_witness,0.25,0.1,3.0,0.19674968208934443
109,estimated_witness,2.0,0.25,3.0,0.1969390121171991
109,estimated_witness,0.25,0.75,1.0,0.19764323401994044
109,estimated_witness,2.0,0.1,0.03,0.1979724968619767
109,estimated_witness,4.0,1.0,0.03,0.19835030059464565
109,estimated_witness,1.0,0.25,3.0,0.19905648006024654
109,estimated_witness,0.25,0.9,0.3,0.19919365284267443
109,estimated_witness,1.0,1.0,0.03,0.19974703585087725
109,estimated_witness,0.5,0.25,3.0,0.20034766404272977
109,estimated_witness,0.25,0.25,3.0,0.2017084783354847
109,estimated_witness,1.0,1.0,0.3,0.20218182035548596
109,estimated_witness,4.0,0.5,3.0,0.20284771982503128
109,estimated_witness,1.0,0.9,1.0,0.20346918413755907
109,estimated_witness,0.25,0.0,0.1,0.20409886705866168
109,estimated_witness,2.0,0.5,3.0,0.20527729124979543
109,estimated_witness,4.0,0.1,0.03,0.2056788942409861
109,estimated_witness,1.0,0.5,3.0,0.2086428367338493
109,estimated_witness,0.5,1.0,0.1,0.2102050041623891
109,estimated_witness,0.5,0.5,3.0,0.21119165599146564
109,estimated_witness,4.0,1.0,1.0,0.21141640914384396
109,estimated_witness,0.5,0.9,1.0,0.21148208695817639
109,estimated_witness,0.5,1.0,0.03,0.21176957502588004
109,estimated_witness,2.0,1.0,1.0,0.21322969134262668
109,estimated_witness,0.25,0.5,3.0,0.2143399466301136
109,estimated_witness,0.5,1.0,0.3,0.21547656999957554
109,estimated_witness,4.0,0.75,3.0,0.21670170541919428
109,estimated_witness,2.0,0.75,3.0,0.21916621718758855
109,estimated_witness,0.25,0.9,1.0,0.22178063988483254
109,estimated_witness,1.0,1.0,1.0,0.22206234426318897
109,estimated_witness,1.0,0.75,3.0,0.22410188365447
109,estimated_witness,0.25,1.0,0.03,0.22791893379500197
109,estimated_witness,0.25,1.0,0.1,0.2281574537144936
109,estimated_witness,0.5,0.75,3.0,0.22872183815063493
109,estimated_witness,4.0,0.9,3.0,0.2295485637250615
109,estimated_witness,2.0,0.9,3.0,0.23161566689554194
109,estimated_witness,0.25,1.0,0.3,0.23282882503209035
109,estimated_witness,0.5,1.0,1.0,0.23287821737837255
109,estimated_witness,0.25,0.75,3.0,0.23464282760159438
109,estimated_witness,0.25,0.0,0.03,0.2368641518466832
109,estimated_witness,1.0,0.9,3.0,0.23759852491458786
109,estimated_witness,4.0,0.1,10.0,0.23828649564132565
109,estimated_witness,4.0,0.25,10.0,0.2392142992216967
109,estimated_witness,2.0,0.1,10.0,0.240456158409911
109,estimated_witness,0.25,0.0,10.0,0.24102535223478072
109,estimated_witness,4.0,1.0,3.0,0.2411362035585487
109,estimated_witness,1.0,0.1,10.0,0.2423081423206125
109,estimated_witness,2.0,0.25,10.0,0.24252030791521265
109,estimated_witness,2.0,1.0,3.0,0.24252685930305176
109,estimated_witness,0.5,0.1,10.0,0.24340441095157153
109,estimated_witness,0.5,0.9,3.0,0.2440407558157481
109,estimated_witness,0.25,0.1,10.0,0.24404135755892398
109,estimated_witness,4.0,0.5,10.0,0.24498292921549425
109,estimated_witness,1.0,0.25,10.0,0.24565667138062575
109,estimated_witness,0.25,1.0,1.0,0.24746754399114115
109,estimated_witness,0.5,0.25,10.0,0.2477161783609824
109,estimated_witness,2.0,0.5,10.0,0.24893594894088256
109,estimated_witness,0.25,0.25,10.0,0.2491443954295137
109,estimated_witness,1.0,1.0,3.0,0.24916712610009614
109,estimated_witness,0.25,0.9,3.0,0.2524967982003003
109,estimated_witness,1.0,0.5,10.0,0.2532589180861096
109,estimated_witness,4.0,0.75,10.0,0.25352494211187193
109,estimated_witness,0.5,0.5,10.0,0.2564952979124962
109,estimated_witness,0.5,1.0,3.0,0.25715102306201076
109,estimated_witness,2.0,0.75,10.0,0.25765308149824995
109,estimated_witness,0.25,0.5,10.0,0.25923288896378166
109,estimated_witness,4.0,0.9,10.0,0.259848266564777
109,estimated_witness,1.0,0.75,10.0,0.26288413622133416
109,estimated_witness,2.0,0.9,10.0,0.2639448754288364
109,estimated_witness,4.0,1.0,10.0,0.2646098507780203
109,estimated_witness,0.5,0.75,10.0,0.2673004791155078
109,estimated_witness,0.25,1.0,3.0,0.26790500060649275
109,estimated_witness,2.0,1.0,10.0,0.26862751694523135
109,estimated_witness,1.0,0.9,10.0,0.2696881221729849
109,estimated_witness,0.25,0.75,10.0,0.27157447834821385
109,estimated_witness,1.0,1.0,10.0,0.2747069449763661
109,estimated_witness,0.5,0.9,10.0,0.27490031918852
109,estimated_witness,0.25,0.9,10.0,0.2802718055730932
109,estimated_witness,0.5,1.0,10.0,0.2805025297135283
109,estimated_witness,0.25,1.0,10.0,0.28670039081559523
109,geometry_only,0.25,0.0,1.0,0.17111247090544487
109,geometry_only,0.25,0.0,0.3,0.17778937255953955
109,geometry_only,0.25,0.0,3.0,0.19440528495881795
109,geometry_only,0.25,0.0,0.1,0.20409886705866168
109,geometry_only,0.25,0.0,0.03,0.2368641518466832
109,geometry_only,0.25,0.0,10.0,0.24102535223478072
110,estimated_witness,2.0,0.75,0.1,0.19140907599660284
110,estimated_witness,1.0,0.75,0.1,0.1919524018342422
110,estimated_witness,4.0,0.9,0.1,0.19335290447918527
110,estimated_witness,2.0,0.75,0.3,0.1936923015248749
110,estimated_witness,2.0,0.9,0.1,0.19387299634190222
110,estimated_witness,4.0,0.75,0.1,0.19412862049208446
110,estimated_witness,1.0,0.5,0.3,0.19461548467947973
110,estimated_witness,1.0,0.75,0.3,0.19493269454321563
110,estimated_witness,1.0,0.5,0.1,0.1952256518574692
110,estimated_witness,0.5,0.5,0.1,0.1958453956224658
110,estimated_witness,4.0,0.75,0.3,0.19610821060697026
110,estimated_witness,0.5,0.5,0.3,0.19679793921041042
110,estimated_witness,2.0,0.5,0.3,0.1968709680466012
110,estimated_witness,1.0,0.75,0.03,0.197808737707079
110,estimated_witness,1.0,0.9,0.1,0.1984536294907485
110,estimated_witness,0.5,0.75,0.1,0.19856250537698025
110,estimated_witness,2.0,0.5,0.1,0.1992960782682779
110,estimated_witness,2.0,0.9,0.3,0.19936409233389762
110,estimated_witness,2.0,0.9,0.03,0.19992811460482415
110,estimated_witness,0.25,0.5,0.1,0.19994165244293893
110,estimated_witness,4.0,0.9,0.03,0.19999046324207595
110,estimated_witness,2.0,0.75,0.03,0.20022252745247035
110,estimated_witness,0.5,0.5,0.03,0.20024116746843332
110,estimated_witness,4.0,0.9,0.3,0.2005690374916571
110,estimated_witness,0.5,0.75,0.03,0.20064432933585938
110,estimated_witness,0.25,0.5,0.03,0.20134424804909543
110,estimated_witness,4.0,0.5,0.3,0.2018017838776284
110,estimated_witness,0.25,0.5,0.3,0.20205865672310308
110,estimated_witness,0.5,0.75,0.3,0.20248148254751933
110,estimated_witness,1.0,0.9,0.3,0.20287251251746374
110,estimated_witness,1.0,0.9,0.03,0.20316972752549345
110,estimated_witness,1.0,0.5,0.03,0.20327746469866081
110,estimated_witness,0.5,0.25,0.3,0.20396804354293085
110,estimated_witness,1.0,0.25,0.3,0.20487673806910792
110,estimated_witness,4.0,0.75,0.03,0.20546693032847885
110,estimated_witness,4.0,0.5,0.1,0.2064150601471579
110,estimated_witness,0.25,0.25,0.3,0.20659610988737065
110,estimated_witness,0.5,0.25,0.1,0.20728231474593087
110,estimated_witness,0.25,0.75,0.03,0.2076144640654075
110,estimated_witness,1.0,0.5,1.0,0.20762957984470828
110,estimated_witness,0.25,0.75,0.1,0.2082331744263607
110,estimated_witness,2.0,0.5,1.0,0.2086317221028193
110,estimated_witness,1.0,0.25,1.0,0.2089580432889426
110,estimated_witness,0.5,0.25,1.0,0.20925119496007896
110,estimated_witness,2.0,0.25,0.3,0.20930266325860528
110,estimated_witness,0.25,0.25,0.1,0.2096319368930237
110,estimated_witness,1.0,0.25,0.1,0.20978992812512356
110,estimated_witness,0.5,0.5,1.0,0.21028147190688476
110,estimated_witness,2.0,0.5,0.03,0.21060400879421826
110,estimated_witness,2.0,0.25,1.0,0.2106653603987442
110,estimated_witness,0.5,0.9,0.1,0.21118045208303027
110,estimated_witness,0.25,0.25,1.0,0.21125768191619843
110,estimated_witness,4.0,0.5,1.0,0.21180267700474928
110,estimated_witness,0.5,0.9,0.03,0.21256861241206856
110,estimated_witness,0.5,0.1,1.0,0.212723588589105
110,estimated_witness,1.0,0.1,1.0,0.21298567686259653
110,estimated_witness,2.0,0.75,1.0,0.21313537432619975
110,estimated_witness,4.0,0.25,1.0,0.21315236816896074
110,estimated_witness,0.25,0.75,0.3,0.2132263254169776
110,estimated_witness,0.25,0.1,1.0,0.21346198570144448
110,estimated_witness,1.0,0.75,1.0,0.21370908492937932
110,estimated_witness,0.5,0.25,0.03,0.2140935501681439
110,estimated_witness,2.0,0.1,1.0,0.2142071774154055
110,estimated_witness,2.0,1.0,0.3,0.21428735918210617
110,estimated_witness,0.25,0.25,0.03,0.21430318497245804
110,estimated_witness,0.25,0.5,1.0,0.21514754980807083
110,estimated_witness,4.0,0.25,0.3,0.2151622431802985
110,estimated_witness,0.5,0.9,0.3,0.21544790843236414
110,estimated_witness,4.0,0.1,1.0,0.21564267605818632
110,estimated_witness,2.0,1.0,0.1,0.21621024826866386
110,estimated_witness,4.0,0.75,1.0,0.21681557791227746
110,estimated_witness,0.25,0.0,1.0,0.21722332965378813
110,estimated_witness,1.0,1.0,0.3,0.21725885125211616
110,estimated_witness,2.0,0.25,0.1,0.2173049905177825
110,estimated_witness,4.0,1.0,0.1,0.21739195470160425
110,estimated_witness,0.5,0.1,0.3,0.21764770999999075
110,estimated_witness,4.0,1.0,0.3,0.21766555123382306
110,estimated_witness,0.25,0.1,0.3,0.2190062265149538
110,estimated_witness,1.0,0.1,0.3,0.21929387535493813
110,estimated_witness,1.0,1.0,0.1,0.21936353917548487
110,estimated_witness,1.0,0.25,0.03,0.21937559260007547
110,estimated_witness,0.5,0.75,1.0,0.22041821831732578
110,estimated_witness,4.0,0.5,0.03,0.22083129242926655
110,estimated_witness,2.0,0.9,1.0,0.22153344835587485
110,estimated_witness,1.0,0.9,1.0,0.22292447929128237
110,estimated_witness,2.0,0.1,0.3,0.22307909766483328
110,estimated_witness,4.0,0.9,1.0,0.2264529269552578
110,estimated_witness,0.25,0.9,0.03,0.2267280122765242
110,estimated_witness,4.0,0.1,0.3,0.22710279546456982
110,estimated_witness,4.0,0.25,0.1,0.22765158533931765
110,estimated_witness,0.25,0.9,0.1,0.2277365383713297
110,estimated_witness,0.5,0.1,0.1,0.22786775872315648
110,estimated_witness,0.25,0.0,3.0,0.22851144832646475
110,estimated_witness,1.0,0.1,3.0,0.2291110733715621
110,estimated_witness,0.5,0.1,3.0,0.22928886302002946
110,estimated_witness,2.0,0.1,3.0,0.22951858562693284
110,estimated_witness,0.25,0.1,3.0,0.22978524520284158
110,estimated_witness,0.25,0.1,0.1,0.22985775512483175
110,estimated_witness,0.25,0.75,1.0,0.2301925224520337
110,estimated_witness,4.0,0.1,3.0,0.23019900925609324
110,estimated_witness,2.0,0.25,0.03,0.2304478192741023
110,estimated_witness,1.0,0.25,3.0,0.2309196172501857
110,estimated_witness,2.0,0.25,3.0,0.23157592723892653
110,estimated_witness,1.0,0.1,0.1,0.231624224495422
110,estimated_witness,0.5,0.25,3.0,0.23162904372684381
110,estimated_witness,2.0,1.0,1.0,0.23195601625893916
110,estimated_witness,0.25,0.9,0.3,0.2326725000920972
110,estimated_witness,4.0,0.25,3.0,0.23301364230456456
110,estimated_witness,0.25,0.25,3.0,0.233047491560886
110,estimated_witness,0.5,0.9,1.0,0.2331714540147277
110,estimated_witness,1.0,1.0,1.0,0.2332295021174329
110,estimated_witness,0.5,1.0,0.3,0.23335028827968204
110,estimated_witness,0.5,1.0,0.1,0.2339326228682215
110,estimated_witness,1.0,1.0,0.03,0.2353530058536256
110,estimated_witness,1.0,0.5,3.0,0.23627861465356662
110,estimated_witness,2.0,0.5,3.0,0.23683990820108317
110,estimated_witness,0.25,0.0,0.3,0.23711298668724265
110,estimated_witness,0.5,0.1,0.03,0.23748042515026604
110,estimated_witness,2.0,1.0,0.03,0.23858217971500875
110,estimated_witness,0.5,0.5,3.0,0.23859674557631913
110,estimated_witness,0.25,0.1,0.03,0.2388592895398283
110,estimated_witness,4.0,1.0,1.0,0.2392440489658053
110,estimated_witness,4.0,0.5,3.0,0.23941538013368802
110,estimated_witness,2.0,0.1,0.1,0.23971364215940402
110,estimated_witness,4.0,1.0,0.03,0.2397939425777139
110,estimated_witness,0.5,1.0,0.03,0.23996703685296264
110,estimated_witness,0.25,0.5,3.0,0.24221610598629473
110,estimated_witness,1.0,0.1,0.03,0.24409561893990916
110,estimated_witness,4.0,0.25,0.03,0.244890821762751
110,estimated_witness,1.0,0.75,3.0,0.24547735013398644
110,estimated_witness,2.0,0.75,3.0,0.2457033243932519
110,estimated_witness,0.5,1.0,1.0,0.24639133475568284
110,estimated_witness,0.25,0.9,1.0,0.24803404545370297
110,estimated_witness,4.0,0.1,0.1,0.24872661028644596
110,estimated_witness,4.0,0.75,3.0,0.2498175862810108
110,estimated_witness,0.5,0.75,3.0,0.25030606088851576
110,estimated_witness,1.0,0.9,3.0,0.25357351147542134
110,estimated_witness,2.0,0.9,3.0,0.25365445229869193
110,estimated_witness,0.25,1.0,0.1,0.2559950666856279
110,estimated_witness,0.25,1.0,0.03,0.25682028555340475
110,estimated_witness,2.0,0.1,0.03,0.2569321793671769
110,estimated_witness,0.25,0.75,3.0,0.2573073081443773
110,estimated_witness,0.25,1.0,0.3,0.25731624077657944
110,estimated_witness,4.0,0.9,3.0,0.25923231519864487
110,estimated_witness,1.0,1.0,3.0,0.26043230376922316
110,estimated_witness,0.5,0.9,3.0,0.26043576368989463
110,estimated_witness,2.0,1.0,3.0,0.26053537843528723
110,estimated_witness,0.25,0.0,10.0,0.26342538064837223
110,estimated_witness,4.0,0.1,10.0,0.26416067872436894
110,estimated_witness,2.0,0.1,10.0,0.26428796139611627
110,estimated_witness,1.0,0.1,10.0,0.2645996209425157
110,estimated_witness,0.5,0.1,10.0,0.2650792684115546
110,estimated_witness,0.25,0.1,10.0,0.265506829288558
110,estimated_witness,0.25,1.0,1.0,0.2663804448991299
110,estimated_witness,2.0,0.25,10.0,0.26676323315458117
110,estimated_witness,4.0,0.25,10.0,0.26699092580269634
110,estimated_witness,1.0,0.25,10.0,0.26711455744456947
110,estimated_witness,4.0,1.0,3.0,0.2675264042757613
110,estimated_witness,0.5,0.25,10.0,0.26809186646838035
110,estimated_witness,0.5,1.0,3.0,0.26892536246776616
110,estimated_witness,0.25,0.25,10.0,0.2691162376251235
110,estimated_witness,0.25,0.9,3.0,0.270375618343449
110,estimated_witness,0.25,0.0,0.1,0.2713473728202314
110,estimated_witness,4.0,0.1,0.03,0.27147892584589756
110,estimated_witness,2.0,0.5,10.0,0.2720277221648311
110,estimated_witness,1.0,0.5,10.0,0.27237178794290434
110,estimated_witness,4.0,0.5,10.0,0.27299766787577034
110,estimated_witness,0.5,0.5,10.0,0.27421858799928495
110,estimated_witness,0.25,0.5,10.0,0.2763808888253118
110,estimated_witness,2.0,0.75,10.0,0.2783749923614992
110,estimated_witness,1.0,0.75,10.0,0.27875457555113803
110,estimated_witness,4.0,0.75,10.0,0.28019993731904475
110,estimated_witness,0.25,1.0,3.0,0.28140170065778625
110,estimated_witness,0.5,0.75,10.0,0.28168647057440965
110,estimated_witness,2.0,0.9,10.0,0.2827578713778272
110,estimated_witness,1.0,0.9,10.0,0.2831671564826658
110,estimated_witness,4.0,0.9,10.0,0.28518396472359137
110,estimated_witness,0.25,0.75,10.0,0.2852984500156478
110,estimated_witness,2.0,1.0,10.0,0.2859533740421987
110,estimated_witness,1.0,1.0,10.0,0.2863796429422389
110,estimated_witness,0.5,0.9,10.0,0.28687296535018997
110,estimated_witness,4.0,1.0,10.0,0.28883085099500966
110,estimated_witness,0.5,1.0,10.0,0.2906575061962747
110,estimated_witness,0.25,0.9,10.0,0.2915426195557314
110,estimated_witness,0.25,1.0,10.0,0.29612413805899707
110,estimated_witness,0.25,0.0,0.03,0.3097544377831635
110,geometry_only,0.25,0.0,1.0,0.21722332965378813
110,geometry_only,0.25,0.0,3.0,0.22851144832646475
110,geometry_only,0.25,0.0,0.3,0.23711298668724265
110,geometry_only,0.25,0.0,10.0,0.26342538064837223
110,geometry_only,0.25,0.0,0.1,0.2713473728202314
110,geometry_only,0.25,0.0,0.03,0.3097544377831635
111,estimated_witness,4.0,0.75,0.1,0.13202624645846497
111,estimated_witness,1.0,0.5,0.1,0.1341095706654
111,estimated_witness,2.0,0.5,0.1,0.13427056467373752
111,estimated_witness,2.0,0.75,0.1,0.1352571919129355
111,estimated_witness,0.5,0.5,0.1,0.13593379087115856
111,estimated_witness,4.0,0.5,0.1,0.1370823776711417
111,estimated_witness,0.5,0.25,0.1,0.1370829429400936
111,estimated_witness,0.5,0.5,0.03,0.1372395413897536
111,estimated_witness,1.0,0.5,0.03,0.1381106895413594
111,estimated_witness,1.0,0.25,0.1,0.13865946677610086
111,estimated_witness,4.0,0.9,0.1,0.13868280303594457
111,estimated_witness,4.0,0.75,0.03,0.13875304081837178
111,estimated_witness,0.5,0.25,0.03,0.13901705775394926
111,estimated_witness,0.25,0.25,0.1,0.13931418457367825
111,estimated_witness,2.0,0.5,0.3,0.13936740816198748
111,estimated_witness,0.25,0.5,0.03,0.13944212129348194
111,estimated_witness,4.0,0.9,0.03,0.13949241663278864
111,estimated_witness,2.0,0.75,0.03,0.14011918758779407
111,estimated_witness,0.25,0.25,0.03,0.1401333518805841
111,estimated_witness,0.25,0.5,0.1,0.14032002508561314
111,estimated_witness,1.0,0.5,0.3,0.14073206934256163
111,estimated_witness,4.0,0.5,0.3,0.14112555089534407
111,estimated_witness,2.0,0.5,0.03,0.14121156176955185
111,estimated_witness,1.0,0.25,0.3,0.14172626121858742
111,estimated_witness,0.5,0.25,0.3,0.14174794118193548
111,estimated_witness,1.0,0.75,0.1,0.14253705255998697
111,estimated_witness,1.0,0.25,0.03,0.14277911404254248
111,estimated_witness,2.0,0.25,0.1,0.14299355561084007
111,estimated_witness,2.0,0.25,0.3,0.1436381679852998
111,estimated_witness,0.5,0.5,0.3,0.1439582462318702
111,estimated_witness,0.25,0.25,0.3,0.14413265666077482
111,estimated_witness,4.0,0.75,0.3,0.14447673030906316
111,estimated_witness,1.0,0.75,0.03,0.14448403440755084
111,estimated_witness,4.0,0.5,0.03,0.14613206601310014
111,estimated_witness,2.0,0.75,0.3,0.14652250000617137
111,estimated_witness,4.0,0.25,0.3,0.14691536800744273
111,estimated_witness,2.0,0.9,0.1,0.1478421889091289
111,estimated_witness,0.5,0.1,0.1,0.14786425555041896
111,estimated_witness,2.0,0.9,0.03,0.14802907543814106
111,estimated_witness,0.5,0.1,0.3,0.14829598940489197
111,estimated_witness,4.0,0.25,0.1,0.14876777699291263
111,estimated_witness,1.0,0.1,0.3,0.14897420645480083
111,estimated_witness,0.25,0.5,0.3,0.14904991771236129
111,estimated_witness,0.25,0.1,0.1,0.14906985213341395
111,estimated_witness,0.25,0.1,0.3,0.14932696931690878
111,estimated_witness,2.0,0.25,0.03,0.150166033165259
111,estimated_witness,0.5,0.75,0.03,0.15019755850843633
111,estimated_witness,1.0,0.1,0.1,0.15029844763501976
111,estimated_witness,0.5,0.1,0.03,0.15042450193449522
111,estimated_witness,2.0,0.1,0.3,0.15096887944365245
111,estimated_witness,0.5,0.75,0.1,0.15108538525419343
111,estimated_witness,0.25,0.1,0.03,0.15127824831627865
111,estimated_witness,4.0,0.1,0.3,0.15335520167145966
111,estimated_witness,1.0,0.75,0.3,0.15381748522812988
111,estimated_witness,2.0,0.1,0.1,0.1551290557332808
111,estimated_witness,1.0,0.1,0.03,0.15532389657301085
111,estimated_witness,0.25,0.75,0.03,0.15788970618054632
111,estimated_witness,4.0,0.25,0.03,0.15888859642265116
111,estimated_witness,0.25,0.0,0.3,0.1592700456710403
111,estimated_witness,4.0,0.1,0.1,0.16021441626349028
111,estimated_witness,4.0,0.9,0.3,0.16027794817176208
111,estimated_witness,1.0,0.9,0.03,0.16034127165227027
111,estimated_witness,0.25,0.75,0.1,0.16107233378161423
111,estimated_witness,1.0,0.9,0.1,0.16161020751043134
111,estimated_witness,0.5,0.75,0.3,0.16281432711763008
111,estimated_witness,0.5,0.1,1.0,0.16320181729033326
111,estimated_witness,1.0,0.1,1.0,0.1633364689238707
111,estimated_witness,1.0,0.25,1.0,0.16364296315023352
111,estimated_witness,0.25,0.1,1.0,0.16376762722784308
111,estimated_witness,2.0,0.1,0.03,0.16399662685224284
111,estimated_witness,0.5,0.25,1.0,0.16408413354292253
111,estimated_witness,2.0,0.1,1.0,0.1640951538210562
111,estimated_witness,2.0,0.25,1.0,0.16436152124202671
111,estimated_witness,2.0,0.9,0.3,0.1647595057127527
111,estimated_witness,0.25,0.0,1.0,0.16501622530921944
111,estimated_witness,4.0,0.1,1.0,0.16512935152586394
111,estimated_witness,0.25,0.25,1.0,0.16576508044260937
111,estimated_witness,4.0,0.25,1.0,0.16610994793254183
111,estimated_witness,2.0,0.5,1.0,0.17038265331062707
111,estimated_witness,1.0,0.5,1.0,0.17125290489598718
111,estimated_witness,4.0,0.5,1.0,0.17238107587165005
111,estimated_witness,4.0,0.1,0.03,0.17286494069190753
111,estimated_witness,0.5,0.9,0.03,0.17318440930374968
111,estimated_witness,0.25,0.75,0.3,0.17329596663551183
111,estimated_witness,0.25,0.0,0.1,0.17346618009144266
111,estimated_witness,0.5,0.5,1.0,0.17401047872527162
111,estimated_witness,0.5,0.9,0.1,0.17607272217976985
111,estimated_witness,1.0,0.9,0.3,0.17613696418836408
111,estimated_witness,0.25,0.5,1.0,0.17835014994342233
111,estimated_witness,4.0,1.0,0.1,0.1802527853125707
111,estimated_witness,2.0,0.75,1.0,0.1877396530966534
111,estimated_witness,4.0,1.0,0.03,0.18783154755652362
111,estimated_witness,2.0,1.0,0.1,0.1884777935407156
111,estimated_witness,0.5,0.9,0.3,0.18953806877347842
111,estimated_witness,0.25,0.9,0.03,0.1895875585905724
111,estimated_witness,4.0,0.75,1.0,0.19002304157757363
111,estimated_witness,1.0,0.75,1.0,0.1911909870957534
111,estimated_witness,0.25,0.9,0.1,0.19372202243301614
111,estimated_witness,2.0,1.0,0.03,0.19427450928601278
111,estimated_witness,0.25,0.0,0.03,0.19603854331768444
111,estimated_witness,4.0,1.0,0.3,0.1965342929244186
111,estimated_witness,0.5,0.75,1.0,0.19784200229243512
111,estimated_witness,2.0,1.0,0.3,0.19818513292013631
111,estimated_witness,1.0,1.0,0.1,0.1990598368341797
111,estimated_witness,1.0,1.0,0.03,0.2007726241714528
111,estimated_witness,0.25,0.0,3.0,0.20332757254624148
111,estimated_witness,0.5,0.1,3.0,0.2056553025358132
111,estimated_witness,1.0,0.1,3.0,0.2058730719763392
111,estimated_witness,0.25,0.1,3.0,0.20594510862190415
111,estimated_witness,2.0,0.1,3.0,0.20637018950667932
111,estimated_witness,0.25,0.9,0.3,0.20651778802156498
111,estimated_witness,4.0,0.1,3.0,0.206867721481053
111,estimated_witness,0.25,0.75,1.0,0.20691449207398604
111,estimated_witness,1.0,1.0,0.3,0.20842964973030362
111,estimated_witness,2.0,0.9,1.0,0.20933390110468367
111,estimated_witness,0.5,1.0,0.03,0.21002103400540986
111,estimated_witness,0.5,0.25,3.0,0.21150622671804709
111,estimated_witness,1.0,0.25,3.0,0.21155924147440233
111,estimated_witness,0.5,1.0,0.1,0.211577767951887
111,estimated_witness,2.0,0.25,3.0,0.2122822980389798
111,estimated_witness,0.25,0.25,3.0,0.21240984866365556
111,estimated_witness,4.0,0.9,1.0,0.21338730380774606
111,estimated_witness,4.0,0.25,3.0,0.21346111567284431
111,estimated_witness,1.0,0.9,1.0,0.21390885817796698
111,estimated_witness,0.5,1.0,0.3,0.22227498518260358
111,estimated_witness,0.5,0.9,1.0,0.2235570475104071
111,estimated_witness,1.0,0.5,3.0,0.22539262783473957
111,estimated_witness,2.0,0.5,3.0,0.2259285696265142
111,estimated_witness,0.5,0.5,3.0,0.22650999886684967
111,estimated_witness,4.0,0.5,3.0,0.22830218841256802
111,estimated_witness,0.25,0.5,3.0,0.2293119008628914
111,estimated_witness,2.0,1.0,1.0,0.23362452454558427
111,estimated_witness,0.25,1.0,0.03,0.23420803531664544
111,estimated_witness,0.25,1.0,0.1,0.23657683326235945
111,estimated_witness,1.0,1.0,1.0,0.23754543905638284
111,estimated_witness,0.25,0.9,1.0,0.23771123595638688
111,estimated_witness,4.0,1.0,1.0,0.24161624309718568
111,estimated_witness,0.25,1.0,0.3,0.24599921920287562
111,estimated_witness,1.0,0.75,3.0,0.24644398114365915
111,estimated_witness,2.0,0.75,3.0,0.24669628574943225
111,estimated_witness,0.5,1.0,1.0,0.24906359226752686
111,estimated_witness,0.5,0.75,3.0,0.24958616372104572
111,estimated_witness,4.0,0.75,3.0,0.25101425722337506
111,estimated_witness,0.25,0.75,3.0,0.2556883819663565
111,estimated_witness,1.0,0.9,3.0,0.26410348372642306
111,estimated_witness,2.0,0.9,3.0,0.26447413000742387
111,estimated_witness,0.25,1.0,1.0,0.26844764024678747
111,estimated_witness,0.5,0.9,3.0,0.268859154129087
111,estimated_witness,0.25,0.0,10.0,0.26887879284025124
111,estimated_witness,4.0,0.9,3.0,0.27090406080173945
111,estimated_witness,4.0,0.1,10.0,0.27138263204275714
111,estimated_witness,2.0,0.1,10.0,0.2716602521979226
111,estimated_witness,1.0,0.1,10.0,0.27174458744516233
111,estimated_witness,0.5,0.1,10.0,0.27177191487747504
111,estimated_witness,0.25,0.1,10.0,0.2720375094176423
111,estimated_witness,1.0,0.25,10.0,0.2771939928037707
111,estimated_witness,0.5,0.25,10.0,0.2772122423789513
111,estimated_witness,4.0,0.25,10.0,0.2772293129854696
111,estimated_witness,2.0,0.25,10.0,0.27725760749483225
111,estimated_witness,0.25,0.25,10.0,0.2777994928498348
111,estimated_witness,0.25,0.9,3.0,0.2779974375799687
111,estimated_witness,1.0,1.0,3.0,0.27881241263593787
111,estimated_witness,2.0,1.0,3.0,0.2795923743342011
111,estimated_witness,0.5,1.0,3.0,0.28480442680488877
111,estimated_witness,1.0,0.5,10.0,0.2881205017554727
111,estimated_witness,4.0,1.0,3.0,0.28821942543062923
111,estimated_witness,2.0,0.5,10.0,0.2884016312007955
111,estimated_witness,0.5,0.5,10.0,0.28841163427046257
111,estimated_witness,4.0,0.5,10.0,0.289130822353312
111,estimated_witness,0.25,0.5,10.0,0.28977893093945356
111,estimated_witness,0.25,1.0,3.0,0.29664292094990397
111,estimated_witness,1.0,0.75,10.0,0.30116645048307905
111,estimated_witness,2.0,0.75,10.0,0.30163356221764165
111,estimated_witness,0.5,0.75,10.0,0.30207034128880544
111,estimated_witness,4.0,0.75,10.0,0.30340040009889163
111,estimated_witness,0.25,0.75,10.0,0.3046850609584013
111,estimated_witness,1.0,0.9,10.0,0.310126998656578
111,estimated_witness,2.0,0.9,10.0,0.3107335353864504
111,estimated_witness,0.5,0.9,10.0,0.3115373636404825
111,estimated_witness,4.0,0.9,10.0,0.31329562819446477
111,estimated_witness,0.25,0.9,10.0,0.315159339135723
111,estimated_witness,1.0,1.0,10.0,0.3166342437236104
111,estimated_witness,2.0,1.0,10.0,0.3173604007566036
111,estimated_witness,0.5,1.0,10.0,0.3184364281818719
111,estimated_witness,4.0,1.0,10.0,0.3205463618126642
111,estimated_witness,0.25,1.0,10.0,0.3228514656664596
111,geometry_only,0.25,0.0,0.3,0.1592700456710403
111,geometry_only,0.25,0.0,1.0,0.16501622530921944
111,geometry_only,0.25,0.0,0.1,0.17346618009144266
111,geometry_only,0.25,0.0,0.03,0.19603854331768444
111,geometry_only,0.25,0.0,3.0,0.20332757254624148
111,geometry_only,0.25,0.0,10.0,0.26887879284025124
112,estimated_witness,2.0,0.9,0.03,0.1540592347157348
112,estimated_witness,1.0,0.9,0.03,0.15668848499206436
112,estimated_witness,2.0,0.9,0.1,0.1588707647849293
112,estimated_witness,4.0,0.9,0.03,0.15889072569714424
112,estimated_witness,1.0,0.75,0.03,0.16033324049611608
112,estimated_witness,1.0,0.9,0.1,0.16063608199617221
112,estimated_witness,1.0,0.75,0.1,0.16168785408184416
112,estimated_witness,2.0,0.75,0.03,0.16331190683093313
112,estimated_witness,2.0,0.75,0.1,0.16340729724732464
112,estimated_witness,4.0,0.9,0.1,0.16423635015041896
112,estimated_witness,4.0,0.75,0.1,0.16965157670365102
112,estimated_witness,4.0,0.75,0.03,0.17028785866020538
112,estimated_witness,1.0,0.5,0.1,0.17044278552284323
112,estimated_witness,0.5,0.75,0.03,0.17078340062726613
112,estimated_witness,1.0,0.5,0.03,0.17091593718327372
112,estimated_witness,0.5,0.75,0.1,0.17230390237058665
112,estimated_witness,1.0,0.75,0.3,0.17291840799526156
112,estimated_witness,0.5,0.5,0.03,0.17395329484001332
112,estimated_witness,2.0,0.5,0.1,0.17429019390082345
112,estimated_witness,0.5,0.5,0.1,0.17444050331516944
112,estimated_witness,2.0,1.0,0.1,0.1745696913082072
112,estimated_witness,2.0,0.75,0.3,0.1747064895477668
112,estimated_witness,1.0,1.0,0.1,0.17533899856898405
112,estimated_witness,2.0,1.0,0.03,0.1753740679043747
112,estimated_witness,0.5,0.9,0.03,0.1754000262377072
112,estimated_witness,2.0,0.5,0.03,0.17620446376417598
112,estimated_witness,1.0,1.0,0.03,0.17654750147206963
112,estimated_witness,1.0,0.5,0.3,0.17666300341871613
112,estimated_witness,1.0,0.9,0.3,0.1767048781557555
112,estimated_witness,2.0,0.9,0.3,0.17761690230530022
112,estimated_witness,0.5,0.9,0.1,0.1780210663835765
112,estimated_witness,4.0,1.0,0.03,0.17871074297953826
112,estimated_witness,2.0,0.5,0.3,0.1795823325662523
112,estimated_witness,4.0,0.5,0.1,0.18072023510951354
112,estimated_witness,0.5,0.5,0.3,0.1808180775650269
112,estimated_witness,4.0,0.75,0.3,0.18126253186141475
112,estimated_witness,0.5,0.75,0.3,0.18214887985523634
112,estimated_witness,4.0,1.0,0.1,0.18241242654714973
112,estimated_witness,0.25,0.5,0.03,0.1830238343071701
112,estimated_witness,1.0,0.25,0.1,0.18313307539756998
112,estimated_witness,4.0,0.5,0.03,0.18319279021518522
112,estimated_witness,0.5,0.25,0.1,0.18364028517042122
112,estimated_witness,0.5,0.25,0.03,0.18386849710912315
112,estimated_witness,0.25,0.5,0.1,0.1838748400128347
112,estimated_witness,1.0,0.25,0.03,0.18455036816612247
112,estimated_witness,4.0,0.5,0.3,0.18539270036428923
112,estimated_witness,4.0,0.9,0.3,0.18546614962588182
112,estimated_witness,1.0,0.25,0.3,0.18613734593566045
112,estimated_witness,0.5,0.25,0.3,0.18734473324005715
112,estimated_witness,2.0,0.25,0.1,0.18748525017443182
112,estimated_witness,0.25,0.25,0.03,0.18749918188125927
112,estimated_witness,0.25,0.25,0.1,0.18781448520190613
112,estimated_witness,1.0,1.0,0.3,0.18906878112794248
112,estimated_witness,2.0,0.25,0.3,0.18916431119385083
112,estimated_witness,0.25,0.75,0.03,0.1892397175825883
112,estimated_witness,0.25,0.5,0.3,0.18957863227742588
112,estimated_witness,2.0,0.25,0.03,0.19012125645675224
112,estimated_witness,0.5,0.9,0.3,0.190351328354181
112,estimated_witness,0.25,0.75,0.1,0.19089055442396904
112,estimated_witness,0.25,0.25,0.3,0.19124612997840928
112,estimated_witness,2.0,1.0,0.3,0.19169010563796965
112,estimated_witness,0.5,1.0,0.03,0.1932911401188039
112,estimated_witness,4.0,0.25,0.1,0.19365899240880827
112,estimated_witness,0.5,1.0,0.1,0.19386491705962894
112,estimated_witness,4.0,0.25,0.3,0.19389264423399585
112,estimated_witness,1.0,0.1,0.3,0.19597242726138953
112,estimated_witness,0.5,0.1,0.3,0.19612006840537902
112,estimated_witness,0.5,0.1,0.1,0.19619908897084515
112,estimated_witness,1.0,0.1,0.1,0.19705295058232153
112,estimated_witness,4.0,0.25,0.03,0.19757878940313958
112,estimated_witness,0.25,0.1,0.3,0.19771008727549008
112,estimated_witness,0.5,0.1,0.03,0.19781134503516717
112,estimated_witness,0.25,0.1,0.1,0.19791143067480357
112,estimated_witness,2.0,0.1,0.3,0.19812313368648474
112,estimated_witness,1.0,0.5,1.0,0.1985740640648286
112,estimated_witness,0.25,0.75,0.3,0.19893031554271948
112,estimated_witness,0.25,0.1,0.03,0.1990719614101998
112,estimated_witness,1.0,0.25,1.0,0.1996170067365841
112,estimated_witness,1.0,0.1,0.03,0.2000682824212223
112,estimated_witness,0.5,0.25,1.0,0.20044622538107837
112,estimated_witness,2.0,0.1,0.1,0.2008649223213083
112,estimated_witness,4.0,0.1,0.3,0.2011595849255224
112,estimated_witness,0.5,0.5,1.0,0.20143268679757406
112,estimated_witness,2.0,0.5,1.0,0.20172296344614027
112,estimated_witness,2.0,0.25,1.0,0.20218074357502283
112,estimated_witness,1.0,0.1,1.0,0.20237221678304443
112,estimated_witness,0.5,0.1,1.0,0.2024695823023155
112,estimated_witness,0.25,0.25,1.0,0.20340299731405195
112,estimated_witness,1.0,0.75,1.0,0.20350963836331218
112,estimated_witness,4.0,1.0,0.3,0.20354084364298855
112,estimated_witness,0.25,0.1,1.0,0.20364020667622762
112,estimated_witness,0.25,0.9,0.03,0.20386924503900583
112,estimated_witness,2.0,0.1,1.0,0.2040705437107304
112,estimated_witness,0.5,1.0,0.3,0.20440980136268586
112,estimated_witness,0.25,0.0,1.0,0.20509982175194588
112,estimated_witness,4.0,0.1,0.1,0.20585045170710337
112,estimated_witness,2.0,0.1,0.03,0.2059680148694012
112,estimated_witness,4.0,0.25,1.0,0.20599186099276068
112,estimated_witness,0.25,0.9,0.1,0.20603068419959614
112,estimated_witness,4.0,0.1,1.0,0.20631681549821299
112,estimated_witness,0.25,0.0,0.3,0.20689234255918484
112,estimated_witness,2.0,0.75,1.0,0.20721466336771463
112,estimated_witness,4.0,0.5,1.0,0.20751971001110112
112,estimated_witness,0.25,0.5,1.0,0.20820494566056355
112,estimated_witness,0.5,0.75,1.0,0.2094511767402875
112,estimated_witness,1.0,0.9,1.0,0.2117088679672252
112,estimated_witness,4.0,0.1,0.03,0.21385148003720403
112,estimated_witness,0.25,0.9,0.3,0.21496213115941068
112,estimated_witness,4.0,0.75,1.0,0.2157249182793516
112,estimated_witness,2.0,0.9,1.0,0.21635821105160427
112,estimated_witness,0.5,0.9,1.0,0.22008593738800578
112,estimated_witness,0.25,0.0,0.1,0.22123980443044208
112,estimated_witness,1.0,1.0,1.0,0.22151818191640327
112,estimated_witness,0.25,0.75,1.0,0.22209049471116882
112,estimated_witness,0.25,0.0,3.0,0.22552021487046636
112,estimated_witness,0.5,0.1,3.0,0.22664306383983887
112,estimated_witness,1.0,0.1,3.0,0.227029200946951
112,estimated_witness,0.25,0.1,3.0,0.22727623251147758
112,estimated_witness,0.25,1.0,0.03,0.22744050653584022
112,estimated_witness,2.0,1.0,1.0,0.22771608388517972
112,estimated_witness,4.0,0.9,1.0,0.22809215148966824
112,estimated_witness,0.25,1.0,0.1,0.22870036661497917
112,estimated_witness,2.0,0.1,3.0,0.22882223336110194
112,estimated_witness,0.5,0.25,3.0,0.22940410743108697
112,estimated_witness,1.0,0.25,3.0,0.2296997898233447
112,estimated_witness,4.0,0.1,3.0,0.23092944669097093
112,estimated_witness,0.25,0.25,3.0,0.2310847163695361
112,estimated_witness,0.5,1.0,1.0,0.2315919498872109
112,estimated_witness,2.0,0.25,3.0,0.2326407486580879
112,estimated_witness,0.25,1.0,0.3,0.23574178165071236
112,estimated_witness,1.0,0.5,3.0,0.23587899117431368
112,estimated_witness,4.0,0.25,3.0,0.23633412700719558
112,estimated_witness,0.5,0.5,3.0,0.23651445441311578
112,estimated_witness,0.25,0.9,1.0,0.23814260670620924
112,estimated_witness,2.0,0.5,3.0,0.23993118305542882
112,estimated_witness,0.25,0.5,3.0,0.240590621878407
112,estimated_witness,4.0,1.0,1.0,0.24348961667634686
112,estimated_witness,1.0,0.75,3.0,0.24551463802249032
112,estimated_witness,4.0,0.5,3.0,0.2458525451565372
112,estimated_witness,0.25,0.0,0.03,0.24638245524990543
112,estimated_witness,0.5,0.75,3.0,0.2477199903352981
112,estimated_witness,2.0,0.75,3.0,0.250726510166149
112,estimated_witness,1.0,0.9,3.0,0.25376989952827655
112,estimated_witness,0.25,1.0,1.0,0.25465393659496516
112,estimated_witness,0.25,0.75,3.0,0.25533595878613996
112,estimated_witness,0.5,0.9,3.0,0.25725234247596285
112,estimated_witness,4.0,0.75,3.0,0.2595330728872465
112,estimated_witness,2.0,0.9,3.0,0.2599662262184372
112,estimated_witness,1.0,1.0,3.0,0.2607198584283588
112,estimated_witness,0.25,0.0,10.0,0.26468384772361936
112,estimated_witness,0.5,1.0,3.0,0.2652256798421843
112,estimated_witness,0.5,0.1,10.0,0.26664862649210247
112,estimated_witness,1.0,0.1,10.0,0.26692712893700965
112,estimated_witness,0.25,0.1,10.0,0.26694088826863777
112,estimated_witness,2.0,1.0,3.0,0.2678093897904165
112,estimated_witness,0.25,0.9,3.0,0.26786493042951115
112,estimated_witness,2.0,0.1,10.0,0.26793849270972847
112,estimated_witness,4.0,0.1,10.0,0.2691052527442427
112,estimated_witness,0.5,0.25,10.0,0.27007121696655484
112,estimated_witness,1.0,0.25,10.0,0.2706055596074188
112,estimated_witness,0.25,0.25,10.0,0.2708035738778924
112,estimated_witness,4.0,0.9,3.0,0.2712833414717645
112,estimated_witness,2.0,0.25,10.0,0.27272462166171474
112,estimated_witness,4.0,0.25,10.0,0.2752291201784541
112,estimated_witness,0.5,0.5,10.0,0.27669357368650677
112,estimated_witness,1.0,0.5,10.0,0.27717999009660377
112,estimated_witness,0.25,1.0,3.0,0.2783945281855572
112,estimated_witness,0.25,0.5,10.0,0.27841160401578996
112,estimated_witness,2.0,0.5,10.0,0.280458586171166
112,estimated_witness,4.0,1.0,3.0,0.2813738347563519
112,estimated_witness,0.5,0.75,10.0,0.2844724262018459
112,estimated_witness,1.0,0.75,10.0,0.28451436637689126
112,estimated_witness,4.0,0.5,10.0,0.2846207422865444
112,estimated_witness,0.25,0.75,10.0,0.2875716146066749
112,estimated_witness,2.0,0.75,10.0,0.2886447990518462
112,estimated_witness,1.0,0.9,10.0,0.28940976322661527
112,estimated_witness,0.5,0.9,10.0,0.2897803808116102
112,estimated_witness,1.0,1.0,10.0,0.29292224415616436
112,estimated_witness,0.5,1.0,10.0,0.29362508741511867
112,estimated_witness,0.25,0.9,10.0,0.2939254628058008
112,estimated_witness,2.0,0.9,10.0,0.29401985199063585
112,estimated_witness,4.0,0.75,10.0,0.29436435556709617
112,estimated_witness,2.0,1.0,10.0,0.29785915366966814
112,estimated_witness,0.25,1.0,10.0,0.29857165607339303
112,estimated_witness,4.0,0.9,10.0,0.30075187195637176
112,estimated_witness,4.0,1.0,10.0,0.3053246955634819
112,geometry_only,0.25,0.0,1.0,0.20509982175194588
112,geometry_only,0.25,0.0,0.3,0.20689234255918484
112,geometry_only,0.25,0.0,0.1,0.22123980443044208
112,geometry_only,0.25,0.0,3.0,0.22552021487046636
112,geometry_only,0.25,0.0,0.03,0.24638245524990543
112,geometry_only,0.25,0.0,10.0,0.26468384772361936
113,estimated_witness,1.0,0.75,0.1,0.1839259308064308
113,estimated_witness,2.0,0.9,0.1,0.184500026620808
113,estimated_witness,2.0,0.75,0.1,0.18493612398862738
113,estimated_witness,4.0,0.9,0.1,0.1853519961202289
113,estimated_witness,0.5,0.5,0.1,0.18637658414560151
113,estimated_witness,1.0,0.5,0.1,0.1873496386371802
113,estimated_witness,1.0,0.5,0.3,0.1879919749752622
113,estimated_witness,2.0,0.9,0.03,0.18847252792743904
113,estimated_witness,2.0,0.75,0.3,0.18848778209828917
113,estimated_witness,1.0,0.75,0.03,0.18872117944001787
113,estimated_witness,4.0,0.75,0.1,0.18903767304617655
113,estimated_witness,0.25,0.5,0.1,0.1895246312837854
113,estimated_witness,0.5,0.5,0.3,0.18967986192459133
113,estimated_witness,2.0,0.5,0.3,0.18995225711100117
113,estimated_witness,4.0,0.75,0.3,0.19012285878605437
113,estimated_witness,1.0,0.9,0.1,0.19018814123549585
113,estimated_witness,1.0,0.75,0.3,0.1908891055751342
113,estimated_witness,1.0,0.9,0.03,0.19113686648297823
113,estimated_witness,0.5,0.75,0.1,0.19189656343379688
113,estimated_witness,0.5,0.5,0.03,0.19228689246417385
113,estimated_witness,0.25,0.5,0.03,0.1926902279251069
113,estimated_witness,0.5,0.25,0.3,0.19332175177446143
113,estimated_witness,0.25,0.5,0.3,0.1936599042144577
113,estimated_witness,4.0,0.5,0.3,0.193711438085333
113,estimated_witness,0.25,0.25,0.1,0.1938553548123997
113,estimated_witness,0.25,0.25,0.3,0.19390710391805563
113,estimated_witness,2.0,0.5,0.1,0.19391913618266102
113,estimated_witness,0.5,0.75,0.03,0.1946689604466967
113,estimated_witness,4.0,0.9,0.03,0.19475193912705413
113,estimated_witness,0.5,0.25,0.1,0.19476370381066585
113,estimated_witness,1.0,0.25,0.3,0.1948534212551926
113,estimated_witness,2.0,0.75,0.03,0.19514016970176926
113,estimated_witness,2.0,0.9,0.3,0.1952621952813255
113,estimated_witness,4.0,0.9,0.3,0.19573965186079892
113,estimated_witness,1.0,0.5,0.03,0.19643368639350756
113,estimated_witness,2.0,0.25,0.3,0.19855701996250874
113,estimated_witness,0.5,0.75,0.3,0.1994954026998842
113,estimated_witness,1.0,0.25,0.1,0.1998261812360196
113,estimated_witness,0.25,0.25,0.03,0.1999506475769429
113,estimated_witness,4.0,0.5,0.1,0.2007759337977217
113,estimated_witness,2.0,1.0,0.1,0.2015393334833623
113,estimated_witness,1.0,0.9,0.3,0.201558404732436
113,estimated_witness,0.25,0.75,0.1,0.20245495726421212
113,estimated_witness,0.25,0.1,0.3,0.20278591469355942
113,estimated_witness,4.0,0.25,0.3,0.2029126439182881
113,estimated_witness,4.0,1.0,0.1,0.20293187502341703
113,estimated_witness,0.25,0.75,0.03,0.20306799113740295
113,estimated_witness,0.5,0.1,0.3,0.20324043939938244
113,estimated_witness,0.5,0.25,0.03,0.20358756615470827
113,estimated_witness,1.0,0.1,0.3,0.2049595491618438
113,estimated_witness,1.0,0.25,1.0,0.2057220956498312
113,estimated_witness,0.5,0.25,1.0,0.20621067952542046
113,estimated_witness,4.0,0.75,0.03,0.20627017360144842
113,estimated_witness,2.0,0.25,1.0,0.20685821300738852
113,estimated_witness,2.0,0.5,1.0,0.20720814793869466
113,estimated_witness,1.0,0.5,1.0,0.20725353240168395
113,estimated_witness,0.25,0.25,1.0,0.20729662304305843
113,estimated_witness,0.5,0.9,0.1,0.20757289713188723
113,estimated_witness,2.0,0.1,0.3,0.20788482742749592
113,estimated_witness,2.0,0.25,0.1,0.20796385219735503
113,estimated_witness,0.5,0.9,0.03,0.20817157957064614
113,estimated_witness,0.5,0.1,1.0,0.20818571854318987
113,estimated_witness,1.0,0.1,1.0,0.208260659045209
113,estimated_witness,0.25,0.1,1.0,0.20836442520477436
113,estimated_witness,2.0,1.0,0.03,0.20866877207780296
113,estimated_witness,0.25,0.1,0.1,0.208707648426025
113,estimated_witness,4.0,0.25,1.0,0.2091482683361984
113,estimated_witness,2.0,0.1,1.0,0.209153430261511
113,estimated_witness,2.0,0.5,0.03,0.20955430821199628
113,estimated_witness,0.25,0.75,0.3,0.20964379136919783
113,estimated_witness,1.0,1.0,0.1,0.20981367492713868
113,estimated_witness,4.0,0.5,1.0,0.20994061538784056
113,estimated_witness,0.5,0.5,1.0,0.21013826562178947
113,estimated_witness,4.0,0.1,1.0,0.21048316121435273
113,estimated_witness,0.5,0.1,0.1,0.21054517769534886
113,estimated_witness,4.0,0.1,0.3,0.21091044737433537
113,estimated_witness,0.25,0.0,1.0,0.2116689510719348
113,estimated_witness,2.0,1.0,0.3,0.211696715095432
113,estimated_witness,1.0,0.25,0.03,0.21274392611174464
113,estimated_witness,1.0,1.0,0.03,0.21334928770397346
113,estimated_witness,4.0,1.0,0.03,0.21342962334613835
113,estimated_witness,0.25,0.5,1.0,0.21372701853948184
113,estimated_witness,4.0,1.0,0.3,0.21458810810228826
113,estimated_witness,2.0,0.75,1.0,0.21503213784958827
113,estimated_witness,4.0,0.25,0.1,0.21546089665995793
113,estimated_witness,1.0,0.1,0.1,0.21551880193377015
113,estimated_witness,0.5,0.9,0.3,0.2171051038842601
113,estimated_witness,1.0,0.75,1.0,0.2174855542953846
113,estimated_witness,0.25,0.0,0.3,0.21767943699931522
113,estimated_witness,0.25,0.1,0.03,0.21794686687068807
113,estimated_witness,4.0,0.75,1.0,0.217946991745504
113,estimated_witness,1.0,1.0,0.3,0.21922728862899657
113,estimated_witness,0.5,0.1,0.03,0.22185822797012086
113,estimated_witness,2.0,0.1,0.1,0.22226626842104005
113,estimated_witness,4.0,0.5,0.03,0.22340923298699186
113,estimated_witness,0.5,0.75,1.0,0.2249138830566545
113,estimated_witness,0.25,0.9,0.03,0.22582603925083503
113,estimated_witness,0.25,0.9,0.1,0.22639375863589759
113,estimated_witness,2.0,0.9,1.0,0.22673261708360962
113,estimated_witness,2.0,0.25,0.03,0.22733196854813756
113,estimated_witness,4.0,0.1,0.1,0.2283709975985669
113,estimated_witness,1.0,0.9,1.0,0.23077200181789426
113,estimated_witness,4.0,0.9,1.0,0.23085249677931474
113,estimated_witness,1.0,0.1,0.03,0.23092519886406823
113,estimated_witness,0.5,1.0,0.1,0.2328772444174657
113,estimated_witness,0.25,0.75,1.0,0.23306670090933798
113,estimated_witness,0.25,0.0,3.0,0.2338309903541903
113,estimated_witness,0.25,0.9,0.3,0.2342273015561196
113,estimated_witness,0.5,1.0,0.03,0.2343014796294914
113,estimated_witness,1.0,0.1,3.0,0.23449522159937838
113,estimated_witness,0.5,0.1,3.0,0.23469091970656028
113,estimated_witness,2.0,0.1,3.0,0.2347969640319315
113,estimated_witness,0.25,0.1,3.0,0.2349376014083994
113,estimated_witness,4.0,0.1,3.0,0.23542759745621067
113,estimated_witness,1.0,0.25,3.0,0.23699431650121605
113,estimated_witness,2.0,0.25,3.0,0.2374080824115865
113,estimated_witness,0.5,0.25,3.0,0.23767941260520845
113,estimated_witness,0.25,0.25,3.0,0.23850875324415077
113,estimated_witness,4.0,0.25,3.0,0.23877563987752462
113,estimated_witness,4.0,0.25,0.03,0.23994346452992052
113,estimated_witness,0.5,1.0,0.3,0.2402914859524099
113,estimated_witness,2.0,1.0,1.0,0.24076214756243108
113,estimated_witness,0.5,0.9,1.0,0.24254720815263045
113,estimated_witness,2.0,0.1,0.03,0.24278809227173484
113,estimated_witness,0.25,0.0,0.1,0.24403648829612545
113,estimated_witness,2.0,0.5,3.0,0.24451703079951806
113,estimated_witness,1.0,0.5,3.0,0.24451754113609478
113,estimated_witness,1.0,1.0,1.0,0.24524755873518145
113,estimated_witness,0.5,0.5,3.0,0.24674685051124376
113,estimated_witness,4.0,0.5,3.0,0.24690855926229927
113,estimated_witness,4.0,1.0,1.0,0.24775985932429598
113,estimated_witness,0.25,0.5,3.0,0.24932145256156005
113,estimated_witness,4.0,0.1,0.03,0.2523770129656851
113,estimated_witness,0.25,0.9,1.0,0.2558607730114728
113,estimated_witness,2.0,0.75,3.0,0.25662533834849194
113,estimated_witness,1.0,0.75,3.0,0.2574109718013539
113,estimated_witness,0.25,1.0,0.1,0.26012454739111684
113,estimated_witness,0.25,1.0,0.03,0.2601372133120653
113,estimated_witness,4.0,0.75,3.0,0.26041302077837325
113,estimated_witness,0.5,1.0,1.0,0.2609283646927584
113,estimated_witness,0.5,0.75,3.0,0.2622547788849596
113,estimated_witness,0.25,1.0,0.3,0.26541293331976945
113,estimated_witness,2.0,0.9,3.0,0.26766516498464127
113,estimated_witness,0.25,0.75,3.0,0.2679595165550959
113,estimated_witness,1.0,0.9,3.0,0.26889253738525426
113,estimated_witness,4.0,0.9,3.0,0.272964501899666
113,estimated_witness,0.5,0.9,3.0,0.27602315315206255
113,estimated_witness,2.0,1.0,3.0,0.2774137784976751
113,estimated_witness,0.25,0.0,10.0,0.2774372788393689
113,estimated_witness,4.0,0.1,10.0,0.2786828428453885
113,estimated_witness,1.0,1.0,3.0,0.2787824600930369
113,estimated_witness,2.0,0.1,10.0,0.27885062616772743
113,estimated_witness,1.0,0.1,10.0,0.2791079270326186
113,estimated_witness,0.5,0.1,10.0,0.2794539842470133
113,estimated_witness,0.25,0.1,10.0,0.27971873242661843
113,estimated_witness,0.25,1.0,1.0,0.28002794227056893
113,estimated_witness,0.25,0.0,0.03,0.2820567239922233
113,estimated_witness,2.0,0.25,10.0,0.28216821386922847
113,estimated_witness,4.0,0.25,10.0,0.2822854011647535
113,estimated_witness,1.0,0.25,10.0,0.282501511841426
113,estimated_witness,0.5,0.25,10.0,0.2832389693141632
113,estimated_witness,0.25,0.25,10.0,0.2838884427823353
113,estimated_witness,4.0,1.0,3.0,0.2843515842530385
113,estimated_witness,0.25,0.9,3.0,0.28480041868184364
113,estimated_witness,0.5,1.0,3.0,0.28785241600174505
113,estimated_witness,2.0,0.5,10.0,0.2892008075447661
113,estimated_witness,1.0,0.5,10.0,0.28964929550661705
113,estimated_witness,4.0,0.5,10.0,0.289988847500416
113,estimated_witness,0.5,0.5,10.0,0.2911816256347282
113,estimated_witness,0.25,0.5,10.0,0.29272998252048166
113,estimated_witness,2.0,0.75,10.0,0.2979122544963206
113,estimated_witness,1.0,0.75,10.0,0.29854774081251406
113,estimated_witness,4.0,0.75,10.0,0.2995242233131926
113,estimated_witness,0.25,1.0,3.0,0.29952970921831207
113,estimated_witness,0.5,0.75,10.0,0.3011801869141488
113,estimated_witness,2.0,0.9,10.0,0.30407695336294843
113,estimated_witness,0.25,0.75,10.0,0.30410487490887234
113,estimated_witness,1.0,0.9,10.0,0.3048386751442895
113,estimated_witness,4.0,0.9,10.0,0.30630112609283333
113,estimated_witness,0.5,0.9,10.0,0.30830241434113387
113,estimated_witness,2.0,1.0,10.0,0.3086465317990576
113,estimated_witness,1.0,1.0,10.0,0.30948843080009847
113,estimated_witness,4.0,1.0,10.0,0.3113499777551404
113,estimated_witness,0.25,0.9,10.0,0.31234257977097446
113,estimated_witness,0.5,1.0,10.0,0.3135873139260393
113,estimated_witness,0.25,1.0,10.0,0.3185182702853173
113,geometry_only,0.25,0.0,1.0,0.2116689510719348
113,geometry_only,0.25,0.0,0.3,0.21767943699931522
113,geometry_only,0.25,0.0,3.0,0.2338309903541903
113,geometry_only,0.25,0.0,0.1,0.24403648829612545
113,geometry_only,0.25,0.0,10.0,0.2774372788393689
113,geometry_only,0.25,0.0,0.03,0.2820567239922233
114,estimated_witness,2.0,0.75,0.1,0.13767078242461683
114,estimated_witness,2.0,0.9,0.1,0.13848776522455916
114,estimated_witness,1.0,0.75,0.1,0.1392100535718516
114,estimated_witness,4.0,0.9,0.1,0.1398604582561036
114,estimated_witness,1.0,0.75,0.03,0.142278757190931
114,estimated_witness,4.0,0.75,0.1,0.1432260835978822
114,estimated_witness,2.0,0.75,0.3,0.14390042954165502
114,estimated_witness,2.0,0.75,0.03,0.1440977629386764
114,estimated_witness,1.0,0.5,0.1,0.14446964211956526
114,estimated_witness,2.0,0.9,0.03,0.14503767819046307
114,estimated_witness,1.0,0.9,0.1,0.14572805330167404
114,estimated_witness,0.5,0.5,0.1,0.14681924205020117
114,estimated_witness,2.0,0.9,0.3,0.14691216582183217
114,estimated_witness,1.0,0.75,0.3,0.14703557379968918
114,estimated_witness,4.0,0.75,0.3,0.14725192285318678
114,estimated_witness,1.0,0.5,0.3,0.14804672928981086
114,estimated_witness,4.0,0.9,0.03,0.1484501541173391
114,estimated_witness,1.0,0.9,0.03,0.14909495096910727
114,estimated_witness,0.5,0.5,0.03,0.14915793075526226
114,estimated_witness,1.0,0.5,0.03,0.14920065299909702
114,estimated_witness,0.5,0.75,0.1,0.1492262704267995
114,estimated_witness,4.0,0.9,0.3,0.1492437154912143
114,estimated_witness,0.5,0.75,0.03,0.14951879798477674
114,estimated_witness,2.0,0.5,0.1,0.14968351501989707
114,estimated_witness,2.0,0.5,0.3,0.14983493346948365
114,estimated_witness,0.5,0.5,0.3,0.15177924905432935
114,estimated_witness,1.0,0.9,0.3,0.15406332001232734
114,estimated_witness,4.0,0.75,0.03,0.15435475271353294
114,estimated_witness,0.25,0.5,0.1,0.1549223671316876
114,estimated_witness,2.0,1.0,0.1,0.15544630061867115
114,estimated_witness,4.0,0.5,0.3,0.1554616860047078
114,estimated_witness,0.25,0.5,0.03,0.15616066122249853
114,estimated_witness,2.0,1.0,0.3,0.15619133875236244
114,estimated_witness,0.5,0.75,0.3,0.15787117478140647
114,estimated_witness,4.0,1.0,0.1,0.15794546894603176
114,estimated_witness,2.0,0.5,0.03,0.15898860454530128
114,estimated_witness,0.25,0.5,0.3,0.15974115879867123
114,estimated_witness,4.0,0.5,0.1,0.16017278271396065
114,estimated_witness,4.0,1.0,0.3,0.16031126881489163
114,estimated_witness,0.5,0.25,0.3,0.16133658221235123
114,estimated_witness,1.0,0.25,0.3,0.16146783553008529
114,estimated_witness,0.5,0.9,0.03,0.16182779363385463
114,estimated_witness,1.0,1.0,0.1,0.16236572983924144
114,estimated_witness,0.5,0.9,0.1,0.16247298218633763
114,estimated_witness,0.25,0.75,0.03,0.16272757157450804
114,estimated_witness,0.5,0.25,0.1,0.16371887027676185
114,estimated_witness,0.25,0.75,0.1,0.16405863346085447
114,estimated_witness,0.25,0.25,0.3,0.1651975257484742
114,estimated_witness,1.0,1.0,0.3,0.16531524806741507
114,estimated_witness,1.0,0.25,0.1,0.16540324620174943
114,estimated_witness,2.0,0.25,0.3,0.16549217916407424
114,estimated_witness,0.25,0.25,0.1,0.16830948986875127
114,estimated_witness,2.0,0.5,1.0,0.16843534899283552
114,estimated_witness,1.0,0.5,1.0,0.16904407610875696
114,estimated_witness,0.5,0.25,0.03,0.16941287905043376
114,estimated_witness,1.0,0.25,1.0,0.17007159267210467
114,estimated_witness,4.0,0.5,1.0,0.17039166683550175
114,estimated_witness,2.0,0.25,1.0,0.17056858666119976
114,estimated_witness,0.5,0.25,1.0,0.17109009989075397
114,estimated_witness,0.5,0.9,0.3,0.17137275618803205
114,estimated_witness,4.0,0.25,0.3,0.1714081242103578
114,estimated_witness,4.0,0.25,1.0,0.1717452900459702
114,estimated_witness,2.0,0.75,1.0,0.17244970184352315
114,estimated_witness,0.25,0.75,0.3,0.17252293634387758
114,estimated_witness,0.5,0.5,1.0,0.17302264714032525
114,estimated_witness,1.0,0.25,0.03,0.1733964844967082
114,estimated_witness,1.0,1.0,0.03,0.17367796942604818
114,estimated_witness,0.25,0.25,0.03,0.17370405293652305
114,estimated_witness,2.0,0.25,0.1,0.1737175564404837
114,estimated_witness,1.0,0.1,1.0,0.1739204160264034
114,estimated_witness,0.25,0.25,1.0,0.17402313450219586
114,estimated_witness,0.5,0.1,1.0,0.17407215028279935
114,estimated_witness,2.0,0.1,1.0,0.17430026692802994
114,estimated_witness,4.0,0.1,1.0,0.17466440928668045
114,estimated_witness,0.25,0.1,1.0,0.1751649375152772
114,estimated_witness,1.0,0.75,1.0,0.17531437262066774
114,estimated_witness,4.0,0.75,1.0,0.1753354918237656
114,estimated_witness,4.0,0.5,0.03,0.1758358175056319
114,estimated_witness,0.5,0.1,0.3,0.17732354494544902
114,estimated_witness,0.25,0.0,1.0,0.17795567454766262
114,estimated_witness,1.0,0.1,0.3,0.1782578624429079
114,estimated_witness,0.25,0.1,0.3,0.17905419044570592
114,estimated_witness,2.0,0.9,1.0,0.17940210174837556
114,estimated_witness,0.25,0.5,1.0,0.17975403710439056
114,estimated_witness,0.5,1.0,0.1,0.18136760771252838
114,estimated_witness,2.0,0.1,0.3,0.18139781765179985
114,estimated_witness,0.5,1.0,0.03,0.1817730465202346
114,estimated_witness,0.25,0.9,0.03,0.1818459749251722
114,estimated_witness,2.0,1.0,0.03,0.18261462034775358
114,estimated_witness,1.0,0.9,1.0,0.18386715172904253
114,estimated_witness,4.0,0.9,1.0,0.18393973115084092
114,estimated_witness,0.25,0.9,0.1,0.18415226616953154
114,estimated_witness,0.5,0.75,1.0,0.1843351866491663
114,estimated_witness,4.0,0.1,0.3,0.18512282880415912
114,estimated_witness,4.0,0.25,0.1,0.1858382906618821
114,estimated_witness,2.0,0.25,0.03,0.18661286827869636
114,estimated_witness,2.0,1.0,1.0,0.18733268864241945
114,estimated_witness,0.5,1.0,0.3,0.18753603928464513
114,estimated_witness,0.5,0.1,0.1,0.19069225981193205
114,estimated_witness,0.25,0.9,0.3,0.19254741791529376
114,estimated_witness,1.0,1.0,1.0,0.1926308211238096
114,estimated_witness,1.0,0.1,0.1,0.19319321789358765
114,estimated_witness,0.25,0.1,0.1,0.1936489349939011
114,estimated_witness,4.0,1.0,0.03,0.19406813810053355
114,estimated_witness,4.0,1.0,1.0,0.19443211168187136
114,estimated_witness,0.25,0.75,1.0,0.19664377644718364
114,estimated_witness,0.25,0.0,0.3,0.19709609688975963
114,estimated_witness,0.5,0.9,1.0,0.19723915609653195
114,estimated_witness,4.0,0.1,3.0,0.19728791440970814
114,estimated_witness,0.25,0.0,3.0,0.19815488658941097
114,estimated_witness,2.0,0.1,3.0,0.19837459824628856
114,estimated_witness,1.0,0.1,3.0,0.19916071563250348
114,estimated_witness,4.0,0.25,3.0,0.19929389986314858
114,estimated_witness,0.5,0.1,3.0,0.19969422974634285
114,estimated_witness,2.0,0.25,3.0,0.20034498673085013
114,estimated_witness,0.25,0.1,3.0,0.20046139465234428
114,estimated_witness,2.0,0.1,0.1,0.2007609741476524
114,estimated_witness,0.5,0.1,0.03,0.2014356038820825
114,estimated_witness,1.0,0.25,3.0,0.20155232342585946
114,estimated_witness,0.5,0.25,3.0,0.2028924240192702
114,estimated_witness,4.0,0.25,0.03,0.20487361641624177
114,estimated_witness,0.25,0.25,3.0,0.20496373021131195
114,estimated_witness,0.25,0.1,0.03,0.20534997647324424
114,estimated_witness,4.0,0.5,3.0,0.20558060714407933
114,estimated_witness,1.0,0.1,0.03,0.2057266621047045
114,estimated_witness,2.0,0.5,3.0,0.20586134735329473
114,estimated_witness,0.25,1.0,0.03,0.2071437428919859
114,estimated_witness,1.0,0.5,3.0,0.20768871376331663
114,estimated_witness,0.25,1.0,0.1,0.20884400977289663
114,estimated_witness,0.5,1.0,1.0,0.2095835025034709
114,estimated_witness,4.0,0.1,0.1,0.21044881627477416
114,estimated_witness,0.5,0.5,3.0,0.2108895660628566
114,estimated_witness,0.25,0.9,1.0,0.21450007220935643
114,estimated_witness,2.0,0.75,3.0,0.21463161829891964
114,estimated_witness,0.25,1.0,0.3,0.21475781425732085
114,estimated_witness,0.25,0.5,3.0,0.215651087729944
114,estimated_witness,4.0,0.75,3.0,0.21581293757077202
114,estimated_witness,1.0,0.75,3.0,0.21716704946494747
114,estimated_witness,2.0,0.1,0.03,0.21797075557553022
114,estimated_witness,2.0,0.9,3.0,0.22203131040640126
114,estimated_witness,0.5,0.75,3.0,0.2230170596664268
114,estimated_witness,4.0,0.9,3.0,0.22468124096575995
114,estimated_witness,1.0,0.9,3.0,0.2249507628277314
114,estimated_witness,2.0,1.0,3.0,0.22817095777960672
114,estimated_witness,1.0,1.0,3.0,0.23126121180271184
114,estimated_witness,0.25,1.0,1.0,0.23127241127435524
114,estimated_witness,0.25,0.75,3.0,0.23135368791772604
114,estimated_witness,4.0,1.0,3.0,0.23222746564405336
114,estimated_witness,0.5,0.9,3.0,0.2328433545023585
114,estimated_witness,4.0,0.1,0.03,0.23425139610186166
114,estimated_witness,0.25,0.0,0.1,0.23893994073060978
114,estimated_witness,4.0,0.1,10.0,0.2389759643331327
114,estimated_witness,4.0,0.25,10.0,0.24008131039479688
114,estimated_witness,0.25,0.0,10.0,0.2405703850757167
114,estimated_witness,2.0,0.1,10.0,0.24072562982585488
114,estimated_witness,0.5,1.0,3.0,0.24073413101566385
114,estimated_witness,1.0,0.1,10.0,0.24202834008642501
114,estimated_witness,2.0,0.25,10.0,0.24260749146327365
114,estimated_witness,0.5,0.1,10.0,0.24269490248354808
114,estimated_witness,0.25,0.1,10.0,0.24318049050412238
114,estimated_witness,0.25,0.9,3.0,0.2439597819354773
114,estimated_witness,4.0,0.5,10.0,0.24468573386165238
114,estimated_witness,1.0,0.25,10.0,0.24479235759647058
114,estimated_witness,0.5,0.25,10.0,0.24616217433457163
114,estimated_witness,2.0,0.5,10.0,0.24731319672967897
114,estimated_witness,0.25,0.25,10.0,0.24737610003676602
114,estimated_witness,1.0,0.5,10.0,0.25021857279571336
114,estimated_witness,4.0,0.75,10.0,0.2509847999839329
114,estimated_witness,0.5,0.5,10.0,0.25262370430048003
114,estimated_witness,2.0,0.75,10.0,0.2531851267085238
114,estimated_witness,0.25,1.0,3.0,0.2540770537374131
114,estimated_witness,0.25,0.5,10.0,0.2551768289607515
114,estimated_witness,4.0,0.9,10.0,0.25545048988063845
114,estimated_witness,1.0,0.75,10.0,0.2565226029305792
114,estimated_witness,2.0,0.9,10.0,0.2572273085543311
114,estimated_witness,4.0,1.0,10.0,0.2587257543447831
114,estimated_witness,0.5,0.75,10.0,0.2600203514424618
114,estimated_witness,2.0,1.0,10.0,0.2601522426588046
114,estimated_witness,1.0,0.9,10.0,0.2607577370767685
114,estimated_witness,1.0,1.0,10.0,0.26378901818343736
114,estimated_witness,0.25,0.75,10.0,0.2641284719310799
114,estimated_witness,0.5,0.9,10.0,0.2649714630409537
114,estimated_witness,0.5,1.0,10.0,0.268510664831474
114,estimated_witness,0.25,0.9,10.0,0.27013596046164784
114,estimated_witness,0.25,1.0,10.0,0.2744384301145778
114,estimated_witness,0.25,0.0,0.03,0.28917456572750455
114,geometry_only,0.25,0.0,1.0,0.17795567454766262
114,geometry_only,0.25,0.0,0.3,0.19709609688975963
114,geometry_only,0.25,0.0,3.0,0.19815488658941097
114,geometry_only,0.25,0.0,0.1,0.23893994073060978
114,geometry_only,0.25,0.0,10.0,0.2405703850757167
114,geometry_only,0.25,0.0,0.03,0.28917456572750455
115,estimated_witness,1.0,0.75,0.1,0.1606581948541732
115,estimated_witness,2.0,0.75,0.3,0.16396722250789375
115,estimated_witness,2.0,0.75,0.1,0.16406036962850282
115,estimated_witness,1.0,0.75,0.3,0.1640828060573305
115,estimated_witness,0.5,0.5,0.1,0.16450722208449414
115,estimated_witness,1.0,0.5,0.3,0.16510509740043236
115,estimated_witness,2.0,0.9,0.1,0.16523500784694053
115,estimated_witness,1.0,0.5,0.1,0.16537637187302479
115,estimated_witness,4.0,0.9,0.1,0.16542301717536498
115,estimated_witness,1.0,0.9,0.1,0.16566438319674517
115,estimated_witness,0.5,0.75,0.1,0.16606980340755287
115,estimated_witness,1.0,0.75,0.03,0.16671772926606618
115,estimated_witness,0.5,0.75,0.03,0.16690529748271352
115,estimated_witness,0.5,0.5,0.03,0.16718812873576636
115,estimated_witness,4.0,0.75,0.3,0.16738320834144685
115,estimated_witness,0.5,0.5,0.3,0.167507118740046
115,estimated_witness,2.0,0.5,0.3,0.16828586877461404
115,estimated_witness,4.0,0.75,0.1,0.16854648560563731
115,estimated_witness,2.0,0.9,0.3,0.1687167858947536
115,estimated_witness,0.25,0.5,0.03,0.16949161517230285
115,estimated_witness,1.0,0.9,0.03,0.1697428670617229
115,estimated_witness,0.25,0.5,0.1,0.16977460091934757
115,estimated_witness,4.0,0.9,0.3,0.17037712546667047
115,estimated_witness,1.0,0.9,0.3,0.17128575472660623
115,estimated_witness,0.5,0.75,0.3,0.17215171892149375
115,estimated_witness,2.0,0.5,0.1,0.17287273529875055
115,estimated_witness,0.25,0.5,0.3,0.17381304741318523
115,estimated_witness,4.0,0.5,0.3,0.17400678786241405
115,estimated_witness,1.0,0.5,0.03,0.17401336370004153
115,estimated_witness,0.5,0.25,0.3,0.1753676640607349
115,estimated_witness,2.0,0.9,0.03,0.17575777615486332
115,estimated_witness,0.25,0.75,0.03,0.17588061366015376
115,estimated_witness,1.0,0.25,0.3,0.17624552260579862
115,estimated_witness,0.5,0.25,0.1,0.17643672102536434
115,estimated_witness,0.5,0.9,0.03,0.1769685581239384
115,estimated_witness,0.5,0.9,0.1,0.17727440811523718
115,estimated_witness,0.25,0.75,0.1,0.17761949851604505
115,estimated_witness,0.25,0.25,0.3,0.17805124796236768
115,estimated_witness,0.25,0.25,0.1,0.17832082104945415
115,estimated_witness,2.0,0.75,0.03,0.17834101359209611
115,estimated_witness,1.0,0.5,1.0,0.17971406577225194
115,estimated_witness,0.25,0.25,0.03,0.1800697802365613
115,estimated_witness,1.0,0.25,0.1,0.18036809735336323
115,estimated_witness,2.0,0.25,0.3,0.18068184574966517
115,estimated_witness,2.0,0.5,1.0,0.1809421651459422
115,estimated_witness,4.0,0.9,0.03,0.1809754098578046
115,estimated_witness,0.5,0.25,0.03,0.18100332527706
115,estimated_witness,4.0,0.5,0.1,0.18107778128401483
115,estimated_witness,1.0,1.0,0.1,0.18159029784518177
115,estimated_witness,2.0,1.0,0.3,0.1818764993266351
115,estimated_witness,1.0,0.25,1.0,0.18247770750483663
115,estimated_witness,2.0,1.0,0.1,0.18250362634244674
115,estimated_witness,4.0,1.0,0.1,0.18268951857379345
115,estimated_witness,0.5,0.5,1.0,0.1830313514612513
115,estimated_witness,0.5,0.25,1.0,0.18306169196465358
115,estimated_witness,2.0,0.75,1.0,0.1837844792893224
115,estimated_witness,2.0,0.25,1.0,0.18426006890500993
115,estimated_witness,0.25,0.75,0.3,0.18432152942841604
115,estimated_witness,1.0,0.75,1.0,0.18439258024053082
115,estimated_witness,4.0,1.0,0.3,0.18455228326328943
115,estimated_witness,1.0,1.0,0.3,0.18462897466464234
115,estimated_witness,0.5,0.9,0.3,0.18478816324963424
115,estimated_witness,4.0,0.5,1.0,0.1849568986263784
115,estimated_witness,0.25,0.25,1.0,0.18532091987088373
115,estimated_witness,4.0,0.25,0.3,0.1865187774665575
115,estimated_witness,0.5,0.1,1.0,0.18712030592295817
115,estimated_witness,4.0,0.25,1.0,0.1872268915801166
115,estimated_witness,1.0,0.1,1.0,0.1872806607160474
115,estimated_witness,0.25,0.1,1.0,0.18787417128075798
115,estimated_witness,4.0,0.75,1.0,0.18810394586225032
115,estimated_witness,2.0,0.1,1.0,0.1884419635497544
115,estimated_witness,0.25,0.5,1.0,0.1884846842784288
115,estimated_witness,2.0,0.25,0.1,0.18871662034674938
115,estimated_witness,0.5,0.1,0.3,0.188879416049329
115,estimated_witness,1.0,1.0,0.03,0.18966461856283431
115,estimated_witness,0.25,0.1,0.3,0.18970962433430452
115,estimated_witness,4.0,0.1,1.0,0.19002649740448632
115,estimated_witness,4.0,0.75,0.03,0.1900750539784478
115,estimated_witness,2.0,0.5,0.03,0.19039345023909737
115,estimated_witness,1.0,0.1,0.3,0.19041589645999277
115,estimated_witness,1.0,0.25,0.03,0.19043978840346462
115,estimated_witness,2.0,0.9,1.0,0.19092818663774466
115,estimated_witness,0.25,0.0,1.0,0.19212944678566946
115,estimated_witness,0.5,0.75,1.0,0.19236535369399319
115,estimated_witness,1.0,0.9,1.0,0.193042851995896
115,estimated_witness,2.0,0.1,0.3,0.19368146112066298
115,estimated_witness,0.25,0.9,0.03,0.19439985544473223
115,estimated_witness,4.0,0.9,1.0,0.19572344747600603
115,estimated_witness,0.25,0.9,0.1,0.1965885710017299
115,estimated_witness,0.5,1.0,0.1,0.19721616488532648
115,estimated_witness,0.5,0.1,0.1,0.19724250643206423
115,estimated_witness,4.0,0.1,0.3,0.1974541267559042
115,estimated_witness,0.25,0.1,0.1,0.1976594013911008
115,estimated_witness,4.0,0.25,0.1,0.19796597541290728
115,estimated_witness,0.5,1.0,0.03,0.19841271262633076
115,estimated_witness,2.0,1.0,1.0,0.20026390861559484
115,estimated_witness,2.0,1.0,0.03,0.20093568613161014
115,estimated_witness,1.0,0.1,0.1,0.20135564174485243
115,estimated_witness,0.25,0.75,1.0,0.20265699167445475
115,estimated_witness,0.25,0.1,0.03,0.2028637331235157
115,estimated_witness,0.5,1.0,0.3,0.20299747627596057
115,estimated_witness,1.0,1.0,1.0,0.20330439842196027
115,estimated_witness,1.0,0.1,3.0,0.2035942841485344
115,estimated_witness,0.25,0.9,0.3,0.20367148582933306
115,estimated_witness,0.5,0.1,3.0,0.20381768183265656
115,estimated_witness,2.0,0.1,3.0,0.20397234135245937
115,estimated_witness,0.25,0.0,3.0,0.20399894746781377
115,estimated_witness,0.5,0.1,0.03,0.2040533273519183
115,estimated_witness,1.0,0.25,3.0,0.20429983575903
115,estimated_witness,0.25,0.1,3.0,0.20439564406608027
115,estimated_witness,4.0,1.0,0.03,0.2044478524623586
115,estimated_witness,4.0,0.5,0.03,0.2046944922141213
115,estimated_witness,4.0,0.1,3.0,0.20471007265013064
115,estimated_witness,2.0,0.25,3.0,0.20491158552203884
115,estimated_witness,0.5,0.25,3.0,0.20514221007311675
115,estimated_witness,2.0,0.25,0.03,0.20517652688564514
115,estimated_witness,0.5,0.9,1.0,0.2053850049531135
115,estimated_witness,4.0,1.0,1.0,0.20628799799925615
115,estimated_witness,4.0,0.25,3.0,0.20649971832313962
115,estimated_witness,0.25,0.25,3.0,0.2066539189433052
115,estimated_witness,0.25,0.0,0.3,0.20757178611654314
115,estimated_witness,1.0,0.5,3.0,0.20806164921617
115,estimated_witness,2.0,0.1,0.1,0.20820099233716685
115,estimated_witness,2.0,0.5,3.0,0.20838335951377393
115,estimated_witness,0.5,0.5,3.0,0.21079005297267916
115,estimated_witness,4.0,0.5,3.0,0.21105777660604716
115,estimated_witness,1.0,0.1,0.03,0.21173822358492936
115,estimated_witness,0.25,0.5,3.0,0.21441177755962962
115,estimated_witness,2.0,0.75,3.0,0.21530660492155965
115,estimated_witness,1.0,0.75,3.0,0.21589165416882938
115,estimated_witness,4.0,0.1,0.1,0.21602240140989296
115,estimated_witness,4.0,0.25,0.03,0.21695578540082108
115,estimated_witness,4.0,0.75,3.0,0.21905299192313074
115,estimated_witness,0.5,1.0,1.0,0.21973625789677467
115,estimated_witness,0.25,0.9,1.0,0.22052278515610682
115,estimated_witness,0.5,0.75,3.0,0.2216502888495058
115,estimated_witness,2.0,0.9,3.0,0.22200681413997803
115,estimated_witness,2.0,0.1,0.03,0.22210207876218635
115,estimated_witness,1.0,0.9,3.0,0.22339903458660362
115,estimated_witness,0.25,1.0,0.03,0.2248339885710763
115,estimated_witness,0.25,1.0,0.1,0.22560855596989804
115,estimated_witness,4.0,0.9,3.0,0.22661120386209763
115,estimated_witness,2.0,1.0,3.0,0.22803017128612926
115,estimated_witness,0.25,0.75,3.0,0.22835194727431218
115,estimated_witness,0.25,1.0,0.3,0.22974811563442607
115,estimated_witness,1.0,1.0,3.0,0.23005740343806091
115,estimated_witness,0.5,0.9,3.0,0.23173828171974162
115,estimated_witness,4.0,0.1,0.03,0.2328269928796438
115,estimated_witness,4.0,1.0,3.0,0.23343743366919387
115,estimated_witness,0.25,0.0,10.0,0.23378762056170033
115,estimated_witness,4.0,0.1,10.0,0.23410556837102736
115,estimated_witness,2.0,0.1,10.0,0.23420793569403373
115,estimated_witness,1.0,0.1,10.0,0.2344840368854926
115,estimated_witness,0.5,0.1,10.0,0.23491844271457243
115,estimated_witness,0.25,0.1,10.0,0.23535553914778898
115,estimated_witness,2.0,0.25,10.0,0.23602457294919876
115,estimated_witness,4.0,0.25,10.0,0.23622001079497582
115,estimated_witness,1.0,0.25,10.0,0.23639648913378652
115,estimated_witness,0.5,0.25,10.0,0.2373156326707422
115,estimated_witness,0.25,0.25,10.0,0.2382938725008791
115,estimated_witness,0.25,1.0,1.0,0.2398812599038895
115,estimated_witness,2.0,0.5,10.0,0.240217091948952
115,estimated_witness,0.5,1.0,3.0,0.24057104985083846
115,estimated_witness,1.0,0.5,10.0,0.24079833571049147
115,estimated_witness,4.0,0.5,10.0,0.2409752206817377
115,estimated_witness,0.25,0.9,3.0,0.24106285556109217
115,estimated_witness,0.25,0.0,0.1,0.24230865536336874
115,estimated_witness,0.5,0.5,10.0,0.2426652819798986
115,estimated_witness,0.25,0.5,10.0,0.2446108798051617
115,estimated_witness,2.0,0.75,10.0,0.24550437873452602
115,estimated_witness,1.0,0.75,10.0,0.24646315139016325
115,estimated_witness,4.0,0.75,10.0,0.2468363678539495
115,estimated_witness,2.0,0.9,10.0,0.2492575010545652
115,estimated_witness,0.5,0.75,10.0,0.2495910185457332
115,estimated_witness,1.0,0.9,10.0,0.2505199964753088
115,estimated_witness,4.0,0.9,10.0,0.2509625612027356
115,estimated_witness,2.0,1.0,10.0,0.2520383756954922
115,estimated_witness,0.25,1.0,3.0,0.25216313977233334
115,estimated_witness,0.25,0.75,10.0,0.2527521851634645
115,estimated_witness,1.0,1.0,10.0,0.2535344624823822
115,estimated_witness,4.0,1.0,10.0,0.25401357216294923
115,estimated_witness,0.5,0.9,10.0,0.2545760054657849
115,estimated_witness,0.5,1.0,10.0,0.25828914559312327
115,estimated_witness,0.25,0.9,10.0,0.2586235105252683
115,estimated_witness,0.25,1.0,10.0,0.26300547668549573
115,estimated_witness,0.25,0.0,0.03,0.28807085275948124
115,geometry_only,0.25,0.0,1.0,0.19212944678566946
115,geometry_only,0.25,0.0,3.0,0.20399894746781377
115,geometry_only,0.25,0.0,0.3,0.20757178611654314
115,geometry_only,0.25,0.0,10.0,0.23378762056170033
115,geometry_only,0.25,0.0,0.1,0.24230865536336874
115,geometry_only,0.25,0.0,0.03,0.28807085275948124
116,estimated_witness,4.0,0.75,0.1,0.15515373599430124
116,estimated_witness,4.0,0.75,0.03,0.16067531688054582
116,estimated_witness,4.0,0.9,0.03,0.16333654281158833
116,estimated_witness,2.0,0.75,0.1,0.16351821470836686
116,estimated_witness,4.0,0.75,0.3,0.16487285206062588
116,estimated_witness,4.0,0.9,0.1,0.16552818956943857
116,estimated_witness,2.0,0.5,0.3,0.16614078817304836
116,estimated_witness,4.0,0.5,0.3,0.1662358457666874
116,estimated_witness,2.0,0.75,0.03,0.16693098174304
116,estimated_witness,2.0,0.5,0.1,0.16695593399388073
116,estimated_witness,1.0,0.5,0.3,0.1681007161412524
116,estimated_witness,1.0,0.5,0.1,0.16873982556999934
116,estimated_witness,0.5,0.5,0.3,0.16937745540870808
116,estimated_witness,0.5,0.5,0.1,0.1696614818893033
116,estimated_witness,4.0,0.5,0.1,0.16980091353023227
116,estimated_witness,0.25,0.5,0.1,0.17036114432870544
116,estimated_witness,0.25,0.5,0.3,0.17092339012138202
116,estimated_witness,2.0,0.75,0.3,0.17193861191942408
116,estimated_witness,0.25,0.5,0.03,0.17282033750541936
116,estimated_witness,1.0,0.75,0.1,0.17332292075242006
116,estimated_witness,0.5,0.5,0.03,0.17400749122102835
116,estimated_witness,1.0,0.5,0.03,0.17492942699274405
116,estimated_witness,2.0,0.5,0.03,0.17532111476839765
116,estimated_witness,1.0,0.75,0.03,0.1756949576014151
116,estimated_witness,0.5,0.25,0.3,0.17698932821145744
116,estimated_witness,0.5,0.75,0.1,0.1771883859766233
116,estimated_witness,1.0,0.25,0.3,0.17766834617634755
116,estimated_witness,0.25,0.25,0.3,0.17772972900180015
116,estimated_witness,0.5,0.75,0.03,0.17781086015098904
116,estimated_witness,0.5,0.25,1.0,0.17865069864328206
116,estimated_witness,1.0,0.25,1.0,0.17891072922588205
116,estimated_witness,0.25,0.25,1.0,0.17896096390429514
116,estimated_witness,0.25,0.75,0.03,0.1790134375377331
116,estimated_witness,2.0,0.25,1.0,0.17942392268015905
116,estimated_witness,1.0,0.75,0.3,0.17960681166703937
116,estimated_witness,2.0,0.25,0.3,0.17981090528811058
116,estimated_witness,0.25,0.75,0.1,0.18008654390024925
116,estimated_witness,4.0,0.25,1.0,0.18008726200711087
116,estimated_witness,0.25,0.1,1.0,0.18077991899496423
116,estimated_witness,0.5,0.1,1.0,0.18079361810644445
116,estimated_witness,1.0,0.1,1.0,0.18115035417165812
116,estimated_witness,2.0,0.1,1.0,0.18186063933658148
116,estimated_witness,4.0,0.5,1.0,0.18196995930618
116,estimated_witness,2.0,0.9,0.03,0.18233988796579462
116,estimated_witness,2.0,0.9,0.1,0.18250954253282523
116,estimated_witness,4.0,0.1,1.0,0.18257967508369774
116,estimated_witness,2.0,0.5,1.0,0.18289746832403606
116,estimated_witness,4.0,0.5,0.03,0.18321250540847425
116,estimated_witness,0.5,0.75,0.3,0.18339980175338846
116,estimated_witness,4.0,0.25,0.3,0.18375205214360638
116,estimated_witness,1.0,0.5,1.0,0.18411747992227923
116,estimated_witness,4.0,0.9,0.3,0.18452221443229166
116,estimated_witness,0.5,0.5,1.0,0.1848322926160527
116,estimated_witness,0.25,0.0,1.0,0.1849234098018638
116,estimated_witness,0.25,0.5,1.0,0.18621572105657727
116,estimated_witness,0.5,0.25,0.1,0.18672490787244445
116,estimated_witness,0.25,0.75,0.3,0.18708505800864886
116,estimated_witness,0.25,0.25,0.1,0.18719099162667696
116,estimated_witness,1.0,0.25,0.1,0.18832382327628458
116,estimated_witness,2.0,0.25,0.1,0.19315819495448192
116,estimated_witness,0.5,0.1,0.3,0.19323455530289854
116,estimated_witness,0.25,0.1,0.3,0.19351239857027602
116,estimated_witness,1.0,0.1,0.3,0.19448360409055457
116,estimated_witness,0.25,0.25,0.03,0.19583594752403907
116,estimated_witness,2.0,0.9,0.3,0.19589055547372944
116,estimated_witness,2.0,0.1,0.3,0.1971379016161869
116,estimated_witness,0.5,0.25,0.03,0.19715277934581033
116,estimated_witness,1.0,0.9,0.1,0.19724438291262314
116,estimated_witness,1.0,0.9,0.03,0.19750272400686206
116,estimated_witness,4.0,0.75,1.0,0.19806543183808192
116,estimated_witness,4.0,0.1,0.3,0.20047060091950464
116,estimated_witness,0.25,0.0,3.0,0.20048057811649223
116,estimated_witness,1.0,0.25,0.03,0.2007268026641785
116,estimated_witness,2.0,0.75,1.0,0.20135307899672614
116,estimated_witness,0.5,0.9,0.03,0.2022259174816328
116,estimated_witness,4.0,0.1,3.0,0.20273013480473787
116,estimated_witness,4.0,0.25,0.1,0.20275314529605395
116,estimated_witness,0.25,0.1,3.0,0.20278207720043415
116,estimated_witness,0.5,0.1,3.0,0.20281777837264262
116,estimated_witness,1.0,0.1,3.0,0.20294487187209834
116,estimated_witness,2.0,0.1,3.0,0.2030037488526404
116,estimated_witness,0.5,0.9,0.1,0.20332110491961553
116,estimated_witness,1.0,0.75,1.0,0.20513379679710889
116,estimated_witness,1.0,0.9,0.3,0.2064734921370929
116,estimated_witness,0.5,0.75,1.0,0.2075607922501144
116,estimated_witness,0.25,0.9,0.03,0.20775501687170694
116,estimated_witness,4.0,0.25,3.0,0.20786682578072724
116,estimated_witness,0.5,0.25,3.0,0.20836885359941074
116,estimated_witness,2.0,0.25,3.0,0.20838498585034507
116,estimated_witness,1.0,0.25,3.0,0.20846989734450896
116,estimated_witness,0.25,0.25,3.0,0.20849116409217353
116,estimated_witness,2.0,0.25,0.03,0.20911851795130956
116,estimated_witness,0.25,0.9,0.1,0.2100033981877816
116,estimated_witness,0.25,0.75,1.0,0.21122902669138566
116,estimated_witness,0.5,0.9,0.3,0.2118796112663944
116,estimated_witness,0.25,0.0,0.3,0.21449203159369581
116,estimated_witness,0.5,0.1,0.1,0.2160613438497594
116,estimated_witness,0.25,0.1,0.1,0.21648586646974088
116,estimated_witness,0.25,0.9,0.3,0.21877185122927265
116,estimated_witness,1.0,0.1,0.1,0.2192566144172339
116,estimated_witness,4.0,0.5,3.0,0.22106561948037085
116,estimated_witness,2.0,0.5,3.0,0.22206009988184036
116,estimated_witness,1.0,0.5,3.0,0.22278326933533668
116,estimated_witness,0.5,0.5,3.0,0.22321879961742627
116,estimated_witness,4.0,0.9,1.0,0.2236672613540819
116,estimated_witness,0.25,0.5,3.0,0.22425659335273787
116,estimated_witness,2.0,0.1,0.1,0.22600764322427222
116,estimated_witness,4.0,0.25,0.03,0.22637752014153892
116,estimated_witness,2.0,0.9,1.0,0.22719349470650382
116,estimated_witness,4.0,1.0,0.1,0.22845440656000546
116,estimated_witness,1.0,0.9,1.0,0.23206906279363368
116,estimated_witness,4.0,1.0,0.3,0.23281712577277935
116,estimated_witness,4.0,0.1,0.1,0.23466577547671785
116,estimated_witness,0.25,0.1,0.03,0.23507981424020016
116,estimated_witness,0.5,0.9,1.0,0.23586189828172452
116,estimated_witness,0.5,0.1,0.03,0.23589692650601637
116,estimated_witness,2.0,1.0,0.1,0.2402430104134791
116,estimated_witness,2.0,1.0,0.3,0.24028388551965899
116,estimated_witness,1.0,0.1,0.03,0.2419344748463519
116,estimated_witness,0.25,0.9,1.0,0.24242296291280752
116,estimated_witness,4.0,0.75,3.0,0.24350674209000178
116,estimated_witness,2.0,0.75,3.0,0.24465580838635215
116,estimated_witness,1.0,0.75,3.0,0.2461886847903626
116,estimated_witness,1.0,1.0,0.1,0.2462901650186522
116,estimated_witness,1.0,1.0,0.3,0.2475849612971506
116,estimated_witness,0.5,1.0,0.1,0.24770028916238798
116,estimated_witness,0.5,0.75,3.0,0.24770940428990654
116,estimated_witness,4.0,1.0,0.03,0.24892404439674112
116,estimated_witness,0.5,1.0,0.03,0.24933533162340324
116,estimated_witness,0.25,0.75,3.0,0.2506871473836016
116,estimated_witness,0.25,0.0,10.0,0.2513076349816064
116,estimated_witness,0.5,1.0,0.3,0.25189776094518296
116,estimated_witness,4.0,0.1,10.0,0.2532237434351606
116,estimated_witness,2.0,0.1,10.0,0.25430276272979085
116,estimated_witness,1.0,1.0,0.03,0.25439569978522336
116,estimated_witness,2.0,0.1,0.03,0.2545185846822829
116,estimated_witness,1.0,0.1,10.0,0.25491882865083876
116,estimated_witness,0.5,0.1,10.0,0.2551112007142637
116,estimated_witness,0.25,0.1,10.0,0.25516083477297935
116,estimated_witness,4.0,1.0,1.0,0.25690665715471356
116,estimated_witness,0.25,1.0,0.03,0.25745825798285144
116,estimated_witness,0.25,1.0,0.1,0.2576008300975196
116,estimated_witness,2.0,1.0,1.0,0.25768114132284436
116,estimated_witness,4.0,0.25,10.0,0.25843339504649354
116,estimated_witness,2.0,1.0,0.03,0.25867022584221916
116,estimated_witness,2.0,0.25,10.0,0.260147038162078
116,estimated_witness,1.0,0.25,10.0,0.2612164691067034
116,estimated_witness,0.5,0.25,10.0,0.2616050447475126
116,estimated_witness,0.25,0.25,10.0,0.261775377933752
116,estimated_witness,1.0,1.0,1.0,0.2618574331313939
116,estimated_witness,0.25,1.0,0.3,0.2625156508848342
116,estimated_witness,4.0,0.9,3.0,0.26455090646689733
116,estimated_witness,2.0,0.9,3.0,0.2651158726347023
116,estimated_witness,0.5,1.0,1.0,0.26650140175791925
116,estimated_witness,1.0,0.9,3.0,0.2669720801624486
116,estimated_witness,0.25,0.0,0.1,0.2679892149414755
116,estimated_witness,0.5,0.9,3.0,0.2694599366573221
116,estimated_witness,4.0,0.5,10.0,0.26985761752404713
116,estimated_witness,4.0,0.1,0.03,0.2714769772969894
116,estimated_witness,2.0,0.5,10.0,0.2720315413578364
116,estimated_witness,1.0,0.5,10.0,0.2736138246237981
116,estimated_witness,0.5,0.5,10.0,0.274422068184132
116,estimated_witness,0.25,0.9,3.0,0.27444783375541193
116,estimated_witness,0.25,0.5,10.0,0.2750704009556039
116,estimated_witness,0.25,1.0,1.0,0.2764864015831765
116,estimated_witness,2.0,1.0,3.0,0.28316552966134984
116,estimated_witness,4.0,1.0,3.0,0.2836859440240676
116,estimated_witness,4.0,0.75,10.0,0.2842771006313229
116,estimated_witness,1.0,1.0,3.0,0.28498481990188856
116,estimated_witness,2.0,0.75,10.0,0.28660890026032354
116,estimated_witness,0.5,1.0,3.0,0.2882821809708502
116,estimated_witness,1.0,0.75,10.0,0.2886349341418405
116,estimated_witness,0.5,0.75,10.0,0.290048618992723
116,estimated_witness,0.25,0.75,10.0,0.29158021147056956
116,estimated_witness,4.0,0.9,10.0,0.29460658882110763
116,estimated_witness,0.25,1.0,3.0,0.2952126270380663
116,estimated_witness,2.0,0.9,10.0,0.2968967131055977
116,estimated_witness,1.0,0.9,10.0,0.2991650025050681
116,estimated_witness,0.5,0.9,10.0,0.30104272773231083
116,estimated_witness,4.0,1.0,10.0,0.3023245479476803
116,estimated_witness,0.25,0.9,10.0,0.3033297206976963
116,estimated_witness,2.0,1.0,10.0,0.30451447267486587
116,estimated_witness,1.0,1.0,10.0,0.3069287057854406
116,estimated_witness,0.5,1.0,10.0,0.30916296912231717
116,estimated_witness,0.25,1.0,10.0,0.3120644800475023
116,estimated_witness,0.25,0.0,0.03,0.3292911264349465
116,geometry_only,0.25,0.0,1.0,0.1849234098018638
116,geometry_only,0.25,0.0,3.0,0.20048057811649223
116,geometry_only,0.25,0.0,0.3,0.21449203159369581
116,geometry_only,0.25,0.0,10.0,0.2513076349816064
116,geometry_only,0.25,0.0,0.1,0.2679892149414755
116,geometry_only,0.25,0.0,0.03,0.3292911264349465
117,estimated_witness,4.0,0.75,0.1,0.1625774786329834
117,estimated_witness,4.0,0.5,0.3,0.16520758814077
117,estimated_witness,4.0,0.75,0.3,0.16544298428621543
117,estimated_witness,4.0,0.9,0.1,0.168257719827837
117,estimated_witness,2.0,0.5,0.3,0.16948339677669008
117,estimated_witness,4.0,0.5,0.1,0.17083825879355644
117,estimated_witness,2.0,0.5,0.1,0.17299128198496025
117,estimated_witness,2.0,0.75,0.1,0.17378381419967506
117,estimated_witness,1.0,0.5,0.3,0.17578054418639608
117,estimated_witness,2.0,0.25,0.3,0.1760459042165555
117,estimated_witness,4.0,0.75,0.03,0.1763550591905884
117,estimated_witness,4.0,0.25,0.3,0.17637175208651834
117,estimated_witness,1.0,0.5,0.1,0.17644819488307015
117,estimated_witness,2.0,0.75,0.3,0.1769474324091789
117,estimated_witness,1.0,0.25,0.3,0.1771059701527478
117,estimated_witness,4.0,0.9,0.03,0.1774289441809924
117,estimated_witness,0.5,0.5,0.1,0.1776867637120465
117,estimated_witness,4.0,0.9,0.3,0.17781734907195657
117,estimated_witness,0.5,0.25,0.3,0.17799843331132448
117,estimated_witness,0.25,0.5,0.1,0.17945401913987769
117,estimated_witness,0.25,0.5,0.03,0.17954076776121564
117,estimated_witness,0.25,0.25,0.3,0.17980538591374393
117,estimated_witness,0.5,0.5,0.3,0.1800520505736075
117,estimated_witness,0.5,0.5,0.03,0.18067133962956824
117,estimated_witness,2.0,0.75,0.03,0.18245372673853244
117,estimated_witness,0.5,0.25,0.1,0.18268479896045145
117,estimated_witness,0.25,0.25,0.1,0.18275935069563834
117,estimated_witness,4.0,0.25,1.0,0.1829086001104505
117,estimated_witness,1.0,0.5,0.03,0.18386913082113732
117,estimated_witness,0.25,0.5,0.3,0.18396198488112295
117,estimated_witness,2.0,0.25,1.0,0.18454749765894649
117,estimated_witness,4.0,0.5,1.0,0.18473477902298108
117,estimated_witness,1.0,0.25,0.1,0.18476401235716144
117,estimated_witness,4.0,0.1,1.0,0.18506428144636766
117,estimated_witness,2.0,0.1,1.0,0.18584693825857393
117,estimated_witness,2.0,0.5,0.03,0.18585216247195932
117,estimated_witness,0.5,0.1,0.3,0.18641813072068203
117,estimated_witness,1.0,0.1,1.0,0.18666340069867796
117,estimated_witness,1.0,0.1,0.3,0.18672525949939367
117,estimated_witness,2.0,0.25,0.1,0.1868149563557661
117,estimated_witness,1.0,0.25,1.0,0.18689562153182704
117,estimated_witness,0.25,0.1,0.3,0.18716722973700417
117,estimated_witness,1.0,0.75,0.1,0.18719788851286298
117,estimated_witness,0.5,0.1,1.0,0.1872414912295751
117,estimated_witness,2.0,0.1,0.3,0.1874104201007144
117,estimated_witness,0.25,0.25,0.03,0.18778529638894126
117,estimated_witness,2.0,0.9,0.1,0.18780745061984958
117,estimated_witness,0.25,0.1,1.0,0.18798802292472483
117,estimated_witness,0.25,0.0,1.0,0.18846019700235775
117,estimated_witness,4.0,0.1,0.3,0.1886718751308516
117,estimated_witness,0.5,0.25,1.0,0.18879305932068144
117,estimated_witness,2.0,0.5,1.0,0.18887930785090298
117,estimated_witness,4.0,0.5,0.03,0.18938063303468158
117,estimated_witness,4.0,0.25,0.1,0.19023636194184898
117,estimated_witness,0.5,0.25,0.03,0.19056149750028795
117,estimated_witness,0.25,0.25,1.0,0.19078490532844494
117,estimated_witness,1.0,0.75,0.03,0.1914702617534253
117,estimated_witness,1.0,0.75,0.3,0.1915318061819805
117,estimated_witness,2.0,0.9,0.03,0.19389779981238375
117,estimated_witness,2.0,0.9,0.3,0.19453252125981954
117,estimated_witness,1.0,0.5,1.0,0.19498188290375906
117,estimated_witness,0.5,0.75,0.1,0.19526711438860553
117,estimated_witness,0.5,0.75,0.03,0.19565817057281118
117,estimated_witness,4.0,0.75,1.0,0.1967064053950106
117,estimated_witness,1.0,0.25,0.03,0.19748471838516682
117,estimated_witness,0.25,0.75,0.03,0.19880857428240326
117,estimated_witness,0.5,0.5,1.0,0.1998793934069044
117,estimated_witness,0.25,0.0,0.3,0.20089337701324875
117,estimated_witness,0.25,0.75,0.1,0.20106241060984156
117,estimated_witness,4.0,1.0,0.1,0.2013613587228926
117,estimated_witness,0.25,0.1,0.1,0.20160222084902193
117,estimated_witness,0.5,0.75,0.3,0.2016035066464303
117,estimated_witness,0.5,0.1,0.1,0.2017278835432467
117,estimated_witness,4.0,1.0,0.3,0.2029049905695783
117,estimated_witness,0.25,0.5,1.0,0.2042071761595264
117,estimated_witness,2.0,0.75,1.0,0.20421579703412626
117,estimated_witness,1.0,0.1,0.1,0.2043713126880331
117,estimated_witness,2.0,0.25,0.03,0.20558606086970987
117,estimated_witness,2.0,0.1,0.1,0.20821612163521372
117,estimated_witness,0.25,0.75,0.3,0.2092246459376829
117,estimated_witness,1.0,0.9,0.1,0.21077608373861648
117,estimated_witness,4.0,0.1,3.0,0.21275820779761842
117,estimated_witness,4.0,0.9,1.0,0.2132940082370971
117,estimated_witness,4.0,0.1,0.1,0.21340040624445203
117,estimated_witness,0.25,0.0,3.0,0.21370070366118776
117,estimated_witness,1.0,0.9,0.03,0.2141342801670639
117,estimated_witness,2.0,0.1,3.0,0.2146294087360869
117,estimated_witness,4.0,0.25,0.03,0.2152199870013123
117,estimated_witness,1.0,0.75,1.0,0.21554306626254746
117,estimated_witness,4.0,0.25,3.0,0.2156515757395346
117,estimated_witness,1.0,0.9,0.3,0.21604834612478696
117,estimated_witness,1.0,0.1,3.0,0.21604888340860606
117,estimated_witness,0.5,0.1,3.0,0.216782688449247
117,estimated_witness,0.25,0.1,3.0,0.21734298398998556
117,estimated_witness,0.25,0.1,0.03,0.21793099243167202
117,estimated_witness,2.0,0.25,3.0,0.21850658426179773
117,estimated_witness,0.5,0.1,0.03,0.22056983277854644
117,estimated_witness,1.0,0.25,3.0,0.22123866486583532
117,estimated_witness,2.0,1.0,0.3,0.22140970783410693
117,estimated_witness,2.0,0.9,1.0,0.22248752762067245
117,estimated_witness,0.5,0.25,3.0,0.22303825442118672
117,estimated_witness,2.0,1.0,0.1,0.22396048786825615
117,estimated_witness,0.25,0.25,3.0,0.22451182329210104
117,estimated_witness,4.0,0.5,3.0,0.2247646340784093
117,estimated_witness,0.5,0.75,1.0,0.22480251461497966
117,estimated_witness,0.5,0.9,0.03,0.22512420793171403
117,estimated_witness,0.5,0.9,0.1,0.2252242634812186
117,estimated_witness,1.0,0.1,0.03,0.22850236881089603
117,estimated_witness,2.0,0.5,3.0,0.22882384107567577
117,estimated_witness,0.5,0.9,0.3,0.23132879452320543
117,estimated_witness,4.0,1.0,1.0,0.2321810431959431
117,estimated_witness,4.0,1.0,0.03,0.23251980470731715
117,estimated_witness,0.25,0.75,1.0,0.23256621876197617
117,estimated_witness,0.25,0.9,0.03,0.23319686089115485
117,estimated_witness,1.0,0.5,3.0,0.23380363397419276
117,estimated_witness,0.25,0.9,0.1,0.2356155690339284
117,estimated_witness,1.0,0.9,1.0,0.2376389966361685
117,estimated_witness,0.5,0.5,3.0,0.23777295136034673
117,estimated_witness,2.0,0.1,0.03,0.23950185181271344
117,estimated_witness,4.0,0.75,3.0,0.23983606657365883
117,estimated_witness,0.25,0.5,3.0,0.24117233190240017
117,estimated_witness,2.0,1.0,1.0,0.2414821461956103
117,estimated_witness,0.25,0.9,0.3,0.24302948940480673
117,estimated_witness,2.0,0.75,3.0,0.24492487675407607
117,estimated_witness,0.25,0.0,0.1,0.24679836863486115
117,estimated_witness,1.0,1.0,0.3,0.2470661472762731
117,estimated_witness,2.0,1.0,0.03,0.24708929312635178
117,estimated_witness,1.0,1.0,0.1,0.24948679456245226
117,estimated_witness,0.5,0.9,1.0,0.250575246066533
117,estimated_witness,1.0,0.75,3.0,0.2525311442905654
117,estimated_witness,4.0,0.9,3.0,0.2530368618972641
117,estimated_witness,4.0,0.1,0.03,0.25334741624531903
117,estimated_witness,2.0,0.9,3.0,0.25845472568302175
117,estimated_witness,1.0,1.0,1.0,0.259242533158527
117,estimated_witness,0.5,0.75,3.0,0.25933300475539217
117,estimated_witness,4.0,0.1,10.0,0.26073443854939776
117,estimated_witness,1.0,1.0,0.03,0.26093813854647246
117,estimated_witness,0.25,0.9,1.0,0.26174120129485884
117,estimated_witness,4.0,0.25,10.0,0.26217211810408847
117,estimated_witness,0.25,0.0,10.0,0.26267469296206736
117,estimated_witness,2.0,0.1,10.0,0.2631642935039236
117,estimated_witness,4.0,1.0,3.0,0.2643282576157045
117,estimated_witness,0.5,1.0,0.1,0.26479935971694435
117,estimated_witness,1.0,0.1,10.0,0.26488554495624156
117,estimated_witness,0.25,0.75,3.0,0.2654162862774117
117,estimated_witness,0.5,1.0,0.3,0.2656514555151623
117,estimated_witness,0.5,0.1,10.0,0.2656916613337496
117,estimated_witness,2.0,0.25,10.0,0.26607759437480705
117,estimated_witness,0.25,0.1,10.0,0.26612218705016844
117,estimated_witness,0.5,1.0,0.03,0.2677871935827186
117,estimated_witness,1.0,0.9,3.0,0.2678078109118891
117,estimated_witness,4.0,0.5,10.0,0.2682485403396025
117,estimated_witness,1.0,0.25,10.0,0.26917556028676376
117,estimated_witness,2.0,1.0,3.0,0.2696792328342608
117,estimated_witness,0.5,0.25,10.0,0.2708513507018935
117,estimated_witness,0.25,0.25,10.0,0.2718689318122773
117,estimated_witness,2.0,0.5,10.0,0.2732616621484847
117,estimated_witness,0.5,1.0,1.0,0.27521286599373557
117,estimated_witness,4.0,0.75,10.0,0.2767181903791551
117,estimated_witness,0.5,0.9,3.0,0.27675877333313786
117,estimated_witness,1.0,0.5,10.0,0.2778582577077299
117,estimated_witness,0.25,1.0,0.03,0.27856550459666
117,estimated_witness,0.25,1.0,0.1,0.2788559645893583
117,estimated_witness,1.0,1.0,3.0,0.28023288392335904
117,estimated_witness,0.5,0.5,10.0,0.2808388222613567
117,estimated_witness,0.25,1.0,0.3,0.28147410462644534
117,estimated_witness,2.0,0.75,10.0,0.28233685448933193
117,estimated_witness,4.0,0.9,10.0,0.28279523292327746
117,estimated_witness,0.25,0.5,10.0,0.2829279074395284
117,estimated_witness,0.25,0.9,3.0,0.2850794235673934
117,estimated_witness,4.0,1.0,10.0,0.2872828091272675
117,estimated_witness,1.0,0.75,10.0,0.2881946845208099
117,estimated_witness,2.0,0.9,10.0,0.2886508039187603
117,estimated_witness,0.25,1.0,1.0,0.28979816317050755
117,estimated_witness,0.5,1.0,3.0,0.2908668923375309
117,estimated_witness,0.5,0.75,10.0,0.2925619056032915
117,estimated_witness,2.0,1.0,10.0,0.29324879805704646
117,estimated_witness,1.0,0.9,10.0,0.29523966628864967
117,estimated_witness,0.25,0.75,10.0,0.2959536549795432
117,estimated_witness,1.0,1.0,10.0,0.30032275835406336
117,estimated_witness,0.5,0.9,10.0,0.3005178825485291
117,estimated_witness,0.25,1.0,3.0,0.3010939641157908
117,estimated_witness,0.25,0.9,10.0,0.30483243398273646
117,estimated_witness,0.5,1.0,10.0,0.30624925161993816
117,estimated_witness,0.25,1.0,10.0,0.3112486868059035
117,estimated_witness,0.25,0.0,0.03,0.34843933521991405
117,geometry_only,0.25,0.0,1.0,0.18846019700235775
117,geometry_only,0.25,0.0,0.3,0.20089337701324875
117,geometry_only,0.25,0.0,3.0,0.21370070366118776
117,geometry_only,0.25,0.0,0.1,0.24679836863486115
117,geometry_only,0.25,0.0,10.0,0.26267469296206736
117,geometry_only,0.25,0.0,0.03,0.34843933521991405
118,estimated_witness,4.0,0.9,0.03,0.1710046032308857
118,estimated_witness,2.0,0.9,0.03,0.17327177660942472
118,estimated_witness,2.0,0.75,0.1,0.174773326388124
118,estimated_witness,4.0,0.75,0.1,0.17482831720739514
118,estimated_witness,4.0,0.9,0.1,0.17628825911675675
118,estimated_witness,2.0,0.9,0.1,0.17765441890775194
118,estimated_witness,1.0,0.5,0.1,0.17773882586821466
118,estimated_witness,1.0,0.75,0.1,0.17831883292122405
118,estimated_witness,2.0,0.5,0.1,0.1785025541342117
118,estimated_witness,2.0,0.75,0.03,0.17895956878611172
118,estimated_witness,0.5,0.5,0.1,0.1792993741443053
118,estimated_witness,4.0,0.5,0.1,0.18034406613815954
118,estimated_witness,4.0,0.75,0.03,0.18102082736780808
118,estimated_witness,1.0,0.5,0.3,0.18143232080214186
118,estimated_witness,2.0,0.5,0.3,0.18145471434898722
118,estimated_witness,1.0,0.75,0.03,0.1817140823395572
118,estimated_witness,0.5,0.25,0.1,0.18173821609831664
118,estimated_witness,2.0,1.0,0.03,0.1821023745703366
118,estimated_witness,0.5,0.25,0.3,0.18239068165837968
118,estimated_witness,1.0,0.25,0.3,0.18239187337789217
118,estimated_witness,1.0,0.25,0.1,0.18273379865453568
118,estimated_witness,4.0,0.5,0.3,0.18314828864362367
118,estimated_witness,1.0,0.9,0.03,0.1833022921981666
118,estimated_witness,0.25,0.25,0.1,0.18343560390287347
118,estimated_witness,0.5,0.5,0.3,0.18354953283808176
118,estimated_witness,2.0,0.25,0.3,0.1837750224619965
118,estimated_witness,4.0,1.0,0.03,0.18413695083291293
118,estimated_witness,0.25,0.5,0.1,0.184618985884249
118,estimated_witness,0.25,0.25,0.3,0.18471376972739043
118,estimated_witness,0.5,0.5,0.03,0.18482929208709606
118,estimated_witness,2.0,0.25,0.1,0.18507949798222387
118,estimated_witness,1.0,0.5,0.03,0.18511792567593055
118,estimated_witness,1.0,0.9,0.1,0.1855200579351283
118,estimated_witness,4.0,0.25,0.3,0.18579982620681257
118,estimated_witness,0.5,0.75,0.1,0.18609038632846087
118,estimated_witness,0.5,0.1,0.3,0.18641362355136074
118,estimated_witness,1.0,0.1,0.3,0.18686149939421504
118,estimated_witness,2.0,0.75,0.3,0.1868634235196622
118,estimated_witness,0.25,0.1,0.3,0.18727661137088525
118,estimated_witness,0.25,0.5,0.03,0.18729003617821136
118,estimated_witness,4.0,0.25,0.1,0.18749417879885502
118,estimated_witness,4.0,0.75,0.3,0.18778837541501295
118,estimated_witness,0.5,0.1,0.1,0.18794208739933368
118,estimated_witness,2.0,0.5,0.03,0.18800165033064123
118,estimated_witness,2.0,0.1,0.3,0.18812548046029434
118,estimated_witness,0.5,0.75,0.03,0.18838892690760764
118,estimated_witness,0.25,0.25,0.03,0.18847702427588864
118,estimated_witness,0.25,0.1,0.1,0.18851754002339707
118,estimated_witness,0.5,0.25,0.03,0.18914848111581797
118,estimated_witness,1.0,0.1,0.1,0.18927949286854717
118,estimated_witness,0.25,0.5,0.3,0.18929959586617665
118,estimated_witness,1.0,0.75,0.3,0.18951564917668054
118,estimated_witness,4.0,0.1,0.3,0.18952174398533353
118,estimated_witness,2.0,0.1,0.1,0.19157311322876405
118,estimated_witness,1.0,0.25,0.03,0.19201249403620183
118,estimated_witness,4.0,0.5,0.03,0.19223315246676745
118,estimated_witness,0.25,0.0,0.3,0.19330162389338199
118,estimated_witness,4.0,0.1,0.1,0.19381627479008576
118,estimated_witness,0.25,0.1,0.03,0.19508045254860418
118,estimated_witness,1.0,1.0,0.03,0.19582841953801053
118,estimated_witness,0.5,0.1,0.03,0.19601732185233758
118,estimated_witness,0.5,0.75,0.3,0.196169908850811
118,estimated_witness,2.0,0.25,0.03,0.19662271354469163
118,estimated_witness,2.0,1.0,0.1,0.19705613211135845
118,estimated_witness,1.0,0.1,0.03,0.1993078103357949
118,estimated_witness,0.25,0.75,0.1,0.1996945675182522
118,estimated_witness,0.25,0.75,0.03,0.19974379574971388
118,estimated_witness,0.5,0.9,0.03,0.19995328367461962
118,estimated_witness,2.0,0.9,0.3,0.2002620192180863
118,estimated_witness,4.0,0.25,0.03,0.20061390753392092
118,estimated_witness,0.5,0.9,0.1,0.20087256163727107
118,estimated_witness,4.0,0.9,0.3,0.20223658444337736
118,estimated_witness,0.25,0.0,0.1,0.2022870877816754
118,estimated_witness,4.0,1.0,0.1,0.20253661175708806
118,estimated_witness,0.5,0.1,1.0,0.2027397199300921
118,estimated_witness,0.25,0.1,1.0,0.20315054096468885
118,estimated_witness,1.0,0.1,1.0,0.20316244449915902
118,estimated_witness,0.5,0.25,1.0,0.2035857709957507
118,estimated_witness,2.0,0.1,0.03,0.2036367148216164
118,estimated_witness,1.0,1.0,0.1,0.2037092922607193
118,estimated_witness,1.0,0.25,1.0,0.2038461063673631
118,estimated_witness,2.0,0.1,1.0,0.20404141172417845
118,estimated_witness,0.25,0.0,1.0,0.20431975104740255
118,estimated_witness,1.0,0.9,0.3,0.20441566722596397
118,estimated_witness,4.0,0.1,1.0,0.20487872249160297
118,estimated_witness,0.25,0.25,1.0,0.20498510720950522
118,estimated_witness,2.0,0.25,1.0,0.20514742688078927
118,estimated_witness,4.0,0.25,1.0,0.20682242429044206
118,estimated_witness,4.0,0.1,0.03,0.20693854889498242
118,estimated_witness,0.25,0.75,0.3,0.20875315952744308
118,estimated_witness,1.0,0.5,1.0,0.21069352267959707
118,estimated_witness,2.0,0.5,1.0,0.21168498620479617
118,estimated_witness,0.5,0.5,1.0,0.21185372475224232
118,estimated_witness,4.0,0.5,1.0,0.21430123097490572
118,estimated_witness,0.5,0.9,0.3,0.2158079617076547
118,estimated_witness,0.25,0.5,1.0,0.2158086248116805
118,estimated_witness,0.25,0.0,0.03,0.22196565320448566
118,estimated_witness,0.5,1.0,0.03,0.2223345090013719
118,estimated_witness,0.25,0.9,0.03,0.22412393931134325
118,estimated_witness,2.0,1.0,0.3,0.2248973942488606
118,estimated_witness,0.5,1.0,0.1,0.22492287701517336
118,estimated_witness,0.25,0.9,0.1,0.225570576076209
118,estimated_witness,1.0,1.0,0.3,0.2268457077025022
118,estimated_witness,1.0,0.75,1.0,0.2277981600737318
118,estimated_witness,2.0,0.75,1.0,0.22799783697137996
118,estimated_witness,0.5,0.75,1.0,0.23195230607653403
118,estimated_witness,4.0,0.75,1.0,0.23217695532204327
118,estimated_witness,4.0,1.0,0.3,0.23334585466897897
118,estimated_witness,0.25,0.9,0.3,0.23683767153071467
118,estimated_witness,0.25,0.75,1.0,0.24073701310242135
118,estimated_witness,0.5,1.0,0.3,0.2414898495814383
118,estimated_witness,0.25,0.0,3.0,0.24257255725033966
118,estimated_witness,0.5,0.1,3.0,0.2442223432414937
118,estimated_witness,0.25,0.1,3.0,0.24423113429294463
118,estimated_witness,1.0,0.1,3.0,0.24479024180883635
118,estimated_witness,2.0,0.1,3.0,0.2455282123754272
118,estimated_witness,4.0,0.1,3.0,0.24602116855903286
118,estimated_witness,1.0,0.9,1.0,0.24718942118083476
118,estimated_witness,2.0,0.9,1.0,0.24738524982957352
118,estimated_witness,0.5,0.25,3.0,0.24925750647001577
118,estimated_witness,0.25,0.25,3.0,0.24950093429740972
118,estimated_witness,1.0,0.25,3.0,0.25006132714910423
118,estimated_witness,2.0,0.25,3.0,0.251356374823919
118,estimated_witness,4.0,0.25,3.0,0.2526113301609721
118,estimated_witness,0.5,0.9,1.0,0.2542823659122729
118,estimated_witness,4.0,0.9,1.0,0.25442651294299945
118,estimated_witness,0.25,1.0,0.03,0.2607507414207929
118,estimated_witness,0.25,1.0,0.1,0.2620494287882755
118,estimated_witness,0.5,0.5,3.0,0.2627387132054572
118,estimated_witness,1.0,0.5,3.0,0.2628686057063016
118,estimated_witness,0.25,0.5,3.0,0.2643897084356066
118,estimated_witness,2.0,0.5,3.0,0.2645181162076194
118,estimated_witness,4.0,0.5,3.0,0.26717816318109056
118,estimated_witness,1.0,1.0,1.0,0.2674068129944538
118,estimated_witness,0.25,0.9,1.0,0.26857384634905673
118,estimated_witness,2.0,1.0,1.0,0.26870827637396655
118,estimated_witness,0.25,1.0,0.3,0.2720146495945912
118,estimated_witness,0.5,1.0,1.0,0.2770108223564243
118,estimated_witness,4.0,1.0,1.0,0.28045648300579523
118,estimated_witness,1.0,0.75,3.0,0.2822858158423316
118,estimated_witness,0.5,0.75,3.0,0.2839271524759626
118,estimated_witness,2.0,0.75,3.0,0.28413871588987555
118,estimated_witness,0.25,0.75,3.0,0.2885842339706827
118,estimated_witness,4.0,0.75,3.0,0.2890071857647604
118,estimated_witness,0.25,1.0,1.0,0.29725908915626675
118,estimated_witness,1.0,0.9,3.0,0.2985918755935138
118,estimated_witness,2.0,0.9,3.0,0.3007442043504664
118,estimated_witness,0.5,0.9,3.0,0.30193657669607304
118,estimated_witness,0.25,0.0,10.0,0.30423779519123895
118,estimated_witness,4.0,0.1,10.0,0.3066336431133769
118,estimated_witness,0.5,0.1,10.0,0.306765361740978
118,estimated_witness,0.25,0.1,10.0,0.30681651862117215
118,estimated_witness,1.0,0.1,10.0,0.30690629926887497
118,estimated_witness,2.0,0.1,10.0,0.3069174499273633
118,estimated_witness,4.0,0.9,3.0,0.30788124642875836
118,estimated_witness,0.25,0.9,3.0,0.30965081682062184
118,estimated_witness,0.5,0.25,10.0,0.31176165778900494
118,estimated_witness,0.25,0.25,10.0,0.3118437931872909
118,estimated_witness,1.0,0.25,10.0,0.3121043288327912
118,estimated_witness,1.0,1.0,3.0,0.31221248209408864
118,estimated_witness,4.0,0.25,10.0,0.3123368946838114
118,estimated_witness,2.0,0.25,10.0,0.3123706866908562
118,estimated_witness,2.0,1.0,3.0,0.31479022939418505
118,estimated_witness,0.5,1.0,3.0,0.3170395175534014
118,estimated_witness,0.5,0.5,10.0,0.3223564138710242
118,estimated_witness,1.0,0.5,10.0,0.32260188275871743
118,estimated_witness,0.25,0.5,10.0,0.3228436507948433
118,estimated_witness,2.0,0.5,10.0,0.3231774731302906
118,estimated_witness,4.0,0.5,10.0,0.3238847473855631
118,estimated_witness,4.0,1.0,3.0,0.32420877480520965
118,estimated_witness,0.25,1.0,3.0,0.32763553355846936
118,estimated_witness,1.0,0.75,10.0,0.3351664250302098
118,estimated_witness,0.5,0.75,10.0,0.3355150316397828
118,estimated_witness,2.0,0.75,10.0,0.33593713411638654
118,estimated_witness,0.25,0.75,10.0,0.33702369028414897
118,estimated_witness,4.0,0.75,10.0,0.33764740043154756
118,estimated_witness,1.0,0.9,10.0,0.34381447812028654
118,estimated_witness,2.0,0.9,10.0,0.3446896481333344
118,estimated_witness,0.5,0.9,10.0,0.3447365233408588
118,estimated_witness,4.0,0.9,10.0,0.3471649950429383
118,estimated_witness,0.25,0.9,10.0,0.3471998724064212
118,estimated_witness,1.0,1.0,10.0,0.35010636512686366
118,estimated_witness,2.0,1.0,10.0,0.3510581085752535
118,estimated_witness,0.5,1.0,10.0,0.35150217754049895
118,estimated_witness,4.0,1.0,10.0,0.3541323984924836
118,estimated_witness,0.25,1.0,10.0,0.35476554216668127
118,geometry_only,0.25,0.0,0.3,0.19330162389338199
118,geometry_only,0.25,0.0,0.1,0.2022870877816754
118,geometry_only,0.25,0.0,1.0,0.20431975104740255
118,geometry_only,0.25,0.0,0.03,0.22196565320448566
118,geometry_only,0.25,0.0,3.0,0.24257255725033966
118,geometry_only,0.25,0.0,10.0,0.30423779519123895
119,estimated_witness,1.0,0.75,0.1,0.13413082187961323
119,estimated_witness,2.0,0.75,0.1,0.13550586702306236
119,estimated_witness,0.5,0.75,0.1,0.13584537875138744
119,estimated_witness,4.0,0.9,0.1,0.13617945965823622
119,estimated_witness,2.0,0.9,0.1,0.13629990068299244
119,estimated_witness,1.0,0.75,0.3,0.13704942106822016
119,estimated_witness,2.0,0.75,0.3,0.1374344412784555
119,estimated_witness,0.25,0.75,0.1,0.13779616350924315
119,estimated_witness,0.5,0.5,0.3,0.138351649402185
119,estimated_witness,0.25,0.75,0.03,0.13838717847931464
119,estimated_witness,0.25,0.5,0.1,0.1385399138731209
119,estimated_witness,0.5,0.5,0.1,0.13863069823015742
119,estimated_witness,1.0,0.9,0.1,0.13906042753407125
119,estimated_witness,0.5,0.75,0.3,0.13918604188711173
119,estimated_witness,0.25,0.5,0.3,0.1392682831396976
119,estimated_witness,0.5,0.75,0.03,0.1396054074229152
119,estimated_witness,1.0,0.5,0.3,0.13969561305468664
119,estimated_witness,4.0,0.75,0.3,0.13990415857725266
119,estimated_witness,4.0,0.75,0.1,0.1403575232981582
119,estimated_witness,1.0,0.75,0.03,0.14125951183850363
119,estimated_witness,1.0,0.5,0.1,0.14155670513049803
119,estimated_witness,0.25,0.5,0.03,0.141657404793324
119,estimated_witness,0.25,0.75,0.3,0.14198884827645022
119,estimated_witness,2.0,0.9,0.03,0.1421411994060699
119,estimated_witness,2.0,0.9,0.3,0.14257563690793626
119,estimated_witness,4.0,0.9,0.3,0.14266542739801955
119,estimated_witness,4.0,0.9,0.03,0.14315991050415242
119,estimated_witness,1.0,0.9,0.03,0.14339218065649026
119,estimated_witness,2.0,0.5,0.3,0.1435820763006178
119,estimated_witness,1.0,0.9,0.3,0.14466018445218942
119,estimated_witness,0.5,0.9,0.1,0.14474197722859813
119,estimated_witness,0.5,0.5,0.03,0.14495860577698919
119,estimated_witness,2.0,0.75,0.03,0.14547818552313577
119,estimated_witness,0.5,0.9,0.03,0.1465720964872407
119,estimated_witness,0.5,0.5,1.0,0.14780844275701213
119,estimated_witness,1.0,0.5,1.0,0.1482952769747821
119,estimated_witness,2.0,0.5,0.1,0.1486743790911218
119,estimated_witness,0.25,0.5,1.0,0.14877919033843923
119,estimated_witness,4.0,0.5,0.3,0.1489281796327836
119,estimated_witness,0.25,0.9,0.03,0.14893668954845418
119,estimated_witness,0.25,0.9,0.1,0.14947880620656825
119,estimated_witness,0.5,0.9,0.3,0.14971343249610447
119,estimated_witness,0.25,0.25,0.3,0.15009429243327846
119,estimated_witness,2.0,0.5,1.0,0.15015725964551355
119,estimated_witness,0.5,0.25,0.3,0.15031731347844426
119,estimated_witness,0.5,0.25,1.0,0.15051424287458157
119,estimated_witness,0.25,0.25,1.0,0.15061933677033543
119,estimated_witness,1.0,0.5,0.03,0.15140302590436194
119,estimated_witness,1.0,0.25,1.0,0.15170884432724066
119,estimated_witness,1.0,0.75,1.0,0.15235013124658212
119,estimated_witness,4.0,0.5,1.0,0.15288225211281223
119,estimated_witness,2.0,0.75,1.0,0.15295838801079975
119,estimated_witness,1.0,0.25,0.3,0.15361240670714602
119,estimated_witness,2.0,0.25,1.0,0.15371805366272026
119,estimated_witness,0.5,0.75,1.0,0.15376342126831538
119,estimated_witness,4.0,0.75,0.03,0.1541649608180368
119,estimated_witness,0.25,0.9,0.3,0.15472738061800986
119,estimated_witness,0.25,0.25,0.1,0.1554181485834188
119,estimated_witness,4.0,0.75,1.0,0.155451113669402
119,estimated_witness,0.25,0.1,1.0,0.15566543046037146
119,estimated_witness,0.5,0.1,1.0,0.1557809181394695
119,estimated_witness,4.0,0.25,1.0,0.1559261440378342
119,estimated_witness,0.5,0.25,0.1,0.1562895515843604
119,estimated_witness,0.25,0.75,1.0,0.1562902567564813
119,estimated_witness,1.0,0.1,1.0,0.15662941337973044
119,estimated_witness,2.0,0.1,1.0,0.1578717025141665
119,estimated_witness,2.0,0.25,0.3,0.1587927786339983
119,estimated_witness,4.0,0.5,0.1,0.15883066898212214
119,estimated_witness,1.0,1.0,0.1,0.1590446542903888
119,estimated_witness,4.0,0.1,1.0,0.15910418906292922
119,estimated_witness,2.0,1.0,0.3,0.15987519201715492
119,estimated_witness,2.0,1.0,0.1,0.15987559804227688
119,estimated_witness,2.0,0.9,1.0,0.16086074194409872
119,estimated_witness,4.0,1.0,0.3,0.16095527729167539
119,estimated_witness,0.25,0.0,1.0,0.1612340582578902
119,estimated_witness,1.0,1.0,0.3,0.16124152183357235
119,estimated_witness,1.0,0.9,1.0,0.16126664461271553
119,estimated_witness,4.0,1.0,0.1,0.1619796491206721
119,estimated_witness,1.0,0.25,0.1,0.16217780034433657
119,estimated_witness,0.25,0.25,0.03,0.16250511315671926
119,estimated_witness,2.0,0.5,0.03,0.1627625450251311
119,estimated_witness,4.0,0.9,1.0,0.16342346803087077
119,estimated_witness,0.5,0.1,3.0,0.16349139529115683
119,estimated_witness,0.25,0.1,3.0,0.1635267917697968
119,estimated_witness,1.0,0.1,3.0,0.16381086029994654
119,estimated_witness,0.5,0.25,3.0,0.16387835020506702
119,estimated_witness,0.25,0.25,3.0,0.16402762356830733
119,estimated_witness,0.25,0.0,3.0,0.1640909039035796
119,estimated_witness,4.0,0.25,0.3,0.1643449504166267
119,estimated_witness,1.0,0.25,3.0,0.16441488038918228
119,estimated_witness,2.0,0.1,3.0,0.1644734896866308
119,estimated_witness,0.5,0.9,1.0,0.16462709812616763
119,estimated_witness,0.5,1.0,0.1,0.16505942843402044
119,estimated_witness,4.0,0.1,3.0,0.1651458206067966
119,estimated_witness,0.5,0.25,0.03,0.16548408453993305
119,estimated_witness,2.0,0.25,3.0,0.16562722201247254
119,estimated_witness,0.25,0.1,0.3,0.1658481176499385
119,estimated_witness,1.0,1.0,0.03,0.16598345887187946
119,estimated_witness,0.5,0.1,0.3,0.16641148181560686
119,estimated_witness,4.0,0.25,3.0,0.16697216317084598
119,estimated_witness,0.5,0.5,3.0,0.16746400821828109
119,estimated_witness,0.5,1.0,0.03,0.16772835840219313
119,estimated_witness,1.0,0.5,3.0,0.1677412885742177
119,estimated_witness,0.5,1.0,0.3,0.16785452200049852
119,estimated_witness,0.25,0.5,3.0,0.16817883427991265
119,estimated_witness,0.25,0.9,1.0,0.16898764593741958
119,estimated_witness,1.0,0.1,0.3,0.1692507969519675
119,estimated_witness,2.0,0.5,3.0,0.16925663221331985
119,estimated_witness,4.0,0.5,3.0,0.17139474561332121
119,estimated_witness,2.0,0.25,0.1,0.17211871880998728
119,estimated_witness,2.0,1.0,1.0,0.17217534658561026
119,estimated_witness,0.25,1.0,0.1,0.1724273911743004
119,estimated_witness,0.25,1.0,0.03,0.17259342701836508
119,estimated_witness,1.0,1.0,1.0,0.17286923111199556
119,estimated_witness,2.0,0.1,0.3,0.17291599701503424
119,estimated_witness,2.0,1.0,0.03,0.1736355775976075
119,estimated_witness,1.0,0.25,0.03,0.1743931022381453
119,estimated_witness,1.0,0.75,3.0,0.17518103014155298
119,estimated_witness,0.25,1.0,0.3,0.17556912773860858
119,estimated_witness,0.5,0.75,3.0,0.1758816928019844
119,estimated_witness,4.0,1.0,1.0,0.17588336825521833
119,estimated_witness,4.0,0.1,0.3,0.17635156286753675
119,estimated_witness,2.0,0.75,3.0,0.17657341828877052
119,estimated_witness,0.25,0.75,3.0,0.17777397884028834
119,estimated_witness,0.5,1.0,1.0,0.17806682535821616
119,estimated_witness,4.0,0.5,0.03,0.17889499059018388
119,estimated_witness,4.0,0.75,3.0,0.17954552952029726
119,estimated_witness,4.0,1.0,0.03,0.1798949041746871
119,estimated_witness,0.25,0.1,0.1,0.18039787637241364
119,estimated_witness,0.5,0.1,0.1,0.18137886377448578
119,estimated_witness,1.0,0.9,3.0,0.18280119741929055
119,estimated_witness,4.0,0.25,0.1,0.18324757651097737
119,estimated_witness,2.0,0.9,3.0,0.1840162214035442
119,estimated_witness,0.5,0.9,3.0,0.18456071362593376
119,estimated_witness,0.25,1.0,1.0,0.1847216582103448
119,estimated_witness,0.25,0.0,10.0,0.18565635020721252
119,estimated_witness,0.25,0.0,0.3,0.18583024693507844
119,estimated_witness,1.0,0.1,10.0,0.1865127122824544
119,estimated_witness,0.5,0.1,10.0,0.18653292183276574
119,estimated_witness,2.0,0.1,10.0,0.1866281960499839
119,estimated_witness,0.25,0.1,10.0,0.18665563099297644
119,estimated_witness,4.0,0.1,10.0,0.18671636234246866
119,estimated_witness,1.0,0.1,0.1,0.1873398141360122
119,estimated_witness,0.25,0.9,3.0,0.18771505972975625
119,estimated_witness,4.0,0.9,3.0,0.18779067100540203
119,estimated_witness,0.5,0.25,10.0,0.18847937642682253
119,estimated_witness,1.0,0.25,10.0,0.18852664539022154
119,estimated_witness,0.25,0.25,10.0,0.18870849874841822
119,estimated_witness,2.0,0.25,10.0,0.18897136686318894
119,estimated_witness,2.0,0.25,0.03,0.18926100946885516
119,estimated_witness,4.0,0.25,10.0,0.1894742080635231
119,estimated_witness,1.0,1.0,3.0,0.1899329589878002
119,estimated_witness,2.0,1.0,3.0,0.19106425540904412
119,estimated_witness,0.25,0.1,0.03,0.1926175891621896
119,estimated_witness,0.5,1.0,3.0,0.19269185699123262
119,estimated_witness,1.0,0.5,10.0,0.1929983241159515
119,estimated_witness,0.5,0.5,10.0,0.19301013100430656
119,estimated_witness,0.25,0.5,10.0,0.19350782060213453
119,estimated_witness,2.0,0.5,10.0,0.19380396124648636
119,estimated_witness,0.5,0.1,0.03,0.19403552028862922
119,estimated_witness,4.0,0.5,10.0,0.19491821140702917
119,estimated_witness,2.0,0.1,0.1,0.19563955452049286
119,estimated_witness,4.0,1.0,3.0,0.19572724294052446
119,estimated_witness,0.25,1.0,3.0,0.1971306151744321
119,estimated_witness,1.0,0.75,10.0,0.19882481911906735
119,estimated_witness,0.5,0.75,10.0,0.19917033821364216
119,estimated_witness,2.0,0.75,10.0,0.19980321682530952
119,estimated_witness,0.25,0.75,10.0,0.20018133226298676
119,estimated_witness,4.0,0.75,10.0,0.20150599898098942
119,estimated_witness,1.0,0.1,0.03,0.20256837441830766
119,estimated_witness,1.0,0.9,10.0,0.20310793037910746
119,estimated_witness,4.0,0.1,0.1,0.20360289498907413
119,estimated_witness,0.5,0.9,10.0,0.2037931818135552
119,estimated_witness,2.0,0.9,10.0,0.20413391535146705
119,estimated_witness,0.25,0.9,10.0,0.20526911146557683
119,estimated_witness,4.0,0.9,10.0,0.20623233144236294
119,estimated_witness,1.0,1.0,10.0,0.20635959460318762
119,estimated_witness,4.0,0.25,0.03,0.20636051465751615
119,estimated_witness,0.5,1.0,10.0,0.2073360813382957
119,estimated_witness,2.0,1.0,10.0,0.20740223919591624
119,estimated_witness,0.25,1.0,10.0,0.20920466292333514
119,estimated_witness,4.0,1.0,10.0,0.20980011364796658
119,estimated_witness,2.0,0.1,0.03,0.2158018678641186
119,estimated_witness,0.25,0.0,0.1,0.22441419034110668
119,estimated_witness,4.0,0.1,0.03,0.2291797925801218
119,estimated_witness,0.25,0.0,0.03,0.26571723070845743
119,geometry_only,0.25,0.0,1.0,0.1612340582578902
119,geometry_only,0.25,0.0,3.0,0.1640909039035796
119,geometry_only,0.25,0.0,10.0,0.18565635020721252
119,geometry_only,0.25,0.0,0.3,0.18583024693507844
119,geometry_only,0.25,0.0,0.1,0.22441419034110668
119,geometry_only,0.25,0.0,0.03,0.26571723070845743
120,estimated_witness,4.0,0.75,0.03,0.13841972129418215
120,estimated_witness,4.0,0.75,0.1,0.1392137880776864
120,estimated_witness,4.0,0.5,0.1,0.13937968098979203
120,estimated_witness,4.0,0.5,0.03,0.1405629527046328
120,estimated_witness,2.0,0.5,0.1,0.14496188778610652
120,estimated_witness,4.0,0.9,0.03,0.14584715130517786
120,estimated_witness,2.0,0.5,0.03,0.14614374831533514
120,estimated_witness,2.0,0.25,0.1,0.15094476035327462
120,estimated_witness,2.0,0.25,0.03,0.15158427545150108
120,estimated_witness,4.0,0.9,0.1,0.15198454063674657
120,estimated_witness,4.0,0.5,0.3,0.15238055442660736
120,estimated_witness,4.0,0.25,0.1,0.1524180832558103
120,estimated_witness,4.0,0.25,0.03,0.15272758420244023
120,estimated_witness,2.0,0.75,0.03,0.15375583976714122
120,estimated_witness,2.0,0.75,0.1,0.1540331967471561
120,estimated_witness,1.0,0.25,0.1,0.15499009654643855
120,estimated_witness,1.0,0.5,0.1,0.15661257597034955
120,estimated_witness,2.0,0.5,0.3,0.1567938249346115
120,estimated_witness,1.0,0.25,0.03,0.1571972688987148
120,estimated_witness,2.0,0.25,0.3,0.1572188060911827
120,estimated_witness,4.0,0.25,0.3,0.15722794376271595
120,estimated_witness,1.0,0.5,0.03,0.1581126778877969
120,estimated_witness,0.5,0.25,0.1,0.15924031432389402
120,estimated_witness,1.0,0.25,0.3,0.16001803387314195
120,estimated_witness,4.0,0.75,0.3,0.16010442977376996
120,estimated_witness,0.5,0.25,0.03,0.1623467340587816
120,estimated_witness,0.25,0.25,0.1,0.16273172898480542
120,estimated_witness,0.5,0.25,0.3,0.16273862429499147
120,estimated_witness,2.0,0.1,0.3,0.1644220149476487
120,estimated_witness,1.0,0.1,0.3,0.16459654165736368
120,estimated_witness,0.5,0.1,0.3,0.16520830393953834
120,estimated_witness,0.25,0.25,0.3,0.1652089965582151
120,estimated_witness,0.5,0.5,0.1,0.1652722051222211
120,estimated_witness,4.0,0.1,0.3,0.16543979981857174
120,estimated_witness,1.0,0.5,0.3,0.16557122906664246
120,estimated_witness,0.25,0.25,0.03,0.16588276815119168
120,estimated_witness,0.25,0.1,0.3,0.16631969363836516
120,estimated_witness,1.0,0.1,0.1,0.16638387612743535
120,estimated_witness,0.5,0.5,0.03,0.16679281126197176
120,estimated_witness,2.0,0.1,0.1,0.16706299746978268
120,estimated_witness,0.5,0.1,0.1,0.16732265045830766
120,estimated_witness,2.0,0.1,0.03,0.16879029403534043
120,estimated_witness,1.0,0.1,0.03,0.169453085526702
120,estimated_witness,0.25,0.1,0.1,0.16945832864260157
120,estimated_witness,0.25,0.5,0.1,0.1703846000823288
120,estimated_witness,2.0,0.75,0.3,0.17089667838635195
120,estimated_witness,0.25,0.5,0.03,0.17122402413336427
120,estimated_witness,4.0,0.1,0.1,0.17127322106681842
120,estimated_witness,2.0,0.9,0.03,0.17158691835675755
120,estimated_witness,0.5,0.1,0.03,0.17206580439102323
120,estimated_witness,0.5,0.5,0.3,0.17208401418371658
120,estimated_witness,0.25,0.0,0.3,0.1742525517193013
120,estimated_witness,2.0,0.9,0.1,0.1747704986924842
120,estimated_witness,4.0,0.1,0.03,0.17510335039231792
120,estimated_witness,1.0,0.75,0.1,0.17517532765449806
120,estimated_witness,1.0,0.75,0.03,0.17521611190743505
120,estimated_witness,0.25,0.1,0.03,0.17548305664992236
120,estimated_witness,0.25,0.5,0.3,0.1763578278106462
120,estimated_witness,4.0,0.1,1.0,0.17747709341781567
120,estimated_witness,0.25,0.0,1.0,0.1778714777001367
120,estimated_witness,2.0,0.1,1.0,0.17795452126278397
120,estimated_witness,1.0,0.1,1.0,0.17839790001586797
120,estimated_witness,0.5,0.1,1.0,0.17867120128545588
120,estimated_witness,4.0,0.25,1.0,0.1789152895156334
120,estimated_witness,0.25,0.1,1.0,0.17908940488873418
120,estimated_witness,4.0,0.9,0.3,0.17959372519271607
120,estimated_witness,2.0,0.25,1.0,0.18008205675964006
120,estimated_witness,1.0,0.25,1.0,0.18185315796401957
120,estimated_witness,0.5,0.25,1.0,0.18299465747245214
120,estimated_witness,0.25,0.25,1.0,0.18410467300609412
120,estimated_witness,4.0,0.5,1.0,0.18648995578464247
120,estimated_witness,1.0,0.75,0.3,0.1871813699504907
120,estimated_witness,0.5,0.75,0.1,0.18907149414602872
120,estimated_witness,0.5,0.75,0.03,0.1891121995805216
120,estimated_witness,2.0,0.5,1.0,0.1894961254422093
120,estimated_witness,1.0,0.5,1.0,0.1944100256310244
120,estimated_witness,2.0,0.9,0.3,0.1944141808077966
120,estimated_witness,0.25,0.75,0.03,0.19558344564743235
120,estimated_witness,0.25,0.75,0.1,0.19627203633625126
120,estimated_witness,0.25,0.0,0.1,0.1975228253649349
120,estimated_witness,0.5,0.5,1.0,0.1975752394019503
120,estimated_witness,0.5,0.75,0.3,0.19791456559490053
120,estimated_witness,4.0,1.0,0.1,0.19814678873887726
120,estimated_witness,0.25,0.5,1.0,0.19996154675254052
120,estimated_witness,1.0,0.9,0.03,0.20151165125503379
120,estimated_witness,4.0,1.0,0.03,0.20216356498660895
120,estimated_witness,1.0,0.9,0.1,0.2027563587939798
120,estimated_witness,0.25,0.75,0.3,0.20413224328009824
120,estimated_witness,4.0,0.75,1.0,0.20509369897179427
120,estimated_witness,2.0,0.75,1.0,0.21012566569560967
120,estimated_witness,0.25,0.0,3.0,0.21230778310291062
120,estimated_witness,4.0,0.1,3.0,0.21441253278505065
120,estimated_witness,1.0,0.9,0.3,0.21516994358236044
120,estimated_witness,2.0,0.1,3.0,0.21540097346138531
120,estimated_witness,0.5,0.1,3.0,0.2157758989977212
120,estimated_witness,1.0,0.1,3.0,0.21579508693728378
120,estimated_witness,0.25,0.1,3.0,0.215888726768013
120,estimated_witness,4.0,1.0,0.3,0.21731419465558557
120,estimated_witness,1.0,0.75,1.0,0.2187457583634279
120,estimated_witness,0.5,0.9,0.03,0.21885636745355067
120,estimated_witness,0.5,0.9,0.1,0.2194122289752656
120,estimated_witness,4.0,0.25,3.0,0.2200361126490715
120,estimated_witness,2.0,1.0,0.1,0.2208359195728825
120,estimated_witness,2.0,0.25,3.0,0.2215805834198293
120,estimated_witness,1.0,0.25,3.0,0.22260835470460838
120,estimated_witness,0.5,0.25,3.0,0.22279468271666922
120,estimated_witness,0.25,0.25,3.0,0.22310892620181857
120,estimated_witness,0.5,0.75,1.0,0.2243142693076335
120,estimated_witness,2.0,1.0,0.03,0.22692684621796366
120,estimated_witness,0.25,0.9,0.03,0.2272447499929363
120,estimated_witness,4.0,0.9,1.0,0.22780496234499018
120,estimated_witness,0.5,0.9,0.3,0.22786668709703561
120,estimated_witness,0.25,0.9,0.1,0.22824624456128717
120,estimated_witness,0.25,0.75,1.0,0.2283797508776814
120,estimated_witness,2.0,1.0,0.3,0.23041799178293332
120,estimated_witness,2.0,0.9,1.0,0.23294490944243043
120,estimated_witness,4.0,0.5,3.0,0.23323034535437773
120,estimated_witness,0.25,0.0,0.03,0.23453432959652853
120,estimated_witness,2.0,0.5,3.0,0.2353497041700756
120,estimated_witness,0.25,0.9,0.3,0.23560140711987168
120,estimated_witness,1.0,0.5,3.0,0.23765195637946498
120,estimated_witness,0.5,0.5,3.0,0.23860824800751437
120,estimated_witness,0.25,0.5,3.0,0.23959251128672623
120,estimated_witness,1.0,0.9,1.0,0.24325671857743458
120,estimated_witness,1.0,1.0,0.1,0.2449012610646016
120,estimated_witness,1.0,1.0,0.03,0.24866207098452567
120,estimated_witness,1.0,1.0,0.3,0.24994343686756348
120,estimated_witness,0.5,0.9,1.0,0.2500864617153194
120,estimated_witness,4.0,0.75,3.0,0.25301400383852907
120,estimated_witness,4.0,1.0,1.0,0.2540230893086887
120,estimated_witness,2.0,0.75,3.0,0.25521802995364085
120,estimated_witness,0.25,0.9,1.0,0.2557036010959374
120,estimated_witness,0.5,1.0,0.1,0.25683183984356917
120,estimated_witness,2.0,1.0,1.0,0.25707722704259245
120,estimated_witness,0.5,1.0,0.03,0.2583323950016379
120,estimated_witness,1.0,0.75,3.0,0.25878090971271894
120,estimated_witness,0.5,0.75,3.0,0.26080249612055617
120,estimated_witness,0.5,1.0,0.3,0.26087043392475967
120,estimated_witness,0.25,0.75,3.0,0.26294847706169266
120,estimated_witness,0.25,0.0,10.0,0.2646805647073222
120,estimated_witness,0.25,1.0,0.1,0.2653789277900911
120,estimated_witness,0.25,1.0,0.03,0.2654467397034579
120,estimated_witness,4.0,0.1,10.0,0.2657010584918394
120,estimated_witness,2.0,0.1,10.0,0.2669980052197473
120,estimated_witness,1.0,1.0,1.0,0.2671361893190864
120,estimated_witness,1.0,0.1,10.0,0.2675998039685273
120,estimated_witness,0.5,0.1,10.0,0.2676740791362358
120,estimated_witness,0.25,0.1,10.0,0.26773794136509205
120,estimated_witness,0.25,1.0,0.3,0.2694771969258433
120,estimated_witness,4.0,0.25,10.0,0.2697154488026568
120,estimated_witness,4.0,0.9,3.0,0.26991681034571974
120,estimated_witness,2.0,0.9,3.0,0.2715818150847361
120,estimated_witness,2.0,0.25,10.0,0.2717531443472266
120,estimated_witness,1.0,0.25,10.0,0.27281286077201944
120,estimated_witness,0.5,0.25,10.0,0.2729254687706667
120,estimated_witness,0.25,0.25,10.0,0.27302563565467414
120,estimated_witness,0.5,1.0,1.0,0.2741719568980758
120,estimated_witness,1.0,0.9,3.0,0.27565085951910473
120,estimated_witness,0.5,0.9,3.0,0.27837610035941524
120,estimated_witness,4.0,0.5,10.0,0.2787423785974499
120,estimated_witness,2.0,0.5,10.0,0.2812552024613589
120,estimated_witness,0.25,1.0,1.0,0.2812979723145644
120,estimated_witness,0.25,0.9,3.0,0.28159774733141046
120,estimated_witness,1.0,0.5,10.0,0.2828684472287814
120,estimated_witness,0.5,0.5,10.0,0.2831723238941744
120,estimated_witness,0.25,0.5,10.0,0.2834496657497105
120,estimated_witness,4.0,1.0,3.0,0.28439135509183583
120,estimated_witness,2.0,1.0,3.0,0.28518466354189287
120,estimated_witness,1.0,1.0,3.0,0.2893184566787012
120,estimated_witness,4.0,0.75,10.0,0.28981939590736544
120,estimated_witness,2.0,0.75,10.0,0.2924462788685847
120,estimated_witness,0.5,1.0,3.0,0.2924935331899829
120,estimated_witness,1.0,0.75,10.0,0.29453283185723794
120,estimated_witness,0.5,0.75,10.0,0.2951860189203421
120,estimated_witness,0.25,0.75,10.0,0.2958634037502206
120,estimated_witness,0.25,1.0,3.0,0.29668577601430596
120,estimated_witness,4.0,0.9,10.0,0.29750539331061016
120,estimated_witness,2.0,0.9,10.0,0.300066905659534
120,estimated_witness,1.0,0.9,10.0,0.3023975346263153
120,estimated_witness,4.0,1.0,10.0,0.3031220897576062
120,estimated_witness,0.5,0.9,10.0,0.30331989802162873
120,estimated_witness,0.25,0.9,10.0,0.30435627237784557
120,estimated_witness,2.0,1.0,10.0,0.3055784535725947
120,estimated_witness,1.0,1.0,10.0,0.3080484602960232
120,estimated_witness,0.5,1.0,10.0,0.30917164100614863
120,estimated_witness,0.25,1.0,10.0,0.31050259268347635
120,geometry_only,0.25,0.0,0.3,0.1742525517193013
120,geometry_only,0.25,0.0,1.0,0.1778714777001367
120,geometry_only,0.25,0.0,0.1,0.1975228253649349
120,geometry_only,0.25,0.0,3.0,0.21230778310291062
120,geometry_only,0.25,0.0,0.03,0.23453432959652853
120,geometry_only,0.25,0.0,10.0,0.2646805647073222
121,estimated_witness,4.0,0.75,0.1,0.17974587821654445
121,estimated_witness,2.0,0.75,0.1,0.18280153679938546
121,estimated_witness,2.0,0.75,0.03,0.18456078291390252
121,estimated_witness,4.0,0.9,0.1,0.18561916380444646
121,estimated_witness,4.0,0.75,0.03,0.18718693656085625
121,estimated_witness,4.0,0.75,0.3,0.18790040047469123
121,estimated_witness,4.0,0.9,0.03,0.18795957679794154
121,estimated_witness,1.0,0.5,0.1,0.18872486633828175
121,estimated_witness,2.0,0.5,0.1,0.18877889902247
121,estimated_witness,2.0,0.5,0.3,0.19046443691280754
121,estimated_witness,1.0,0.75,0.03,0.19112651443264328
121,estimated_witness,4.0,0.5,0.3,0.19132832844474182
121,estimated_witness,1.0,0.5,0.03,0.1913850593363776
121,estimated_witness,1.0,0.75,0.1,0.1919808236487974
121,estimated_witness,2.0,0.75,0.3,0.1928034282368709
121,estimated_witness,1.0,0.5,0.3,0.19360401623347026
121,estimated_witness,4.0,0.5,0.1,0.19379703140525648
121,estimated_witness,2.0,0.5,0.03,0.19531232445898514
121,estimated_witness,0.5,0.5,0.1,0.19540805532836544
121,estimated_witness,2.0,0.9,0.03,0.19555726087346512
121,estimated_witness,2.0,0.9,0.1,0.19604940598812828
121,estimated_witness,0.5,0.5,0.03,0.19677681825660187
121,estimated_witness,4.0,0.9,0.3,0.19970756533427517
121,estimated_witness,0.5,0.5,0.3,0.20110429777407726
121,estimated_witness,1.0,0.25,0.3,0.20209304716300125
121,estimated_witness,2.0,0.25,0.3,0.20304523778007122
121,estimated_witness,1.0,0.75,0.3,0.2031208134481389
121,estimated_witness,0.5,0.25,0.3,0.2045530089286742
121,estimated_witness,0.25,0.5,0.1,0.20486267849914475
121,estimated_witness,0.25,0.5,0.03,0.20494430120704285
121,estimated_witness,4.0,0.5,0.03,0.20627735887030194
121,estimated_witness,4.0,0.25,0.3,0.20636655930816508
121,estimated_witness,1.0,0.25,0.1,0.2064444042718759
121,estimated_witness,0.5,0.75,0.03,0.20718420109103053
121,estimated_witness,0.5,0.25,0.1,0.20767553051618634
121,estimated_witness,0.5,0.75,0.1,0.20823844165979777
121,estimated_witness,2.0,0.9,0.3,0.20870319959812922
121,estimated_witness,0.25,0.25,0.3,0.20879314654373493
121,estimated_witness,0.25,0.5,0.3,0.2104977146827548
121,estimated_witness,1.0,0.9,0.03,0.21052187168934333
121,estimated_witness,2.0,0.25,0.1,0.21075319722209254
121,estimated_witness,0.25,0.25,0.1,0.21159965642019649
121,estimated_witness,1.0,0.9,0.1,0.21188421220469209
121,estimated_witness,2.0,0.25,1.0,0.21275617803333535
121,estimated_witness,4.0,0.25,1.0,0.21277240418301466
121,estimated_witness,4.0,0.5,1.0,0.21277602672862003
121,estimated_witness,1.0,0.25,0.03,0.21343624640755263
121,estimated_witness,0.5,0.25,0.03,0.21355641655343624
121,estimated_witness,2.0,0.5,1.0,0.2139756142373471
121,estimated_witness,1.0,0.25,1.0,0.21409897511904055
121,estimated_witness,2.0,0.1,1.0,0.21580310640787306
121,estimated_witness,4.0,0.1,1.0,0.21582818247473334
121,estimated_witness,1.0,0.1,1.0,0.216082830517995
121,estimated_witness,1.0,0.1,0.3,0.21622572673448315
121,estimated_witness,0.25,0.25,0.03,0.21635401153804365
121,estimated_witness,0.5,0.1,0.3,0.2167810833235626
121,estimated_witness,0.5,0.25,1.0,0.21692447976668913
121,estimated_witness,0.5,0.1,1.0,0.21701261106483072
121,estimated_witness,2.0,0.1,0.3,0.21768399188529672
121,estimated_witness,4.0,0.25,0.1,0.21819373907948245
121,estimated_witness,0.25,0.1,1.0,0.21837074438985862
121,estimated_witness,1.0,0.5,1.0,0.21849443792224696
121,estimated_witness,0.25,0.1,0.3,0.21850516880887186
121,estimated_witness,0.5,0.75,0.3,0.2185529934995741
121,estimated_witness,0.25,0.0,1.0,0.2193873097915203
121,estimated_witness,4.0,0.1,0.3,0.2201991949528912
121,estimated_witness,0.25,0.25,1.0,0.220474284395796
121,estimated_witness,2.0,0.25,0.03,0.2208373101571096
121,estimated_witness,4.0,0.75,1.0,0.22256071907877298
121,estimated_witness,1.0,0.9,0.3,0.22383652439909932
121,estimated_witness,0.25,0.75,0.03,0.22441551525946127
121,estimated_witness,0.5,0.5,1.0,0.22557964163672542
121,estimated_witness,2.0,0.75,1.0,0.22584345758794266
121,estimated_witness,0.25,0.75,0.1,0.22641098222191583
121,estimated_witness,4.0,1.0,0.3,0.22924152438378453
121,estimated_witness,0.5,0.1,0.1,0.2299071499379555
121,estimated_witness,1.0,0.1,0.1,0.2302061359069156
121,estimated_witness,4.0,1.0,0.1,0.23138674688566777
121,estimated_witness,0.25,0.1,0.1,0.2314985217630329
121,estimated_witness,0.25,0.0,0.3,0.23237119231414385
121,estimated_witness,4.0,0.25,0.03,0.23266598550083192
121,estimated_witness,0.25,0.5,1.0,0.2334826364548015
121,estimated_witness,2.0,0.1,0.1,0.23403652719294435
121,estimated_witness,0.5,0.9,0.03,0.23445759945770436
121,estimated_witness,1.0,0.75,1.0,0.23496976886840593
121,estimated_witness,0.5,0.9,0.1,0.23548329820803646
121,estimated_witness,0.25,0.75,0.3,0.23571948187206482
121,estimated_witness,2.0,1.0,0.3,0.23716329727807284
121,estimated_witness,2.0,1.0,0.1,0.23725027350319383
121,estimated_witness,4.0,0.9,1.0,0.23785547088249517
121,estimated_witness,4.0,0.1,0.1,0.23945918211148934
121,estimated_witness,0.5,0.1,0.03,0.2406305405079138
121,estimated_witness,1.0,0.1,0.03,0.24113818373949603
121,estimated_witness,0.25,0.1,0.03,0.24181850844964434
121,estimated_witness,2.0,0.9,1.0,0.24194535637876716
121,estimated_witness,4.0,0.1,3.0,0.24547481455694298
121,estimated_witness,0.5,0.9,0.3,0.24561178070646963
121,estimated_witness,0.25,0.0,3.0,0.24673408730650181
121,estimated_witness,2.0,0.1,0.03,0.2469858543998286
121,estimated_witness,2.0,0.1,3.0,0.24711272427497244
121,estimated_witness,1.0,1.0,0.1,0.24762179233622186
121,estimated_witness,4.0,0.25,3.0,0.24790451847898184
121,estimated_witness,0.5,0.75,1.0,0.24815141346295186
121,estimated_witness,1.0,0.1,3.0,0.24850933521575946
121,estimated_witness,0.5,0.1,3.0,0.24959489526542003
121,estimated_witness,2.0,0.25,3.0,0.25008164028979574
121,estimated_witness,0.25,0.1,3.0,0.2505820987860415
121,estimated_witness,1.0,1.0,0.3,0.2521066243918595
121,estimated_witness,1.0,0.25,3.0,0.25271185103977
121,estimated_witness,1.0,1.0,0.03,0.25394578568381815
121,estimated_witness,1.0,0.9,1.0,0.25415499835491034
121,estimated_witness,2.0,1.0,0.03,0.2543180752959113
121,estimated_witness,4.0,0.1,0.03,0.25534609272349074
121,estimated_witness,0.5,0.25,3.0,0.25538564747971454
121,estimated_witness,4.0,0.5,3.0,0.25615176622855046
121,estimated_witness,4.0,1.0,1.0,0.2564620010114178
121,estimated_witness,0.25,0.25,3.0,0.25797541103463245
121,estimated_witness,2.0,0.5,3.0,0.2587084640188502
121,estimated_witness,2.0,1.0,1.0,0.2597752309777797
121,estimated_witness,0.25,0.9,0.03,0.26007224248109734
121,estimated_witness,4.0,1.0,0.03,0.26039902647037816
121,estimated_witness,0.25,0.9,0.1,0.2619138995205369
121,estimated_witness,0.25,0.75,1.0,0.2622710184099833
121,estimated_witness,0.25,0.0,0.1,0.2630007470896563
121,estimated_witness,1.0,0.5,3.0,0.2634505493471797
121,estimated_witness,0.5,0.5,3.0,0.2692724893334132
121,estimated_witness,4.0,0.75,3.0,0.27018386470437417
121,estimated_witness,0.25,0.9,0.3,0.27021406719967483
121,estimated_witness,0.5,0.9,1.0,0.27229224787740175
121,estimated_witness,0.5,1.0,0.1,0.27235405883297337
121,estimated_witness,2.0,0.75,3.0,0.2728369518125157
121,estimated_witness,1.0,1.0,1.0,0.2735571700359105
121,estimated_witness,0.5,1.0,0.03,0.2742048229068287
121,estimated_witness,0.25,0.5,3.0,0.27506914336767624
121,estimated_witness,0.5,1.0,0.3,0.2776097661583495
121,estimated_witness,1.0,0.75,3.0,0.2800683470357306
121,estimated_witness,4.0,0.9,3.0,0.28270963692643264
121,estimated_witness,2.0,0.9,3.0,0.2850492004492512
121,estimated_witness,0.5,0.75,3.0,0.2899416353954336
121,estimated_witness,0.25,0.9,1.0,0.2920464304121959
121,estimated_witness,0.25,0.0,0.03,0.29222822783982977
121,estimated_witness,4.0,1.0,3.0,0.29357793274043503
121,estimated_witness,1.0,0.9,3.0,0.293907001100645
121,estimated_witness,2.0,1.0,3.0,0.29536171680910156
121,estimated_witness,0.5,1.0,1.0,0.2956630510945928
121,estimated_witness,4.0,0.1,10.0,0.2976156160098226
121,estimated_witness,4.0,0.25,10.0,0.29852577918735784
121,estimated_witness,0.25,0.75,3.0,0.29996058396303943
121,estimated_witness,2.0,0.1,10.0,0.3001876774202195
121,estimated_witness,0.25,0.0,10.0,0.30027059876065937
121,estimated_witness,1.0,0.1,10.0,0.3022113174742059
121,estimated_witness,2.0,0.25,10.0,0.30249153942174933
121,estimated_witness,0.5,0.1,10.0,0.30336462218554494
121,estimated_witness,0.25,0.1,10.0,0.30404282114798176
121,estimated_witness,4.0,0.5,10.0,0.30410356048742315
121,estimated_witness,1.0,1.0,3.0,0.3052940267835642
121,estimated_witness,0.25,1.0,0.1,0.3060509510494997
121,estimated_witness,1.0,0.25,10.0,0.3060901314853478
121,estimated_witness,0.25,1.0,0.03,0.3062803777138399
121,estimated_witness,0.5,0.9,3.0,0.3068142449679727
121,estimated_witness,0.5,0.25,10.0,0.30854578102059654
121,estimated_witness,2.0,0.5,10.0,0.3088489420901323
121,estimated_witness,0.25,1.0,0.3,0.309431787284379
121,estimated_witness,0.25,0.25,10.0,0.3102067366922874
121,estimated_witness,4.0,0.75,10.0,0.3122178926405519
121,estimated_witness,1.0,0.5,10.0,0.31407228241709934
121,estimated_witness,2.0,0.75,10.0,0.31715421265769295
121,estimated_witness,4.0,0.9,10.0,0.3181129370707159
121,estimated_witness,0.5,0.5,10.0,0.3184665518107077
121,estimated_witness,0.25,0.9,3.0,0.3201662816847124
121,estimated_witness,0.5,1.0,3.0,0.3205519087465235
121,estimated_witness,0.25,1.0,1.0,0.32070435245479884
121,estimated_witness,0.25,0.5,10.0,0.3218753215056847
121,estimated_witness,4.0,1.0,10.0,0.322489778709328
121,estimated_witness,2.0,0.9,10.0,0.3230091394574012
121,estimated_witness,1.0,0.75,10.0,0.3236865903617185
121,estimated_witness,2.0,1.0,10.0,0.327300133012855
121,estimated_witness,0.5,0.75,10.0,0.33008903809615936
121,estimated_witness,1.0,0.9,10.0,0.3302866808122394
121,estimated_witness,1.0,1.0,10.0,0.3350683080085379
121,estimated_witness,0.25,0.75,10.0,0.33549477068693134
121,estimated_witness,0.25,1.0,3.0,0.33663465236608364
121,estimated_witness,0.5,0.9,10.0,0.33798872348135617
121,estimated_witness,0.5,1.0,10.0,0.3436883271278372
121,estimated_witness,0.25,0.9,10.0,0.3447490486304679
121,estimated_witness,0.25,1.0,10.0,0.3514301579311323
121,geometry_only,0.25,0.0,1.0,0.2193873097915203
121,geometry_only,0.25,0.0,0.3,0.23237119231414385
121,geometry_only,0.25,0.0,3.0,0.24673408730650181
121,geometry_only,0.25,0.0,0.1,0.2630007470896563
121,geometry_only,0.25,0.0,0.03,0.29222822783982977
121,geometry_only,0.25,0.0,10.0,0.30027059876065937
122,estimated_witness,4.0,0.75,0.3,0.20043567245819469
122,estimated_witness,4.0,0.75,0.1,0.20073703950817734
122,estimated_witness,4.0,0.5,0.3,0.2018175796616367
122,estimated_witness,2.0,0.5,0.3,0.20307906822189362
122,estimated_witness,0.5,0.5,0.3,0.2042659013699855
122,estimated_witness,0.25,0.5,0.3,0.20454779996959357
122,estimated_witness,1.0,0.5,0.3,0.2047342382520426
122,estimated_witness,0.5,0.25,0.3,0.20523706337892264
122,estimated_witness,0.25,0.25,0.3,0.2058031663659858
122,estimated_witness,4.0,0.25,1.0,0.20583345066272493
122,estimated_witness,4.0,0.5,1.0,0.2062474674008636
122,estimated_witness,0.5,0.25,1.0,0.2063373750345238
122,estimated_witness,2.0,0.25,1.0,0.20636934522487846
122,estimated_witness,2.0,0.5,0.1,0.20640666204505217
122,estimated_witness,0.25,0.5,0.1,0.2065215681232059
122,estimated_witness,0.5,0.1,1.0,0.20656350347905497
122,estimated_witness,4.0,0.5,0.1,0.20659933037887987
122,estimated_witness,1.0,0.25,0.3,0.206670024329637
122,estimated_witness,1.0,0.25,1.0,0.20670609453678226
122,estimated_witness,0.25,0.25,1.0,0.20671728298075323
122,estimated_witness,0.25,0.1,1.0,0.20678764372694527
122,estimated_witness,4.0,0.9,0.1,0.20684425784321456
122,estimated_witness,1.0,0.1,1.0,0.20687095805016376
122,estimated_witness,0.5,0.5,0.1,0.20689176566086243
122,estimated_witness,4.0,0.1,1.0,0.2069975576777745
122,estimated_witness,2.0,0.1,1.0,0.20705579220647227
122,estimated_witness,4.0,0.9,0.3,0.2073537194459144
122,estimated_witness,2.0,0.75,0.3,0.20739297063310566
122,estimated_witness,1.0,0.5,0.1,0.207740170653009
122,estimated_witness,4.0,0.75,0.03,0.2078170822323768
122,estimated_witness,2.0,0.25,0.3,0.20811017284290934
122,estimated_witness,0.25,0.0,1.0,0.20813161185406173
122,estimated_witness,2.0,0.75,0.1,0.20822365518437572
122,estimated_witness,2.0,0.5,1.0,0.20856171897469947
122,estimated_witness,4.0,0.25,0.3,0.20948066136986662
122,estimated_witness,0.5,0.25,0.1,0.2110146501521604
122,estimated_witness,1.0,0.5,1.0,0.2112213143276492
122,estimated_witness,0.25,0.5,0.03,0.21181162806919007
122,estimated_witness,0.5,0.5,1.0,0.21188140358477767
122,estimated_witness,0.25,0.25,0.1,0.21192258741578462
122,estimated_witness,0.5,0.1,0.3,0.21219413022774955
122,estimated_witness,4.0,0.75,1.0,0.21240243163423655
122,estimated_witness,0.25,0.1,0.3,0.21269666526888098
122,estimated_witness,0.25,0.5,1.0,0.21282813496488318
122,estimated_witness,1.0,0.25,0.1,0.21285392396921912
122,estimated_witness,4.0,0.9,0.03,0.2132487311570119
122,estimated_witness,1.0,0.1,0.3,0.21343916073202207
122,estimated_witness,0.5,0.5,0.03,0.21428734961686904
122,estimated_witness,1.0,0.75,0.3,0.21501059517597357
122,estimated_witness,2.0,0.1,0.3,0.21502882301116663
122,estimated_witness,2.0,0.5,0.03,0.2150977338765417
122,estimated_witness,4.0,0.5,0.03,0.21525946217507316
122,estimated_witness,2.0,0.25,0.1,0.21592202368072252
122,estimated_witness,2.0,0.75,0.03,0.21598836931283846
122,estimated_witness,4.0,0.1,0.3,0.21631372857844763
122,estimated_witness,1.0,0.5,0.03,0.21633739885296854
122,estimated_witness,1.0,0.75,0.1,0.21644379476067965
122,estimated_witness,0.25,0.75,0.1,0.21674642623028628
122,estimated_witness,0.5,0.75,0.3,0.21704140849406742
122,estimated_witness,0.5,0.75,0.1,0.21722306149817908
122,estimated_witness,2.0,0.75,1.0,0.21754288828415028
122,estimated_witness,0.25,0.0,3.0,0.21790383366457058
122,estimated_witness,0.25,0.75,0.3,0.21825743204943396
122,estimated_witness,4.0,0.1,3.0,0.21879023685487742
122,estimated_witness,0.25,0.75,0.03,0.21923271253609142
122,estimated_witness,2.0,0.1,3.0,0.21941232286109844
122,estimated_witness,2.0,0.9,0.3,0.21952397169280313
122,estimated_witness,1.0,0.1,3.0,0.21973464595973471
122,estimated_witness,0.5,0.1,3.0,0.2198554154061488
122,estimated_witness,4.0,0.25,0.1,0.2200215787709252
122,estimated_witness,0.25,0.1,3.0,0.220180368899342
122,estimated_witness,0.5,0.25,0.03,0.22020573563138543
122,estimated_witness,0.25,0.25,0.03,0.22033163106470152
122,estimated_witness,4.0,0.25,3.0,0.2214589824519477
122,estimated_witness,2.0,0.9,0.1,0.2217940419828479
122,estimated_witness,1.0,0.25,0.03,0.22197885994885547
122,estimated_witness,0.5,0.75,0.03,0.22204778730137206
122,estimated_witness,0.25,0.0,0.3,0.22204861861087108
122,estimated_witness,4.0,0.9,1.0,0.2224624346165196
122,estimated_witness,0.5,0.1,0.1,0.2225493393874025
122,estimated_witness,2.0,0.25,3.0,0.22260336757029905
122,estimated_witness,1.0,0.75,0.03,0.22351966986809604
122,estimated_witness,4.0,1.0,0.3,0.22354282137378556
122,estimated_witness,1.0,0.25,3.0,0.2235806916941205
122,estimated_witness,0.25,0.1,0.1,0.2237795266502606
122,estimated_witness,0.5,0.25,3.0,0.22401244153845337
122,estimated_witness,1.0,0.75,1.0,0.22448439309459114
122,estimated_witness,0.25,0.25,3.0,0.22476144618078123
122,estimated_witness,1.0,0.1,0.1,0.22491274822914728
122,estimated_witness,2.0,0.25,0.03,0.22506202074266501
122,estimated_witness,4.0,0.5,3.0,0.228124259622548
122,estimated_witness,0.5,0.75,1.0,0.2281558573267406
122,estimated_witness,2.0,0.1,0.1,0.22893022769461205
122,estimated_witness,2.0,0.9,1.0,0.229370067519328
122,estimated_witness,2.0,0.5,3.0,0.230154043483729
122,estimated_witness,2.0,0.9,0.03,0.23034580959674575
122,estimated_witness,4.0,0.25,0.03,0.23043920869637624
122,estimated_witness,0.25,0.75,1.0,0.231296574398557
122,estimated_witness,1.0,0.9,0.3,0.23265930457012032
122,estimated_witness,0.5,0.1,0.03,0.2327295828572968
122,estimated_witness,1.0,0.5,3.0,0.23282218675906807
122,estimated_witness,4.0,0.1,0.1,0.23296994955813255
122,estimated_witness,4.0,1.0,0.1,0.23381617068427385
122,estimated_witness,0.5,0.5,3.0,0.23449551385345982
122,estimated_witness,0.25,0.1,0.03,0.23476800248040128
122,estimated_witness,1.0,0.1,0.03,0.2352265694370009
122,estimated_witness,1.0,0.9,0.1,0.23569409588345858
122,estimated_witness,4.0,1.0,1.0,0.2357100134947406
122,estimated_witness,0.25,0.5,3.0,0.2363955330248921
122,estimated_witness,0.5,0.9,0.3,0.23789396768359514
122,estimated_witness,0.5,0.9,0.1,0.23815470570195107
122,estimated_witness,2.0,1.0,0.3,0.23900886173542266
122,estimated_witness,4.0,0.75,3.0,0.239317429133878
122,estimated_witness,0.25,0.9,0.1,0.23983583164290156
122,estimated_witness,1.0,0.9,1.0,0.24012964960854136
122,estimated_witness,2.0,0.1,0.03,0.24096838226056996
122,estimated_witness,0.25,0.9,0.03,0.2411487345728326
122,estimated_witness,0.5,0.9,0.03,0.24208375942816387
122,estimated_witness,2.0,0.75,3.0,0.24214102499531528
122,estimated_witness,0.25,0.9,0.3,0.24220493578519509
122,estimated_witness,2.0,1.0,1.0,0.24292163981734263
122,estimated_witness,1.0,0.9,0.03,0.24303878275317048
122,estimated_witness,0.25,0.0,0.1,0.24674233826463665
122,estimated_witness,1.0,0.75,3.0,0.2472349273754421
122,estimated_witness,0.5,0.9,1.0,0.2474127106972929
122,estimated_witness,4.0,0.1,0.03,0.24822938212639775
122,estimated_witness,4.0,0.9,3.0,0.2498563560853869
122,estimated_witness,0.5,0.75,3.0,0.25134919874756995
122,estimated_witness,4.0,0.1,10.0,0.251976035678993
122,estimated_witness,0.25,0.0,10.0,0.25217179499718145
122,estimated_witness,2.0,1.0,0.1,0.2525855739878788
122,estimated_witness,2.0,0.9,3.0,0.25283596699850475
122,estimated_witness,2.0,0.1,10.0,0.25327993373419627
122,estimated_witness,0.25,0.9,1.0,0.25411569399650086
122,estimated_witness,1.0,0.1,10.0,0.25421040717166316
122,estimated_witness,4.0,0.25,10.0,0.25439516150957475
122,estimated_witness,0.5,0.1,10.0,0.25474256779221555
122,estimated_witness,0.25,0.1,10.0,0.2551967236157335
122,estimated_witness,0.25,0.75,3.0,0.25560402831594353
122,estimated_witness,1.0,1.0,0.3,0.2563224559094322
122,estimated_witness,2.0,0.25,10.0,0.25645286748406093
122,estimated_witness,1.0,1.0,1.0,0.2567188022563338
122,estimated_witness,1.0,0.25,10.0,0.2581572792588212
122,estimated_witness,0.5,0.25,10.0,0.25924586297467966
122,estimated_witness,4.0,1.0,3.0,0.25955272482020725
122,estimated_witness,1.0,0.9,3.0,0.2597521336088054
122,estimated_witness,0.25,0.25,10.0,0.26028001808324225
122,estimated_witness,4.0,0.5,10.0,0.2606661372142856
122,estimated_witness,2.0,1.0,3.0,0.26226065001241744
122,estimated_witness,2.0,0.5,10.0,0.263354534660783
122,estimated_witness,0.5,1.0,0.3,0.2649599836866948
122,estimated_witness,4.0,1.0,0.03,0.26590001895302523
122,estimated_witness,1.0,0.5,10.0,0.2661444183680895
122,estimated_witness,0.5,0.9,3.0,0.26620065888305144
122,estimated_witness,1.0,1.0,0.1,0.26768980310295554
122,estimated_witness,0.5,1.0,1.0,0.2677702050316734
122,estimated_witness,0.5,0.5,10.0,0.26822707181838573
122,estimated_witness,4.0,0.75,10.0,0.2688364656338816
122,estimated_witness,0.5,1.0,0.1,0.2697090698949586
122,estimated_witness,0.25,0.5,10.0,0.2703243216459375
122,estimated_witness,1.0,1.0,3.0,0.2705146179486237
122,estimated_witness,2.0,0.75,10.0,0.27190758194221
122,estimated_witness,0.25,0.9,3.0,0.2730029076030209
122,estimated_witness,0.25,1.0,0.3,0.2745529681868804
122,estimated_witness,4.0,0.9,10.0,0.2747511125905021
122,estimated_witness,0.25,1.0,0.1,0.2748992416974016
122,estimated_witness,1.0,0.75,10.0,0.2758484090548265
122,estimated_witness,0.25,0.0,0.03,0.27630330695817024
122,estimated_witness,0.25,1.0,0.03,0.2765152349991535
122,estimated_witness,0.5,1.0,0.03,0.2766874549417095
122,estimated_witness,2.0,0.9,10.0,0.2779588619465974
122,estimated_witness,0.5,1.0,3.0,0.27904597044634183
122,estimated_witness,0.25,1.0,1.0,0.27915101881250687
122,estimated_witness,4.0,1.0,10.0,0.2791990389571092
122,estimated_witness,0.5,0.75,10.0,0.279228171358332
122,estimated_witness,2.0,1.0,0.03,0.28101167413039274
122,estimated_witness,2.0,1.0,10.0,0.2824502735380722
122,estimated_witness,1.0,0.9,10.0,0.28264868891978395
122,estimated_witness,0.25,0.75,10.0,0.28273234601444347
122,estimated_witness,1.0,1.0,0.03,0.2858956251700397
122,estimated_witness,0.5,0.9,10.0,0.2869983528424679
122,estimated_witness,1.0,1.0,10.0,0.2876652189994383
122,estimated_witness,0.25,1.0,3.0,0.28837626814466916
122,estimated_witness,0.25,0.9,10.0,0.29159323954858496
122,estimated_witness,0.5,1.0,10.0,0.29275662586675405
122,estimated_witness,0.25,1.0,10.0,0.2982126149514098
122,geometry_only,0.25,0.0,1.0,0.20813161185406173
122,geometry_only,0.25,0.0,3.0,0.21790383366457058
122,geometry_only,0.25,0.0,0.3,0.22204861861087108
122,geometry_only,0.25,0.0,0.1,0.24674233826463665
122,geometry_only,0.25,0.0,10.0,0.25217179499718145
122,geometry_only,0.25,0.0,0.03,0.27630330695817024
123,estimated_witness,2.0,0.5,0.3,0.12679551179659784
123,estimated_witness,1.0,0.5,0.3,0.1268397564841766
123,estimated_witness,4.0,0.75,0.1,0.1273505255099163
123,estimated_witness,1.0,0.5,0.1,0.12752981584106524
123,estimated_witness,2.0,0.75,0.1,0.12800890146470356
123,estimated_witness,4.0,0.5,0.3,0.12857094603594618
123,estimated_witness,4.0,0.75,0.3,0.1286543152940447
123,estimated_witness,0.5,0.5,0.1,0.12869183801287995
123,estimated_witness,1.0,0.25,0.3,0.12907867730128145
123,estimated_witness,0.5,0.25,0.3,0.12930009570341186
123,estimated_witness,2.0,0.75,0.3,0.12961470359109273
123,estimated_witness,2.0,0.5,0.1,0.12964052901605022
123,estimated_witness,4.0,0.9,0.1,0.12980295707100017
123,estimated_witness,0.5,0.5,0.3,0.1298686975984388
123,estimated_witness,2.0,0.25,0.3,0.1312861232112466
123,estimated_witness,1.0,0.75,0.1,0.13139567451559056
123,estimated_witness,0.25,0.25,0.3,0.13167709655562035
123,estimated_witness,0.25,0.5,0.1,0.13237792641179708
123,estimated_witness,0.5,0.25,0.1,0.1325232228579839
123,estimated_witness,4.0,0.5,0.1,0.1335649371976206
123,estimated_witness,0.25,0.25,0.1,0.13360727759666224
123,estimated_witness,0.5,0.5,0.03,0.1339372086303792
123,estimated_witness,2.0,0.9,0.1,0.1340484991892278
123,estimated_witness,0.25,0.5,0.03,0.13405993507665406
123,estimated_witness,1.0,0.75,0.3,0.13408975603769116
123,estimated_witness,4.0,0.25,0.3,0.13420171007030945
123,estimated_witness,1.0,0.25,0.1,0.1344105506551665
123,estimated_witness,0.25,0.5,0.3,0.13517103046248732
123,estimated_witness,0.5,0.1,0.3,0.13540957559661582
123,estimated_witness,4.0,0.9,0.3,0.1355939456579774
123,estimated_witness,1.0,0.1,0.3,0.13594012080737675
123,estimated_witness,1.0,0.5,0.03,0.13595843676474542
123,estimated_witness,0.25,0.1,0.3,0.13639744170472032
123,estimated_witness,2.0,0.75,0.03,0.13662844102908936
123,estimated_witness,1.0,0.75,0.03,0.1375083978752358
123,estimated_witness,1.0,0.25,1.0,0.13790692921784864
123,estimated_witness,2.0,0.1,0.3,0.13793523343589723
123,estimated_witness,2.0,0.25,1.0,0.13805399611978877
123,estimated_witness,2.0,0.9,0.3,0.13817601498950768
123,estimated_witness,1.0,0.1,1.0,0.1384004223452389
123,estimated_witness,0.5,0.75,0.1,0.13849016300140707
123,estimated_witness,2.0,0.1,1.0,0.13855382093073354
123,estimated_witness,4.0,0.75,0.03,0.13865846432173298
123,estimated_witness,0.5,0.1,1.0,0.13870302744628155
123,estimated_witness,4.0,0.25,1.0,0.13881598255468272
123,estimated_witness,4.0,0.1,1.0,0.13886208687520238
123,estimated_witness,0.5,0.25,1.0,0.13906796632625543
123,estimated_witness,0.25,0.25,0.03,0.13912381783065203
123,estimated_witness,0.25,0.1,1.0,0.13952464502252818
123,estimated_witness,2.0,0.25,0.1,0.13975220776303834
123,estimated_witness,4.0,0.9,0.03,0.1399385936282853
123,estimated_witness,4.0,0.1,0.3,0.14001202743955563
123,estimated_witness,0.25,0.0,1.0,0.14012333764829732
123,estimated_witness,2.0,0.5,1.0,0.14100531827858595
123,estimated_witness,0.25,0.25,1.0,0.14136917881799183
123,estimated_witness,0.5,0.75,0.03,0.1413877050830056
123,estimated_witness,2.0,0.5,0.03,0.14140802984815343
123,estimated_witness,0.5,0.25,0.03,0.1415655072307999
123,estimated_witness,4.0,0.5,1.0,0.14186398665319996
123,estimated_witness,2.0,0.9,0.03,0.1418788772417533
123,estimated_witness,1.0,0.5,1.0,0.14200108598951766
123,estimated_witness,1.0,0.9,0.1,0.14254319025200912
123,estimated_witness,0.5,0.75,0.3,0.1426730402101177
123,estimated_witness,0.5,0.1,0.1,0.14457597186608565
123,estimated_witness,0.25,0.1,0.1,0.14487657672452384
123,estimated_witness,0.5,0.5,1.0,0.14566681859618258
123,estimated_witness,0.25,0.0,0.3,0.14587928182857027
123,estimated_witness,4.0,0.25,0.1,0.1460507880300094
123,estimated_witness,1.0,0.9,0.3,0.14663860200084852
123,estimated_witness,1.0,0.1,0.1,0.14711111024050486
123,estimated_witness,1.0,0.25,0.03,0.1472004228204223
123,estimated_witness,0.25,0.75,0.03,0.1474868903279324
123,estimated_witness,1.0,0.9,0.03,0.14801736127303342
123,estimated_witness,0.25,0.75,0.1,0.14805146929835877
123,estimated_witness,4.0,0.5,0.03,0.1490569317703813
123,estimated_witness,4.0,1.0,0.1,0.14915903784716608
123,estimated_witness,2.0,0.75,1.0,0.15066896849957107
123,estimated_witness,0.25,0.5,1.0,0.15113381051415334
123,estimated_witness,4.0,0.75,1.0,0.15151877690685156
123,estimated_witness,4.0,1.0,0.3,0.15178284774315445
123,estimated_witness,2.0,1.0,0.1,0.15224653556457046
123,estimated_witness,2.0,0.1,0.1,0.1525272582806754
123,estimated_witness,2.0,1.0,0.3,0.15310018435606776
123,estimated_witness,0.25,0.75,0.3,0.15376390421943367
123,estimated_witness,1.0,0.75,1.0,0.1539723594778213
123,estimated_witness,0.25,0.1,0.03,0.1562533476733358
123,estimated_witness,0.5,0.9,0.1,0.15654030440759345
123,estimated_witness,2.0,0.25,0.03,0.1570857374447522
123,estimated_witness,4.0,0.1,0.1,0.15800649338968734
123,estimated_witness,0.5,0.9,0.03,0.15855184721073748
123,estimated_witness,0.5,0.1,0.03,0.15891930724110306
123,estimated_witness,0.25,0.0,3.0,0.16128560714983925
123,estimated_witness,0.5,0.9,0.3,0.16140856021283348
123,estimated_witness,4.0,0.1,3.0,0.16173068883725564
123,estimated_witness,0.5,0.75,1.0,0.16205558038679052
123,estimated_witness,2.0,0.1,3.0,0.16216032855214116
123,estimated_witness,2.0,0.9,1.0,0.1625911658678489
123,estimated_witness,1.0,0.1,3.0,0.1627100377113834
123,estimated_witness,1.0,1.0,0.1,0.16282522181714346
123,estimated_witness,0.5,0.1,3.0,0.16328545455208757
123,estimated_witness,0.25,0.1,3.0,0.16394557597335166
123,estimated_witness,1.0,1.0,0.3,0.16397575194331024
123,estimated_witness,4.0,0.9,1.0,0.16434368442507424
123,estimated_witness,4.0,0.25,3.0,0.16508233767206282
123,estimated_witness,2.0,0.25,3.0,0.16535090809286523
123,estimated_witness,1.0,0.1,0.03,0.16548891369956267
123,estimated_witness,1.0,0.25,3.0,0.16616443204157005
123,estimated_witness,0.5,0.25,3.0,0.1675427662209279
123,estimated_witness,1.0,0.9,1.0,0.16767495942761199
123,estimated_witness,4.0,0.25,0.03,0.168277625733967
123,estimated_witness,0.25,0.25,3.0,0.1693450458479615
123,estimated_witness,2.0,1.0,0.03,0.16968907387880303
123,estimated_witness,0.25,0.0,0.1,0.17224248087491678
123,estimated_witness,0.25,0.75,1.0,0.17277538626657263
123,estimated_witness,0.25,0.9,0.03,0.17281041503415584
123,estimated_witness,1.0,1.0,0.03,0.1731717271646144
123,estimated_witness,2.0,0.5,3.0,0.17347715307672462
123,estimated_witness,4.0,0.5,3.0,0.1737419133769783
123,estimated_witness,0.25,0.9,0.1,0.17389723544366417
123,estimated_witness,1.0,0.5,3.0,0.17481238640218624
123,estimated_witness,4.0,1.0,0.03,0.1752259744883676
123,estimated_witness,2.0,1.0,1.0,0.175748257504618
123,estimated_witness,2.0,0.1,0.03,0.1761225025091988
123,estimated_witness,0.5,0.5,3.0,0.17801311665403008
123,estimated_witness,4.0,1.0,1.0,0.17959571679825073
123,estimated_witness,0.25,0.9,0.3,0.1796274977031834
123,estimated_witness,0.5,0.9,1.0,0.17999864031508025
123,estimated_witness,1.0,1.0,1.0,0.18186584334376696
123,estimated_witness,0.25,0.5,3.0,0.18235684774223157
123,estimated_witness,0.5,1.0,0.1,0.18240038434621716
123,estimated_witness,0.5,1.0,0.3,0.18454924137553816
123,estimated_witness,2.0,0.75,3.0,0.1861154757327137
123,estimated_witness,0.5,1.0,0.03,0.18629364504639537
123,estimated_witness,4.0,0.1,0.03,0.18668573593365712
123,estimated_witness,4.0,0.75,3.0,0.18735967414079438
123,estimated_witness,1.0,0.75,3.0,0.18820561220031284
123,estimated_witness,0.5,0.75,3.0,0.1940894757050684
123,estimated_witness,0.25,0.9,1.0,0.19615838770268457
123,estimated_witness,2.0,0.9,3.0,0.1969477280056826
123,estimated_witness,0.5,1.0,1.0,0.1980017100383822
123,estimated_witness,4.0,0.9,3.0,0.19931092640524853
123,estimated_witness,1.0,0.9,3.0,0.1995311808753797
123,estimated_witness,0.25,0.75,3.0,0.20214021897382076
123,estimated_witness,4.0,0.1,10.0,0.2025108573839224
123,estimated_witness,0.25,0.0,10.0,0.20283056599535607
123,estimated_witness,2.0,0.1,10.0,0.20353156261823768
123,estimated_witness,1.0,0.1,10.0,0.2045224724039257
123,estimated_witness,4.0,0.25,10.0,0.20497511657843445
123,estimated_witness,0.5,0.1,10.0,0.20522886059055975
123,estimated_witness,0.25,0.1,10.0,0.20573122549274903
123,estimated_witness,2.0,1.0,3.0,0.20613494873508156
123,estimated_witness,2.0,0.25,10.0,0.20634756289209788
123,estimated_witness,0.5,0.9,3.0,0.20760657493674609
123,estimated_witness,1.0,0.25,10.0,0.2079543802360239
123,estimated_witness,0.25,1.0,0.1,0.20829119818707623
123,estimated_witness,0.25,1.0,0.03,0.20873038728499652
123,estimated_witness,1.0,1.0,3.0,0.20900059644193267
123,estimated_witness,0.5,0.25,10.0,0.2093868937375822
123,estimated_witness,4.0,1.0,3.0,0.209685748319508
123,estimated_witness,0.25,0.25,10.0,0.2106053430711963
123,estimated_witness,0.25,1.0,0.3,0.21068784157605233
123,estimated_witness,4.0,0.5,10.0,0.21160873268945504
123,estimated_witness,2.0,0.5,10.0,0.21289673325080247
123,estimated_witness,0.25,0.0,0.03,0.21386942754406654
123,estimated_witness,1.0,0.5,10.0,0.21501341638004642
123,estimated_witness,0.5,0.5,10.0,0.21754537540153937
123,estimated_witness,0.25,0.9,3.0,0.21880976920535475
123,estimated_witness,0.5,1.0,3.0,0.2188583352611897
123,estimated_witness,0.25,1.0,1.0,0.21963006182997077
123,estimated_witness,0.25,0.5,10.0,0.22011525789172223
123,estimated_witness,4.0,0.75,10.0,0.22016396031751062
123,estimated_witness,2.0,0.75,10.0,0.22106032673721346
123,estimated_witness,1.0,0.75,10.0,0.2235358042460421
123,estimated_witness,4.0,0.9,10.0,0.22621239564680876
123,estimated_witness,2.0,0.9,10.0,0.22675351374612066
123,estimated_witness,0.5,0.75,10.0,0.2272906731455344
123,estimated_witness,1.0,0.9,10.0,0.22941965545790277
123,estimated_witness,4.0,1.0,10.0,0.23067159790294348
123,estimated_witness,2.0,1.0,10.0,0.2309186287215588
123,estimated_witness,0.25,0.75,10.0,0.2315350610705289
123,estimated_witness,0.25,1.0,3.0,0.23276126272080075
123,estimated_witness,1.0,1.0,10.0,0.23370400073001887
123,estimated_witness,0.5,0.9,10.0,0.2340088601323711
123,estimated_witness,0.5,1.0,10.0,0.23890044046862746
123,estimated_witness,0.25,0.9,10.0,0.23945293234359308
123,estimated_witness,0.25,1.0,10.0,0.24524103166437947
123,geometry_only,0.25,0.0,1.0,0.14012333764829732
123,geometry_only,0.25,0.0,0.3,0.14587928182857027
123,geometry_only,0.25,0.0,3.0,0.16128560714983925
123,geometry_only,0.25,0.0,0.1,0.17224248087491678
123,geometry_only,0.25,0.0,10.0,0.20283056599535607
123,geometry_only,0.25,0.0,0.03,0.21386942754406654
124,estimated_witness,1.0,0.75,0.1,0.18343756042664458
124,estimated_witness,2.0,0.75,0.1,0.1856698395260213
124,estimated_witness,2.0,0.9,0.1,0.18671464301624843
124,estimated_witness,0.5,0.5,0.1,0.18760032036091912
124,estimated_witness,4.0,0.9,0.1,0.18781575021439037
124,estimated_witness,1.0,0.75,0.03,0.18794257231036035
124,estimated_witness,1.0,0.9,0.03,0.1883362474542399
124,estimated_witness,1.0,0.9,0.1,0.1884677965221385
124,estimated_witness,2.0,0.9,0.03,0.18877822538892777
124,estimated_witness,0.5,0.75,0.1,0.18944253166482214
124,estimated_witness,4.0,0.75,0.1,0.18944832699770298
124,estimated_witness,1.0,0.5,0.1,0.18992778983072103
124,estimated_witness,1.0,0.5,0.3,0.19008142323194518
124,estimated_witness,0.5,0.75,0.03,0.19020153446500743
124,estimated_witness,0.5,0.5,0.3,0.19096217059558715
124,estimated_witness,0.25,0.5,0.1,0.19133385530520097
124,estimated_witness,1.0,0.75,0.3,0.19141524408036728
124,estimated_witness,4.0,0.9,0.03,0.19189092948082076
124,estimated_witness,2.0,0.75,0.3,0.1920244644847832
124,estimated_witness,0.25,0.5,0.03,0.19236020969982395
124,estimated_witness,0.5,0.5,0.03,0.19240929536946638
124,estimated_witness,2.0,0.5,0.3,0.19339246403531332
124,estimated_witness,2.0,0.75,0.03,0.19490611589449244
124,estimated_witness,4.0,0.75,0.3,0.19524299927070418
124,estimated_witness,0.25,0.5,0.3,0.196596032634092
124,estimated_witness,0.5,0.25,0.3,0.19676429462290068
124,estimated_witness,2.0,0.5,0.1,0.196786686584241
124,estimated_witness,4.0,0.5,0.3,0.19779303420501945
124,estimated_witness,0.25,0.25,0.3,0.19787061860720057
124,estimated_witness,0.5,0.75,0.3,0.19835380301834485
124,estimated_witness,1.0,0.25,0.3,0.19898647983895634
124,estimated_witness,1.0,0.5,0.03,0.19990113028047674
124,estimated_witness,0.25,0.25,0.1,0.1999152970542066
124,estimated_witness,0.5,0.9,0.03,0.2006839718402104
124,estimated_witness,2.0,0.9,0.3,0.20083713699745873
124,estimated_witness,0.25,0.75,0.03,0.20087647950397605
124,estimated_witness,0.5,0.25,0.1,0.20110263187332503
124,estimated_witness,1.0,0.9,0.3,0.2016082373598503
124,estimated_witness,0.5,0.9,0.1,0.20208670057887024
124,estimated_witness,4.0,0.75,0.03,0.20261434274909082
124,estimated_witness,0.25,0.75,0.1,0.20263155403283858
124,estimated_witness,2.0,0.25,0.3,0.20325738769633617
124,estimated_witness,4.0,0.9,0.3,0.20411042598303167
124,estimated_witness,4.0,0.5,0.1,0.20418509370482632
124,estimated_witness,0.25,0.25,0.03,0.20618200492016733
124,estimated_witness,1.0,0.25,0.1,0.20740376066332375
124,estimated_witness,4.0,0.25,0.3,0.20763835674053222
124,estimated_witness,0.25,0.1,0.3,0.2080389128335498
124,estimated_witness,0.5,0.1,0.3,0.2083620137983464
124,estimated_witness,1.0,0.25,1.0,0.20907856838922365
124,estimated_witness,0.5,0.25,1.0,0.20915530263124718
124,estimated_witness,1.0,1.0,0.1,0.20922035292272698
124,estimated_witness,1.0,0.1,0.3,0.21054195862397948
124,estimated_witness,0.5,0.1,1.0,0.21070633875079628
124,estimated_witness,2.0,0.25,1.0,0.21081468848946752
124,estimated_witness,1.0,0.5,1.0,0.2109106015168847
124,estimated_witness,1.0,0.1,1.0,0.210980483645855
124,estimated_witness,0.25,0.25,1.0,0.21106136743435575
124,estimated_witness,0.25,0.1,1.0,0.21118489504457996
124,estimated_witness,0.5,0.25,0.03,0.21123914373056896
124,estimated_witness,0.25,0.75,0.3,0.21171439267666478
124,estimated_witness,2.0,1.0,0.1,0.21183541194119818
124,estimated_witness,2.0,0.1,1.0,0.21194563463098867
124,estimated_witness,2.0,0.5,0.03,0.21243210289647615
124,estimated_witness,2.0,0.5,1.0,0.21283962425440894
124,estimated_witness,0.5,0.5,1.0,0.2129622888631083
124,estimated_witness,4.0,0.25,1.0,0.21304508226800478
124,estimated_witness,4.0,0.1,1.0,0.21306259406384934
124,estimated_witness,1.0,1.0,0.03,0.2133185997328473
124,estimated_witness,0.5,0.9,0.3,0.21338297227053662
124,estimated_witness,2.0,0.1,0.3,0.2135379217792023
124,estimated_witness,0.25,0.0,1.0,0.21366889709748482
124,estimated_witness,4.0,0.1,0.3,0.21630238725112746
124,estimated_witness,2.0,0.25,0.1,0.21633674782162737
124,estimated_witness,4.0,0.5,1.0,0.2163498646937625
124,estimated_witness,0.25,0.5,1.0,0.2184676049693756
124,estimated_witness,4.0,1.0,0.1,0.21861713966730267
124,estimated_witness,1.0,1.0,0.3,0.2198504292277695
124,estimated_witness,2.0,1.0,0.03,0.22015707649193783
124,estimated_witness,1.0,0.75,1.0,0.22088152187670132
124,estimated_witness,0.25,0.1,0.1,0.22117247586743657
124,estimated_witness,2.0,1.0,0.3,0.22197798977535985
124,estimated_witness,0.25,0.9,0.03,0.22201154237426426
124,estimated_witness,2.0,0.75,1.0,0.22247685143455753
124,estimated_witness,1.0,0.25,0.03,0.22282971222485673
124,estimated_witness,0.5,0.1,0.1,0.22329408010709026
124,estimated_witness,0.25,0.0,0.3,0.2237180957691417
124,estimated_witness,0.5,1.0,0.1,0.2239799359195277
124,estimated_witness,0.5,1.0,0.03,0.22428866157208002
124,estimated_witness,0.25,0.9,0.1,0.22449874012164073
124,estimated_witness,4.0,0.5,0.03,0.22469245826625847
124,estimated_witness,4.0,0.25,0.1,0.22529213822207714
124,estimated_witness,0.5,0.75,1.0,0.2263756126819637
124,estimated_witness,4.0,0.75,1.0,0.22756595149639505
124,estimated_witness,4.0,1.0,0.03,0.22863786161417696
124,estimated_witness,1.0,0.1,0.1,0.2293466709667972
124,estimated_witness,4.0,1.0,0.3,0.2299052831947015
124,estimated_witness,0.5,1.0,0.3,0.23337309958111843
124,estimated_witness,1.0,0.9,1.0,0.23378768990984886
124,estimated_witness,0.25,0.9,0.3,0.2341050450666238
124,estimated_witness,2.0,0.9,1.0,0.23568776570166516
124,estimated_witness,0.25,0.1,0.03,0.23601292284853448
124,estimated_witness,2.0,0.1,0.1,0.23687421962110444
124,estimated_witness,0.25,0.75,1.0,0.23746990839819007
124,estimated_witness,2.0,0.25,0.03,0.23747414241246054
124,estimated_witness,0.25,0.0,3.0,0.2389445812319891
124,estimated_witness,1.0,0.1,3.0,0.23997423411828
124,estimated_witness,0.5,0.1,3.0,0.24006053891610765
124,estimated_witness,2.0,0.1,3.0,0.24041032006251115
124,estimated_witness,0.25,0.1,3.0,0.2405719025080714
124,estimated_witness,4.0,0.1,3.0,0.24101622251711105
124,estimated_witness,0.5,0.1,0.03,0.2410246930109835
124,estimated_witness,0.5,0.9,1.0,0.2419775941520005
124,estimated_witness,1.0,0.25,3.0,0.24285912920677635
124,estimated_witness,4.0,0.9,1.0,0.24303860955516007
124,estimated_witness,0.5,0.25,3.0,0.2432585165732437
124,estimated_witness,4.0,0.1,0.1,0.2438404150992516
124,estimated_witness,2.0,0.25,3.0,0.2438766748689032
124,estimated_witness,0.25,0.25,3.0,0.2447598318870766
124,estimated_witness,4.0,0.25,3.0,0.24542019167612703
124,estimated_witness,1.0,1.0,1.0,0.24785963536177644
124,estimated_witness,1.0,0.5,3.0,0.2505325984059051
124,estimated_witness,2.0,1.0,1.0,0.2510926178579181
124,estimated_witness,4.0,0.25,0.03,0.2513104315301795
124,estimated_witness,1.0,0.1,0.03,0.2517517322612203
124,estimated_witness,0.5,0.5,3.0,0.2520612359425947
124,estimated_witness,2.0,0.5,3.0,0.2522126128078796
124,estimated_witness,0.25,1.0,0.03,0.2526403621522472
124,estimated_witness,0.25,1.0,0.1,0.2538148713619021
124,estimated_witness,4.0,0.5,3.0,0.25533580697176944
124,estimated_witness,0.25,0.5,3.0,0.25598600118558557
124,estimated_witness,0.5,1.0,1.0,0.25788874248700705
124,estimated_witness,0.25,0.9,1.0,0.25824103123469516
124,estimated_witness,0.25,1.0,0.3,0.2609304329945466
124,estimated_witness,4.0,1.0,1.0,0.2619676645071953
124,estimated_witness,1.0,0.75,3.0,0.2628417130365354
124,estimated_witness,0.25,0.0,0.1,0.2630263186260691
124,estimated_witness,2.0,0.1,0.03,0.264363714397653
124,estimated_witness,2.0,0.75,3.0,0.26514206404660734
124,estimated_witness,0.5,0.75,3.0,0.2661900211478345
124,estimated_witness,4.0,0.75,3.0,0.27038598538375974
124,estimated_witness,1.0,0.9,3.0,0.2734564365397507
124,estimated_witness,0.25,0.75,3.0,0.2737061171454644
124,estimated_witness,4.0,0.1,0.03,0.27615915679989217
124,estimated_witness,2.0,0.9,3.0,0.2763266748202701
124,estimated_witness,0.5,0.9,3.0,0.27826074216177293
124,estimated_witness,0.25,1.0,1.0,0.2790835107066311
124,estimated_witness,1.0,1.0,3.0,0.2824364030300351
124,estimated_witness,4.0,0.9,3.0,0.28349897183101397
124,estimated_witness,0.25,0.0,10.0,0.2838469994861514
124,estimated_witness,4.0,0.1,10.0,0.2851735742622781
124,estimated_witness,2.0,0.1,10.0,0.28529563664208474
124,estimated_witness,1.0,0.1,10.0,0.28546574556522497
124,estimated_witness,0.5,0.1,10.0,0.28576471283931326
124,estimated_witness,2.0,1.0,3.0,0.28590423195506975
124,estimated_witness,0.25,0.1,10.0,0.28614998908901496
124,estimated_witness,0.5,1.0,3.0,0.2883864438014735
124,estimated_witness,1.0,0.25,10.0,0.2886718414362886
124,estimated_witness,2.0,0.25,10.0,0.2886803982226854
124,estimated_witness,0.25,0.9,3.0,0.28879408447966776
124,estimated_witness,4.0,0.25,10.0,0.28898878520721943
124,estimated_witness,0.5,0.25,10.0,0.289252759514347
124,estimated_witness,0.25,0.25,10.0,0.290202127790092
124,estimated_witness,4.0,1.0,3.0,0.2948968789816029
124,estimated_witness,1.0,0.5,10.0,0.29524163264778197
124,estimated_witness,2.0,0.5,10.0,0.295667920190451
124,estimated_witness,0.5,0.5,10.0,0.29635839640500516
124,estimated_witness,4.0,0.5,10.0,0.2969059763842517
124,estimated_witness,0.25,0.5,10.0,0.2984496527778284
124,estimated_witness,0.25,1.0,3.0,0.3014919206164454
124,estimated_witness,1.0,0.75,10.0,0.30320064487933307
124,estimated_witness,2.0,0.75,10.0,0.3040502234871881
124,estimated_witness,0.5,0.75,10.0,0.3050507298891639
124,estimated_witness,4.0,0.75,10.0,0.3063674897307807
124,estimated_witness,0.25,0.75,10.0,0.30864585275328477
124,estimated_witness,1.0,0.9,10.0,0.30872070245981176
124,estimated_witness,2.0,0.9,10.0,0.3098397725133315
124,estimated_witness,0.5,0.9,10.0,0.3111153350695574
124,estimated_witness,0.25,0.0,0.03,0.3124354036391043
124,estimated_witness,1.0,1.0,10.0,0.31275417973307534
124,estimated_witness,4.0,0.9,10.0,0.312910395274126
124,estimated_witness,2.0,1.0,10.0,0.31406725588325557
124,estimated_witness,0.5,1.0,10.0,0.31555848452690477
124,estimated_witness,0.25,0.9,10.0,0.3158199347957256
124,estimated_witness,4.0,1.0,10.0,0.3177003490755507
124,estimated_witness,0.25,1.0,10.0,0.32110307054422355
124,geometry_only,0.25,0.0,1.0,0.21366889709748482
124,geometry_only,0.25,0.0,0.3,0.2237180957691417
124,geometry_only,0.25,0.0,3.0,0.2389445812319891
124,geometry_only,0.25,0.0,0.1,0.2630263186260691
124,geometry_only,0.25,0.0,10.0,0.2838469994861514
124,geometry_only,0.25,0.0,0.03,0.3124354036391043
125,estimated_witness,2.0,0.75,0.1,0.13649224070493846
125,estimated_witness,1.0,0.75,0.1,0.13763285286370072
125,estimated_witness,4.0,0.9,0.03,0.13839177323632137
125,estimated_witness,1.0,0.5,0.1,0.1390719052841542
125,estimated_witness,4.0,0.75,0.1,0.13908243522427177
125,estimated_witness,2.0,0.75,0.03,0.13990992740532557
125,estimated_witness,0.5,0.5,0.1,0.14019541350085887
125,estimated_witness,4.0,0.75,0.03,0.1405847368975395
125,estimated_witness,1.0,0.5,0.3,0.14134596709107816
125,estimated_witness,2.0,0.5,0.1,0.1415138166492141
125,estimated_witness,2.0,0.9,0.1,0.14152954118581432
125,estimated_witness,0.5,0.5,0.3,0.14163130863913562
125,estimated_witness,2.0,0.9,0.03,0.14184626913456153
125,estimated_witness,0.25,0.5,0.1,0.14242438627770568
125,estimated_witness,4.0,0.9,0.1,0.14244056135037433
125,estimated_witness,0.5,0.75,0.1,0.14264452712584616
125,estimated_witness,1.0,0.75,0.03,0.14292490637299005
125,estimated_witness,1.0,0.75,0.3,0.14390246903748535
125,estimated_witness,0.25,0.5,0.3,0.14432003241814362
125,estimated_witness,2.0,0.5,0.3,0.14445863650172022
125,estimated_witness,1.0,0.9,0.1,0.14466406173192484
125,estimated_witness,2.0,0.75,0.3,0.14524366607689765
125,estimated_witness,0.25,0.5,0.03,0.14563586023410724
125,estimated_witness,1.0,0.5,0.03,0.1461564033327717
125,estimated_witness,0.5,0.75,0.03,0.14668806275820745
125,estimated_witness,0.5,0.5,0.03,0.1466910709402641
125,estimated_witness,0.5,0.25,0.3,0.14677306592359676
125,estimated_witness,4.0,0.5,0.1,0.14682454211886
125,estimated_witness,2.0,0.5,0.03,0.14697204007052558
125,estimated_witness,0.5,0.75,0.3,0.14743053727735037
125,estimated_witness,0.25,0.25,0.3,0.14773721602130555
125,estimated_witness,1.0,0.9,0.03,0.14798642495492045
125,estimated_witness,4.0,0.75,0.3,0.1486275397679114
125,estimated_witness,1.0,0.25,0.3,0.1486329282188327
125,estimated_witness,4.0,0.5,0.3,0.14871093218401366
125,estimated_witness,0.5,0.25,0.1,0.14881119098422554
125,estimated_witness,0.25,0.75,0.1,0.14894669563605112
125,estimated_witness,0.25,0.75,0.03,0.14976001562427124
125,estimated_witness,0.25,0.25,0.1,0.1501007855098351
125,estimated_witness,1.0,0.25,0.1,0.1504342653139746
125,estimated_witness,4.0,0.5,0.03,0.1515880931845103
125,estimated_witness,0.5,0.9,0.1,0.15252233313531363
125,estimated_witness,2.0,0.25,0.3,0.15274633647638491
125,estimated_witness,1.0,0.9,0.3,0.15339199373002363
125,estimated_witness,0.25,0.75,0.3,0.15393091241594573
125,estimated_witness,2.0,0.9,0.3,0.15459785102676427
125,estimated_witness,0.5,0.9,0.03,0.15496534930035016
125,estimated_witness,2.0,0.25,0.1,0.15536315693685035
125,estimated_witness,0.5,0.25,1.0,0.15563999293301103
125,estimated_witness,0.25,0.25,1.0,0.15581857443998798
125,estimated_witness,0.25,0.25,0.03,0.15619490278116469
125,estimated_witness,0.5,0.25,0.03,0.15659197774502887
125,estimated_witness,1.0,0.25,1.0,0.15686092412599004
125,estimated_witness,4.0,0.25,0.3,0.1571337948978917
125,estimated_witness,1.0,0.25,0.03,0.1575631354436959
125,estimated_witness,0.5,0.5,1.0,0.15760777977207507
125,estimated_witness,0.5,0.1,0.3,0.1578715025880977
125,estimated_witness,1.0,0.5,1.0,0.15800701481359666
125,estimated_witness,0.25,0.1,0.3,0.15827888667268172
125,estimated_witness,0.25,0.1,1.0,0.15829324794678037
125,estimated_witness,0.5,0.1,1.0,0.15844772285474606
125,estimated_witness,4.0,0.9,0.3,0.1587169707260394
125,estimated_witness,0.5,0.9,0.3,0.1589328019925134
125,estimated_witness,2.0,0.25,1.0,0.15914677356032342
125,estimated_witness,0.25,0.5,1.0,0.15932599679597678
125,estimated_witness,1.0,0.1,1.0,0.15937479792684675
125,estimated_witness,1.0,0.1,0.3,0.1598181206413918
125,estimated_witness,2.0,0.1,1.0,0.16070574402917395
125,estimated_witness,2.0,0.5,1.0,0.16074659178919207
125,estimated_witness,2.0,0.25,0.03,0.16108305271063006
125,estimated_witness,4.0,0.25,1.0,0.16119589371243762
125,estimated_witness,4.0,0.25,0.1,0.1617401971261402
125,estimated_witness,4.0,0.1,1.0,0.16176565402368584
125,estimated_witness,0.25,0.0,1.0,0.1629046083604048
125,estimated_witness,2.0,0.1,0.3,0.162965288498696
125,estimated_witness,4.0,0.5,1.0,0.16379229449030652
125,estimated_witness,0.25,0.9,0.1,0.16394671677103756
125,estimated_witness,0.25,0.9,0.03,0.16404579932310773
125,estimated_witness,0.5,0.1,0.1,0.1640888975760936
125,estimated_witness,1.0,1.0,0.1,0.16417539112434654
125,estimated_witness,0.25,0.1,0.1,0.16550957882408712
125,estimated_witness,4.0,0.1,0.3,0.16589343747940724
125,estimated_witness,2.0,1.0,0.1,0.16621827103500822
125,estimated_witness,1.0,0.75,1.0,0.166442954578926
125,estimated_witness,1.0,0.1,0.1,0.16679042177000514
125,estimated_witness,4.0,0.25,0.03,0.16734804791814162
125,estimated_witness,0.5,0.75,1.0,0.16771707511915493
125,estimated_witness,1.0,1.0,0.3,0.16908425494956258
125,estimated_witness,2.0,0.75,1.0,0.1695054637979816
125,estimated_witness,0.25,0.9,0.3,0.16968377259332637
125,estimated_witness,0.5,1.0,0.1,0.17015724646332622
125,estimated_witness,0.5,0.1,0.03,0.1705591869673239
125,estimated_witness,2.0,0.1,0.1,0.17169756943898018
125,estimated_witness,1.0,1.0,0.03,0.1717559009632222
125,estimated_witness,1.0,0.1,0.03,0.1724744106692714
125,estimated_witness,4.0,1.0,0.1,0.17253992221706568
125,estimated_witness,0.25,0.75,1.0,0.1725433962762147
125,estimated_witness,0.25,0.1,0.03,0.17270065825291028
125,estimated_witness,2.0,1.0,0.3,0.1734798285717866
125,estimated_witness,2.0,1.0,0.03,0.17369767501550748
125,estimated_witness,4.0,0.75,1.0,0.17396459227871344
125,estimated_witness,0.25,0.0,0.3,0.17435731504277144
125,estimated_witness,0.5,1.0,0.3,0.17442916743919393
125,estimated_witness,0.5,1.0,0.03,0.17453723272110347
125,estimated_witness,4.0,1.0,0.03,0.1758383979950254
125,estimated_witness,4.0,0.1,0.1,0.17677887598912337
125,estimated_witness,1.0,0.9,1.0,0.17708223254162714
125,estimated_witness,2.0,0.1,0.03,0.17711586501768276
125,estimated_witness,0.25,0.1,3.0,0.1791736055712153
125,estimated_witness,0.25,0.0,3.0,0.17927218604870232
125,estimated_witness,0.5,0.1,3.0,0.17935281854364635
125,estimated_witness,0.5,0.9,1.0,0.17957235886278555
125,estimated_witness,1.0,0.1,3.0,0.17973517630932756
125,estimated_witness,2.0,0.1,3.0,0.1802097404559043
125,estimated_witness,4.0,0.1,3.0,0.1805268740060478
125,estimated_witness,2.0,0.9,1.0,0.1810585128124932
125,estimated_witness,0.25,0.25,3.0,0.18113326379806075
125,estimated_witness,0.5,0.25,3.0,0.1812726098561331
125,estimated_witness,1.0,0.25,3.0,0.18194279959109816
125,estimated_witness,4.0,1.0,0.3,0.18217216309065254
125,estimated_witness,4.0,0.1,0.03,0.18258351475152668
125,estimated_witness,2.0,0.25,3.0,0.18311590065358008
125,estimated_witness,4.0,0.25,3.0,0.1841542965048264
125,estimated_witness,0.25,1.0,0.1,0.1853229737390634
125,estimated_witness,0.25,1.0,0.03,0.18682140403847083
125,estimated_witness,0.25,0.9,1.0,0.1876934070307215
125,estimated_witness,4.0,0.9,1.0,0.18773985133054824
125,estimated_witness,0.5,0.5,3.0,0.18775291835111385
125,estimated_witness,1.0,0.5,3.0,0.1882441258258468
125,estimated_witness,1.0,1.0,1.0,0.18838178649408663
125,estimated_witness,0.25,0.5,3.0,0.18859933653531424
125,estimated_witness,0.25,1.0,0.3,0.18914513156763743
125,estimated_witness,2.0,0.5,3.0,0.19032950574762428
125,estimated_witness,0.5,1.0,1.0,0.1915865588565063
125,estimated_witness,4.0,0.5,3.0,0.19268681322837358
125,estimated_witness,2.0,1.0,1.0,0.19395802877713156
125,estimated_witness,0.25,0.0,0.1,0.19645095794550196
125,estimated_witness,1.0,0.75,3.0,0.19836950061300404
125,estimated_witness,0.5,0.75,3.0,0.19861523622739874
125,estimated_witness,2.0,0.75,3.0,0.20143019216709046
125,estimated_witness,0.25,0.75,3.0,0.20161059797190986
125,estimated_witness,0.25,1.0,1.0,0.203015961332602
125,estimated_witness,4.0,1.0,1.0,0.20389238913465535
125,estimated_witness,4.0,0.75,3.0,0.20568970892965632
125,estimated_witness,1.0,0.9,3.0,0.20695737951178397
125,estimated_witness,0.5,0.9,3.0,0.20789046289620805
125,estimated_witness,2.0,0.9,3.0,0.21084072879014315
125,estimated_witness,0.25,0.9,3.0,0.21295080960436585
125,estimated_witness,1.0,1.0,3.0,0.21410987743143747
125,estimated_witness,0.5,1.0,3.0,0.21561096252633868
125,estimated_witness,4.0,0.1,10.0,0.21617994228397497
125,estimated_witness,0.25,0.0,10.0,0.21618286494858807
125,estimated_witness,2.0,0.1,10.0,0.21658827436184983
125,estimated_witness,4.0,0.9,3.0,0.21687639439142314
125,estimated_witness,1.0,0.1,10.0,0.21692863153711958
125,estimated_witness,0.25,0.0,0.03,0.2170876974695357
125,estimated_witness,0.5,0.1,10.0,0.21714403926924572
125,estimated_witness,0.25,0.1,10.0,0.2172724925799295
125,estimated_witness,2.0,1.0,3.0,0.21874875253446488
125,estimated_witness,4.0,0.25,10.0,0.21884761920147625
125,estimated_witness,2.0,0.25,10.0,0.21900278984896873
125,estimated_witness,1.0,0.25,10.0,0.2191847786898314
125,estimated_witness,0.5,0.25,10.0,0.21942363346999152
125,estimated_witness,0.25,0.25,10.0,0.21966689258206432
125,estimated_witness,0.25,1.0,3.0,0.222523934988091
125,estimated_witness,1.0,0.5,10.0,0.22435487298156978
125,estimated_witness,0.5,0.5,10.0,0.22464703005255224
125,estimated_witness,2.0,0.5,10.0,0.2246843466428171
125,estimated_witness,4.0,0.5,10.0,0.22529572824912583
125,estimated_witness,0.25,0.5,10.0,0.22529836275348214
125,estimated_witness,4.0,1.0,3.0,0.2264497570744093
125,estimated_witness,1.0,0.75,10.0,0.23077767675700286
125,estimated_witness,0.5,0.75,10.0,0.23130782847749778
125,estimated_witness,2.0,0.75,10.0,0.23166930002799083
125,estimated_witness,0.25,0.75,10.0,0.23278682889626098
125,estimated_witness,4.0,0.75,10.0,0.2332370837774039
125,estimated_witness,1.0,0.9,10.0,0.23522987731954037
125,estimated_witness,0.5,0.9,10.0,0.2359955445499424
125,estimated_witness,2.0,0.9,10.0,0.23648577221463551
125,estimated_witness,0.25,0.9,10.0,0.23819635281528365
125,estimated_witness,1.0,1.0,10.0,0.23846961901798017
125,estimated_witness,4.0,0.9,10.0,0.23873730153151884
125,estimated_witness,0.5,1.0,10.0,0.23943108619592265
125,estimated_witness,2.0,1.0,10.0,0.23998591592090165
125,estimated_witness,0.25,1.0,10.0,0.2422159861544497
125,estimated_witness,4.0,1.0,10.0,0.24275192737124693
125,geometry_only,0.25,0.0,1.0,0.1629046083604048
125,geometry_only,0.25,0.0,0.3,0.17435731504277144
125,geometry_only,0.25,0.0,3.0,0.17927218604870232
125,geometry_only,0.25,0.0,0.1,0.19645095794550196
125,geometry_only,0.25,0.0,10.0,0.21618286494858807
125,geometry_only,0.25,0.0,0.03,0.2170876974695357
126,estimated_witness,0.5,0.5,0.1,0.14876227647115284
126,estimated_witness,0.5,0.5,0.03,0.14908034765763867
126,estimated_witness,1.0,0.5,0.1,0.14986156156505184
126,estimated_witness,1.0,0.75,0.03,0.14988122379344268
126,estimated_witness,2.0,0.75,0.03,0.1509421980301208
126,estimated_witness,2.0,0.75,0.1,0.1510696063593787
126,estimated_witness,1.0,0.75,0.1,0.15136121940862568
126,estimated_witness,1.0,0.5,0.03,0.15191910625949165
126,estimated_witness,0.5,0.75,0.03,0.15196431137860356
126,estimated_witness,0.25,0.5,0.03,0.15228914254378237
126,estimated_witness,0.25,0.5,0.1,0.15289023191423098
126,estimated_witness,4.0,0.75,0.1,0.15295450163995347
126,estimated_witness,4.0,0.75,0.03,0.1541679509522266
126,estimated_witness,0.5,0.75,0.1,0.1545796420388113
126,estimated_witness,2.0,0.5,0.1,0.15503884570379192
126,estimated_witness,4.0,0.9,0.03,0.1552085156675097
126,estimated_witness,0.5,0.5,0.3,0.15551053978358564
126,estimated_witness,1.0,0.5,0.3,0.15606732476023258
126,estimated_witness,0.25,0.5,0.3,0.15908135791893582
126,estimated_witness,2.0,0.5,0.3,0.15921504924067578
126,estimated_witness,0.25,0.75,0.03,0.15937624911642387
126,estimated_witness,2.0,0.5,0.03,0.15989770778077125
126,estimated_witness,2.0,0.9,0.03,0.16010177677384832
126,estimated_witness,4.0,0.9,0.1,0.16164461816731687
126,estimated_witness,0.5,0.25,0.3,0.16260469861099533
126,estimated_witness,4.0,0.5,0.1,0.16268881278423658
126,estimated_witness,0.25,0.75,0.1,0.16269330551445763
126,estimated_witness,0.5,0.25,0.1,0.16340154926157266
126,estimated_witness,4.0,0.5,0.3,0.16350173437764193
126,estimated_witness,1.0,0.75,0.3,0.16407378615343185
126,estimated_witness,2.0,0.75,0.3,0.16407467658087774
126,estimated_witness,0.25,0.25,0.3,0.1643863717152495
126,estimated_witness,1.0,0.25,0.3,0.1644402276632375
126,estimated_witness,2.0,0.9,0.1,0.16472861091017058
126,estimated_witness,1.0,0.9,0.03,0.1652315455628426
126,estimated_witness,4.0,0.75,0.3,0.16543978202988477
126,estimated_witness,0.25,0.25,0.1,0.16581745788621788
126,estimated_witness,1.0,0.25,0.1,0.16643321659375188
126,estimated_witness,0.5,0.75,0.3,0.16668423587272876
126,estimated_witness,0.5,0.25,0.03,0.16719159422911764
126,estimated_witness,2.0,0.25,0.3,0.16875664529739776
126,estimated_witness,0.25,0.25,0.03,0.16897274140338672
126,estimated_witness,1.0,0.9,0.1,0.16927388771053087
126,estimated_witness,4.0,0.5,0.03,0.17115721921835228
126,estimated_witness,0.5,0.9,0.03,0.17223258284671106
126,estimated_witness,0.5,0.25,1.0,0.17228323610814242
126,estimated_witness,1.0,0.25,0.03,0.17229820939850427
126,estimated_witness,0.25,0.25,1.0,0.17319174932137862
126,estimated_witness,1.0,0.25,1.0,0.17338142942248858
126,estimated_witness,4.0,0.25,0.3,0.1737889171177758
126,estimated_witness,2.0,0.25,0.1,0.17403791610970465
126,estimated_witness,0.25,0.75,0.3,0.1740406543647263
126,estimated_witness,0.5,0.1,1.0,0.17423528055527468
126,estimated_witness,0.25,0.1,1.0,0.1745188671500905
126,estimated_witness,1.0,0.1,1.0,0.17499243596516745
126,estimated_witness,2.0,0.25,1.0,0.1753871986121864
126,estimated_witness,2.0,0.1,1.0,0.17623813180840817
126,estimated_witness,0.5,0.9,0.1,0.1764203899348151
126,estimated_witness,0.5,0.1,0.3,0.17647416279816774
126,estimated_witness,4.0,0.25,1.0,0.17717943541233205
126,estimated_witness,4.0,0.1,1.0,0.17729885689546387
126,estimated_witness,0.25,0.1,0.3,0.1773115748356233
126,estimated_witness,0.5,0.5,1.0,0.17735733347152363
126,estimated_witness,1.0,0.5,1.0,0.17789028167315515
126,estimated_witness,0.25,0.0,1.0,0.17794672574339754
126,estimated_witness,1.0,0.1,0.3,0.17797867501033204
126,estimated_witness,2.0,0.5,1.0,0.17996681395452607
126,estimated_witness,0.25,0.5,1.0,0.18002542403589952
126,estimated_witness,2.0,0.1,0.3,0.18108507700423734
126,estimated_witness,4.0,0.5,1.0,0.18207012468744374
126,estimated_witness,2.0,0.9,0.3,0.1829622795088468
126,estimated_witness,4.0,0.9,0.3,0.18339169299328817
126,estimated_witness,2.0,0.25,0.03,0.18369999796739087
126,estimated_witness,4.0,0.25,0.1,0.18376375981211954
126,estimated_witness,4.0,0.1,0.3,0.18440509270526018
126,estimated_witness,1.0,0.9,0.3,0.18461523868875443
126,estimated_witness,0.25,0.9,0.03,0.18558884295158654
126,estimated_witness,0.5,0.1,0.1,0.18751869990943967
126,estimated_witness,0.25,0.1,0.1,0.18918901170309002
126,estimated_witness,0.25,0.9,0.1,0.1899780925204322
126,estimated_witness,0.5,0.9,0.3,0.190146982469332
126,estimated_witness,1.0,0.1,0.1,0.19031117196902758
126,estimated_witness,0.25,0.0,0.3,0.19388986005685857
126,estimated_witness,1.0,0.75,1.0,0.19524352435175926
126,estimated_witness,0.5,0.1,0.03,0.19639652289301493
126,estimated_witness,0.5,0.75,1.0,0.19656830976117326
126,estimated_witness,2.0,0.1,0.1,0.19689512728780353
126,estimated_witness,2.0,0.75,1.0,0.1969264876277197
126,estimated_witness,4.0,0.25,0.03,0.19802687454734744
126,estimated_witness,0.25,0.0,3.0,0.19821248271467262
126,estimated_witness,0.25,0.1,0.03,0.19831587706219322
126,estimated_witness,4.0,0.75,1.0,0.19956844221439018
126,estimated_witness,0.5,0.1,3.0,0.20005760320973323
126,estimated_witness,0.25,0.1,3.0,0.20026655408232164
126,estimated_witness,1.0,0.1,3.0,0.2003814763858881
126,estimated_witness,2.0,0.1,3.0,0.2008814456362816
126,estimated_witness,1.0,0.1,0.03,0.20104090445822978
126,estimated_witness,4.0,0.1,3.0,0.20117569858645376
126,estimated_witness,0.25,0.9,0.3,0.20263919220718038
126,estimated_witness,0.25,0.75,1.0,0.2028442898183067
126,estimated_witness,4.0,0.1,0.1,0.2047055846154384
126,estimated_witness,0.5,0.25,3.0,0.20497075389569921
126,estimated_witness,1.0,0.25,3.0,0.20553401914000566
126,estimated_witness,0.25,0.25,3.0,0.20558103405091763
126,estimated_witness,2.0,0.25,3.0,0.20653006204181015
126,estimated_witness,4.0,0.25,3.0,0.20721695638222556
126,estimated_witness,1.0,1.0,0.1,0.21117225173640194
126,estimated_witness,2.0,0.1,0.03,0.2115794533801456
126,estimated_witness,2.0,1.0,0.1,0.21184118161191887
126,estimated_witness,4.0,1.0,0.1,0.21336864040414624
126,estimated_witness,0.5,1.0,0.1,0.21551116806250029
126,estimated_witness,0.5,1.0,0.03,0.21714126203332595
126,estimated_witness,1.0,1.0,0.3,0.2171944409394185
126,estimated_witness,1.0,0.9,1.0,0.2172860413384904
126,estimated_witness,0.5,0.5,3.0,0.21828100690081956
126,estimated_witness,1.0,0.5,3.0,0.21856636312912656
126,estimated_witness,2.0,1.0,0.3,0.2188535223080427
126,estimated_witness,2.0,0.9,1.0,0.2194671643677121
126,estimated_witness,2.0,0.5,3.0,0.22004738438579532
126,estimated_witness,0.25,0.5,3.0,0.22028838912213097
126,estimated_witness,0.5,0.9,1.0,0.22049841254579394
126,estimated_witness,4.0,0.5,3.0,0.22144186130252486
126,estimated_witness,1.0,1.0,0.03,0.22164670129484432
126,estimated_witness,0.5,1.0,0.3,0.2233076793055543
126,estimated_witness,4.0,0.1,0.03,0.2241289781099005
126,estimated_witness,4.0,0.9,1.0,0.22437017883066188
126,estimated_witness,4.0,1.0,0.3,0.22526887321859057
126,estimated_witness,2.0,1.0,0.03,0.22874479143274215
126,estimated_witness,4.0,1.0,0.03,0.22902337758036995
126,estimated_witness,0.25,0.0,0.1,0.22925032807146353
126,estimated_witness,0.25,1.0,0.03,0.23084317470908075
126,estimated_witness,0.25,0.9,1.0,0.231077951563932
126,estimated_witness,0.25,1.0,0.1,0.2330816415741127
126,estimated_witness,1.0,0.75,3.0,0.23932066683291808
126,estimated_witness,0.5,0.75,3.0,0.24009899961369355
126,estimated_witness,2.0,0.75,3.0,0.2413129504384349
126,estimated_witness,1.0,1.0,1.0,0.24158954718354242
126,estimated_witness,0.25,1.0,0.3,0.24169375820338992
126,estimated_witness,4.0,0.75,3.0,0.24412748243628257
126,estimated_witness,0.25,0.75,3.0,0.2447755404006098
126,estimated_witness,2.0,1.0,1.0,0.24564861129121618
126,estimated_witness,0.5,1.0,1.0,0.2462661016241087
126,estimated_witness,0.25,0.0,10.0,0.25043480550240177
126,estimated_witness,4.0,0.1,10.0,0.2523131142024542
126,estimated_witness,2.0,0.1,10.0,0.25286625437625565
126,estimated_witness,1.0,0.1,10.0,0.25329463274697406
126,estimated_witness,0.5,0.1,10.0,0.2535828272145403
126,estimated_witness,0.25,0.1,10.0,0.25387876830619116
126,estimated_witness,4.0,1.0,1.0,0.2552197671948489
126,estimated_witness,1.0,0.9,3.0,0.25741379288523686
126,estimated_witness,4.0,0.25,10.0,0.25769540810534847
126,estimated_witness,2.0,0.25,10.0,0.2583011529390367
126,estimated_witness,1.0,0.25,10.0,0.25880409717431535
126,estimated_witness,0.5,0.25,10.0,0.2592609709086686
126,estimated_witness,0.5,0.9,3.0,0.25931161604424063
126,estimated_witness,0.25,0.25,10.0,0.2599148029387396
126,estimated_witness,2.0,0.9,3.0,0.2599883847489452
126,estimated_witness,0.25,1.0,1.0,0.2616206908623099
126,estimated_witness,4.0,0.9,3.0,0.2645642402643645
126,estimated_witness,0.25,0.9,3.0,0.2666102890498672
126,estimated_witness,4.0,0.5,10.0,0.26924437879525276
126,estimated_witness,2.0,0.5,10.0,0.2695623435692591
126,estimated_witness,1.0,0.5,10.0,0.26998404868803516
126,estimated_witness,0.25,0.0,0.03,0.2707042469350734
126,estimated_witness,0.5,0.5,10.0,0.2707698529568305
126,estimated_witness,0.25,0.5,10.0,0.27219760145055755
126,estimated_witness,1.0,1.0,3.0,0.2729036558380435
126,estimated_witness,0.5,1.0,3.0,0.27581265635079516
126,estimated_witness,2.0,1.0,3.0,0.2761518300556706
126,estimated_witness,4.0,1.0,3.0,0.2826690046516538
126,estimated_witness,2.0,0.75,10.0,0.2832309501056138
126,estimated_witness,4.0,0.75,10.0,0.2834540426724188
126,estimated_witness,1.0,0.75,10.0,0.2835316763084609
126,estimated_witness,0.5,0.75,10.0,0.2848881139630455
126,estimated_witness,0.25,1.0,3.0,0.2855497710143318
126,estimated_witness,0.25,0.75,10.0,0.2874906252598923
126,estimated_witness,2.0,0.9,10.0,0.2927546625386096
126,estimated_witness,1.0,0.9,10.0,0.2929614753369603
126,estimated_witness,4.0,0.9,10.0,0.2934507552801525
126,estimated_witness,0.5,0.9,10.0,0.29480078718259833
126,estimated_witness,0.25,0.9,10.0,0.2983506523922868
126,estimated_witness,2.0,1.0,10.0,0.2997444692764256
126,estimated_witness,1.0,1.0,10.0,0.29987348384582546
126,estimated_witness,4.0,1.0,10.0,0.30083658284638964
126,estimated_witness,0.5,1.0,10.0,0.30210140549380043
126,estimated_witness,0.25,1.0,10.0,0.3064035446023246
126,geometry_only,0.25,0.0,1.0,0.17794672574339754
126,geometry_only,0.25,0.0,0.3,0.19388986005685857
126,geometry_only,0.25,0.0,3.0,0.19821248271467262
126,geometry_only,0.25,0.0,0.1,0.22925032807146353
126,geometry_only,0.25,0.0,10.0,0.25043480550240177
126,geometry_only,0.25,0.0,0.03,0.2707042469350734
127,estimated_witness,2.0,0.9,0.1,0.16576964142673792
127,estimated_witness,1.0,0.9,0.1,0.1662444971835512
127,estimated_witness,1.0,0.9,0.03,0.1676581027472209
127,estimated_witness,2.0,0.9,0.03,0.16867174188251013
127,estimated_witness,4.0,0.9,0.1,0.1693601146692468
127,estimated_witness,1.0,0.75,0.1,0.1719852946018381
127,estimated_witness,2.0,1.0,0.1,0.17206227353084813
127,estimated_witness,4.0,0.9,0.03,0.17249782721719006
127,estimated_witness,1.0,1.0,0.1,0.17265189308134113
127,estimated_witness,4.0,1.0,0.1,0.17394150667497546
127,estimated_witness,2.0,0.9,0.3,0.1741515808112107
127,estimated_witness,0.5,0.9,0.1,0.1741933993466714
127,estimated_witness,1.0,0.9,0.3,0.17438948169511495
127,estimated_witness,0.5,0.9,0.03,0.17451779578752205
127,estimated_witness,2.0,0.75,0.1,0.17540473243430701
127,estimated_witness,0.5,0.75,0.1,0.17570207997207943
127,estimated_witness,1.0,0.75,0.03,0.17624062493398454
127,estimated_witness,1.0,0.75,0.3,0.17680955527682177
127,estimated_witness,2.0,1.0,0.3,0.1776541062412372
127,estimated_witness,1.0,1.0,0.03,0.1777836883727754
127,estimated_witness,0.5,0.75,0.03,0.17880932610509737
127,estimated_witness,4.0,0.9,0.3,0.17890002239174418
127,estimated_witness,1.0,1.0,0.3,0.1791618434988059
127,estimated_witness,2.0,0.75,0.3,0.1794692065669827
127,estimated_witness,0.5,0.75,0.3,0.18010680506442064
127,estimated_witness,2.0,0.75,0.03,0.1813786231084297
127,estimated_witness,0.5,1.0,0.03,0.18145127309713313
127,estimated_witness,0.5,0.9,0.3,0.181770358329435
127,estimated_witness,0.5,1.0,0.1,0.1824058244626149
127,estimated_witness,4.0,1.0,0.3,0.18301610590410955
127,estimated_witness,4.0,0.75,0.1,0.18383171413436325
127,estimated_witness,4.0,0.75,0.3,0.18638420821503257
127,estimated_witness,0.25,0.75,0.1,0.18666716662063343
127,estimated_witness,2.0,1.0,0.03,0.1874547099895648
127,estimated_witness,0.25,0.75,0.03,0.18827958546047266
127,estimated_witness,0.25,0.9,0.03,0.18978006007784617
127,estimated_witness,0.25,0.75,0.3,0.1900201167102923
127,estimated_witness,0.5,1.0,0.3,0.1902951962797916
127,estimated_witness,0.25,0.9,0.1,0.19035173704965655
127,estimated_witness,4.0,0.75,0.03,0.1912284533886315
127,estimated_witness,0.5,0.5,0.3,0.19228613854237553
127,estimated_witness,4.0,1.0,0.03,0.19284455627034816
127,estimated_witness,1.0,0.5,0.3,0.1928850718781322
127,estimated_witness,0.5,0.5,0.1,0.19358534645939582
127,estimated_witness,1.0,0.5,0.1,0.19415760464147783
127,estimated_witness,1.0,0.75,1.0,0.19639254545820053
127,estimated_witness,0.25,0.9,0.3,0.1965919490313078
127,estimated_witness,0.25,0.5,0.3,0.198138871301437
127,estimated_witness,2.0,0.75,1.0,0.19859277757361604
127,estimated_witness,1.0,0.9,1.0,0.19871691517380552
127,estimated_witness,0.5,0.75,1.0,0.19888156223064568
127,estimated_witness,2.0,0.5,0.3,0.1991824246275352
127,estimated_witness,2.0,0.9,1.0,0.19994024130685886
127,estimated_witness,0.5,0.5,0.03,0.20010742581185284
127,estimated_witness,0.25,0.5,0.1,0.20068633143161638
127,estimated_witness,0.5,0.5,1.0,0.20108620019485599
127,estimated_witness,1.0,0.5,1.0,0.2013532671110266
127,estimated_witness,1.0,0.5,0.03,0.20212705577307466
127,estimated_witness,2.0,0.5,0.1,0.2024750368784176
127,estimated_witness,0.25,1.0,0.03,0.20267437389634235
127,estimated_witness,1.0,1.0,1.0,0.20393924174107889
127,estimated_witness,0.5,0.9,1.0,0.20413438066943956
127,estimated_witness,4.0,0.75,1.0,0.2043083785327524
127,estimated_witness,0.25,1.0,0.1,0.2046185710561191
127,estimated_witness,2.0,0.5,1.0,0.20474078514399566
127,estimated_witness,0.25,0.5,1.0,0.20475754639063962
127,estimated_witness,2.0,1.0,1.0,0.20478101304941485
127,estimated_witness,0.25,0.5,0.03,0.2056590173068985
127,estimated_witness,0.25,0.75,1.0,0.20627949607294283
127,estimated_witness,4.0,0.9,1.0,0.20663743337892512
127,estimated_witness,4.0,0.5,0.3,0.20928710816381849
127,estimated_witness,4.0,0.5,1.0,0.20990565211548073
127,estimated_witness,0.25,1.0,0.3,0.21115056362871187
127,estimated_witness,2.0,0.5,0.03,0.21205041396920601
127,estimated_witness,0.5,1.0,1.0,0.21218107258018074
127,estimated_witness,0.5,0.25,1.0,0.2132567684398814
127,estimated_witness,4.0,1.0,1.0,0.21351063277944093
127,estimated_witness,1.0,0.25,1.0,0.2145761317756167
127,estimated_witness,0.25,0.25,1.0,0.21462090602811565
127,estimated_witness,0.25,0.9,1.0,0.2155434352220238
127,estimated_witness,4.0,0.5,0.1,0.21679706430272724
127,estimated_witness,2.0,0.25,1.0,0.2177329221643648
127,estimated_witness,0.5,0.25,0.3,0.22065892003132234
127,estimated_witness,4.0,0.25,1.0,0.22147353058816108
127,estimated_witness,1.0,0.25,0.3,0.22332126949884765
127,estimated_witness,0.25,0.25,0.3,0.22370143097958303
127,estimated_witness,1.0,0.5,3.0,0.22485669994347568
127,estimated_witness,0.5,0.5,3.0,0.2249106635465521
127,estimated_witness,0.5,0.25,3.0,0.22519404063303794
127,estimated_witness,0.5,0.1,1.0,0.22563171167242255
127,estimated_witness,1.0,0.25,3.0,0.2257033861142295
127,estimated_witness,0.25,0.25,3.0,0.22587224126796768
127,estimated_witness,0.25,0.1,1.0,0.22600959433640141
127,estimated_witness,2.0,0.5,3.0,0.22649979942362233
127,estimated_witness,1.0,0.1,1.0,0.2266350153181398
127,estimated_witness,2.0,0.25,3.0,0.22685251605524256
127,estimated_witness,0.25,0.5,3.0,0.22707923240497796
127,estimated_witness,4.0,0.5,0.03,0.22723775015830783
127,estimated_witness,0.5,0.1,3.0,0.22756239642015993
127,estimated_witness,0.25,0.1,3.0,0.2277819973787587
127,estimated_witness,1.0,0.1,3.0,0.2278957000202817
127,estimated_witness,0.25,1.0,1.0,0.22792410443492553
127,estimated_witness,4.0,0.25,3.0,0.228070104156656
127,estimated_witness,1.0,0.75,3.0,0.22807604841192375
127,estimated_witness,2.0,0.1,3.0,0.22841159732715333
127,estimated_witness,2.0,0.1,1.0,0.22845497033049814
127,estimated_witness,4.0,0.1,3.0,0.22877822295038353
127,estimated_witness,4.0,0.5,3.0,0.22905441093867085
127,estimated_witness,0.5,0.75,3.0,0.22965175315033934
127,estimated_witness,2.0,0.75,3.0,0.22980560270593683
127,estimated_witness,4.0,0.1,1.0,0.23032676365726154
127,estimated_witness,0.25,0.0,3.0,0.23045468382565737
127,estimated_witness,0.5,0.25,0.1,0.2304596504339127
127,estimated_witness,2.0,0.25,0.3,0.23078458924495035
127,estimated_witness,1.0,0.9,3.0,0.2326473225658908
127,estimated_witness,1.0,0.25,0.1,0.233553237449068
127,estimated_witness,4.0,0.75,3.0,0.2339243697785313
127,estimated_witness,2.0,0.9,3.0,0.23436894192229643
127,estimated_witness,0.25,0.75,3.0,0.2343891904104545
127,estimated_witness,0.25,0.25,0.1,0.2354371458075588
127,estimated_witness,0.5,0.9,3.0,0.2357093735158566
127,estimated_witness,0.25,0.0,1.0,0.23698452943807988
127,estimated_witness,1.0,1.0,3.0,0.23720101284285752
127,estimated_witness,2.0,1.0,3.0,0.23896847823875245
127,estimated_witness,4.0,0.9,3.0,0.23986793695784836
127,estimated_witness,0.5,0.25,0.03,0.23993719278937475
127,estimated_witness,4.0,0.25,0.3,0.24054841373372868
127,estimated_witness,0.5,1.0,3.0,0.24157355546622253
127,estimated_witness,0.25,0.9,3.0,0.2428066884858856
127,estimated_witness,1.0,0.25,0.03,0.24329057542840174
127,estimated_witness,2.0,0.25,0.1,0.24459155751336595
127,estimated_witness,0.25,0.25,0.03,0.24482701046175995
127,estimated_witness,4.0,1.0,3.0,0.24578967956341854
127,estimated_witness,0.25,1.0,3.0,0.25078505604241824
127,estimated_witness,0.5,0.1,0.3,0.2509296429617229
127,estimated_witness,0.25,0.1,0.3,0.2521329129777185
127,estimated_witness,4.0,0.1,10.0,0.2525369184382713
127,estimated_witness,2.0,0.1,10.0,0.25317073401092044
127,estimated_witness,4.0,0.25,10.0,0.25345599115979484
127,estimated_witness,1.0,0.1,0.3,0.2534754935369093
127,estimated_witness,1.0,0.1,10.0,0.2535812451926245
127,estimated_witness,0.25,0.0,10.0,0.2536665065853374
127,estimated_witness,0.5,0.1,10.0,0.2537905338343274
127,estimated_witness,2.0,0.25,10.0,0.2540597927031866
127,estimated_witness,0.25,0.1,10.0,0.2540608196714381
127,estimated_witness,1.0,0.25,10.0,0.25448942172797434
127,estimated_witness,2.0,0.25,0.03,0.25453966675265777
127,estimated_witness,0.5,0.25,10.0,0.25479553715499703
127,estimated_witness,0.25,0.25,10.0,0.2553659608654982
127,estimated_witness,4.0,0.5,10.0,0.2569511264412189
127,estimated_witness,2.0,0.5,10.0,0.2570377545201122
127,estimated_witness,1.0,0.5,10.0,0.2573100700879175
127,estimated_witness,0.5,0.5,10.0,0.2578999677480301
127,estimated_witness,2.0,0.1,0.3,0.2586549867511032
127,estimated_witness,0.25,0.5,10.0,0.2591303493023466
127,estimated_witness,4.0,0.25,0.1,0.2607793592538221
127,estimated_witness,2.0,0.75,10.0,0.2612671720930065
127,estimated_witness,1.0,0.75,10.0,0.2613957621623628
127,estimated_witness,4.0,0.75,10.0,0.2619087998264447
127,estimated_witness,0.5,0.75,10.0,0.2625464138083671
127,estimated_witness,2.0,0.9,10.0,0.26443361180588165
127,estimated_witness,1.0,0.9,10.0,0.2644887829465066
127,estimated_witness,4.0,0.1,0.3,0.26451095951669784
127,estimated_witness,0.25,0.75,10.0,0.2647917832853571
127,estimated_witness,4.0,0.9,10.0,0.26560727021862945
127,estimated_witness,0.5,0.9,10.0,0.266116047250003
127,estimated_witness,2.0,1.0,10.0,0.2668419860522175
127,estimated_witness,1.0,1.0,10.0,0.26685020332340487
127,estimated_witness,4.0,1.0,10.0,0.2684191630275617
127,estimated_witness,0.5,1.0,10.0,0.26885722914473337
127,estimated_witness,0.25,0.9,10.0,0.2691703682939898
127,estimated_witness,4.0,0.25,0.03,0.27118431784686897
127,estimated_witness,0.25,1.0,10.0,0.27254547218859076
127,estimated_witness,0.5,0.1,0.1,0.2738451863075612
127,estimated_witness,0.25,0.1,0.1,0.2771826142018151
127,estimated_witness,1.0,0.1,0.1,0.2776330886060267
127,estimated_witness,0.25,0.0,0.3,0.2836027920927527
127,estimated_witness,0.5,0.1,0.03,0.2857205468627008
127,estimated_witness,2.0,0.1,0.1,0.2872618393246522
127,estimated_witness,1.0,0.1,0.03,0.28842844530109263
127,estimated_witness,0.25,0.1,0.03,0.2917715686182177
127,estimated_witness,2.0,0.1,0.03,0.2990060459026822
127,estimated_witness,4.0,0.1,0.1,0.29924929991963417
127,estimated_witness,4.0,0.1,0.03,0.3142394340036058
127,estimated_witness,0.25,0.0,0.1,0.3380360037876267
127,estimated_witness,0.25,0.0,0.03,0.3811599621222188
127,geometry_only,0.25,0.0,3.0,0.23045468382565737
127,geometry_only,0.25,0.0,1.0,0.23698452943807988
127,geometry_only,0.25,0.0,10.0,0.2536665065853374
127,geometry_only,0.25,0.0,0.3,0.2836027920927527
127,geometry_only,0.25,0.0,0.1,0.3380360037876267
127,geometry_only,0.25,0.0,0.03,0.3811599621222188
128,estimated_witness,4.0,0.5,0.3,0.1519509411869974
128,estimated_witness,2.0,0.5,0.3,0.15331753409732607
128,estimated_witness,4.0,0.75,0.1,0.15334380142711043
128,estimated_witness,2.0,0.5,0.1,0.15479512105595414
128,estimated_witness,4.0,0.75,0.3,0.15513731380872
128,estimated_witness,4.0,0.5,0.1,0.15516011229994844
128,estimated_witness,2.0,0.25,0.3,0.156890429529724
128,estimated_witness,1.0,0.5,0.3,0.1569668847490063
128,estimated_witness,1.0,0.25,0.3,0.15696922964644291
128,estimated_witness,1.0,0.5,0.1,0.157486949389172
128,estimated_witness,0.5,0.25,0.3,0.15825130105139848
128,estimated_witness,4.0,0.25,0.3,0.1589918676871365
128,estimated_witness,0.25,0.25,0.3,0.159628147946802
128,estimated_witness,0.5,0.5,0.1,0.15985490854923748
128,estimated_witness,0.5,0.5,0.3,0.1599656195224511
128,estimated_witness,2.0,0.75,0.1,0.16139459633134134
128,estimated_witness,0.25,0.5,0.1,0.16144416920043844
128,estimated_witness,1.0,0.25,0.1,0.16206608803948042
128,estimated_witness,2.0,0.75,0.3,0.16212394717831372
128,estimated_witness,0.25,0.5,0.3,0.16215257811296208
128,estimated_witness,0.5,0.25,0.1,0.1626704485121964
128,estimated_witness,4.0,0.25,1.0,0.16277432001342207
128,estimated_witness,2.0,0.25,1.0,0.16333101216871407
128,estimated_witness,4.0,0.1,1.0,0.1634251034360523
128,estimated_witness,2.0,0.1,1.0,0.1636607230348978
128,estimated_witness,1.0,0.1,1.0,0.16412462651058443
128,estimated_witness,2.0,0.25,0.1,0.16428964736320073
128,estimated_witness,0.25,0.25,0.1,0.1644283843646017
128,estimated_witness,0.5,0.1,1.0,0.16460866821114534
128,estimated_witness,1.0,0.25,1.0,0.16464433523379793
128,estimated_witness,0.25,0.1,1.0,0.16480838328634992
128,estimated_witness,1.0,0.1,0.3,0.16508518512398543
128,estimated_witness,4.0,0.5,1.0,0.16525704681413014
128,estimated_witness,0.25,0.0,1.0,0.16529619604383627
128,estimated_witness,0.5,0.1,0.3,0.16533542724709277
128,estimated_witness,4.0,0.9,0.1,0.16559838356369724
128,estimated_witness,0.5,0.25,1.0,0.16591948187488417
128,estimated_witness,2.0,0.1,0.3,0.1660489313075946
128,estimated_witness,0.25,0.1,0.3,0.16606551496
128,estimated_witness,0.25,0.25,1.0,0.16663314808267737
128,estimated_witness,4.0,0.9,0.3,0.16691089076055046
128,estimated_witness,2.0,0.5,1.0,0.1671776796864011
128,estimated_witness,0.25,0.5,0.03,0.1677084187161144
128,estimated_witness,4.0,0.75,0.03,0.1677305171758364
128,estimated_witness,4.0,0.1,0.3,0.1681329013409539
128,estimated_witness,1.0,0.75,0.1,0.16917832054236528
128,estimated_witness,0.5,0.5,0.03,0.16968353254522472
128,estimated_witness,1.0,0.75,0.3,0.1699585917113926
128,estimated_witness,2.0,0.5,0.03,0.17031805440233447
128,estimated_witness,1.0,0.5,0.03,0.17032266173113522
128,estimated_witness,4.0,0.25,0.1,0.17059331021892943
128,estimated_witness,1.0,0.5,1.0,0.17061333555263788
128,estimated_witness,0.5,0.75,0.1,0.17239646783504015
128,estimated_witness,0.5,0.5,1.0,0.1734340801018588
128,estimated_witness,4.0,0.5,0.03,0.17372880797339596
128,estimated_witness,4.0,0.75,1.0,0.17388223507078215
128,estimated_witness,0.5,0.75,0.3,0.17423656456968253
128,estimated_witness,2.0,0.75,0.03,0.17459876890682416
128,estimated_witness,0.25,0.75,0.1,0.17467755827994794
128,estimated_witness,0.5,0.25,0.03,0.17481876570480312
128,estimated_witness,0.25,0.25,0.03,0.17496566650082904
128,estimated_witness,0.25,0.5,1.0,0.17530028055300736
128,estimated_witness,1.0,0.25,0.03,0.1765019309535686
128,estimated_witness,0.25,0.0,0.3,0.17738708731628308
128,estimated_witness,2.0,0.75,1.0,0.1777831256986402
128,estimated_witness,0.25,0.75,0.03,0.17780474684482053
128,estimated_witness,0.25,0.75,0.3,0.1778424102303451
128,estimated_witness,2.0,0.9,0.3,0.17815804086688444
128,estimated_witness,4.0,0.9,0.03,0.17852814692287944
128,estimated_witness,0.5,0.1,0.1,0.17881636479205176
128,estimated_witness,1.0,0.1,0.1,0.17935234933066158
128,estimated_witness,0.5,0.75,0.03,0.1796915954253968
128,estimated_witness,1.0,0.75,0.03,0.18023164588553817
128,estimated_witness,2.0,0.9,0.1,0.18028859692743948
128,estimated_witness,0.25,0.1,0.1,0.18050671495604007
128,estimated_witness,2.0,0.25,0.03,0.18240719876080205
128,estimated_witness,4.0,0.1,3.0,0.18319798922079356
128,estimated_witness,2.0,0.1,0.1,0.18335379033488328
128,estimated_witness,0.25,0.0,3.0,0.18352499494853902
128,estimated_witness,1.0,0.75,1.0,0.18384649975253745
128,estimated_witness,2.0,0.1,3.0,0.1841717913391955
128,estimated_witness,4.0,0.9,1.0,0.18440074583879987
128,estimated_witness,1.0,0.1,3.0,0.18491722659282597
128,estimated_witness,0.5,0.1,3.0,0.1853065210849406
128,estimated_witness,0.25,0.1,3.0,0.1854131554960179
128,estimated_witness,4.0,0.25,3.0,0.18551057865990564
128,estimated_witness,2.0,0.25,3.0,0.18685136399861127
128,estimated_witness,1.0,0.9,0.3,0.18781593707653688
128,estimated_witness,1.0,0.25,3.0,0.18824514319880115
128,estimated_witness,0.5,0.75,1.0,0.18835207888367012
128,estimated_witness,4.0,1.0,0.3,0.18867752347853187
128,estimated_witness,0.5,0.25,3.0,0.189144778860312
128,estimated_witness,1.0,0.9,0.1,0.189236109019516
128,estimated_witness,2.0,0.9,1.0,0.18944074397793173
128,estimated_witness,0.25,0.25,3.0,0.18950721005549134
128,estimated_witness,0.5,0.9,0.1,0.1898789859045402
128,estimated_witness,4.0,0.1,0.1,0.1900825459574574
128,estimated_witness,0.5,0.9,0.3,0.19137461072913572
128,estimated_witness,4.0,0.5,3.0,0.19168930141773136
128,estimated_witness,0.25,0.75,1.0,0.19205718941960506
128,estimated_witness,0.25,0.9,0.1,0.19301278102995223
128,estimated_witness,2.0,0.5,3.0,0.19337306350492298
128,estimated_witness,2.0,0.9,0.03,0.1933776226034093
128,estimated_witness,4.0,0.25,0.03,0.1935900433293213
128,estimated_witness,0.25,0.9,0.03,0.19438445086737768
128,estimated_witness,0.5,0.9,0.03,0.1949021615026626
128,estimated_witness,4.0,1.0,1.0,0.1958392979729621
128,estimated_witness,1.0,0.5,3.0,0.19590532427863128
128,estimated_witness,0.5,0.1,0.03,0.1959385218787658
128,estimated_witness,0.25,0.9,0.3,0.19631361456976218
128,estimated_witness,1.0,0.9,1.0,0.19703038086148486
128,estimated_witness,0.5,0.5,3.0,0.19789725067198502
128,estimated_witness,0.25,0.1,0.03,0.19795657992637603
128,estimated_witness,1.0,0.1,0.03,0.1984317595049172
128,estimated_witness,0.25,0.5,3.0,0.19910928750032372
128,estimated_witness,1.0,0.9,0.03,0.19912575603236962
128,estimated_witness,4.0,0.75,3.0,0.2009535154143595
128,estimated_witness,2.0,1.0,1.0,0.20122033802558495
128,estimated_witness,2.0,1.0,0.3,0.20203574459291151
128,estimated_witness,0.5,0.9,1.0,0.2023763216109946
128,estimated_witness,2.0,0.75,3.0,0.2027922167442061
128,estimated_witness,1.0,0.75,3.0,0.20657497640302566
128,estimated_witness,2.0,0.1,0.03,0.20665838410655393
128,estimated_witness,0.25,0.9,1.0,0.20780034655408744
128,estimated_witness,4.0,0.9,3.0,0.20862322426294858
128,estimated_witness,4.0,1.0,0.1,0.20929175993723861
128,estimated_witness,1.0,1.0,1.0,0.20944164158464607
128,estimated_witness,0.5,1.0,0.3,0.20955964787899287
128,estimated_witness,1.0,1.0,0.3,0.20975146602151984
128,estimated_witness,0.5,0.75,3.0,0.20991840627500036
128,estimated_witness,2.0,0.9,3.0,0.21034306712285356
128,estimated_witness,0.5,1.0,0.1,0.21097353875564065
128,estimated_witness,0.25,0.75,3.0,0.2125391892975824
128,estimated_witness,0.25,1.0,0.1,0.21362534808451902
128,estimated_witness,0.25,1.0,0.03,0.21437918293590277
128,estimated_witness,0.25,0.0,0.1,0.2145629516718893
128,estimated_witness,4.0,0.1,10.0,0.214844688627317
128,estimated_witness,1.0,0.9,3.0,0.21486705179491947
128,estimated_witness,0.5,1.0,1.0,0.21495180272605888
128,estimated_witness,4.0,1.0,3.0,0.21498958886664563
128,estimated_witness,0.5,1.0,0.03,0.21514191340718616
128,estimated_witness,0.25,1.0,0.3,0.2152746094313982
128,estimated_witness,0.25,0.0,10.0,0.2159395729137569
128,estimated_witness,4.0,0.25,10.0,0.2159743749238344
128,estimated_witness,2.0,0.1,10.0,0.21610193735258773
128,estimated_witness,2.0,1.0,3.0,0.21645135596183854
128,estimated_witness,1.0,0.1,10.0,0.21693428722821706
128,estimated_witness,0.5,0.1,10.0,0.21728714427670628
128,estimated_witness,0.25,0.1,10.0,0.21742640275464184
128,estimated_witness,2.0,0.25,10.0,0.21782193856270085
128,estimated_witness,4.0,0.1,0.03,0.21880314758201394
128,estimated_witness,0.5,0.9,3.0,0.2191223702913184
128,estimated_witness,1.0,0.25,10.0,0.2192117814710536
128,estimated_witness,0.5,0.25,10.0,0.21986627349417884
128,estimated_witness,4.0,0.5,10.0,0.2198872810328397
128,estimated_witness,0.25,0.25,10.0,0.22013613879930616
128,estimated_witness,1.0,1.0,0.1,0.22127648316332135
128,estimated_witness,1.0,1.0,3.0,0.22142026260876216
128,estimated_witness,0.25,1.0,1.0,0.22191300617009138
128,estimated_witness,2.0,0.5,10.0,0.22199533560171605
128,estimated_witness,0.25,0.9,3.0,0.22294351149403743
128,estimated_witness,2.0,1.0,0.1,0.223492108348589
128,estimated_witness,1.0,0.5,10.0,0.22396033805408933
128,estimated_witness,4.0,0.75,10.0,0.22499672792065817
128,estimated_witness,0.5,0.5,10.0,0.22509626633009294
128,estimated_witness,0.25,0.5,10.0,0.2256678954086474
128,estimated_witness,0.5,1.0,3.0,0.22630940366160132
128,estimated_witness,2.0,0.75,10.0,0.22708583229557977
128,estimated_witness,4.0,0.9,10.0,0.22854837173118522
128,estimated_witness,1.0,0.75,10.0,0.22953677274209308
128,estimated_witness,2.0,0.9,10.0,0.23054284059372812
128,estimated_witness,4.0,1.0,10.0,0.23112870149727582
128,estimated_witness,0.25,1.0,3.0,0.23113129824423662
128,estimated_witness,0.5,0.75,10.0,0.2312494826418258
128,estimated_witness,0.25,0.75,10.0,0.23232244293380888
128,estimated_witness,2.0,1.0,10.0,0.23302610990389128
128,estimated_witness,1.0,0.9,10.0,0.23326917312018391
128,estimated_witness,0.5,0.9,10.0,0.2353751896140106
128,estimated_witness,1.0,1.0,10.0,0.23592956220296846
128,estimated_witness,0.25,0.9,10.0,0.2368537825287722
128,estimated_witness,0.5,1.0,10.0,0.2383161932679866
128,estimated_witness,1.0,1.0,0.03,0.23834718821342846
128,estimated_witness,0.25,1.0,10.0,0.24011124804771974
128,estimated_witness,2.0,1.0,0.03,0.26220793691976635
128,estimated_witness,4.0,1.0,0.03,0.26255229557721327
128,estimated_witness,0.25,0.0,0.03,0.2641686398765824
128,geometry_only,0.25,0.0,1.0,0.16529619604383627
128,geometry_only,0.25,0.0,0.3,0.17738708731628308
128,geometry_only,0.25,0.0,3.0,0.18352499494853902
128,geometry_only,0.25,0.0,0.1,0.2145629516718893
128,geometry_only,0.25,0.0,10.0,0.2159395729137569
128,geometry_only,0.25,0.0,0.03,0.2641686398765824
129,estimated_witness,1.0,0.75,0.1,0.1569179591779305
129,estimated_witness,0.5,0.5,0.1,0.15725849663575778
129,estimated_witness,0.5,0.75,0.1,0.15793105289503095
129,estimated_witness,1.0,0.5,0.1,0.15865348990186834
129,estimated_witness,0.5,0.75,0.03,0.15868991739462965
129,estimated_witness,2.0,0.75,0.1,0.15888794679618126
129,estimated_witness,0.5,0.5,0.03,0.15943354452340455
129,estimated_witness,1.0,0.75,0.03,0.15945638982464297
129,estimated_witness,0.25,0.5,0.1,0.1595276959678651
129,estimated_witness,0.5,0.5,0.3,0.159620757926191
129,estimated_witness,0.25,0.5,0.03,0.16018779346180687
129,estimated_witness,1.0,0.5,0.3,0.1605993074147906
129,estimated_witness,1.0,0.75,0.3,0.16174853411259119
129,estimated_witness,2.0,0.9,0.1,0.16177173657746766
129,estimated_witness,0.25,0.75,0.03,0.1618471637953135
129,estimated_witness,1.0,0.9,0.1,0.1622181719749182
129,estimated_witness,0.5,0.75,0.3,0.1622943118477671
129,estimated_witness,4.0,0.75,0.1,0.16230368889532276
129,estimated_witness,0.25,0.5,0.3,0.1624624824107562
129,estimated_witness,0.25,0.75,0.1,0.16254187132601386
129,estimated_witness,2.0,0.5,0.1,0.16320098264346242
129,estimated_witness,1.0,0.5,0.03,0.16328143894105854
129,estimated_witness,4.0,0.9,0.1,0.16337820843489845
129,estimated_witness,2.0,0.75,0.03,0.16371501202085362
129,estimated_witness,2.0,0.9,0.03,0.16405825708718616
129,estimated_witness,1.0,0.9,0.03,0.16415046492077254
129,estimated_witness,2.0,0.5,0.3,0.1642898171406203
129,estimated_witness,2.0,0.75,0.3,0.16436782004428266
129,estimated_witness,0.5,0.25,0.3,0.16495067957702345
129,estimated_witness,0.5,0.9,0.1,0.1650890275706267
129,estimated_witness,4.0,0.9,0.03,0.1652417660313807
129,estimated_witness,0.5,0.9,0.03,0.1654284259967055
129,estimated_witness,0.5,0.25,0.1,0.1656047080268266
129,estimated_witness,0.25,0.25,0.3,0.16645180318720507
129,estimated_witness,0.25,0.25,0.1,0.1665211784422115
129,estimated_witness,1.0,0.25,0.3,0.16669130802225277
129,estimated_witness,0.25,0.75,0.3,0.1675103554516896
129,estimated_witness,1.0,0.9,0.3,0.16803790776727076
129,estimated_witness,4.0,0.75,0.3,0.16830602147905624
129,estimated_witness,1.0,0.25,0.1,0.16839835308146958
129,estimated_witness,4.0,0.5,0.1,0.1684654707495233
129,estimated_witness,4.0,0.5,0.3,0.16875120228218873
129,estimated_witness,4.0,0.75,0.03,0.1691357016410969
129,estimated_witness,0.25,0.25,0.03,0.16951927079294282
129,estimated_witness,2.0,0.9,0.3,0.16993731007782764
129,estimated_witness,0.5,0.9,0.3,0.16995439802291437
129,estimated_witness,0.5,0.25,0.03,0.1704023954765527
129,estimated_witness,2.0,0.25,0.3,0.17054695693703806
129,estimated_witness,0.25,0.9,0.03,0.17142549179752975
129,estimated_witness,2.0,0.5,0.03,0.17149611145422813
129,estimated_witness,0.5,0.5,1.0,0.17250190502141027
129,estimated_witness,0.25,0.9,0.1,0.17278646750656232
129,estimated_witness,0.5,0.25,1.0,0.17374708512893253
129,estimated_witness,1.0,0.5,1.0,0.17382635726265996
129,estimated_witness,2.0,0.25,0.1,0.17385960260163047
129,estimated_witness,4.0,0.9,0.3,0.17393475083399493
129,estimated_witness,0.5,0.1,0.3,0.1743067309530801
129,estimated_witness,4.0,0.25,0.3,0.17484354990241568
129,estimated_witness,0.25,0.25,1.0,0.17494724335062942
129,estimated_witness,0.25,0.1,0.3,0.1749821546083233
129,estimated_witness,1.0,0.25,1.0,0.17510031798589523
129,estimated_witness,0.25,0.5,1.0,0.17518960678316198
129,estimated_witness,1.0,0.1,0.3,0.1758372496501127
129,estimated_witness,1.0,1.0,0.1,0.17615360669565483
129,estimated_witness,1.0,0.25,0.03,0.17622164179918212
129,estimated_witness,2.0,1.0,0.1,0.17655966140651647
129,estimated_witness,0.5,0.75,1.0,0.17746899190243778
129,estimated_witness,2.0,0.5,1.0,0.17754678905653717
129,estimated_witness,0.5,0.1,1.0,0.1775478013941628
129,estimated_witness,2.0,0.25,1.0,0.17789982346746838
129,estimated_witness,1.0,0.75,1.0,0.17799242268674295
129,estimated_witness,0.25,0.1,1.0,0.17802833756504624
129,estimated_witness,1.0,0.1,1.0,0.17837517756928414
129,estimated_witness,0.25,0.9,0.3,0.17845305165539305
129,estimated_witness,1.0,1.0,0.3,0.17845325157093506
129,estimated_witness,0.5,1.0,0.1,0.17847559471623575
129,estimated_witness,2.0,0.1,0.3,0.17863841163246383
129,estimated_witness,4.0,1.0,0.1,0.17904899498035773
129,estimated_witness,0.5,0.1,0.1,0.17981722464863145
129,estimated_witness,4.0,0.25,0.1,0.17992649832721141
129,estimated_witness,2.0,0.1,1.0,0.179932013564337
129,estimated_witness,4.0,0.5,0.03,0.17995183966792985
129,estimated_witness,0.25,0.1,0.1,0.1801487270330946
129,estimated_witness,4.0,0.25,1.0,0.1806830280775239
129,estimated_witness,2.0,1.0,0.3,0.18110217815431265
129,estimated_witness,0.5,1.0,0.3,0.18111571551819514
129,estimated_witness,0.5,1.0,0.03,0.18136415937026737
129,estimated_witness,4.0,0.1,1.0,0.1814517583610832
129,estimated_witness,4.0,0.1,0.3,0.18156509850883948
129,estimated_witness,4.0,0.5,1.0,0.18157196342419493
129,estimated_witness,0.25,0.0,1.0,0.18206877550510006
129,estimated_witness,2.0,0.75,1.0,0.18215842029061827
129,estimated_witness,1.0,0.1,0.1,0.18258880513409334
129,estimated_witness,0.25,0.75,1.0,0.18286774515235157
129,estimated_witness,1.0,1.0,0.03,0.184377198818007
129,estimated_witness,1.0,0.9,1.0,0.18467654813725143
129,estimated_witness,0.5,0.9,1.0,0.18509558162859516
129,estimated_witness,2.0,0.25,0.03,0.18568483061660515
129,estimated_witness,2.0,0.1,0.1,0.18739947528838244
129,estimated_witness,4.0,0.75,1.0,0.18741587371519644
129,estimated_witness,4.0,1.0,0.3,0.18747568686997398
129,estimated_witness,2.0,1.0,0.03,0.18785513129896772
129,estimated_witness,0.25,0.1,0.03,0.1879519923457584
129,estimated_witness,0.25,0.0,0.3,0.18813318170008655
129,estimated_witness,0.25,1.0,0.03,0.1890396151188565
129,estimated_witness,4.0,1.0,0.03,0.18914300914052928
129,estimated_witness,0.5,0.1,0.03,0.18941105339780448
129,estimated_witness,2.0,0.9,1.0,0.1894137533715153
129,estimated_witness,0.25,1.0,0.1,0.1896838500989101
129,estimated_witness,0.5,0.1,3.0,0.19240760269285997
129,estimated_witness,1.0,1.0,1.0,0.19244051123506045
129,estimated_witness,0.5,0.25,3.0,0.19246398131618336
129,estimated_witness,1.0,0.1,3.0,0.19269280671437536
129,estimated_witness,4.0,0.1,0.1,0.192822445657734
129,estimated_witness,0.25,0.1,3.0,0.19290410975058145
129,estimated_witness,1.0,0.25,3.0,0.19311165209993283
129,estimated_witness,0.25,0.0,3.0,0.1932436370218796
129,estimated_witness,2.0,0.1,3.0,0.1935651740291153
129,estimated_witness,0.25,0.25,3.0,0.19363505997690125
129,estimated_witness,0.5,1.0,1.0,0.19371891689360068
129,estimated_witness,0.25,0.9,1.0,0.19377478948241408
129,estimated_witness,0.25,1.0,0.3,0.19394936206588542
129,estimated_witness,4.0,0.1,3.0,0.19450994122299137
129,estimated_witness,4.0,0.25,0.03,0.19466245588800324
129,estimated_witness,2.0,0.25,3.0,0.19497471659989585
129,estimated_witness,1.0,0.1,0.03,0.19505683232252324
129,estimated_witness,0.5,0.5,3.0,0.19518243394509338
129,estimated_witness,1.0,0.5,3.0,0.19595897702163248
129,estimated_witness,4.0,0.9,1.0,0.19643835588895509
129,estimated_witness,4.0,0.25,3.0,0.19690487388286718
129,estimated_witness,0.25,0.5,3.0,0.19788281686989762
129,estimated_witness,2.0,1.0,1.0,0.19829662186851668
129,estimated_witness,2.0,0.5,3.0,0.1990296029728739
129,estimated_witness,0.5,0.75,3.0,0.20169190167883344
129,estimated_witness,1.0,0.75,3.0,0.20207823739380767
129,estimated_witness,4.0,0.5,3.0,0.2023542510277482
129,estimated_witness,2.0,0.1,0.03,0.2030828575831564
129,estimated_witness,0.25,1.0,1.0,0.20618201487843565
129,estimated_witness,2.0,0.75,3.0,0.20630678994354656
129,estimated_witness,0.25,0.75,3.0,0.20689509927384886
129,estimated_witness,1.0,0.9,3.0,0.20803377484770316
129,estimated_witness,0.5,0.9,3.0,0.20815781629473848
129,estimated_witness,4.0,1.0,1.0,0.20830857731883443
129,estimated_witness,0.25,0.0,0.1,0.21059433568744623
129,estimated_witness,4.0,0.1,0.03,0.2111896517295575
129,estimated_witness,4.0,0.75,3.0,0.21137588084761885
129,estimated_witness,2.0,0.9,3.0,0.21318995594073034
129,estimated_witness,1.0,1.0,3.0,0.2133820615169597
129,estimated_witness,0.5,1.0,3.0,0.21398481209608625
129,estimated_witness,0.25,0.9,3.0,0.21572777206795593
129,estimated_witness,0.25,0.0,10.0,0.2182989460768622
129,estimated_witness,2.0,0.1,10.0,0.21854784183052878
129,estimated_witness,1.0,0.1,10.0,0.21855989613468443
129,estimated_witness,4.0,0.1,10.0,0.21867955015350873
129,estimated_witness,0.5,0.1,10.0,0.2188634230398814
129,estimated_witness,2.0,1.0,3.0,0.21940849181940583
129,estimated_witness,0.25,0.1,10.0,0.21941468042940915
129,estimated_witness,4.0,0.9,3.0,0.21989995440819918
129,estimated_witness,1.0,0.25,10.0,0.21992094947562116
129,estimated_witness,2.0,0.25,10.0,0.220320440334306
129,estimated_witness,0.5,0.25,10.0,0.22032462411437523
129,estimated_witness,4.0,0.25,10.0,0.22100166289211476
129,estimated_witness,0.25,0.25,10.0,0.22155045204812862
129,estimated_witness,1.0,0.5,10.0,0.22343553670120478
129,estimated_witness,0.25,1.0,3.0,0.2237348634834224
129,estimated_witness,0.5,0.5,10.0,0.2239120266736874
129,estimated_witness,2.0,0.5,10.0,0.22458041212006682
129,estimated_witness,4.0,0.5,10.0,0.22616056370492343
129,estimated_witness,0.25,0.5,10.0,0.22628027323652833
129,estimated_witness,4.0,1.0,3.0,0.22775289087871817
129,estimated_witness,1.0,0.75,10.0,0.2281549622314523
129,estimated_witness,0.5,0.75,10.0,0.228816809792032
129,estimated_witness,2.0,0.75,10.0,0.23003117609934245
129,estimated_witness,1.0,0.9,10.0,0.23160216992060004
129,estimated_witness,0.5,0.9,10.0,0.23245096419799424
129,estimated_witness,4.0,0.75,10.0,0.23255582145003073
129,estimated_witness,0.25,0.75,10.0,0.2325844150091004
129,estimated_witness,2.0,0.9,10.0,0.23394163412645863
129,estimated_witness,1.0,1.0,10.0,0.23419105090259887
129,estimated_witness,0.5,1.0,10.0,0.23519948512413244
129,estimated_witness,2.0,1.0,10.0,0.2368622101484759
129,estimated_witness,4.0,0.9,10.0,0.23711504704748923
129,estimated_witness,0.25,0.9,10.0,0.2372472570598425
129,estimated_witness,4.0,1.0,10.0,0.2405229041523752
129,estimated_witness,0.25,1.0,10.0,0.24078190109278852
129,estimated_witness,0.25,0.0,0.03,0.24629390715237032
129,geometry_only,0.25,0.0,1.0,0.18206877550510006
129,geometry_only,0.25,0.0,0.3,0.18813318170008655
129,geometry_only,0.25,0.0,3.0,0.1932436370218796
129,geometry_only,0.25,0.0,0.1,0.21059433568744623
129,geometry_only,0.25,0.0,10.0,0.2182989460768622
129,geometry_only,0.25,0.0,0.03,0.24629390715237032
