seed,pair,reliability_weight,estimated_witness_risk,geometry_risk,oracle_risk,estimated_realized_mse,geometry_realized_mse,oracle_realized_mse,estimated_residual_cosine,geometry_residual_cosine,selected_rho,selected_length_factor,selected_noise_ratio
100,SGK1+TBX2,0.29899999499320984,0.12551216898610143,0.17570047746867407,0.034179663024853396,0.04427860209414925,0.052608172730568344,0.03417966299471219,0.7574724731516903,0.7631133213836462,0.75,4.0,0.1
100,ELMSAN1+ZBTB10,0.36000001430511475,0.204694500577764,0.16904984981247975,0.06606457173946771,0.09020941708320201,0.09282776963945505,0.06606457170352982,0.5695303012727756,0.543434166089078,0.75,4.0,0.1
100,PRTG+TGFBR2,0.16500000655651093,0.0719779944395623,0.13528281602966868,0.030392118562450648,0.08914743301861305,0.05239451423618019,0.030392118534102303,0.24824612612893424,0.38208739973183037,0.75,4.0,0.1
100,PTPN9+UBASH3B,0.0,0.0796042417092471,0.15408079807709565,0.02732773282369065,0.03896532519879877,0.05638955665087092,0.027327732792004334,0.8107830348885638,0.7819285220602659,0.75,4.0,0.1
100,ELMSAN1+MAP2K3,0.33799999952316284,0.1105462470293369,0.16430508337653635,0.02780548033443144,0.052736048407881,0.03690427924897953,0.027805480307185538,0.6646193764832783,0.6700812366228276,0.75,4.0,0.1
100,UBASH3A+UBASH3B,0.39500001072883606,0.06721393119540198,0.14609408333068266,0.01915559986547864,0.16653285674001259,0.11323143411825054,0.01915559983807435,0.08296684812342955,0.056314987679527695,0.75,4.0,0.1
100,FOXL2+POU3F2,0.09700000286102295,0.08934419439219628,0.15491740650673044,0.046979848210082595,0.07499082102197036,0.08676075557359819,0.04697984817983715,0.6039446987815122,0.5110516265723454,0.75,4.0,0.1
100,IGDCC3+ZBTB25,0.2549999952316284,0.08649798744629311,0.14896393098863012,0.0540707197366605,0.07592775266654801,0.08123457836085321,0.0540707197036188,0.42019054244889004,0.33495905054940717,0.75,4.0,0.1
100,FOXF1+FOXL2,0.34700000286102295,0.06602110388780276,0.14262609375962337,0.04634410841253503,0.1133038411228823,0.10825176552658472,0.04634410838291064,0.5128049718460189,0.5531562433925439,0.75,4.0,0.1
100,CEBPB+OSR2,0.1809999942779541,0.0962188925850384,0.13967941031779338,0.04943078986063726,0.1002168184807439,0.11903257272209722,0.04943078982855328,0.5869839735056834,0.6086728047101313,0.75,4.0,0.1
100,CBL+UBASH3A,0.027000000700354576,0.07463834621977171,0.15123642790172404,0.10384324754072399,0.19878060435383002,0.17012282405767826,0.10384324750454281,0.6454125703679736,0.6390557184684188,0.75,4.0,0.1
100,CEBPE+ZC3HAV1,0.5799999833106995,0.09842464511515432,0.15077200932834264,0.024787675375138818,0.12828804943570885,0.1384204999837114,0.024787675345955794,0.9686584330185547,0.97227160464834,0.75,4.0,0.1
100,CDKN1A+CDKN1C,0.11400000005960464,0.17586075896985875,0.18448550134210775,0.08664064949907348,0.10317910314453126,0.1315378261483677,0.08664064946563546,0.7079663359553914,0.7081383089241357,0.75,4.0,0.1
100,BAK1+KLF1,0.3089999854564667,0.07722267499095621,0.14349926357783022,0.02193006483566183,0.05302458909788205,0.062306390970046685,0.021930064809446474,0.36925704711906115,0.15807360558553546,0.75,4.0,0.1
100,CBL+PTPN9,0.14300000667572021,0.08073256627413022,0.157444361743985,0.030843106473181073,0.03723742754557644,0.03879462763438526,0.03084310644181664,0.8681336571606254,0.8576935747152591,0.75,4.0,0.1
100,UBASH3B+ZBTB25,0.0010000000474974513,0.07441173975211329,0.14691469918892294,0.028200400298124234,0.037051757258420887,0.057774815865239935,0.028200400268988565,0.789453936075787,0.6855278149172996,0.75,4.0,0.1
100,CNN1+MAPK1,0.621999979019165,0.08793785319298218,0.13568596135891706,0.024400628252740357,0.04372337702889852,0.040423062959386635,0.02440062821826521,0.7605221718261616,0.7192352660735153,0.75,4.0,0.1
100,CEBPA+KLF1,0.7269999980926514,0.1851825548120799,0.13631010772197963,0.06346290623782107,0.23101353948378223,0.16463021600759492,0.06346290620003055,0.5488504346939977,0.49772759821028917,0.75,4.0,0.1
100,CEBPB+MAPK1,0.23600000143051147,0.15683179239001357,0.13081384973919127,0.02847483256332406,0.07829502878097527,0.0617405147877677,0.02847483253329444,0.9061950482752821,0.9332753370435942,0.75,4.0,0.1
100,SNAI1+ZBTB10,0.3889999985694885,0.23251695440453268,0.15758845979641883,0.11532908053891776,0.26267259176525054,0.17262419413264393,0.11532908050094988,0.2684711845008408,0.3627115052857565,0.75,4.0,0.1
100,ETS2+TGFBR2,0.12300000339746475,0.06177654066404873,0.12779996210272165,0.022991794939324094,0.04077625093694161,0.04249274632323804,0.02299179491213649,0.547518392099492,0.5010475830854364,0.75,4.0,0.1
100,CEBPA+ZC3HAV1,0.46000000834465027,0.18217912090440228,0.16324062166076486,0.10009635199835103,0.1858239486159549,0.18507794203698685,0.1000963519675307,0.5128623925712934,0.5211160727326258,0.75,4.0,0.1
100,SNAI1+UBASH3B,0.2759999930858612,0.07576344865164594,0.14167564953991893,0.02915870877476391,0.04272716139082652,0.10502840290737021,0.0291587087446309,0.577593658085554,-0.05550678933564944,0.75,4.0,0.1
100,CNN1+UBASH3B,0.6230000257492065,0.06858089881561424,0.1385647369348291,0.025383964662412856,0.07480477122665682,0.1633016528420277,0.025383964632357175,0.889543637712147,0.7146832478742606,0.75,4.0,0.1
100,ELMSAN1+MAP2K6,0.07900000363588333,0.09915954328120183,0.16017176859665938,0.021651433649008192,0.05093545578619735,0.03305548767812134,0.021651433623627578,0.5676954515973257,0.4907392933864838,0.75,4.0,0.1
100,DUSP9+IGDCC3,0.2370000034570694,0.09424682568594432,0.13880798481879875,0.030641718698633358,0.09860418508581958,0.05259797562284937,0.030641718664508377,0.5505863593955388,0.7775823149474913,0.75,4.0,0.1
101,CEBPA+CEBPE,0.5609999895095825,0.23754018261349738,0.1309418778960437,0.07065480331868113,0.2299014679783701,0.3829938114113712,0.07065480328321282,0.9199731527920192,0.9540926069045487,0.9,4.0,0.03
101,ETS2+PRTG,0.35600000619888306,0.052638165265283775,0.13175780606328966,0.02041688036126693,0.02765422303681998,0.07954265136030911,0.02041688033324347,0.9241900037366697,0.828034555641213,0.9,4.0,0.03
101,SAMD1+TGFBR2,0.0,0.05242514254561791,0.13200189798518558,0.0951454113524367,0.1096164641442908,0.10822923922379021,0.09514541132432514,0.3809535369628811,0.3716671759175984,0.9,4.0,0.03
101,CDKN1B+CDKN1C,0.0,0.10370887187765382,0.17385770254514887,0.07780520276943018,0.10016036627522777,0.1214782856609255,0.07780520274191575,0.6954279926359415,0.6903434560816448,0.9,4.0,0.03
101,DUSP9+ETS2,0.7250000238418579,0.07903848389190367,0.12595437085045133,0.020802943795769607,0.06449505162069691,0.13559017338479512,0.02080294376771786,0.8805586484836779,0.535135894753898,0.9,4.0,0.03
101,CEBPA+JUN,0.4909999966621399,0.47500050689599643,0.1539460816781409,0.19315648252286832,0.35969324246231926,0.3055839731296865,0.19315648248522907,0.35553141474516703,0.5087252274795785,0.9,4.0,0.03
101,CEBPB+CEBPE,0.21799999475479126,0.10444013437463075,0.12355262072712611,0.07764885204417216,0.27959809594675383,0.11579878923735015,0.07764885201118571,0.7747055201777132,0.9219756368379567,0.9,4.0,0.03
101,IKZF3+MAP2K6,0.04699999839067459,0.08004757476909624,0.13761626432739227,0.026986867087000717,0.04449717381534959,0.05068073306918388,0.026986867061889557,0.6333825319011507,0.639621028326536,0.9,4.0,0.03
101,AHR+KLF1,0.7609999775886536,0.11730103484914856,0.14079525825974104,0.03539987235348532,0.1518307508450254,0.3102301984448218,0.0353998723292522,0.7189935059130655,-0.13921153910010947,0.9,4.0,0.03
101,PRTG+TGFBR2,0.16500000655651093,0.05736942634086629,0.1322201259762068,0.030133753693171485,0.06694361726181884,0.04235403769951993,0.030133753667472302,0.38086473871652166,0.5046935078342757,0.9,4.0,0.03
101,PTPN12+UBASH3B,0.03099999949336052,0.04136463331316367,0.1207822269517825,0.027641183433701887,0.039435156600301766,0.08856932192333539,0.027641183407755694,0.7285889697463064,0.30443821660876624,0.9,4.0,0.03
101,CEBPE+CNN1,0.4620000123977661,0.07637241896949719,0.12716325446465418,0.036096672251296424,0.12071042200657688,0.18991997582819556,0.03609667222330807,0.8409509783155303,0.8053285087005587,0.9,4.0,0.03
101,CEBPE+ZC3HAV1,0.5799999833106995,0.06710515592146958,0.13685168015098842,0.024348522116051097,0.19504220690804183,0.2045948699895937,0.024348522089035297,0.9450720743099894,0.9625543072970122,0.9,4.0,0.03
101,CEBPB+PTPN12,0.28999999165534973,0.06982551249832679,0.12350526690995332,0.03271749935565804,0.05986028557308534,0.12425409886825292,0.0327174993273182,0.9328510418137832,0.8829288823866432,0.9,4.0,0.03
101,TBX2+TBX3,0.37400001287460327,0.12193440459072885,0.17171131115570257,0.029988813559586214,0.04828580121231037,0.03992429955617555,0.029988813534166218,0.54126949810941,0.6563242616965578,0.9,4.0,0.03
101,OSR2+PTPN12,0.4269999861717224,0.0713248882655914,0.12960674988907683,0.0270773861666668,0.03947862361271882,0.07475914539996813,0.027077386133033437,0.8962463938022507,0.8526120502945695,0.9,4.0,0.03
101,FOXA1+FOXA3,0.16899999976158142,0.07203586407286167,0.1413587167757987,0.044942708600433874,0.07390637336871969,0.05505777131918842,0.04494270857364192,0.531987240164055,0.5586021482061444,0.9,4.0,0.03
101,PTPN12+UBASH3A,0.5049999952316284,0.041212024694934526,0.13003801236154583,0.02834532753838173,0.1132463120028526,0.15894069252105245,0.028345327508897487,0.6844969030929304,0.4653028575851717,0.9,4.0,0.03
101,CBL+CNN1,0.3889999985694885,0.04787319166497823,0.13076597276985466,0.026993413216984563,0.042020658794693036,0.0806241697645454,0.026993413186820383,0.9476985344489975,0.9497807708770343,0.9,4.0,0.03
101,FOXA1+HOXB9,0.10999999940395355,0.05290575037747476,0.14404982693959634,0.03491212503458177,0.08567072815277736,0.07474575396393182,0.03491212500781383,0.594057216124781,0.7043433480672303,0.9,4.0,0.03
101,DLX2+ZBTB10,0.38999998569488525,0.20798686642198128,0.15381339316817888,0.12553792990375667,0.18132090167793136,0.17866956026658806,0.12553792986941067,0.5241253705719755,0.5283189728853456,0.9,4.0,0.03
101,PTPN12+SAMD1,0.0,0.05046963427386993,0.1298866230585807,0.02793896170541165,0.08731767251139651,0.06944969632677549,0.02793896167823742,0.3619043518336923,0.40243902573643,0.9,4.0,0.03
101,ETS2+TGFBR2,0.12300000339746475,0.0436716107442844,0.12493349157274641,0.023707186979898556,0.034447283169600634,0.052502393685817855,0.023707186955208792,0.6274944953203719,0.328857329066806,0.9,4.0,0.03
101,FOXF1+HOXB9,0.03400000184774399,0.05202634002834862,0.1468697359706901,0.044740431519287124,0.07529519644710607,0.05990190181364299,0.04474043149332599,0.5473004453336873,0.5699590192583341,0.9,4.0,0.03
101,RHOXF2+ZBTB25,1.0,0.1821635662005232,0.1517577530529937,0.049371961990562416,0.10402978231755441,0.10751287821145142,0.04937196196107735,0.2557218153734407,0.1647835022506449,0.9,4.0,0.03
101,ELMSAN1+MAP2K6,0.07900000363588333,0.06452261512541428,0.14278701420147238,0.018683637874576723,0.031508981047828635,0.02857645827295457,0.01868363785080185,0.6296294505193017,0.5667714330031963,0.9,4.0,0.03
102,CEBPE+SET,0.8659999966621399,0.5274323614678789,0.141757163115277,0.028940880074611153,0.17597535839137368,0.2668262004920208,0.028940880041704562,0.9440107216986138,0.9564442533306227,0.9,4.0,0.03
102,CBL+PTPN12,0.0010000000474974513,0.04435039261648319,0.1291216677621267,0.025620546684776174,0.08783798589951301,0.034554014908867135,0.025620546656920467,0.7292709861093795,0.7778019746449422,0.9,4.0,0.03
102,CBL+TGFBR2,0.05900000035762787,0.04454694874342119,0.13155738712659623,0.03783523649586609,0.07251343022010863,0.049447914227614874,0.037835236468949485,0.761422792458973,0.768930455227649,0.9,4.0,0.03
102,CEBPB+CEBPE,0.21799999475479126,0.11779544024547743,0.13024480368354271,0.0804259856728834,0.28005412029285887,0.10888957032871524,0.08042598563956965,0.7865591991608716,0.9154311721285299,0.9,4.0,0.03
102,PTPN9+UBASH3B,0.0,0.04406686843711521,0.13821589136308327,0.025044779781774662,0.04155301641816472,0.05524861684307648,0.025044779753816505,0.7956084753171748,0.7712531938054495,0.9,4.0,0.03
102,FOXL2+HOXB9,0.0,0.04963136513966713,0.14268084729984115,0.08131511141230524,0.10517618393342984,0.10481553582660216,0.08131511138322181,0.6064857406590577,0.5667546042559924,0.9,4.0,0.03
102,CEBPE+CNN1,0.4620000123977661,0.0731666719107034,0.13162412957644895,0.03822400196648407,0.07200072208851194,0.23501452648036777,0.038224001936914546,0.9034697239961296,0.6705845154644478,0.9,4.0,0.03
102,CDKN1A+CDKN1B,0.0,0.1057681589117849,0.18052028512800186,0.06695082467740156,0.10464957089354683,0.10529924525100876,0.06695082465031606,0.624668826462174,0.6505382406063595,0.9,4.0,0.03
102,SAMD1+ZBTB1,0.019999999552965164,0.07326975947493872,0.15878731095682494,0.049300991420467774,0.06711906961465453,0.05866546666228852,0.04930099139305949,0.526299360952372,0.5378133948443523,0.9,4.0,0.03
102,ETS2+IGDCC3,0.3529999852180481,0.0617257996001175,0.1314976736513454,0.023901145130758417,0.03914693307081909,0.0758325958446079,0.023901145103776493,0.9188240624412156,0.86505751071905,0.9,4.0,0.03
102,FOXA3+HOXB9,0.09099999815225601,0.05585950426431444,0.15176215284398217,0.03776892345753648,0.050232142693090676,0.04939970673784309,0.03776892342883984,0.7063329784778636,0.7069091196665129,0.9,4.0,0.03
102,BCL2L11+TGFBR2,0.07800000160932541,0.05194656257638943,0.1489291856174599,0.023591008260386983,0.03720214709977318,0.029947665807508593,0.023591008235129798,0.5099528012348994,0.5179895365022388,0.9,4.0,0.03
102,CEBPE+ZC3HAV1,0.5799999833106995,0.06692348725409812,0.1427397233690148,0.023848223946856262,0.19082541678136644,0.22651203049853266,0.023848223918625937,0.9484759995471977,0.9564529069639154,0.9,4.0,0.03
102,IGDCC3+MAPK1,0.46799999475479126,0.10836499455400553,0.1355234217157805,0.02982243293700404,0.0625954624525251,0.08640523829731081,0.029822432907210105,0.9127555429895273,0.8878451769311183,0.9,4.0,0.03
102,TBX2+TBX3,0.37400001287460327,0.12685373196980096,0.17829163963259442,0.030503645674984307,0.05288091862951747,0.03992429955617555,0.030503645648894004,0.48259101721030984,0.6563242616965578,0.9,4.0,0.03
102,CEBPB+JUN,0.01899999938905239,0.2353911353504505,0.15362388058565,0.16247988416941375,0.3610483503332559,0.2564799855553965,0.1624798841372109,0.2754505456783577,0.321565840213592,0.9,4.0,0.03
102,CNN1+MAPK1,0.621999979019165,0.07719499020288058,0.13452341111925975,0.025853148325657473,0.06054982021354409,0.06916335712746373,0.02585314829272754,0.7208410284340911,0.4413217648517431,0.9,4.0,0.03
102,FEV+MAP7D1,0.5609999895095825,0.23587137374862802,0.1641439005201874,0.04939805863215577,0.08179975635365151,0.06455557559235596,0.04939805860371342,0.7395874045960602,0.8006851263561259,0.9,4.0,0.03
102,MAPK1+PRTG,0.5989999771118164,0.09966532194772997,0.13553815978548503,0.02518786413573562,0.04354998032407045,0.07028734265854897,0.025187864102041456,0.9207751625082942,0.8905999931919306,0.9,4.0,0.03
102,AHR+FEV,0.8109999895095825,0.3294940071454059,0.16392506618430472,0.08258636367183977,0.20049443316584742,0.1821582363911965,0.08258636363903406,0.51176307533769,0.6449096462958691,0.9,4.0,0.03
102,CEBPB+FOSB,0.6029999852180481,0.07670996741450496,0.1346656741569773,0.12577558466486208,0.1680275003094296,0.29318386510966177,0.12577558462860108,0.5109637512936074,0.1528267558820342,0.9,4.0,0.03
102,SNAI1+ZBTB10,0.3889999985694885,0.36592392246793964,0.14556562453046643,0.11181822556269548,0.3486408201147202,0.15945311100099122,0.1118182255269084,0.2203594843492738,0.4218230457092538,0.9,4.0,0.03
102,RHOXF2+SET,1.0,0.7744895620449211,0.16386091086110424,0.05026581743267716,0.08944380263599724,0.07441596915915598,0.050265817399951736,0.5566306083444382,0.6770904332244395,0.9,4.0,0.03
102,DLX2+SNAI1,0.36800000071525574,0.12070258900103108,0.1574285516242839,0.0746831141724568,0.17107545849066083,0.10347947986515149,0.07468311414392338,0.23351661632379916,0.592498256015313,0.9,4.0,0.03
102,FOSB+OSR2,0.6060000061988831,0.086411959390195,0.1410352445493986,0.038498069035503735,0.12117478908094093,0.08399308041092389,0.03849806900604159,0.14925131419871096,0.2705566772900008,0.9,4.0,0.03
102,ELMSAN1+MAP2K6,0.07900000363588333,0.05860388446687097,0.14387032511720738,0.01855646623528529,0.029520433944429703,0.028916730649762055,0.018556466210537758,0.6281698747600607,0.5884060611190719,0.9,4.0,0.03
103,SAMD1+TGFBR2,0.0,0.06711177872368626,0.13156176398059827,0.0944163290275579,0.10669848912624574,0.1096794892828389,0.09441632899516063,0.3932546256481193,0.3592700242843673,0.75,4.0,0.1
103,IGDCC3+TGFBR2,0.06499999761581421,0.06612281937317631,0.12606250883803014,0.026624448798749735,0.04892892081525186,0.030366386779011777,0.026624448770163806,0.6654580200810146,0.7012123223738903,0.75,4.0,0.1
103,SGK1+TBX2,0.29899999499320984,0.1173788658861,0.16521779552981766,0.033761463429788516,0.04353725493398729,0.052608172730568344,0.0337614633993776,0.7659123631978004,0.7631133213836462,0.75,4.0,0.1
103,CBL+PTPN12,0.0010000000474974513,0.061141083063031794,0.12477470649637203,0.026184248408296473,0.05617970044020343,0.03642726320470677,0.02618424837791728,0.7442616746953186,0.7637906414993081,0.75,4.0,0.1
103,DUSP9+SNAI1,0.7459999918937683,0.1447542703262191,0.1319213983445324,0.08879009535228977,0.806195141989434,0.784765370023138,0.08879009530969662,-0.30886105848667916,-0.32856877108643584,0.75,4.0,0.1
103,PRTG+TGFBR2,0.16500000655651093,0.07158364121372224,0.12813092019984929,0.031306422978791396,0.08858892528398087,0.05132469812307386,0.03130642295075364,0.24508524784465552,0.3872655932653997,0.75,4.0,0.1
103,ELMSAN1+MAP2K3,0.33799999952316284,0.08337198277143575,0.14192636272913953,0.023989930581664112,0.03727476450490333,0.035248743435621094,0.02398993055176463,0.7196294357901721,0.6931466213236684,0.75,4.0,0.1
103,UBASH3A+UBASH3B,0.39500001072883606,0.06149184462107459,0.13432467429906178,0.01922811371433915,0.0965567576545642,0.08238109891248008,0.01922811368756435,0.21619799938601553,0.15448594100681395,0.75,4.0,0.1
103,FOXL2+POU3F2,0.09700000286102295,0.0853473080174833,0.14818893417171505,0.04803536242838524,0.08906249355075756,0.08699844524271358,0.048035362397683114,0.5115574777184269,0.509052320624346,0.75,4.0,0.1
103,FOXF1+FOXL2,0.34700000286102295,0.07204495148311861,0.14301110258226152,0.04877671685697858,0.13388935128557358,0.12445432144093523,0.04877671682716824,0.3913053356265467,0.4359541126148921,0.75,4.0,0.1
103,CDKN1A+CDKN1B,0.0,0.11941674023173929,0.17347868530630853,0.06731142197465176,0.09701938473295353,0.10529924525100876,0.06731142194525502,0.6431589517526769,0.6505382406063595,0.75,4.0,0.1
103,CNN1+UBASH3A,0.7139999866485596,0.06790849228954961,0.13923923125580254,0.04930577435791422,0.2251353985804323,0.2864103815487158,0.049305774320637166,0.8534170992567965,0.8550675156800728,0.75,4.0,0.1
103,CEBPE+SPI1,0.7860000133514404,0.16893058652182869,0.1393416789580183,0.07911493694397317,0.35706045533180086,0.32195517387010736,0.07911493690857109,0.6387887596163431,0.6325222998670129,0.75,4.0,0.1
103,BPGM+SAMD1,0.30000001192092896,0.08868419462946206,0.1567273960344475,0.035477987581376956,0.04804095791373455,0.05586919230078558,0.0354779875497698,0.6822408335698597,0.6591259220505945,0.75,4.0,0.1
103,PTPN12+PTPN9,0.06400000303983688,0.06378229555509239,0.13125812277627222,0.025391792361259297,0.03510034360173223,0.0753515691061943,0.025391792330071338,0.8261931062479432,0.5605529104334583,0.75,4.0,0.1
103,UBASH3B+ZBTB25,0.0010000000474974513,0.06203983952855272,0.13335213004306007,0.027976669371250776,0.0357823815425673,0.03532458731785484,0.027976669343386044,0.8115860282632568,0.8068919180731943,0.75,4.0,0.1
103,FOXA1+FOXA3,0.16899999976158142,0.10590202098569516,0.15097152900951286,0.04827591957226115,0.07587743061567155,0.05968660705646401,0.04827591954252287,0.49752615078080753,0.5020319689165882,0.75,4.0,0.1
103,CEBPB+JUN,0.01899999938905239,0.15176922206527865,0.14399453947844634,0.1590224973098434,0.34382992100704723,0.22785321629545066,0.15902249727453596,0.2977002340432183,0.3749231168243231,0.75,4.0,0.1
103,CEBPA+KLF1,0.7269999980926514,0.1507268349909703,0.1246717382462365,0.06229228192847705,0.11690854902479385,0.12409373548362373,0.062292281889644585,0.6125095197068413,0.530157998931832,0.75,4.0,0.1
103,FOXA1+FOXF1,0.09600000083446503,0.09407478686258909,0.15602355165508186,0.038760588411415206,0.10352100049752867,0.08716956171421135,0.03876058838121027,0.34154804023007634,0.43647530748887325,0.75,4.0,0.1
103,CBL+CNN1,0.3889999985694885,0.06675327837030157,0.1321774320030313,0.029912102508897198,0.06867488764228451,0.153321562485326,0.02991210247316269,0.9354676452165217,0.9037816845416726,0.75,4.0,0.1
103,FOXA1+HOXB9,0.10999999940395355,0.08913720965203148,0.15097152900951286,0.036285924696681904,0.09060657359886137,0.07843705167558164,0.03628592466561206,0.5610094681216404,0.6893800220214249,0.75,4.0,0.1
103,RHOXF2+ZBTB25,1.0,0.14189090618559003,0.15625309674826737,0.05122183949651301,0.08436473207900401,0.09414232858278866,0.051221839464401064,0.338660900280376,0.21848692538698974,0.75,4.0,0.1
103,FOXA1+FOXL2,0.0,0.09754338366544257,0.14669674061710827,0.04548828735168667,0.07055678370516705,0.05776765270602019,0.04548828732152622,0.5613128759248256,0.5875887198153911,0.75,4.0,0.1
103,DLX2+SNAI1,0.36800000071525574,0.10495473048317032,0.1536537195160051,0.07489777002653099,0.1844394415330726,0.1526687150011893,0.07489776999472132,0.1748458443979861,0.26563981135137016,0.75,4.0,0.1
103,FOSB+OSR2,0.6060000061988831,0.0807077515575969,0.1335586226767399,0.03842446630710571,0.1160253203610196,0.07660983810057635,0.03842446627618075,0.20145011621885117,0.3223470208911671,0.75,4.0,0.1
104,ETS2+PRTG,0.35600000619888306,0.08980422437959285,0.0875233664763454,0.020228141616606576,0.03930368960804509,0.04686838851859773,0.020228141587647474,0.8888474121136744,0.8708133161217256,0.5,0.5,0.03
104,SAMD1+TGFBR2,0.0,0.0540662741545764,0.08712421708527972,0.09397889505863591,0.12483338449828622,0.12040949913171174,0.09397889502985658,0.3142646924708571,0.33324377627501767,0.5,0.5,0.03
104,KLF1+SET,0.871999979019165,0.19932339562390114,0.0950758848729612,0.040909163306931326,0.06892455334750373,0.07090235997106427,0.040909163272356525,0.6472420920611833,0.6782779894933704,0.5,0.5,0.03
104,CEBPA+CEBPB,0.3499999940395355,0.19060572679003682,0.10644288900994242,0.13636120836457621,0.32758777371877223,0.25055676307792024,0.13636120832374027,0.9037955783512798,0.9047122771671393,0.5,0.5,0.03
104,FOSB+UBASH3B,0.4560000002384186,0.04787009172103321,0.08334877524454881,0.022975454278724224,0.16803554244388527,0.3493726409858012,0.02297545425245496,-0.07592460699689998,-0.4574570072603201,0.5,0.5,0.03
104,CEBPB+CEBPE,0.21799999475479126,0.15229974487880427,0.08153839755722234,0.08339893855098901,0.16119529705405627,0.1234545422063524,0.08339893851639375,0.9000919415052525,0.9041249881414154,0.5,0.5,0.03
104,SGK1+TBX3,0.28600001335144043,0.14841326159713172,0.17671132823122937,0.03661129959442172,0.10876581203529061,0.08371192228197429,0.03661129956688475,0.59815695104999,0.7581172423694336,0.5,0.5,0.03
104,UBASH3A+UBASH3B,0.39500001072883606,0.021341914004518563,0.0868106653002542,0.01881380180912704,0.2229238652036065,0.21070737886727445,0.018813801784411745,0.06893147524642655,0.06646815207029955,0.5,0.5,0.03
104,PTPN12+ZBTB25,0.0,0.02829693825708701,0.08681086503348424,0.024756738096621225,0.05664836852552358,0.08339827894962176,0.024756738069965523,0.6844876290647677,0.4540717331447625,0.5,0.5,0.03
104,KLF1+MAP2K6,0.4099999964237213,0.08252133182384142,0.08566978151330638,0.02697473272072072,0.06861968590590077,0.20047045852187295,0.026974732694456008,0.5672945534247379,-0.2980979058519305,0.5,0.5,0.03
104,FOXL2+HOXB9,0.0,0.04598865155054461,0.1025086884078837,0.08217967396854033,0.1164203568550182,0.11508823414104119,0.08217967393967382,0.5639223414679789,0.5290277811670366,0.5,0.5,0.03
104,FOXF1+FOXL2,0.34700000286102295,0.038319512623770716,0.09728324978548099,0.04435335738984335,0.09996726267354626,0.09005855783586295,0.04435335736173198,0.5932562384692994,0.6442379321965838,0.5,0.5,0.03
104,ETS2+MAPK1,0.7639999985694885,0.20756449624503273,0.08703933687462344,0.03536436564108579,0.2782432116364617,0.4554498578930077,0.035364365612995045,-0.05592726508765947,-0.05746919183577336,0.5,0.5,0.03
104,CEBPB+OSR2,0.1809999942779541,0.13128957589689136,0.09436848192236577,0.04794568064177018,0.1299047498851224,0.2258370818671841,0.04794568061103774,0.5299062660148366,0.5634664174843486,0.5,0.5,0.03
104,FOSB+IKZF3,0.5220000147819519,0.19435378457995142,0.08906395388697835,0.03805811708693116,0.2949703420056555,0.37206568371710974,0.03805811705559002,-0.008865316192250198,-0.17472681887943273,0.5,0.5,0.03
104,ETS2+IGDCC3,0.3529999852180481,0.11138979148098549,0.08918275782439107,0.023696655093176228,0.04556556311057111,0.05468359598500451,0.023696655064833958,0.8959506438074616,0.8788388780635356,0.5,0.5,0.03
104,DUSP9+MAPK1,0.7250000238418579,0.13322636343057778,0.08468097162952082,0.03723071024976332,0.27076614906120045,0.35385793661909826,0.03723071021448101,0.8874973434773371,0.7982211922335869,0.5,0.5,0.03
104,IGDCC3+MAPK1,0.46799999475479126,0.06946004497654229,0.08935624800752255,0.026992464655861248,0.04172646582010339,0.05694344256155361,0.02699246462558701,0.9328779884693366,0.9070345703062469,0.5,0.5,0.03
104,CEBPA+KLF1,0.7269999980926514,0.20144594552926282,0.09945394376655052,0.0683615442171218,0.15835915813564513,0.23250682877301693,0.06836154418164027,0.4831308398594411,0.4718809536788343,0.5,0.5,0.03
104,FOXA1+HOXB9,0.10999999940395355,0.040154488614150795,0.10673952419076291,0.03354449753690983,0.07313628206804641,0.06361697865726171,0.033544497509060564,0.6855652367716648,0.7215290455944704,0.5,0.5,0.03
104,BPGM+ZBTB1,0.41600000858306885,0.11171742848726132,0.1619825756477573,0.04189656550905865,0.11783590315068641,0.07068401284523189,0.04189656547986951,0.37432005685252673,0.6359778922175542,0.5,0.5,0.03
104,PTPN12+ZBTB10,0.3779999911785126,0.1908952874907511,0.09491783089524083,0.0569920335902938,0.08738546861771998,0.09389985130000368,0.056992033557790055,0.63662117256145,0.6179034275267272,0.5,0.5,0.03
104,AHR+FEV,0.8109999895095825,0.22318874176812473,0.12991836942060916,0.07802974776017793,0.1841023322761888,0.15992592267937256,0.07802974772518527,0.6407990812200148,0.6568404150916872,0.5,0.5,0.03
104,DLX2+ZBTB10,0.38999998569488525,0.22377926117224692,0.13704860306759886,0.1287920261259268,0.17669004865098314,0.187755284902087,0.12879202608880488,0.5139752096949048,0.47336256824753525,0.5,0.5,0.03
104,CEBPA+ZC3HAV1,0.46000000834465027,0.17977307410954527,0.12287445383472738,0.0983547443368262,0.24619022145603295,0.33339015368656116,0.09835474430813118,0.5379197526243662,0.5406863758491499,0.5,0.5,0.03
104,ETS2+MAP7D1,0.5199999809265137,0.13565789686905982,0.1200349547082766,0.03374303685678878,0.09208982466576526,0.16969868054323065,0.0337430368299239,0.15827202092524284,0.031065483711082777,0.5,0.5,0.03
105,CEBPB+LYL1,0.7369999885559082,0.09908832054584497,0.12840817773315913,0.05652103661248953,0.18466785764083637,0.18748747468839055,0.056521036578164235,0.5619995572085812,0.5509380676976445,0.5,4.0,0.1
105,ETS2+IKZF3,0.4359999895095825,0.07207840377761135,0.08820544478719099,0.02382116057187364,0.04394081956005514,0.04301439621438413,0.023821160541257574,0.9046476500037542,0.8939906610413427,0.5,4.0,0.1
105,KLF1+SET,0.871999979019165,0.18482825665211217,0.09463078200616973,0.04104863585874019,0.08201387774754265,0.07731646684318239,0.041048635821727436,0.542456625139296,0.5856098456918877,0.5,4.0,0.1
105,FOSB+UBASH3B,0.4560000002384186,0.05474604621321568,0.07979248098759294,0.021706732983595878,0.16239975347706415,0.24956600155143044,0.021706732955775306,-0.15204808136675527,-0.35086271565846866,0.5,4.0,0.1
105,ELMSAN1+ZBTB10,0.36000001430511475,0.15539644196152044,0.10399317756568431,0.0605529676314641,0.09780222711167375,0.09926129814151391,0.06055296759619582,0.5976907762713064,0.5482892291476908,0.5,4.0,0.1
105,DUSP9+SNAI1,0.7459999918937683,0.11647874633964522,0.08534557424947847,0.0874904921793106,0.8259224983007385,0.7980827779657504,0.08749049213844576,-0.30264356174743495,-0.2410016959310944,0.5,4.0,0.1
105,AHR+KLF1,0.7609999775886536,0.11358792765646819,0.11478082337132824,0.036692567779376045,0.22145609309550848,0.3516708693232572,0.03669256775239012,0.4353980191596025,-0.11459472640901716,0.5,4.0,0.1
105,IGDCC3+PRTG,0.45399999618530273,0.12293445677642624,0.09194169276097526,0.06864344362918073,0.20647786012880495,0.19211563313781999,0.06864344358972736,0.7344115128394841,0.7725448101574375,0.5,4.0,0.1
105,UBASH3A+UBASH3B,0.39500001072883606,0.052418154216736665,0.08719339223749208,0.01937752573286927,0.21823295611518287,0.22939803956548857,0.019377525706688024,0.06517088987853294,0.0458799137556451,0.5,4.0,0.1
105,KLF1+MAP2K6,0.4099999964237213,0.08281091221817,0.09537978128114066,0.027516265065587853,0.1007365542139313,0.11348243065400616,0.027516265038302436,0.24135223585781335,0.16239107582299162,0.5,4.0,0.1
105,IGDCC3+ZBTB25,0.2549999952316284,0.06975076696730867,0.09310643262219419,0.05229406665039037,0.07322274562041153,0.06711000654346017,0.052294066618376905,0.4460143745111793,0.4730667414803857,0.5,4.0,0.1
105,ETS2+MAPK1,0.7639999985694885,0.21592451767025503,0.08637430131952664,0.039406359758158524,0.25581410456201165,0.5328626162602191,0.039406359728451544,-0.03868969743113598,-0.03262426973031396,0.5,4.0,0.1
105,FOXA3+FOXF1,0.014000000432133675,0.07831773082516155,0.12028886683587227,0.049429533973877574,0.09946325985854215,0.08713420100515286,0.049429533945919896,0.42756061351651325,0.42053166021904276,0.5,4.0,0.1
105,CEBPE+ETS2,0.46000000834465027,0.10546737376902392,0.07991024861791432,0.029109636333376987,0.07124833987924695,0.1475300413798822,0.02910963630473709,0.9272991842776588,0.9291399010622885,0.5,4.0,0.1
105,CEBPE+SPI1,0.7860000133514404,0.1498706064858981,0.11263140563823155,0.07719208488504944,0.48268683181148025,0.6361371440542587,0.07719208484988212,0.6408327108454367,0.6291976770936794,0.5,4.0,0.1
105,BPGM+SAMD1,0.30000001192092896,0.09215800126587559,0.13346400567310907,0.03509362602372217,0.055620143358828755,0.05155535111533122,0.03509362599293223,0.6701462111280264,0.6600930745111437,0.5,4.0,0.1
105,BAK1+BCL2L11,0.33899998664855957,0.0849771273955175,0.12940650696085823,0.04256958430674408,0.05518865605266382,0.05448238979002037,0.04256958427540425,0.43959337134327503,0.4048533314214431,0.5,4.0,0.1
105,MAP2K3+MAP2K6,0.44600000977516174,0.10905229669116494,0.12191100534199643,0.027405924341159293,0.19815041825681154,0.1344005796807729,0.027405924312860368,-0.26856829013609007,0.1533230455482988,0.5,4.0,0.1
105,OSR2+PTPN12,0.4269999861717224,0.08665950561841768,0.09123401472511435,0.03711335305287161,0.07630607871047833,0.13577502168764602,0.037113353022894494,0.780677620954568,0.5501366568850575,0.5,4.0,0.1
105,OSR2+UBASH3B,0.7490000128746033,0.08522384974525249,0.0931006751743045,0.02265084840408102,0.11826226850468985,0.28206829721407845,0.02265084837769577,0.610501987838519,-0.25119026708859626,0.5,4.0,0.1
105,FOXA1+FOXA3,0.16899999976158142,0.08690896344286428,0.12028886683587227,0.04858291077947066,0.09120366496110864,0.07609724544533003,0.048582910749946105,0.4950226216796871,0.5017953752681419,0.5,4.0,0.1
105,FOXA1+KLF1,0.4480000138282776,0.1024989002130704,0.09620716017199797,0.03365678834647263,0.06972918008173563,0.07277245014150802,0.03365678831681384,0.35344977227291074,0.35493723567222113,0.5,4.0,0.1
105,CNN1+MAPK1,0.621999979019165,0.06993568490542323,0.082318539107688,0.025325495261269017,0.0381743078122062,0.04513616175401838,0.02532549522755939,0.7691482744262779,0.7139796920038046,0.5,4.0,0.1
105,FOXA1+FOXF1,0.09600000083446503,0.07892917546672897,0.12028886683587227,0.039409222063092345,0.07949720775322482,0.0664848939990697,0.039409222035149606,0.6133905766266918,0.6456971806367455,0.5,4.0,0.1
105,CEBPB+MAPK1,0.23600000143051147,0.15923078430348486,0.08103383332687823,0.03093595303612512,0.058455036683763895,0.06266076929870852,0.03093595300636321,0.926392513674724,0.9251837135397198,0.5,4.0,0.1
105,ETS2+TGFBR2,0.12300000339746475,0.05475841676024415,0.08219298574166492,0.023015063359908633,0.03962497051242538,0.03884775482562073,0.023015063332872194,0.5897574614355513,0.6415310947145946,0.5,4.0,0.1
106,KLF1+SET,0.871999979019165,0.3588552432542818,0.13339321200104096,0.05357963884340002,0.09096962748574712,0.10292241607237787,0.05357963881596709,0.4612016917291187,0.34534469569703896,0.9,2.0,0.1
106,CEBPE+PTPN12,0.4620000123977661,0.10485000024890814,0.12213265863607296,0.02708971954668926,0.10465963492157085,0.20749664127230935,0.02708971951864139,0.9546136592384584,0.9126464289648162,0.9,2.0,0.1
106,CEBPE+SET,0.8659999966621399,0.39641365430868203,0.13541154150663592,0.036535118771601316,0.42294279918896993,0.24015706036478354,0.03653511874270451,0.9497881637208081,0.9503892600419557,0.9,2.0,0.1
106,ELMSAN1+ZBTB10,0.36000001430511475,0.2653535644132969,0.1424778189299951,0.06254033189488033,0.10409472235042279,0.10467668615056018,0.06254033186123124,0.45230278493011633,0.44769148603156306,0.9,2.0,0.1
106,CEBPB+CEBPE,0.21799999475479126,0.14202900597678494,0.12278105328557892,0.07963269986745758,0.2913292946393272,0.10643851971552123,0.0796326998345932,0.7844202793752116,0.9179708049234152,0.9,2.0,0.1
106,AHR+KLF1,0.7609999775886536,0.11941824403059277,0.13912135819905694,0.03533419524245368,0.21265975038321203,0.36249645710093026,0.03533419521785269,0.5219782118361319,-0.394540686090306,0.9,2.0,0.1
106,FOXA3+FOXL2,0.2759999930858612,0.07105383886586912,0.13173221824811446,0.0637056588505664,0.09463579148090454,0.08702593182043943,0.0637056588215919,0.5965811041858223,0.6487907572411811,0.9,2.0,0.1
106,PTPN9+UBASH3B,0.0,0.06424827892970263,0.13267993817579493,0.025819548982451854,0.038206387756323505,0.0713068544092599,0.025819548955689737,0.8256537985734913,0.6467128530760607,0.9,2.0,0.1
106,PTPN12+ZBTB25,0.0,0.0689202435477068,0.13635686114846446,0.026522391485439,0.03507965431230671,0.03428689475043772,0.026522391459493738,0.808382694209615,0.8196007015384867,0.9,2.0,0.1
106,FOSB+PTPN12,0.3190000057220459,0.0882916171492426,0.12799380509293834,0.030197292875792904,0.045669002266180404,0.07816834369032849,0.03019729284664346,0.6799898462391883,0.36010094807226883,0.9,2.0,0.1
106,CEBPE+ETS2,0.46000000834465027,0.14038009678727734,0.11900748689655968,0.027416161589035204,0.041189981320333274,0.04490762090357918,0.027416161562925076,0.9383139041963718,0.9241001057352103,0.9,2.0,0.1
106,ETS2+IGDCC3,0.3529999852180481,0.06795010617996695,0.1228085929652668,0.02018033336891109,0.02460175019135911,0.07005791262607838,0.02018033334197678,0.9448939884427826,0.8871515402077937,0.9,2.0,0.1
106,CBFA2T3+POU3F2,0.1289999932050705,0.08742430047331355,0.1634248846652465,0.05790302840237911,0.07401532557631146,0.0803506542004104,0.05790302837400566,0.5875325338847689,0.5340215473878321,0.9,2.0,0.1
106,CBL+UBASH3B,0.6230000257492065,0.054097898721212186,0.12303227919697379,0.021434692550694412,0.16832969919767637,0.203818709722179,0.021434692524588544,0.8153398616174496,0.7287088728354221,0.9,2.0,0.1
106,BAK1+BCL2L11,0.33899998664855957,0.07140965872497144,0.153860681215778,0.04212667194237489,0.05181367611687966,0.05084237671664291,0.04212667191339788,0.41599233515025397,0.4127438948635143,0.9,2.0,0.1
106,MAPK1+TGFBR2,0.5490000247955322,0.08592994497592792,0.11810658110297119,0.018723631005628384,0.03841942336820908,0.02941266479589145,0.01872363098056809,0.7278838906957042,0.7543215219420945,0.9,2.0,0.1
106,CEBPB+PTPN12,0.28999999165534973,0.12382049858534287,0.12560442187574467,0.03699162349252627,0.08453926643736391,0.22193815327886748,0.03699162346232863,0.910067749742291,0.7210183677826373,0.9,2.0,0.1
106,OSR2+PTPN12,0.4269999861717224,0.1051810620062993,0.1313142242097062,0.030286526550795112,0.07817067403669418,0.16912865653974785,0.03028652651438512,0.8146846635651294,0.36242821757882143,0.9,2.0,0.1
106,CBFA2T3+FEV,0.7020000219345093,0.16011278936132742,0.15343843357719975,0.11770002898024079,0.39367441035947864,0.5218528693849718,0.1177000289411104,0.8639401708004473,0.8019799176368586,0.9,2.0,0.1
106,PTPN12+SNAI1,0.43799999356269836,0.10305562690913157,0.13400274233449005,0.04219316206414542,0.17905061762213928,0.2891525857377951,0.04219316203671408,-0.1157467476118439,-0.3710459518626559,0.9,2.0,0.1
106,CEBPB+FOSB,0.6029999852180481,0.10049409095497866,0.12863535280788632,0.12581453692441041,0.16799009297179135,0.23280217640965953,0.12581453689055083,0.486113237573889,0.2525383763636129,0.9,2.0,0.1
106,DLX2+ZBTB10,0.38999998569488525,0.23024124162909357,0.15869318790469045,0.13018185440330474,0.18629304997749882,0.21626338530821734,0.13018185436791307,0.4730611128278781,0.31019953346469364,0.9,2.0,0.1
106,PTPN12+SAMD1,0.0,0.07189841877719111,0.12826807942075352,0.02904719736495561,0.04984145087602412,0.04052467301230953,0.029047197337955997,0.5710299767484855,0.672729508892743,0.9,2.0,0.1
106,RHOXF2+ZBTB25,1.0,0.1773737391347777,0.15483419202027374,0.04987612852843533,0.08947596253777342,0.08156565262134247,0.04987612849904589,0.28595264353931177,0.31362846045605763,0.9,2.0,0.1
106,FOXA1+FOXL2,0.0,0.07304403472479136,0.12816124412888735,0.04337304047495976,0.06343971841587887,0.053176666615126524,0.04337304044868818,0.5947294814004159,0.6308691669022026,0.9,2.0,0.1
106,SNAI1+UBASH3B,0.2759999930858612,0.08997507032843977,0.1287578742966372,0.033591544628337015,0.04821888565977039,0.12964890104035098,0.033591544603471406,0.49422863723204485,-0.13203106980232335,0.9,2.0,0.1
107,CEBPA+CEBPE,0.5609999895095825,0.16793465314744002,0.13086296683309745,0.07429320130468597,0.46035349789706864,0.48968020148378516,0.07429320126893495,0.936968519739113,0.9471927425879757,0.5,0.5,0.1
107,ETS2+PRTG,0.35600000619888306,0.08571452581410104,0.12488011760995021,0.020120246685252252,0.036840712532485144,0.05571899805371627,0.020120246657581047,0.8968080446166469,0.8646453904005268,0.5,0.5,0.1
107,CEBPE+SET,0.8659999966621399,0.17391052483616734,0.12511813503482852,0.030251304378481447,0.3157549912371902,0.3165533441550745,0.030251304347581224,0.9464881339794289,0.9417877026943648,0.5,0.5,0.1
107,CBL+PTPN12,0.0010000000474974513,0.04855773147412221,0.1168171388103182,0.026304703495788888,0.08183382614915273,0.03470814041672178,0.02630470347027582,0.7381358162558476,0.7755331430749177,0.5,0.5,0.1
107,ELMSAN1+ZBTB10,0.36000001430511475,0.18602231314513062,0.13622068057314612,0.06248995545499736,0.08564575702446477,0.08810400988171993,0.06248995542196206,0.5952580678543153,0.5753492515548347,0.5,0.5,0.1
107,DUSP9+SNAI1,0.7459999918937683,0.17022459056030603,0.1222828872241707,0.08780050227248293,0.6584663955742884,0.7052509028504289,0.0878005022362998,-0.07917216069284466,-0.16640317261882204,0.5,0.5,0.1
107,CEBPA+JUN,0.4909999966621399,0.20086132636995885,0.14883648514428696,0.19975178313087852,0.3593192678800575,0.32553411086994105,0.19975178309612915,0.33024862439235436,0.45367321949529976,0.5,0.5,0.1
107,FOXL2+HOXB9,0.0,0.05761768549942787,0.12653762337958901,0.08099073732735121,0.10691477587712009,0.10353458653805261,0.0809907372995447,0.6079210180669832,0.5736398554714917,0.5,0.5,0.1
107,IGDCC3+ZBTB25,0.2549999952316284,0.08157804390580833,0.1268897485334958,0.05368180313747671,0.07689987795717391,0.06641678986803817,0.05368180311003911,0.4399959289110804,0.4688063005444044,0.5,0.5,0.1
107,FOXF1+FOXL2,0.34700000286102295,0.05424639855615634,0.13022163896521188,0.047194133619085435,0.12648148123584124,0.11854534974215171,0.0471941335934299,0.4492832051332872,0.47890676432408785,0.5,0.5,0.1
107,ETS2+MAPK1,0.7639999985694885,0.18078138220593618,0.12084823577103564,0.035888030970942786,0.289835641821888,0.3839036182797938,0.03588803094373096,-0.07529867315314308,-0.0723505783957724,0.5,0.5,0.1
107,CEBPE+CNN1,0.4620000123977661,0.09165164538171396,0.1180809534213859,0.038688160229766344,0.10055212117520049,0.2891322430280418,0.03868816020224284,0.8770066072890635,0.5195482961906922,0.5,0.5,0.1
107,CEBPE+ETS2,0.46000000834465027,0.14006390528643684,0.12072881974322608,0.028251739105023932,0.03923829174122669,0.04810271292001983,0.0282517390787564,0.9350002367683793,0.9171492734394018,0.5,0.5,0.1
107,ETS2+IGDCC3,0.3529999852180481,0.08028067266381898,0.12488011760995021,0.020965951073352473,0.03234992769616807,0.05147488478791133,0.020965951046401414,0.9268175567124861,0.9022671217991768,0.5,0.5,0.1
107,MAP2K3+MAP2K6,0.44600000977516174,0.08733396196743227,0.1322447859806395,0.02550113133558672,0.10161223633870017,0.12806183778090938,0.02550113130982178,0.39660798465801167,0.11796071177439253,0.5,0.5,0.1
107,TBX2+TBX3,0.37400001287460327,0.1488002905810904,0.1612597397033713,0.0299287046301204,0.049921660567067566,0.03992429955617555,0.029928704604747065,0.5117065504572672,0.6563242616965578,0.5,0.5,0.1
107,OSR2+PTPN12,0.4269999861717224,0.08491622043808336,0.12009349025562491,0.02759938745921972,0.04498715691858994,0.08962272301134969,0.02759938742673172,0.8865350025967113,0.8096259059514405,0.5,0.5,0.1
107,PTPN12+PTPN9,0.06400000303983688,0.05664301123006966,0.13135473172682555,0.027474250522159405,0.041706319698630846,0.07735126871771242,0.02747425049396761,0.8238284902943952,0.5465609509005134,0.5,0.5,0.1
107,CBL+PTPN9,0.14300000667572021,0.05682152768213713,0.13903146218759238,0.031151443865301595,0.05447877168608332,0.039486451561443245,0.03115144383716093,0.8528968686721976,0.856537808647113,0.5,0.5,0.1
107,CEBPE+KLF1,0.75,0.1434793870581689,0.11494856145736618,0.025413564108644926,0.18075126917634643,0.3090531938036987,0.02541356408046921,0.95788184409221,0.9207736143540522,0.5,0.5,0.1
107,CEBPA+KLF1,0.7269999980926514,0.17435923349221785,0.12669358486920368,0.0683114076011517,0.10639994822922126,0.10566545791732165,0.06831140757110558,0.5354175654967066,0.5398667891611126,0.5,0.5,0.1
107,FOXA1+FOXF1,0.09600000083446503,0.05677079906499299,0.13476185482161934,0.035766162133068435,0.07838871843374857,0.07303440818465308,0.03576616210784054,0.5437745839080884,0.5813325155592519,0.5,0.5,0.1
107,BPGM+ZBTB1,0.41600000858306885,0.11392802254879107,0.1578673409080609,0.041293657244559745,0.10722318549423629,0.0791639490016034,0.04129365721640269,0.38944301978343177,0.6530591431049492,0.5,0.5,0.1
107,KLF1+TGFBR2,0.20900000631809235,0.05849830520257781,0.11227729890577541,0.021180082675893226,0.03935157425711548,0.02595030832851807,0.021180082652530324,0.6285563642068395,0.6613950692740501,0.5,0.5,0.1
107,DLX2+ZBTB10,0.38999998569488525,0.19002987524362583,0.14969608877779314,0.12946814730952316,0.16745683974372838,0.17118440383925929,0.1294681472738052,0.5669813528297396,0.5708433209789568,0.5,0.5,0.1
107,ETS2+MAP7D1,0.5199999809265137,0.12220092573165192,0.13986218072535664,0.033687912153936045,0.09077425913963828,0.09857879757275574,0.03368791212866912,0.1455780567478931,0.0501574726706116,0.5,0.5,0.1
108,FOSB+UBASH3B,0.4560000002384186,0.047743679698173475,0.13075636873940363,0.02252554453473081,0.1173120084808323,0.20272770427079187,0.022525544506677535,0.050644978601672365,-0.36430637786491904,0.9,4.0,0.03
108,DUSP9+PRTG,0.3630000054836273,0.08413784146721437,0.13750502859724048,0.03659907729101508,0.06378022042238238,0.06708964225728706,0.036599077256174554,0.7124176008243323,0.6475587160531955,0.9,4.0,0.03
108,CBL+TGFBR2,0.05900000035762787,0.04638101374277978,0.13654447628544777,0.03651671482870551,0.06234229299040996,0.04472394289675003,0.036516714799282125,0.7786064357195199,0.7874422245754165,0.9,4.0,0.03
108,IKZF3+MAP2K6,0.04699999839067459,0.07241695976459994,0.1462534740158297,0.02717692410120226,0.04139407357389122,0.04773732030114658,0.027176924072242897,0.6621975351474115,0.6276844986829758,0.9,4.0,0.03
108,FOXA3+FOXL2,0.2759999930858612,0.05351896553529529,0.14736476472106685,0.06389521091931043,0.1074704081453788,0.09636439045884143,0.06389521088802044,0.5421836399971074,0.5880739691170912,0.9,4.0,0.03
108,PTPN12+ZBTB25,0.0,0.04848134194724258,0.13908627403275928,0.025812450510335844,0.04057619237190997,0.08703902788437304,0.025812450482374266,0.773995187502946,0.3885741339225376,0.9,4.0,0.03
108,FOXL2+POU3F2,0.09700000286102295,0.0740524703836809,0.1591225552592196,0.04751053257811966,0.07201702239316478,0.09989686164852515,0.04751053254782184,0.6266092203158037,0.39749022820253,0.9,4.0,0.03
108,FOXL2+HOXB9,0.0,0.057934825362148494,0.15175285545928566,0.08171285436895062,0.10057830966693722,0.11392205312879518,0.08171285433716831,0.5990625603659753,0.5131684652510775,0.9,4.0,0.03
108,FOXF1+FOXL2,0.34700000286102295,0.056893169769031963,0.1585565691811952,0.04940408050835879,0.16074965099541946,0.1501747389040785,0.04940408047921161,0.2563801279114837,0.23037245876795223,0.9,4.0,0.03
108,CNN1+ETS2,0.30000001192092896,0.04797875124050551,0.1335624872547504,0.013854945501011122,0.059575799667382946,0.0581759811880696,0.013854945472998034,0.39737725877302466,0.3064844031287936,0.9,4.0,0.03
108,FOSB+IKZF3,0.5220000147819519,0.18273044467560218,0.14181424611146148,0.03941156343552546,0.27303063319711546,0.2577790829047264,0.03941156340258395,0.21968776255450556,0.17239428410898253,0.9,4.0,0.03
108,CBL+UBASH3A,0.027000000700354576,0.045888710178206574,0.14680665474815813,0.10256924844547102,0.13599420900182024,0.13405579888520344,0.10256924840863083,0.6623289191415402,0.6530481309011906,0.9,4.0,0.03
108,BPGM+SAMD1,0.30000001192092896,0.06453353369723233,0.1607323319391891,0.035079915513971646,0.058305939197849405,0.05575089567298414,0.03507991548342864,0.603439506628035,0.6420815296383062,0.9,4.0,0.03
108,CEBPE+ZC3HAV1,0.5799999833106995,0.06405698812974807,0.1408465797044818,0.02390512987966198,0.14107830195725865,0.15832209480936113,0.023905129851124297,0.9552093025526838,0.9670463182957315,0.9,4.0,0.03
108,IGDCC3+MAPK1,0.46799999475479126,0.0552266262518238,0.13397190853325044,0.02349328386536187,0.0321971222973712,0.06456916711279295,0.023493283834080364,0.9510861300566473,0.9148613343345631,0.9,4.0,0.03
108,MAP2K3+MAP2K6,0.44600000977516174,0.06839982605203078,0.15001715956770495,0.025623998581225244,0.11040522052101052,0.14676338946386416,0.0256239985523128,0.31692664025737605,-0.06443644676621811,0.9,4.0,0.03
108,PTPN12+PTPN9,0.06400000303983688,0.047574794983618114,0.14022491917789315,0.025645061084116502,0.03418157434823804,0.09366239271838935,0.025645061053346258,0.8298063090796125,0.3888570458511845,0.9,4.0,0.03
108,FEV+MAP7D1,0.5609999895095825,0.21619071675056167,0.16100970640701243,0.04450966855887312,0.08518833294973643,0.057227932977490424,0.04450966852812983,0.7286418805011091,0.8294156423412076,0.9,4.0,0.03
108,FOXA1+FOXF1,0.09600000083446503,0.05790852018368561,0.15912064950653504,0.0363767659963348,0.07201927055304355,0.0717876930470653,0.036376765967844754,0.5891035346411617,0.5955633207120616,0.9,4.0,0.03
108,CEBPB+MAPK1,0.23600000143051147,0.20101128536253535,0.12835286493652573,0.02753756068398766,0.11632291049904794,0.0650845782363149,0.02753756065499155,0.8618628286641523,0.9326190638632414,0.9,4.0,0.03
108,CBL+CNN1,0.3889999985694885,0.0460229774193967,0.14228318740978926,0.027910271309525947,0.03659915854948998,0.09035077485625995,0.027910271275488202,0.9516960513624282,0.9488054990990116,0.9,4.0,0.03
108,PTPN12+ZBTB10,0.3779999911785126,0.20692233355333672,0.14018536804641393,0.0559691611945881,0.1231486530214367,0.083136428728583,0.05596916115982161,0.6407496993680283,0.6624828156933563,0.9,4.0,0.03
108,SNAI1+ZBTB10,0.3889999985694885,0.36066623171418777,0.15158838308143976,0.10978503536306881,0.41035363553697424,0.16181267610214714,0.10978503532448367,0.2216709706234718,0.4081040281823663,0.9,4.0,0.03
108,ETS2+TGFBR2,0.12300000339746475,0.044671524735047215,0.12843126475675634,0.023519412021314908,0.041490168936919355,0.048642171284680166,0.023519411994759955,0.5366621129918244,0.4166592460420597,0.9,4.0,0.03
108,FOXF1+HOXB9,0.03400000184774399,0.06763929439281523,0.1689389509377962,0.04546991785586079,0.06626837213007633,0.0585738507570595,0.04546991782768863,0.5490103256677628,0.5788399581719212,0.9,4.0,0.03
108,RHOXF2+ZBTB25,1.0,0.1793840048557868,0.16457799102735854,0.05048194888734155,0.11035233021915454,0.08534035577230842,0.050481948855730825,0.22635971810431096,0.28284460674458656,0.9,4.0,0.03
109,DUSP9+PRTG,0.3630000054836273,0.10994800544476838,0.1331623142660397,0.039049534938741665,0.05506750133270924,0.06994714242161483,0.039049534906290595,0.7251983690233432,0.6399100421180831,0.75,4.0,0.1
109,CEBPE+PTPN12,0.4620000123977661,0.06806397057080968,0.10948825320621537,0.022575152769093942,0.06450009648092951,0.11484217752142206,0.022575152743718564,0.9622546249904964,0.9520508387579454,0.75,4.0,0.1
109,CDKN1B+CDKN1C,0.0,0.12368454325917973,0.16277574852416324,0.07771174826172145,0.09586093588670845,0.1214782856609255,0.07771174823404041,0.7050118541430305,0.6903434560816448,0.75,4.0,0.1
109,CBL+PTPN12,0.0010000000474974513,0.06600884894298577,0.12185520163520903,0.027683291921725896,0.04584734913077555,0.039180097462916647,0.027683291894970635,0.7482183971923018,0.7426466915014543,0.75,4.0,0.1
109,PRTG+TGFBR2,0.16500000655651093,0.07390988435513793,0.1278483436412704,0.032676652784797436,0.06412081435271096,0.04798437712113859,0.03267665275938534,0.34519752650782193,0.4164989758191795,0.75,4.0,0.1
109,SGK1+TBX3,0.28600001335144043,0.11586483129339112,0.155024522403965,0.036549335846957465,0.10127373496042036,0.09687585705591649,0.036549335820714124,0.6681956761637965,0.7735113994871178,0.75,4.0,0.1
109,KLF1+MAP2K6,0.4099999964237213,0.08240189107135924,0.11821692311996566,0.026402344662176017,0.053384043392391965,0.15769660894305668,0.026402344636751274,0.6835841610360762,-0.23603259536536164,0.75,4.0,0.1
109,IGDCC3+ZBTB25,0.2549999952316284,0.0760041281312131,0.1248985132580867,0.05306338357036226,0.07896114193505956,0.07768661223759449,0.053063383542424465,0.40722277424168923,0.3766544338051711,0.75,4.0,0.1
109,IKZF3+MAP2K3,0.2150000035762787,0.11745697892273167,0.13737456635168352,0.03490118758872417,0.049746778888263635,0.05130668050169133,0.034901187560030855,0.5202148281754762,0.44813239352299705,0.75,4.0,0.1
109,ETS2+MAPK1,0.7639999985694885,0.31349961034343377,0.12338324885500725,0.03658334745442586,0.23391600221697123,0.24155585912450284,0.036583347427125996,-0.1674133423016932,-0.004061348549193968,0.75,4.0,0.1
109,SAMD1+ZBTB1,0.019999999552965164,0.08870039431666848,0.14325297728926772,0.04916389517652993,0.06252460212365712,0.057978632562577945,0.04916389515005699,0.5392067728997716,0.5451299815557494,0.75,4.0,0.1
109,FOSB+IKZF3,0.5220000147819519,0.14882890844623062,0.12878506474264023,0.04054277313917873,0.14241485504512297,0.26824449365603814,0.04054277310820546,0.7235778530088588,0.08571087532222428,0.75,4.0,0.1
109,CNN1+UBASH3A,0.7139999866485596,0.06651688786376604,0.127563251531964,0.04982527403013354,0.2179098422937169,0.30619759508540006,0.049825273996514756,0.8804726767878687,0.8431384227105823,0.75,4.0,0.1
109,CBL+UBASH3B,0.6230000257492065,0.05881515567244747,0.12191803082928952,0.0247494953343666,0.17928044339902724,0.2235557294321957,0.024749495307815398,0.7511855039999445,0.6783929658082003,0.75,4.0,0.1
109,CEBPE+SPI1,0.7860000133514404,0.18656135526770073,0.13198993917182136,0.07685647422506861,0.21484470808492537,0.2849214148183881,0.07685647419339188,0.6612302813093305,0.6360901171134947,0.75,4.0,0.1
109,DUSP9+MAPK1,0.7250000238418579,0.12349911921060844,0.12741448274423542,0.03892392349173679,0.24268025120391346,0.5163638953385666,0.038923923455445514,0.8896575497183803,0.5590836382241972,0.75,4.0,0.1
109,CEBPB+PTPN12,0.28999999165534973,0.08191999515465904,0.11340798837685136,0.03450048390173227,0.06829362088929945,0.20476162731668915,0.03450048387476348,0.9124351774221943,0.7413696593519438,0.75,4.0,0.1
109,FOXA1+FOXA3,0.16899999976158142,0.08116245716464196,0.1287713492401245,0.04556075588110969,0.06773019572804491,0.056552538368543646,0.045560755855338746,0.5479239547593759,0.550171655754633,0.75,4.0,0.1
109,CBFA2T3+FEV,0.7020000219345093,0.12230336261804516,0.13914245694480146,0.11305966464342787,0.3216082374714059,0.45313965600669315,0.11305966460455656,0.8785822010289528,0.8498547192951934,0.75,4.0,0.1
109,IKZF3+MAPK1,0.42800000309944153,0.12684555536369516,0.13428278495337292,0.03831518016054952,0.14736969953921206,0.21001942983613459,0.038315180127725945,0.8808437662500006,0.9162563004612642,0.75,4.0,0.1
109,CEBPB+MAPK1,0.23600000143051147,0.17360877454180515,0.12302509861217185,0.030363405170486635,0.14331596933073673,0.11513916444301182,0.030363405142628357,0.858578167641341,0.8968784708678216,0.75,4.0,0.1
109,CBL+CNN1,0.3889999985694885,0.07051018123211766,0.126748897117518,0.0341137928681311,0.10111755915783553,0.19721140201793672,0.03411379283539231,0.9143911024664694,0.8514477960546968,0.75,4.0,0.1
109,KLF1+TGFBR2,0.20900000631809235,0.06539203154699819,0.11203002884436589,0.02125398080801703,0.028946207920694116,0.03154981723360555,0.021253980784055358,0.6372655135893085,0.5548517236461984,0.75,4.0,0.1
109,MAPK1+PRTG,0.5989999771118164,0.08679697580704673,0.13528293726711282,0.024082125964445478,0.036280262190350354,0.08861193901681631,0.02408212593156764,0.9380505849187439,0.8927376823189375,0.75,4.0,0.1
109,DLX2+ZBTB10,0.38999998569488525,0.16004803531534573,0.14382875394897815,0.1237027171075601,0.1664585950011825,0.1805031116395844,0.12370271707262255,0.5518047673072485,0.5179732222836904,0.75,4.0,0.1
109,ETS2+MAP7D1,0.5199999809265137,0.10542581862313331,0.13448947942885286,0.033742212072946476,0.09964856465270094,0.09577721680787522,0.0337422120475088,0.1043561248262849,0.07208795340173764,0.75,4.0,0.1
110,ETS2+IKZF3,0.4359999895095825,0.10167196481915493,0.13176055800048234,0.025277672284866937,0.04762390336517696,0.040815976123851946,0.02527767225472454,0.90215867929245,0.8905890884401404,0.75,2.0,0.1
110,KLF1+SET,0.871999979019165,0.28373460132678047,0.13570260198935313,0.05390230132095228,0.09315878880085222,0.08983105349777121,0.05390230129274364,0.43998594227996557,0.47226119867077176,0.75,2.0,0.1
110,DUSP9+PRTG,0.3630000054836273,0.12188516973633431,0.13722008648029668,0.04106999620296277,0.08260995553626471,0.07549032877582335,0.041069996171835696,0.6320949122552654,0.5872838948261131,0.75,2.0,0.1
110,CEBPE+SET,0.8659999966621399,0.2878887608651178,0.13628291675626733,0.03618893937227208,0.25635979241358575,0.24965132265688814,0.03618893934266167,0.9578550974921206,0.9464077894926926,0.75,2.0,0.1
110,SAMD1+UBASH3B,0.0,0.051187595692227084,0.12527049531658865,0.032119245385036535,0.04874952657612813,0.03963916084074102,0.032119245357891256,0.5029103634879917,0.559817144333165,0.75,2.0,0.1
110,CEBPA+JUN,0.4909999966621399,0.28511921769961246,0.14922544324368398,0.19609414580438747,0.3225389134123351,0.2919838096494297,0.19609414576695597,0.45769329733353203,0.5289881536919483,0.75,2.0,0.1
110,PRTG+TGFBR2,0.16500000655651093,0.08580154448607968,0.13361574122553993,0.03321900889047124,0.09506826530437651,0.05717672561427652,0.03321900886516526,0.14841735289972807,0.2882266620902905,0.75,2.0,0.1
110,PTPN9+UBASH3B,0.0,0.05834701622207504,0.13358823244664447,0.024633160047289396,0.030846548242867998,0.04801308735982634,0.024633160019107276,0.8510348234782776,0.8079195555963834,0.75,2.0,0.1
110,ETS2+MAPK1,0.7639999985694885,0.3118896097552366,0.13197166030729013,0.0361884178878166,0.20755491383051075,0.3681366500571617,0.036188417858711484,-0.15216778015952642,-0.09392505471216282,0.75,2.0,0.1
110,CBL+UBASH3A,0.027000000700354576,0.06498922978303795,0.14573847492962597,0.10228824394604127,0.1384602959640676,0.13048225451621825,0.10228824391212751,0.6409844721754144,0.6752853414098647,0.75,2.0,0.1
110,CNN1+UBASH3A,0.7139999866485596,0.0665928350157687,0.14589183141412235,0.051195756180970386,0.346180576948221,0.39362960206688136,0.051195756147677136,0.7353270053424269,0.7121857278235132,0.75,2.0,0.1
110,CEBPE+ETS2,0.46000000834465027,0.12283028365822737,0.12632623738748663,0.028138908008519647,0.040532557800402616,0.050990434356393916,0.028138907980515018,0.9317057189637933,0.9240474064741397,0.75,2.0,0.1
110,ETS2+IGDCC3,0.3529999852180481,0.09012057208928341,0.1365255988714234,0.024632283515822667,0.04478216489331968,0.06343228004728303,0.024632283488228178,0.9081314360656744,0.8714844923180368,0.75,2.0,0.1
110,BCL2L11+TGFBR2,0.07800000160932541,0.06622403492693399,0.14422906616250344,0.023592650784253058,0.0323410321961504,0.03048970187251711,0.02359265075919138,0.540479209482256,0.5147810351347429,0.75,2.0,0.1
110,CEBPE+ZC3HAV1,0.5799999833106995,0.07703133187463285,0.13580296112020313,0.024438820861273358,0.1599182697264326,0.1926733703033584,0.024438820833723715,0.9555309247304763,0.9594411657931571,0.75,2.0,0.1
110,CEBPB+PTPN12,0.28999999165534973,0.07924749400062242,0.12015590588349759,0.03196465637383161,0.053376629296782864,0.1262918518324496,0.031964656345673165,0.9391717717760903,0.8767326057846163,0.75,2.0,0.1
110,IGDCC3+MAPK1,0.46799999475479126,0.10518048066441711,0.13134781513627247,0.027618811679846533,0.05135823202841109,0.0657942374106309,0.027618811651855774,0.929124559825449,0.8979366084850581,0.75,2.0,0.1
110,TBX2+TBX3,0.37400001287460327,0.12460568588795169,0.17115691066415356,0.029515318367255933,0.044321269473674034,0.03992429955617555,0.029515318340607822,0.5874734246021515,0.6563242616965578,0.75,2.0,0.1
110,BAK1+KLF1,0.3089999854564667,0.0715180020372958,0.13570260198935313,0.022070125797707493,0.05099967476254582,0.06042439751024591,0.022070125773646462,0.3963751887255461,0.21602330320771954,0.75,2.0,0.1
110,FOXA1+FOXA3,0.16899999976158142,0.08353438755967776,0.1397968799431188,0.04659905187167508,0.07148645036084667,0.05608987067651204,0.04659905184492691,0.5274721924419837,0.5496245574090571,0.75,2.0,0.1
110,FOXA1+FOXF1,0.09600000083446503,0.06138313787945345,0.1397968799431188,0.03541378121616319,0.05551568124368452,0.05701912850875425,0.035413781189233835,0.7006175504487966,0.7015078139107116,0.75,2.0,0.1
110,PTPN12+UBASH3A,0.5049999952316284,0.06037792428939477,0.13891078022261977,0.030670251962503836,0.21133334856229183,0.24269439886533542,0.03067025193104593,0.13666500030960557,-0.10396171368997906,0.75,2.0,0.1
110,CEBPB+FOSB,0.6029999852180481,0.07919351031155378,0.12632634231848142,0.12025591893728495,0.17129597082284742,0.23231416697711368,0.12025591890212206,0.48466433809782905,0.2837670404454073,0.75,2.0,0.1
110,DLX2+ZBTB10,0.38999998569488525,0.18934124438329955,0.1531077997261753,0.12549253342686334,0.16060057251659443,0.17982794616933612,0.12549253339167513,0.5699581840597185,0.5207038468292906,0.75,2.0,0.1
110,RHOXF2+ZBTB25,1.0,0.1699579751995878,0.15238966987941008,0.04951575723230984,0.08780629393322226,0.08860479151660272,0.04951575720211182,0.29482045192526185,0.2508675131288164,0.75,2.0,0.1
110,ETS2+MAP7D1,0.5199999809265137,0.1091708847211949,0.14884000906038916,0.033632060793420196,0.09001385569764321,0.10017849874057039,0.03363206076603953,0.10241518994096194,0.02284590024836508,0.75,2.0,0.1
111,IGDCC3+TGFBR2,0.06499999761581421,0.06228356701893468,0.08513782645007192,0.026529813332566002,0.039629882256736075,0.04373145055528007,0.026529813303743325,0.6808172686203431,0.6602112099941829,0.75,4.0,0.1
111,DUSP9+ETS2,0.7250000238418579,0.1970095939914823,0.08497094373863245,0.02598339171778824,0.24960745109249827,0.2948664045141233,0.02598339168743398,-0.0981970843498365,-0.18321940087860897,0.75,4.0,0.1
111,CBL+TGFBR2,0.05900000035762787,0.06019155578811613,0.08583358603504769,0.037651296409667065,0.06019713270549824,0.06003559474059864,0.03765129638004433,0.7637319692298603,0.7645615996079809,0.75,4.0,0.1
111,CEBPA+JUN,0.4909999966621399,0.2605305968652144,0.1224477866938924,0.19270399004362748,0.3484878205426077,0.3412726897734048,0.19270399000115565,0.372086924503891,0.43167812507581355,0.75,4.0,0.1
111,CEBPE+FOSB,0.7870000004768372,0.07363213673339071,0.0824458623579227,0.06677280729697548,0.3769231107948631,0.6328893954579309,0.06677280726484058,0.13322716425603412,-0.006604580967013534,0.75,4.0,0.1
111,IKZF3+MAP2K6,0.04699999839067459,0.08761752630370175,0.0938031245737045,0.027108796234466263,0.0365301102767481,0.05687541400061615,0.027108796205614683,0.7034985797422978,0.6453921656182954,0.75,4.0,0.1
111,FOXA3+FOXL2,0.2759999930858612,0.0654639485509418,0.09569159130910561,0.06275932655013391,0.09296102357162325,0.09155355175708767,0.06275932651844668,0.6062864424681158,0.6100753199118926,0.75,4.0,0.1
111,FOXL2+POU3F2,0.09700000286102295,0.08587934550229073,0.12110600507763562,0.04547182167032801,0.07048286830497989,0.09506730455886786,0.04547182163946848,0.6324501702327544,0.4872701455233255,0.75,4.0,0.1
111,CNN1+ETS2,0.30000001192092896,0.09390412741514541,0.08360500822286367,0.016634732500332233,0.16070169924446615,0.19382495589621884,0.01663473247198612,-0.10580001341230551,-0.14317277580303564,0.75,4.0,0.1
111,CDKN1A+CDKN1B,0.0,0.12227395933701149,0.20089243889363573,0.06756714722661931,0.1015297883481054,0.09641202397445432,0.06756714719751489,0.6215680524274924,0.6505382406063617,0.75,4.0,0.1
111,CEBPE+SPI1,0.7860000133514404,0.18310903441453788,0.1101712308396782,0.08355642555032082,0.288327105536278,0.826832968401403,0.08355642551568666,0.6469720733782511,0.6262130510211865,0.75,4.0,0.1
111,BAK1+BCL2L11,0.33899998664855957,0.09559292946491063,0.16124716066805278,0.043724711135560514,0.05353977818584663,0.05792279657497249,0.04372471110400499,0.38638705366589504,0.31746488633152065,0.75,4.0,0.1
111,MAPK1+TGFBR2,0.5490000247955322,0.08101772060182723,0.08515942796690452,0.01997424113741455,0.03582779375339479,0.04227687069704644,0.019974241108986407,0.7259839137692997,0.6175914696911566,0.75,4.0,0.1
111,DUSP9+MAPK1,0.7250000238418579,0.2762357802038397,0.08875525660802938,0.04576150326459083,0.5479476145150832,0.5903346854646213,0.04576150322841944,0.42873029715764216,0.29378159189576825,0.75,4.0,0.1
111,BAK1+KLF1,0.3089999854564667,0.08471387395911635,0.128423480201666,0.022447861199872944,0.04698066400179437,0.06764892713088559,0.022447861173447804,0.4591583542184716,0.09971119653294566,0.75,4.0,0.1
111,OSR2+PTPN12,0.4269999861717224,0.11657461889614185,0.1081709558992314,0.038512099848959536,0.10864742952145749,0.2376362525937498,0.03851209981631749,0.6724445116028708,0.028528613480663982,0.75,4.0,0.1
111,CBL+PTPN9,0.14300000667572021,0.06652486082242039,0.10053545944492946,0.028228183020972797,0.03719625744475059,0.051471740011779794,0.028228182988833818,0.8665250870603335,0.8705171132059526,0.75,4.0,0.1
111,OSR2+UBASH3B,0.7490000128746033,0.09869111161021464,0.10707630646343495,0.02260176223255103,0.06859624527556311,0.2690870300473332,0.022601762205391902,0.8099371178751934,-0.21390148923841154,0.75,4.0,0.1
111,PTPN12+SNAI1,0.43799999356269836,0.08257306052786383,0.0875133975246115,0.03469792890311421,0.21693335293446947,0.18046840270429754,0.03469792887053471,-0.13231079798046233,0.01137785812238491,0.75,4.0,0.1
111,CNN1+MAPK1,0.621999979019165,0.14150165379242297,0.08572047623928278,0.030687544602284587,0.11060920847498652,0.12301777213389122,0.030687544570612974,0.22402694950261282,0.20310034733940502,0.75,4.0,0.1
111,CEBPA+KLF1,0.7269999980926514,0.16631320191741333,0.08741725367380608,0.06505676316069452,0.11073728656516124,0.17162363909034872,0.06505676312119119,0.6077570897172992,0.5263184624125626,0.75,4.0,0.1
111,BPGM+ZBTB1,0.41600000858306885,0.10784243130809369,0.156337477582256,0.041920777936394205,0.10779450357035054,0.07435637704974138,0.0419207779051069,0.3569748484738363,0.6131250826000672,0.75,4.0,0.1
111,PTPN12+ZBTB10,0.3779999911785126,0.1736356024105694,0.09771044384940746,0.06075803163535952,0.13128499951085146,0.11818318829618955,0.06075803159928647,0.3993272492386579,0.479017848632417,0.75,4.0,0.1
111,SNAI1+ZBTB10,0.3889999985694885,0.23739332329569138,0.11994459144693945,0.11061260275132645,0.19394150246971867,0.18628746349003025,0.11061260271210796,0.36897007543739935,0.3823440614833344,0.75,4.0,0.1
111,RHOXF2+SET,1.0,0.38084100068199633,0.12394053546491635,0.049458785121707996,0.07615498984698706,0.08899270841221249,0.04945878508648798,0.6581036084321639,0.6706294876793919,0.75,4.0,0.1
111,FOSB+OSR2,0.6060000061988831,0.09524453352451995,0.11738742700027227,0.0397617647954786,0.10716065009458449,0.09743026393942111,0.039761764764822016,0.19028457119993555,0.2314917056338121,0.75,4.0,0.1
112,CBL+TGFBR2,0.05900000035762787,0.04060850354733772,0.12951242593434742,0.037431755141534295,0.05910612271881803,0.048089551738723674,0.037431755111018865,0.7300081815574009,0.7657719442802485,0.9,2.0,0.03
112,CEBPE+FOSB,0.7870000004768372,0.07065228022962743,0.12896294943510897,0.06396820377948904,0.37120676466201646,0.3890317820844179,0.06396820374640307,0.14306265384900305,0.007553058484120957,0.9,2.0,0.03
112,PTPN9+UBASH3B,0.0,0.044880495872834526,0.1434480324801481,0.028381004979370614,0.04768061371428899,0.07737058434370712,0.028381004949344174,0.7584686413254174,0.6066490604323236,0.9,2.0,0.03
112,SGK1+TBX3,0.28600001335144043,0.09704389485453079,0.16661983339792877,0.03653175016992338,0.1245861828589532,0.09687585705591649,0.03653175013990774,0.49045755226288057,0.7735113994871178,0.9,2.0,0.03
112,PTPN12+ZBTB25,0.0,0.04328687749408454,0.13557805396493405,0.025876450488555774,0.03997026159355993,0.06113612089378826,0.025876450459620715,0.8191340291630947,0.6390867726115596,0.9,2.0,0.03
112,FOSB+PTPN12,0.3190000057220459,0.051230196758508866,0.13120862402586064,0.029662655981968017,0.0581031877900454,0.06414390517978955,0.029662655948927304,0.6386981374098343,0.4991673697019983,0.9,2.0,0.03
112,FOXF1+FOXL2,0.34700000286102295,0.03999857966550606,0.13579018409852714,0.04505614691259675,0.109307160313851,0.09247327694584434,0.04505614688256781,0.5380790407802967,0.6548632169496135,0.9,2.0,0.03
112,IKZF3+MAP2K3,0.2150000035762787,0.10516073617391133,0.14604910348222788,0.03706436038519735,0.05728720775749287,0.06358003359987478,0.03706436035302505,0.5141697704697636,0.33717399022240246,0.9,2.0,0.03
112,ETS2+MAPK1,0.7639999985694885,0.5396809039764382,0.1235841421376984,0.03495885100925722,0.13699879188222874,0.4009686480300331,0.03495885097810326,-0.09677966906823107,-0.05698754844925122,0.9,2.0,0.03
112,CEBPE+CNN1,0.4620000123977661,0.07314313874803684,0.12296715460663984,0.035341488831501844,0.07685642804579984,0.15051941302689775,0.03534148879985402,0.8959876105177185,0.8315827025990953,0.9,2.0,0.03
112,CDKN1A+CDKN1B,0.0,0.09360572372131744,0.1749508250678252,0.06682701614269722,0.10913649922280659,0.10529924525100876,0.0668270161132784,0.6279660605788941,0.6505382406063595,0.9,2.0,0.03
112,FOSB+IKZF3,0.5220000147819519,0.22586483442726707,0.1397398542855991,0.04189962579648704,0.3088869603486386,0.1758483970692149,0.04189962576193919,0.03708428375862967,0.6290150484606606,0.9,2.0,0.03
112,CBL+UBASH3B,0.6230000257492065,0.030969630384341782,0.12939722827460262,0.022000196877415834,0.19671807602545804,0.1808083348533424,0.02200019684782828,0.6977482099619153,0.7934953459166784,0.9,2.0,0.03
112,MAP2K3+MAP2K6,0.44600000977516174,0.06470488176303432,0.14568737771175178,0.02779081543205951,0.096305856589713,0.16025982343917297,0.027790815403056304,0.446527253645849,-0.19395951966498093,0.9,2.0,0.03
112,BAK1+KLF1,0.3089999854564667,0.06084629915167475,0.13635192101573132,0.02229262190431982,0.03762834866147243,0.056472085955633,0.022292621878019784,0.621158883251628,0.2905528692691767,0.9,2.0,0.03
112,OSR2+PTPN12,0.4269999861717224,0.12008247452492098,0.13565840871536733,0.037044550826371175,0.0746561247533181,0.1460313683436533,0.03704455079296787,0.7948260394316836,0.5287086442339185,0.9,2.0,0.03
112,PTPN12+PTPN9,0.06400000303983688,0.04907372922090167,0.1448607455701606,0.02872311779485627,0.048356802294813026,0.08870968433498432,0.02872311776286887,0.7924186233213333,0.4302049013372449,0.9,2.0,0.03
112,OSR2+UBASH3B,0.7490000128746033,0.09002599484350825,0.13678666348628046,0.021843732513355085,0.055411337114426015,0.18577881854280182,0.021843732485650604,0.8578151099762722,0.1719186818927612,0.9,2.0,0.03
112,FEV+MAP7D1,0.5609999895095825,0.252892458451116,0.15420018495658833,0.04437392496364939,0.12967531073565125,0.06004459830954847,0.04437392493190031,0.5278469453670015,0.8289527228020533,0.9,2.0,0.03
112,FOXA1+HOXB9,0.10999999940395355,0.046793978028711,0.1425504651790435,0.03444781227138359,0.07380947461355536,0.06596917758900045,0.03444781224173993,0.6656652053116352,0.7481216772841692,0.9,2.0,0.03
112,BPGM+ZBTB1,0.41600000858306885,0.08621013620731632,0.16922728710689688,0.04123988099697197,0.14426117188215193,0.07903883132359607,0.04123988096492752,0.1623967289341474,0.6535702920283019,0.9,2.0,0.03
112,KLF1+TGFBR2,0.20900000631809235,0.05319064196896633,0.12180181014665004,0.02170069762427917,0.04502947060876892,0.027632323999560136,0.02170069759666624,0.5905449964889069,0.6332415545982601,0.9,2.0,0.03
112,PTPN12+ZBTB10,0.3779999911785126,0.2587634454936782,0.13143302474554236,0.05878935129684497,0.10813452214359436,0.09036552921731691,0.05878935126066322,0.5884844043690237,0.6192108496029283,0.9,2.0,0.03
112,ETS2+TGFBR2,0.12300000339746475,0.036619807675827544,0.1242173522999453,0.023585012789829662,0.03506870453151382,0.03472955999088151,0.023585012761667287,0.6204633008109786,0.6112018917167497,0.9,2.0,0.03
112,RHOXF2+ZBTB25,1.0,0.19498998428799907,0.1576313108411521,0.050523214979255986,0.12573253703733198,0.0875102857558278,0.05052321494666302,0.1811127859609399,0.2699511105781063,0.9,2.0,0.03
112,FOXA1+FOXL2,0.0,0.0475565729510949,0.13422523084054377,0.043020718850159435,0.06838833428069721,0.05232988985620387,0.04302071882075132,0.5933405790761901,0.6368062979069883,0.9,2.0,0.03
113,ETS2+IKZF3,0.4359999895095825,0.14028402603173223,0.13156789255856208,0.02439438405251057,0.04332666909260433,0.042856472854170026,0.024394384022775027,0.9000012533951313,0.8950476990822351,0.75,1.0,0.1
113,KLF1+SET,0.871999979019165,0.27548064007370443,0.14871816871450766,0.056803216664240375,0.09725804605477716,0.09641946206457926,0.056803216635408424,0.437084545140423,0.40696609753075097,0.75,1.0,0.1
113,SGK1+TBX2,0.29899999499320984,0.12557153960656686,0.1716068177946569,0.03365040987370142,0.04725442159595636,0.052608172730568344,0.03365040984467369,0.7357974144656557,0.7631133213836462,0.75,1.0,0.1
113,FOSB+UBASH3B,0.4560000002384186,0.060185318672884805,0.12643045339467945,0.02168912929580008,0.05855085218732809,0.1418940550610119,0.02168912926861577,0.5574158779247865,-0.1553339411947181,0.75,1.0,0.1
113,DUSP9+PRTG,0.3630000054836273,0.09809769439922561,0.13998798764969306,0.03746510186961961,0.05320370201221967,0.07459229194704113,0.037465101834441634,0.7354050703391491,0.5991314714539775,0.75,1.0,0.1
113,CEBPE+SET,0.8659999966621399,0.27476545756673604,0.1474502600269638,0.03774645268249133,0.387374303049105,0.24274983789125726,0.03774645265329751,0.9508983562861019,0.9523066611124699,0.75,1.0,0.1
113,CBL+PTPN12,0.0010000000474974513,0.05394899890938483,0.1279865608197082,0.02535819106554396,0.07379114394427888,0.03423252511467506,0.025358191036204458,0.737248386500404,0.7805277260461477,0.75,1.0,0.1
113,FOXA3+FOXL2,0.2759999930858612,0.08242532847802643,0.1546349749597214,0.06958074011446677,0.09944595521270268,0.09829699104420092,0.06958074008332203,0.5714919158577352,0.5920005811412586,0.75,1.0,0.1
113,ELMSAN1+MAP2K3,0.33799999952316284,0.0808022254720409,0.14741882398121223,0.02426190304398472,0.0351359181723423,0.03472378314667896,0.024261903015236643,0.7120331443454935,0.702227637163163,0.75,1.0,0.1
113,IGDCC3+PRTG,0.45399999618530273,0.2207387565767062,0.13886580509611388,0.06983456975520136,0.3313633114969891,0.17576866586866677,0.06983456971594879,0.36581475873186076,0.7844810446690467,0.75,1.0,0.1
113,FOXL2+HOXB9,0.0,0.07334893050086046,0.1546349749597214,0.08253642470907976,0.10701482990587877,0.10516368210056241,0.08253642467698241,0.5979555827701046,0.571251038199541,0.75,1.0,0.1
113,CNN1+ETS2,0.30000001192092896,0.12284247518156569,0.13106275946966037,0.016036054367363606,0.10557162839420839,0.0759333164995632,0.016036054339907787,0.061628915636600244,0.1469738160732477,0.75,1.0,0.1
113,CDKN1A+CDKN1B,0.0,0.1199936066315939,0.18018715868438973,0.06645535090679563,0.11225551748348445,0.10529924525100876,0.06645535087762018,0.5995287632821674,0.6505382406063595,0.75,1.0,0.1
113,FOXA3+FOXF1,0.014000000432133675,0.08213191060442546,0.1715317045794559,0.050874619608624605,0.07026387739959919,0.0644517022416885,0.05087461958096782,0.41241091172729905,0.3730217481665955,0.75,1.0,0.1
113,FOXA3+HOXB9,0.09099999815225601,0.0985957812029273,0.1773691712314689,0.04440869711143048,0.0574451687042338,0.06294843195377245,0.04440869708156608,0.6305546002730907,0.627997646886041,0.75,1.0,0.1
113,DUSP9+MAPK1,0.7250000238418579,0.157460179418139,0.133161431728521,0.03680276348880884,0.24867378114727584,0.4331525681124445,0.03680276345133543,0.9042708953488395,0.7474295010682178,0.75,1.0,0.1
113,CEBPB+PTPN12,0.28999999165534973,0.0857229395356105,0.12307855956098067,0.031977823995564036,0.049652142864308975,0.15942694110923825,0.03197782396615483,0.9366663838683258,0.8275418443749496,0.75,1.0,0.1
113,CBL+PTPN9,0.14300000667572021,0.05409757926111247,0.14495585455004878,0.02813736122839741,0.03928186592766053,0.03554225351832385,0.028137361198025217,0.8652058752989177,0.8695315195773403,0.75,1.0,0.1
113,CNN1+MAPK1,0.621999979019165,0.17683144940151027,0.13181728461380512,0.029430527490589005,0.08479889523247137,0.07068589664069497,0.029430527460642914,0.33354141725483805,0.4327702837965395,0.75,1.0,0.1
113,CEBPA+KLF1,0.7269999980926514,0.23659108706461443,0.13338832946900822,0.06526300772572544,0.14159650010773972,0.1613135715879078,0.06526300769072241,0.5164659037042807,0.5015046846915081,0.75,1.0,0.1
113,FEV+MAP7D1,0.5609999895095825,0.2158717554513952,0.1587800252132601,0.044637327925013626,0.06920198039945208,0.057811267539131676,0.0446373278945114,0.7944511379014344,0.8288760527660012,0.75,1.0,0.1
113,FOXA1+FOXF1,0.09600000083446503,0.07554000079665271,0.15922071087893833,0.036398996141908335,0.05005525415473279,0.04947430423518947,0.03639899611345211,0.7498549307475763,0.7553046283475093,0.75,1.0,0.1
113,FOXF1+HOXB9,0.03400000184774399,0.07569200207003941,0.1715317045794559,0.04627516644874362,0.07055903438519133,0.05757173200027338,0.04627516642019139,0.5857171588533385,0.5824869014228303,0.75,1.0,0.1
113,RHOXF2+SET,1.0,0.29323195151474063,0.17309939942204336,0.054057362802431994,0.10172303308730479,0.08231020806339111,0.05405736276945341,0.6255329354181834,0.656991049978012,0.75,1.0,0.1
113,CEBPA+ZC3HAV1,0.46000000834465027,0.17892286525756565,0.15094559448102876,0.09756883061102406,0.27337146706836374,0.23152806308932875,0.097568830581049,0.5296121553458951,0.5329792584023062,0.75,1.0,0.1
113,FOXA1+FOXL2,0.0,0.08001702197835135,0.14232966255873877,0.043579298326601255,0.06464852163737658,0.05241021339084533,0.04357929829733664,0.6034420460903408,0.6369978621022682,0.75,1.0,0.1
114,SAMD1+TGFBR2,0.0,0.06506034049392807,0.1317464190895705,0.09441639804517044,0.11044776275605102,0.10749015528687662,0.09441639801527046,0.3610148927481408,0.3775351208940625,0.75,2.0,0.1
114,IGDCC3+TGFBR2,0.06499999761581421,0.06192763567430975,0.12857441991511084,0.027635218319699152,0.0369152412722401,0.033487622367341985,0.027635218292943804,0.6732101483426685,0.6639002019164582,0.75,2.0,0.1
114,CEBPE+SET,0.8659999966621399,0.28027235654759264,0.12975532058100075,0.02767857007953367,0.17521730297220223,0.17959732669554374,0.027678570047570506,0.9664940436093218,0.9667055097045056,0.75,2.0,0.1
114,CEBPE+FOSB,0.7870000004768372,0.07475343540287806,0.1234191324080831,0.0616869924261408,0.36434474353858043,0.39807584400856033,0.061686992395500115,0.13343212204994834,0.02945239412662332,0.75,2.0,0.1
114,IKZF3+MAP2K6,0.04699999839067459,0.08654842289914899,0.13198071012813936,0.026485787314379165,0.03875796563714858,0.04164602197085823,0.026485787286951536,0.6915427945950298,0.6609858082421238,0.75,2.0,0.1
114,FOXL2+HOXB9,0.0,0.06919306326839328,0.14354303296272428,0.0819240985348841,0.10289386771248074,0.10295956982753338,0.08192409850335186,0.6139204692866782,0.5800840692612387,0.75,2.0,0.1
114,ETS2+MAPK1,0.7639999985694885,0.307730016886133,0.12564000616885665,0.03616845663457016,0.18160846528344632,0.3687942338156665,0.03616845660555018,-0.10032795288530516,-0.05318435340986532,0.75,2.0,0.1
114,CNN1+UBASH3A,0.7139999866485596,0.05868640586709582,0.13388404953428737,0.04897076374006226,0.24179108236801924,0.32872086875723766,0.04897076370515651,0.8609312729802788,0.8067958013241658,0.75,2.0,0.1
114,CEBPE+ETS2,0.46000000834465027,0.11577630720815203,0.12053627684179846,0.027791591036859742,0.05865135010036235,0.05574078848860301,0.02779159100895489,0.940548497117467,0.9293364738594126,0.75,2.0,0.1
114,CBFA2T3+POU3F2,0.1289999932050705,0.08963468241537963,0.15617525040198396,0.055520062212072466,0.07880927429321401,0.07406410023266598,0.055520062182252014,0.6158274961543013,0.6005962892915687,0.75,2.0,0.1
114,FOXA3+HOXB9,0.09099999815225601,0.07733691931687271,0.15205738163070276,0.040161182758141636,0.05274937234843723,0.05373539665381644,0.040161182728406984,0.6749220084547957,0.6765465572818082,0.75,2.0,0.1
114,MAPK1+TGFBR2,0.5490000247955322,0.07355659388328964,0.1239495920291867,0.019725274382617695,0.040662755264663106,0.030714805226309965,0.0197252743562078,0.7375086394029041,0.7677592021675497,0.75,2.0,0.1
114,OSR2+PTPN12,0.4269999861717224,0.10679394656169192,0.13153165744497153,0.03580333155377574,0.060576346442553636,0.14544872374733167,0.035803331524212646,0.8303600472361246,0.5320693513434513,0.75,2.0,0.1
114,PTPN12+PTPN9,0.06400000303983688,0.059791745173147406,0.13124534924818088,0.026065128204892166,0.03442367330950421,0.07617279842490599,0.026065128175502054,0.8269933970359108,0.5542347695980938,0.75,2.0,0.1
114,UBASH3B+ZBTB25,0.0010000000474974513,0.05648196224654933,0.12891510185176064,0.027629586744029433,0.03519152967315652,0.04539121531799997,0.02762958671731351,0.8009345614605966,0.7580776887030269,0.75,2.0,0.1
114,OSR2+UBASH3B,0.7490000128746033,0.09522274514174847,0.13340382323912456,0.021379335327568888,0.05344570763244553,0.22127757981479412,0.02137933530179696,0.8517335119635685,-0.12373612336406924,0.75,2.0,0.1
114,CEBPE+KLF1,0.75,0.11217147374177193,0.11760373593859053,0.021813080732168366,0.06003997817169437,0.16770261044410117,0.021813080703598255,0.960912007818378,0.9658219695063192,0.75,2.0,0.1
114,BPGM+ZBTB1,0.41600000858306885,0.10961711437583596,0.1688796492473498,0.04240218518324029,0.1422042245114738,0.08584266804650435,0.04240218515441897,0.0751626582833895,0.6088700268285587,0.75,2.0,0.1
114,MAPK1+PRTG,0.5989999771118164,0.08044529663066927,0.12979444907833096,0.023602577964175253,0.029905487782078254,0.05481303760954833,0.02360257793158835,0.9436483251701853,0.8974942249944238,0.75,2.0,0.1
114,DLX2+ZBTB10,0.38999998569488525,0.2130114947048763,0.15442502670616098,0.13848443222480444,0.17659409170792797,0.1907225697754939,0.138484432186853,0.5102346323698544,0.46870830557101634,0.75,2.0,0.1
114,PTPN12+SAMD1,0.0,0.06231935539400691,0.1280096291222061,0.028846812640146068,0.06679713062108676,0.0675711210546398,0.02884681261256713,0.45595257752777685,0.4207012820057118,0.75,2.0,0.1
114,SNAI1+ZBTB10,0.3889999985694885,0.2792121389169652,0.13983547016903686,0.12061068525522184,0.22762664782952038,0.16582466251948486,0.12061068521693417,0.20156738281768,0.3808591013198025,0.75,2.0,0.1
114,FOXF1+HOXB9,0.03400000184774399,0.07363407767484559,0.15205738163070276,0.0454115448575384,0.06905493306825175,0.057859124500791545,0.04541154482955401,0.5736442220876465,0.5821539698947599,0.75,2.0,0.1
114,FOXA1+FOXL2,0.0,0.06538112753660505,0.13058496963040145,0.04180437332325056,0.06925863118616724,0.0525991774581439,0.0418043732956181,0.6045379920081647,0.6402326947468826,0.75,2.0,0.1
114,CNN1+UBASH3B,0.6230000257492065,0.05892548041629612,0.12527068460237434,0.025370793018775595,0.06791516135290437,0.1656049914186622,0.025370792988815765,0.9084248145215064,0.7348632669946245,0.75,2.0,0.1
114,DUSP9+IGDCC3,0.2370000034570694,0.09039983617569247,0.13090192750914598,0.03272626628475901,0.0788315765972112,0.06003131436605941,0.0327262662533031,0.6501678678922602,0.7480714481232569,0.75,2.0,0.1
115,CEBPB+LYL1,0.7369999885559082,0.09414390713715236,0.1457577705197765,0.05509222307593761,0.13451740167031054,0.13248491392537085,0.05509222304414816,0.745568127328912,0.7476193470638479,0.75,1.0,0.1
115,ETS2+PRTG,0.35600000619888306,0.08440788363470267,0.13387438103619878,0.02484069635024644,0.04784731976615218,0.08174468495683485,0.02484069632201557,0.8650386591191114,0.7998938585092487,0.75,1.0,0.1
115,KLF1+SET,0.871999979019165,0.26294450427880955,0.1295402884594427,0.04247971654934908,0.07656502970302216,0.06946093082384024,0.042479716514369804,0.5987064960974299,0.632493808133325,0.75,1.0,0.1
115,DUSP9+ETS2,0.7250000238418579,0.24102730549397616,0.13349727753106852,0.027185030673012783,0.16399236722321006,0.17533933479179284,0.027185030642907858,0.33786282285064795,0.26245796676025185,0.75,1.0,0.1
115,PTPN9+UBASH3B,0.0,0.05162806983733917,0.13268080829233833,0.024893782388145505,0.03813972121281814,0.06468688688123483,0.02489378236013694,0.8164965582184723,0.7041731114339977,0.75,1.0,0.1
115,IGDCC3+ZBTB25,0.2549999952316284,0.07958345581470432,0.13499066583760405,0.05341010287163639,0.07165136282428058,0.07612327661208029,0.053410102842112714,0.443136816350533,0.38525948698546786,0.75,1.0,0.1
115,IKZF3+MAP2K3,0.2150000035762787,0.11127595834036837,0.13689901738696966,0.0325648284924556,0.05047530765068711,0.06753642146414977,0.03256482846225272,0.544386341242806,0.3839785581333312,0.75,1.0,0.1
115,CEBPE+CNN1,0.4620000123977661,0.0935946287434742,0.12485415689604829,0.03600473093794748,0.0666613797473901,0.14608093962441188,0.03600473090950474,0.9159186355994221,0.841347838033947,0.75,1.0,0.1
115,CNN1+UBASH3A,0.7139999866485596,0.05105452846510227,0.1363032723746082,0.04701948274375778,0.1457843649144127,0.24350612327201518,0.047019482710961825,0.914720364252448,0.9004973735946322,0.75,1.0,0.1
115,CEBPE+ETS2,0.46000000834465027,0.15384559250201688,0.12243989057512056,0.027517715494484396,0.0416609389472687,0.045860972589494564,0.02751771546744417,0.9416742259231005,0.9215203175185726,0.75,1.0,0.1
115,CBFA2T3+POU3F2,0.1289999932050705,0.08323766861489751,0.1571784846587217,0.05552494174906044,0.07710232376013511,0.07335759272462723,0.055524941719992386,0.616663621440705,0.6034137376073809,0.75,1.0,0.1
115,CBL+UBASH3B,0.6230000257492065,0.04103808250297795,0.12406034493947171,0.021528477169325655,0.16800956137649575,0.18810259907676263,0.021528477142636292,0.7885615819087005,0.7730481162511993,0.75,1.0,0.1
115,BCL2L11+TGFBR2,0.07800000160932541,0.054995845473668085,0.1428820295017906,0.023439726457852632,0.036073249648513064,0.030410317702272573,0.023439726432730745,0.5199169328156735,0.5189590167169716,0.75,1.0,0.1
115,MAPK1+TGFBR2,0.5490000247955322,0.08846577388190571,0.12647584614040164,0.02089187781617114,0.04037731655974199,0.038942163820183666,0.02089187779027027,0.709120637821778,0.5940209924114768,0.75,1.0,0.1
115,CEBPE+ZC3HAV1,0.5799999833106995,0.1048291214490392,0.1433466391958162,0.024512525629685422,0.12388441885174742,0.1535943934323034,0.02451252560205065,0.9689360432474664,0.9664255458884635,0.75,1.0,0.1
115,DUSP9+MAPK1,0.7250000238418579,0.2659766115139649,0.13508551201107072,0.05234462492355052,0.5512846695133811,0.5645452782936138,0.05234462488952366,0.5212900262392512,0.38755691323604236,0.75,1.0,0.1
115,IGDCC3+MAPK1,0.46799999475479126,0.11367516888817916,0.1319926945377244,0.02940169500878781,0.05039596687025162,0.08417720190574263,0.02940169497622805,0.9315846991734511,0.9051684386656275,0.75,1.0,0.1
115,OSR2+PTPN12,0.4269999861717224,0.08743808573966311,0.12812679717585268,0.02729013099580499,0.049890430090246976,0.1171109973382596,0.02729013096120158,0.876525866030832,0.705758120985332,0.75,1.0,0.1
115,PTPN12+SNAI1,0.43799999356269836,0.08503841906977838,0.12481936187462973,0.034324614441439735,0.11479428393308652,0.14556005779390305,0.03432461441206651,0.31727759497953617,0.07862899046443875,0.75,1.0,0.1
115,BPGM+ZBTB1,0.41600000858306885,0.10582558098332706,0.16859996157914803,0.04243261242658877,0.1439335655548122,0.08363193600335118,0.04243261239874601,0.08802984519054025,0.6133397574251139,0.75,1.0,0.1
115,MAPK1+PRTG,0.5989999771118164,0.16397854242913454,0.13457680528076305,0.03390968420327983,0.08304659506816207,0.11641760244210152,0.03390968417085481,0.8755055538281266,0.8148590348754842,0.75,1.0,0.1
115,CEBPB+FOSB,0.6029999852180481,0.08895893893676443,0.12625237844385587,0.12016559902343958,0.1496581970079982,0.25052723648981057,0.12016559898897047,0.5622794606161434,0.2512878828983732,0.75,1.0,0.1
115,PTPN12+SAMD1,0.0,0.059825237826529695,0.12508308403065413,0.027278341020334586,0.05940905667123645,0.052803823455515195,0.027278340993180408,0.5050009072885484,0.5471070460848636,0.75,1.0,0.1
115,DUSP9+KLF1,0.7200000286102295,0.2370995720387403,0.12786016195566385,0.0467258571920051,0.0650915385763134,0.0716588599667013,0.04672585716316615,0.4306951738220561,0.424874901291643,0.75,1.0,0.1
115,CEBPA+ZC3HAV1,0.46000000834465027,0.20678878540970616,0.1496769706429492,0.09426050891622127,0.1443713850214057,0.1593261703603946,0.09426050888650976,0.5368104416063184,0.5440630910566376,0.75,1.0,0.1
115,ETS2+MAP7D1,0.5199999809265137,0.11526805496321652,0.1456511480936857,0.033918756947967324,0.08709007607746999,0.06766422149179246,0.03391875692107136,0.12304580515637407,0.22041972914873947,0.75,1.0,0.1
116,CEBPB+LYL1,0.7369999885559082,0.098259112952701,0.15280666692128206,0.06318224837675213,0.18255730272506177,0.28664077582897424,0.06318224834649128,0.5711694029797628,0.09837215054408523,0.75,4.0,0.1
116,CEBPA+CEBPB,0.3499999940395355,0.13277956941996083,0.13647175801363823,0.1372037610038761,0.32988314847453326,0.6577175183474413,0.13720376096650996,0.8819498025749818,0.8137662374728536,0.75,4.0,0.1
116,CBL+PTPN12,0.0010000000474974513,0.06231287838909409,0.12950914645785058,0.026153196920459622,0.037460140563444766,0.03386616951998465,0.026153196891466064,0.7841349322852484,0.7816142854007821,0.75,4.0,0.1
116,IKZF3+MAP2K6,0.04699999839067459,0.09677379387039954,0.13971033916213968,0.027629106986286588,0.03948022880504858,0.04088402544466621,0.02762910695912986,0.6775908178785099,0.644513624060621,0.75,4.0,0.1
116,FOXA3+FOXL2,0.2759999930858612,0.06720039258568186,0.13437684417366588,0.06217860589122598,0.0931951300379757,0.08471325596829533,0.06217860586107708,0.6059426536429204,0.6626070832836335,0.75,4.0,0.1
116,ELMSAN1+MAP2K3,0.33799999952316284,0.09566910531691236,0.14518257856226485,0.024562907893908872,0.04260864671477176,0.035617071484860964,0.024562907865783624,0.7089040755010648,0.6972207148244988,0.75,4.0,0.1
116,FOSB+IKZF3,0.5220000147819519,0.142398305743424,0.13661611844344737,0.03766561684541467,0.19518501859869214,0.18254259491823213,0.03766561681286923,0.508194199954079,0.601291965244503,0.75,4.0,0.1
116,CBFA2T3+POU3F2,0.1289999932050705,0.09883696347031182,0.15999101847789995,0.0557793815528582,0.08751965593404731,0.07511186841120972,0.0557793815231637,0.6172950334012667,0.5995844669830382,0.75,4.0,0.1
116,CBL+UBASH3B,0.6230000257492065,0.05768784805635758,0.1276487307752932,0.02196354023297875,0.2243354271006713,0.21103822006152784,0.021963540204738643,0.6190504894429497,0.711739129238353,0.75,4.0,0.1
116,BCL2L11+TGFBR2,0.07800000160932541,0.07689177693686433,0.14666839275975962,0.024098966114591107,0.041619770713510806,0.03144429574259116,0.024098966088737205,0.4910599620046721,0.503968881381987,0.75,4.0,0.1
116,MAPK1+TGFBR2,0.5490000247955322,0.07649182116360065,0.12728156534305862,0.02027782788745778,0.038563548580882186,0.028552143861064996,0.020277827860247767,0.7360140007743797,0.7346880153087367,0.75,4.0,0.1
116,CDKN1A+CDKN1C,0.11400000005960464,0.17311053602494245,0.1756341671415806,0.08662809529864533,0.10336869034291722,0.1315378261483677,0.08662809526761342,0.7068718576387135,0.7081383089241357,0.75,4.0,0.1
116,CEBPB+PTPN12,0.28999999165534973,0.09233302547716186,0.12948400605350432,0.039616897308861976,0.08197679633273947,0.3355406545256181,0.03961689727996618,0.8971692121310524,0.39408276084712773,0.75,4.0,0.1
116,TBX2+TBX3,0.37400001287460327,0.13208268631407336,0.17346584409044996,0.02956086390446864,0.045418945365025644,0.03992429955617555,0.029560863877265222,0.5727696204916725,0.6563242616965578,0.75,4.0,0.1
116,OSR2+PTPN12,0.4269999861717224,0.08385021190029837,0.1360826457430958,0.028201539926894836,0.05358734962215758,0.10063702071931117,0.02820153989059307,0.8662461182568583,0.7724522556981632,0.75,4.0,0.1
116,PTPN12+SNAI1,0.43799999356269836,0.07723395756438244,0.12968561620461713,0.03442661138039883,0.21806331981652372,0.18409743836065567,0.03442661134895372,-0.13668551670088092,-0.11571282734467117,0.75,4.0,0.1
116,FOXA1+KLF1,0.4480000138282776,0.11326489925413218,0.1260289325837163,0.03232674435603909,0.07332620637260767,0.05995043691448399,0.032326744327700205,0.3190888355720232,0.3758384698369061,0.75,4.0,0.1
116,CEBPB+MAPK1,0.23600000143051147,0.17180140800890326,0.1314079913689761,0.032471973251178565,0.1537207823369544,0.15210953912017905,0.03247197322257714,0.828884543600675,0.8422440928102941,0.75,4.0,0.1
116,BPGM+ZBTB1,0.41600000858306885,0.1141426805935536,0.17113934449590898,0.0420472904851836,0.10374942971054703,0.08355435601147038,0.042047290455511796,0.38668472208453974,0.6140874589713796,0.75,4.0,0.1
116,KLF1+TGFBR2,0.20900000631809235,0.06530183799837554,0.1222474391589785,0.02244263422558623,0.03959023779761718,0.028413736204449886,0.022442634199874936,0.6078827341406161,0.6200697432502372,0.75,4.0,0.1
116,MAPK1+PRTG,0.5989999771118164,0.08088804892891324,0.13158769322185285,0.022482579785547907,0.028849013376145104,0.06337416744704213,0.02248257975251715,0.9459915153278102,0.899392748371396,0.75,4.0,0.1
116,AHR+FEV,0.8109999895095825,0.20150747577249592,0.155329357210906,0.07609387000496756,0.164136708954631,0.17138330077629682,0.07609386996894606,0.6455766687502628,0.6961011648793731,0.75,4.0,0.1
116,DLX2+ZBTB10,0.38999998569488525,0.16042559016735866,0.1567084721737241,0.12381102880874657,0.19470515775135847,0.19015410722094075,0.12381102877049886,0.46094302948167104,0.4608525285925502,0.75,4.0,0.1
116,PTPN12+SAMD1,0.0,0.0662123967161677,0.1292055214470373,0.02790542540845759,0.04393872460514627,0.047190560508262556,0.02790542537995644,0.6395339981145157,0.5998303327476803,0.75,4.0,0.1
116,ETS2+MAP7D1,0.5199999809265137,0.10572804042641401,0.14344825404229497,0.03353473680057513,0.09742118801196867,0.07870346947946891,0.03353473677340546,0.12050136332553185,0.1690549331158591,0.75,4.0,0.1
116,FOSB+OSR2,0.6060000061988831,0.09329651375398601,0.1438907517387975,0.04018597209659998,0.14292428537872548,0.07597293802837513,0.040185972067314474,0.07486329099280466,0.26903049882062974,0.75,4.0,0.1
117,ETS2+IKZF3,0.4359999895095825,0.07866115918436299,0.11591870416784557,0.024476488613944358,0.03605456532587324,0.06500949725168732,0.024476488587414892,0.9072284182115743,0.8709738800059732,0.75,4.0,0.1
117,IGDCC3+TGFBR2,0.06499999761581421,0.06424792333457004,0.11421641336863003,0.026964137762309458,0.0374100014618751,0.03162707052777971,0.026964137737763825,0.6715480598934279,0.6857928738437512,0.75,4.0,0.1
117,CEBPA+CEBPB,0.3499999940395355,0.11477161815319802,0.11574396429741457,0.13517089673961424,0.2871902038107037,0.48928487637642004,0.13517089670405502,0.8965249576046054,0.89047961165758,0.75,4.0,0.1
117,DUSP9+PRTG,0.3630000054836273,0.09902080825012356,0.12565864841556704,0.037756624362424634,0.05455014453659272,0.08981769430660672,0.03775662433050185,0.7239105253011044,0.5793232009276204,0.75,4.0,0.1
117,CEBPE+PTPN12,0.4620000123977661,0.06464533042643317,0.1060341679183639,0.02260955161107736,0.04709586323903142,0.0859195001773594,0.022609551585861688,0.9675488065525586,0.9601151302232807,0.75,4.0,0.1
117,CBL+PTPN12,0.0010000000474974513,0.06020651669114982,0.11876830955546232,0.02641686302963863,0.038779520903221655,0.03712968385433643,0.02641686300251576,0.7787179988780153,0.7652849254538696,0.75,4.0,0.1
117,DUSP9+SNAI1,0.7459999918937683,0.1507291996198341,0.1217637880877436,0.08785826111563877,0.8855149475486163,0.8065607959972021,0.08785826107707011,-0.41199621491460414,-0.3481970172319167,0.75,4.0,0.1
117,CEBPE+FOSB,0.7870000004768372,0.0661412160200392,0.11275016920875948,0.06327418960095849,0.35264842320591916,0.3732550998081883,0.063274189572032,0.14167055358660968,0.047061139504429514,0.75,4.0,0.1
117,AHR+KLF1,0.7609999775886536,0.10557822137320048,0.12897989106608349,0.03565073215836995,0.21985496786276215,0.31837055694739186,0.035650732134312156,0.4661781411726457,-0.17663468233206117,0.75,4.0,0.1
117,KLF1+MAP2K6,0.4099999964237213,0.06954466406722855,0.11351617587771066,0.02608905971381531,0.052214760921788596,0.14105802982918775,0.02608905968881486,0.6922316936069355,-0.1258757138021131,0.75,4.0,0.1
117,IGDCC3+ZBTB25,0.2549999952316284,0.07531900011819168,0.12176036888124422,0.0537381403118728,0.07501137920413896,0.07000553464015223,0.053738140284214066,0.4230577788219156,0.42881963837797704,0.75,4.0,0.1
117,CEBPE+CNN1,0.4620000123977661,0.0780808161155406,0.11110867434580991,0.03583261790008341,0.10680208816185603,0.1446629260306242,0.03583261787224614,0.8612564422000939,0.8318714924552384,0.75,4.0,0.1
117,FOSB+IKZF3,0.5220000147819519,0.13231388297950558,0.12119280159800308,0.03768475707017441,0.17263221016817734,0.17400943483418688,0.03768475704006511,0.609055500703966,0.6587226901957847,0.75,4.0,0.1
117,CBL+UBASH3A,0.027000000700354576,0.06508170985446735,0.13005525345375918,0.10466517480427065,0.12854324567783262,0.12983518959280782,0.10466517477181331,0.6548489419382718,0.6474466066671675,0.75,4.0,0.1
117,CBL+UBASH3B,0.6230000257492065,0.05625891976377211,0.11972150758155074,0.022408882305408884,0.1924615277445679,0.1982434108407881,0.022408882278982783,0.7398586127163628,0.7885356630331313,0.75,4.0,0.1
117,CDKN1A+CDKN1C,0.11400000005960464,0.15566327710413677,0.156224054446868,0.0861208446729386,0.1027735372942946,0.1315378261483677,0.08612084464440983,0.708148295240251,0.7081383089241357,0.75,4.0,0.1
117,PTPN12+PTPN9,0.06400000303983688,0.06590243437477865,0.1256721724646635,0.027231458192061103,0.034440403564866696,0.06738758087191332,0.02723145816412502,0.8335505417633537,0.6419146539121658,0.75,4.0,0.1
117,CBL+PTPN9,0.14300000667572021,0.0746569603398719,0.13986073579352387,0.03208560024353692,0.04177039155391965,0.04785552937714765,0.032085600214676734,0.8456418251750202,0.8491583847670714,0.75,4.0,0.1
117,CBFA2T3+FEV,0.7020000219345093,0.11604991188030626,0.13829506054809826,0.11480394693921347,0.44673724130473785,0.5175589874723618,0.11480394689955095,0.8186781551451214,0.8125136566484257,0.75,4.0,0.1
117,CEBPB+JUN,0.01899999938905239,0.15204474856806044,0.12957322684714348,0.16239988835559163,0.2679772001980886,0.22098298787760567,0.16239988832496718,0.34378916268963655,0.3866580835373625,0.75,4.0,0.1
117,FEV+MAP7D1,0.5609999895095825,0.15536084485321308,0.14285243252859695,0.04541062990353331,0.06640909343953622,0.06524625773624146,0.04541062987593729,0.7939140609096069,0.8329908008727862,0.75,4.0,0.1
117,MAPK1+PRTG,0.5989999771118164,0.07758066608513868,0.11765024900211736,0.022812155212949686,0.029657873693285073,0.05600993453421343,0.022812155183276266,0.9440386249372279,0.9064686106735749,0.75,4.0,0.1
117,DLX2+ZBTB10,0.38999998569488525,0.14771323179753593,0.13864864234404087,0.12607383538482642,0.16818305124007601,0.17163029880119327,0.12607383535167715,0.545081899374809,0.5617421210111274,0.75,4.0,0.1
117,DUSP9+KLF1,0.7200000286102295,0.16738238603008307,0.11562414449791972,0.04098581722197932,0.06715181161577667,0.11979433473429554,0.040985817193000665,0.40301193100702903,0.06394912249792191,0.75,4.0,0.1
117,FOXF1+HOXB9,0.03400000184774399,0.06285558521191098,0.12783565106429556,0.043254629506028715,0.07146675741030277,0.05774035174940878,0.043254629480390584,0.5839374350460526,0.6018180758252114,0.75,4.0,0.1
117,FOXA1+FOXL2,0.0,0.060494875554652175,0.11696186247849197,0.04140852431090554,0.061770370287916876,0.052141605306792,0.04140852428500009,0.6282565473886038,0.6425626773298418,0.75,4.0,0.1
118,CEBPB+LYL1,0.7369999885559082,0.07930349117595518,0.1358227201072367,0.05466696105241037,0.16300377677550748,0.15855838789140714,0.05466696101752136,0.633158129829905,0.6437820190103537,0.9,4.0,0.03
118,ETS2+PRTG,0.35600000619888306,0.05039648317675149,0.09130337279550171,0.02071876791901195,0.03622785631730123,0.08898909668048813,0.02071876788768756,0.8989988921283693,0.7415744720287252,0.9,4.0,0.03
118,SAMD1+TGFBR2,0.0,0.05439040955630238,0.09270092282869424,0.09347824204765331,0.10807665594937584,0.11604469243520103,0.09347824201460746,0.3870376523637114,0.3492048239674327,0.9,4.0,0.03
118,FOSB+UBASH3B,0.4560000002384186,0.0498112734959079,0.08551375314541775,0.02178924471556995,0.09035859971607521,0.226042431156149,0.02178924468715416,0.27062272276012317,-0.32824573971325177,0.9,4.0,0.03
118,DUSP9+ETS2,0.7250000238418579,0.3071774975445958,0.09435487004268182,0.026339934001621407,0.21091777208286627,0.3018471800557828,0.026339933970124418,0.1456899387333496,-0.19087524630963107,0.9,4.0,0.03
118,PTPN9+UBASH3B,0.0,0.045104705783900086,0.09844121900375913,0.02487444030635272,0.03812760131218936,0.0357838359131612,0.024874440275804696,0.8139331983213103,0.8266684412664673,0.9,4.0,0.03
118,ELMSAN1+MAP2K3,0.33799999952316284,0.07921151555354876,0.12295990981830011,0.02424273578995216,0.03807371981250567,0.04151093400551424,0.02424273576031794,0.6747454299507893,0.6898178234931535,0.9,4.0,0.03
118,FOXL2+HOXB9,0.0,0.053174057953099596,0.10545235709199252,0.0803318755237752,0.10448432282548713,0.10111793072741752,0.08033187549231441,0.6224848399822394,0.6151419390749108,0.9,4.0,0.03
118,CNN1+ETS2,0.30000001192092896,0.04778941904868004,0.08900579749153498,0.014445189193856761,0.07429629094652927,0.189072995727253,0.014445189164811774,0.29306445691415706,-0.1454614945731319,0.9,4.0,0.03
118,CEBPE+CNN1,0.4620000123977661,0.07285375363493471,0.08509136252188322,0.036134982451637876,0.11044271633486473,0.1749164765605687,0.03613498242120733,0.8559145454199129,0.7590397633406423,0.9,4.0,0.03
118,CEBPB+OSR2,0.1809999942779541,0.10349676868940412,0.09361451612779519,0.04739471145815499,0.12422798549530806,0.21259700528596953,0.04739471142515845,0.5166879206592256,0.5932586100871663,0.9,4.0,0.03
118,SAMD1+ZBTB1,0.019999999552965164,0.0769558583094966,0.14994602104357713,0.049941526588300034,0.0673940033031869,0.06366399129265062,0.04994152655808225,0.4969824047276522,0.5026352762230595,0.9,4.0,0.03
118,CEBPE+SPI1,0.7860000133514404,0.2850210368446547,0.11602349357445511,0.07715970539271869,0.22709231992654308,0.6431070436948303,0.07715970535773593,0.636332206198684,0.6297291623245563,0.9,4.0,0.03
118,BAK1+BCL2L11,0.33899998664855957,0.05887444813083418,0.1363453781131417,0.0427141720579248,0.05372243756298468,0.054338288153517725,0.04271417202587898,0.43952459803465854,0.41746357612486323,0.9,4.0,0.03
118,DUSP9+MAPK1,0.7250000238418579,0.4665528172329382,0.09408721664553328,0.04407141514832236,0.4576403919819132,0.5368880176051615,0.04407141511350959,0.594935382100296,0.42824984563210466,0.9,4.0,0.03
118,MAP2K3+MAP2K6,0.44600000977516174,0.07747243301230171,0.11982187455982928,0.025530470062063798,0.10485052566575652,0.057725413877072175,0.02553047003276999,0.3716094976780423,0.7244817712123822,0.9,4.0,0.03
118,TBX2+TBX3,0.37400001287460327,0.12400395984771247,0.19457598747146992,0.029610661832296818,0.04967586321220159,0.03987140364931241,0.02961066180396872,0.5249308564847711,0.6519548341136354,0.9,4.0,0.03
118,FEV+MAP7D1,0.5609999895095825,0.2275638296663585,0.13298117395645057,0.045070251391019805,0.07745352023185355,0.10482125693437883,0.045070251360016196,0.7643011960886963,0.829835764168299,0.9,4.0,0.03
118,PTPN12+ZBTB10,0.3779999911785126,0.22202441301984954,0.10669560144564799,0.05556538816438,0.09724339393248971,0.09215678008691493,0.055565388129052866,0.6411882251977125,0.6080869328578941,0.9,4.0,0.03
118,SNAI1+ZBTB10,0.3889999985694885,0.3855624324066025,0.12813665850974182,0.1128824683306765,0.3490859663475569,0.1896147526995228,0.11288246828930347,0.22800114860495105,0.3684627458503746,0.9,4.0,0.03
118,FOXF1+HOXB9,0.03400000184774399,0.05404062772288533,0.1141638077131223,0.04269676752644529,0.07551361526073785,0.07543867799845008,0.04269676749654164,0.6048792358537239,0.6084198170835288,0.9,4.0,0.03
118,RHOXF2+ZBTB25,1.0,0.18666351325634786,0.12751878388416882,0.04950948556812891,0.11256552445151069,0.1451840599892587,0.04950948553503704,0.21896471363754016,0.20094339449302623,0.9,4.0,0.03
118,CEBPA+ZC3HAV1,0.46000000834465027,0.15499709706294348,0.11245272036601306,0.09196047224768113,0.2161241562782937,0.2991170561064631,0.09196047221402863,0.5629116959307157,0.5619201026509772,0.9,4.0,0.03
118,SNAI1+UBASH3B,0.2759999930858612,0.06515207697709409,0.09955285052999994,0.02930600252075409,0.06072465980466178,0.12820744038198179,0.02930600249036753,0.6389330036811529,-0.03524224724067216,0.9,4.0,0.03
118,DLX2+SNAI1,0.36800000071525574,0.13798451189096592,0.14346570799110683,0.07623135167992331,0.2119416394325082,0.12390284905124012,0.07623135164885882,0.0571097309346089,0.5634667955202609,0.9,4.0,0.03
118,DUSP9+IGDCC3,0.2370000034570694,0.07337139148774342,0.09792917945135242,0.031302166421615846,0.10741906359647521,0.07257567321984792,0.03130216638787069,0.5286848902962465,0.6721452904030828,0.9,4.0,0.03
119,ETS2+PRTG,0.35600000619888306,0.06644532579247887,0.12854964651173018,0.0195617549624493,0.029605267607431394,0.048090656465372084,0.019561754932898242,0.9184260843318554,0.8768248893633286,0.75,1.0,0.1
119,IGDCC3+TGFBR2,0.06499999761581421,0.06277204524983016,0.12757443888962272,0.025933250796507205,0.035324656008574366,0.031981064077763854,0.025933250768421474,0.6814118088894497,0.684491242430438,0.75,1.0,0.1
119,IKZF3+MAP2K6,0.04699999839067459,0.10455806161984667,0.1468502550254129,0.02777521364824398,0.040261246534864535,0.038082702056837364,0.027775213618944007,0.6717366687143784,0.6610993666925836,0.75,1.0,0.1
119,SGK1+TBX3,0.28600001335144043,0.11502809728193655,0.1661432697859255,0.03692838158326742,0.13904826554324382,0.09687585705591649,0.03692838155450913,0.38647370387954,0.7735113994871178,0.75,1.0,0.1
119,PTPN12+ZBTB25,0.0,0.05855384891852043,0.13583727511874724,0.027321343931333425,0.03873242470836089,0.0849607361517941,0.027321343903426623,0.7872572302648173,0.40203141112934015,0.75,1.0,0.1
119,KLF1+MAP2K6,0.4099999964237213,0.0931195701721189,0.1284596390829332,0.026635979266344673,0.04734261511078306,0.16032205899925445,0.02663597923862102,0.7303739923363126,-0.2608000404654748,0.75,1.0,0.1
119,FOXL2+POU3F2,0.09700000286102295,0.08488286639694093,0.14673953067879067,0.045492359472930566,0.0628913745336774,0.07768575471975354,0.04549235944295547,0.682023737509797,0.5858478397766157,0.75,1.0,0.1
119,FOXL2+HOXB9,0.0,0.0737931813918378,0.1484456254171484,0.08339490739969667,0.11123288702108156,0.12095911032876783,0.08339490736841632,0.5470517565472339,0.4651211253011926,0.75,1.0,0.1
119,IGDCC3+ZBTB25,0.2549999952316284,0.08991649595510769,0.1412708680089709,0.055774249847787186,0.07352081419506677,0.09560885335938998,0.055774249817581466,0.42682046694811027,0.27332199156619386,0.75,1.0,0.1
119,ETS2+MAPK1,0.7639999985694885,0.29120092535747444,0.12860874367865235,0.03630732883640399,0.1251656458721402,0.26273935377255486,0.036307328806397,-0.0006523760821986494,-0.007823995862959142,0.75,1.0,0.1
119,FOSB+IKZF3,0.5220000147819519,0.20501460060212712,0.1380862787199916,0.039085225516872046,0.22979386385539213,0.2438541650489227,0.03908522548336335,0.33735302088638086,0.24696460646699772,0.75,1.0,0.1
119,BPGM+SAMD1,0.30000001192092896,0.07424895272293688,0.15352274620599468,0.03541897480738727,0.0603338109901128,0.0537860484796293,0.03541897477729442,0.5768319995907255,0.6596056597591867,0.75,1.0,0.1
119,FOXA3+HOXB9,0.09099999815225601,0.09006519404402615,0.15587510900852136,0.04114897725142616,0.06501793744797278,0.06019145158488809,0.04114897722234772,0.5811145891474994,0.6157565040117773,0.75,1.0,0.1
119,DUSP9+MAPK1,0.7250000238418579,0.15364086980988642,0.13121295383097162,0.03657026461681534,0.28972023949369113,0.4252010614896706,0.03657026457987865,0.8865350499711208,0.7571139505476115,0.75,1.0,0.1
119,CEBPB+PTPN12,0.28999999165534973,0.0889400860545834,0.1238383198739173,0.03449082537467796,0.05282969832154131,0.173525470900584,0.03449082534522987,0.9312618454690852,0.8002504442470847,0.75,1.0,0.1
119,PTPN12+PTPN9,0.06400000303983688,0.0647067868976801,0.14267120990333834,0.02815334588376006,0.036710505012925373,0.07522819406915476,0.02815334585212236,0.8180668886972058,0.5704519085254747,0.75,1.0,0.1
119,CBL+PTPN9,0.14300000667572021,0.06141094605352637,0.14605108841761905,0.030143405424337785,0.03994048525522852,0.03839664219046898,0.03014340539346131,0.855748603586898,0.8621579179799387,0.75,1.0,0.1
119,OSR2+UBASH3B,0.7490000128746033,0.07468542431706604,0.12872210187586203,0.016153814618129647,0.028306693464705684,0.15182821383087902,0.016153814589770884,0.9234990301966997,0.4652749821132599,0.75,1.0,0.1
119,PTPN12+SNAI1,0.43799999356269836,0.08982572097051882,0.12710659666824303,0.03510751671754295,0.11323988563275707,0.12740519841829923,0.035107516685929784,0.33333060756282185,0.20601827774706982,0.75,1.0,0.1
119,IKZF3+MAPK1,0.42800000309944153,0.15837746278785772,0.1405174533276922,0.03612299816554837,0.165580411148401,0.1641084154584591,0.03612299813042602,0.89509804864467,0.9251705018850741,0.75,1.0,0.1
119,FEV+MAP7D1,0.5609999895095825,0.21810042000829138,0.15378112840709332,0.04497381181968943,0.06573723673939094,0.05965046482406572,0.044973811789459896,0.8012455793416154,0.8284956193412061,0.75,1.0,0.1
119,FOXA1+FOXF1,0.09600000083446503,0.06271330055934425,0.1431455549333914,0.03555581338858163,0.0647723653234082,0.05867245457227593,0.035555813359878834,0.6324781025361556,0.6936107771593746,0.75,1.0,0.1
119,CEBPB+MAPK1,0.23600000143051147,0.21545389471059861,0.12840615061638735,0.03012176568176328,0.16213709679524538,0.09170750315376236,0.030121765651804366,0.876052263883897,0.9108169217782284,0.75,1.0,0.1
119,FOXA1+HOXB9,0.10999999940395355,0.08563963731501498,0.1518746938144425,0.03725046788720007,0.1315563792107475,0.0967906315699262,0.037250467858268486,0.30766316167377866,0.5445379528015655,0.75,1.0,0.1
119,PTPN12+ZBTB10,0.3779999911785126,0.2240913333782415,0.13053053490709896,0.05607914764989762,0.08776426956560544,0.09137960087328734,0.05607914761525235,0.6438596187927416,0.6124288587739538,0.75,1.0,0.1
119,CEBPA+ZC3HAV1,0.46000000834465027,0.1744599588820881,0.1422736112296706,0.09143788426444936,0.22186409509878485,0.1937414506142136,0.09143788423128119,0.5524291975296971,0.5532746819227956,0.75,1.0,0.1
120,CEBPB+LYL1,0.7369999885559082,0.08752522905170418,0.13252675825247864,0.055255817390331974,0.18958464826275642,0.1738503309031146,0.05525581735872098,0.544543829890869,0.5952645455244471,0.75,4.0,0.03
120,CEBPA+CEBPE,0.5609999895095825,0.1659535099682658,0.08777284431940612,0.0738206674335502,0.16633896798794023,0.22945587590837468,0.07382066739820585,0.9385721914578594,0.9408423809647762,0.75,4.0,0.03
120,ETS2+PRTG,0.35600000619888306,0.03653618735184152,0.08754625341522365,0.01938501496363937,0.0339962779878927,0.04438282197829155,0.01938501493554336,0.9046876934575764,0.8780843546455266,0.75,4.0,0.03
120,SAMD1+UBASH3B,0.0,0.03424990239006635,0.08987913773746489,0.03271042149867564,0.05287266488180841,0.04773936341889232,0.032710421472127264,0.48067386622112607,0.5084195537272322,0.75,4.0,0.03
120,CBL+TGFBR2,0.05900000035762787,0.03470734364529869,0.08190165231747347,0.03648312836630574,0.07339756342905256,0.06082836941918552,0.03648312833998957,0.7723681792378129,0.7802873427612749,0.75,4.0,0.03
120,DUSP9+SNAI1,0.7459999918937683,0.1885099604707498,0.09267239315931314,0.08744241602709357,0.5346292807407776,0.7067101259880331,0.08744241598828942,0.3371029864967957,-0.08843113583846439,0.75,4.0,0.03
120,CEBPE+FOSB,0.7870000004768372,0.05624887735158788,0.0909891211639747,0.0662641159282189,0.4301441616949493,0.37993819585856126,0.0662641158979363,0.06890688540346251,-0.0027203348082612965,0.75,4.0,0.03
120,FOXA3+FOXL2,0.2759999930858612,0.04461200566857024,0.10065820367440631,0.06604687532519622,0.11903626930476835,0.09542953056325232,0.06604687529662655,0.5111155758908198,0.5891803221935266,0.75,4.0,0.03
120,PTPN9+UBASH3B,0.0,0.03608052154878539,0.09719569566676832,0.025353914812491746,0.041366226432393315,0.03833360913318386,0.025353914785143622,0.7938301801113787,0.8147113857315605,0.75,4.0,0.03
120,SGK1+TBX3,0.28600001335144043,0.1278643560748968,0.17968637763232703,0.03694617622243135,0.09142500948183462,0.08371192228197429,0.03694617619551861,0.6967759705167753,0.7581172423694336,0.75,4.0,0.03
120,FOSB+PTPN12,0.3190000057220459,0.045242580344113346,0.09256437870459214,0.029284275164063886,0.09011417693338972,0.07826912689585513,0.029284275134947427,0.575199128790156,0.41812729605130555,0.75,4.0,0.03
120,IGDCC3+ZBTB25,0.2549999952316284,0.05426612888075197,0.09506004391899589,0.05361826317723213,0.07610856149605674,0.0716542059888382,0.05361826314830598,0.43601654078629853,0.4598077187268692,0.75,4.0,0.03
120,FOXF1+FOXL2,0.34700000286102295,0.0405384058125077,0.1006582036744063,0.04657778310216261,0.1253131744621668,0.09509296636451747,0.046577783074548816,0.45266164154991473,0.6200762301365975,0.75,4.0,0.03
120,ETS2+MAPK1,0.7639999985694885,0.394969386926705,0.0847567276033227,0.03504427338527126,0.23844982921838598,0.4813481483093316,0.03504427335748409,-0.12380875611910308,-0.05593248112511887,0.75,4.0,0.03
120,CEBPB+OSR2,0.1809999942779541,0.08860180371861687,0.10314524514204301,0.04821293549874921,0.09792795767788848,0.12439817974994033,0.048212935468882556,0.544014601704491,0.6508363829758009,0.75,4.0,0.03
120,FOSB+IKZF3,0.5220000147819519,0.1452201318295729,0.10078756244030224,0.04058775661739228,0.16955623869654837,0.21145278756993993,0.0405877565853364,0.5937869421007584,0.42955411491678325,0.75,4.0,0.03
120,BAK1+BCL2L11,0.33899998664855957,0.05445018101690379,0.13256447077055936,0.04297451361012938,0.05830757012794515,0.05440193465900106,0.04297451358152143,0.42270315837733086,0.4003170364069,0.75,4.0,0.03
120,IGDCC3+MAPK1,0.46799999475479126,0.040734630289113616,0.08966178734221165,0.02368423090823346,0.03284216545045295,0.048328040028458204,0.023684230878491516,0.9497572372854086,0.9240668115591587,0.75,4.0,0.03
120,OSR2+UBASH3B,0.7490000128746033,0.05220495011327969,0.10097430028771885,0.016758828004790144,0.03999166172646879,0.11694368520446306,0.016758827978298477,0.8873234646132999,0.6427406021170047,0.75,4.0,0.03
120,PTPN12+SNAI1,0.43799999356269836,0.05631256338550767,0.08970360238378937,0.0343085668232504,0.0876178658081665,0.07601553135250767,0.03430856679408946,0.5419520794310583,0.6092504372819817,0.75,4.0,0.03
120,IKZF3+MAPK1,0.42800000309944153,0.09168449058686953,0.09180500417431726,0.03544087984118377,0.08201275772843544,0.07276579942546708,0.035440879809511994,0.9131586174098667,0.9395916932604736,0.75,4.0,0.03
120,CEBPE+KLF1,0.75,0.08192651246910647,0.07800587820832482,0.021605768264506775,0.06187805099397813,0.15635241703787217,0.021605768237362797,0.9549739170455571,0.960756689670696,0.75,4.0,0.03
120,PTPN12+UBASH3A,0.5049999952316284,0.03054021023357493,0.08745769912092731,0.02873117356408547,0.10360048899384072,0.1521603312528849,0.02873117353561629,0.706856767536429,0.4937827792894305,0.75,4.0,0.03
120,BPGM+ZBTB1,0.41600000858306885,0.08857004873472775,0.16511924652253168,0.04177036164937874,0.12106979367329905,0.07163372779227849,0.041770361621185796,0.42753294741054004,0.6343846875373432,0.75,4.0,0.03
120,ETS2+MAP7D1,0.5199999809265137,0.10277323381280505,0.11716850442880934,0.033425674886381,0.125639357147898,0.1798493842745748,0.03342567485992272,0.07111557553843428,0.010001933100533135,0.75,4.0,0.03
120,FOXA1+FOXL2,0.0,0.04581631586038371,0.09614932661957329,0.043629731378787305,0.07480621491239182,0.05796917419085624,0.04362973135195235,0.5530084965397261,0.6130028159032548,0.75,4.0,0.03
121,CEBPB+LYL1,0.7369999885559082,0.0864596113003961,0.1405263058854757,0.05553989890933661,0.14212308447223063,0.14131765310996638,0.05553989887808695,0.7198653170726509,0.7272143946280466,0.75,4.0,0.1
121,ETS2+IKZF3,0.4359999895095825,0.07708137899676819,0.1251632724018418,0.023929859185886693,0.03609803198732178,0.04630033289187949,0.023929859157581373,0.9078575841343355,0.8982609682597427,0.75,4.0,0.1
121,SGK1+TBX2,0.29899999499320984,0.1139040840696942,0.15908988263905377,0.03447531264765655,0.04560253958010838,0.052608172730568344,0.034475312620030216,0.7539994232302945,0.7631133213836462,0.75,4.0,0.1
121,CEBPE+PTPN12,0.4620000123977661,0.06163831568059265,0.11368039926499633,0.022178716957926725,0.03585892608117954,0.08064557467420297,0.02217871693140212,0.9735090110314542,0.9636256851559963,0.75,4.0,0.1
121,SAMD1+UBASH3B,0.0,0.05720430794478234,0.12331478739716294,0.03280956154882317,0.043283724979226605,0.0405998913063662,0.032809561521825056,0.5349486321485432,0.5451984746112966,0.75,4.0,0.1
121,CBL+TGFBR2,0.05900000035762787,0.06555175713430583,0.13012927583326572,0.037360587380854626,0.04740173978559257,0.05136708690345643,0.037360587352235436,0.7656056740287981,0.7649976229274784,0.75,4.0,0.1
121,CEBPE+FOSB,0.7870000004768372,0.08101365246573163,0.1243007804191416,0.06598839795895564,0.6735986360217173,0.541082205980668,0.06598839792774318,-0.023772145488041886,-0.04382611072711992,0.75,4.0,0.1
121,IKZF3+MAP2K6,0.04699999839067459,0.08671574094252628,0.1360887220822496,0.027641065776351552,0.040665510804948055,0.04218825579326322,0.027641065750148217,0.6967906835939806,0.6627253411900166,0.75,4.0,0.1
121,AHR+KLF1,0.7609999775886536,0.10592665205827181,0.13636450720081955,0.035362437376114775,0.2094101240270265,0.3562277905261818,0.03536243735037339,0.5222209659270998,-0.3726128367664053,0.75,4.0,0.1
121,PRTG+TGFBR2,0.16500000655651093,0.06415160234848584,0.12230192634893845,0.030215771590965446,0.07340681877135248,0.05473012945247818,0.03021577156424482,0.31615396016524183,0.3565398198834612,0.75,4.0,0.1
121,FOSB+PTPN12,0.3190000057220459,0.06725192330145789,0.12452199698931522,0.028330457660822178,0.08488679316352225,0.05817544091923671,0.028330457631301417,0.565283739449816,0.5838936121611729,0.75,4.0,0.1
121,FOXL2+POU3F2,0.09700000286102295,0.08106363829047585,0.139097218534488,0.044925708639346376,0.06161640707980685,0.06769655697099733,0.0449257086107765,0.6894242734397917,0.6638732873276486,0.75,4.0,0.1
121,CBL+UBASH3A,0.027000000700354576,0.07214951154396601,0.14365091546799152,0.10652233533423906,0.13173675562127993,0.14126452166016665,0.10652233530108113,0.6480956837983959,0.6441084409782477,0.75,4.0,0.1
121,CNN1+UBASH3A,0.7139999866485596,0.06731469985477048,0.135030862897941,0.04960142587334421,0.23476570189866663,0.33408396264515317,0.049601425838510634,0.8864649990754728,0.8421760306574331,0.75,4.0,0.1
121,CEBPE+ETS2,0.46000000834465027,0.08994011734199162,0.11550432490946921,0.026891583812063635,0.05259158056101477,0.051559823136282885,0.02689158378520885,0.9365795289270514,0.9296794749413911,0.75,4.0,0.1
121,CBL+UBASH3B,0.6230000257492065,0.06333059694040866,0.13233936072015035,0.02506495550248744,0.18607044896540517,0.18615341139756184,0.025064955474588896,0.7740379447248318,0.8315396897538959,0.75,4.0,0.1
121,PTPN12+PTPN9,0.06400000303983688,0.06670264724739183,0.1299597678453094,0.026213643502994696,0.03168405715001131,0.05831516881126957,0.026213643474784297,0.8456942099044227,0.706287519197418,0.75,4.0,0.1
121,OSR2+UBASH3B,0.7490000128746033,0.07250865638027486,0.12649696255259898,0.01633935688397256,0.03958683074911775,0.18741021233884633,0.01633935685724074,0.9103537811199996,0.15614991681455603,0.75,4.0,0.1
121,CBFA2T3+FEV,0.7020000219345093,0.11536771678082124,0.14341322053373767,0.11279988823535603,0.3683770220545869,0.48637940392074697,0.11279988819444951,0.8628990293131438,0.8268631495727273,0.75,4.0,0.1
121,CBL+CNN1,0.3889999985694885,0.06960074282180428,0.13473488508375775,0.03248354384326646,0.1160517025002196,0.2061186753642682,0.03248354380900328,0.9203586188663518,0.8769317565332839,0.75,4.0,0.1
121,BPGM+ZBTB1,0.41600000858306885,0.10560674504173269,0.16275051058826218,0.04160854874426384,0.10531250501318638,0.07824443254232272,0.04160854871533548,0.37783090885468557,0.6603927473570942,0.75,4.0,0.1
121,CEBPB+FOSB,0.6029999852180481,0.08417199847557903,0.12749965384974907,0.12567349815487788,0.33552202294934586,0.3229855416174037,0.12567349811915685,0.17484958564235872,0.13222108311421435,0.75,4.0,0.1
121,DLX2+ZBTB10,0.38999998569488525,0.1426647498518766,0.14779888148097156,0.12479270512813058,0.16510803619945347,0.179742824354224,0.12479270509223116,0.5561682099753352,0.5223373034302461,0.75,4.0,0.1
121,DUSP9+KLF1,0.7200000286102295,0.1544214036675243,0.11718032051609349,0.04080641048848094,0.0688041970201518,0.06870509054055948,0.040806410458341796,0.46623840242194126,0.4180995388107831,0.75,4.0,0.1
121,RHOXF2+ZBTB25,1.0,0.1363917041900353,0.14566052133112367,0.04969408881772278,0.07519590311031464,0.09646245120859367,0.04969408878699438,0.41356751606051584,0.21327295135691718,0.75,4.0,0.1
121,ELMSAN1+MAP2K6,0.07900000363588333,0.0767889401945845,0.13724669691297017,0.018786531048551918,0.03139011435055109,0.02895296366179394,0.01878653102371272,0.6274187289767326,0.5603617790422704,0.75,4.0,0.1
122,ETS2+PRTG,0.35600000619888306,0.11134835495119304,0.1312617719857469,0.02144849434587265,0.04439028448362785,0.11605904897558397,0.021448494314304102,0.9012224796970437,0.6843681516574606,0.75,4.0,0.3
122,ETS2+IKZF3,0.4359999895095825,0.12722070883491057,0.13048985122860376,0.026689280475995947,0.0393750889289321,0.07410183892038652,0.026689280444867503,0.8953512696786091,0.8496324497167311,0.75,4.0,0.3
122,IGDCC3+TGFBR2,0.06499999761581421,0.1023327614647009,0.12733690091646507,0.027214775545014558,0.03161233900939494,0.03263638091266117,0.027214775516391294,0.6899996304901922,0.6765200892283705,0.75,4.0,0.3
122,SGK1+TBX2,0.29899999499320984,0.13229435312778492,0.16566009789512415,0.03406446569965124,0.04861038377655526,0.052608172730568344,0.03406446566977741,0.7576684345479231,0.7631133213836462,0.75,4.0,0.3
122,DUSP9+ETS2,0.7250000238418579,0.1284311780686955,0.13067677251399057,0.02461448950481493,0.05543775065913231,0.16545131221746023,0.024614489473310786,0.8369130645366982,0.33158085447615293,0.75,4.0,0.3
122,CBL+TGFBR2,0.05900000035762787,0.0993501128506691,0.12810636852009738,0.037543914525935085,0.04769948236565207,0.047830558181025315,0.03754391449655282,0.7791539370007964,0.7812599564292543,0.75,4.0,0.3
122,FOXA3+FOXL2,0.2759999930858612,0.11217495752716443,0.1451392111381295,0.0654029450265733,0.09586024997249581,0.09661690141720407,0.06540294499425299,0.5843133486441606,0.5907262263150709,0.75,4.0,0.3
122,MAP2K6+SPI1,0.8230000138282776,0.15834684924515702,0.15101289998978035,0.043119308977402016,0.47925705095035076,0.7625761656736616,0.043119308944469525,0.5972400205681689,-0.5744347440848672,0.75,4.0,0.3
122,PTPN12+ZBTB25,0.0,0.10202376314889217,0.12741572215601463,0.02502488276856786,0.04156883149248347,0.06861671827784167,0.0250248827401596,0.7830915725983228,0.564784043873937,0.75,4.0,0.3
122,KLF1+MAP2K6,0.4099999964237213,0.1149640096047621,0.1293964738391836,0.026681609890730998,0.07460174538014777,0.09649213137652098,0.02668160986268295,0.5048436819274135,0.2394661416554644,0.75,4.0,0.3
122,FOXL2+POU3F2,0.09700000286102295,0.11454996454497152,0.14886842788505922,0.0470326498355263,0.07557708944259289,0.09084422382277765,0.04703264980446091,0.6031708196922588,0.47612550866961256,0.75,4.0,0.3
122,FOXF1+FOXL2,0.34700000286102295,0.10893777779657954,0.14513921113812953,0.047495576060134714,0.12060241896965183,0.10906569667112713,0.04749557603052177,0.4646014994071502,0.5566812228378559,0.75,4.0,0.3
122,CNN1+ETS2,0.30000001192092896,0.12020298345986134,0.1340743707041256,0.01751504690705477,0.048381557048666445,0.0983407336821463,0.017515046878535882,0.39514788484306484,-0.06480448080810153,0.75,4.0,0.3
122,CBL+UBASH3A,0.027000000700354576,0.10465425908018879,0.13833531965699744,0.10227403543551182,0.12388489593402956,0.1365821194864296,0.10227403539905225,0.6748701331371826,0.6591688023664893,0.75,4.0,0.3
122,FOXA3+FOXF1,0.014000000432133675,0.11735255261647365,0.1568175332019424,0.049498975796191585,0.06037493433384905,0.06250805268035509,0.04949897576808873,0.4435852940324655,0.41006226342364516,0.75,4.0,0.3
122,BCL2L11+TGFBR2,0.07800000160932541,0.1091616667419119,0.14589409848668874,0.02419623363637794,0.03428759498925871,0.032357340372627,0.02419623360875834,0.47477147234651296,0.4823726852432103,0.75,4.0,0.3
122,CEBPB+PTPN12,0.28999999165534973,0.11023980957396132,0.12231856060683596,0.032733340323783555,0.04991408919470948,0.12724785187301682,0.03273334029304301,0.939945606147617,0.8740581057933802,0.75,4.0,0.3
122,BAK1+KLF1,0.3089999854564667,0.11227682283203883,0.13720335923144597,0.022381866998679528,0.07690698307062388,0.0762102248082575,0.022381866972374626,-0.08654107981998173,-0.033041848890993306,0.75,4.0,0.3
122,CEBPB+JUN,0.01899999938905239,0.1616817856641009,0.1478214815195623,0.16145334211730464,0.2466941474130912,0.23470459032369947,0.1614533420827912,0.3435368151304163,0.3612786768224044,0.75,4.0,0.3
122,CNN1+MAPK1,0.621999979019165,0.13468985979266182,0.12985563187697483,0.02862485990044105,0.04556856403234355,0.04972875893915348,0.02862485986993019,0.6855960454243042,0.6421144730839351,0.75,4.0,0.3
122,FOXA1+HOXB9,0.10999999940395355,0.11100835573631435,0.14409484728032415,0.03390836224765964,0.06223739920590457,0.05974599133938705,0.033908362218854494,0.7571222586706636,0.7730475169702028,0.75,4.0,0.3
122,CEBPB+FOSB,0.6029999852180481,0.11237432289999275,0.12979608173027019,0.12108271424563052,0.20040439010610994,0.2422945972687967,0.1210827142071218,0.3749405706991509,0.2575135505538323,0.75,4.0,0.3
122,DUSP9+KLF1,0.7200000286102295,0.16699781995438048,0.1257727569230599,0.042622876793020355,0.08713944333145053,0.08606283785566132,0.042622876761816,0.20123817773979583,0.28667701489978953,0.75,4.0,0.3
122,SNAI1+UBASH3B,0.2759999930858612,0.10435076602168052,0.12560945123627149,0.027964476891259984,0.049961746842209734,0.09202076105062844,0.02796447686183698,0.4541372386474324,0.03914999361944284,0.75,4.0,0.3
122,CNN1+UBASH3B,0.6230000257492065,0.10160146226329987,0.13074395056841231,0.025129192093569702,0.08533963885275175,0.12093051708595089,0.02512919206399624,0.9085968672351455,0.8472478110215259,0.75,4.0,0.3
122,FOSB+OSR2,0.6060000061988831,0.11896025065342536,0.1362392415524526,0.040037139319830946,0.08240173535645717,0.08399302623336846,0.04003713928875705,0.20633996070594796,0.2632382361782573,0.75,4.0,0.3
123,ETS2+PRTG,0.35600000619888306,0.08763428204311396,0.11804874044593959,0.019506636920933546,0.0346589855045086,0.07511521635169634,0.01950663689249667,0.911357732864154,0.8313519923918766,0.5,2.0,0.3
123,IGDCC3+TGFBR2,0.06499999761581421,0.08381055138005802,0.11986557804635742,0.026847338813783803,0.03189600712311511,0.03147983109877728,0.02684733878769847,0.6971501359095671,0.6890170149808141,0.5,2.0,0.3
123,KLF1+SET,0.871999979019165,0.16948717996478269,0.12097817360980428,0.04135200263217512,0.06833696607542451,0.06529566222181227,0.0413520025977732,0.6412745299721653,0.6594003489587967,0.5,2.0,0.3
123,SGK1+TBX2,0.29899999499320984,0.12962253533778895,0.1526041031519992,0.034127280645620886,0.046974427446385116,0.052608172730568344,0.034127280618019284,0.7566097683901386,0.7631133213836462,0.5,2.0,0.3
123,CEBPA+CEBPB,0.3499999940395355,0.12678593555197604,0.12560229387208835,0.13221906334730193,0.30584122031610017,0.458883532520865,0.13221906331023742,0.910746532018989,0.9064457738999205,0.5,2.0,0.3
123,DUSP9+ETS2,0.7250000238418579,0.15117031747192888,0.12016488220613741,0.02557531060720286,0.10052163348164224,0.13029153825446896,0.02557531057738937,0.7548401695499865,0.6036456312802155,0.5,2.0,0.3
123,CBL+TGFBR2,0.05900000035762787,0.07915433969495318,0.11779131445865,0.03811065725659776,0.055114999903121485,0.048695033703791,0.03811065723007271,0.7702472459105594,0.7722013096485307,0.5,2.0,0.3
123,DUSP9+SNAI1,0.7459999918937683,0.14669914760716207,0.1278805430427832,0.08910402557871111,0.6380686476251981,0.5413654596316974,0.08910402553950557,-0.002218554047267104,0.3453418372744831,0.5,2.0,0.3
123,CEBPA+JUN,0.4909999966621399,0.18509360428246988,0.14334768444937593,0.19574572773498866,0.33151671638196073,0.3229989380810681,0.19574572769460985,0.42693261117642695,0.455287685653258,0.5,2.0,0.3
123,PTPN9+UBASH3B,0.0,0.09119030080699325,0.12989384144173205,0.027136225245135745,0.03815997346929683,0.04488595928857027,0.027136225217303345,0.8263343694484899,0.824499062176832,0.5,2.0,0.3
123,MAP2K6+SPI1,0.8230000138282776,0.14741235240100112,0.1358960246987251,0.042728449951149994,0.5670034407065321,0.8234386341419077,0.042728449921730735,0.13439280298679845,-0.6546183012814939,0.5,2.0,0.3
123,PTPN12+ZBTB25,0.0,0.08445113985696169,0.11771898258551786,0.025942794149031598,0.04340969716317587,0.09303457486254707,0.02594279412353536,0.7597013769053718,0.337077277864683,0.5,2.0,0.3
123,CEBPE+CNN1,0.4620000123977661,0.09149530012198004,0.11196120138622859,0.035936122505836554,0.11110183010250302,0.14286630230761962,0.035936122478160616,0.8664646878112057,0.835449447784908,0.5,2.0,0.3
123,CEBPB+OSR2,0.1809999942779541,0.10529154752677226,0.12154406729101527,0.046908138729943885,0.08554901218527858,0.10586455897356435,0.046908138699718126,0.6286019081658193,0.6169322132048866,0.5,2.0,0.3
123,SAMD1+ZBTB1,0.019999999552965164,0.10616199609455182,0.14102987760618368,0.04978700149448327,0.05949979307741077,0.059103438004660426,0.04978700146714621,0.5354889850898564,0.5333324932292456,0.5,2.0,0.3
123,FOXA3+HOXB9,0.09099999815225601,0.09304271151253733,0.13158361573041052,0.038312262812953427,0.04943603832668323,0.04984665897958849,0.03831226278582088,0.6886212392902008,0.6949982320501734,0.5,2.0,0.3
123,CDKN1A+CDKN1C,0.11400000005960464,0.15912961046046245,0.16023430830959917,0.08600724930874035,0.10675447318074198,0.1315378261483677,0.0860072492784567,0.7087954200923875,0.7081383089241357,0.5,2.0,0.3
123,DUSP9+MAPK1,0.7250000238418579,0.17136086598473935,0.12138464178470044,0.04503217361320888,0.35928902230637877,0.391358949981573,0.045032173579276115,0.8911598361289336,0.8555733941144325,0.5,2.0,0.3
123,IGDCC3+MAPK1,0.46799999475479126,0.09233738291745008,0.11890804342359683,0.023937315343070364,0.030532824286284642,0.06895272583064363,0.02393731531305905,0.9534338830253573,0.9276467630222939,0.5,2.0,0.3
123,CBL+PTPN9,0.14300000667572021,0.09642830866312732,0.13659539292606207,0.0309695433059511,0.03812605140095816,0.038710711238144825,0.030969543277273637,0.8635974543345896,0.8580348188109987,0.5,2.0,0.3
123,FOXA1+KLF1,0.4480000138282776,0.1127166037637066,0.11970018238695014,0.03333428025273952,0.06341143211481659,0.0593471227994856,0.03333428022570014,0.3333400517124801,0.3752467501811506,0.5,2.0,0.3
123,PTPN12+UBASH3A,0.5049999952316284,0.07757115472029211,0.1172347629411249,0.028103250098467425,0.13044729368408833,0.17630072785747455,0.028103250068345242,0.6123972070839111,0.35490440261820755,0.5,2.0,0.3
123,KLF1+TGFBR2,0.20900000631809235,0.0806004159440839,0.11268685989584944,0.021981207944461675,0.027851026244740205,0.03115240314119633,0.021981207919869378,0.6407841200160905,0.5617758112468999,0.5,2.0,0.3
123,CEBPA+ZC3HAV1,0.46000000834465027,0.13270723576445587,0.13843619712098448,0.09259485333413854,0.1687776563490994,0.1327448004171435,0.09259485330323992,0.5641867527395727,0.5704935378979467,0.5,2.0,0.3
123,FOXA1+FOXL2,0.0,0.08693467614885159,0.1236211335720233,0.042426917011206045,0.0606776376353111,0.05656107866775175,0.04242691698480341,0.6133110989962983,0.6112705517100236,0.5,2.0,0.3
123,SNAI1+UBASH3B,0.2759999930858612,0.08727316478658535,0.11859972578155457,0.02796129267971134,0.03641264955790985,0.05891750710111825,0.027961292652498335,0.645469589323171,0.33797762668837805,0.5,2.0,0.3
124,SAMD1+TGFBR2,0.0,0.06702497664350879,0.13559500820078593,0.09395366967030783,0.10606176878698681,0.11213358597768242,0.09395366963892993,0.39284494075266857,0.34019951390300823,0.75,1.0,0.1
124,KLF1+SET,0.871999979019165,0.26404600138928486,0.13372819837697852,0.042377250080149184,0.07634841199136161,0.06730962981766056,0.0423772500441293,0.602368482264193,0.646949823356128,0.75,1.0,0.1
124,FOSB+UBASH3B,0.4560000002384186,0.05950735667995909,0.12963172496884703,0.02231297967211126,0.09058476830940058,0.1667890196587709,0.022312979644428774,0.2611791210288081,-0.23983784198692062,0.75,1.0,0.1
124,CEBPE+PTPN12,0.4620000123977661,0.08375886379875214,0.12060867261152441,0.022827521156646546,0.06519713820773919,0.10653107592788631,0.02282752112856017,0.959451199335322,0.9565058512820809,0.75,1.0,0.1
124,CBL+PTPN12,0.0010000000474974513,0.053619064475967586,0.12787646038739992,0.025545848029530353,0.05493208111871289,0.03460195665152872,0.02554584799899032,0.7524582871900801,0.7763615692165868,0.75,1.0,0.1
124,DUSP9+ETS2,0.7250000238418579,0.23595579278616155,0.13103356638366165,0.02542494643368365,0.177754492748083,0.14494873819816545,0.025424946402705036,0.22657676974459234,0.47303324290171916,0.75,1.0,0.1
124,SAMD1+UBASH3B,0.0,0.050742089009628705,0.13532395158510588,0.03222946781136017,0.046298630362444027,0.04374358509643408,0.03222946778236711,0.5024284121292372,0.5074293174104898,0.75,1.0,0.1
124,FOXA3+FOXL2,0.2759999930858612,0.06396548429450483,0.14409881661084067,0.06478460537688573,0.11728218103234603,0.09312802246112235,0.064784605346375,0.5107824904540319,0.6139809573853139,0.75,1.0,0.1
124,SGK1+TBX3,0.28600001335144043,0.10945788174875988,0.17004559551613407,0.036665999646376124,0.11472460925593742,0.09687585705591649,0.03666599961729789,0.5726569617476358,0.7735113994871178,0.75,1.0,0.1
124,UBASH3A+UBASH3B,0.39500001072883606,0.04882554214390643,0.14026867068558432,0.01995206239375129,0.13207008414619234,0.09617525192985889,0.01995206236785713,0.10044971882758405,0.09676697931314168,0.75,1.0,0.1
124,FOXF1+FOXL2,0.34700000286102295,0.06362793156360227,0.1509477424022699,0.04741762449473366,0.12588302823829078,0.10409873577225397,0.04741762446585246,0.43329203826475354,0.6008764433301856,0.75,1.0,0.1
124,ETS2+MAPK1,0.7639999985694885,0.27858604031785655,0.1324283634020953,0.036908136047571954,0.13066207886528086,0.2679858045565508,0.03690813601841708,-0.06103520629289416,-0.039211042237645446,0.75,1.0,0.1
124,CEBPE+CNN1,0.4620000123977661,0.10709672474668107,0.12612761772591471,0.03711216367456166,0.10634150182690415,0.17982885975121182,0.0371121636438745,0.8603875027204466,0.776362693821931,0.75,1.0,0.1
124,FOXA3+FOXF1,0.014000000432133675,0.06826646660827397,0.163349484043754,0.04870225590053015,0.06366607410282021,0.05940479726325254,0.04870225587161233,0.45919860528377227,0.44396438295238655,0.75,1.0,0.1
124,BAK1+BCL2L11,0.33899998664855957,0.06587212499775204,0.1615566391591406,0.04379578350117341,0.05282580632674336,0.05120857905277259,0.0437957834713301,0.4150221467006238,0.4032278089102141,0.75,1.0,0.1
124,DUSP9+MAPK1,0.7250000238418579,0.26591548667519305,0.13627852267835788,0.04497548611392632,0.567028161949453,0.4591020348891698,0.04497548607808157,0.4461543068123187,0.6814860365650179,0.75,1.0,0.1
124,CBL+PTPN9,0.14300000667572021,0.053696632333777486,0.1446107123229002,0.028266487014126984,0.03679646055935386,0.035447851240444715,0.02826648698325366,0.8674157250611195,0.8692830450794282,0.75,1.0,0.1
124,FEV+MAP7D1,0.5609999895095825,0.20504345860635131,0.15737113569118014,0.04456831446938167,0.07096690347663034,0.05882822838319344,0.044568314438938335,0.7886007607089126,0.829637828054486,0.75,1.0,0.1
124,PTPN12+UBASH3A,0.5049999952316284,0.04984608778566167,0.13615030123765146,0.03072492748143274,0.07522697847713167,0.13171911935168276,0.03072492745084901,0.7994769751072194,0.6118262202260719,0.75,1.0,0.1
124,CEBPB+MAPK1,0.23600000143051147,0.20153552432853314,0.12994390147333448,0.028556755283235757,0.1221168298284191,0.06990295154844481,0.02855675525260401,0.9065591884042379,0.9294834456825749,0.75,1.0,0.1
124,BPGM+ZBTB1,0.41600000858306885,0.10848515915795678,0.1757400933919597,0.041463307645198885,0.12605124063821502,0.07737327053198229,0.0414633076144858,0.17828809920404093,0.6781470168303344,0.75,1.0,0.1
124,KLF1+TGFBR2,0.20900000631809235,0.059393373080356526,0.12302010117038512,0.021322151658038455,0.03484755587865831,0.02749946835452787,0.02132215163195799,0.6131034415416756,0.6262822740365859,0.75,1.0,0.1
124,MAPK1+PRTG,0.5989999771118164,0.07498004106562998,0.13633934067184536,0.022377694600587583,0.034203059347160655,0.06433783823458662,0.022377694565911706,0.9407364873182544,0.8951719273039864,0.75,1.0,0.1
124,FOXF1+HOXB9,0.03400000184774399,0.0651339219243714,0.1573273410284237,0.04417079820646346,0.06396935991900103,0.057325504961166215,0.04417079817791743,0.5671633286465281,0.5897133861694785,0.75,1.0,0.1
124,FOSB+OSR2,0.6060000061988831,0.09784393315727825,0.13964446115143478,0.04043544498413002,0.09811678765726044,0.07530845208615786,0.040435444954182456,0.22004168430088344,0.3138733833868464,0.75,1.0,0.1
124,ELMSAN1+MAP2K6,0.07900000363588333,0.06591010819622696,0.14213858299811427,0.018192141376382923,0.029170159660602213,0.028342291423652965,0.01819214134989469,0.6595666693698893,0.5986387508290429,0.75,1.0,0.1
125,SAMD1+TGFBR2,0.0,0.06670692746875205,0.13819189849530125,0.09568998547275859,0.11182252216003803,0.11200821583565765,0.09568998544165164,0.3604838830888931,0.33996440945432577,0.75,2.0,0.1
125,KLF1+SET,0.871999979019165,0.28866673301211776,0.13474781334988994,0.04119074138700925,0.0771982771557818,0.06946242045408875,0.04119074135096222,0.577828565249328,0.6316490035582462,0.75,2.0,0.1
125,SGK1+TBX2,0.29899999499320984,0.1233596556995411,0.17073325320778235,0.033900016150063786,0.04225319319581459,0.052608172730568344,0.033900016121210665,0.7680357547149331,0.7631133213836462,0.75,2.0,0.1
125,DUSP9+PRTG,0.3630000054836273,0.26028279752497635,0.1396465361495764,0.0420240318759134,0.1589229569759808,0.06600172190266204,0.04202403184408189,0.12851320956654677,0.6511288620159692,0.75,2.0,0.1
125,DUSP9+ETS2,0.7250000238418579,0.10762970606267064,0.1374943370891889,0.020737809092287618,0.05799175286779886,0.10862066803394992,0.02073780906224606,0.8892072352788853,0.6856630411109887,0.75,2.0,0.1
125,CBL+TGFBR2,0.05900000035762787,0.0582624758340852,0.13377822480815316,0.03814330060951758,0.06805580807635646,0.05341356702461468,0.038143300581174634,0.7626783424944128,0.7675577034197029,0.75,2.0,0.1
125,CEBPA+JUN,0.4909999966621399,0.29813766418697285,0.15386884894462058,0.19483160270573896,0.3160714671915044,0.3043520082310726,0.1948316026636042,0.484757182008569,0.4992436626229249,0.75,2.0,0.1
125,CEBPB+CEBPE,0.21799999475479126,0.11918093362440518,0.12472528113257664,0.07756012611185337,0.16083949967017452,0.11042403563221988,0.07756012607675351,0.8851429760249871,0.9124341267449885,0.75,2.0,0.1
125,IKZF3+MAP2K3,0.2150000035762787,0.11732598153143782,0.14981121554500745,0.03580113807018913,0.05471481333365016,0.0730396438322232,0.0358011380403885,0.5293568669333267,0.34424916017346957,0.75,2.0,0.1
125,CEBPE+ETS2,0.46000000834465027,0.1243110141497096,0.12722479404651607,0.02676092274130565,0.06931019659351968,0.05106646510879142,0.026760922713598943,0.939148165567557,0.933137237464175,0.75,2.0,0.1
125,CEBPE+SPI1,0.7860000133514404,0.23551254041213202,0.14631816138770304,0.07851590210006142,0.18691119470829895,0.3363198142229605,0.078515902066004,0.6533802053509558,0.6268111485862704,0.75,2.0,0.1
125,MAP2K3+MAP2K6,0.44600000977516174,0.08391315663357432,0.1496451292119493,0.028658333400717634,0.09464127143406695,0.1412342982241849,0.028658333373298928,0.463116470640423,-0.060467512912918936,0.75,2.0,0.1
125,CBL+PTPN9,0.14300000667572021,0.06044045846206354,0.1447815147891795,0.028405139245978733,0.037822668298166495,0.03742809490670671,0.028405139216045757,0.8664822256311565,0.8684066881174575,0.75,2.0,0.1
125,UBASH3B+ZBTB25,0.0010000000474974513,0.055727888790911076,0.13640343683540884,0.027830106152230263,0.03428236058097035,0.043191084686650255,0.02783010612535356,0.8079907187711945,0.7752512377324796,0.75,2.0,0.1
125,CBFA2T3+FEV,0.7020000219345093,0.14000535028132555,0.1532430128233144,0.11403014978493775,0.31381178462528686,0.4496166975651023,0.11403014974420782,0.8828502925192188,0.8516517754891872,0.75,2.0,0.1
125,IKZF3+MAPK1,0.42800000309944153,0.14025407785273608,0.13433540119830212,0.034266526365095806,0.11862629522786308,0.0884795557938849,0.034266526332732125,0.9112490497901845,0.946206940084208,0.75,2.0,0.1
125,FOXA1+HOXB9,0.10999999940395355,0.06678026034647398,0.14636646356617686,0.03487120930773599,0.08775788532986625,0.07323159746413485,0.03487120927940736,0.5792832055570297,0.7113704125186759,0.75,2.0,0.1
125,KLF1+TGFBR2,0.20900000631809235,0.06297644058587457,0.1268472628510544,0.022418187372397726,0.04005501888665527,0.027313011865912593,0.02241818734648862,0.6134272831210403,0.6389925643826964,0.75,2.0,0.1
125,PTPN12+ZBTB10,0.3779999911785126,0.20216016681019977,0.1370693039946248,0.0563555996926831,0.08909091053916741,0.08718983862359225,0.05635559965862858,0.6444928287695941,0.6421307367868991,0.75,2.0,0.1
125,DLX2+ZBTB10,0.38999998569488525,0.219102716896785,0.1648393689585263,0.1303547630576961,0.17127787516777765,0.18277929307274535,0.1303547630204252,0.5295279370371648,0.5145413247322889,0.75,2.0,0.1
125,PTPN12+SAMD1,0.0,0.06080064092642289,0.13117374360325337,0.027256675385769917,0.06718347093297364,0.061142300003523095,0.02725667535718739,0.46107273514442426,0.47022852102517615,0.75,2.0,0.1
125,ETS2+TGFBR2,0.12300000339746475,0.06226432311580942,0.13350315390558024,0.024309917019837625,0.03361487412429084,0.049105756537529334,0.024309916992970384,0.6460794321657148,0.3850145297689996,0.75,2.0,0.1
125,FOXF1+HOXB9,0.03400000184774399,0.06512597833199096,0.1502146066149775,0.045002934963890906,0.0683443913030081,0.06016797964266365,0.04500293493566006,0.5599465470900875,0.5681904234137791,0.75,2.0,0.1
125,RHOXF2+ZBTB25,1.0,0.17298917919646273,0.16197736235101215,0.05057597023967266,0.0943800877874345,0.09292548368085994,0.05057597020791365,0.2704734658770783,0.22656403087065138,0.75,2.0,0.1
125,ETS2+MAP7D1,0.5199999809265137,0.11812211535244911,0.1512662955500145,0.033253616231375654,0.09020036377951435,0.06239296958939751,0.033253616203276666,0.08985154632166496,0.28486680472148235,0.75,2.0,0.1
125,DUSP9+IGDCC3,0.2370000034570694,0.23252611962172628,0.13751130529774486,0.0356237830552486,0.21925535888419329,0.05930723181354361,0.035623783024467934,-0.05723563001631848,0.7513958008822694,0.75,2.0,0.1
126,SAMD1+TGFBR2,0.0,0.06245897128531339,0.130276119215428,0.09377793798523563,0.10908194933457607,0.11168989938795046,0.09377793795362968,0.38096256337973583,0.3461020473790827,0.5,0.5,0.1
126,FOSB+UBASH3B,0.4560000002384186,0.062384132414686225,0.13157667697620967,0.022474486740132686,0.11334154564253426,0.10062073988597643,0.022474486712051357,0.12874721146353013,0.09679898973940895,0.5,0.5,0.1
126,CEBPE+FOSB,0.7870000004768372,0.08597645012646986,0.12582772961504904,0.06342395518454592,0.3027916086245056,0.437251039418981,0.06342395515275415,0.19625462028987992,0.019528563464801005,0.5,0.5,0.1
126,AHR+KLF1,0.7609999775886536,0.14197551687642737,0.1407583835166784,0.03605129972436777,0.2667353613240097,0.3340100440093192,0.03605129969719747,0.18792864125316522,-0.2620577002369452,0.5,0.5,0.1
126,FOXA3+FOXL2,0.2759999930858612,0.05649850771452406,0.13240772728029418,0.06239006759337533,0.09813134003113488,0.08225405216225447,0.062390067562878126,0.5980190671978287,0.676508362678824,0.5,0.5,0.1
126,UBASH3A+UBASH3B,0.39500001072883606,0.0416732225328434,0.13192772890790014,0.019350684177271243,0.18929454625312953,0.12960301969698498,0.01935068415103488,0.08405513258351621,0.0612104384975879,0.5,0.5,0.1
126,CDKN1A+CDKN1B,0.0,0.1380109152594427,0.17162322043273837,0.06713567865741235,0.10457067944459075,0.10529924525100876,0.0671356786283565,0.6146859220910873,0.6505382406063595,0.5,0.5,0.1
126,BPGM+SAMD1,0.30000001192092896,0.08129096377127812,0.15521322479781346,0.03531223470147322,0.05315843811943798,0.05446124042853312,0.03531223467051252,0.6433170075830948,0.6730931666681712,0.5,0.5,0.1
126,BAK1+BCL2L11,0.33899998664855957,0.06909141887568258,0.1555114650804011,0.04323329533235408,0.05572307285999739,0.0514735618141118,0.043233295301560275,0.3922381419738432,0.39963586667521206,0.5,0.5,0.1
126,MAPK1+TGFBR2,0.5490000247955322,0.07873897535089308,0.13067393152409632,0.02125032319895962,0.03947587545481452,0.05648170984370472,0.02125032317109048,0.6477517518492715,0.3365342715182014,0.5,0.5,0.1
126,DUSP9+MAPK1,0.7250000238418579,0.12798881974983703,0.13212990645856645,0.039080620093320806,0.3690403856267162,0.582702980055165,0.03908062005368652,0.8007257799166211,0.3332474237972566,0.5,0.5,0.1
126,TBX2+TBX3,0.37400001287460327,0.14949241238717462,0.16950441524221072,0.02951688622891857,0.04918389796815758,0.03992429955617555,0.029516886200967766,0.522143833468624,0.6563242616965578,0.5,0.5,0.1
126,UBASH3B+ZBTB25,0.0010000000474974513,0.045770370494668734,0.13213927590295718,0.028190548510692096,0.04163297095161883,0.038500694712544456,0.028190548482864373,0.8043239381651165,0.7904904968897905,0.5,0.5,0.1
126,OSR2+UBASH3B,0.7490000128746033,0.07878501142350006,0.13608062655231812,0.01681267750781551,0.06087043644946587,0.17540314960689166,0.016812677479055543,0.8451414785959387,0.26105478004098553,0.5,0.5,0.1
126,PTPN12+SNAI1,0.43799999356269836,0.08732352913802525,0.13002300219677482,0.034960497515533165,0.07781190664822893,0.12338611559246608,0.034960497484440835,0.5926010811639173,0.2233659499964099,0.5,0.5,0.1
126,FOXA1+KLF1,0.4480000138282776,0.1382184251755446,0.12773037778934637,0.032670785149955556,0.07103448276504676,0.0640026099703145,0.03267078512025361,0.30120289866182376,0.3273562439161641,0.5,0.5,0.1
126,IKZF3+MAPK1,0.42800000309944153,0.13188921624468966,0.13410085302802044,0.036264605509621295,0.1565980088357457,0.21524785687476705,0.036264605474205604,0.910011169691948,0.8869989343694493,0.5,0.5,0.1
126,CEBPB+MAPK1,0.23600000143051147,0.15606941572535507,0.12794025128536152,0.02884535244017311,0.15462896525266223,0.14077078722902017,0.02884535240987397,0.8841043168566836,0.8829491192667739,0.5,0.5,0.1
126,FOXA1+HOXB9,0.10999999940395355,0.057994948037657194,0.14093613644546915,0.03391283124280456,0.07275576539788368,0.06896454616184448,0.033912831213965676,0.6727911777497431,0.7314360702381403,0.5,0.5,0.1
126,KLF1+TGFBR2,0.20900000631809235,0.060038153859453075,0.12051670079639046,0.022361777534905026,0.04291094484265315,0.028726586017984494,0.02236177750841025,0.6104698143757618,0.6349932797045025,0.5,0.5,0.1
126,MAPK1+PRTG,0.5989999771118164,0.0678243174489159,0.13394049819391432,0.0243615321208884,0.04287957222319333,0.12863879496324537,0.024361532085162563,0.929517951413973,0.8387180196599688,0.5,0.5,0.1
126,SNAI1+ZBTB10,0.3889999985694885,0.18617507260915342,0.1429693131466583,0.1123805058188959,0.15970602671367432,0.1622067039457959,0.11238050578079699,0.42147506503886645,0.4098016917701766,0.5,0.5,0.1
126,CNN1+UBASH3B,0.6230000257492065,0.04709324021852206,0.1260406343852366,0.024290276379730164,0.03753808504364289,0.12010298949149119,0.02429027634979509,0.9258142971780452,0.8558921401775275,0.5,0.5,0.1
126,DLX2+SNAI1,0.36800000071525574,0.15310837443285522,0.1554095901027611,0.07577234872925882,0.11931733990284274,0.09915975938767559,0.07577234869823393,0.5001169128006033,0.6137650831711623,0.5,0.5,0.1
126,FOSB+OSR2,0.6060000061988831,0.10732477861573536,0.14307450861199766,0.040207792528419696,0.09683558363047158,0.07453047661046754,0.040207792498505146,0.2582514020763419,0.31110853940851646,0.5,0.5,0.1
126,ELMSAN1+MAP2K6,0.07900000363588333,0.06806486508949186,0.13689815432641816,0.018357050164806044,0.032024867206420476,0.029587838172035832,0.01835705013808979,0.6549972118833208,0.5608183803606793,0.5,0.5,0.1
127,ETS2+IKZF3,0.4359999895095825,0.30915301718339744,0.17180831473362676,0.02916823210924313,0.17898818582647075,0.11469312453353668,0.02916823208002785,0.25625933099833387,0.847970272003383,0.9,2.0,0.1
127,CEBPE+PTPN12,0.4620000123977661,0.08875068271882133,0.16086968618572844,0.022571131815333434,0.0627215456801774,0.2121555842859956,0.02257113178738001,0.9651728218800127,0.9513632661825187,0.9,2.0,0.1
127,CBL+PTPN12,0.0010000000474974513,0.06499976742626387,0.165727899531664,0.025071615981830928,0.08099562301909453,0.03617143025297474,0.025071615952858624,0.709953993949738,0.7736440187970003,0.9,2.0,0.1
127,SAMD1+UBASH3B,0.0,0.06298666388417813,0.16840599686349295,0.033381039026803366,0.04604909839186249,0.042055312469776826,0.033381038997715475,0.4883879814376816,0.5387251352965645,0.9,2.0,0.1
127,CEBPB+CEBPE,0.21799999475479126,0.1474875093396343,0.1643078973090358,0.07919249166065456,0.26470114718021615,0.15908950818182688,0.0791924916249348,0.811030407513226,0.9122624614118454,0.9,2.0,0.1
127,IKZF3+MAP2K6,0.04699999839067459,0.10387416331951976,0.17628658545551504,0.028483559425830016,0.04256759487199274,0.04892858057561162,0.028483559397375135,0.6165482169350531,0.6306361596373733,0.9,2.0,0.1
127,FOXA3+FOXL2,0.2759999930858612,0.07013148983850286,0.17115209174744603,0.06278320105052718,0.09750805022401339,0.09948923482865903,0.06278320101996106,0.5865014759491671,0.6551069215219079,0.9,2.0,0.1
127,PRTG+TGFBR2,0.16500000655651093,0.0817552500404059,0.168466009245491,0.03124744435425171,0.05933239393296236,0.04932860773800223,0.031247444325911457,0.34329173836785315,0.3500094125924256,0.9,2.0,0.1
127,PTPN9+UBASH3B,0.0,0.06833723390888574,0.17055384709787494,0.02515935823205591,0.03847499888618035,0.07529755833662322,0.025159358202604704,0.8250536986045119,0.7185184398411607,0.9,2.0,0.1
127,IGDCC3+PRTG,0.45399999618530273,0.24054666971950875,0.17206606448390158,0.07092207042941368,0.35811572698319144,0.2330989662084124,0.07092207039001022,0.21377522889534556,0.7786401190126655,0.9,2.0,0.1
127,FOXL2+POU3F2,0.09700000286102295,0.0821240733899459,0.17485591560452216,0.045993942689364756,0.06378511859028797,0.08840337799967646,0.0459939426599924,0.6762600395326435,0.5628861911279807,0.9,2.0,0.1
127,FOXL2+HOXB9,0.0,0.07004507909226677,0.1726921525610103,0.08050264088324825,0.09719803979162844,0.11744451597371881,0.08050264085084197,0.6123788934036271,0.5408501639804693,0.9,2.0,0.1
127,IGDCC3+ZBTB25,0.2549999952316284,0.08858875685729829,0.17338481748270207,0.05400855869758344,0.070892155357415,0.07701220319360233,0.05400855866651362,0.4261067174945181,0.30355143219107,0.9,2.0,0.1
127,FOSB+IKZF3,0.5220000147819519,0.2052525750962405,0.17574814954390916,0.040303484418684005,0.1717821131680587,0.2513324739501494,0.040303484386130066,0.6294510997196107,0.18060570769313994,0.9,2.0,0.1
127,CBL+UBASH3A,0.027000000700354576,0.062030284242101615,0.1719403592549534,0.10144642006140825,0.12624726570674646,0.12913175472856708,0.10144642002584807,0.6688652377423235,0.6616410206371192,0.9,2.0,0.1
127,BPGM+SAMD1,0.30000001192092896,0.07779700791532597,0.17805365637546464,0.03637541843798051,0.06540367364780035,0.06705257016295155,0.03637541840752056,0.5219770336393753,0.6266294892127554,0.9,2.0,0.1
127,BAK1+BCL2L11,0.33899998664855957,0.07240773617367277,0.17923967822372333,0.04236288664838843,0.054232072239949636,0.05381498683759312,0.042362886617642884,0.39408336066459293,0.3975413502136586,0.9,2.0,0.1
127,MAPK1+TGFBR2,0.5490000247955322,0.08885024343682307,0.1648006355260824,0.019063353650639707,0.03901665475943319,0.02603539596580819,0.0190633536233285,0.7323012713989394,0.7594213106557809,0.9,2.0,0.1
127,CEBPB+PTPN12,0.28999999165534973,0.10174591389956182,0.16439522651650731,0.03367885615061594,0.060924240995920066,0.2178470620799087,0.03367885612085181,0.9236536305322867,0.8222327819303541,0.9,2.0,0.1
127,UBASH3B+ZBTB25,0.0010000000474974513,0.06627434521650187,0.17033961705488945,0.02806906930077259,0.03800219392135802,0.07429268440489056,0.02806906927311826,0.7940003783945284,0.5848136667217673,0.9,2.0,0.1
127,FOXA1+KLF1,0.4480000138282776,0.1519520103293785,0.1655063385866704,0.03187054376335483,0.0790020816425404,0.05677663759767058,0.03187054373471646,0.19384475855503946,0.392867935537611,0.9,2.0,0.1
127,IKZF3+MAPK1,0.42800000309944153,0.3941637174032713,0.17347754478726302,0.043435100217949274,0.37282742660513596,0.2477851882405666,0.04343510018723776,0.5419903390963886,0.9121325485543444,0.9,2.0,0.1
127,FEV+MAP7D1,0.5609999895095825,0.21303606025838506,0.17750831061513003,0.04531703644525123,0.09332574792462692,0.0770421695849566,0.045317036415402044,0.7121228381565046,0.82570946941573,0.9,2.0,0.1
127,CEBPB+FOSB,0.6029999852180481,0.09918472813266867,0.1689876129824796,0.12463966056137156,0.16459226790169165,0.2099172437820208,0.12463966052452098,0.5016308858107111,0.24975902379359205,0.9,2.0,0.1
127,DUSP9+KLF1,0.7200000286102295,0.26006707207050606,0.16412748678228722,0.040259408814035134,0.07103475229143696,0.08028389383543448,0.04025940878251446,0.36029437675251924,0.2199382146206163,0.9,2.0,0.1
127,FOXF1+HOXB9,0.03400000184774399,0.06857105894065808,0.17577227418813893,0.04371716081488382,0.05289993008624735,0.05645036945729673,0.043717160787016124,0.6351079652014507,0.6321937034656684,0.9,2.0,0.1
128,CEBPB+LYL1,0.7369999885559082,0.11258869150338485,0.1371150331690745,0.058368299840210275,0.19319287468905286,0.1775090250820228,0.05836829980926278,0.5364774135365321,0.5983767689931917,0.5,4.0,0.3
128,CEBPA+CEBPE,0.5609999895095825,0.1319751281800156,0.12313625103858333,0.07500008815192949,0.15953884482209102,0.2803164892404534,0.07500008811737131,0.9491401605769977,0.9443773641028728,0.5,4.0,0.3
128,SAMD1+TGFBR2,0.0,0.0857737388035627,0.11878767735159357,0.09363707381319061,0.11569918939834704,0.11258549023669577,0.09363707378383813,0.34370964542939747,0.34584169174475937,0.5,4.0,0.3
128,CEBPE+FOSB,0.7870000004768372,0.09476806340215903,0.11848143194948735,0.06795912379213107,0.4557749679389848,0.4477217118365974,0.06795912376442455,0.040201507099775574,-0.015319580337612715,0.5,4.0,0.3
128,MAP2K6+SPI1,0.8230000138282776,0.13923848598087746,0.13694379206458687,0.04443226052507898,0.6965302920966255,0.8223555236974261,0.04443226049671875,-0.38436549542870135,-0.6540322060630059,0.5,4.0,0.3
128,SGK1+TBX3,0.28600001335144043,0.13086031933348208,0.15318478696545848,0.03694620754600306,0.08821138421182743,0.09687585705591649,0.03694620751983387,0.7541178257148726,0.7735113994871178,0.5,4.0,0.3
128,FOXL2+POU3F2,0.09700000286102295,0.10489060102143183,0.13394908291595603,0.044786092393756055,0.061273220946875324,0.06789363333200837,0.04478609236648942,0.6931459696887412,0.6624691028925906,0.5,4.0,0.3
128,CNN1+ETS2,0.30000001192092896,0.09069766607712164,0.12005062636262884,0.014300246838842338,0.05397192381832651,0.04086875940469961,0.014300246814006093,0.4218448772995885,0.5271658326954767,0.5,4.0,0.3
128,ETS2+MAPK1,0.7639999985694885,0.18205084369997213,0.12168849088636917,0.03834202096094208,0.24868447220793097,0.3389368381223927,0.03834202093479776,-0.06992411905355847,-0.05828238670738846,0.5,4.0,0.3
128,CEBPB+OSR2,0.1809999942779541,0.11744089243207634,0.127386704392132,0.05286899501801069,0.08654486710063869,0.12124330334144243,0.052868994990053,0.609404858030988,0.6043190303553497,0.5,4.0,0.3
128,CEBPE+ETS2,0.46000000834465027,0.11747888542639605,0.1157148452492431,0.029738791519333674,0.04429503593374669,0.05841829347798971,0.02973879149415801,0.9317703660609534,0.9314535305255879,0.5,4.0,0.3
128,BCL2L11+TGFBR2,0.07800000160932541,0.10232684853899865,0.1350890008783805,0.023637666868558185,0.039715868996516294,0.03477862786460308,0.023637666844029452,0.4795127143056148,0.47046860301970206,0.5,4.0,0.3
128,IGDCC3+MAPK1,0.46799999475479126,0.10671710154962326,0.12126796321411312,0.02578263728929192,0.043502582175280115,0.05990295562230442,0.025782637259799807,0.9296161982411805,0.9062980972427254,0.5,4.0,0.3
128,BAK1+KLF1,0.3089999854564667,0.10126361101367277,0.1297905543883372,0.022241806691328657,0.06486355640849746,0.06195192649899005,0.02224180666812095,0.13909562213905835,0.16323181317171678,0.5,4.0,0.3
128,CBFA2T3+FEV,0.7020000219345093,0.12411484581657663,0.137711272495386,0.11521204005943775,0.3709443678332175,0.4560389047754215,0.11521204002208645,0.8673561982634467,0.8457415978662437,0.5,4.0,0.3
128,FOXA1+KLF1,0.4480000138282776,0.10819358340979572,0.119015055893463,0.03147103827591529,0.05548804417524809,0.055068296762022184,0.03147103824945188,0.43629574415998007,0.4348401707592492,0.5,4.0,0.3
128,CEBPE+KLF1,0.75,0.11069005042965477,0.11559187069640763,0.02372948452938517,0.0770842512261517,0.12372314009232417,0.023729484502457668,0.967392245406596,0.96720030377152,0.5,4.0,0.3
128,CEBPA+KLF1,0.7269999980926514,0.148045800381257,0.12317604477586411,0.0679483930209062,0.10817845143741174,0.11946204911788312,0.06794839298923303,0.5837271113325124,0.5224275151003457,0.5,4.0,0.3
128,CEBPB+MAPK1,0.23600000143051147,0.15187882091861932,0.12007943815458565,0.0335126915686787,0.0941262824227587,0.06911512331237524,0.033512691541340026,0.9075439164745511,0.9177012858119323,0.5,4.0,0.3
128,MAPK1+PRTG,0.5989999771118164,0.11264755497317193,0.12353986725141056,0.024250893022444514,0.04426245011501318,0.0643245899365399,0.024250892990454593,0.9152736847185599,0.8781587335840069,0.5,4.0,0.3
128,PTPN12+ZBTB10,0.3779999911785126,0.12104131401129636,0.11769921968243194,0.05563714186453947,0.08091518598947395,0.09045795139942642,0.05563714183373739,0.6675498493650941,0.6182062195168337,0.5,4.0,0.3
128,ETS2+TGFBR2,0.12300000339746475,0.08636470608503344,0.11750557483364897,0.02395778342199142,0.048915232072042375,0.040219050988750435,0.02395778339797978,0.44422800868145307,0.5439020326725116,0.5,4.0,0.3
128,DUSP9+KLF1,0.7200000286102295,0.13311777513688167,0.11701733864137848,0.042543588956404456,0.07507479573915607,0.08150340893271167,0.042543588927875665,0.32482557145001534,0.28813191245612274,0.5,4.0,0.3
128,SNAI1+UBASH3B,0.2759999930858612,0.0871100916889968,0.1160631663384239,0.028053203761507765,0.06354596664160761,0.09763186319072696,0.02805320373553892,0.309757439377014,0.004441150131285364,0.5,4.0,0.3
128,CNN1+UBASH3B,0.6230000257492065,0.08371698924403,0.11700362448016942,0.024641639535261967,0.06797480284107489,0.11066961586977572,0.024641639509353074,0.9079574281171445,0.865798361603534,0.5,4.0,0.3
128,FOSB+OSR2,0.6060000061988831,0.11166879580647301,0.13058974925757588,0.04322979720599416,0.08956348713163906,0.11199885095066692,0.04322979717955017,0.28516850920075587,0.24274194750231556,0.5,4.0,0.3
129,CEBPB+LYL1,0.7369999885559082,0.0861943617715582,0.13616759100729306,0.05432772870077726,0.1293199520576604,0.15838072004279938,0.05432772866940614,0.7409066829939326,0.6704302349289777,0.75,1.0,0.1
129,CEBPA+CEBPE,0.5609999895095825,0.19683604016632308,0.12558648129265776,0.07109827528408874,0.3170166922581178,0.2937106248411445,0.07109827524977334,0.9413138275865571,0.9455039777726459,0.75,1.0,0.1
129,ETS2+IKZF3,0.4359999895095825,0.12447360094427956,0.11813319169208997,0.023750641368842418,0.046796036554771304,0.03872243869521707,0.02375064134152138,0.9045484158887936,0.8978143567832451,0.75,1.0,0.1
129,SAMD1+TGFBR2,0.0,0.05909126644648916,0.12098942171282298,0.09335831026102687,0.10604023964700053,0.11083038257468181,0.09335831023126025,0.39684981536836317,0.3514989352308309,0.75,1.0,0.1
129,CBL+TGFBR2,0.05900000035762787,0.04954794379600072,0.11845751452726884,0.036494010922883874,0.06721041678346358,0.050312385069785845,0.036494010896149474,0.7687196921261631,0.7749918792425896,0.75,1.0,0.1
129,ELMSAN1+MAP2K3,0.33799999952316284,0.0755141086326695,0.13432069799510282,0.02395697473137344,0.03671484375394398,0.03772020123482913,0.02395697470418609,0.6973355551785496,0.6607458784080836,0.75,1.0,0.1
129,MAP2K6+SPI1,0.8230000138282776,0.19185397692423062,0.13913745648911868,0.04331014766217256,0.31849365099926186,0.8019331989876782,0.04331014763323925,0.845406638630751,-0.6308212011370303,0.75,1.0,0.1
129,IGDCC3+PRTG,0.45399999618530273,0.1909363147855264,0.12675852668029672,0.07004640226145226,0.2950291386894902,0.17491738067430135,0.07004640222548551,0.5498781697751634,0.8153277997414535,0.75,1.0,0.1
129,FOXF1+FOXL2,0.34700000286102295,0.05149469013012097,0.12949400663569663,0.04536135789945536,0.14086945884912938,0.11487654459440151,0.04536135787279796,0.35516345150224826,0.5056205691807341,0.75,1.0,0.1
129,CEBPE+CNN1,0.4620000123977661,0.0887169256254186,0.1171755125489776,0.03571070107036839,0.06927914179778236,0.1290279639146963,0.035710701042702096,0.9114785547373797,0.8809778521645958,0.75,1.0,0.1
129,CDKN1A+CDKN1B,0.0,0.1071438616872085,0.16351468881764913,0.06794728622149183,0.1105947580411356,0.10529924525100876,0.06794728619521873,0.6015888034313399,0.6505382406063595,0.75,1.0,0.1
129,CNN1+UBASH3A,0.7139999866485596,0.05231004425515243,0.1334702745659862,0.05162749386500959,0.30043926947227606,0.3627919176767281,0.051627493832261395,0.7571193783966148,0.7330033978178345,0.75,1.0,0.1
129,BAK1+BCL2L11,0.33899998664855957,0.06343062280155809,0.1481806200472486,0.04387006864009247,0.05422966575455572,0.05131831854929897,0.04387006861285371,0.4066527506416535,0.40096197004193973,0.75,1.0,0.1
129,DUSP9+MAPK1,0.7250000238418579,0.13416829353931045,0.11859539234768271,0.03714914316837059,0.26414796346066954,0.4266172850199738,0.03714914313373694,0.8926782204832754,0.760489833642092,0.75,1.0,0.1
129,TBX2+TBX3,0.37400001287460327,0.11980199550881913,0.16149598895570286,0.029574665137426785,0.07183512430456752,0.03992429955617555,0.029574665111534684,0.20952060930212335,0.6563242616965578,0.75,1.0,0.1
129,UBASH3B+ZBTB25,0.0010000000474974513,0.045515834014324616,0.12146206904491773,0.027267169947366873,0.03427598247166972,0.04144372647840297,0.02726716992198128,0.8102987418770465,0.7793031307849516,0.75,1.0,0.1
129,PTPN12+SNAI1,0.43799999356269836,0.10726362990448217,0.12036667654181081,0.04017618417395229,0.13818568704369688,0.15596996582239542,0.04017618414776888,0.16328112280778245,0.03981851186304287,0.75,1.0,0.1
129,FOXA1+KLF1,0.4480000138282776,0.14499936314704567,0.12155255102571372,0.034087336805648676,0.0778302732359699,0.06064976476410396,0.03408733677879489,0.20573542148802473,0.34357406449292394,0.75,1.0,0.1
129,CEBPA+KLF1,0.7269999980926514,0.21825972270546112,0.12655232031758168,0.06517608525912368,0.13424322240295203,0.14020722156575047,0.06517608522383747,0.5177622727932203,0.49630555642174523,0.75,1.0,0.1
129,FOXA1+FOXF1,0.09600000083446503,0.0568869134384775,0.13783476285484805,0.03746816045153217,0.0722914413406541,0.07461078684217035,0.037468160425603324,0.5775388660941692,0.5661546733554852,0.75,1.0,0.1
129,PTPN12+UBASH3A,0.5049999952316284,0.04676488870093533,0.12493939979269483,0.030771995692984028,0.18106101231630317,0.23346733135399594,0.030771995662562432,0.3394283789570053,0.009985787307827686,0.75,1.0,0.1
129,KLF1+TGFBR2,0.20900000631809235,0.059124989511103,0.11502035144562578,0.021814062816747897,0.03173701610526663,0.03202135907806917,0.02181406279244935,0.603556964108607,0.5403723751921474,0.75,1.0,0.1
129,MAPK1+PRTG,0.5989999771118164,0.07068692813383774,0.1238009535833653,0.022662675173903274,0.03478328799041231,0.0795839685178833,0.022662675142512034,0.9399332230640899,0.9208012244897394,0.75,1.0,0.1
129,PTPN12+ZBTB10,0.3779999911785126,0.20501404953590804,0.12063523974483534,0.05627784821525475,0.08259821075397247,0.08637339501538488,0.056277848183338,0.6692342114975446,0.6405641077941546,0.75,1.0,0.1
129,CEBPA+ZC3HAV1,0.46000000834465027,0.16684060998089917,0.14090323503318375,0.09797705281294902,0.24674673781942413,0.1911688033264566,0.09797705278433652,0.5300391533807001,0.5225451657835773,0.75,1.0,0.1
129,SNAI1+UBASH3B,0.2759999930858612,0.08504683824547125,0.12137337747874476,0.03311493753408128,0.059861930824091504,0.14085093229316495,0.03311493750937008,0.35950263545731964,-0.15248367395627105,0.75,1.0,0.1
